,Sun_Lon,Sun_Speed,Sun_Retro,Moon_Lon,Moon_Speed,Moon_Retro,Moon_Decl,Mercury_Lon,Mercury_Speed,Mercury_Retro,Venus_Lon,Venus_Speed,Venus_Retro,Mars_Lon,Mars_Speed,Mars_Retro,Mars_Decl,Jupiter_Lon,Jupiter_Speed,Jupiter_Retro,Saturn_Lon,Saturn_Speed,Saturn_Retro,Uranus_Lon,Uranus_Speed,Uranus_Retro,Neptune_Lon,Neptune_Speed,Neptune_Retro,Pluto_Lon,Pluto_Speed,Pluto_Retro,True_Node_Lon,True_Node_Speed,True_Node_Retro,Mahadasha,Antardasha,Sovereign_Malefic_Index,Astro_Weather_Status,Global_Stability_Index,Havoc_Velocity,Havoc_Alert_Level,OOB_Count,Bradley_Score,Gann_Price_Deg,is_gann_collision,Saturn_Neptune_Angle,Jupiter_Helio_Speed,Saturn_Helio_Speed,Mars_Helio_Speed,Mars_OOB_Intensity,VIX_Stress_Ratio,Yield_Curve_Inverted,is_hard_aspect,is_applying,aspect_intensity,retrograde_count,Crash_Probability
2026-01-01,281.07802017401497,1.0188639956608925,0,74.22540531320516,15.044375267030503,0,27.52397548581357,269.4150685879441,1.528374892033559,0,279.835640015534,1.2582897818171803,0,283.07142437907163,0.766697600753464,0,-23.68599211104804,111.29228053630383,-0.13099456084398742,1,356.19662248500646,0.059104505949067125,0,57.935630029051154,-0.027100713389760587,1,359.51305059056756,0.012726228654504979,0,302.7336154878478,0.030229423741193855,0,340.88003350348475,-0.14996481838050255,1,Rahu,Jupiter,3.5,CLEAR,797.7126752819133,-5.551179987526098,1,0,70.0,327.7922061357856,0,3.3164281055611013,-0.11789510475958868,0.05319405535416041,0.8433673608288105,0.24599211104803942,1.0,0,1,1,6.683571894438899,2,0.010642872
2026-01-08,288.2100048589986,1.0188851307030995,0,173.60724715385842,12.778682364960304,0,1.4515936766994655,280.26177321810184,1.5716885496531674,0,288.6424032132168,1.257937021090035,0,288.454168277832,0.7711883500295936,0,-23.09398909485121,110.35924127013435,-0.13481626356802046,1,356.6469756101388,0.06944076176141277,0,57.76270809643552,-0.02223463312508472,1,359.61531370776555,0.016453269061812225,0,302.94868152545257,0.031147592704810996,0,340.29353602107955,0.018557233837979283,0,Rahu,Jupiter,3.5,CLEAR,791.8737039513207,-5.838971330592585,1,0,-10.0,327.7922061357856,0,2.96833809762677,-0.12133463721121841,0.062496685585271494,0.8483071850325531,0.0,1.0,0,1,1,7.03166190237323,2,0.010553785
2026-01-15,295.34233139937675,1.0188077725050784,0,258.07089885999767,11.973337113845796,0,-27.956382206673926,291.44177977673604,1.6245464805359981,0,297.44702350493,1.2576267839105506,0,293.86792183712953,0.7755088200271133,0,-22.288617666465495,109.41685688142275,-0.13357716474440542,1,357.1676295520186,0.07919699293466623,0,57.62597679592149,-0.01674677343664027,1,359.74348717954393,0.020142527992055848,0,303.1693294210298,0.03183951118663302,0,339.95446067437985,-0.14443278874312765,1,Rahu,Jupiter,3.5,CLEAR,785.9068043293777,-5.966899621943071,1,0,-74.0,327.7922061357856,0,2.5758576275253517,-0.12021944826996489,0.07127729364119961,0.8530597020298247,0.0,1.0,0,1,1,7.424142372474648,2,0.010090692
2026-01-22,302.4705986973596,1.0176127220724385,0,345.89730610775314,13.200130750652818,0,-5.014643283999662,303.0309864626028,1.688027972413269,0,306.2476411940469,1.2567064975655236,0,299.3091673448716,0.7789717620526085,0,-21.278129114676428,108.50075570803432,-0.12734733555052896,1,357.75341249043146,0.08799525577717271,0,57.528838545027696,-0.01097166668824282,1,359.89641046218094,0.02348428081845805,0,303.3931598753699,0.032020785303395756,0,339.3478678079217,0.011388380875327696,0,Rahu,Jupiter,3.5,CLEAR,779.98123543985,-5.9255688895276535,1,0,174.0,327.7922061357856,0,2.1429979717494803,-0.11461260199547607,0.07919573019945544,0.8568689382578695,0.0,1.0,0,1,1,7.85700202825052,2,0.009725491
2026-01-29,309.5868781783922,1.0155341790351295,0,83.60404946374621,14.572713026977954,0,28.32113926730889,315.0753304548514,1.7509883919177438,0,315.03993176580997,1.2553337090674435,0,304.7721573853709,0.7818077102180704,0,-20.073850829973754,107.64541183923869,-0.11630915992755346,1,358.3976757176348,0.09593096122615552,0,57.47334683464566,-0.004840841132134928,1,0.07196733495563352,0.02663855287111387,0,303.61719845939695,0.03194692076814058,0,339.29215351629233,-0.06613628971719607,1,Rahu,Jupiter,3.5,CLEAR,774.2641957533888,-5.7170396864612485,1,0,150.0,327.7922061357856,0,1.6742916173208187,-0.10467824393479812,0.08633786510353997,0.8599884812398775,0.0,1.0,0,1,1,8.325708382679181,2,0.009701475
2026-02-05,316.68787496128806,1.0133990048454675,0,181.31557086515403,12.829262269641122,0,-2.351236115780094,327.4440431851727,1.768009675395409,0,323.82172231898767,1.253782308243519,0,310.2532323804433,0.7841830656519845,0,-18.689655597484013,106.88055674650568,-0.10165405044682933,1,359.09363405585185,0.10277099453959516,0,57.460642037145554,0.00122294211874519,0,0.26797674415257045,0.029313224287790863,0,303.8389496567731,0.03135467902077763,0,339.05655293847826,0.025556375565758974,0,Rahu,Jupiter,3.5,CLEAR,768.9004443215177,-5.363751431871037,1,0,230.0,327.7922061357856,0,1.174342688300726,-0.0914886454021464,0.09249389508563564,0.862601372217183,0.0,1.0,0,1,1,8.825657311699274,1,0.009794077
2026-02-12,323.7751375125672,1.0114691228839547,0,266.11953956562394,12.009569939538862,0,-28.406515361713453,339.42141904555154,1.605958248124051,0,332.5933390973025,1.2523494064558531,0,315.75028530601924,0.7862985764372248,0,-17.14026131064809,106.23013563079634,-0.08369561849950388,1,359.8349208400742,0.10887302724782917,0,57.49105480256152,0.0074674615843252495,0,0.482071489865209,0.03179757338283621,0,304.0558119456128,0.030543617292843626,0,339.079888804437,-0.03741611866713902,1,Rahu,Jupiter,3.5,CLEAR,764.0095626657087,-4.890881655809039,1,0,150.0,327.7922061357856,0,0.6471506497910582,-0.0753260566495535,0.09798572452304626,0.8649284340809473,0.0,1.0,0,1,1,9.352849350208942,1,0.009624262
2026-02-19,330.846405192155,1.0087042610444814,0,355.6419105424888,13.637533117015106,0,-0.336578915475383,348.9321910687258,1.021952682522268,0,341.3531443878274,1.250326048088062,0,321.2592094593952,0.7875123639754352,0,-15.442887073541845,105.71444499224212,-0.06329102343971446,1,0.6152507259121487,0.11389971591316897,0,57.56471535374035,0.013551290916797881,0,0.7118939667684797,0.033789082501562484,0,304.2653165192957,0.02924318728794229,0,338.9450889976407,0.007291263522441399,0,Rahu,Jupiter,3.5,CLEAR,759.6954431474421,-4.31411951826658,1,0,310.0,327.7922061357856,0,0.09664324085633103,-0.056961921095743016,0.10250974432185207,0.8662636003729788,0.0,1.0,0,1,1,9.90335675914367,1,0.010080947
2026-02-26,337.89503635646076,1.0050801130548415,0,94.02404491216787,14.163018927283616,0,28.16234135484359,352.5614639597495,-0.03548609154742195,1,350.0965758838981,1.247689935826201,0,326.77382987419475,0.7879737349782984,0,-13.616456306701807,105.34840055260543,-0.04111976058642519,1,1.427564781448046,0.11801539730344388,0,57.680834556183754,0.019579689133409992,0,0.9546276191032026,0.0354898262506451,0,304.46488828619886,0.027721520219027136,0,338.9797015234606,0.0028183174050668437,0,Rahu,Jupiter,3.5,CLEAR,756.9864629397873,-2.708980207654804,1,0,370.0,327.7922061357856,0,0.4729371623448435,-0.037007784527782674,0.1062138575730995,0.8667711084761283,0.0,1.0,0,1,1,9.527062837655157,1,0.010061935
2026-03-05,344.91724993695743,1.001378092092374,0,189.12768733835767,12.73460960535732,0,-6.058784163871652,348.7879250074232,-0.9258153748979467,1,358.8196941555334,1.2446594290385866,0,332.28935736240925,0.7878661026326851,0,-11.680434886261894,105.13955664664068,-0.01848513391657493,1,2.2646776974980347,0.12103094470809661,0,57.83758355406913,0.02517453368220183,0,1.2072305190303996,0.03663461599181156,0,304.6521617039235,0.025755544544524143,0,338.9700743340557,-0.010825978624212852,1,Rahu,Jupiter,3.5,CLEAR,755.2102858409461,-1.7761770988412309,0,0,-110.0,327.7922061357856,0,1.0574471784676351,-0.016636620524917437,0.10892785023728695,0.8666527128959537,0.0,1.0,0,1,1,8.942552821532365,1,0.010126649
2026-03-12,351.9157720083593,0.9982023129348018,0,273.93481150218383,12.004407891729917,0,-28.155855965522168,342.0400028636969,-0.8301716018521185,1,7.522380625870139,1.2417968522250946,0,337.8035228327233,0.7875050548476523,0,-9.653215180357325,105.09036637807527,0.0044171317874795194,0,3.120415741077489,0.12330684312996441,0,58.03303628424122,0.03060790416309949,0,1.4670384519181856,0.03751911076880896,0,304.8252388193547,0.023637136817805562,0,338.8900817771436,0.006916526177546714,0,Rahu,Jupiter,3.5,CLEAR,754.1925058995282,-1.0177799414178708,0,0,-170.0,327.7922061357856,0,1.6533772891593035,0.003975418608731567,0.11097615881696797,0.8662555603324176,0.0,1.0,0,1,1,8.346622710840697,0,0.011560715
2026-03-19,358.89108430724735,0.9946261813230348,0,4.652483726176886,14.090432635672613,0,3.9406730149174134,338.57745414809574,-0.13285104541900566,1,16.203823209352105,1.2385266855432124,0,343.3123439836755,0.7862900505071608,0,-7.554241196631494,105.20051976940907,0.026984069750258143,0,3.9884275004627177,0.12453402100655121,0,58.26492446359184,0.03558274376943266,0,1.7311591048832486,0.037874604454851364,0,304.9820477837432,0.02112100372870903,0,338.9560305309893,-0.03195432352644031,1,Rahu,Jupiter,3.5,CLEAR,753.9414186600807,-0.25108723944754274,0,0,170.0,327.7922061357856,0,2.257268395579469,0.02428566277523233,0.11208061890589609,0.864919055557877,0.0,1.0,0,1,1,7.7427316044205305,0,0.009545802
2026-03-26,5.838900549805964,0.9903300830751072,0,104.91096019781422,13.953182252470608,0,26.80273966955897,339.9627688287427,0.4943183416562458,0,24.860439200529097,1.234638653373378,0,348.8098645228037,0.7842784957099667,0,-5.4036916461582125,105.46688641739499,0.04891004854167734,0,4.861981555704559,0.12486637682888063,0,58.530659143670164,0.040233466262536974,0,1.9965985813750853,0.03790020054487871,0,305.12087451869695,0.0184852095294519,0,338.7124399303874,0.014682386148088656,0,Rahu,Jupiter,3.5,CLEAR,754.4521687193823,0.5107500593015857,0,0,270.0,327.7922061357856,0,2.8653829743294734,0.044019043687509606,0.11237973914599257,0.8627063452809633,0.0,1.0,0,1,1,7.134617025670527,0,0.009996894
2026-04-02,12.75552808610971,0.9859878209876886,0,197.4812737289301,12.519928410527656,0,-9.866666819683644,345.02442924553964,0.9232484410646056,0,33.48739574650725,1.2302335323241993,0,354.2907951879502,0.7816924722457699,0,-3.2212544830926757,105.8817628449065,0.06943397431675162,0,5.73413916185315,0.12420206246927146,0,58.8265603193682,0.04426042655450882,0,2.260211878268721,0.03738585783632571,0,305.2399643756369,0.015544431680762218,0,338.67070350025097,-0.08371402442884077,1,Rahu,Jupiter,3.5,CLEAR,755.6998907592775,1.2477220398952795,0,0,60.0,327.7922061357856,0,3.4739272835844295,0.06249057688507646,0.11178185622234431,0.859861719470347,0.0,1.0,0,1,1,6.5260727164155705,0,0.009220603
2026-04-09,19.64475544233151,0.9824292268514693,0,281.8864373690246,11.97314630496417,0,-27.184890772124874,352.5802572359631,1.219549696926759,0,42.084325282594584,1.2260274716044706,0,359.7532634372632,0.778923826860876,0,-1.0246026330748836,106.43632944702173,0.08878750264291776,0,6.599251145848599,0.1228141347895034,0,59.14957632153192,0.0479342452954231,0,2.5194795745925687,0.036608501689808226,0,305.3384917540674,0.012562858127014753,0,338.06468807384545,-0.025175105056116604,1,Rahu,Jupiter,3.5,CLEAR,757.651544265696,1.9516535064184382,0,0,-90.0,327.7922061357856,0,4.07977157125603,0.07990875237862599,0.11053272131055306,0.8568162095469637,0.0,1.0,0,1,1,5.92022842874397,0,0.008171987
2026-04-16,26.50966881535653,0.9789440218928703,0,12.998480106481756,14.400918549501467,0,7.840052185192481,1.9410891000672725,1.4477447769856189,0,50.65130841728208,1.2216449014374584,0,5.1940304338797665,0.7754606986273599,0,1.1682224307960543,107.12151831506527,0.1067773360322506,0,7.45113822292677,0.12043870319608749,0,59.49617022069901,0.05101968777685097,0,2.771477140824063,0.03533615699165546,0,305.4151771832098,0.009339305534477387,0,338.03405503557394,-0.08445445129233502,1,Rahu,Jupiter,4.5,OVERCAST (CAUTION),760.2747506871717,2.623206421475743,0,0,-250.0,327.7922061357856,0,4.679661082102706,0.09609960242902554,0.10839483287647875,0.8530067684900959,0.0,1.0,0,1,1,5.320338917897294,0,0.06670118
2026-04-23,33.34882193068998,0.9749448766888654,0,115.55157699992986,13.959191949243566,0,24.379092465927293,12.79000823131178,1.6501871713470333,0,59.186167563578095,1.2166846483989324,0,10.608080651010882,0.7712409632821856,0,3.3387142386240107,107.92830220660761,0.12341390910456844,0,8.28362157501061,0.1172146301817494,0,59.863010233426685,0.05364780914186095,0,3.0137162153069705,0.03376623772104867,0,305.46951361908316,0.0061342313446379314,0,337.3419610339072,-0.016043576496584746,1,Rahu,Jupiter,3.0,CLEAR,763.5337423863373,3.2589916991655627,0,0,-250.0,327.7922061357856,0,5.269905359703639,0.1110725181941116,0.10549316716357446,0.8483650596104042,0.0,1.0,0,1,1,4.730094640296361,0,0.04435702
2026-04-30,40.158817756127995,0.9709216074344696,0,206.4084997745339,12.279530323147712,0,-13.760676080181689,25.04320785263685,1.8516295905347875,0,67.68307833556308,1.2109992200142556,0,15.99020843501212,0.7665238852166711,0,5.469061054107441,108.84511911126782,0.13831333668775642,0,9.089873330576495,0.11305345648636508,0,60.245573877679035,0.05560574334728776,0,3.2430680641954557,0.03174900343223053,0,305.50070455917813,0.0028180385213045756,0,337.0904333808963,-0.1540846750492723,1,Rahu,Jupiter,2.0,CLEAR,767.382669835326,3.848927448988775,0,0,-235.0,327.7922061357856,0,5.84680526638104,0.12448200301898078,0.10174811083772858,0.8431762737383384,0.0,1.0,0,1,1,4.15319473361896,0,0.046940424
2026-05-07,46.94405102558311,0.9678301174272946,0,290.26247639600786,11.956021571683532,0,-25.48271331399118,38.71019293402119,2.0498243023718303,0,76.1402619915318,1.20531560521336,0,21.339342295830757,0.7617369512614723,0,7.543757595106013,109.86161136412686,0.15186831354215874,0,9.864817840598317,0.10820121609572998,0,60.64052412713788,0.05712730771265758,0,3.4577234638504235,0.029504694154630817,0,305.5092441409837,-0.0003993459539244003,1,335.91645546205297,-0.07894058790259449,1,Rahu,Jupiter,2.0,CLEAR,771.7750702191477,4.3924003838216095,0,0,75.0,327.7922061357856,0,6.407094376747893,0.13668148218794288,0.09738109448615699,0.8379106463876197,0.0,1.0,0,1,1,3.592905623252107,1,0.049037367
2026-05-14,53.70956404724899,0.9652281443119284,0,21.158232912956148,14.48471310131781,0,11.575546657623924,53.58764643818992,2.1798814538966114,0,84.55705407948574,1.1994621182085108,0,26.65337117770933,0.7564812005164638,0,9.54727248500571,110.96805092917218,0.1640731526634687,0,10.602452333378261,0.10242645534915779,0,61.04386027893787,0.05804500536782549,0,3.65512710949803,0.026867414832791914,0,305.4949186289758,-0.0036601684011331763,1,335.70067488214096,-0.11428981046323712,1,Rahu,Jupiter,2.0,CLEAR,776.6699955396653,4.894925320517586,0,0,150.0,327.7922061357856,0,6.947325223880231,0.14766583739712183,0.09218380981424201,0.8321293205681103,0.0,1.0,0,1,1,3.052674776119769,1,0.049037367
2026-05-21,60.456674893584264,0.9623480575421519,0,125.44454896021254,14.10956693872726,0,21.296517677837965,68.77875233331861,2.1230293342397566,0,92.93128075729923,1.192895336338733,0,31.928636100627795,0.7505593530671056,0,11.463834614740263,112.15588103073651,0.17500008615196044,0,11.297034522405788,0.09582170223263199,0,61.45224472702135,0.05855091424531336,0,3.8335244900277523,0.023997301744519597,0,305.45861173563515,-0.006747737206712472,1,334.720609252665,-0.0399473945102205,1,Rahu,Jupiter,2.0,CLEAR,782.0265176543926,5.3565221147273405,0,0,210.0,327.7922061357856,0,7.463510032378036,0.1575000775367644,0.08623953200936879,0.8256152883738163,0.0,1.0,0,1,1,2.5364899676219643,1,0.050184123
2026-05-28,67.18232735334456,0.9594175798386501,0,215.61846803274014,12.094829708983537,0,-17.527132455108003,82.85561386685289,1.8766592300052203,0,101.25459826329859,1.185091284667348,0,37.16032296426687,0.744243962267979,0,13.278465268536062,113.41450380166047,0.18442970751726193,0,11.94201193172505,0.0883838370342464,0,61.860595625954666,0.05822300088784192,0,3.990376819839466,0.020827253894831744,0,305.40069029732683,-0.009726262526182234,1,334.36017943164165,-0.1713910322431002,1,Rahu,Jupiter,2.0,CLEAR,787.795691629565,5.769173975172407,0,0,250.0,327.7922061357856,0,7.951635111885584,0.16598673676553574,0.07954545333082176,0.8186683584947769,0.0,1.0,0,1,1,2.048364888114416,1,0.047305804
2026-06-04,73.8908585525174,0.9574455265707479,0,299.1197543611694,11.997181378471307,0,-23.080765488936198,94.87850441377391,1.5526518337135289,0,109.52116856499669,1.176670580030727,0,42.348187029020586,0.7379662033208348,0,14.97868538544079,114.73525612653091,0.1927189018180483,0,12.532888612067868,0.08028794341990914,0,62.2661116037256,0.05752726473657461,0,4.124775335778577,0.01751196917274687,0,305.32301341860904,-0.01246282603480562,1,333.0239252418508,-0.09087487466882697,1,Rahu,Jupiter,2.0,CLEAR,793.9316433675815,6.135951738016502,0,0,350.0,327.7922061357856,0,8.408113276289292,0.17344701163624346,0.07225914907791822,0.8117628236529184,0.0,1.0,0,0,1,1.591886723710708,1,0.04774217
2026-06-11,80.58844053490095,0.9562731135491934,0,29.71899071551378,14.37764080647238,0,15.324243380173428,104.53362164113184,1.200995636952983,0,117.72657844657266,1.1676578969357119,0,47.49124484837568,0.7314448564188503,0,16.552466292635483,116.10999610663895,0.19992899455882657,0,13.064079417962565,0.07138131300048685,0,62.66460662404908,0.05627408731600198,0,4.2349242155851226,0.013962809447898464,0,305.2265170532612,-0.015034171286664521,1,332.80642665581246,-0.09574790006223308,1,Rahu,Jupiter,2.0,CLEAR,800.3932810304387,6.4616376628572425,0,0,350.0,327.7922061357856,0,8.829155202377443,0.17993609510294392,0.06424318170043816,0.8045893420607354,0.0,1.0,0,0,1,1.170844797622557,1,0.041069098
2026-06-18,87.27868252259269,0.9550543070129899,0,134.45391943904423,14.280415410249418,0,17.953907590232117,111.58307239714648,0.8019376202719466,0,125.86583267857965,1.157441450911827,0,52.58713056060023,0.7243410162053515,0,17.988183236923277,117.53193036389051,0.20606489420106328,0,13.53059663817629,0.06172156144121029,0,63.052870949090796,0.05449558805709382,0,4.320108654311921,0.010288172302252948,0,305.1134172807838,-0.017292895349073,1,331.92350709102897,-0.03409325832083656,1,Rahu,Jupiter,2.0,CLEAR,807.1395769219846,6.746295891545856,0,0,254.0,327.7922061357856,0,9.210487983864368,0.18545840478095696,0.055549405297089266,0.7967751178258867,0.0,1.0,0,0,1,0.7895120161356317,1,0.040135395
2026-06-25,93.95891757609907,0.9537108602691269,0,224.7333315286487,11.997270887704909,0,-20.892712919238143,115.56987746599191,0.3228261852071672,0,133.92547268265412,1.145006237101226,0,57.63135072086815,0.7169091288260375,0,19.275507188655123,118.99209991936722,0.21098861530533197,0,13.926793345417208,0.051434166126015965,0,63.42631234091658,0.052164144246004775,0,4.378791793335784,0.006515124861516174,0,304.98520775582483,-0.019237825674502794,1,331.7140316500262,-0.12152631475138322,1,Rahu,Jupiter,2.0,CLEAR,814.1226097493311,6.983032827346506,0,0,-130.0,327.7922061357856,0,9.548001552081423,0.18988975377479878,0.04629074951341437,0.7886000417086413,0.0,1.0,0,0,1,0.4519984479185766,1,0.038873494
2026-07-02,100.63270650744244,0.9532311743531353,0,308.2854957046782,12.126876540008622,0,-20.084818934376347,115.9658026212389,-0.2089875236978142,1,141.89149536578608,1.1306730949333417,0,62.62406942579801,0.7095628156408929,0,20.406947899852803,120.48351426356179,0.21495133379448175,0,14.249493501692207,0.040650946265630095,0,63.78208220278721,0.04937767082807957,0,4.411252507304539,0.002725606814480045,0,304.8448738899229,-0.020831556031363815,1,330.74100190487343,-0.05761762547990353,1,Rahu,Jupiter,2.0,CLEAR,821.2962208855208,7.17361113618972,0,0,-90.0,327.7922061357856,0,9.838240994387668,0.19345620041503359,0.03658585163906709,0.7805190972049822,0.0,1.0,0,0,1,0.16175900561233192,1,0.034754872
2026-07-09,107.30652127511351,0.9537446349747167,0,39.075158342125754,14.195682943270876,0,19.058493128233554,112.95660780514386,-0.6008100903647235,1,149.7507402397817,1.1145573768804238,0,67.56503755410989,0.702134383994882,0,21.376171682530416,121.99938361637788,0.21805268581337856,0,14.494633703334005,0.02934438089104584,0,64.11645754734289,0.0461197156099864,0,4.416853585492048,-0.001083592052365748,1,304.69429751845655,-0.022087757744901074,1,330.70491536982667,-0.04699707570795345,1,Rahu,Jupiter,2.0,CLEAR,828.619552315387,7.32333142986613,0,0,-160.0,327.7922061357856,0,10.077780117841957,0.1962474172320407,0.02640994280194126,0.7723478223943703,0.0,1.0,0,0,1,0.0,2,0.014895998
2026-07-16,113.98557422048667,0.9544033120937353,0,142.81351924064563,14.339787480377824,0,14.543184365875168,108.60822184531042,-0.5525481112881567,1,157.48960152657543,1.095879187768669,0,72.45264297970294,0.6941377037469436,0,22.178238811904556,123.5340838251808,0.2201841213576388,0,14.65928920717127,0.017578064242143622,0,64.42665122840636,0.04235734934621551,0,4.396213552402338,-0.004866209791885964,1,304.5366371546247,-0.02295151466604603,1,330.2059876419049,-0.011991474888899968,1,Rahu,Jupiter,2.0,CLEAR,836.0506620342323,7.431109718845391,0,0,-220.0,327.7922061357856,0,10.263075654768933,0.1981657092218749,0.01582025781792926,0.763551474121638,0.0,1.0,0,0,1,0.0,2,0.01389634
2026-07-23,120.66764186903772,0.9548398927119628,0,233.47172246771518,11.974433064612029,0,-23.64383731306768,106.32635002125657,-0.04285860843971027,1,165.08269763694264,1.072809595946722,0,77.28226515856004,0.6857847553793973,0,22.81029192640722,125.07961264089022,0.2212716248504805,0,14.740515481249302,0.005661388140991906,0,64.70859109628299,0.03817015726808352,0,4.349203394543522,-0.008498289816587611,1,304.3741521716947,-0.023362947974718728,1,330.22753210895377,-0.048542100872764206,1,Rahu,Jupiter,2.0,CLEAR,842.1296963418699,6.079034307637585,0,0,-180.0,327.7922061357856,0,10.391312086705781,0.19914446236543246,0.005095249326892716,0.7543632309173371,0.0,1.0,0,0,1,0.0,2,0.013881881
2026-07-30,127.35486948731709,0.955926359089855,0,317.44786116684435,12.344220332182964,0,-16.676476047724634,108.42949701868724,0.652073189750518,0,172.49723165105183,1.0447350144378817,0,82.05366612918928,0.6774540340659133,0,23.272445829220878,126.62954032655973,0.22147932923915248,0,14.738453666572328,-0.006271602538661598,1,64.9600623463694,0.03358962351139224,0,4.2775396680229205,-0.011975440764067426,1,304.2103874628328,-0.023390874841890136,1,329.82750997712714,-0.017762199377812586,1,Rahu,Jupiter,2.0,CLEAR,846.2033510841468,4.073654742276858,0,0,-180.0,327.7922061357856,0,10.460913998549408,0.19933139631523725,-0.0056444422847954385,0.7451994374725047,0.0,1.0,0,0,1,0.0,3,0.012771646
2026-08-06,134.05320846369946,0.958083036450902,0,49.29543095433411,14.0646005046057,0,22.52229242070759,115.38158296244943,1.3179475502259779,0,179.69634202523352,1.0112176070951873,0,86.7665845490787,0.6690862870253386,0,23.56633173904154,128.17789010676051,0.22083055563426848,0,14.65298212272018,-0.018079944054871722,1,65.17809189813677,0.028688686221623235,0,4.18207248056675,-0.015220140497835955,1,304.047649584491,-0.022993751212362426,1,329.90437636447723,-0.007920089958874967,1,Rahu,Jupiter,2.0,CLEAR,850.2525198796791,4.049168795532296,0,0,-84.0,327.7922061357856,0,10.47090964215343,0.19874750007084163,-0.01627194964938455,0.7359949157278725,0.1263317390415395,1.0,0,0,1,0.0,3,0.012835634
2026-08-13,140.76871518153413,0.9605093565699184,0,151.0055919155791,14.204389376839822,0,11.011131066937695,126.48308280945518,1.8119491678763893,0,186.63764011063745,0.9704384662335139,0,91.41921457609813,0.6600336864858835,0,23.695581479720826,129.7188570519235,0.21920389440431184,0,14.485833656460539,-0.029655401352055032,1,65.36071531476554,0.02337421336464568,0,4.064914231330271,-0.018259809590637156,1,303.8893330249104,-0.022222842641936972,1,329.7863383994539,0.000508939043521493,0,Rahu,Jupiter,2.0,CLEAR,854.2506502208967,3.998130341217575,0,0,-187.0,327.7922061357856,0,10.420919425130268,0.19728350496388067,-0.02668986121684953,0.7260370551344718,0.25558147972082423,1.0,0,0,1,0.0,3,0.01222835
2026-08-20,147.49958507486818,0.9626155366197224,0,241.74844620311998,11.986731488035913,0,-25.677882860895558,140.0362871875875,2.0086680517903055,0,193.2559718557943,0.9183083903871817,0,96.00596131704029,0.6504497976186726,0,23.66622320915347,131.24446840395265,0.2165440929705313,0,14.239728073659323,-0.040487179565630346,1,65.5049978418297,0.017845368893548347,0,3.9275696015295325,-0.020886218296401825,1,303.7378263049261,-0.020966980204754678,1,329.828474453204,-0.005836209195127312,1,Rahu,Jupiter,2.0,CLEAR,858.1681406786533,3.917490457756685,0,0,5.0,327.7922061357856,0,10.312158472129791,0.19488968367347817,-0.036438461609067316,0.7154947773805399,0.22622320915346705,1.0,0,0,1,0.0,3,0.010046159
2026-08-27,154.24607897704698,0.9650472159213467,0,326.2798183111667,12.60727395100645,0,-13.06604442029383,154.03551372942727,1.964848702962669,0,199.45851918588568,0.8509942212570134,0,100.52498610830743,0.6406549370183865,0,23.486559146044367,132.74804183518268,0.21286893997876696,0,13.920982428819851,-0.05044174123768656,1,65.60993448578284,0.0120844626020808,0,3.773201715910724,-0.023180525041493826,1,303.59644166972663,-0.019398352484914543,1,329.84183481911185,0.0008653949496915592,0,Rahu,Jupiter,2.0,CLEAR,861.9766658706563,3.808525192003003,0,1,35.0,327.7922061357856,0,10.147780712909128,0.19158204598089026,-0.04539756711391791,0.7047204307202252,0.04655914604436617,1.0,0,0,1,0.0,3,0.010172966
2026-09-03,161.01277350153313,0.9684990348638406,0,60.12452311484111,14.078740254297763,0,25.32288605205624,167.348066843326,1.833594491730717,0,205.1257953621097,0.7647236453377704,0,104.97484007978994,0.6306877044256495,0,23.165800704253062,134.22272625837596,0.20835048573452142,0,13.536239640118614,-0.05924934243016329,1,65.67406605921926,0.006259283958841684,0,3.604161222084464,-0.025005993436703032,1,303.4672090799037,-0.017427528499438745,1,329.76459808887336,-0.008119491624169849,1,Rahu,Jupiter,2.0,CLEAR,865.6508440312141,3.6741781605577444,0,1,25.0,327.7922061357856,0,9.93207841803415,0.18751543716106928,-0.05332440818714696,0.6937564748682145,0.0,1.0,0,0,1,0.06792158196584985,3,0.01020786
2026-09-10,167.80578714085266,0.9722679483709138,0,159.5462002548076,13.881419168239079,0,7.165095307204325,179.6934990991668,1.6950982745458831,0,210.1060079098534,0.6531370423064558,0,109.35209369268702,0.6197081606824438,0,22.71493494079028,135.66202216872162,0.20262309839744955,0,13.094254694242183,-0.06681658481376243,1,65.69697383036866,0.00023294938407694143,0,3.423829293317971,-0.02647750179709121,1,303.35293080680094,-0.01520828794653503,1,329.8212301192903,-0.010953705237750057,1,Rahu,Jupiter,2.0,CLEAR,869.1644717979427,3.513627766728632,0,1,-50.0,327.7922061357856,0,9.670425400924213,0.1823607885577046,-0.060134926332386186,0.6816789767506882,0.0,1.0,0,0,1,0.32957459907578723,3,0.010524085
2026-09-17,174.62357239459823,0.9756210709705501,0,249.7015243130561,11.99124053068176,0,-26.995345512353666,191.10773930235626,1.5680099553449374,0,214.1853265342732,0.5053901408887839,0,113.64869844549713,0.6077852774667121,0,22.146997563062673,137.05687681197142,0.19572431912826022,0,12.605283466150693,-0.07255784915316595,1,65.6777969550892,-0.005673692302782305,1,3.2351089190849187,-0.027332322587802615,1,303.25542971006195,-0.012583109772227057,1,329.5230476907577,-0.0269031705622122,1,Rahu,Jupiter,2.0,CLEAR,872.4882702758274,3.3237984778846794,0,1,-50.0,327.7922061357856,0,9.370174547065774,0.1761518872154342,-0.06530206423784936,0.6685638052133833,0.0,1.0,0,0,1,0.6298254529342255,4,0.012755932
2026-09-24,181.46424272830745,0.9788925667583303,0,334.5818919393327,12.834877679124927,0,-9.40857798892465,201.66047590664832,1.4469523177785226,0,217.0726704722912,0.31126222127199005,0,117.85936931199083,0.5951454225910419,0,21.476048284090908,138.3991851731087,0.18758284882936765,0,12.082590423135988,-0.07648567577843117,1,65.61761454395722,-0.011511429463667283,1,3.042113402043281,-0.027745998476579832,1,303.17702153887154,-0.009808419132646403,1,329.60834694510527,-0.009030838043356953,1,Rahu,Jupiter,2.0,CLEAR,875.5953295523022,3.1070592764748426,0,1,150.0,327.7922061357856,0,9.040477021092707,0.1688245639464309,-0.06883710820058805,0.6546599648501461,0.0,1.0,0,0,1,0.9595229789072928,4,0.011655642
2026-10-01,188.33016636707043,0.9829903885647346,0,71.048035157391,14.282390288238371,0,27.103581370183345,211.33908564916146,1.3141629122082348,0,218.42878655745952,0.06883378518009285,0,121.97948025468278,0.5818909463615195,0,20.715959186762642,139.68073503807824,0.17840830865536328,0,11.539260842041024,-0.07839519639721153,1,65.51746107815748,-0.017030177009247843,1,2.8481464311986437,-0.027555010377810572,1,303.1188410970549,-0.006750789118031215,1,329.12219398504413,-0.055755134916351895,1,Rahu,Jupiter,2.0,CLEAR,878.4624171759643,2.867087623662087,0,1,78.0,327.7922061357856,0,8.691114410842381,0.16056747778982697,-0.07055567675749037,0.6400800409976715,0.0,1.0,0,0,1,1.3088855891576188,4,0.0119164195
2026-10-08,195.2267384393803,0.9873889877591648,0,168.74809860998243,13.464433545638657,0,2.8557292981443374,219.94667685103983,1.1320739261349524,0,217.95918476266274,-0.20554259873318162,1,126.00160436548383,0.5669298521303731,0,19.88198248669033,140.89319091576664,0.1677298673327362,0,10.989298848242072,-0.07839990756937017,1,65.37932632767165,-0.022401993497406358,1,2.657068740429801,-0.026969141687197044,1,303.08243774552983,-0.0036451653357460687,1,329.0798267290246,-0.04687776049230164,1,Rahu,Jupiter,2.0,CLEAR,881.0660215149574,2.603604338993023,0,1,-102.0,327.7922061357856,0,8.332230107812272,0.15095688059946258,-0.07055991681243315,0.6236228373434104,0.0,1.0,0,0,1,1.667769892187728,4,0.01105656
2026-10-15,202.15246048894494,0.9912736948752727,0,257.62468736527126,11.963155385594806,0,-27.65100703282105,226.89311929838118,0.8207603833986352,0,215.5901049490596,-0.4614578772862021,1,129.9124490493404,0.5501746480759414,0,18.991242056040736,142.02585133477507,0.1556519638404857,0,10.44730109086345,-0.07608246838238972,1,65.20532989002206,-0.027214483322323787,1,2.472349875374034,-0.02570770983254996,1,303.0685775286639,-0.000292622464009681,1,328.1829562615011,-0.10790351941491386,1,Rahu,Jupiter,2.0,CLEAR,883.3805076415183,2.3144861265609507,0,1,-30.0,327.7922061357856,0,7.9749512154894155,0.14008676745643714,-0.06847422154415075,0.6051921128835356,0.0,1.0,0,1,1,2.0250487845105845,4,0.012693913
2026-10-22,209.10328032647504,0.9946417900688882,0,342.4395573092238,12.938998980478157,0,-5.72093055781222,230.7735431904008,0.22312468039293806,0,211.7606936786603,-0.6053908394542146,1,133.6999720189165,0.5316941156622703,0,18.061044280950856,143.0687271214184,0.1420720497371962,0,9.928680588321072,-0.07178281941808659,1,64.99932326831012,-0.03155802783467569,1,2.29801894372614,-0.02403669552632096,1,303.078099813463,0.0029983692916048473,0,328.0394537454204,-0.034640972139882646,1,Rahu,Jupiter,2.0,CLEAR,885.3838632650788,2.0033556235605374,0,1,180.0,327.7922061357856,0,7.630661644594932,0.1278648447634766,-0.06460453747627794,0.5848635272284974,0.0,1.0,0,1,1,2.369338355405068,3,0.01411547
2026-10-29,216.07875713992803,0.9985033183679446,0,81.4201195421724,14.652540285581468,0,27.747493307659788,229.02503406906905,-0.7690513925221812,1,207.56953110455407,-0.5583485598700144,1,137.35255318444524,0.5115598709880788,0,17.107846108307953,144.012153414624,0.1272673707422444,0,9.447013185788604,-0.0655275601323893,1,64.76539167643115,-0.035149927877702984,1,2.1372861176426357,-0.021792486129712747,1,303.1109288350592,0.006401068170373188,0,327.1117865630343,-0.12246410091554817,1,Rahu,Jupiter,2.0,CLEAR,887.0586602767066,1.6747970116277884,0,1,300.0,327.7922061357856,0,7.3097270681459685,0.11454063366801996,-0.058974804119150376,0.5627158580868867,0.0,1.0,0,1,1,2.6902729318540315,3,0.015441115
2026-11-05,223.08282725966762,1.0026114627937415,0,178.56283280991244,13.083727493586604,0,-1.8593820172790991,221.01486781576207,-1.2791857047511697,1,204.34098646416504,-0.3439429178681214,1,140.85418528496288,0.48830153122938774,0,16.149694412732405,144.84617274061532,0.11074062989207328,0,9.01465943505059,-0.05771970985378556,1,64.5081780297754,-0.0382162854452601,1,1.9933270346094105,-0.01926597286787213,1,303.1670706280348,0.009632126858176607,0,326.8531122765099,-0.08386569576705173,1,Rahu,Jupiter,2.0,CLEAR,888.3879062154931,1.329245938786471,0,1,300.0,327.7922061357856,0,7.021332400441179,0.09966656690286596,-0.051947738868407,0.5371316843523266,0.0,1.0,0,1,1,2.978667599558821,3,0.017965477
2026-11-12,230.1139680751969,1.006117558732365,0,265.8122335007735,11.906073073986239,0,-27.69347719061058,215.16146294859848,-0.22172977194025195,1,202.91031749303434,-0.06158477406317432,1,144.1806336825936,0.4615038331984139,0,15.207166887658571,145.55920846195747,0.09273177493974813,0,8.643183820478448,-0.04817623735206461,1,64.23276224599864,-0.040329115249031135,1,1.869032019476002,-0.016184750862084853,1,303.2460890851031,0.012921695175504976,0,325.48226503631537,-0.18225484333806186,1,Rahu,Jupiter,2.0,CLEAR,889.3536992067541,0.9657929912609688,0,1,300.0,327.7922061357856,0,6.774151801002446,0.08345859744577332,-0.04335861361685815,0.5076542165182554,0.0,1.0,0,1,1,3.2258481989975536,3,0.02999304
2026-11-19,237.16624687490196,1.008717282577589,0,350.2726955932524,12.896964330212347,0,-1.8806793171427554,217.78911872945335,0.8632997181707057,0,203.44938245318528,0.20987609301573584,0,147.30644326861946,0.43095939161421104,0,14.300997527497195,146.14089708156098,0.0732531036462652,0,8.342766357771138,-0.03748996861359481,1,63.94531672649306,-0.04165357270157665,1,1.7671757024204122,-0.012875622621816877,1,303.34726185333574,0.015946726858402704,0,325.1166714774419,-0.03856459471890148,1,Rahu,Jupiter,2.0,CLEAR,889.9435525045958,0.5898532978417279,0,1,300.0,327.7922061357856,0,6.575590655350726,0.06592779328163868,-0.03374097175223533,0.47405533077563217,0.0,1.0,0,1,1,3.4244093446492743,3,0.0046175322
2026-11-26,244.23631728463158,1.0113921409079367,0,90.72053271394695,15.067117622133992,0,27.46523906817084,225.75212737569254,1.332040265899459,0,205.7466270266554,0.4384345955940364,0,150.20527355335233,0.3965188727423225,0,13.451106492401893,146.58258022755828,0.052766404951189366,0,8.120770185795067,-0.0258136496323805,1,63.652152064605104,-0.04195432160903879,1,1.6898115643678246,-0.00918340309723589,1,303.4693508847378,0.01891192528241859,0,324.0822851309572,-0.15046314160593374,1,Rahu,Jupiter,2.0,CLEAR,890.1511396861156,0.20758718151978428,0,1,360.0,327.7922061357856,0,6.4309586214272425,0.04748976445607043,-0.02323228466914245,0.4361707600165548,0.0,1.0,0,1,1,3.5690413785727575,3,0.0069557936
2026-12-03,251.32614224944317,1.01425329965873,0,188.5872885657855,12.84888521217113,0,-6.674111426949363,235.71762429310624,1.4854409833744049,0,209.47184529830736,0.617859523188383,0,152.84341532271165,0.35611869326718776,0,12.679912576677538,146.87617338756843,0.030941413975923853,0,7.9822230413202195,-0.013650748710831563,1,63.35931378484575,-0.04154294175170689,1,1.6384407983725924,-0.005440250522748807,1,303.6109247045037,0.02152150405763084,0,323.79372359703007,-0.06887811492711142,1,Rahu,Jupiter,2.0,CLEAR,889.9722433390757,-0.17889634703988122,0,0,360.0,327.7922061357856,0,6.343782242947627,0.02784727257833147,-0.012285673839748407,0.39173056259390654,0.0,1.0,0,1,1,3.6562177570523726,3,0.007180827
2026-12-10,258.4344331939277,1.0164869023927217,0,274.3762864753082,11.847652407538009,0,-27.12944291680154,246.30731322748582,1.5313445516747617,0,214.29430690196298,0.7535227014564758,0,155.1748757393685,0.3088057030118445,0,12.013654064208392,147.01405566904336,0.00833974814510053,0,7.931233397954347,-0.0008790002121089591,1,63.07318303869547,-0.040063369786431234,1,1.6144987204236645,-0.001391860308873085,1,303.77052940536583,0.024019664339564054,0,322.52391090731055,-0.1716487383149042,1,Rahu,Jupiter,2.0,CLEAR,889.4044211638987,-0.567822175176957,0,0,360.0,327.7922061357856,0,6.3167346775306825,0.007505773330590477,-0.0007911001908980632,0.339686273313029,0.0,1.0,0,1,1,3.6832653224693175,3,0.007119605
2026-12-17,265.5541154600426,1.0175545792798317,0,358.6263538385522,12.793572011892163,0,2.2440822331827786,257.0959941734326,1.549840901545092,0,219.9436001929649,0.855900804048907,0,157.14944444350772,0.2541294487839332,0,11.478693042620307,146.99193600262333,-0.014649338145925455,1,7.9698675276376685,0.011910809750932172,0,62.800221714152826,-0.03777712327236259,1,1.6187877013186216,0.002624022208521112,0,303.9461454271655,0.02610442943898975,0,322.23981824340655,-0.004167668197760669,1,Rahu,Jupiter,2.0,CLEAR,888.4544491765839,-0.9499719873148251,0,0,210.0,327.7922061357856,0,6.351079826319047,-0.01318440433133291,0.010719728775838955,0.2795423936623265,0.0,1.0,0,1,1,3.6489201736809527,2,0.009226751
2026-12-24,272.6795565436291,1.018301678886025,0,98.95371157655019,15.312063336146231,0,26.601933842597344,268.0101780741987,1.5699073273071689,0,226.22288928784351,0.9349253920804191,0,158.7153022097548,0.19186727585286106,0,11.099819859931216,146.81021937975675,-0.03718517716474805,1,8.097981366415322,0.02463452842261391,0,62.546666450615135,-0.03454991716279487,1,1.6516711319657937,0.006757327289274643,0,304.13570862951667,0.027997270146309514,0,321.572443563073,-0.10550963613973703,1,Rahu,Jupiter,2.0,CLEAR,887.1390121377788,-1.3154370388051575,0,0,150.0,327.7922061357856,0,6.446310234449529,-0.03346665944827325,0.022171075580352518,0.21105400343814718,0.0,1.0,0,1,1,3.5536897655504713,2,0.009725376
2026-12-31,279.81072601815043,1.019202885059675,0,198.24949130389032,12.807096448073152,0,-11.154815135433866,279.1008450511217,1.6009567968541498,0,232.99112652132715,0.9961515004421683,0,159.81243423049295,0.11988611077343375,0,10.903463603123464,146.47221778031414,-0.05919966471016628,1,8.313385846985614,0.036894286555669294,0,62.31752458498801,-0.03076547687982668,1,1.7126344201877481,0.010687178798193262,0,304.3367493319781,0.029424559366818953,0,321.4677746131848,-0.011290535886841936,1,Rahu,Jupiter,2.0,CLEAR,885.4807172262724,-1.6582949115063457,0,0,50.0,327.7922061357856,0,6.600751426797866,-0.05327969823914965,0.033204857900102365,0.13187472185077714,0.0,1.0,0,1,1,3.399248573202134,2,0.009604376
2027-01-07,286.9471893933349,1.019586302106173,0,283.1652841374316,11.81704207474172,0,-25.94698937839576,290.44885584504425,1.6424865754332998,0,240.13503728869475,1.0428107932714095,0,160.37074155908235,0.0381074803946484,0,10.91702547869706,145.98507731749848,-0.07967942643885022,1,8.613954345451162,0.048875750504047126,0,62.11793222125981,-0.026172423235538995,1,1.8014504507409035,0.014645630471973717,0,304.54720605261315,0.030622060294979825,0,320.81946415821767,-0.09057507866193165,1,Rahu,Jupiter,2.0,CLEAR,883.5087060708087,-1.972011155463747,0,0,82.0,327.7922061357856,0,6.812503894710259,-0.0717114837949652,0.04398817545364241,0.04191822843411325,0.0,1.0,0,1,1,3.187496105289741,2,0.0123637505
2027-01-14,294.08195749953666,1.018744072157391,0,7.7995079791968704,12.769062488953596,0,6.626279448336667,302.09161365914485,1.6813858002039497,0,247.5649117565464,1.0785130947127746,0,160.3281274398089,-0.05120757103963407,1,11.159750892386377,145.36212622578273,-0.0978066575318247,1,8.995869441681336,0.06013162495230252,0,61.95218724288497,-0.02108494819765843,1,1.9169604849520385,0.018333568337010026,0,304.7642527513397,0.031338199949100067,0,320.7700363131062,0.023282544378734726,0,Rahu,Jupiter,2.0,CLEAR,881.2662004647518,-2.2425056060568522,0,0,58.0,327.7922061357856,0,7.078908956729297,-0.08802599177864223,0.054118462457072275,-0.05632832814359748,0.0,1.0,0,1,1,2.921091043270703,2,0.012548288
2027-01-21,301.208318453422,1.0173112113329172,0,106.8354869657998,15.222920678627222,0,25.28091553921747,313.884203343393,1.6729524480012663,0,255.21766551440535,1.1070059292580832,0,159.6464236277202,-0.14377290901008102,1,11.635561911834799,144.62387495404806,-0.11255740507792868,1,9.454322426767149,0.07069026184169828,0,61.82417291841976,-0.015456098039232176,1,2.0579861428870854,0.021893802256547405,0,304.9854903429784,0.031789307959224695,0,320.5830009388555,-0.03242634510929626,1,Rahu,Jupiter,2.0,CLEAR,878.8091427732047,-2.4570576915471065,0,0,150.0,327.7922061357856,0,7.396336283880064,-0.10130166457013581,0.06362123565752846,-0.15815019991108914,0.0,1.0,0,1,1,2.603663716119936,2,0.012255305
2027-01-28,308.32476903021876,1.016048405201477,0,207.1285878681719,12.913889652974966,0,-14.967449099784398,325.10953305905747,1.4860234348762003,0,263.05051644498167,1.130107358941158,0,158.31734089616293,-0.2351506989685801,1,12.331593416978459,143.7942312496845,-0.12379161536319803,1,9.983112035973466,0.08031387945811776,0,61.735931065179635,-0.009662747998292164,1,2.222324002938336,0.025063630184707246,0,305.20792282962503,0.031756455777878057,0,320.61079350032736,0.010754049917858341,0,Rahu,Jupiter,2.0,CLEAR,876.1998309646015,-2.609311808603252,0,0,310.0,327.7922061357856,0,7.76078803303513,-0.11141245382687823,0.07228249151230598,-0.25866576886543813,0.0,1.0,0,1,1,2.23921196696487,2,0.01042723
2027-02-04,315.43240207056834,1.014538850326756,0,291.8690315847976,11.82463334460314,0,-24.171722019810733,333.6422559982842,0.8525352935581268,0,271.027187357944,1.1481042744350671,0,156.3789014186045,-0.315897200883556,1,13.211209320416438,142.90104788941463,-0.13065390596308082,1,10.577120327871077,0.08923073116980641,0,61.689733414600724,-0.0035305136646717576,1,2.408473576270974,0.02804183386591082,0,305.4294566162121,0.03144495024473461,0,320.53459121749984,-0.012009109330236491,1,Rahu,Jupiter,2.0,CLEAR,873.5057022230645,-2.694128741536929,0,0,270.0,327.7922061357856,0,8.168646751600104,-0.11758851536677274,0.08030765805282578,-0.34748692097191164,0.0,1.0,0,0,1,1.8313532483998962,2,0.010399438
2027-02-11,322.5257321444804,1.0119636373320435,0,17.63371520388,12.922034314044465,0,11.028421050226706,335.69964879292786,-0.3175625689434667,1,279.11392597340864,1.1618183028757076,0,153.949136858336,-0.3733940754355475,1,14.203265880488031,141.97625153267856,-0.13271373322089808,1,11.229920121558848,0.09713915023915744,0,61.686573965631744,0.002658825151731044,0,2.613865008417045,0.030601113576956662,0,305.647000957001,0.030668807660481523,0,320.52597528211146,-0.005477098307904288,1,Rahu,Jupiter,2.0,CLEAR,870.8039190657844,-2.701783157280147,0,0,310.0,327.7922061357856,0,8.616055113141803,-0.11944235989880828,0.08742523521524169,-0.4107334829791023,0.0,1.0,0,0,1,1.3839448868581972,1,0.010559129
2027-02-18,329.59832166334127,1.008688576674841,0,115.34454944079104,14.847620831365766,0,23.28687391969485,330.01215338289626,-1.1247737567706169,1,287.2867087410658,1.172915627478129,0,151.2301252318712,-0.3975152070678263,1,15.209049653563207,141.05495425590036,-0.12976288478925532,1,11.935029492000265,0.10411499643945925,0,61.72724349345809,0.008907509048999616,0,2.836341803303727,0.032862415367657244,0,305.85833803943916,0.029621772902729018,0,320.54388936927165,0.011635382483067922,0,Rahu,Jupiter,2.0,CLEAR,868.175035813231,-2.6288832525533508,0,0,210.0,327.7922061357856,0,9.098687688696538,-0.1167865963103298,0.09370349679551332,-0.43726672777460895,0.0,1.0,0,0,1,0.901312311303462,1,0.01095967
2027-02-25,336.64798355794,1.0056470313630892,0,215.2464610695459,13.040832307054517,0,-18.058954069357412,323.0259359584332,-0.7062059121345547,1,295.5310826338796,1.1823935438827797,0,148.4669769209119,-0.3860270316463873,1,16.128390721739784,140.16943686078312,-0.12248918790304883,1,12.684960496001814,0.11005875866378541,0,61.81058198380554,0.01493307519552269,0,3.0726789373591386,0.034653471525516566,0,306.0605821650312,0.028161556674016375,0,320.4346781652089,-0.03375936984179567,1,Rahu,Jupiter,2.0,CLEAR,865.6935154843967,-2.4815203288343355,0,0,360.0,327.7922061357856,0,9.612281558642675,-0.11024026911274395,0.09905288279740687,-0.42462973481102606,0.0,1.0,0,0,1,0.38771844135732536,1,0.011373905
2027-03-04,343.6776777193805,1.002736794044901,0,300.2332479447051,11.857107772745655,0,-21.881285027955737,320.9742014636984,0.10353827221735547,0,303.8356744577103,1.1899613670130642,0,145.90542901050918,-0.3406103945161958,1,16.878920164412044,139.34989729316328,-0.11102695236208222,1,13.473921571896849,0.1151716012163053,0,61.93608386707601,0.02086188418397309,0,3.320733268183351,0.03612056774493694,0,306.25197086861624,0.026434522437426514,0,320.47520807391163,0.02287629344004474,0,Rahu,Jupiter,2.0,CLEAR,863.4265540468793,-2.2669614375173524,0,0,22.0,327.7922061357856,0,10.153188303713499,-0.09992425712587401,0.10365444109467478,-0.3746714339678154,0.0,1.0,0,0,1,0.0,1,0.01101167
2027-03-11,350.6845529243455,0.9991026181749939,0,27.63752899151814,13.256654163260892,0,15.11662058147161,323.8996199346235,0.687450263364492,0,312.1857971640021,1.1955182860750184,0,143.76158780851247,-0.2682564526824299,1,17.40535338420757,138.62366819831283,-0.09586654112368756,1,14.294928241387021,0.11926178482181743,0,62.101938408518926,0.02650560605872384,0,3.5772355309284256,0.037123400174921675,0,306.4297646054501,0.02434345057604154,0,320.22067871765785,-0.08654366439463165,1,Rahu,Jupiter,2.0,CLEAR,861.4372129409064,-1.989341105972926,0,0,-210.0,327.7922061357856,0,10.717692710458596,-0.0862798870113188,0.1073356063396357,-0.2950820979506729,0.0,1.0,0,0,1,0.0,1,0.011065448
2027-03-18,357.6635174901363,0.9947823707480729,0,124.9895782602722,14.400762754855956,0,20.332364633444115,330.08619435025383,1.0527631302018914,0,320.57014983723474,1.1998448167773275,0,142.18584112863104,-0.18056002379517003,1,17.68594506936303,138.01481415516756,-0.0777482615624845,1,15.141421056216373,0.12237955917253467,0,62.30654634264268,0.03183768711414349,0,3.8396748871043584,0.03774079288080905,0,306.5923800793172,0.02203078552587388,0,320.063044192033,0.01924170575664604,0,Rahu,Jupiter,2.0,CLEAR,859.7786110627775,-1.658601878128934,0,0,-306.0,327.7922061357856,0,11.301746169112015,-0.06997343540623606,0.1101416032552812,-0.19861602617468704,0.0,1.0,0,0,1,0.0,1,0.010910573
2027-03-25,4.612346635917052,0.990783481038503,0,223.0643160777647,13.051178177116668,0,-20.624048229022854,338.36486916640797,1.2993604993080947,0,328.982843153898,1.2037797849802812,0,141.2409064759042,-0.08948481218400067,1,17.7303645624382,137.53927339536665,-0.05782172613321861,1,16.00595048886072,0.12454071340312659,0,62.5465284264803,0.036714567870966074,0,4.104410978704008,0.03785864619216186,0,306.73750936205425,0.019450750217560972,0,319.5799948129153,-0.12318095507423199,1,Rahu,Jupiter,2.0,CLEAR,858.4877629621772,-1.2908481006003285,0,0,30.0,327.7922061357856,0,11.901539510156711,-0.052039553519896746,0.11208664206281393,-0.09843329340240074,0.0,1.0,0,0,1,0.0,1,0.01243647
2027-04-01,11.535685949652587,0.9872921443860638,0,308.232361578249,11.886278576439365,0,-19.163201580644856,348.15303399078385,1.4918258243680227,0,337.4214943283431,1.207070274623635,0,140.9266459763412,-0.0010914292700803926,1,17.56178844971355,137.20832679514595,-0.03658801419018307,1,16.88301273756529,0.1258668658442842,0,62.81962991026569,0.04121274630900153,0,4.369347196667757,0.03769112708231363,0,306.8641907854574,0.016675807230904928,0,319.3177404810719,0.015582528943828396,0,Rahu,Jupiter,2.0,CLEAR,857.5888374465729,-0.8989255156042191,0,0,-90.0,327.7922061357856,0,12.513665540897534,-0.03292921277116476,0.11328017925985577,-0.001200572197088432,0.0,1.0,0,0,1,0.0,1,0.012150334
2027-04-08,18.433772298347648,0.983519871196939,0,37.291571158781245,13.692141129773214,0,18.63549734470779,359.2100855726654,1.6664840741271398,0,345.87937199370776,1.2093187350771226,0,141.2115846172218,0.08132448443898423,0,17.20367349042504,137.02884890276204,-0.014573370380315418,1,17.765806211055256,0.12623009230378165,0,63.122415312014155,0.04525279806269219,0,4.631057167379692,0.03704944476931689,0,306.9704668465731,0.013697157730428225,0,318.7127675659434,-0.17141613784295381,1,Rahu,Jupiter,2.0,CLEAR,857.0994804016468,-0.4893570449261233,0,0,-170.0,327.7922061357856,0,13.134749043675566,-0.013116033342283877,0.11360708307340349,0.08945693288288266,0.0,1.0,0,0,1,0.0,1,0.009627317
2027-04-15,25.303449664585877,0.9791335354928886,0,135.56528088777372,14.076243720854333,0,16.39333668274926,11.490082603413603,1.8432230189509977,0,354.35009390171706,1.2107701397509445,0,142.04513860677366,0.15512971527776034,0,16.67751205305833,137.00455577524085,0.007518241824301965,0,18.64821841601367,0.1256640377767853,0,63.451997388113796,0.048765924046858845,0,4.88714663049441,0.035998295717760476,0,307.05572834577265,0.010593229378538524,0,318.2151888248858,0.0033157632984151027,0,Rahu,Jupiter,2.0,CLEAR,857.027356374175,-0.07212402747177293,0,0,-170.0,327.7922061357856,0,13.76107178551926,0.006766417641871769,0.11309763399910679,0.1706426868055364,0.0,1.0,0,0,1,0.0,0,0.009711246
2027-04-22,32.14270638458318,0.9751402185094761,0,231.13983029508552,12.895236558111016,0,-22.872730892489283,25.022020588428443,2.0211753357981226,0,2.830430282808455,1.2122653445431706,0,143.35970680746436,0.2189059851118774,0,16.004833187121815,137.13265217615427,0.028999348471103314,0,19.52316598472244,0.12423579348084277,0,63.803935792238235,0.05174973146868282,0,5.134232226832212,0.03458580255455482,0,307.1186539733871,0.007420822165395675,0,317.38217739759403,-0.20096590656575372,1,Rahu,Jupiter,2.0,CLEAR,857.3674035363464,0.340047162171345,0,0,-290.0,327.7922061357856,0,14.388933757890229,0.026099413623992984,0.11181221413275849,0.24079658362306516,0.0,1.0,0,0,1,0.0,0,0.011078166
2027-04-29,38.957277803994906,0.9719341186127327,0,316.07948354394404,11.8928527089104,0,-16.07431164280806,39.67199426328462,2.146900766642273,0,11.321712807677171,1.2137394065724114,0,145.08993809540755,0.2741568814115839,0,15.20244538829259,137.4086292377202,0.04968627029430697,0,20.385529055279186,0.12198103077039706,0,64.17521308931458,0.05421435761719326,0,5.370414259520843,0.032804234225978834,0,307.1593588972398,0.004169286575568881,0,316.7716420644341,0.00026902331427716323,0,Rahu,Jupiter,2.0,CLEAR,858.1081383405483,0.7407348042019066,0,0,-490.0,327.7922061357856,0,15.015114795758343,0.044717643264876275,0.10978292769335735,0.3015725695527423,0.0,1.0,0,0,1,0.0,0,0.010015575
2027-05-06,45.75023050731339,0.9689020133255625,0,46.30964155054061,14.099483620547117,0,21.504022071096244,54.6705114048016,2.0999798617815233,0,19.821853535114787,1.2148083246940702,0,147.18187978967657,0.3225092152538379,0,14.281317130744206,137.826260517056,0.06951162247275142,0,21.228887190287015,0.1188629020460132,0,64.56177061728106,0.056178390410645866,0,5.592718673883661,0.03069195023754154,0,307.17701633738596,0.0009161665395939436,0,316.02381309367337,-0.20372864501167803,1,Rahu,Jupiter,2.0,CLEAR,859.2365922461349,1.128453905586639,0,0,-90.0,327.7922061357856,0,15.636168516403353,0.06256046022547627,0.10697661184141188,0.35476013677922175,0.0,1.0,0,0,1,0.0,0,0.010000712
2027-05-13,52.52051791974461,0.9653473328409744,0,146.46271542606965,13.956151893982174,0,11.78087312890816,68.5451375380099,1.8343910030286956,0,28.32761493327203,1.2153138721805237,0,149.58990695849107,0.3643238363596955,0,13.249870288993181,138.3788896828818,0.08808713177945346,0,22.047339071719225,0.1147778894574783,0,64.96023640576662,0.057513676600975075,0,5.799211809099091,0.028198759627783673,0,307.1722037388154,-0.0023323617514723017,1,315.39316079714825,-0.00350415386778097,1,Rahu,Jupiter,2.0,CLEAR,860.7354210814678,1.4988288353329153,0,0,-304.0,327.7922061357856,0,16.248127262620134,0.07927841860150811,0.10330010051173047,0.4007562199956651,0.0,1.0,0,0,1,0.0,1,0.009548105
2027-05-20,59.26626271088343,0.9622003585907701,0,239.76049101462556,12.629515365499568,0,-24.82544726143097,80.0901141185327,1.454031719865375,0,36.83710476402718,1.2160865357442843,0,152.26778573347596,0.39988775774347946,0,12.118163024613033,139.05623297884935,0.10523503125689801,0,22.834183394927255,0.10994569011716121,0,65.3659091915376,0.058341955234418215,0,5.987117820049328,0.0254822602641809,0,307.14486173502974,-0.00542518608064763,1,314.535466487892,-0.20558223157727407,1,Rahu,Jupiter,2.0,CLEAR,862.5803252306156,1.8449041491477374,0,0,-44.0,327.7922061357856,0,16.847065574877927,0.09471152813120821,0.09895112110544509,0.43987653351782746,0.0,1.0,0,0,1,0.0,1,0.072575636
2027-05-27,65.99351850880267,0.9599853791400195,0,324.0809956163574,11.884031505828524,0,-12.642243175534562,88.8009590980241,1.0277525045892857,0,45.35360985781893,1.2172136347443268,0,155.17734923883594,0.4307497782768718,0,10.894697144155048,139.84885756927687,0.12099420164446605,0,23.58455611159371,0.104283838572012,0,65.7750942977616,0.05970843897612329,0,6.155146468356828,0.02245691734581653,0,307.0962941130919,-0.008456716921462036,1,313.89270760480014,0.00924504565135156,0,Rahu,Jupiter,2.0,CLEAR,864.7450225711793,2.164697340563748,0,0,-240.0,327.7922061357856,0,17.42940964323688,0.10889478148001944,0.0938554547148108,0.473824756104559,0.0,1.0,0,0,1,0.0,1,0.088926785
2027-06-03,72.70746612923107,0.9583376819538308,0,54.761652306283885,14.352815748281559,0,23.777825576498607,94.35540978924709,0.548907413107097,0,53.87840825001951,1.2184512507200738,0,158.29072823587265,0.45833381075578306,0,9.585403830042301,140.74746754973722,0.1355857310268512,0,24.29232524824753,0.09782617325038699,0,66.18507974295758,0.05837337381142432,0,6.301100498056794,0.01924435338151908,0,307.0269856804541,-0.011274610496881861,1,313.37319093810964,-0.15859718733533498,1,Rahu,Jupiter,2.0,CLEAR,867.2089222283678,2.463899657188449,0,0,-240.0,327.7922061357856,0,17.991224750190735,0.12202715792416609,0.0880435559253483,0.5041671918313614,0.0,1.0,0,0,1,0.0,1,0.1057908
2027-06-10,79.40905123404195,0.9562730265745486,0,157.04832111314508,14.03217543482468,0,6.970026583623664,96.35858868467183,0.019674836995432567,0,62.41085487406553,1.2193038519110326,0,161.58662970988692,0.4827286477423888,0,8.1957436140637,141.74364340179295,0.1487353353203612,0,24.951779947338277,0.09040218743860486,0,66.59109443558853,0.05748391057617595,0,6.423802815542542,0.015734428137229087,0,306.93872622109234,-0.013947701254032819,1,312.9107951028309,0.013260799017930612,0,Rahu,Jupiter,2.0,CLEAR,869.9444176014931,2.7354953731253318,0,0,-300.0,327.7922061357856,0,18.527977131795737,0.1338618017883251,0.08136196869474437,0.5310015125166276,0.0,1.0,0,0,1,0.0,1,0.098219246
2027-06-17,86.09634019868697,0.9545462375447749,0,248.85073607606776,12.350650901923242,0,-26.31164917571597,94.78022901643352,-0.43920606570688636,1,70.94967170795019,1.2204710600701192,0,165.0416064811727,0.5039601690012321,0,6.733973327845249,142.82673415094405,0.160515814091114,0,25.556678295564414,0.08233443506566313,0,66.98901933199554,0.05614853473200499,0,6.5214869260411445,0.012179525294156042,0,306.8327784639118,-0.016253836980112193,1,312.39930821842955,-0.1344375083595582,1,Rahu,Jupiter,2.0,CLEAR,872.9229761859733,2.978558584480197,0,0,-420.0,327.7922061357856,0,19.035191369523268,0.14446423268200262,0.07410099155909682,0.5543561859013554,0.0,1.0,0,0,1,0.0,1,0.103814356
2027-06-24,92.77491400966822,0.9537672986986825,0,332.4676136545131,11.891758801747036,0,-8.894133336155111,90.99131006464965,-0.5680668904031674,1,79.49849042425355,1.22210733359681,0,168.63666864716416,0.5228992134344767,0,5.208025818806545,143.98771738841,0.17098671817657896,0,26.102510080536046,0.07347455255655495,0,67.37572565412803,0.05423717078225124,0,6.593756824561596,0.008432277848611237,0,306.71151154035374,-0.01836546868048471,1,312.0170975645948,0.027254492895674505,0,Rahu,Jupiter,2.0,CLEAR,876.1163493552451,3.1933731692718084,0,0,-260.0,327.7922061357856,0,19.50875325597445,0.15388804635892106,0.06612709730089945,0.5751891347779243,0.0,1.0,0,0,1,0.0,1,0.08134491
2027-07-01,99.45119632462576,0.9538416302769956,0,63.02963179248103,14.389959067488284,0,25.525499253845975,87.89790449305733,-0.25188007529069223,1,88.06015575080879,1.2241267696754052,0,172.35932865369057,0.5405648804720352,0,3.624291328812378,145.2183043596746,0.18046691519485347,0,26.58379040297946,0.06393851945824709,0,67.74742683412681,0.05191201383193754,0,6.639588245498275,0.00468661436586039,0,306.5766368989714,-0.020077347994028417,1,311.8727380050874,-0.07369700209550831,1,Rahu,Jupiter,2.0,CLEAR,879.4990120986633,3.382662743418223,0,0,-200.0,327.7922061357856,0,19.944202157481186,0.16242022367536812,0.05754466751242238,0.5946213685192387,0.0,1.0,0,0,1,0.0,1,0.08583312
2027-07-08,106.12778679243998,0.9536220910879923,0,166.88716119332224,14.234072074583054,0,2.384058000363466,88.03217761111071,0.30859148958287913,0,96.63523559253518,1.2257916270386089,0,176.2011847159576,0.5567782772250758,0,1.9890960055791267,146.5111303286119,0.18865618420879982,0,26.995472518439957,0.05353749401751089,0,68.10082080027514,0.04893029287131559,0,6.658874533086624,0.0007874772195314179,0,306.4309012392229,-0.021532177465813748,1,311.68616988853046,0.020607284536805597,0,Rahu,Jupiter,2.0,CLEAR,883.0443507131552,3.5453386144918113,0,0,-140.0,327.7922061357856,0,20.336597985353333,0.16979056578791984,0.0481837446157598,0.6124561049475834,0.0,1.0,0,0,1,0.0,1,0.04171999
2027-07-15,112.8025741771359,0.9535816021277722,0,258.1155515675631,12.131595857238203,0,-27.114761150349462,92.2791177130757,0.900637416032789,0,105.22172084688316,1.2275476978470394,0,180.15052709189206,0.5713630713427293,0,0.31159260156895574,147.85707105999097,0.19571743999474825,0,27.332599076152196,0.042714467105680914,0,68.43185971570466,0.04558822964739097,0,6.651261844133833,-0.0029408366912665315,1,306.2766344901385,-0.022470506750489363,1,311.5743466922571,-0.04214040145695694,1,Rahu,Jupiter,2.0,CLEAR,886.7220688828465,3.6777181696913885,0,0,-128.0,327.7922061357856,0,20.681337232018365,0.17614569599527344,0.038443020395112826,0.6284993784770023,0.0,1.0,0,0,1,0.0,2,0.04514555
2027-07-22,119.47990774647428,0.9543924754863502,0,341.291814494354,11.958657296508292,0,-4.891113721354636,100.53110486160023,1.4457751222406334,0,113.82148196471478,1.2295781267630124,0,184.19745186330331,0.5847710501587512,0,-1.3989218539978676,149.24846332140288,0.2016564305718174,0,27.592027099984094,0.03131838305955878,0,68.73771794626722,0.0417180927939961,0,6.617547484235895,-0.006686920574798395,1,306.1168428233113,-0.02313147382055757,1,311.4704954487404,0.01779258205450771,0,Rahu,Jupiter,2.0,CLEAR,890.5035819202458,3.781513037399236,0,0,-124.0,327.7922061357856,0,20.974479615748198,0.18149078751463565,0.028186544753602903,0.6432481551746264,0.0,1.0,0,0,1,0.0,2,0.015231161
2027-07-29,126.16659351786062,0.9562166258180923,0,71.62444274632011,14.245512115286283,0,26.714285936695912,112.26376741138822,1.877474398815286,0,122.43676954364607,1.2319678587675376,0,188.33661870255676,0.597825039682355,0,-3.1341984360141324,150.67851280768497,0.20680559684034114,0,27.770314127931954,0.019576154194924898,0,69.0152538370483,0.03753250230230493,0,6.558245273437028,-0.01020517496404004,1,305.95404158687035,-0.023285699558792592,1,311.5064378145437,-0.006563897094419446,1,Rahu,Saturn,3.5,CLEAR,894.3629595688517,3.859377648605914,0,0,-220.0,327.7922061357856,0,21.212068854494927,0.18612503715630702,0.01761853877543241,0.6576075436505906,0.0,1.0,0,0,1,0.0,2,0.014237664
2027-08-05,132.86635688353118,0.9578737778308533,0,175.8561338693017,14.446430134139671,0,-1.7571706700931191,126.24961233887406,2.071702761358347,0,131.06776932746465,1.2339000284468473,0,192.5654708219934,0.6102454289700151,0,-4.885877959782598,152.1408869257251,0.21080152425011897,0,27.864771157191793,0.0073591282979038755,0,69.26162613337601,0.03276693284146997,0,6.474586998383849,-0.013680067837384978,1,305.7913579235232,-0.023142093696918876,1,311.4838160259011,-0.0057456952669141005,1,Rahu,Saturn,3.5,CLEAR,898.2731362743882,3.9101767055365144,0,0,-320.0,327.7922061357856,0,21.390184158807944,0.18972137182510707,0.006623215468113488,0.6712699718670166,0.0,1.0,0,0,1,0.0,2,0.015684813
2027-08-12,139.5768884010387,0.95948122319703,0,267.21675682776106,12.003038005471925,0,-27.108577849162074,140.69575071141884,2.026554991513601,0,139.71092893973338,1.2355484234992042,0,196.8780689425538,0.6217660794193417,0,-6.642876381330002,153.6276876990549,0.2138254740930351,0,27.8738895878136,-0.0047431364523194425,1,69.47373072002907,0.027778733651422395,0,6.367928993683708,-0.016749594226126215,1,305.63160954970544,-0.022438477765533246,1,311.50034770729826,0.01940367362707376,0,Rahu,Saturn,3.5,CLEAR,902.2037597513895,3.9306234770012907,0,1,0.0,327.7922061357856,0,21.505960594129892,0.19244292668373159,-0.004268822807087499,0.683942687361276,0.0,1.0,0,0,1,0.0,3,0.014512346
2027-08-19,146.30059542258587,0.9617355068601324,0,350.4073312623973,12.114240532363285,0,-0.7509074293840099,154.38773904578812,1.8785750030803718,0,148.3651394262643,1.2371077158345047,0,201.26849420616992,0.632587030855229,0,-8.393530658839708,155.13197858829034,0.2158290451731631,0,27.798335454008527,-0.01681313685849767,1,69.64951191778088,0.02239712046650001,0,6.240431361996185,-0.01962822374030694,1,305.47774465589526,-0.021462324641177116,1,311.4802242442484,-0.03428593054071463,1,Rahu,Saturn,3.5,CLEAR,906.1266289763596,3.9228692249701,0,1,260.0,327.7922061357856,0,21.557904092012343,0.19424614065584678,-0.015131823172647905,0.695845733940752,0.0,1.0,0,0,1,0.0,3,0.01538107
2027-08-26,153.04382130899614,0.9650339496606638,0,80.95442172061443,14.031882091765777,0,27.175748955917236,166.97248426135667,1.718249994692768,0,157.03115414952273,1.2389135058303629,0,205.73450460672532,0.6434391463880794,0,-10.12670408490601,156.64776665240353,0.21712664292407707,0,27.639497678834854,-0.028494647945060438,1,69.78706099845444,0.01687450721397616,0,6.09428626362085,-0.022052427197695193,1,305.3323924753194,-0.019986883379249382,1,311.3346275747503,0.01837577898335727,0,Rahu,Saturn,3.5,CLEAR,910.0162978238354,3.889668847475832,0,1,500.0,327.7922061357856,0,21.545211415214006,0.19541397863166937,-0.025645183150554394,0.7077830610268874,0.0,1.0,0,0,1,0.0,3,0.01375
2027-09-02,159.81075701424754,0.9682665120826934,0,184.18272488066958,14.534960664120657,0,-5.490117776354049,178.4676644780869,1.5676206627219555,0,165.7086345556261,1.2402400124915909,0,210.27593400862918,0.6540278421831028,0,-11.830920673626014,158.1687827294044,0.21729717289598,0,27.400047135487196,-0.03979890224980969,1,69.88462130078887,0.010962903588057902,0,5.932060233690166,-0.024227073153619588,1,305.1982848935045,-0.01826841583422395,1,311.26111610041664,-0.06962048916046988,1,Rahu,Saturn,3.5,CLEAR,913.8461178059972,3.82981998216178,0,1,420.0,327.7922061357856,0,21.46798690179703,0.195567455606382,-0.03581901202482872,0.7194306264014132,0.0,1.0,0,0,1,0.0,3,0.011279005
2027-09-09,166.59889999049707,0.9711858964920584,0,275.9018774966543,11.956252923467732,0,-26.309822845226915,188.92685845502461,1.4198297711212666,0,174.3933818338492,1.241025446571983,0,214.8896716188981,0.6640476158073336,0,-13.492134581539592,159.68766006317296,0.21648372690014986,0,27.085101614680287,-0.05002067835904941,1,69.94081362774541,0.005066314117868569,0,5.756751825101084,-0.025798593319516182,1,305.07798672997404,-0.016068961502383818,1,311.026418980593,0.029826301132501995,0,Rahu,Saturn,3.5,CLEAR,917.5874702716865,3.7413524656892605,0,1,100.0,327.7922061357856,0,21.328349789579203,0.19483535421013487,-0.045018610523144466,0.730452377388067,0.0,1.0,0,0,1,0.0,3,0.010855614
2027-09-16,173.40813535204623,0.9744380152480956,0,359.51645042056134,12.353318297444384,0,3.3587386088601607,198.30343264474467,1.2535269694144482,0,183.08225121903234,1.2415169465256992,0,219.57127651819286,0.6735260228521991,0,-15.09544263857257,161.1970595914209,0.21463152979841368,0,26.702139018313737,-0.05918281052724472,1,69.95517626061019,-0.0009540814880429452,1,5.571648553847378,-0.02700162234295379,1,304.97363008271424,-0.013696509937014208,1,310.8547583718575,-0.11402451560895749,1,Rahu,Saturn,3.5,CLEAR,921.213914430939,3.6264441592525145,0,1,196.0,327.7922061357856,0,21.13049046446636,0.19316837681857232,-0.053264529474520254,0.7408786251374191,0.0,1.0,0,0,1,0.0,4,0.012306105
2027-09-23,180.24347322179727,0.9786362237585037,0,91.13511791577692,13.886950090502584,0,26.679227163440498,206.34046597168194,1.0276948448171486,0,191.77535602242298,1.2422519043759825,0,224.31950071866456,0.6831346641702745,0,-16.626056905002233,162.6908353849681,0.21200264147215384,0,26.260045074022813,-0.06689005286710012,1,69.92793335449537,-0.00682118978994615,1,5.380258664372306,-0.02759805944094931,1,304.8872349447037,-0.010945393843268016,1,310.2302804729896,0.0017659695189421282,0,Rahu,Saturn,3.5,CLEAR,924.7025502607747,3.4886358298357436,0,1,68.0,327.7922061357856,0,20.879786409650507,0.19080237732493846,-0.06020104758039011,0.751448130587302,0.0,1.0,0,0,1,0.0,4,0.012074716
2027-09-30,187.10888122704088,0.982821133893363,0,192.38334417325086,14.401367967812186,0,-9.044690692142337,212.36570699824352,0.6601396315975052,0,200.4730124370929,1.2427228501370098,0,229.13474815874844,0.6926140267808668,0,-18.068851489794135,164.16200507342322,0.2081391473885808,0,25.768895274974756,-0.07311668083603784,1,69.85933987457899,-0.01273422907771978,1,5.185952229188269,-0.02780938786213737,1,304.82042861245577,-0.008088392433990375,1,309.94246656031635,-0.15029308208097164,1,Rahu,Saturn,3.5,CLEAR,928.0299282127163,3.327377951941571,0,1,260.0,327.7922061357856,0,20.582943045786486,0.18732523264972273,-0.06580501275243406,0.7618754294589536,0.0,1.0,0,0,1,0.0,4,0.013292499
2027-10-07,194.00162386639536,0.9864318846652542,0,284.09765771636756,11.956418810983147,0,-24.847282898725773,214.92710763950595,0.01296042272688497,0,209.17235448493687,1.2426862331213597,0,234.01510756322932,0.7016343457333043,0,-19.40675086457882,165.60234112076364,0.20316322309159282,0,25.241548210881675,-0.07723714475391256,1,69.75072371338254,-0.018269896892707443,1,4.992706595934236,-0.02733979140323536,1,304.774890586862,-0.004928133511478652,1,309.2206464964655,0.0022729124047322006,0,Rahu,Saturn,3.5,CLEAR,931.1709353027,3.1410070899836455,0,1,160.0,327.7922061357856,0,20.248841614947438,0.18284690078243354,-0.0695134302785213,0.7717977803066348,0.0,1.0,0,0,1,0.0,4,0.011543097
2027-10-14,200.9187599464251,0.9899689747452557,0,8.274368610016623,12.622129416458975,0,7.262840198269892,211.8306924786724,-0.90603144287546,1,217.86974615223818,1.2422941195308126,0,238.95627263583472,0.7100956424758879,0,-20.622315176538603,167.0034492018148,0.19699102083568096,0,24.692100638507572,-0.07938950929799475,1,69.60415757331631,-0.023521737337090284,1,4.804128981783789,-0.02643975809259555,1,304.75138642877164,-0.0017586815695230548,1,308.8158510379503,-0.180615302252386,1,Rahu,Saturn,3.5,CLEAR,934.1041827291515,2.933247426451544,0,1,0.0,327.7922061357856,0,19.887971656723785,0.17729191875211286,-0.07145055836819528,0.7811052067234767,0.0,1.0,0,0,1,0.0,4,0.012199992
2027-10-21,207.86311980712185,0.9942278024141773,0,101.89895015838727,13.921549040130648,0,25.099966879181217,203.80101106864038,-1.1416129118909797,1,226.56536106643827,1.2422089570167452,0,243.95672634002116,0.7186063814909419,0,-21.698562795936958,168.35810118810952,0.1898418397471224,0,24.135271786014133,-0.07937757677608771,1,69.42283100621356,-0.028225534222060665,1,4.624092905893787,-0.02493447106440722,1,304.7508329377992,0.001594242838113485,0,307.7605554253259,-0.02633867650810984,1,Rahu,Saturn,3.5,CLEAR,936.8120127012603,2.7078299721088115,0,1,24.0,327.7922061357856,0,19.511178880120347,0.17085765577241016,-0.07143981909847895,0.7904670196400362,0.0,1.0,0,0,1,0.0,3,0.010626837
2027-10-28,214.83785907772747,0.9984849267131546,0,201.0397555942198,14.050670977665943,0,-12.660474124537107,199.31284508256832,-0.017050151619396662,1,235.26062132396902,1.24214668161864,0,249.01636127822368,0.7269866268133951,0,-22.61908999316975,169.65767096137316,0.18125029994975533,0,23.58533200242312,-0.07734321841823234,1,69.20972021438288,-0.03253056922379859,1,4.455731267032864,-0.02305145704881114,1,304.77335835579703,0.004878427689691694,0,307.29320682113547,-0.19642761326344332,1,Rahu,Saturn,3.5,CLEAR,939.2766031058522,2.464590404591945,0,1,24.0,327.7922061357856,0,19.129600735390255,0.1631252699547798,-0.0696088965764091,0.7996852894947347,0.0,1.0,0,0,1,0.0,3,0.011313444
2027-11-04,221.8399899351971,1.0019448486434173,0,291.9517077332906,11.960326480621028,0,-22.88242817704886,203.197488534972,1.0187448668828765,0,243.95446900062402,1.2416727617164058,0,254.13344766275299,0.7348798940475892,0,-23.367339980392003,170.89251204753077,0.17129442632529482,0,23.05802388469252,-0.07299459451867714,1,68.96934869793675,-0.0360548752994397,1,4.302854923705602,-0.020586733849303724,1,304.819436251016,0.008240707889279516,0,306.2528714913186,-0.019698884130104607,1,Rahu,Saturn,3.5,CLEAR,941.4791391414919,2.202536035639696,0,1,128.0,327.7922061357856,0,18.755168960986918,0.15416498369276535,-0.06569513506680942,0.8083678834523482,0.0,1.0,0,0,1,0.0,3,0.010265094
2027-11-11,228.86389384104828,1.0048937950205654,0,16.47836972421157,12.824360547943265,0,10.852165231977184,212.10667880515044,1.447686318138976,0,252.64282807408392,1.2406973047040741,0,259.3030658580807,0.7420997011266253,0,-23.92834833654484,172.05248667411695,0.15993451455940544,0,22.567820416005144,-0.06673540506321393,1,68.70655412940472,-0.038873399777370116,1,4.1682475549871185,-0.017788222060255158,1,304.8882921460061,0.011435576926364254,0,305.8439453747694,-0.180637007557578,1,Rahu,Saturn,3.5,CLEAR,943.4050022050568,1.9258630635648615,0,1,53.0,327.7922061357856,0,18.399572861018026,0.1439410631034649,-0.06006186455689254,0.8163096712392879,0.48834833654483845,1.0,0,0,1,0.0,3,0.012151509
2027-11-18,235.90964389873395,1.0082370961419347,0,112.6385229140541,14.182568920465963,0,22.591231460039605,222.75335889975577,1.5651527210749636,0,261.32461538881245,1.239825650843973,0,264.5226457443105,0.749170037333942,0,-24.28923986875065,173.1289192515607,0.1473537632386327,0,22.128021850348844,-0.0586914628406911,1,68.42732850905212,-0.040804513151441214,1,4.054959649729947,-0.014559501184122957,1,304.9796070248297,0.01460015338414409,0,304.7928859934544,-0.022921303388125272,1,Rahu,Saturn,3.5,CLEAR,945.0433621721063,1.638359967049496,0,1,-335.0,327.7922061357856,0,18.073062200618896,0.13261838691476943,-0.05282231655662199,0.8240870410673363,0.8492398687506473,1.0,0,0,1,0.0,3,0.01121965
2027-11-25,242.9792400329132,1.0115929898055622,0,210.47004180439671,13.599969308379356,0,-16.36185144381432,233.7902965898723,1.5804111149083977,0,270.00049098053046,1.2390076642329204,0,269.7909276854126,0.7560365402192823,0,-24.439666780994127,174.11145088826183,0.13313489927132777,0,21.749384839035823,-0.04919387140428117,1,68.13688212814432,-0.041984410464423756,1,3.964790741546869,-0.011106620741647734,1,305.09202193648935,0.01753601979222412,0,304.4354410370677,-0.16725119001883237,1,Rahu,Saturn,3.5,CLEAR,946.3830406767399,1.339678504633639,0,1,225.0,327.7922061357856,0,17.784594097488956,0.119821409344195,-0.04427448426385305,0.8316401942412106,0.9996667809941258,1.0,0,0,1,0.0,3,0.013503034
2027-12-02,250.06965670940173,1.0140095008167784,0,299.7835888601495,11.935389539148211,0,-20.52568025234294,244.83030092198717,1.5731791971428197,0,278.6693969599396,1.2376318706190377,0,275.1057701496815,0.7623108606993435,0,-24.37172773458972,174.9891885058068,0.1173573156224797,0,21.44271279746219,-0.03826820340038991,1,67.8419498889519,-0.042156310369210144,1,3.9002856262854833,-0.007324162923481285,1,305.22483585083467,0.02033281012834381,0,303.5633005306228,-0.008540257943045576,1,Rahu,Saturn,3.5,CLEAR,947.4120338352769,1.0289931585369914,0,1,225.0,327.7922061357856,0,17.542427171176705,0.10562158406023173,-0.03444138306035092,0.838541946769278,0.9317277345897175,1.0,0,0,1,0.0,3,0.012514566
2027-12-09,257.17331450344625,1.0155486501335442,0,24.27605443618157,12.879289771092354,0,14.131037419632872,255.82570643630567,1.5700680924140433,0,287.32509233433876,1.2353116280818766,0,280.461338932102,0.7677665571856408,0,-24.081565132678143,175.75104537629,0.10012470385015511,0,21.215719617863567,-0.0264345878675708,1,67.54878675246422,-0.04142169798440429,1,3.862506987747537,-0.0034212927302765075,1,305.3759394664698,0.022821733632465126,0,303.45098985954036,-0.1054689315681043,1,Rahu,Saturn,3.5,CLEAR,948.1227713490737,0.7107375137967438,0,1,220.0,327.7922061357856,0,17.35321263011603,0.0901122334651396,-0.023791129080813718,0.844543212904205,0.6415651326781422,1.0,0,0,1,0.0,3,0.01825735
2027-12-16,264.2875529574893,1.0171128518618193,0,122.62973228170831,14.617592331340102,0,19.587983880334694,266.8398737663082,1.5788806911676092,0,295.9625559281294,1.232439648073799,0,285.85368520053095,0.7728202577621646,0,-23.56887128037173,176.38823709676126,0.0816665560317634,0,21.07422710437094,-0.013964963037364015,1,67.26436756294423,-0.03974662927593029,1,3.852856960790182,0.0006285604715302234,0,305.54397843243913,0.02509816417737761,0,302.828236677463,-0.00029873533139202293,1,Rahu,Saturn,3.5,CLEAR,948.5115385329523,0.3887671838785991,0,0,260.0,327.7922061357856,0,17.22137014358076,0.07349990042858706,-0.012568466733627614,0.8501022835383811,0.12887128037172957,1.0,0,0,1,0.0,2,0.005240708
2027-12-23,271.4132193777774,1.0187619359760085,0,220.52242419617517,13.209145317491856,0,-19.8712718258511,277.9538028625134,1.5974969204420928,0,304.5786085661059,1.2292548282228735,0,291.2801799070077,0.7775826484170297,0,-22.836762269485,176.8908397054462,0.061744634188786,0,21.02093058472718,-0.0011527454774910642,1,66.99407887536938,-0.03728321888981073,1,3.871226251400138,0.004678323694775145,0,305.7264600633594,0.027040844493758313,0,302.7698837607412,-0.07996062070302316,1,Rahu,Saturn,3.5,CLEAR,948.574464532112,0.06292599915968822,0,0,67.0,327.7922061357856,0,17.14970433332704,0.055570170769907404,-0.0010374709297419579,0.8553409132587327,0.0,1.0,0,0,1,0.0,2,0.005954723
2027-12-30,278.5478722823077,1.0194649410090284,0,307.91165798799267,11.87960976954303,0,-17.797353046553635,289.195041479599,1.611059161770478,0,313.1697209188139,1.225068582381494,0,296.73813303034177,0.7816401155075425,0,-21.891626887006023,177.24972835726055,0.04058912340891188,0,21.058598336733294,0.011882913041574303,0,66.74442160228058,-0.033945565122215034,1,3.918375076819762,0.008748155009740483,0,305.92181045173913,0.02867777982696494,0,302.38013129130326,0.00889568222490904,0,Rahu,Saturn,3.5,CLEAR,948.3079288619645,-0.2665356701475048,0,0,240.0,327.7922061357856,0,17.140223259913533,0.03653021106802069,0.010694621737416874,0.8598041270582969,0.0,1.0,0,0,1,0.0,1,0.0059293737
2028-01-06,285.68320986269555,1.0190959231673864,0,32.16412310336553,12.800058968142789,0,17.169742228633716,300.3964349402657,1.573959041164865,0,321.7257189749263,1.2192467182876123,0,302.220964954825,0.78477147699273,0,-20.74416963483048,177.4572481849555,0.018644247001467013,0,21.18689662958191,0.024753998738170375,0,66.52057841814437,-0.02986309196636849,1,3.9934339071553207,0.012705830343460322,0,306.12705862985206,0.029934668185468697,0,302.4836239710667,-0.02170024542555851,1,Rahu,Saturn,3.5,CLEAR,947.7146681321849,-0.5932607297795585,0,0,144.0,327.7922061357856,0,17.193462722426588,0.016779822301320312,0.02227859886435334,0.863248624692003,0.0,1.0,0,0,1,0.0,1,0.0060569625
2028-01-13,292.81460192304866,1.018431468348538,0,131.46430154474743,15.050304384393842,0,16.53134600656719,310.8231309162413,1.3562946457622214,0,330.23554383088276,1.2118612578790735,0,307.7235433305235,0.7872727541732095,0,-19.40772946401725,177.51010149087932,-0.0036349762340159254,1,21.404329715064204,0.037234080891656786,0,66.32791165452677,-0.025149568386841587,1,4.096032004618562,0.016523839361866795,0,306.340230312523,0.03086034305349591,0,302.3357292678545,0.005703938594993321,0,Rahu,Saturn,3.5,CLEAR,946.8035016565292,-0.9111664756557047,0,0,24.0,327.7922061357856,0,17.308297710445643,-0.003271478610614333,0.03351067280249111,0.8660000295905306,0.0,1.0,0,0,1,0.0,2,0.0076242187
2028-01-20,299.9420821359695,1.0180066822472613,0,230.65807710865667,12.995377049872847,0,-22.761125172690576,318.3033486311122,0.6748842406480081,0,338.6895735594561,1.20344761135306,0,313.24212683579026,0.7894387703703156,0,-17.897410354294134,177.40586134889466,-0.026097356090360423,1,21.70703521940506,0.04922676880384552,0,66.1696201300506,-0.019941441647279002,1,4.224301550022204,0.020144187646267818,0,306.55825337706625,0.03142286851392016,0,302.3724491709987,-0.0036101099293830616,1,Rahu,Saturn,3.5,CLEAR,945.5858531037134,-1.217648552815831,0,0,200.0,327.7922061357856,0,17.482733669382856,-0.02348762048132438,0.04430409192346097,0.8683826474073473,0.0,1.0,0,0,1,0.0,2,0.008726897
2028-01-27,307.06470118324194,1.0168070106466809,0,316.4443723955349,11.820770125712995,0,-14.674614468977731,318.81549147155397,-0.5769211876660733,1,347.0798044027355,1.1933606850719245,0,318.77381165069227,0.7908533546073968,0,-16.229879034321957,177.1455630513796,-0.048158029249486214,1,22.09206038263066,0.06063537918862537,0,66.04967837739531,-0.014291834530612377,1,4.377385559091371,0.023517812629009066,0,306.7791091063071,0.03158045548253764,0,302.3725322411984,-0.005330523713101595,1,Rahu,Saturn,3.5,CLEAR,944.077493526753,-1.5083595769604017,0,0,0.0,327.7922061357856,0,17.71467482353929,-0.043342226324537596,0.05457184126976283,0.8699386900681365,0.0,1.0,0,0,1,0.0,2,0.008391497
2028-02-03,314.17492090804603,1.014557999552732,0,40.66647443971076,12.697939980582357,0,19.982630180711755,311.6246416835095,-1.2291048855728044,1,355.3906405885459,1.1807124278973722,0,324.31189100875486,0.791330985888623,0,-14.424456238630938,176.73480461536764,-0.0688778764502042,1,22.55416533202159,0.0712823353434236,0,65.9703540524979,-0.008300127836455317,1,4.552914225308391,0.026610995630864723,0,306.99957919298294,0.031377757641184376,0,302.26855088415635,0.00042401042567590555,0,Rahu,Saturn,3.5,CLEAR,942.3053304991482,-1.7721630276047335,0,0,-280.0,327.7922061357856,0,18.001251106713198,-0.06199008880518378,0.06415410180908124,0.8704640844774855,0.0,1.0,0,0,1,0.0,2,0.00852157
2028-02-10,321.2673607161299,1.0118144622705934,0,139.44924052355134,15.254235853118216,0,13.508739436063903,305.01888110785416,-0.5255885311818025,1,3.6027092618296117,1.1650504558696697,0,329.850692122387,0.7910439062040153,0,-12.50108425033531,176.18616297753664,-0.08754451294006349,1,23.087915479422303,0.08100900519384513,0,65.93386113460122,-0.0021691789043730533,1,4.749175853910103,0.029350591471946557,0,307.21757125379,0.030793112663165575,0,302.32461010341933,-0.022120538196326766,1,Rahu,Saturn,3.5,CLEAR,940.3065540088755,-1.9987764902726894,0,0,-120.0,327.7922061357856,0,18.3387396255122,-0.07879006164605715,0.07290810467446061,0.870148296824417,0.0,1.0,0,0,1,0.0,2,0.0083673075
2028-02-17,328.3417410859697,1.0095160856353238,0,240.27534468585026,12.979270975757045,0,-24.731446801618066,304.4817997002918,0.32292334204158,0,11.695886349256542,1.146940774095888,0,335.3860155072468,0.7904602291481768,0,-10.47935945606756,175.51506890855848,-0.10368761363985886,1,23.68644624679326,0.0899113818333035,0,65.94024358825415,0.00404697565177462,0,4.963172034479267,0.03178045283534483,0,307.43002118302536,0.02989423336914365,0,302.08475291641724,0.003633050837516822,0,Rahu,Saturn,3.5,CLEAR,938.124238558616,-2.18231545025958,0,0,-60.0,327.7922061357856,0,18.723274212313992,-0.09331885227587297,0.08092024364997315,0.8695062520629946,0.0,1.0,0,0,1,0.0,1,0.008307764
2028-02-24,335.3993533466258,1.0067819145965498,0,325.21910529155224,11.793264571044048,0,-11.186563794374692,308.748583901037,0.8474671952695807,0,19.652443237039158,1.1256841030239737,0,340.9153771350982,0.7891922849240539,0,-8.378564624007112,174.74192540549936,-0.11660711271018524,1,24.344407293206626,0.09789732344649239,0,65.99028923497436,0.010220072747809701,0,5.192989190145776,0.033791538580224614,0,307.63498786104446,0.028582927948583477,0,302.1442996671513,-0.05652468939541495,1,Rahu,Saturn,3.5,CLEAR,935.8084751785669,-2.3157633800490203,0,0,-140.0,327.7922061357856,0,19.15141810306085,-0.10494640143916673,0.08810759110184316,0.8681115134164594,0.0,1.0,0,0,1,0.0,1,0.008484533
2028-03-02,342.4347414445098,1.0032099651245765,0,49.95890583547342,12.697676529820981,0,22.446576283672467,315.8422011502803,1.1543738981441836,0,27.44463222282387,1.099762118687567,0,346.43280486312244,0.7870973167915521,0,-6.219348929625579,173.89237762552492,-0.12535353959448073,1,25.054874412284935,0.10495246092772827,0,66.08323932416963,0.016337987806053302,0,5.435467965684355,0.03544833189252606,0,307.8295406453176,0.0269798796489899,0,301.45310122661266,-0.055288201216414805,1,Rahu,Saturn,3.5,CLEAR,933.4212166773852,-2.387258501181691,0,0,-200.0,327.7922061357856,0,19.61940644660058,-0.11281818563503265,0.09445721483495544,0.8658070484707074,0.0,1.0,0,0,1,0.0,1,0.008386804
2028-03-09,349.44291755893585,0.9990769076915113,0,147.48176872425793,15.130965088132168,0,10.21852203896777,324.6719485604016,1.357477926571283,0,35.03429255218958,1.067520686630756,0,351.93289843590185,0.7842238517961752,0,-4.021888779199522,172.9974159104182,-0.12965234680136128,1,25.81122533272863,0.11092925334224575,0,66.21833893702359,0.022161268708412975,0,5.688172771030751,0.03663267303443514,0,308.01190608820025,0.025028079408285026,0,301.40795359696136,-0.06788300523662176,1,Rahu,Saturn,3.5,CLEAR,931.0313519764217,-2.389864700963585,0,0,-320.0,327.7922061357856,0,20.12305256169788,-0.11668711212122516,0.09983632800802118,0.8626462369757928,0.0,1.0,0,0,1,0.0,1,0.007935535
2028-03-16,356.42371568053807,0.9955801913044825,0,249.0710498886482,13.07786725759306,0,-25.775024597185492,334.75168084482084,1.5186784580079784,0,42.37454819711938,1.0285863917837166,0,357.41178558638416,0.7811745841998771,0,-1.8050950071894163,172.08767746813191,-0.12951211966481044,1,26.60605383473685,0.11605696653622354,0,66.39309812531332,0.02775760560782747,0,5.947700156142255,0.03748769897823516,0,308.17961260089635,0.022877892205478628,0,300.66867151365443,-0.046150761488062825,1,Rahu,Saturn,3.5,CLEAR,928.7069256728132,-2.3244263036084476,0,0,-210.0,327.7922061357856,0,20.658353678594597,-0.1165609076983294,0.10445126988260119,0.8592920426198648,0.0,1.0,0,0,1,0.0,1,0.008125496
2028-03-23,3.38083149825936,0.9920819582369524,0,333.9314409505145,11.812761853133642,0,-7.458103647961156,345.90866472019894,1.6688857893808124,0,49.414923949290824,0.9812581919681201,0,2.867882681125194,0.7776063218247072,0,0.41331774706275376,171.19435165973653,-0.12498347548496318,1,27.43358078959878,0.1202045414889377,0,66.60587503511006,0.03296186572156806,0,6.211696696774049,0.03785422082823922,0,308.3312022682024,0.020373098743444812,0,300.5384490818868,-0.10978518755610649,1,Rahu,Saturn,3.5,CLEAR,926.5146554597402,-2.192270213073016,0,0,70.0,327.7922061357856,0,21.22188409282473,-0.11248512793646687,0.10818408734004392,0.855366954007178,0.0,1.0,0,0,1,0.0,1,0.008848309
2028-03-30,10.31170848220592,0.9880726485389664,0,59.791859131044355,12.85964965630739,0,24.348549022466887,358.12897823816303,1.8240964359904321,0,56.08400346946619,0.9217845010616963,0,8.296913615614022,0.7734377013853888,0,2.6149041453203683,170.34850491833228,-0.11595604819391708,1,28.286886579297853,0.12345516681810678,0,66.85391654495031,0.03786082819524295,0,6.47676814541148,0.03786594294587774,0,308.4645407650954,0.017715043173719573,0,299.28949709759144,-0.12568300797975432,1,Rahu,Saturn,3.5,CLEAR,924.5222251055513,-1.9924303541888548,0,0,-90.0,327.7922061357856,0,21.810118433886373,-0.10436044337452538,0.1111096501362961,0.8507814715239278,0.0,1.0,0,0,1,0.0,1,0.010093183
2028-04-06,17.21244166004197,0.98352032099917,0,156.38488930453346,14.791201128529913,0,6.324011227311837,11.45732107231016,1.9828654588271013,0,62.27914087540571,0.8448747536130174,0,13.694272557303526,0.768556384848053,0,4.781583139079028,169.5796750500401,-0.10319146651697624,1,29.15937680856783,0.12562747324234028,0,67.13455316281672,0.04219580114765677,0,6.74045573882797,0.03736598622042399,0,308.57855749344174,0.014795538510666685,0,299.0386488768403,-0.09175276382936903,1,Rahu,Saturn,3.5,CLEAR,922.7904299611741,-1.7317951443772017,0,0,-250.0,327.7922061357856,0,22.41892106973986,-0.09287231986527861,0.11306472591810625,0.8454120233328584,0.0,1.0,0,0,1,0.0,1,0.009466141
2028-04-13,24.08315461318942,0.9797264851566396,0,257.1972114293654,13.152322689720913,0,-26.095134520018153,25.801824176228894,2.101084579090569,0,67.86127180109986,0.7460221531552677,0,19.056969941158385,0.7636681174840017,0,6.896835704459645,168.9109568734525,-0.08742168573409688,1,30.04409733241358,0.12703577923832063,0,67.44395839943508,0.04615050099484537,0,6.999442730732615,0.03658881460555825,0,308.6717974240427,0.011842140010531552,0,297.95774970989675,-0.08847627078137345,1,Rahu,Saturn,3.5,CLEAR,921.3673502362244,-1.42307972494973,0,0,-160.0,327.7922061357856,0,23.044654601680964,-0.07867951716068719,0.11433220131448857,0.8400349292324019,0.0,1.0,0,0,1,0.0,1,0.01048391
2028-04-20,30.929445756303693,0.9763547615017228,0,342.3427595637705,11.863578836376108,0,-3.6605958461421944,40.50025946493574,2.060073717773724,0,72.65777531586656,0.6189355183988117,0,24.384812653147584,0.7585012423008283,0,8.945605784607954,168.3609750550058,-0.06935905627387833,1,30.93545335187122,0.1274662442829191,0,67.77916266612452,0.049532946859619044,0,7.251385199763821,0.035321087514992355,0,308.7436204922423,0.008651475634456887,0,297.71007953360595,-0.11261408563854487,1,Rahu,Saturn,3.5,CLEAR,920.2902640582486,-1.0770861779758434,0,0,-310.0,327.7922061357856,0,23.6840681521074,-0.0624231506464905,0.1147196198546272,0.8343513665309111,0.0,1.0,0,0,1,0.0,1,0.010678307
2028-04-27,37.75185961806817,0.9728393573566964,0,69.69139424186301,13.169324273669417,0,25.518708061357657,54.04918677892924,1.7726883064595738,0,76.43741333269979,0.45365183962419187,0,29.675190305913084,0.7529596753517586,0,10.912158566288035,167.9446350901192,-0.04932295264215674,1,31.827032052527738,0.12711777105716127,0,68.13654330372782,0.052504462478310296,0,7.493359226192504,0.03377029377739917,0,308.7930556988152,0.005484717320662585,0,296.38530271154485,-0.1332497017140111,1,Rahu,Saturn,4.5,OVERCAST (CAUTION),919.5895269376788,-0.7007371205697837,0,0,-410.0,327.7922061357856,0,24.333672826335235,-0.04439065737794107,0.11440599395144514,0.8282556428869345,0.0,1.0,0,0,1,0.0,1,0.008954561
2028-05-04,44.5478023692858,0.9688235922154712,0,166.3880339511452,14.431769332759474,0,1.78851650480182,64.93506674379455,1.3206179465197878,0,78.89428560451228,0.23966366742759496,0,34.92471572984191,0.7468312521132586,0,12.781515721660051,167.67251817850314,-0.028359180492944926,1,32.71249037891917,0.12569560583400033,0,68.51249688425358,0.05478768331870383,0,7.722934136280986,0.031739379024418264,0,308.8200046517779,0.0021916633298299086,0,296.11821674898107,-0.07563655149082223,1,Rahu,Saturn,4.5,OVERCAST (CAUTION),919.2841525493957,-0.3053743882830986,0,0,-250.0,327.7922061357856,0,24.989556242638184,-0.025523262443650434,0.1131260452506003,0.8215143773245845,0.0,1.0,0,0,1,0.0,1,0.007900543
2028-05-11,51.3175856138064,0.9655969698762961,0,265.11682127890055,13.093680664027403,0,-25.886862512635695,72.37788425483745,0.7969976937022046,0,79.68095477671626,-0.021371367060486937,1,40.131468661197104,0.740852132782228,0,14.540026587871514,167.5485475934224,-0.007057521537934909,1,33.585415087599586,0.12358853747695392,0,68.90281281783382,0.05665074405042286,0,7.937503684907163,0.02952078384359639,0,308.824333151099,-0.0009451986066028207,1,295.1436837349767,-0.0804067690788506,1,Rahu,Saturn,3.5,CLEAR,919.3790471505004,0.09489460110467007,0,0,-250.0,327.7922061357856,0,25.647911402692422,-0.0063517693841414185,0.11122968372925852,0.8149373460604508,0.0,1.0,0,0,1,0.0,2,0.008479949
2028-05-18,58.067829787926144,0.9631195366959262,0,350.4229707292084,11.912233194580095,0,0.07194083441898946,75.98754985440586,0.23013485729048877,0,78.54686901782671,-0.30166332015654396,1,45.29637660367606,0.734814399974425,0,16.17575554310875,167.57313211246753,0.014054764415327705,0,34.44041602711458,0.12055450420028083,0,69.3039797292424,0.05788105772979388,0,8.135074532068934,0.026877232832606034,0,308.8064276810427,-0.004159689834059823,1,295.02617963382664,-0.05873713167748621,1,Rahu,Saturn,3.5,CLEAR,919.8712192571968,0.49217210669644373,0,0,-140.0,327.7922061357856,0,26.305341495045646,0.012649287973794936,0.10849905378025275,0.8082958399718676,0.0,1.0,0,0,1,0.0,1,0.007421376
2028-05-25,64.80186352390741,0.9608540937767338,0,79.20583033451665,13.556668396111181,0,25.925837953086628,75.67927597134253,-0.29665591625817195,1,75.56504676330579,-0.5348309340576195,1,50.41862150512647,0.7286283254801621,0,17.676633296903635,167.74492643158408,0.03495448143301248,0,35.27145988608954,0.11674395415341667,0,69.71223987806135,0.05868226914712656,0,8.313460318709748,0.024054541790759804,0,308.76669586548053,-0.007157911997921466,1,294.1383243751064,-0.08777679041677867,1,Rahu,Saturn,3.5,CLEAR,920.7540202509103,0.8828009937135448,0,0,-140.0,327.7922061357856,0,26.95799956737979,0.03145903328971124,0.105069558738075,0.8014911580281784,0.0,1.0,0,0,1,0.0,1,0.008180355
2028-06-01,71.51838823125924,0.9581235731076533,0,177.17113178124302,14.191811036048076,0,-3.1018240500871466,72.45281486732728,-0.5588901391953897,1,71.38638482630516,-0.6289513305487637,1,55.49579233168531,0.7219511087244986,0,19.031823168789572,168.06015407641485,0.05492079518171377,0,36.07222878413433,0.11189732100136719,0,70.12350336071297,0.05880820815365149,0,8.47075245612711,0.020840441192659237,0,308.7061389791041,-0.010119111278977352,1,294.06038935268805,-0.03423172837732803,1,Rahu,Saturn,3.5,CLEAR,922.0135320037932,1.2595117528828723,0,0,-160.0,327.7922061357856,0,27.601476328007223,0.04942871566354239,0.10070758890123048,0.7941462195969485,0.0,1.0,0,0,1,0.0,1,0.007927018
2028-06-08,78.217599304162,0.9561169122332732,0,273.29272697662253,12.88710706918872,0,-25.193116360088602,68.91338186523616,-0.38143460045113675,1,67.21540499053452,-0.5319849174667056,1,60.526802002105846,0.715522944260813,0,20.23206527288685,168.5115267383276,0.07383189816100655,0,36.83676925559249,0.10640820179600757,0,70.53400473817004,0.05841999943132462,0,8.60531668389866,0.017565644260853844,0,308.6260513016675,-0.012739852373187834,1,293.51576480707763,-0.04056098019321045,1,Rahu,Saturn,3.5,CLEAR,923.628326981863,1.6147949780697672,0,0,-40.0,327.7922061357856,0,28.231452571693833,0.06644870834490589,0.09576738161640681,0.7870752386868943,0.0,1.0,0,0,1,0.0,1,0.007591181
2028-06-15,84.90620058619703,0.9550484724781312,0,358.3516112590691,11.93365157478591,0,3.6856861820513136,67.81528679138508,0.09416675194547634,0,64.27019698313488,-0.29456219149462054,1,65.51326690084413,0.7091995392122745,0,21.27021144863152,169.09081284199263,0.09150961946786186,0,37.55970431755393,0.1000140569827535,0,70.93985106720281,0.0574590150197717,0,8.715842570936555,0.013993260549429556,0,308.5278658735267,-0.01526452130796385,1,293.5797860013548,-0.003217971769971442,1,Rahu,Saturn,3.5,CLEAR,925.5739109294643,1.9455839476013352,0,0,-160.0,327.7922061357856,0,28.843861746617375,0.08235865752107567,0.09001265128447815,0.780119493133502,0.0,1.0,0,0,1,0.0,1,0.07432071
2028-06-22,91.58961635037356,0.954494157029951,0,88.0912815994888,13.915892300444556,0,25.657801481867565,70.3458308912216,0.6249408047541901,0,63.183200219211265,-0.01644820386006534,1,70.45574143326667,0.7028907981857517,0,22.139846012139795,169.79050888300424,0.10821479612575124,0,38.235311361301804,0.09286922472235447,0,71.33756125099575,0.05608213170840806,0,8.80123503180638,0.010384619193577244,0,308.41335315228724,-0.01739995854298641,1,293.26247959623,-0.03430428240795862,1,Rahu,Saturn,3.5,CLEAR,927.8269638998127,2.2530529703483353,0,0,-160.0,327.7922061357856,0,29.434076329495426,0.09739331651317612,0.08358230225011902,0.773179878004327,0.0,1.0,0,0,1,0.0,1,0.040923603
2028-06-29,98.2677301387712,0.9535027334619663,0,188.1706662946277,14.126879479886657,0,-7.911194858738125,76.45431191588175,1.111954793517889,0,63.9748912695747,0.23568347454187932,0,75.35240947587033,0.6961371644814771,0,22.836628502324466,170.60226133806128,0.12348095313340843,0,38.857305717622374,0.08472297122797336,0,71.72314176564691,0.054003059943901595,0,8.860457454080523,0.006537768361690996,0,308.28451260604925,-0.01934134498666949,1,293.3049600068723,-0.0007369903125629328,1,Rahu,Saturn,3.5,CLEAR,930.3608660871569,2.5339021873442107,0,0,-280.0,327.7922061357856,0,29.99684826354185,0.11113285782006758,0.07625067410517603,0.7657508809296248,0.0,1.0,0,0,1,0.0,1,0.03520749
2028-07-06,104.94022355856565,0.9530697962848675,0,281.9488595667855,12.598928172792428,0,-23.926831130846075,85.81311369642202,1.5550058736766157,0,66.37661596049064,0.44271684544005735,0,80.20252515915749,0.6896447646263355,0,23.3581435285523,171.51633149801594,0.13743266883802097,0,39.4202816396205,0.07598989386484063,0,72.09292701607122,0.05154804030619576,0,8.893198513982803,0.0027912477815776656,0,308.1438811867585,-0.020806209375138055,1,293.19102251245863,-0.005990096255991301,1,Rahu,Saturn,3.5,CLEAR,933.1443576266918,2.783491539534907,0,0,-355.0,327.7922061357856,0,30.527083125637695,0.12368940195421887,0.06839090447835657,0.7586092410889691,0.0,1.0,0,0,1,0.0,1,0.031748794
2028-07-13,111.61304695741126,0.9536259948148977,0,6.412208919289876,11.92939493297063,0,7.192367144655292,98.07216822248589,1.9288044015818067,0,70.06722212091859,0.6046780442341383,0,85.00783203820401,0.6833425271855981,0,23.704261115689675,172.52316160851677,0.15006233220565227,0,39.91915997049121,0.06643859886674759,0,72.44339886681438,0.04852451030115013,0,8.899186674002094,-0.0010618053344825336,1,307.99368237979655,-0.022030349379090264,1,293.22413022559135,0.004568544941309356,0,Rahu,Saturn,3.5,CLEAR,936.1473828430649,3.0030252163730893,0,0,-235.0,327.7922061357856,0,31.019973296489113,0.13505609898508705,0.059794738980072835,0.7516767799041579,0.26426111568967414,1.0,0,0,1,0.0,2,0.025934726
2028-07-20,118.29284279655326,0.9549105332801855,0,96.4144131020465,14.138107647548585,0,24.81278669566181,112.38898034874069,2.121276677802872,0,74.75263330548252,0.7282667235260906,0,89.76964636583598,0.6771292996684706,0,23.876132000362666,173.61500357705438,0.1616986483366313,0,40.34899317465358,0.05623560073844998,0,72.77149553696367,0.04512647969409918,0,8.878767965498229,-0.0047688023739548896,1,307.83670930860956,-0.022757450964239406,1,293.24037114369895,0.002773031922008697,0,Rahu,Saturn,3.5,CLEAR,939.3420436798206,3.194660836755702,0,0,-160.0,327.7922061357856,0,31.470225209155352,0.1455287835029682,0.05061204066460498,0.7448422296353177,0.4361320003626652,1.0,0,0,1,0.0,2,0.030444972
2028-07-27,124.98050964880714,0.9557982975380097,0,198.8154069879549,14.230610771908351,0,-12.230075276872094,127.20854235307519,2.080728477277285,0,80.19266561643465,0.8219201788706415,0,94.48625350291303,0.6704556984778497,0,23.877453085562706,174.78355472082606,0.17197475875482723,0,40.70427920800647,0.04520715087809127,0,73.07347494106702,0.041103996215883294,0,8.832141686850346,-0.00849761754962524,1,307.6755515832802,-0.023185576396018374,1,293.17012807698495,-0.009850550589380499,1,Rahu,Saturn,3.5,CLEAR,942.6986727835251,3.356629103704563,0,0,-215.0,327.7922061357856,0,31.872137521156123,0.1547772828793445,0.040686435790282145,0.7375012683256347,0.437453085562705,1.0,0,0,1,0.0,2,0.031513844
2028-08-03,131.67488336686694,0.9569800133669335,0,291.02949897857945,12.316997554814483,0,-21.99378448090106,141.2409175949003,1.9192846512332737,0,86.21315577072318,0.8954121976084504,0,99.15662368395297,0.663952406000724,0,23.713614530020035,176.01996723798536,0.18105469135935598,0,40.9811869047876,0.03380550228310068,0,73.34637591315523,0.03677190245139866,0,8.76062102283731,-0.011936722017216593,1,307.51345921967413,-0.023094217526145884,1,293.246434826204,0.002586763771604984,0,Rahu,Saturn,3.5,CLEAR,946.1845258172584,3.4858530337332922,0,0,-55.0,327.7922061357856,0,32.22056588195029,0.1629492222234204,0.030424952054790615,0.7303476466007965,0.27361453002003344,1.0,0,0,1,0.0,2,0.009450095
2028-08-10,138.3804409154612,0.9590816839288667,0,14.842800086043132,11.931717002545504,0,10.614248826795802,154.0361125418011,1.7370251875565446,0,92.69431177079349,0.9542130281354229,0,103.78202610427755,0.6576400031037144,0,23.391581725643153,177.31563239933325,0.18899591647917047,0,41.17633111806407,0.021903794120560646,0,73.58719760747944,0.03199602263158407,0,8.66527961880465,-0.015242536123942685,1,307.35289284317565,-0.022692604463386667,1,292.9423284908824,-0.04980276003206045,1,Rahu,Saturn,3.5,CLEAR,949.7693150896648,3.5847892724063968,0,1,0.0,327.7922061357856,0,32.51105149925942,0.17009632483125342,0.01971341470850458,0.723404003414086,0.0,1.0,0,0,1,0.0,2,0.011493626
2028-08-17,145.1041228063032,0.9620125573971324,0,104.55067874009534,14.161458971906074,0,23.39874546992668,165.57864893938358,1.5619917920870783,0,99.54539554815779,1.0014613599650537,0,108.36383715542848,0.6513866370305358,0,22.919233103705054,178.66400489419317,0.19607361880756682,0,41.28724918906071,0.009715049266686643,0,73.79376498642883,0.026943974555373836,0,8.548120874421599,-0.018200762142183507,1,307.1970120687269,-0.02179186089946088,1,292.9233831581107,0.011043572839573166,0,Rahu,Saturn,3.5,CLEAR,953.4252738749469,3.6559587852821096,0,1,180.0,327.7922061357856,0,32.73912831463911,0.17646625692681014,0.00874354434001798,0.7165253007335894,0.0,1.0,0,0,1,0.0,2,0.010842877
2028-08-24,151.84755290449968,0.9646070055371015,0,208.67664662469636,14.443172835038009,0,-15.80369174024713,175.90214573538762,1.385752715392688,0,106.69218150449356,1.039194089073502,0,112.89985814501895,0.6445839773422513,0,22.30665027870077,180.05768881990537,0.20196213389776146,0,41.31140719160555,-0.002769941424264638,1,73.9631309051039,0.02143911716651432,0,8.410780491484555,-0.020932238145433168,1,307.0483301005676,-0.020576572911009318,1,292.52524567703944,-0.06781119275256306,1,Rahu,Saturn,3.5,CLEAR,957.1234182659141,3.6981443909671725,0,1,120.0,327.7922061357856,0,32.900626700120995,0.18176592050798532,-0.002492947281838174,0.7090423750764765,0.0,1.0,0,0,1,0.0,3,0.018178761
2028-08-31,158.60852649016104,0.9671422497910926,0,300.28270778815306,12.108310393747306,0,-19.40425653102878,184.91876597983003,1.183000076028229,0,114.08046421639088,1.07092432868285,0,117.38804490145795,0.6377420513245563,0,21.5647587696391,181.4889856231316,0.20676693214008762,0,41.24908343544568,-0.01503382423748837,1,74.09361175051565,0.015772239518044157,0,8.256241298592391,-0.02319252792314322,1,306.91004205812084,-0.018916536076967767,1,292.4935215215014,-0.018161449222967706,1,Rahu,Saturn,3.5,CLEAR,960.8326280338681,3.7092097679540075,0,1,240.0,327.7922061357856,0,32.992842136853284,0.18609023892607887,-0.013530441813739533,0.701516256457012,0.0,1.0,0,0,1,0.0,3,0.017760023
2028-09-07,165.38935924812637,0.970414729969597,0,23.706310397261074,11.985537148631307,0,13.922263850856664,192.29879350774112,0.9081715453385264,0,121.67538283437109,1.09843387239474,0,121.82849524615456,0.6309924991595708,0,20.704726640394448,182.95013762504573,0.21058663324286558,0,41.10152124097968,-0.0270374710078053,1,74.1834511149212,0.009898699308892528,0,8.086927201894337,-0.025084667002247155,1,306.7841331737351,-0.01697643132064265,1,291.6564411815638,-0.14594604730028052,1,Rahu,Saturn,3.5,CLEAR,964.5250567286748,3.692428694806722,0,1,240.0,327.7922061357856,0,33.01459403908534,0.18952796991857904,-0.02433372390702477,0.694091749075528,0.0,1.0,0,0,1,0.0,3,0.019715982
2028-09-14,172.19636446569316,0.9744902832104265,0,113.04801902649965,14.017763340272253,0,21.318145262359536,197.2791267638379,0.48017009108501346,0,129.45004725372016,1.1222379576594523,0,126.22181861253152,0.6241453661492823,0,19.737812153830255,184.43540800184348,0.21359809701594362,0,40.871870288706255,-0.0385052232387612,1,74.23210050815298,0.003954901596320793,0,7.90631194224083,-0.026468045315695632,1,306.67334193925984,-0.014651610447587221,1,291.33883044691964,-0.0024811417257117694,1,Rahu,Saturn,3.5,CLEAR,968.1757092569916,3.650652528316755,0,1,247.0,327.7922061357856,0,32.96555834646543,0.19223828731434928,-0.03465470091488508,0.6865599027642105,0.0,1.0,0,0,1,0.0,3,0.014882555
2028-09-21,179.0314309409687,0.9782936560265405,0,217.59614833434173,14.650046379277372,0,-18.601401152743165,198.41239089891417,-0.20344040158248394,1,137.37737813222574,1.142161811175486,0,130.56454595538224,0.6165536817046807,0,18.676931901281183,185.93779110856676,0.21551169120886743,0,40.56394650758296,-0.04924626267037694,1,74.23830958911881,-0.002128442398175814,1,7.717214816757599,-0.027417035037736764,1,306.5793956638712,-0.012090701817422207,1,290.56150538330775,-0.1412582318754698,1,Rahu,Saturn,3.5,CLEAR,971.7589804341133,3.5832711771216736,0,1,243.0,327.7922061357856,0,32.846731690825365,0.1939605220879807,-0.04432163640333925,0.6782090498751489,0.0,1.0,0,0,1,0.0,4,0.017655319
2028-09-28,185.89127143390263,0.9816318804961748,0,309.3738948312556,12.002291279810335,0,-16.311025503317847,194.10105262510007,-0.992828387993557,1,145.43435171840645,1.1594852169655774,0,134.85266750934977,0.6085616126829455,0,17.5351635384377,187.45000991976508,0.21634081799024452,0,40.185387413353624,-0.05872946955563094,1,74.20257783773148,-0.008095121511514022,1,7.5238049797506195,-0.027794752451346667,1,306.50468430222855,-0.009264020143184483,1,290.29364161715097,-0.0437414023921116,1,Rahu,Saturn,3.5,CLEAR,975.248196951035,3.489216516921715,0,1,195.0,327.7922061357856,0,32.661582433603,0.19470673619122006,-0.05285652260006785,0.6694177739512401,0.0,1.0,0,0,1,0.0,4,0.017836513
2028-10-05,192.7754334681018,0.9854122520277242,0,32.83608715292239,12.12041247233443,0,17.007980441809593,186.5046880216511,-0.946184841104527,1,153.6065063949294,1.1751883064525006,0,139.0841309020927,0.6004200606560222,0,16.32474899020838,188.96425052424283,0.21621359516603228,0,39.745030593889574,-0.06680843427293473,1,74.12541054781249,-0.01388774166063565,1,7.329301903479533,-0.027661876778284546,1,306.4501054770201,-0.00627355908949987,1,289.07133197188926,-0.21627172136603176,1,Rahu,Saturn,3.5,CLEAR,975.3506101415849,0.10241319054989617,0,1,120.0,327.7922061357856,0,32.41572869041004,0.19459223564942907,-0.06012759084564126,0.6604620667216244,0.0,1.0,0,0,1,0.0,4,0.018154368
2028-10-12,199.68873032565295,0.9898524042348633,0,122.36133533773584,13.831227455352865,0,18.453590647994883,183.58257468089175,0.19089837718894753,0,161.88332575393724,1.1892662773444962,0,143.25764028098482,0.5918488049323709,0,15.057483411802894,190.47489873571598,0.2152055892183293,0,39.253895734461,-0.07326498735448425,1,74.00881665329076,-0.01941387814749436,1,7.137861137461208,-0.02698245162477143,1,306.4173353212312,-0.0031002405491339447,1,288.50739276722084,-0.00956941102433463,1,Rahu,Saturn,3.5,CLEAR,975.1829626641193,-0.16764747746560715,0,1,-120.0,327.7922061357856,0,32.11603459699979,0.19368503029649636,-0.06593848861903583,0.651033685425608,0.0,1.0,0,0,1,0.0,4,0.016654337
2028-10-19,206.63281525087962,0.9940698965375183,0,225.8086863170772,14.698642804332538,0,-20.79503349584258,188.67481036447882,1.1633584278507008,0,170.25084960861832,1.2010986596054731,0,147.3672166462436,0.5821518011735927,0,13.74669430391571,191.9744074210829,0.2130724798607397,0,38.72356883454692,-0.07785077359158438,1,73.85422673964759,-0.024628110661609866,1,6.95264233372621,-0.02578952618426664,1,306.40682969487216,0.00016861413358107758,0,287.6021656529408,-0.17156716332606003,1,Rahu,Saturn,3.5,CLEAR,974.8947940895508,-0.2881685745684308,0,1,-40.0,327.7922061357856,0,31.770926500820707,0.19176523187466574,-0.07006569623242594,0.6403669812909519,0.0,1.0,0,0,1,0.0,3,0.017133536
2028-10-26,213.60344955450543,0.9974304638271762,0,318.0193396061828,11.990259369951325,0,-12.962607551086519,198.4747473113895,1.5589432336189566,0,178.6941407985413,1.211012043369602,0,151.40538339231685,0.5714611127547905,0,12.405756470394016,193.45495588756552,0.20971591482447746,0,38.169057809058586,-0.08024919992723357,1,73.6651359057995,-0.02933826111495465,1,6.777947505213167,-0.024078925380619006,1,306.41969440166963,0.0034676471051988495,0,287.2653185991359,-0.03147003801839404,1,Rahu,Saturn,3.5,CLEAR,974.4908830082595,-0.40391108129131226,0,1,-40.0,327.7922061357856,0,31.39111030384542,0.18874432334202973,-0.07222427993451022,0.6286072240302696,0.0,1.0,0,0,1,0.0,3,0.018302156
2028-11-02,220.59711609884943,1.0008455032631902,0,41.87554019037004,12.326031796642333,0,19.710816961024477,209.78954675762483,1.6448697387161375,0,187.20274938657548,1.2198944131847946,0,155.3662771974542,0.5601260988689435,0,11.046706404341723,194.90810359078657,0.20532845974677907,0,37.60529007608109,-0.0804383906543884,1,73.44502974946795,-0.0334131498550043,1,6.616737168714794,-0.021877616416981424,1,306.45544808298547,0.006771670059517072,0,286.17853645343996,-0.19647957225934332,1,Rahu,Saturn,3.5,CLEAR,973.9791633329651,-0.5117196752944437,0,1,16.0,327.7922061357856,0,30.988552907366298,0.18479561377210116,-0.07239455158894957,0.6161387087558379,0.0,1.0,0,0,1,0.0,3,0.01870293
2028-11-09,227.61641901592765,1.0046917358583591,0,132.58287023607048,13.75639000342213,0,14.809009198867885,221.28054943531214,1.6310375420836347,0,195.77050668661056,1.2278064145644985,0,159.2447612548388,0.547731492486807,0,9.680995900326472,196.32710928874135,0.19987247549575843,0,37.04789646877174,-0.07850103840547722,1,73.19886851196867,-0.03684442790575108,1,6.472644699734108,-0.01926286527469257,1,306.5144075959364,0.010024619017920011,0,285.7099152056364,0.00988375976149043,0,Rahu,Saturn,3.5,CLEAR,973.3689218320646,-0.610241500900429,0,1,-148.0,327.7922061357856,0,30.57525176903763,0.17988522794618259,-0.07065093456492949,0.6025046417354877,0.0,1.0,0,0,1,0.0,3,0.02751572
2028-11-16,234.66246038129762,1.008357437390287,0,233.9324875668348,14.48288824442634,0,-22.608038551313378,232.5847938182026,1.5986869024251051,0,204.38857894227544,1.2342428097792808,0,163.03004916954572,0.5334598458549125,0,8.32192245934653,197.7033450145876,0.19315041848443684,0,36.511395537243246,-0.07436069362527538,1,72.93095881232841,-0.03951190096765405,1,6.348034344408616,-0.01622190343155677,1,306.5956481535753,0.013219916767415381,0,285.0838974716395,-0.12928687905235095,1,Rahu,Saturn,3.5,CLEAR,972.6706213175062,-0.6983005145584684,0,1,100.0,327.7922061357856,0,30.16336119283463,0.17383537663599316,-0.06692462426274784,0.5868058304404038,0.0,1.0,0,0,1,0.0,3,0.030794265
2028-11-23,241.730398780522,1.01087052176786,0,326.12853768608426,12.032590696599517,0,-9.595460802767436,243.67817097902088,1.5726901169521181,0,213.04588954347423,1.2390487092384366,0,166.70833741892963,0.5171670195921176,0,6.983127294950682,199.02767210219145,0.18497668265754763,0,36.01165747400152,-0.06812108366729519,1,72.64753040450705,-0.041346306069580264,1,6.246123843267833,-0.012877750954845847,1,306.69888886613313,0.01621208084221527,0,284.9181967172366,0.009855520007794199,0,Rahu,Saturn,3.5,CLEAR,971.8972830767477,-0.7733382407584486,0,1,220.0,327.7922061357856,0,29.765533630733685,0.16647901439179288,-0.06130897530056567,0.5688837215513295,0.0,1.0,0,0,1,0.0,3,0.033657145
2028-11-30,248.81395834522522,1.0130231771260152,0,50.44852785466707,12.537639877081455,0,21.891175760473974,254.63192030003913,1.5589660723357186,0,221.73365828428,1.2431045628544195,0,170.26667553015545,0.49922258435247896,0,5.676810986381891,200.29032768163998,0.17560687847886405,0,35.562148378207326,-0.060007479208478605,1,72.35445442917562,-0.042210106747047386,1,6.168562346538854,-0.009217061591719368,1,306.82236218996997,0.019058908087351865,0,284.4047043424224,-0.1059955665547988,1,Rahu,Saturn,3.5,CLEAR,971.0641844784113,-0.8330985983363917,0,1,160.0,327.7922061357856,0,29.39358603166847,0.15804619063097766,-0.05400673128763075,0.5491448427877269,0.0,1.0,0,0,1,0.0,3,0.03918507
2028-12-07,255.91320177441048,1.0153451357863423,0,143.33220649865174,13.903129680808053,0,10.616108303725444,265.52410466683716,1.5536339619178172,0,230.44824578680647,1.2466552277503309,0,173.6921893640484,0.47898682059801856,0,4.414684673990238,201.48313178345035,0.1649281597790714,0,35.17492878113857,-0.0504370495142718,1,72.05853030214573,-0.04223421567395561,1,6.11741589676389,-0.00540880780464282,1,306.96510351770894,0.021645505463795046,0,284.22632487124145,0.028994004430782608,0,Rahu,Saturn,3.5,CLEAR,970.1868535688736,-0.8773309095377044,0,1,0.0,327.7922061357856,0,29.057512884374677,0.14843534380116427,-0.04539334456284463,0.5268855026578204,0.0,1.0,0,0,1,0.0,3,0.029388472
2028-12-14,263.02875341150315,1.0175684144284731,0,242.65022895860577,14.042934565126373,0,-24.08930307394234,276.3665988742043,1.5404123603200606,0,239.18518893882273,1.24945964758189,0,176.96450718881368,0.4553388923096798,0,3.210924043200365,202.5960190891558,0.15280944698222784,0,34.85935594534678,-0.03947325895974876,1,71.7655012973912,-0.041287957051958715,1,6.0934289814006295,-0.0013792998370824577,1,307.12505920233065,0.02405284484552842,0,284.0445695035883,-0.050949507701018214,1,Rahu,Saturn,3.5,CLEAR,969.280884190121,-0.9059693787526157,0,1,0.0,327.7922061357856,0,28.76592696394615,0.13752850228400507,-0.035525933063773885,0.5008727815406478,0.0,1.0,0,0,1,0.0,3,0.029940423
2028-12-21,270.15583624705226,1.0185139348068346,0,333.8984629279383,12.070521333135813,0,-6.312401922585695,286.9660326553658,1.4717214627487893,0,247.9375940524307,1.2510528168416402,0,180.0575091683253,0.42773813298427693,0,2.0806043187288,203.6183996181431,0.1390300252159838,0,34.62450281604232,-0.027508675036888308,1,71.48237896294313,-0.03947200420832473,1,6.097958924689971,0.0026548262124086465,0,307.3007854437378,0.026075088918092917,0,284.03920973416217,0.01748746479029712,0,Rahu,Saturn,3.5,CLEAR,968.3631870384106,-0.9176971517103993,0,0,104.0,327.7922061357856,0,28.526543891352354,0.12512702269438541,-0.024757807533199477,0.47051194628270465,0.0,1.0,0,0,1,0.0,2,0.033606675
2028-12-28,277.286460517011,1.0187646729196678,0,58.43260830805008,12.663285787235871,0,23.48690756179967,296.5533415191562,1.2180756176118932,0,256.69895895642856,1.2521715763667882,0,182.94431917556224,0.3964136181256461,0,1.037481913417853,204.53951633317934,0.12395084933657294,0,34.476007684254924,-0.014819463565325212,1,71.21522929626403,-0.03669442817788398,1,6.130858724081384,0.006762412387207373,0,307.48962716540507,0.02784923070078866,0,284.00068051396346,-0.01383570255805416,1,Rahu,Saturn,3.5,CLEAR,967.451204261718,-0.9119827766926392,0,0,200.0,327.7922061357856,0,28.34514896017354,0.11155576440291565,-0.013337517208792692,0.43605497993821074,0.0,1.0,0,0,1,0.0,2,0.052187167
2029-01-04,284.4184023308094,1.0189496233168076,0,153.8944210284054,14.283742282715181,0,6.303418182487932,302.9157623472299,0.490262055948452,0,265.46766051707965,1.2531412047862256,0,185.5963040836256,0.36033880349151126,0,0.0951386734755643,205.35040528754456,0.10746111322244856,0,34.41749103426608,-0.0019063379245154888,1,70.97019536539985,-0.03323571851853155,1,6.192238467959984,0.010721001903954353,0,307.68969566769135,0.029220040183686128,0,283.9755914408744,0.0017982589203481203,0,Rahu,Saturn,3.5,CLEAR,966.560999395417,-0.8902048663010191,0,0,72.0,327.7922061357856,0,28.225252566306093,0.0967150019002037,-0.00171570413206394,0.39637268384066243,0.0,1.0,0,0,1,0.0,2,0.051684074
2029-01-11,291.5522540531289,1.0192121006274915,0,252.24494748568824,13.549214618519105,0,-25.02002411415019,301.9417875046045,-0.803717168053804,1,274.2428406684062,1.2539780898733806,0,187.9740105185066,0.3178121442147759,0,-0.7294493232663076,206.0407933665694,0.0895573190133359,0,34.45006408799395,0.011256515329555902,0,70.75194124462213,-0.028978044184605426,1,6.281102199682516,0.014676042751566138,0,307.8982995578448,0.030348178343425507,0,284.0054743411966,0.011123032001280385,0,Rahu,Saturn,3.5,CLEAR,965.7072833735544,-0.8537160218625104,0,0,-184.0,327.7922061357856,0,28.168961888311436,0.08060158711200231,0.010130863796600312,0.3495933586362535,0.0,1.0,0,0,1,0.0,1,0.01132747
2029-01-18,298.6842749676371,1.0182812260522518,0,341.73531499701875,12.057625484992446,0,-3.03831091442361,293.6977139512496,-1.2486394799471914,1,283.0211404925723,1.2539763799003607,0,190.02808770832368,0.2678499862698295,0,-1.417679716973221,206.60042325735225,0.07011808314534318,0,34.57453185856278,0.024252379199645513,0,70.56563290048648,-0.024166062497298496,1,6.396898132106051,0.018360020589305696,0,308.11325902496895,0.030989774791118967,0,283.9182018237477,-0.041930451241936915,1,Rahu,Saturn,3.5,CLEAR,964.9047477510351,-0.8025356225193718,0,0,-84.0,327.7922061357856,0,28.177633726456726,0.06310627483080887,0.021827141279680964,0.29463498489681245,0.0,1.0,0,0,1,0.0,1,0.010528073
2029-01-25,305.8063010553924,1.0164972413311222,0,66.12274163512201,12.656214528140936,0,24.496933732573634,287.89894424940763,-0.3204926941167875,1,291.7977833289106,1.2536150189146644,0,191.70713638794595,0.2106304926449777,0,-1.952398079181008,207.02033565564872,0.049727831408649,0,34.78900767061615,0.036959083440453164,0,70.41514761841061,-0.01873886422979703,1,6.537908814366488,0.021903270169852666,0,308.33158571943574,0.03134441966391797,0,283.84701925133805,0.0309286910920011,0,Rahu,Saturn,3.5,CLEAR,964.1671237979499,-0.7376239530851763,0,0,-24.0,327.7922061357856,0,28.251098856249662,0.0447550482677841,0.033263175096407846,0.2316935419094755,0.0,1.0,0,0,1,0.0,1,0.008844404
2029-02-01,312.9146347135122,1.0144852945750977,0,163.6028567981288,14.78435117423694,0,2.281335560492109,288.8489971846822,0.5203343497522114,0,300.5715007968358,1.2531716893995826,0,192.95762240426828,0.14511510984484385,0,-2.316841177335573,207.2944736361788,0.028440880401740476,0,35.09025557510444,0.048975221452793836,0,70.30378904480872,-0.013062450283936395,1,6.702576762679169,0.02506484455713807,0,308.550944375166,0.0312425221957556,0,283.71980729431164,-0.07047237327819858,1,Rahu,Saturn,3.5,CLEAR,963.5056893392855,-0.6614344586644165,0,0,-24.0,327.7922061357856,0,28.387678812425275,0.02559679236156643,0.044077699307514456,0.15962662082932824,0.0,1.0,0,0,1,0.0,1,0.010841102
2029-02-08,320.0103687511524,1.012827234735758,0,262.4188986779734,13.180773046754533,0,-25.095878267331656,294.2802595439432,0.9824996109176529,0,309.34297217331033,1.2529255918249884,0,193.7158829573783,0.06985232500136832,0,-2.491293394092643,207.4172093832575,0.006527449814394663,0,35.47376745485711,0.06050823150802825,0,70.2333917494268,-0.0069989161253630585,1,6.8886435637132415,0.028056026249625155,0,308.76862991595334,0.03089960631475182,0,283.5638982773631,0.027209183561210208,0,Rahu,Saturn,3.5,CLEAR,962.9295236669468,-0.576165672338675,0,0,44.0,327.7922061357856,0,28.58512389114387,0.005874704832955197,0.05445740835722542,0.07683755750150516,0.0,1.0,0,0,1,0.0,1,0.0095291985
2029-02-15,327.091812857737,1.0102568844095416,0,349.9817057330173,11.991708198147329,0,0.37251314259383744,302.12638213893126,1.2369395557451859,0,318.11075173008703,1.2520474138441444,0,193.91431201111806,-0.014362279885021955,1,-2.4572008504720726,207.3846759903436,-0.0158111983623351,1,35.93529406357245,0.07121945222057886,0,70.20584167451526,-0.0008520115833231673,1,7.094137036586092,0.030593633591272044,0,308.982200511436,0.030055850202744892,0,283.14007690327884,-0.1464627355681758,1,Rahu,Saturn,3.5,CLEAR,962.4472823261585,-0.48224134078827774,0,0,72.0,327.7922061357856,0,28.84115702698636,-0.014230078526101591,0.06409750699852097,-0.015798507873524152,0.0,1.0,0,0,1,0.0,2,0.009835315
2029-02-22,334.1521374523492,1.0068739865580587,0,74.06576919223077,12.564095911172508,0,24.92176626508275,311.3934027040541,1.4018717299216372,0,326.87079007777584,1.2507710550842663,0,193.50299560550155,-0.10364104054357108,1,-2.204722317155635,207.19723016245405,-0.037603794231283696,1,36.4691044226994,0.081150637752395,0,70.22193189709559,0.005456137688043477,0,7.316408547207982,0.03285776215192158,0,309.18891860771794,0.0289607603712229,0,282.58324685654594,0.021600219183366434,0,Rahu,Saturn,3.5,CLEAR,962.0660265787553,-0.3812557474032019,0,0,136.0,327.7922061357856,0,29.15269587549142,-0.03384341480815533,0.0730355739771555,-0.1140051445979282,0.0,1.0,0,0,1,0.0,1,0.006906159
2029-03-01,341.1871995761061,1.0031883961597496,0,172.28909934316593,15.193184721715163,0,-1.3217551321058785,321.67851900092415,1.5341936764086355,0,335.6209073525397,1.2492736305836543,0,192.4619398336377,-0.19347626169854124,1,-1.7356452819348256,206.86029384755378,-0.058478649147813325,1,37.06878342433265,0.09000818593689007,0,70.28163928571598,0.011557933189842199,0,7.552854947502218,0.034612182652727745,0,309.38654024645007,0.027430965621378207,0,282.2043643533001,-0.1501617536075556,1,Rahu,Saturn,3.5,CLEAR,961.7901980785321,-0.27582850022326966,0,0,56.0,327.7922061357856,0,29.51592847683043,-0.052630784233031996,0.08100736734320106,-0.21282388786839537,0.0,1.0,0,0,1,0.0,1,0.00691129
2029-03-08,348.19886646259926,1.0001659703812582,0,272.53926916593707,13.02491751544841,0,-24.2197285633078,332.86235801498503,1.661719368013461,0,344.36181273827333,1.2481139804295265,0,190.80719886181186,-0.27761769453265356,1,-1.0651488872611024,206.38227484393335,-0.07782837763456044,1,37.727764736532066,0.09812295003920085,0,70.38396124858409,0.0176436732392968,0,7.800652034848959,0.036112714980699075,0,309.5727993826316,0.025723599975833313,0,281.6772113899326,0.008692811239893107,0,Rahu,Saturn,3.5,CLEAR,961.622323731905,-0.1678743466270589,0,0,56.0,327.7922061357856,0,29.927112701683107,-0.0700455398711044,0.08831065503528077,-0.3053794639859189,0.0,1.0,0,0,1,0.0,1,0.0067584487
2029-03-15,355.18813428187116,0.9966484688124446,0,358.6829936864381,11.911275628411149,0,3.9638566659437378,344.96027006900675,1.7964905258695587,0,353.093270932722,1.2465110823588315,0,188.6142069581396,-0.3450210906166255,1,-0.23236725071436382,205.77538390117905,-0.09510768479270683,1,38.43998681789611,0.10521705309948633,0,70.52780456609497,0.02342378123050982,0,8.05705839698737,0.037084478928057066,0,309.74551843484613,0.023584702489771476,0,280.9098023522519,-0.23263205719292931,1,Rahu,Saturn,3.5,CLEAR,961.5645722624977,-0.057751469407321565,0,0,-24.0,327.7922061357856,0,30.38292842090874,-0.08559691631343615,0.0946953477895377,-0.37952319967828807,0.0,1.0,0,0,1,0.0,1,0.0068738353
2029-03-22,2.1505234548022325,0.9925019575627402,0,82.67229106005611,12.494996473970437,0,24.72601376307828,358.0285021328311,1.9366886470922797,0,1.812135481631413,1.244525007124243,0,186.04517678063786,-0.383393593515137,1,0.6916530554731695,205.0584143707823,-0.10915720912644136,1,39.19879117059353,0.11141414766914964,0,70.71153106003885,0.02901230831217896,0,8.319169244502778,0.03773454465523578,0,309.9026945988042,0.021283735933746696,0,279.8896529506629,-0.00668813492505813,1,Rahu,Saturn,3.5,CLEAR,961.6176729224694,0.053100659971732966,0,0,-240.0,327.7922061357856,0,30.879621926090753,-0.09824148821379723,0.10027273290223468,-0.42173295286665075,0.0,1.0,0,0,1,0.0,1,0.006855066
2029-03-29,9.08225412585956,0.9880472803864288,0,180.43836117258644,15.323121528345643,0,-4.706059939866627,12.002698094188068,2.0436371803867157,0,10.515643600939272,1.2421964316341616,0,183.3293701209334,-0.3866007570907248,1,1.6153149226330046,204.25542840208914,-0.1196404021137983,1,39.997023462912374,0.11648389978282551,0,70.93265341969708,0.03408806022155774,0,8.5838875677657,0.0377993350092269,0,310.0425930665319,0.018647361838476567,0,279.3864395391411,-0.18369103651375576,1,Rahu,Saturn,3.5,CLEAR,961.7801207063303,0.1624477838608982,0,0,-48.0,327.7922061357856,0,31.413135895146674,-0.10767636190241847,0.10483550980454297,-0.4252608327997973,0.0,1.0,0,0,1,0.0,1,0.0075733657
2029-04-05,15.985859104849393,0.9844990106942049,0,282.053089648385,13.057021737186934,0,-22.593764531759906,26.3018663732608,2.0041328257625652,0,19.204357363477115,1.240314446469277,0,180.71306261086835,-0.35546887450477604,1,2.4470842776003328,203.39291415496618,-0.12615168218253314,1,40.82808995729505,0.12079705622448707,0,71.18838256309967,0.03888730512517211,0,8.848547829237727,0.03768369616721362,0,310.16387118135924,0.01594313061996184,0,278.68275632822395,0.0008474207747928909,0,Rahu,Saturn,3.5,CLEAR,962.0490227634807,0.26890205715039883,0,0,-160.0,327.7922061357856,0,31.97954212805732,-0.11353651396427983,0.10871735060203837,-0.39101576195525367,0.0,1.0,0,0,1,0.0,1,0.0075294576
2029-04-12,22.865009100516463,0.9809274425133461,0,7.595581058929689,11.860981236654032,0,7.6084910199464835,39.405723082283835,1.6919085919627215,0,27.87956109302563,1.2382863524496832,0,178.42369007391395,-0.294169280519627,1,3.1075055808614436,202.49902051551078,-0.1284676607129024,1,41.68574368898726,0.12410801430068417,0,71.47576502072538,0.043166258903389466,0,9.110138867684734,0.037006693524507514,0,310.26499557211054,0.01294121651924559,0,277.93750967033145,-0.23052225490373046,1,Rahu,Saturn,3.5,CLEAR,962.4215388972298,0.372516133749059,0,0,-160.0,327.7922061357856,0,32.57560482130253,-0.11562089464161215,0.11169721287061576,-0.3235862085715897,0.0,1.0,0,0,1,0.0,1,0.0085386
2029-04-19,29.71798136645375,0.9769712142489719,0,91.98070427099678,12.540586231978233,0,23.860179001203743,49.45233916700509,1.1521955717206702,0,36.53981925528021,1.2360007697505921,0,176.64457279933015,-0.2116177799822049,1,3.539011135131907,201.6054543538985,-0.12608172852126528,1,42.56364238070769,0.1265478600625169,0,71.79187632273398,0.04705632324614461,0,9.365993247273806,0.03601928770254561,0,310.3450571516322,0.009908787661055287,0,276.93625897790065,-0.008053883284334703,1,Rahu,Saturn,3.5,CLEAR,962.8936383422035,0.47209944497376455,0,0,-200.0,327.7922061357856,0,33.197649133433885,-0.11347355566913876,0.11389307405626521,-0.2327795579804254,0.0,1.0,0,0,1,0.0,1,0.00875392
2029-04-26,36.54174100727531,0.9727347240338371,0,188.848526821527,15.147111864615544,0,-8.159222832350936,55.29860123563106,0.5086641999794459,0,45.18256355896361,1.2333622822219237,0,175.48181467451369,-0.12005933857616342,1,3.716408064063173,200.74364475383078,-0.11947138390775383,1,43.454790152057896,0.12792411679648596,0,72.13289540529931,0.05029554129099178,0,9.61312412701384,0.0345380542962518,0,310.4031747056771,0.006697418707038502,0,276.59978014927196,-0.14250335228780894,1,Rahu,Saturn,3.5,CLEAR,963.4594413992445,0.5658030570409665,0,0,-200.0,327.7922061357856,0,33.841666025044056,-0.10752424551697845,0.11513170511683737,-0.13206527243377977,0.0,1.0,0,0,1,0.0,1,0.0092927
2029-05-03,43.3391206203791,0.9695150453270575,0,290.7683428525814,13.17266218336367,0,-20.54304695328382,56.56962971682456,-0.13205368270489767,1,53.80831728870993,1.231186795857803,0,174.96215339484874,-0.02897080868410273,1,3.6429524365650647,199.94186772956581,-0.10907022232570009,1,44.35317407115165,0.12857477604073406,0,72.49531630463233,0.05313344225029609,0,9.849234236616082,0.03282537423112737,0,310.4392383167309,0.003558982102170263,0,276.06817101727535,0.017451361499883078,0,Rahu,Saturn,3.5,CLEAR,964.1121559758028,0.65271457655831,0,0,-104.0,327.7922061357856,0,34.503939834535565,-0.09816320009313008,0.11571729843666065,-0.031867889552513004,0.0,1.0,0,0,1,0.0,1,0.00950419
2029-05-10,50.11585175040094,0.9667198047369836,0,16.383115328073927,11.856869228820024,0,11.084624097457327,53.95158274955474,-0.5546246965864957,1,62.41944365691326,1.2291523642300564,0,175.06601879090178,0.05772969063526899,0,3.3345513529979547,199.22430929813436,-0.09538116687443761,1,45.2527222928134,0.12831866867529554,0,72.87532889332778,0.05537964141189455,0,10.071592275622478,0.030673374184424965,0,310.45266499283395,0.00030424596084583066,0,275.70507522735,-0.14108645361663072,1,Rahu,Saturn,3.5,CLEAR,964.8453278009877,0.7331718251848542,0,0,0.0,327.7922061357856,0,35.181130017190924,-0.08584305018699386,0.11548680180776599,0.0635026596987959,0.0,1.0,0,0,1,0.0,1,0.009823476
2029-05-17,56.87290828382184,0.9637856166506867,0,101.71667391911286,12.738667800172777,0,22.32449736409317,49.91067942297499,-0.5170435569939038,1,71.01617404056059,1.226977832036589,0,175.75438087961126,0.13756743551499442,0,2.811025194766887,198.61363810867635,-0.07868531544945812,1,46.14767139546485,0.12720743413760016,0,73.26958446575931,0.0571507435754239,0,10.278129035285453,0.028265752020634232,0,310.4438589393259,-0.002825119232223879,1,275.1241163718057,0.011580335001863905,0,Rahu,Saturn,3.5,CLEAR,965.6514510528668,0.8061232518791712,0,0,-160.0,327.7922061357856,0,35.869542360179395,-0.0708167839045123,0.11448669072384014,0.15132417906649387,0.0,1.0,0,0,1,0.0,2,0.00974975
2029-05-24,63.60802822724673,0.9605951997590152,0,198.09649475634586,14.795901001238189,0,-11.776128377816066,47.62427935928572,-0.09670949701156763,1,79.59591668392093,1.2243647681774716,0,176.9702246191891,0.20817956495852324,0,2.097030503096283,198.12725439422704,-0.05999434571182005,1,47.03116057236757,0.1251009747387689,0,73.67372255151406,0.058246371487258725,0,10.46627411497888,0.02547035113930121,0,310.4130189454919,-0.005939979433130857,1,275.06606948869586,-0.06311363252122074,1,Rahu,Saturn,3.5,CLEAR,966.5214072120443,0.8699561591774909,0,0,-160.0,327.7922061357856,0,36.56488645738869,-0.05399491114063805,0.11259087726489202,0.22899752145437557,0.0,1.0,0,0,1,0.0,2,0.010942389
2029-05-31,70.32388414475804,0.9583890737380132,0,298.8929825565873,13.243599320461506,0,-18.282494148414564,48.77266460603872,0.42238215066373175,0,88.15810480143755,1.2220089068956983,0,178.64658436228407,0.2693021537544205,0,1.2190941026066076,197.7767881838135,-0.04003198330521347,1,47.89766980347742,0.12229954677819448,0,74.08417908054325,0.058898796187871666,0,10.634534257994444,0.022516404024692134,0,310.3614068003215,-0.008832441492366965,1,274.845839359347,0.02607164002414699,0,Rahu,Saturn,3.5,CLEAR,967.4455445604435,0.9241373483991993,0,0,-220.0,327.7922061357856,0,37.263135545482974,-0.03602878497469213,0.11006959210037504,0.2962323691298626,0.0,1.0,0,0,1,0.0,2,0.009670596
2029-06-07,77.02732304686096,0.9569670955340853,0,24.823296032925562,11.880823909603722,0,14.197105421995087,53.394868650365865,0.8853402707637784,0,96.70461179658494,1.219885181922442,0,180.7232209783031,0.3229503480164932,0,0.19968696931901256,197.56858177006274,-0.019314201932876765,1,48.741280564168804,0.11861656193691468,0,74.49677129813996,0.05897286297394756,0,10.780770174181656,0.019256807366960182,0,310.28954387686264,-0.011638247732505385,1,274.82548927664413,-0.04047455984156502,1,Rahu,Saturn,3.5,CLEAR,968.4144548425546,0.9689102821110964,0,0,20.0,327.7922061357856,0,37.96051038998715,-0.017382781739589088,0.10675490574322322,0.35524538281814255,0.0,1.0,0,0,1,0.0,2,0.010230615
2029-06-14,83.72165748021797,0.9556283395114307,0,111.46964673778494,13.074668542775209,0,20.213926964022725,61.00968674393267,1.2818162697109308,0,105.23617084012847,1.2175988413895367,0,183.15341120780445,0.3703393933662237,0,-0.9433480497110998,197.50754347168066,0.0018706460031326253,0,49.55637056952634,0.11408640951979994,0,74.90838259620067,0.05851628197161064,0,10.903808545397485,0.015838958289355536,0,310.1991741594996,-0.01416512859994372,1,274.67475228045225,0.01075693886213911,0,Rahu,Saturn,3.5,CLEAR,969.4184168734021,1.0039620308474468,0,0,-80.0,327.7922061357856,0,38.652562024128855,0.001683581402819363,0.10267776856781995,0.4073733327028461,0.0,1.0,0,0,1,0.0,1,0.009928813
2029-06-21,90.40527984715091,0.9540297448900646,0,208.28617981097653,14.43711429849067,0,-15.380673167590267,71.26098178756835,1.6432141057819214,0,113.74925192207476,1.2146466765239343,0,185.89314003005254,0.4114200852882607,0,-2.1918003307501364,197.59399611045157,0.022773336126133525,0,50.33614259828515,0.10860660004819875,0,75.31439957900123,0.05743439789166812,0,11.001874733478857,0.01219818212542866,0,310.0916106855534,-0.01647959308992638,1,274.7139201565293,-0.0004325081675050364,1,Rahu,Saturn,3.5,CLEAR,970.4455777868957,1.027160913493617,0,0,32.0,327.7922061357856,0,39.33426786480629,0.020496002513520174,0.09774594004337887,0.4525620938170868,0.0,1.0,0,0,1,0.0,1,0.009078395
2029-06-28,97.08022361676068,0.9532643894742988,0,306.8720199651085,13.18350886534344,0,-15.823793673978907,83.93369962863218,1.9661424251536797,0,122.24090836852447,1.2115196477081358,0,188.89991577100704,0.4468074485017332,0,-3.5271352583208198,197.82480283797062,0.042988283853905254,0,51.075326719047126,0.10241485348923199,0,75.71149316232054,0.055891096740417506,0,11.07458335956625,0.008511397283428798,0,309.96937153822137,-0.018447660223362444,1,274.6954322776067,-0.0033095272075270065,1,Rahu,Saturn,3.5,CLEAR,971.4842432481985,1.0386654613027986,0,0,182.0,327.7922061357856,0,40.00074335948088,0.03868945546851473,0.0921733681403088,0.4914881933519066,0.0,1.0,0,0,1,0.0,1,0.009283079
2029-07-05,103.75346526235903,0.9535123320795578,0,32.90598214125109,11.899471348122654,0,16.845292019291833,98.47689828310693,2.155505294295004,0,130.71090619662917,1.2085081808729665,0,192.13961184008832,0.4783211045562881,0,-4.933396348303511,198.1940469268342,0.062415523382508595,0,51.768012775563676,0.09538350088740305,0,76.09567933538541,0.05382280647819866,0,11.120784337904212,0.004709858739010938,0,309.8339905159851,-0.020144314798311375,1,274.6725770041181,0.009097221194142415,0,Rahu,Saturn,3.5,CLEAR,972.5233776388006,1.0391343906021575,0,0,-130.0,327.7922061357856,0,40.647228437659464,0.05617397104425774,0.08584515079866274,0.526153215011917,0.0,1.0,0,0,1,0.0,1,0.009825379
2029-07-12,110.43007515067785,0.9540315800075871,0,120.85380050913729,13.485198381140767,0,17.69775536164469,113.57867933515219,2.1246988401134543,0,139.159479444492,1.2052401203668923,0,195.58963177111738,0.5068833693541142,0,-6.397375337307849,198.6967368062047,0.08101535319090047,0,52.40871392396458,0.08749167508545332,0,76.46386655919113,0.05125025217536818,0,11.140517774406279,0.000894313695288299,0,309.68829330385427,-0.021450574338665616,1,274.7169152305992,-0.024315797940824346,1,Rahu,Saturn,3.5,CLEAR,973.5511465106738,1.0277688718731497,0,0,66.0,327.7922061357856,0,41.2681961495583,0.07291381787181044,0.07874250757690798,0.5575717062895256,0.0,1.0,0,0,1,0.0,1,0.009599446
2029-07-19,117.10898918164953,0.9542560390488799,0,219.13113035547582,14.191359990652808,0,-18.628957758873888,127.89287759241435,1.9527839948220296,0,147.58197523007658,1.2010593313445928,0,199.22852689276718,0.5322806726952649,0,-7.904494804688165,199.3253838494668,0.09841901717884556,0,52.99075127379797,0.07872536483912361,0,76.81177822762747,0.048117015105372925,0,11.133215634680168,-0.0029205860384657824,1,309.534452497582,-0.022388733227751346,1,274.5438167929477,0.01445846726524168,0,Rahu,Saturn,3.5,CLEAR,974.554651460091,1.00350494941722,0,0,-6.0,327.7922061357856,0,41.8575356391178,0.088577115460961,0.07085282835521126,0.5855087399647915,0.0,1.0,0,0,1,0.0,2,0.135445
2029-07-26,123.79111121472727,0.9550676312303119,0,315.134686040869,12.985551338782356,0,-13.046764251720298,140.84873803775562,1.748375136911539,0,155.97267968926988,1.1961947691162516,0,203.03433842266793,0.5546383393267167,0,-9.43889177445144,200.07141746180514,0.11447321860213032,0,53.50930034309241,0.06927305993966697,0,77.13648749670892,0.04454104536577732,0,11.099896579418102,-0.006626419664410794,1,309.3757957074751,-0.022924513711057512,1,274.5139450084852,-0.06857247619556527,1,Rahu,Saturn,3.5,CLEAR,975.5213835784675,0.9667321183765125,0,0,-10.0,327.7922061357856,0,42.40940376367431,0.10302589674191728,0.06234575394570027,0.6101021732593884,0.0,1.0,0,0,1,0.0,2,0.054547388
2029-08-02,130.4826745224141,0.9569726245379899,0,40.82131202361144,11.888344279859174,0,19.024624708991148,152.37996696993068,1.5468317017209157,0,164.32862444737017,1.1912292625132175,0,206.98946904038172,0.5752049472779592,0,-10.985514463193637,200.92539343556462,0.1293691555510852,0,53.9589578771757,0.05910553201995763,0,77.43442860151863,0.0405421695362882,0,11.040792438253087,-0.010205441977411868,1,309.2144645044209,-0.023070982383521163,1,274.09371347119645,-0.0024898790845704235,1,Rahu,Saturn,3.5,CLEAR,976.4399281941954,0.9185446157279102,0,0,70.0,327.7922061357856,0,42.918165438922614,0.11643223999597667,0.05319497881796187,0.6327254420057552,0.0,1.0,0,0,1,0.0,2,0.050811164
2029-08-09,137.18972994923018,0.9592863032982376,0,129.6426151943203,13.86554953661148,0,14.941317989943549,162.4917893802148,1.3392962531335522,0,172.64913987774787,1.1859202911635085,0,211.08436913429244,0.5945225377081116,0,-12.530654006124518,201.88002006428405,0.14315287523754772,0,54.33501725092343,0.04818218889674067,0,77.70302733082183,0.036088671099833665,0,10.957426381590983,-0.013613857250766427,1,309.0537845945569,-0.02280036633499468,1,274.06528296466536,-0.07923879012181664,1,Rahu,Saturn,3.5,CLEAR,977.2984854725298,0.8585572783343878,0,1,-90.0,327.7922061357856,0,43.377590869332444,0.12883758771379294,0.043363970007066606,0.6539747914789228,0.0,1.0,0,0,1,0.0,2,0.05507582
2029-08-16,143.91168139693963,0.9612533859032807,0,230.1250571788324,14.121292605367616,0,-21.167344010352018,171.04785334559202,1.0958889060622001,0,180.92883962572088,1.1795032423536735,0,215.30912238308426,0.6122693211977054,0,-14.05882582039771,202.92652203384455,0.15566285125968005,0,54.6319870735867,0.03663377112404205,0,77.93864271252704,0.031217433816403323,0,10.850766740425398,-0.01675943185745705,1,308.8962316806915,-0.0220943185712058,1,273.4708934279554,-0.008828442733409514,1,Rahu,Saturn,3.5,CLEAR,978.084822063671,0.7863365911412075,0,1,-160.0,327.7922061357856,0,43.7812203331613,0.14009656613371205,0.032970394011637844,0.673496253317476,0.0,1.0,0,0,1,0.0,2,0.0123350555
2029-08-23,150.64784089382445,0.9634749277943494,0,323.90105696296297,12.707360673128667,0,-9.840624221935645,177.6354951908115,0.7664246653531647,0,189.15897341460422,1.171780159299572,0,219.65165775045904,0.6281823744234475,0,-15.552969335810246,204.0559661767764,0.16679381776145114,0,54.84680930864181,0.024647494914558917,0,78.13917125456632,0.025992104485692467,0,10.723381169503451,-0.019618706443676404,1,308.74520850077033,-0.021031063064965265,1,273.23951202893653,-0.1438583272375086,1,Rahu,Saturn,3.5,CLEAR,978.787925507592,0.7031034439210089,0,1,96.0,327.7922061357856,0,44.123428139138355,0.15011443598530602,0.022182745423103025,0.6910006118657923,0.0,1.0,0,0,1,0.0,2,0.0156941
2029-08-30,157.40294160920405,0.9667229153485473,0,48.86047808876495,11.854075253970228,0,20.781483044251335,181.40392506322056,0.27676168014171,0,197.3325958945522,1.1634811533240186,0,224.1017630721102,0.6432029158471354,0,-16.9958884193849,205.2592775884706,0.17686652509651166,0,54.97639657211289,0.012348108984805537,0,78.30206161135607,0.020528180194868403,0,10.577069725330459,-0.022097397594301557,1,308.6028150678331,-0.019563728435764396,1,272.23841981079914,-0.047258485538638074,1,Rahu,Saturn,3.5,CLEAR,979.3984930870458,0.6105675794538001,0,1,168.0,327.7922061357856,0,44.39932684678243,0.1591798725868605,0.011113298086324984,0.707523207431849,0.0,1.0,0,0,1,0.0,2,0.018744132
2029-09-06,164.18309799529777,0.9704389140264676,0,137.88794392979545,14.096037768015519,0,12.020101930217859,181.01532531493805,-0.41495071642051723,1,205.44601689090237,1.1544376019211597,0,228.6552387555329,0.657664301893007,0,-18.37104247291929,206.529639071326,0.18588156311392784,0,55.018940686624596,-0.0002599522561597458,1,78.4258340661181,0.014756264892064688,0,10.414827875868077,-0.02422293641974135,1,308.4720924320038,-0.01775944360502618,1,272.0205391093256,-0.12403481414924929,1,Rahu,Saturn,3.5,CLEAR,979.9074832682286,0.5089901811827531,0,1,320.0,327.7922061357856,0,44.60411281075652,0.16729340680253507,-0.00023395703054377123,0.7234307320823077,0.0,1.0,0,0,1,0.0,3,0.019389942
2029-09-13,170.98806200831203,0.973760022900334,0,240.69139982802662,14.234206888716823,0,-22.78797661146774,175.76470384077228,-1.0060086878715102,1,213.49087203813542,1.1437151425665282,0,233.30720372408422,0.6712905647549804,0,-19.660387240352286,207.8590084863074,0.19377006535023258,0,54.97281835865442,-0.012837488011408967,1,78.5082675659648,0.00882069843333651,0,10.239134720109018,-0.02584499653357074,1,308.35511692483533,-0.01556102444532529,1,271.0623650862834,-0.032253505239429776,1,Rahu,Saturn,3.5,CLEAR,980.3063012822588,0.398818014030212,0,1,320.0,327.7922061357856,0,44.7336836385454,0.17439305881520933,-0.01155373921026807,0.7384196212304784,0.0,1.0,0,0,1,0.0,3,0.020300133
2029-09-20,177.8152177060373,0.9769208725244325,0,333.11650554359875,12.430814868697725,0,-6.218625739308173,169.12237580145683,-0.6971150704650066,1,221.45143571911066,1.1303004517927184,0,238.04982065570286,0.6835454634752813,0,-20.84497179850888,209.23923156075946,0.20037283867104902,0,54.83970751244592,-0.02514648328542141,1,78.54884883425241,0.002746276788240179,0,10.053827720144536,-0.02704256124615753,1,308.25456085142315,-0.01315252780157734,1,270.6612541681535,-0.18935824279700872,1,Rahu,Saturn,3.5,CLEAR,980.5885759656584,0.28227468339957795,0,1,120.0,327.7922061357856,0,44.78587979230139,0.18033555480394411,-0.02263183495687927,0.7519000098228096,0.0,1.0,0,0,1,0.0,3,0.02159121
2029-09-27,184.66709874398734,0.9809065221700428,0,57.25823242061418,11.83526963948985,0,22.147289168923816,167.93397730815437,0.40053655962834117,0,229.31011669484502,1.114681339234097,0,242.87562708984095,0.6952116409100952,0,-21.905838890440844,210.66223182554603,0.20606615246938054,0,54.622194163799016,-0.03688244895201403,1,78.54698748827765,-0.0032540484036284096,1,9.861957122512782,-0.02767287778364503,1,308.17181242199877,-0.010429673199893486,1,269.32862382211533,-0.07582825643926751,1,Rahu,Saturn,3.5,CLEAR,980.7503501325577,0.16177416689936308,0,1,160.0,327.7922061357856,0,44.76023704128623,0.1854595372224425,-0.03319420405681263,0.7647328050011049,0.0,1.0,0,0,1,0.0,4,0.019355072
2029-10-04,191.54894734351086,0.985322107788353,0,145.98241770530603,14.105939616125914,0,8.881789498671353,174.18300462287903,1.2967704082242093,0,237.0508253609966,1.0964106079519618,0,247.78193105589713,0.7065057277715415,0,-22.8251063380468,212.12182299726885,0.210764206258053,0,54.32482082590594,-0.04797008979536842,1,78.50321363851944,-0.009271648940190579,1,9.667431059825947,-0.02784932650824482,1,308.1089024422334,-0.00754145701167626,1,269.0743387394017,-0.12038050063656855,1,Rahu,Saturn,3.5,CLEAR,980.788622392572,0.03827226001430972,0,1,88.0,327.7922061357856,0,44.65738976607999,0.1896877856322477,-0.04317308081583158,0.7771563005486958,0.0,1.0,0,0,1,0.0,4,0.021077357
2029-10-11,198.46064538843197,0.9893131363624422,0,250.34550515715586,14.47338087156834,0,-23.52722112979471,184.81308219211024,1.6651429522104855,0,244.65047515874602,1.073997058294307,0,252.76564050893506,0.7172694834237908,0,-23.584824235421888,213.6106316790589,0.21444415121498298,0,53.95340519326994,-0.05788363398150119,1,78.41778369827212,-0.015056532171746774,1,9.473614225629042,-0.02739300418075934,1,308.06692418416463,-0.004389384957134015,1,268.10576800289994,-0.032698589356529785,1,Rahu,Saturn,3.5,CLEAR,980.7017190282147,-0.08690336435734025,0,1,48.0,327.7922061357856,0,44.479790967640895,0.19299973609348467,-0.052095270583351075,0.78899643176617,0.14482423542188627,1.0,0,0,1,0.0,4,0.020182673
2029-10-18,205.397596123029,0.992678404465939,0,342.4926460667479,12.225251504474443,0,-2.3580620800477137,196.78163733027844,1.7247638644922987,0,252.0703137166188,1.044723603434919,0,257.82041262583914,0.7267744689346715,0,-24.16834194755803,215.1208695076672,0.21686855063754557,0,53.51753521758003,-0.06639577368873094,1,78.29273977364997,-0.02061742957764056,1,9.28474437649161,-0.02649448326712431,1,308.04722433434154,-0.0012397264216448892,1,267.82398606042676,-0.1613952016807233,1,Rahu,Saturn,3.5,CLEAR,980.4910308786168,-0.2106881495978996,0,1,248.0,327.7922061357856,0,44.23279084108842,0.195181695573791,-0.059756196319857846,0.7994519158281387,0.7283419475580288,1.0,0,0,1,0.0,4,0.019685162
2029-10-25,212.35955124750203,0.9965553869050673,0,66.0540462021702,11.879317377987736,0,23.0946169491301,208.7351616180073,1.6835881907967027,0,259.25875502646716,1.00771383137163,0,262.93927837834053,0.7356977748285424,0,-24.560709254655183,216.64493503595972,0.21844179771968525,0,53.02806341372682,-0.07315055932180706,1,78.1304242559784,-0.025672000121372877,1,9.104198250382863,-0.024994462933937225,1,308.050040696717,0.0020652407797806657,0,266.71942722711134,-0.057894128337541505,1,Rahu,Saturn,3.5,CLEAR,980.1607671185227,-0.3302637600941125,0,1,344.0,327.7922061357856,0,43.923865163343955,0.19659761794771674,-0.06583550338962635,0.8092675523113967,1.120709254655182,1.0,0,0,1,0.0,3,0.021801215
2029-11-01,219.35011303648278,1.0007398038339645,0,154.52778742985143,13.944025101386242,0,5.403980166682529,220.31858704088003,1.6263070036052667,0,266.155613602067,0.9609489537877509,0,268.11917774139766,0.7441961435873025,0,-24.749777625240103,218.1765127926818,0.21899285517288114,0,52.49746345416722,-0.07814753900968616,1,77.93416834952684,-0.03034070484882731,1,8.935700362552323,-0.02309299865939373,1,308.0759723040183,0.005320192532685996,0,266.66147651512114,-0.06486769177527385,1,Rahu,Saturn,3.5,CLEAR,979.716392091017,-0.44437502750565727,0,1,120.0,327.7922061357856,0,43.56176309161489,0.19709356965559302,-0.07033278510871754,0.8186157579460328,1.3097776252401019,1.0,0,0,1,0.0,3,0.021506852
2029-11-08,226.3690761567452,1.0044994545335915,0,258.92573066321546,14.698802252975527,0,-23.61752430185392,231.52569709136046,1.5777935740556772,0,272.68089767866337,0.9005965474595393,0,273.35722332921836,0.7522519209453319,0,-24.72569647577007,219.70845012484196,0.21851628199527007,0,51.93935713617718,-0.08089817209715482,1,77.70739972056906,-0.03430866946729753,1,8.782392931061556,-0.020604171732379873,1,308.1248705402689,0.00866703498735175,0,266.0678118553509,-0.013801732475841747,1,Rahu,Saturn,3.5,CLEAR,979.1650583606005,-0.5513337304165589,0,1,120.0,327.7922061357856,0,43.15696420511562,0.19666465379574308,-0.07280835488743934,0.8274771130398652,1.2856964757700702,1.0,0,0,1,0.0,3,0.020588603
2029-11-15,233.41023289641123,1.0071958441050084,0,351.63731608990827,12.125907860632653,0,1.4520076023857265,242.4359537002482,1.5412501943781287,0,278.7145672415053,0.8193066993447086,0,278.6473361942194,0.7590282317299907,0,-24.482756105869836,221.23240007911784,0.21671803385060312,0,51.36986096064148,-0.08142929808627028,1,77.45508945640533,-0.03764564393327302,1,8.64769911543972,-0.017815153948516006,1,308.1965436014916,0.011790591911873352,0,266.06065714731557,-0.07240007307489173,1,Rahu,Saturn,3.5,CLEAR,978.5170917098276,-0.6479666507729007,0,1,225.0,327.7922061357856,0,42.72216184520176,0.1950462304655428,-0.07328636827764326,0.8349310549029898,1.0427561058698345,1.0,0,0,1,0.0,3,0.030052973
2029-11-22,240.47032602570536,1.0100222940560775,0,75.03885805508784,12.011869370459813,0,23.548842044395716,253.1195106769921,1.5112789413442578,0,284.0883158518259,0.7109587159680204,0,283.9821201169341,0.7651017864031375,0,-24.018863108475934,222.74049926287515,0.2140068080600991,0,50.80492992820035,-0.07961000928009411,1,77.18258726524255,-0.040071192076193946,1,8.534153216468107,-0.014567568904852748,1,308.29000187911225,0.014893180585189682,0,265.55306860688114,-0.018476779533448673,1,Rahu,Saturn,3.5,CLEAR,977.7851707722605,-0.7319209375671107,0,1,120.0,327.7922061357856,0,42.270776711732246,0.1926061272540892,-0.0716490083520847,0.8416119650434514,0.5788631084759324,1.0,0,0,1,0.0,3,0.029117692
2029-11-29,247.5509123438455,1.013000962134758,0,163.98570243022147,13.767102833024945,0,1.5313695635623132,263.567781959846,1.4692706212224111,0,288.5868914236193,0.567833993690783,0,289.3574213863507,0.7706182279695319,0,-23.335727633045398,224.22577466086167,0.2101548167379139,0,50.26001235493499,-0.07574195056281366,1,76.89568987597242,-0.04177436206883117,1,8.444132413802665,-0.011122234540020101,1,308.40438744068615,0.01774349746254566,0,265.64755693586625,-0.008193900896893464,1,Rahu,Saturn,3.5,CLEAR,976.9826048705725,-0.8025659016880127,0,1,40.0,327.7922061357856,0,41.81587994113233,0.1891393350641225,-0.0681677555065323,0.8476800507664852,0.0,1.0,0,0,1,0.0,3,0.03565418
2029-12-06,254.65171875310915,1.015605567289543,0,266.8254475956909,14.724940162974098,0,-23.27454265439056,273.55290108573683,1.366241700787076,0,291.9350248440354,0.3803702975522107,0,294.77003061953155,0.7757009375888921,0,-22.43811745755543,225.68018822239515,0.20517006958312745,0,49.75000217079276,-0.06960614843118286,1,76.60028845226113,-0.042454390281202514,1,8.379512598409502,-0.007290130628067853,1,308.5384188018704,0.020522725694052432,0,265.5016007782882,0.0011024053090708272,0,Rahu,Saturn,3.5,CLEAR,976.1237393007814,-0.8588655697910781,0,1,160.0,327.7922061357856,0,41.37048957238326,0.1846530626248147,-0.06264553358806457,0.8532710313477814,0.0,1.0,0,0,1,0.0,3,0.042388845
2029-12-13,261.7657728977214,1.0168520099305387,0,0.24464906137756925,12.125410781217704,0,4.936827754511824,282.2607393164161,1.0713146808175344,0,293.78348192415706,0.1386954973461537,0,300.21386482883753,0.7794943666673771,0,-21.335480740675994,227.09445255587787,0.1987123525104475,0,49.28965514427695,-0.06161130211597443,1,76.3030823400604,-0.04228683288808666,1,8.341939236207038,-0.0034117378469370944,1,308.69053155999654,0.022902710699906126,0,265.54930074996946,-0.005651672945746602,1,Rahu,Saturn,3.5,CLEAR,975.2251015601278,-0.8986377406536121,0,1,160.0,327.7922061357856,0,40.94771590806991,0.17884111725940274,-0.05545017190437699,0.857443803334115,0.0,1.0,0,0,1,0.0,3,0.041722614
2029-12-20,268.887259036988,1.017852692177568,0,83.84556436679424,12.208915861764645,0,23.449082739838456,287.4409258414455,0.2994310287610614,0,293.7730495630085,-0.14608261838830197,1,305.68114832780464,0.7824628248212614,0,-20.040426617984995,228.459797392805,0.1911915032937699,0,48.89149707152649,-0.05191574397212791,1,76.01080050502175,-0.041074669383821934,1,8.3323150705369,0.0006696150847938434,0,308.85876703328785,0.025114832566326684,0,265.54412585598624,0.0005592873169188353,0,Rahu,Saturn,3.5,CLEAR,974.3040669434677,-0.9210346166601084,0,0,40.0,327.7922061357856,0,40.55918200098959,0.1720723529643929,-0.046724169574915125,0.8607091073033876,0.0,1.0,0,0,1,0.0,2,0.052615184
2029-12-27,276.0157853213863,1.0188875821040357,0,174.34719941034106,13.741649743490466,0,-2.605637820205825,285.0607307618431,-0.9923523126262089,1,291.7552395016603,-0.4217802003448795,1,311.16675047989736,0.7847778164731654,0,-18.56774815147595,229.76798937190142,0.18235694466436492,0,48.565427167750414,-0.04105923798492919,1,75.72969588273918,-0.03910428503530026,1,8.351038748266344,0.00467776825960426,0,309.0411204755983,0.02693164180711792,0,265.4614673682038,-0.007810226756406892,1,Rahu,Saturn,3.5,CLEAR,970.9720264059797,-3.3320405374879556,0,0,-56.0,327.7922061357856,0,40.21438841948407,0.16412125019792842,-0.03695331418643628,0.8632555981204819,0.0,1.0,0,0,1,0.0,2,0.05570304
