,Sun_Lon,Sun_Speed,Sun_Retro,Moon_Lon,Moon_Speed,Moon_Retro,Moon_Decl,Mercury_Lon,Mercury_Speed,Mercury_Retro,Venus_Lon,Venus_Speed,Venus_Retro,Mars_Lon,Mars_Speed,Mars_Retro,Mars_Decl,Jupiter_Lon,Jupiter_Speed,Jupiter_Retro,Saturn_Lon,Saturn_Speed,Saturn_Retro,Uranus_Lon,Uranus_Speed,Uranus_Retro,Neptune_Lon,Neptune_Speed,Neptune_Retro,Pluto_Lon,Pluto_Speed,Pluto_Retro,True_Node_Lon,True_Node_Speed,True_Node_Retro,Mahadasha,Antardasha,Sovereign_Malefic_Index,Astro_Weather_Status,Global_Stability_Index,Havoc_Velocity,Havoc_Alert_Level,OOB_Count,Bradley_Score,Gann_Price_Deg,is_gann_collision,Saturn_Neptune_Angle,Jupiter_Helio_Speed,Saturn_Helio_Speed,Mars_Helio_Speed,Mars_OOB_Intensity,VIX_Stress_Ratio,Yield_Curve_Inverted,is_hard_aspect,is_applying,aspect_intensity,retrograde_count,Crash_Probability
2026-01-01,281.07802017401497,1.0188639956608925,0,74.22540531320516,15.044375267030503,0,27.52397548581357,269.4150685879441,1.528374892033559,0,279.835640015534,1.2582897818171803,0,283.07142437907163,0.766697600753464,0,-23.68599211104804,111.29228053630383,-0.13099456084398742,1,356.19662248500646,0.059104505949067125,0,57.935630029051154,-0.027100713389760587,1,359.51305059056756,0.012726228654504979,0,302.7336154878478,0.030229423741193855,0,340.88003350348475,-0.14996481838050255,1,Rahu,Jupiter,3.5,CLEAR,797.7126752819133,-5.551179987526098,1,0,70.0,327.7922061357856,0,3.3164281055611013,-0.11789510475958868,0.05319405535416041,0.8433673608288105,0.24599211104803942,1.0,0,1,1,6.683571894438899,2,0.010642872
2026-01-08,288.2100048589986,1.0188851307030995,0,173.60724715385842,12.778682364960304,0,1.4515936766994655,280.26177321810184,1.5716885496531674,0,288.6424032132168,1.257937021090035,0,288.454168277832,0.7711883500295936,0,-23.09398909485121,110.35924127013435,-0.13481626356802046,1,356.6469756101388,0.06944076176141277,0,57.76270809643552,-0.02223463312508472,1,359.61531370776555,0.016453269061812225,0,302.94868152545257,0.031147592704810996,0,340.29353602107955,0.018557233837979283,0,Rahu,Jupiter,3.5,CLEAR,791.8737039513207,-5.838971330592585,1,0,-10.0,327.7922061357856,0,2.96833809762677,-0.12133463721121841,0.062496685585271494,0.8483071850325531,0.0,1.0,0,1,1,7.03166190237323,2,0.010553785
2026-01-15,295.34233139937675,1.0188077725050784,0,258.07089885999767,11.973337113845796,0,-27.956382206673926,291.44177977673604,1.6245464805359981,0,297.44702350493,1.2576267839105506,0,293.86792183712953,0.7755088200271133,0,-22.288617666465495,109.41685688142275,-0.13357716474440542,1,357.1676295520186,0.07919699293466623,0,57.62597679592149,-0.01674677343664027,1,359.74348717954393,0.020142527992055848,0,303.1693294210298,0.03183951118663302,0,339.95446067437985,-0.14443278874312765,1,Rahu,Jupiter,3.5,CLEAR,785.9068043293777,-5.966899621943071,1,0,-74.0,327.7922061357856,0,2.5758576275253517,-0.12021944826996489,0.07127729364119961,0.8530597020298247,0.0,1.0,0,1,1,7.424142372474648,2,0.010090692
2026-01-22,302.4705986973596,1.0176127220724385,0,345.89730610775314,13.200130750652818,0,-5.014643283999662,303.0309864626028,1.688027972413269,0,306.2476411940469,1.2567064975655236,0,299.3091673448716,0.7789717620526085,0,-21.278129114676428,108.50075570803432,-0.12734733555052896,1,357.75341249043146,0.08799525577717271,0,57.528838545027696,-0.01097166668824282,1,359.89641046218094,0.02348428081845805,0,303.3931598753699,0.032020785303395756,0,339.3478678079217,0.011388380875327696,0,Rahu,Jupiter,3.5,CLEAR,779.98123543985,-5.9255688895276535,1,0,174.0,327.7922061357856,0,2.1429979717494803,-0.11461260199547607,0.07919573019945544,0.8568689382578695,0.0,1.0,0,1,1,7.85700202825052,2,0.009725491
2026-01-29,309.5868781783922,1.0155341790351295,0,83.60404946374621,14.572713026977954,0,28.32113926730889,315.0753304548514,1.7509883919177438,0,315.03993176580997,1.2553337090674435,0,304.7721573853709,0.7818077102180704,0,-20.073850829973754,107.64541183923869,-0.11630915992755346,1,358.3976757176348,0.09593096122615552,0,57.47334683464566,-0.004840841132134928,1,0.07196733495563352,0.02663855287111387,0,303.61719845939695,0.03194692076814058,0,339.29215351629233,-0.06613628971719607,1,Rahu,Jupiter,3.5,CLEAR,774.2641957533888,-5.7170396864612485,1,0,150.0,327.7922061357856,0,1.6742916173208187,-0.10467824393479812,0.08633786510353997,0.8599884812398775,0.0,1.0,0,1,1,8.325708382679181,2,0.009701475
2026-02-05,316.68787496128806,1.0133990048454675,0,181.31557086515403,12.829262269641122,0,-2.351236115780094,327.4440431851727,1.768009675395409,0,323.82172231898767,1.253782308243519,0,310.2532323804433,0.7841830656519845,0,-18.689655597484013,106.88055674650568,-0.10165405044682933,1,359.09363405585185,0.10277099453959516,0,57.460642037145554,0.00122294211874519,0,0.26797674415257045,0.029313224287790863,0,303.8389496567731,0.03135467902077763,0,339.05655293847826,0.025556375565758974,0,Rahu,Jupiter,3.5,CLEAR,768.9004443215177,-5.363751431871037,1,0,230.0,327.7922061357856,0,1.174342688300726,-0.0914886454021464,0.09249389508563564,0.862601372217183,0.0,1.0,0,1,1,8.825657311699274,1,0.009794077
2026-02-12,323.7751375125672,1.0114691228839547,0,266.11953956562394,12.009569939538862,0,-28.406515361713453,339.42141904555154,1.605958248124051,0,332.5933390973025,1.2523494064558531,0,315.75028530601924,0.7862985764372248,0,-17.14026131064809,106.23013563079634,-0.08369561849950388,1,359.8349208400742,0.10887302724782917,0,57.49105480256152,0.0074674615843252495,0,0.482071489865209,0.03179757338283621,0,304.0558119456128,0.030543617292843626,0,339.079888804437,-0.03741611866713902,1,Rahu,Jupiter,3.5,CLEAR,764.0095626657087,-4.890881655809039,1,0,150.0,327.7922061357856,0,0.6471506497910582,-0.0753260566495535,0.09798572452304626,0.8649284340809473,0.0,1.0,0,1,1,9.352849350208942,1,0.009624262
2026-02-19,330.846405192155,1.0087042610444814,0,355.6419105424888,13.637533117015106,0,-0.336578915475383,348.9321910687258,1.021952682522268,0,341.3531443878274,1.250326048088062,0,321.2592094593952,0.7875123639754352,0,-15.442887073541845,105.71444499224212,-0.06329102343971446,1,0.6152507259121487,0.11389971591316897,0,57.56471535374035,0.013551290916797881,0,0.7118939667684797,0.033789082501562484,0,304.2653165192957,0.02924318728794229,0,338.9450889976407,0.007291263522441399,0,Rahu,Jupiter,3.5,CLEAR,759.6954431474421,-4.31411951826658,1,0,310.0,327.7922061357856,0,0.09664324085633103,-0.056961921095743016,0.10250974432185207,0.8662636003729788,0.0,1.0,0,1,1,9.90335675914367,1,0.010080947
2026-02-26,337.89503635646076,1.0050801130548415,0,94.02404491216787,14.163018927283616,0,28.16234135484359,352.5614639597495,-0.03548609154742195,1,350.0965758838981,1.247689935826201,0,326.77382987419475,0.7879737349782984,0,-13.616456306701807,105.34840055260543,-0.04111976058642519,1,1.427564781448046,0.11801539730344388,0,57.680834556183754,0.019579689133409992,0,0.9546276191032026,0.0354898262506451,0,304.46488828619886,0.027721520219027136,0,338.9797015234606,0.0028183174050668437,0,Rahu,Jupiter,3.5,CLEAR,756.9864629397873,-2.708980207654804,1,0,370.0,327.7922061357856,0,0.4729371623448435,-0.037007784527782674,0.1062138575730995,0.8667711084761283,0.0,1.0,0,1,1,9.527062837655157,1,0.010061935
2026-03-05,344.91724993695743,1.001378092092374,0,189.12768733835767,12.73460960535732,0,-6.058784163871652,348.7879250074232,-0.9258153748979467,1,358.8196941555334,1.2446594290385866,0,332.28935736240925,0.7878661026326851,0,-11.680434886261894,105.13955664664068,-0.01848513391657493,1,2.2646776974980347,0.12103094470809661,0,57.83758355406913,0.02517453368220183,0,1.2072305190303996,0.03663461599181156,0,304.6521617039235,0.025755544544524143,0,338.9700743340557,-0.010825978624212852,1,Rahu,Jupiter,3.5,CLEAR,755.2102858409461,-1.7761770988412309,0,0,-110.0,327.7922061357856,0,1.0574471784676351,-0.016636620524917437,0.10892785023728695,0.8666527128959537,0.0,1.0,0,1,1,8.942552821532365,1,0.010126649
2026-03-12,351.9157720083593,0.9982023129348018,0,273.93481150218383,12.004407891729917,0,-28.155855965522168,342.0400028636969,-0.8301716018521185,1,7.522380625870139,1.2417968522250946,0,337.8035228327233,0.7875050548476523,0,-9.653215180357325,105.09036637807527,0.0044171317874795194,0,3.120415741077489,0.12330684312996441,0,58.03303628424122,0.03060790416309949,0,1.4670384519181856,0.03751911076880896,0,304.8252388193547,0.023637136817805562,0,338.8900817771436,0.006916526177546714,0,Rahu,Jupiter,3.5,CLEAR,754.1925058995282,-1.0177799414178708,0,0,-170.0,327.7922061357856,0,1.6533772891593035,0.003975418608731567,0.11097615881696797,0.8662555603324176,0.0,1.0,0,1,1,8.346622710840697,0,0.011560715
2026-03-19,358.89108430724735,0.9946261813230348,0,4.652483726176886,14.090432635672613,0,3.9406730149174134,338.57745414809574,-0.13285104541900566,1,16.203823209352105,1.2385266855432124,0,343.3123439836755,0.7862900505071608,0,-7.554241196631494,105.20051976940907,0.026984069750258143,0,3.9884275004627177,0.12453402100655121,0,58.26492446359184,0.03558274376943266,0,1.7311591048832486,0.037874604454851364,0,304.9820477837432,0.02112100372870903,0,338.9560305309893,-0.03195432352644031,1,Rahu,Jupiter,3.5,CLEAR,753.9414186600807,-0.25108723944754274,0,0,170.0,327.7922061357856,0,2.257268395579469,0.02428566277523233,0.11208061890589609,0.864919055557877,0.0,1.0,0,1,1,7.7427316044205305,0,0.009545802
2026-03-26,5.838900549805964,0.9903300830751072,0,104.91096019781422,13.953182252470608,0,26.80273966955897,339.9627688287427,0.4943183416562458,0,24.860439200529097,1.234638653373378,0,348.8098645228037,0.7842784957099667,0,-5.4036916461582125,105.46688641739499,0.04891004854167734,0,4.861981555704559,0.12486637682888063,0,58.530659143670164,0.040233466262536974,0,1.9965985813750853,0.03790020054487871,0,305.12087451869695,0.0184852095294519,0,338.7124399303874,0.014682386148088656,0,Rahu,Jupiter,3.5,CLEAR,754.4521687193823,0.5107500593015857,0,0,270.0,327.7922061357856,0,2.8653829743294734,0.044019043687509606,0.11237973914599257,0.8627063452809633,0.0,1.0,0,1,1,7.134617025670527,0,0.009996894
2026-04-02,12.75552808610971,0.9859878209876886,0,197.4812737289301,12.519928410527656,0,-9.866666819683644,345.02442924553964,0.9232484410646056,0,33.48739574650725,1.2302335323241993,0,354.2907951879502,0.7816924722457699,0,-3.2212544830926757,105.8817628449065,0.06943397431675162,0,5.73413916185315,0.12420206246927146,0,58.8265603193682,0.04426042655450882,0,2.260211878268721,0.03738585783632571,0,305.2399643756369,0.015544431680762218,0,338.67070350025097,-0.08371402442884077,1,Rahu,Jupiter,3.5,CLEAR,755.6998907592775,1.2477220398952795,0,0,60.0,327.7922061357856,0,3.4739272835844295,0.06249057688507646,0.11178185622234431,0.859861719470347,0.0,1.0,0,1,1,6.5260727164155705,0,0.009220603
2026-04-09,19.64475544233151,0.9824292268514693,0,281.8864373690246,11.97314630496417,0,-27.184890772124874,352.5802572359631,1.219549696926759,0,42.084325282594584,1.2260274716044706,0,359.7532634372632,0.778923826860876,0,-1.0246026330748836,106.43632944702173,0.08878750264291776,0,6.599251145848599,0.1228141347895034,0,59.14957632153192,0.0479342452954231,0,2.5194795745925687,0.036608501689808226,0,305.3384917540674,0.012562858127014753,0,338.06468807384545,-0.025175105056116604,1,Rahu,Jupiter,3.5,CLEAR,757.651544265696,1.9516535064184382,0,0,-90.0,327.7922061357856,0,4.07977157125603,0.07990875237862599,0.11053272131055306,0.8568162095469637,0.0,1.0,0,1,1,5.92022842874397,0,0.008171987
2026-04-16,26.50966881535653,0.9789440218928703,0,12.998480106481756,14.400918549501467,0,7.840052185192481,1.9410891000672725,1.4477447769856189,0,50.65130841728208,1.2216449014374584,0,5.1940304338797665,0.7754606986273599,0,1.1682224307960543,107.12151831506527,0.1067773360322506,0,7.45113822292677,0.12043870319608749,0,59.49617022069901,0.05101968777685097,0,2.771477140824063,0.03533615699165546,0,305.4151771832098,0.009339305534477387,0,338.03405503557394,-0.08445445129233502,1,Rahu,Jupiter,4.5,OVERCAST (CAUTION),760.2747506871717,2.623206421475743,0,0,-250.0,327.7922061357856,0,4.679661082102706,0.09609960242902554,0.10839483287647875,0.8530067684900959,0.0,1.0,0,1,1,5.320338917897294,0,0.06670118
2026-04-23,33.34882193068998,0.9749448766888654,0,115.55157699992986,13.959191949243566,0,24.379092465927293,12.79000823131178,1.6501871713470333,0,59.186167563578095,1.2166846483989324,0,10.608080651010882,0.7712409632821856,0,3.3387142386240107,107.92830220660761,0.12341390910456844,0,8.28362157501061,0.1172146301817494,0,59.863010233426685,0.05364780914186095,0,3.0137162153069705,0.03376623772104867,0,305.46951361908316,0.0061342313446379314,0,337.3419610339072,-0.016043576496584746,1,Rahu,Jupiter,3.0,CLEAR,763.5337423863373,3.2589916991655627,0,0,-250.0,327.7922061357856,0,5.269905359703639,0.1110725181941116,0.10549316716357446,0.8483650596104042,0.0,1.0,0,1,1,4.730094640296361,0,0.04435702
2026-04-30,40.158817756127995,0.9709216074344696,0,206.4084997745339,12.279530323147712,0,-13.760676080181689,25.04320785263685,1.8516295905347875,0,67.68307833556308,1.2109992200142556,0,15.99020843501212,0.7665238852166711,0,5.469061054107441,108.84511911126782,0.13831333668775642,0,9.089873330576495,0.11305345648636508,0,60.245573877679035,0.05560574334728776,0,3.2430680641954557,0.03174900343223053,0,305.50070455917813,0.0028180385213045756,0,337.0904333808963,-0.1540846750492723,1,Rahu,Jupiter,2.0,CLEAR,767.382669835326,3.848927448988775,0,0,-235.0,327.7922061357856,0,5.84680526638104,0.12448200301898078,0.10174811083772858,0.8431762737383384,0.0,1.0,0,1,1,4.15319473361896,0,0.046940424
2026-05-07,46.94405102558311,0.9678301174272946,0,290.26247639600786,11.956021571683532,0,-25.48271331399118,38.71019293402119,2.0498243023718303,0,76.1402619915318,1.20531560521336,0,21.339342295830757,0.7617369512614723,0,7.543757595106013,109.86161136412686,0.15186831354215874,0,9.864817840598317,0.10820121609572998,0,60.64052412713788,0.05712730771265758,0,3.4577234638504235,0.029504694154630817,0,305.5092441409837,-0.0003993459539244003,1,335.91645546205297,-0.07894058790259449,1,Rahu,Jupiter,2.0,CLEAR,771.7750702191477,4.3924003838216095,0,0,75.0,327.7922061357856,0,6.407094376747893,0.13668148218794288,0.09738109448615699,0.8379106463876197,0.0,1.0,0,1,1,3.592905623252107,1,0.049037367
2026-05-14,53.70956404724899,0.9652281443119284,0,21.158232912956148,14.48471310131781,0,11.575546657623924,53.58764643818992,2.1798814538966114,0,84.55705407948574,1.1994621182085108,0,26.65337117770933,0.7564812005164638,0,9.54727248500571,110.96805092917218,0.1640731526634687,0,10.602452333378261,0.10242645534915779,0,61.04386027893787,0.05804500536782549,0,3.65512710949803,0.026867414832791914,0,305.4949186289758,-0.0036601684011331763,1,335.70067488214096,-0.11428981046323712,1,Rahu,Jupiter,2.0,CLEAR,776.6699955396653,4.894925320517586,0,0,150.0,327.7922061357856,0,6.947325223880231,0.14766583739712183,0.09218380981424201,0.8321293205681103,0.0,1.0,0,1,1,3.052674776119769,1,0.049037367
2026-05-21,60.456674893584264,0.9623480575421519,0,125.44454896021254,14.10956693872726,0,21.296517677837965,68.77875233331861,2.1230293342397566,0,92.93128075729923,1.192895336338733,0,31.928636100627795,0.7505593530671056,0,11.463834614740263,112.15588103073651,0.17500008615196044,0,11.297034522405788,0.09582170223263199,0,61.45224472702135,0.05855091424531336,0,3.8335244900277523,0.023997301744519597,0,305.45861173563515,-0.006747737206712472,1,334.720609252665,-0.0399473945102205,1,Rahu,Jupiter,2.0,CLEAR,782.0265176543926,5.3565221147273405,0,0,210.0,327.7922061357856,0,7.463510032378036,0.1575000775367644,0.08623953200936879,0.8256152883738163,0.0,1.0,0,1,1,2.5364899676219643,1,0.050184123
2026-05-28,67.18232735334456,0.9594175798386501,0,215.61846803274014,12.094829708983537,0,-17.527132455108003,82.85561386685289,1.8766592300052203,0,101.25459826329859,1.185091284667348,0,37.16032296426687,0.744243962267979,0,13.278465268536062,113.41450380166047,0.18442970751726193,0,11.94201193172505,0.0883838370342464,0,61.860595625954666,0.05822300088784192,0,3.990376819839466,0.020827253894831744,0,305.40069029732683,-0.009726262526182234,1,334.36017943164165,-0.1713910322431002,1,Rahu,Jupiter,2.0,CLEAR,787.795691629565,5.769173975172407,0,0,250.0,327.7922061357856,0,7.951635111885584,0.16598673676553574,0.07954545333082176,0.8186683584947769,0.0,1.0,0,1,1,2.048364888114416,1,0.047305804
2026-06-04,73.8908585525174,0.9574455265707479,0,299.1197543611694,11.997181378471307,0,-23.080765488936198,94.87850441377391,1.5526518337135289,0,109.52116856499669,1.176670580030727,0,42.348187029020586,0.7379662033208348,0,14.97868538544079,114.73525612653091,0.1927189018180483,0,12.532888612067868,0.08028794341990914,0,62.2661116037256,0.05752726473657461,0,4.124775335778577,0.01751196917274687,0,305.32301341860904,-0.01246282603480562,1,333.0239252418508,-0.09087487466882697,1,Rahu,Jupiter,2.0,CLEAR,793.9316433675815,6.135951738016502,0,0,350.0,327.7922061357856,0,8.408113276289292,0.17344701163624346,0.07225914907791822,0.8117628236529184,0.0,1.0,0,0,1,1.591886723710708,1,0.04774217
2026-06-11,80.58844053490095,0.9562731135491934,0,29.71899071551378,14.37764080647238,0,15.324243380173428,104.53362164113184,1.200995636952983,0,117.72657844657266,1.1676578969357119,0,47.49124484837568,0.7314448564188503,0,16.552466292635483,116.10999610663895,0.19992899455882657,0,13.064079417962565,0.07138131300048685,0,62.66460662404908,0.05627408731600198,0,4.2349242155851226,0.013962809447898464,0,305.2265170532612,-0.015034171286664521,1,332.80642665581246,-0.09574790006223308,1,Rahu,Jupiter,2.0,CLEAR,800.3932810304387,6.4616376628572425,0,0,350.0,327.7922061357856,0,8.829155202377443,0.17993609510294392,0.06424318170043816,0.8045893420607354,0.0,1.0,0,0,1,1.170844797622557,1,0.041069098
2026-06-18,87.27868252259269,0.9550543070129899,0,134.45391943904423,14.280415410249418,0,17.953907590232117,111.58307239714648,0.8019376202719466,0,125.86583267857965,1.157441450911827,0,52.58713056060023,0.7243410162053515,0,17.988183236923277,117.53193036389051,0.20606489420106328,0,13.53059663817629,0.06172156144121029,0,63.052870949090796,0.05449558805709382,0,4.320108654311921,0.010288172302252948,0,305.1134172807838,-0.017292895349073,1,331.92350709102897,-0.03409325832083656,1,Rahu,Jupiter,2.0,CLEAR,807.1395769219846,6.746295891545856,0,0,254.0,327.7922061357856,0,9.210487983864368,0.18545840478095696,0.055549405297089266,0.7967751178258867,0.0,1.0,0,0,1,0.7895120161356317,1,0.040135395
2026-06-25,93.95891757609907,0.9537108602691269,0,224.7333315286487,11.997270887704909,0,-20.892712919238143,115.56987746599191,0.3228261852071672,0,133.92547268265412,1.145006237101226,0,57.63135072086815,0.7169091288260375,0,19.275507188655123,118.99209991936722,0.21098861530533197,0,13.926793345417208,0.051434166126015965,0,63.42631234091658,0.052164144246004775,0,4.378791793335784,0.006515124861516174,0,304.98520775582483,-0.019237825674502794,1,331.7140316500262,-0.12152631475138322,1,Rahu,Jupiter,2.0,CLEAR,814.1226097493311,6.983032827346506,0,0,-130.0,327.7922061357856,0,9.548001552081423,0.18988975377479878,0.04629074951341437,0.7886000417086413,0.0,1.0,0,0,1,0.4519984479185766,1,0.038873494
2026-07-02,100.63270650744244,0.9532311743531353,0,308.2854957046782,12.126876540008622,0,-20.084818934376347,115.9658026212389,-0.2089875236978142,1,141.89149536578608,1.1306730949333417,0,62.62406942579801,0.7095628156408929,0,20.406947899852803,120.48351426356179,0.21495133379448175,0,14.249493501692207,0.040650946265630095,0,63.78208220278721,0.04937767082807957,0,4.411252507304539,0.002725606814480045,0,304.8448738899229,-0.020831556031363815,1,330.74100190487343,-0.05761762547990353,1,Rahu,Jupiter,2.0,CLEAR,821.2962208855208,7.17361113618972,0,0,-90.0,327.7922061357856,0,9.838240994387668,0.19345620041503359,0.03658585163906709,0.7805190972049822,0.0,1.0,0,0,1,0.16175900561233192,1,0.034754872
2026-07-09,107.30652127511351,0.9537446349747167,0,39.075158342125754,14.195682943270876,0,19.058493128233554,112.95660780514386,-0.6008100903647235,1,149.7507402397817,1.1145573768804238,0,67.56503755410989,0.702134383994882,0,21.376171682530416,121.99938361637788,0.21805268581337856,0,14.494633703334005,0.02934438089104584,0,64.11645754734289,0.0461197156099864,0,4.416853585492048,-0.001083592052365748,1,304.69429751845655,-0.022087757744901074,1,330.70491536982667,-0.04699707570795345,1,Rahu,Jupiter,2.0,CLEAR,828.619552315387,7.32333142986613,0,0,-160.0,327.7922061357856,0,10.077780117841957,0.1962474172320407,0.02640994280194126,0.7723478223943703,0.0,1.0,0,0,1,0.0,2,0.014895998
2026-07-16,113.98557422048667,0.9544033120937353,0,142.81351924064563,14.339787480377824,0,14.543184365875168,108.60822184531042,-0.5525481112881567,1,157.48960152657543,1.095879187768669,0,72.45264297970294,0.6941377037469436,0,22.178238811904556,123.5340838251808,0.2201841213576388,0,14.65928920717127,0.017578064242143622,0,64.42665122840636,0.04235734934621551,0,4.396213552402338,-0.004866209791885964,1,304.5366371546247,-0.02295151466604603,1,330.2059876419049,-0.011991474888899968,1,Rahu,Jupiter,2.0,CLEAR,836.0506620342323,7.431109718845391,0,0,-220.0,327.7922061357856,0,10.263075654768933,0.1981657092218749,0.01582025781792926,0.763551474121638,0.0,1.0,0,0,1,0.0,2,0.01389634
2026-07-23,120.66764186903772,0.9548398927119628,0,233.47172246771518,11.974433064612029,0,-23.64383731306768,106.32635002125657,-0.04285860843971027,1,165.08269763694264,1.072809595946722,0,77.28226515856004,0.6857847553793973,0,22.81029192640722,125.07961264089022,0.2212716248504805,0,14.740515481249302,0.005661388140991906,0,64.70859109628299,0.03817015726808352,0,4.349203394543522,-0.008498289816587611,1,304.3741521716947,-0.023362947974718728,1,330.22753210895377,-0.048542100872764206,1,Rahu,Jupiter,2.0,CLEAR,842.1296963418699,6.079034307637585,0,0,-180.0,327.7922061357856,0,10.391312086705781,0.19914446236543246,0.005095249326892716,0.7543632309173371,0.0,1.0,0,0,1,0.0,2,0.013881881
2026-07-30,127.35486948731709,0.955926359089855,0,317.44786116684435,12.344220332182964,0,-16.676476047724634,108.42949701868724,0.652073189750518,0,172.49723165105183,1.0447350144378817,0,82.05366612918928,0.6774540340659133,0,23.272445829220878,126.62954032655973,0.22147932923915248,0,14.738453666572328,-0.006271602538661598,1,64.9600623463694,0.03358962351139224,0,4.2775396680229205,-0.011975440764067426,1,304.2103874628328,-0.023390874841890136,1,329.82750997712714,-0.017762199377812586,1,Rahu,Jupiter,2.0,CLEAR,846.2033510841468,4.073654742276858,0,0,-180.0,327.7922061357856,0,10.460913998549408,0.19933139631523725,-0.0056444422847954385,0.7451994374725047,0.0,1.0,0,0,1,0.0,3,0.012771646
2026-08-06,134.05320846369946,0.958083036450902,0,49.29543095433411,14.0646005046057,0,22.52229242070759,115.38158296244943,1.3179475502259779,0,179.69634202523352,1.0112176070951873,0,86.7665845490787,0.6690862870253386,0,23.56633173904154,128.17789010676051,0.22083055563426848,0,14.65298212272018,-0.018079944054871722,1,65.17809189813677,0.028688686221623235,0,4.18207248056675,-0.015220140497835955,1,304.047649584491,-0.022993751212362426,1,329.90437636447723,-0.007920089958874967,1,Rahu,Jupiter,2.0,CLEAR,850.2525198796791,4.049168795532296,0,0,-84.0,327.7922061357856,0,10.47090964215343,0.19874750007084163,-0.01627194964938455,0.7359949157278725,0.1263317390415395,1.0,0,0,1,0.0,3,0.012835634
2026-08-13,140.76871518153413,0.9605093565699184,0,151.0055919155791,14.204389376839822,0,11.011131066937695,126.48308280945518,1.8119491678763893,0,186.63764011063745,0.9704384662335139,0,91.41921457609813,0.6600336864858835,0,23.695581479720826,129.7188570519235,0.21920389440431184,0,14.485833656460539,-0.029655401352055032,1,65.36071531476554,0.02337421336464568,0,4.064914231330271,-0.018259809590637156,1,303.8893330249104,-0.022222842641936972,1,329.7863383994539,0.000508939043521493,0,Rahu,Jupiter,2.0,CLEAR,854.2506502208967,3.998130341217575,0,0,-187.0,327.7922061357856,0,10.420919425130268,0.19728350496388067,-0.02668986121684953,0.7260370551344718,0.25558147972082423,1.0,0,0,1,0.0,3,0.01222835
2026-08-20,147.49958507486818,0.9626155366197224,0,241.74844620311998,11.986731488035913,0,-25.677882860895558,140.0362871875875,2.0086680517903055,0,193.2559718557943,0.9183083903871817,0,96.00596131704029,0.6504497976186726,0,23.66622320915347,131.24446840395265,0.2165440929705313,0,14.239728073659323,-0.040487179565630346,1,65.5049978418297,0.017845368893548347,0,3.9275696015295325,-0.020886218296401825,1,303.7378263049261,-0.020966980204754678,1,329.828474453204,-0.005836209195127312,1,Rahu,Jupiter,2.0,CLEAR,858.1681406786533,3.917490457756685,0,0,5.0,327.7922061357856,0,10.312158472129791,0.19488968367347817,-0.036438461609067316,0.7154947773805399,0.22622320915346705,1.0,0,0,1,0.0,3,0.010046159
2026-08-27,154.24607897704698,0.9650472159213467,0,326.2798183111667,12.60727395100645,0,-13.06604442029383,154.03551372942727,1.964848702962669,0,199.45851918588568,0.8509942212570134,0,100.52498610830743,0.6406549370183865,0,23.486559146044367,132.74804183518268,0.21286893997876696,0,13.920982428819851,-0.05044174123768656,1,65.60993448578284,0.0120844626020808,0,3.773201715910724,-0.023180525041493826,1,303.59644166972663,-0.019398352484914543,1,329.84183481911185,0.0008653949496915592,0,Rahu,Jupiter,2.0,CLEAR,861.9766658706563,3.808525192003003,0,1,35.0,327.7922061357856,0,10.147780712909128,0.19158204598089026,-0.04539756711391791,0.7047204307202252,0.04655914604436617,1.0,0,0,1,0.0,3,0.010172966
2026-09-03,161.01277350153313,0.9684990348638406,0,60.12452311484111,14.078740254297763,0,25.32288605205624,167.348066843326,1.833594491730717,0,205.1257953621097,0.7647236453377704,0,104.97484007978994,0.6306877044256495,0,23.165800704253062,134.22272625837596,0.20835048573452142,0,13.536239640118614,-0.05924934243016329,1,65.67406605921926,0.006259283958841684,0,3.604161222084464,-0.025005993436703032,1,303.4672090799037,-0.017427528499438745,1,329.76459808887336,-0.008119491624169849,1,Rahu,Jupiter,2.0,CLEAR,865.6508440312141,3.6741781605577444,0,1,25.0,327.7922061357856,0,9.93207841803415,0.18751543716106928,-0.05332440818714696,0.6937564748682145,0.0,1.0,0,0,1,0.06792158196584985,3,0.01020786
2026-09-10,167.80578714085266,0.9722679483709138,0,159.5462002548076,13.881419168239079,0,7.165095307204325,179.6934990991668,1.6950982745458831,0,210.1060079098534,0.6531370423064558,0,109.35209369268702,0.6197081606824438,0,22.71493494079028,135.66202216872162,0.20262309839744955,0,13.094254694242183,-0.06681658481376243,1,65.69697383036866,0.00023294938407694143,0,3.423829293317971,-0.02647750179709121,1,303.35293080680094,-0.01520828794653503,1,329.8212301192903,-0.010953705237750057,1,Rahu,Jupiter,2.0,CLEAR,869.1644717979427,3.513627766728632,0,1,-50.0,327.7922061357856,0,9.670425400924213,0.1823607885577046,-0.060134926332386186,0.6816789767506882,0.0,1.0,0,0,1,0.32957459907578723,3,0.010524085
2026-09-17,174.62357239459823,0.9756210709705501,0,249.7015243130561,11.99124053068176,0,-26.995345512353666,191.10773930235626,1.5680099553449374,0,214.1853265342732,0.5053901408887839,0,113.64869844549713,0.6077852774667121,0,22.146997563062673,137.05687681197142,0.19572431912826022,0,12.605283466150693,-0.07255784915316595,1,65.6777969550892,-0.005673692302782305,1,3.2351089190849187,-0.027332322587802615,1,303.25542971006195,-0.012583109772227057,1,329.5230476907577,-0.0269031705622122,1,Rahu,Jupiter,2.0,CLEAR,872.4882702758274,3.3237984778846794,0,1,-50.0,327.7922061357856,0,9.370174547065774,0.1761518872154342,-0.06530206423784936,0.6685638052133833,0.0,1.0,0,0,1,0.6298254529342255,4,0.012755932
2026-09-24,181.46424272830745,0.9788925667583303,0,334.5818919393327,12.834877679124927,0,-9.40857798892465,201.66047590664832,1.4469523177785226,0,217.0726704722912,0.31126222127199005,0,117.85936931199083,0.5951454225910419,0,21.476048284090908,138.3991851731087,0.18758284882936765,0,12.082590423135988,-0.07648567577843117,1,65.61761454395722,-0.011511429463667283,1,3.042113402043281,-0.027745998476579832,1,303.17702153887154,-0.009808419132646403,1,329.60834694510527,-0.009030838043356953,1,Rahu,Jupiter,2.0,CLEAR,875.5953295523022,3.1070592764748426,0,1,150.0,327.7922061357856,0,9.040477021092707,0.1688245639464309,-0.06883710820058805,0.6546599648501461,0.0,1.0,0,0,1,0.9595229789072928,4,0.011655642
2026-10-01,188.33016636707043,0.9829903885647346,0,71.048035157391,14.282390288238371,0,27.103581370183345,211.33908564916146,1.3141629122082348,0,218.42878655745952,0.06883378518009285,0,121.97948025468278,0.5818909463615195,0,20.715959186762642,139.68073503807824,0.17840830865536328,0,11.539260842041024,-0.07839519639721153,1,65.51746107815748,-0.017030177009247843,1,2.8481464311986437,-0.027555010377810572,1,303.1188410970549,-0.006750789118031215,1,329.12219398504413,-0.055755134916351895,1,Rahu,Jupiter,2.0,CLEAR,878.4624171759643,2.867087623662087,0,1,78.0,327.7922061357856,0,8.691114410842381,0.16056747778982697,-0.07055567675749037,0.6400800409976715,0.0,1.0,0,0,1,1.3088855891576188,4,0.0119164195
2026-10-08,195.2267384393803,0.9873889877591648,0,168.74809860998243,13.464433545638657,0,2.8557292981443374,219.94667685103983,1.1320739261349524,0,217.95918476266274,-0.20554259873318162,1,126.00160436548383,0.5669298521303731,0,19.88198248669033,140.89319091576664,0.1677298673327362,0,10.989298848242072,-0.07839990756937017,1,65.37932632767165,-0.022401993497406358,1,2.657068740429801,-0.026969141687197044,1,303.08243774552983,-0.0036451653357460687,1,329.0798267290246,-0.04687776049230164,1,Rahu,Jupiter,2.0,CLEAR,881.0660215149574,2.603604338993023,0,1,-102.0,327.7922061357856,0,8.332230107812272,0.15095688059946258,-0.07055991681243315,0.6236228373434104,0.0,1.0,0,0,1,1.667769892187728,4,0.01105656
2026-10-15,202.15246048894494,0.9912736948752727,0,257.62468736527126,11.963155385594806,0,-27.65100703282105,226.89311929838118,0.8207603833986352,0,215.5901049490596,-0.4614578772862021,1,129.9124490493404,0.5501746480759414,0,18.991242056040736,142.02585133477507,0.1556519638404857,0,10.44730109086345,-0.07608246838238972,1,65.20532989002206,-0.027214483322323787,1,2.472349875374034,-0.02570770983254996,1,303.0685775286639,-0.000292622464009681,1,328.1829562615011,-0.10790351941491386,1,Rahu,Jupiter,2.0,CLEAR,883.3805076415183,2.3144861265609507,0,1,-30.0,327.7922061357856,0,7.9749512154894155,0.14008676745643714,-0.06847422154415075,0.6051921128835356,0.0,1.0,0,1,1,2.0250487845105845,4,0.012693913
2026-10-22,209.10328032647504,0.9946417900688882,0,342.4395573092238,12.938998980478157,0,-5.72093055781222,230.7735431904008,0.22312468039293806,0,211.7606936786603,-0.6053908394542146,1,133.6999720189165,0.5316941156622703,0,18.061044280950856,143.0687271214184,0.1420720497371962,0,9.928680588321072,-0.07178281941808659,1,64.99932326831012,-0.03155802783467569,1,2.29801894372614,-0.02403669552632096,1,303.078099813463,0.0029983692916048473,0,328.0394537454204,-0.034640972139882646,1,Rahu,Jupiter,2.0,CLEAR,885.3838632650788,2.0033556235605374,0,1,180.0,327.7922061357856,0,7.630661644594932,0.1278648447634766,-0.06460453747627794,0.5848635272284974,0.0,1.0,0,1,1,2.369338355405068,3,0.01411547
2026-10-29,216.07875713992803,0.9985033183679446,0,81.4201195421724,14.652540285581468,0,27.747493307659788,229.02503406906905,-0.7690513925221812,1,207.56953110455407,-0.5583485598700144,1,137.35255318444524,0.5115598709880788,0,17.107846108307953,144.012153414624,0.1272673707422444,0,9.447013185788604,-0.0655275601323893,1,64.76539167643115,-0.035149927877702984,1,2.1372861176426357,-0.021792486129712747,1,303.1109288350592,0.006401068170373188,0,327.1117865630343,-0.12246410091554817,1,Rahu,Jupiter,2.0,CLEAR,887.0586602767066,1.6747970116277884,0,1,300.0,327.7922061357856,0,7.3097270681459685,0.11454063366801996,-0.058974804119150376,0.5627158580868867,0.0,1.0,0,1,1,2.6902729318540315,3,0.015441115
2026-11-05,223.08282725966762,1.0026114627937415,0,178.56283280991244,13.083727493586604,0,-1.8593820172790991,221.01486781576207,-1.2791857047511697,1,204.34098646416504,-0.3439429178681214,1,140.85418528496288,0.48830153122938774,0,16.149694412732405,144.84617274061532,0.11074062989207328,0,9.01465943505059,-0.05771970985378556,1,64.5081780297754,-0.0382162854452601,1,1.9933270346094105,-0.01926597286787213,1,303.1670706280348,0.009632126858176607,0,326.8531122765099,-0.08386569576705173,1,Rahu,Jupiter,2.0,CLEAR,888.3879062154931,1.329245938786471,0,1,300.0,327.7922061357856,0,7.021332400441179,0.09966656690286596,-0.051947738868407,0.5371316843523266,0.0,1.0,0,1,1,2.978667599558821,3,0.017965477
2026-11-12,230.1139680751969,1.006117558732365,0,265.8122335007735,11.906073073986239,0,-27.69347719061058,215.16146294859848,-0.22172977194025195,1,202.91031749303434,-0.06158477406317432,1,144.1806336825936,0.4615038331984139,0,15.207166887658571,145.55920846195747,0.09273177493974813,0,8.643183820478448,-0.04817623735206461,1,64.23276224599864,-0.040329115249031135,1,1.869032019476002,-0.016184750862084853,1,303.2460890851031,0.012921695175504976,0,325.48226503631537,-0.18225484333806186,1,Rahu,Jupiter,2.0,CLEAR,889.3536992067541,0.9657929912609688,0,1,300.0,327.7922061357856,0,6.774151801002446,0.08345859744577332,-0.04335861361685815,0.5076542165182554,0.0,1.0,0,1,1,3.2258481989975536,3,0.02999304
2026-11-19,237.16624687490196,1.008717282577589,0,350.2726955932524,12.896964330212347,0,-1.8806793171427554,217.78911872945335,0.8632997181707057,0,203.44938245318528,0.20987609301573584,0,147.30644326861946,0.43095939161421104,0,14.300997527497195,146.14089708156098,0.0732531036462652,0,8.342766357771138,-0.03748996861359481,1,63.94531672649306,-0.04165357270157665,1,1.7671757024204122,-0.012875622621816877,1,303.34726185333574,0.015946726858402704,0,325.1166714774419,-0.03856459471890148,1,Rahu,Jupiter,2.0,CLEAR,889.9435525045958,0.5898532978417279,0,1,300.0,327.7922061357856,0,6.575590655350726,0.06592779328163868,-0.03374097175223533,0.47405533077563217,0.0,1.0,0,1,1,3.4244093446492743,3,0.0046175322
2026-11-26,244.23631728463158,1.0113921409079367,0,90.72053271394695,15.067117622133992,0,27.46523906817084,225.75212737569254,1.332040265899459,0,205.7466270266554,0.4384345955940364,0,150.20527355335233,0.3965188727423225,0,13.451106492401893,146.58258022755828,0.052766404951189366,0,8.120770185795067,-0.0258136496323805,1,63.652152064605104,-0.04195432160903879,1,1.6898115643678246,-0.00918340309723589,1,303.4693508847378,0.01891192528241859,0,324.0822851309572,-0.15046314160593374,1,Rahu,Jupiter,2.0,CLEAR,890.1511396861156,0.20758718151978428,0,1,360.0,327.7922061357856,0,6.4309586214272425,0.04748976445607043,-0.02323228466914245,0.4361707600165548,0.0,1.0,0,1,1,3.5690413785727575,3,0.0069557936
2026-12-03,251.32614224944317,1.01425329965873,0,188.5872885657855,12.84888521217113,0,-6.674111426949363,235.71762429310624,1.4854409833744049,0,209.47184529830736,0.617859523188383,0,152.84341532271165,0.35611869326718776,0,12.679912576677538,146.87617338756843,0.030941413975923853,0,7.9822230413202195,-0.013650748710831563,1,63.35931378484575,-0.04154294175170689,1,1.6384407983725924,-0.005440250522748807,1,303.6109247045037,0.02152150405763084,0,323.79372359703007,-0.06887811492711142,1,Rahu,Jupiter,2.0,CLEAR,889.9722433390757,-0.17889634703988122,0,0,360.0,327.7922061357856,0,6.343782242947627,0.02784727257833147,-0.012285673839748407,0.39173056259390654,0.0,1.0,0,1,1,3.6562177570523726,3,0.007180827
2026-12-10,258.4344331939277,1.0164869023927217,0,274.3762864753082,11.847652407538009,0,-27.12944291680154,246.30731322748582,1.5313445516747617,0,214.29430690196298,0.7535227014564758,0,155.1748757393685,0.3088057030118445,0,12.013654064208392,147.01405566904336,0.00833974814510053,0,7.931233397954347,-0.0008790002121089591,1,63.07318303869547,-0.040063369786431234,1,1.6144987204236645,-0.001391860308873085,1,303.77052940536583,0.024019664339564054,0,322.52391090731055,-0.1716487383149042,1,Rahu,Jupiter,2.0,CLEAR,889.4044211638987,-0.567822175176957,0,0,360.0,327.7922061357856,0,6.3167346775306825,0.007505773330590477,-0.0007911001908980632,0.339686273313029,0.0,1.0,0,1,1,3.6832653224693175,3,0.007119605
2026-12-17,265.5541154600426,1.0175545792798317,0,358.6263538385522,12.793572011892163,0,2.2440822331827786,257.0959941734326,1.549840901545092,0,219.9436001929649,0.855900804048907,0,157.14944444350772,0.2541294487839332,0,11.478693042620307,146.99193600262333,-0.014649338145925455,1,7.9698675276376685,0.011910809750932172,0,62.800221714152826,-0.03777712327236259,1,1.6187877013186216,0.002624022208521112,0,303.9461454271655,0.02610442943898975,0,322.23981824340655,-0.004167668197760669,1,Rahu,Jupiter,2.0,CLEAR,888.4544491765839,-0.9499719873148251,0,0,210.0,327.7922061357856,0,6.351079826319047,-0.01318440433133291,0.010719728775838955,0.2795423936623265,0.0,1.0,0,1,1,3.6489201736809527,2,0.009226751
2026-12-24,272.6795565436291,1.018301678886025,0,98.95371157655019,15.312063336146231,0,26.601933842597344,268.0101780741987,1.5699073273071689,0,226.22288928784351,0.9349253920804191,0,158.7153022097548,0.19186727585286106,0,11.099819859931216,146.81021937975675,-0.03718517716474805,1,8.097981366415322,0.02463452842261391,0,62.546666450615135,-0.03454991716279487,1,1.6516711319657937,0.006757327289274643,0,304.13570862951667,0.027997270146309514,0,321.572443563073,-0.10550963613973703,1,Rahu,Jupiter,2.0,CLEAR,887.1390121377788,-1.3154370388051575,0,0,150.0,327.7922061357856,0,6.446310234449529,-0.03346665944827325,0.022171075580352518,0.21105400343814718,0.0,1.0,0,1,1,3.5536897655504713,2,0.009725376
2026-12-31,279.81072601815043,1.019202885059675,0,198.24949130389032,12.807096448073152,0,-11.154815135433866,279.1008450511217,1.6009567968541498,0,232.99112652132715,0.9961515004421683,0,159.81243423049295,0.11988611077343375,0,10.903463603123464,146.47221778031414,-0.05919966471016628,1,8.313385846985614,0.036894286555669294,0,62.31752458498801,-0.03076547687982668,1,1.7126344201877481,0.010687178798193262,0,304.3367493319781,0.029424559366818953,0,321.4677746131848,-0.011290535886841936,1,Rahu,Jupiter,2.0,CLEAR,885.4807172262724,-1.6582949115063457,0,0,50.0,327.7922061357856,0,6.600751426797866,-0.05327969823914965,0.033204857900102365,0.13187472185077714,0.0,1.0,0,1,1,3.399248573202134,2,0.009604376
2027-01-07,286.9471893933349,1.019586302106173,0,283.1652841374316,11.81704207474172,0,-25.94698937839576,290.44885584504425,1.6424865754332998,0,240.13503728869475,1.0428107932714095,0,160.37074155908235,0.0381074803946484,0,10.91702547869706,145.98507731749848,-0.07967942643885022,1,8.613954345451162,0.048875750504047126,0,62.11793222125981,-0.026172423235538995,1,1.8014504507409035,0.014645630471973717,0,304.54720605261315,0.030622060294979825,0,320.81946415821767,-0.09057507866193165,1,Rahu,Jupiter,2.0,CLEAR,883.5087060708087,-1.972011155463747,0,0,82.0,327.7922061357856,0,6.812503894710259,-0.0717114837949652,0.04398817545364241,0.04191822843411325,0.0,1.0,0,1,1,3.187496105289741,2,0.0123637505
2027-01-14,294.08195749953666,1.018744072157391,0,7.7995079791968704,12.769062488953596,0,6.626279448336667,302.09161365914485,1.6813858002039497,0,247.5649117565464,1.0785130947127746,0,160.3281274398089,-0.05120757103963407,1,11.159750892386377,145.36212622578273,-0.0978066575318247,1,8.995869441681336,0.06013162495230252,0,61.95218724288497,-0.02108494819765843,1,1.9169604849520385,0.018333568337010026,0,304.7642527513397,0.031338199949100067,0,320.7700363131062,0.023282544378734726,0,Rahu,Jupiter,2.0,CLEAR,881.2662004647518,-2.2425056060568522,0,0,58.0,327.7922061357856,0,7.078908956729297,-0.08802599177864223,0.054118462457072275,-0.05632832814359748,0.0,1.0,0,1,1,2.921091043270703,2,0.012548288
2027-01-21,301.208318453422,1.0173112113329172,0,106.8354869657998,15.222920678627222,0,25.28091553921747,313.884203343393,1.6729524480012663,0,255.21766551440535,1.1070059292580832,0,159.6464236277202,-0.14377290901008102,1,11.635561911834799,144.62387495404806,-0.11255740507792868,1,9.454322426767149,0.07069026184169828,0,61.82417291841976,-0.015456098039232176,1,2.0579861428870854,0.021893802256547405,0,304.9854903429784,0.031789307959224695,0,320.5830009388555,-0.03242634510929626,1,Rahu,Jupiter,2.0,CLEAR,878.8091427732047,-2.4570576915471065,0,0,150.0,327.7922061357856,0,7.396336283880064,-0.10130166457013581,0.06362123565752846,-0.15815019991108914,0.0,1.0,0,1,1,2.603663716119936,2,0.012255305
2027-01-28,308.32476903021876,1.016048405201477,0,207.1285878681719,12.913889652974966,0,-14.967449099784398,325.10953305905747,1.4860234348762003,0,263.05051644498167,1.130107358941158,0,158.31734089616293,-0.2351506989685801,1,12.331593416978459,143.7942312496845,-0.12379161536319803,1,9.983112035973466,0.08031387945811776,0,61.735931065179635,-0.009662747998292164,1,2.222324002938336,0.025063630184707246,0,305.20792282962503,0.031756455777878057,0,320.61079350032736,0.010754049917858341,0,Rahu,Jupiter,2.0,CLEAR,876.1998309646015,-2.609311808603252,0,0,310.0,327.7922061357856,0,7.76078803303513,-0.11141245382687823,0.07228249151230598,-0.25866576886543813,0.0,1.0,0,1,1,2.23921196696487,2,0.01042723
2027-02-04,315.43240207056834,1.014538850326756,0,291.8690315847976,11.82463334460314,0,-24.171722019810733,333.6422559982842,0.8525352935581268,0,271.027187357944,1.1481042744350671,0,156.3789014186045,-0.315897200883556,1,13.211209320416438,142.90104788941463,-0.13065390596308082,1,10.577120327871077,0.08923073116980641,0,61.689733414600724,-0.0035305136646717576,1,2.408473576270974,0.02804183386591082,0,305.4294566162121,0.03144495024473461,0,320.53459121749984,-0.012009109330236491,1,Rahu,Jupiter,2.0,CLEAR,873.5057022230645,-2.694128741536929,0,0,270.0,327.7922061357856,0,8.168646751600104,-0.11758851536677274,0.08030765805282578,-0.34748692097191164,0.0,1.0,0,0,1,1.8313532483998962,2,0.010399438
2027-02-11,322.5257321444804,1.0119636373320435,0,17.63371520388,12.922034314044465,0,11.028421050226706,335.69964879292786,-0.3175625689434667,1,279.11392597340864,1.1618183028757076,0,153.949136858336,-0.3733940754355475,1,14.203265880488031,141.97625153267856,-0.13271373322089808,1,11.229920121558848,0.09713915023915744,0,61.686573965631744,0.002658825151731044,0,2.613865008417045,0.030601113576956662,0,305.647000957001,0.030668807660481523,0,320.52597528211146,-0.005477098307904288,1,Rahu,Jupiter,2.0,CLEAR,870.8039190657844,-2.701783157280147,0,0,310.0,327.7922061357856,0,8.616055113141803,-0.11944235989880828,0.08742523521524169,-0.4107334829791023,0.0,1.0,0,0,1,1.3839448868581972,1,0.010559129
2027-02-18,329.59832166334127,1.008688576674841,0,115.34454944079104,14.847620831365766,0,23.28687391969485,330.01215338289626,-1.1247737567706169,1,287.2867087410658,1.172915627478129,0,151.2301252318712,-0.3975152070678263,1,15.209049653563207,141.05495425590036,-0.12976288478925532,1,11.935029492000265,0.10411499643945925,0,61.72724349345809,0.008907509048999616,0,2.836341803303727,0.032862415367657244,0,305.85833803943916,0.029621772902729018,0,320.54388936927165,0.011635382483067922,0,Rahu,Jupiter,2.0,CLEAR,868.175035813231,-2.6288832525533508,0,0,210.0,327.7922061357856,0,9.098687688696538,-0.1167865963103298,0.09370349679551332,-0.43726672777460895,0.0,1.0,0,0,1,0.901312311303462,1,0.01095967
2027-02-25,336.64798355794,1.0056470313630892,0,215.2464610695459,13.040832307054517,0,-18.058954069357412,323.0259359584332,-0.7062059121345547,1,295.5310826338796,1.1823935438827797,0,148.4669769209119,-0.3860270316463873,1,16.128390721739784,140.16943686078312,-0.12248918790304883,1,12.684960496001814,0.11005875866378541,0,61.81058198380554,0.01493307519552269,0,3.0726789373591386,0.034653471525516566,0,306.0605821650312,0.028161556674016375,0,320.4346781652089,-0.03375936984179567,1,Rahu,Jupiter,2.0,CLEAR,865.6935154843967,-2.4815203288343355,0,0,360.0,327.7922061357856,0,9.612281558642675,-0.11024026911274395,0.09905288279740687,-0.42462973481102606,0.0,1.0,0,0,1,0.38771844135732536,1,0.011373905
2027-03-04,343.6776777193805,1.002736794044901,0,300.2332479447051,11.857107772745655,0,-21.881285027955737,320.9742014636984,0.10353827221735547,0,303.8356744577103,1.1899613670130642,0,145.90542901050918,-0.3406103945161958,1,16.878920164412044,139.34989729316328,-0.11102695236208222,1,13.473921571896849,0.1151716012163053,0,61.93608386707601,0.02086188418397309,0,3.320733268183351,0.03612056774493694,0,306.25197086861624,0.026434522437426514,0,320.47520807391163,0.02287629344004474,0,Rahu,Jupiter,2.0,CLEAR,863.4265540468793,-2.2669614375173524,0,0,22.0,327.7922061357856,0,10.153188303713499,-0.09992425712587401,0.10365444109467478,-0.3746714339678154,0.0,1.0,0,0,1,0.0,1,0.01101167
2027-03-11,350.6845529243455,0.9991026181749939,0,27.63752899151814,13.256654163260892,0,15.11662058147161,323.8996199346235,0.687450263364492,0,312.1857971640021,1.1955182860750184,0,143.76158780851247,-0.2682564526824299,1,17.40535338420757,138.62366819831283,-0.09586654112368756,1,14.294928241387021,0.11926178482181743,0,62.101938408518926,0.02650560605872384,0,3.5772355309284256,0.037123400174921675,0,306.4297646054501,0.02434345057604154,0,320.22067871765785,-0.08654366439463165,1,Rahu,Jupiter,2.0,CLEAR,861.4372129409064,-1.989341105972926,0,0,-210.0,327.7922061357856,0,10.717692710458596,-0.0862798870113188,0.1073356063396357,-0.2950820979506729,0.0,1.0,0,0,1,0.0,1,0.011065448
2027-03-18,357.6635174901363,0.9947823707480729,0,124.9895782602722,14.400762754855956,0,20.332364633444115,330.08619435025383,1.0527631302018914,0,320.57014983723474,1.1998448167773275,0,142.18584112863104,-0.18056002379517003,1,17.68594506936303,138.01481415516756,-0.0777482615624845,1,15.141421056216373,0.12237955917253467,0,62.30654634264268,0.03183768711414349,0,3.8396748871043584,0.03774079288080905,0,306.5923800793172,0.02203078552587388,0,320.063044192033,0.01924170575664604,0,Rahu,Jupiter,2.0,CLEAR,859.7786110627775,-1.658601878128934,0,0,-306.0,327.7922061357856,0,11.301746169112015,-0.06997343540623606,0.1101416032552812,-0.19861602617468704,0.0,1.0,0,0,1,0.0,1,0.010910573
2027-03-25,4.612346635917052,0.990783481038503,0,223.0643160777647,13.051178177116668,0,-20.624048229022854,338.36486916640797,1.2993604993080947,0,328.982843153898,1.2037797849802812,0,141.2409064759042,-0.08948481218400067,1,17.7303645624382,137.53927339536665,-0.05782172613321861,1,16.00595048886072,0.12454071340312659,0,62.5465284264803,0.036714567870966074,0,4.104410978704008,0.03785864619216186,0,306.73750936205425,0.019450750217560972,0,319.5799948129153,-0.12318095507423199,1,Rahu,Jupiter,2.0,CLEAR,858.4877629621772,-1.2908481006003285,0,0,30.0,327.7922061357856,0,11.901539510156711,-0.052039553519896746,0.11208664206281393,-0.09843329340240074,0.0,1.0,0,0,1,0.0,1,0.01243647
2027-04-01,11.535685949652587,0.9872921443860638,0,308.232361578249,11.886278576439365,0,-19.163201580644856,348.15303399078385,1.4918258243680227,0,337.4214943283431,1.207070274623635,0,140.9266459763412,-0.0010914292700803926,1,17.56178844971355,137.20832679514595,-0.03658801419018307,1,16.88301273756529,0.1258668658442842,0,62.81962991026569,0.04121274630900153,0,4.369347196667757,0.03769112708231363,0,306.8641907854574,0.016675807230904928,0,319.3177404810719,0.015582528943828396,0,Rahu,Jupiter,2.0,CLEAR,857.5888374465729,-0.8989255156042191,0,0,-90.0,327.7922061357856,0,12.513665540897534,-0.03292921277116476,0.11328017925985577,-0.001200572197088432,0.0,1.0,0,0,1,0.0,1,0.012150334
2027-04-08,18.433772298347648,0.983519871196939,0,37.291571158781245,13.692141129773214,0,18.63549734470779,359.2100855726654,1.6664840741271398,0,345.87937199370776,1.2093187350771226,0,141.2115846172218,0.08132448443898423,0,17.20367349042504,137.02884890276204,-0.014573370380315418,1,17.765806211055256,0.12623009230378165,0,63.122415312014155,0.04525279806269219,0,4.631057167379692,0.03704944476931689,0,306.9704668465731,0.013697157730428225,0,318.7127675659434,-0.17141613784295381,1,Rahu,Jupiter,2.0,CLEAR,857.0994804016468,-0.4893570449261233,0,0,-170.0,327.7922061357856,0,13.134749043675566,-0.013116033342283877,0.11360708307340349,0.08945693288288266,0.0,1.0,0,0,1,0.0,1,0.009627317
2027-04-15,25.303449664585877,0.9791335354928886,0,135.56528088777372,14.076243720854333,0,16.39333668274926,11.490082603413603,1.8432230189509977,0,354.35009390171706,1.2107701397509445,0,142.04513860677366,0.15512971527776034,0,16.67751205305833,137.00455577524085,0.007518241824301965,0,18.64821841601367,0.1256640377767853,0,63.451997388113796,0.048765924046858845,0,4.88714663049441,0.035998295717760476,0,307.05572834577265,0.010593229378538524,0,318.2151888248858,0.0033157632984151027,0,Rahu,Jupiter,2.0,CLEAR,857.027356374175,-0.07212402747177293,0,0,-170.0,327.7922061357856,0,13.76107178551926,0.006766417641871769,0.11309763399910679,0.1706426868055364,0.0,1.0,0,0,1,0.0,0,0.009711246
2027-04-22,32.14270638458318,0.9751402185094761,0,231.13983029508552,12.895236558111016,0,-22.872730892489283,25.022020588428443,2.0211753357981226,0,2.830430282808455,1.2122653445431706,0,143.35970680746436,0.2189059851118774,0,16.004833187121815,137.13265217615427,0.028999348471103314,0,19.52316598472244,0.12423579348084277,0,63.803935792238235,0.05174973146868282,0,5.134232226832212,0.03458580255455482,0,307.1186539733871,0.007420822165395675,0,317.38217739759403,-0.20096590656575372,1,Rahu,Jupiter,2.0,CLEAR,857.3674035363464,0.340047162171345,0,0,-290.0,327.7922061357856,0,14.388933757890229,0.026099413623992984,0.11181221413275849,0.24079658362306516,0.0,1.0,0,0,1,0.0,0,0.011078166
2027-04-29,38.957277803994906,0.9719341186127327,0,316.07948354394404,11.8928527089104,0,-16.07431164280806,39.67199426328462,2.146900766642273,0,11.321712807677171,1.2137394065724114,0,145.08993809540755,0.2741568814115839,0,15.20244538829259,137.4086292377202,0.04968627029430697,0,20.385529055279186,0.12198103077039706,0,64.17521308931458,0.05421435761719326,0,5.370414259520843,0.032804234225978834,0,307.1593588972398,0.004169286575568881,0,316.7716420644341,0.00026902331427716323,0,Rahu,Jupiter,2.0,CLEAR,858.1081383405483,0.7407348042019066,0,0,-490.0,327.7922061357856,0,15.015114795758343,0.044717643264876275,0.10978292769335735,0.3015725695527423,0.0,1.0,0,0,1,0.0,0,0.010015575
2027-05-06,45.75023050731339,0.9689020133255625,0,46.30964155054061,14.099483620547117,0,21.504022071096244,54.6705114048016,2.0999798617815233,0,19.821853535114787,1.2148083246940702,0,147.18187978967657,0.3225092152538379,0,14.281317130744206,137.826260517056,0.06951162247275142,0,21.228887190287015,0.1188629020460132,0,64.56177061728106,0.056178390410645866,0,5.592718673883661,0.03069195023754154,0,307.17701633738596,0.0009161665395939436,0,316.02381309367337,-0.20372864501167803,1,Rahu,Jupiter,2.0,CLEAR,859.2365922461349,1.128453905586639,0,0,-90.0,327.7922061357856,0,15.636168516403353,0.06256046022547627,0.10697661184141188,0.35476013677922175,0.0,1.0,0,0,1,0.0,0,0.010000712
2027-05-13,52.52051791974461,0.9653473328409744,0,146.46271542606965,13.956151893982174,0,11.78087312890816,68.5451375380099,1.8343910030286956,0,28.32761493327203,1.2153138721805237,0,149.58990695849107,0.3643238363596955,0,13.249870288993181,138.3788896828818,0.08808713177945346,0,22.047339071719225,0.1147778894574783,0,64.96023640576662,0.057513676600975075,0,5.799211809099091,0.028198759627783673,0,307.1722037388154,-0.0023323617514723017,1,315.39316079714825,-0.00350415386778097,1,Rahu,Jupiter,2.0,CLEAR,860.7354210814678,1.4988288353329153,0,0,-304.0,327.7922061357856,0,16.248127262620134,0.07927841860150811,0.10330010051173047,0.4007562199956651,0.0,1.0,0,0,1,0.0,1,0.009548105
2027-05-20,59.26626271088343,0.9622003585907701,0,239.76049101462556,12.629515365499568,0,-24.82544726143097,80.0901141185327,1.454031719865375,0,36.83710476402718,1.2160865357442843,0,152.26778573347596,0.39988775774347946,0,12.118163024613033,139.05623297884935,0.10523503125689801,0,22.834183394927255,0.10994569011716121,0,65.3659091915376,0.058341955234418215,0,5.987117820049328,0.0254822602641809,0,307.14486173502974,-0.00542518608064763,1,314.535466487892,-0.20558223157727407,1,Rahu,Jupiter,2.0,CLEAR,862.5803252306156,1.8449041491477374,0,0,-44.0,327.7922061357856,0,16.847065574877927,0.09471152813120821,0.09895112110544509,0.43987653351782746,0.0,1.0,0,0,1,0.0,1,0.072575636
2027-05-27,65.99351850880267,0.9599853791400195,0,324.0809956163574,11.884031505828524,0,-12.642243175534562,88.8009590980241,1.0277525045892857,0,45.35360985781893,1.2172136347443268,0,155.17734923883594,0.4307497782768718,0,10.894697144155048,139.84885756927687,0.12099420164446605,0,23.58455611159371,0.104283838572012,0,65.7750942977616,0.05970843897612329,0,6.155146468356828,0.02245691734581653,0,307.0962941130919,-0.008456716921462036,1,313.89270760480014,0.00924504565135156,0,Rahu,Jupiter,2.0,CLEAR,864.7450225711793,2.164697340563748,0,0,-240.0,327.7922061357856,0,17.42940964323688,0.10889478148001944,0.0938554547148108,0.473824756104559,0.0,1.0,0,0,1,0.0,1,0.088926785
2027-06-03,72.70746612923107,0.9583376819538308,0,54.761652306283885,14.352815748281559,0,23.777825576498607,94.35540978924709,0.548907413107097,0,53.87840825001951,1.2184512507200738,0,158.29072823587265,0.45833381075578306,0,9.585403830042301,140.74746754973722,0.1355857310268512,0,24.29232524824753,0.09782617325038699,0,66.18507974295758,0.05837337381142432,0,6.301100498056794,0.01924435338151908,0,307.0269856804541,-0.011274610496881861,1,313.37319093810964,-0.15859718733533498,1,Rahu,Jupiter,2.0,CLEAR,867.2089222283678,2.463899657188449,0,0,-240.0,327.7922061357856,0,17.991224750190735,0.12202715792416609,0.0880435559253483,0.5041671918313614,0.0,1.0,0,0,1,0.0,1,0.1057908
2027-06-10,79.40905123404195,0.9562730265745486,0,157.04832111314508,14.03217543482468,0,6.970026583623664,96.35858868467183,0.019674836995432567,0,62.41085487406553,1.2193038519110326,0,161.58662970988692,0.4827286477423888,0,8.1957436140637,141.74364340179295,0.1487353353203612,0,24.951779947338277,0.09040218743860486,0,66.59109443558853,0.05748391057617595,0,6.423802815542542,0.015734428137229087,0,306.93872622109234,-0.013947701254032819,1,312.9107951028309,0.013260799017930612,0,Rahu,Jupiter,2.0,CLEAR,869.9444176014931,2.7354953731253318,0,0,-300.0,327.7922061357856,0,18.527977131795737,0.1338618017883251,0.08136196869474437,0.5310015125166276,0.0,1.0,0,0,1,0.0,1,0.098219246
2027-06-17,86.09634019868697,0.9545462375447749,0,248.85073607606776,12.350650901923242,0,-26.31164917571597,94.78022901643352,-0.43920606570688636,1,70.94967170795019,1.2204710600701192,0,165.0416064811727,0.5039601690012321,0,6.733973327845249,142.82673415094405,0.160515814091114,0,25.556678295564414,0.08233443506566313,0,66.98901933199554,0.05614853473200499,0,6.5214869260411445,0.012179525294156042,0,306.8327784639118,-0.016253836980112193,1,312.39930821842955,-0.1344375083595582,1,Rahu,Jupiter,2.0,CLEAR,872.9229761859733,2.978558584480197,0,0,-420.0,327.7922061357856,0,19.035191369523268,0.14446423268200262,0.07410099155909682,0.5543561859013554,0.0,1.0,0,0,1,0.0,1,0.103814356
2027-06-24,92.77491400966822,0.9537672986986825,0,332.4676136545131,11.891758801747036,0,-8.894133336155111,90.99131006464965,-0.5680668904031674,1,79.49849042425355,1.22210733359681,0,168.63666864716416,0.5228992134344767,0,5.208025818806545,143.98771738841,0.17098671817657896,0,26.102510080536046,0.07347455255655495,0,67.37572565412803,0.05423717078225124,0,6.593756824561596,0.008432277848611237,0,306.71151154035374,-0.01836546868048471,1,312.0170975645948,0.027254492895674505,0,Rahu,Jupiter,2.0,CLEAR,876.1163493552451,3.1933731692718084,0,0,-260.0,327.7922061357856,0,19.50875325597445,0.15388804635892106,0.06612709730089945,0.5751891347779243,0.0,1.0,0,0,1,0.0,1,0.08134491
2027-07-01,99.45119632462576,0.9538416302769956,0,63.02963179248103,14.389959067488284,0,25.525499253845975,87.89790449305733,-0.25188007529069223,1,88.06015575080879,1.2241267696754052,0,172.35932865369057,0.5405648804720352,0,3.624291328812378,145.2183043596746,0.18046691519485347,0,26.58379040297946,0.06393851945824709,0,67.74742683412681,0.05191201383193754,0,6.639588245498275,0.00468661436586039,0,306.5766368989714,-0.020077347994028417,1,311.8727380050874,-0.07369700209550831,1,Rahu,Jupiter,2.0,CLEAR,879.4990120986633,3.382662743418223,0,0,-200.0,327.7922061357856,0,19.944202157481186,0.16242022367536812,0.05754466751242238,0.5946213685192387,0.0,1.0,0,0,1,0.0,1,0.08583312
2027-07-08,106.12778679243998,0.9536220910879923,0,166.88716119332224,14.234072074583054,0,2.384058000363466,88.03217761111071,0.30859148958287913,0,96.63523559253518,1.2257916270386089,0,176.2011847159576,0.5567782772250758,0,1.9890960055791267,146.5111303286119,0.18865618420879982,0,26.995472518439957,0.05353749401751089,0,68.10082080027514,0.04893029287131559,0,6.658874533086624,0.0007874772195314179,0,306.4309012392229,-0.021532177465813748,1,311.68616988853046,0.020607284536805597,0,Rahu,Jupiter,2.0,CLEAR,883.0443507131552,3.5453386144918113,0,0,-140.0,327.7922061357856,0,20.336597985353333,0.16979056578791984,0.0481837446157598,0.6124561049475834,0.0,1.0,0,0,1,0.0,1,0.04171999
2027-07-15,112.8025741771359,0.9535816021277722,0,258.1155515675631,12.131595857238203,0,-27.114761150349462,92.2791177130757,0.900637416032789,0,105.22172084688316,1.2275476978470394,0,180.15052709189206,0.5713630713427293,0,0.31159260156895574,147.85707105999097,0.19571743999474825,0,27.332599076152196,0.042714467105680914,0,68.43185971570466,0.04558822964739097,0,6.651261844133833,-0.0029408366912665315,1,306.2766344901385,-0.022470506750489363,1,311.5743466922571,-0.04214040145695694,1,Rahu,Jupiter,2.0,CLEAR,886.7220688828465,3.6777181696913885,0,0,-128.0,327.7922061357856,0,20.681337232018365,0.17614569599527344,0.038443020395112826,0.6284993784770023,0.0,1.0,0,0,1,0.0,2,0.04514555
2027-07-22,119.47990774647428,0.9543924754863502,0,341.291814494354,11.958657296508292,0,-4.891113721354636,100.53110486160023,1.4457751222406334,0,113.82148196471478,1.2295781267630124,0,184.19745186330331,0.5847710501587512,0,-1.3989218539978676,149.24846332140288,0.2016564305718174,0,27.592027099984094,0.03131838305955878,0,68.73771794626722,0.0417180927939961,0,6.617547484235895,-0.006686920574798395,1,306.1168428233113,-0.02313147382055757,1,311.4704954487404,0.01779258205450771,0,Rahu,Jupiter,2.0,CLEAR,890.5035819202458,3.781513037399236,0,0,-124.0,327.7922061357856,0,20.974479615748198,0.18149078751463565,0.028186544753602903,0.6432481551746264,0.0,1.0,0,0,1,0.0,2,0.015231161
2027-07-29,126.16659351786062,0.9562166258180923,0,71.62444274632011,14.245512115286283,0,26.714285936695912,112.26376741138822,1.877474398815286,0,122.43676954364607,1.2319678587675376,0,188.33661870255676,0.597825039682355,0,-3.1341984360141324,150.67851280768497,0.20680559684034114,0,27.770314127931954,0.019576154194924898,0,69.0152538370483,0.03753250230230493,0,6.558245273437028,-0.01020517496404004,1,305.95404158687035,-0.023285699558792592,1,311.5064378145437,-0.006563897094419446,1,Rahu,Saturn,3.5,CLEAR,894.3629595688517,3.859377648605914,0,0,-220.0,327.7922061357856,0,21.212068854494927,0.18612503715630702,0.01761853877543241,0.6576075436505906,0.0,1.0,0,0,1,0.0,2,0.014237664
2027-08-05,132.86635688353118,0.9578737778308533,0,175.8561338693017,14.446430134139671,0,-1.7571706700931191,126.24961233887406,2.071702761358347,0,131.06776932746465,1.2339000284468473,0,192.5654708219934,0.6102454289700151,0,-4.885877959782598,152.1408869257251,0.21080152425011897,0,27.864771157191793,0.0073591282979038755,0,69.26162613337601,0.03276693284146997,0,6.474586998383849,-0.013680067837384978,1,305.7913579235232,-0.023142093696918876,1,311.4838160259011,-0.0057456952669141005,1,Rahu,Saturn,3.5,CLEAR,898.2731362743882,3.9101767055365144,0,0,-320.0,327.7922061357856,0,21.390184158807944,0.18972137182510707,0.006623215468113488,0.6712699718670166,0.0,1.0,0,0,1,0.0,2,0.015684813
2027-08-12,139.5768884010387,0.95948122319703,0,267.21675682776106,12.003038005471925,0,-27.108577849162074,140.69575071141884,2.026554991513601,0,139.71092893973338,1.2355484234992042,0,196.8780689425538,0.6217660794193417,0,-6.642876381330002,153.6276876990549,0.2138254740930351,0,27.8738895878136,-0.0047431364523194425,1,69.47373072002907,0.027778733651422395,0,6.367928993683708,-0.016749594226126215,1,305.63160954970544,-0.022438477765533246,1,311.50034770729826,0.01940367362707376,0,Rahu,Saturn,3.5,CLEAR,902.2037597513895,3.9306234770012907,0,1,0.0,327.7922061357856,0,21.505960594129892,0.19244292668373159,-0.004268822807087499,0.683942687361276,0.0,1.0,0,0,1,0.0,3,0.014512346
2027-08-19,146.30059542258587,0.9617355068601324,0,350.4073312623973,12.114240532363285,0,-0.7509074293840099,154.38773904578812,1.8785750030803718,0,148.3651394262643,1.2371077158345047,0,201.26849420616992,0.632587030855229,0,-8.393530658839708,155.13197858829034,0.2158290451731631,0,27.798335454008527,-0.01681313685849767,1,69.64951191778088,0.02239712046650001,0,6.240431361996185,-0.01962822374030694,1,305.47774465589526,-0.021462324641177116,1,311.4802242442484,-0.03428593054071463,1,Rahu,Saturn,3.5,CLEAR,906.1266289763596,3.9228692249701,0,1,260.0,327.7922061357856,0,21.557904092012343,0.19424614065584678,-0.015131823172647905,0.695845733940752,0.0,1.0,0,0,1,0.0,3,0.01538107
2027-08-26,153.04382130899614,0.9650339496606638,0,80.95442172061443,14.031882091765777,0,27.175748955917236,166.97248426135667,1.718249994692768,0,157.03115414952273,1.2389135058303629,0,205.73450460672532,0.6434391463880794,0,-10.12670408490601,156.64776665240353,0.21712664292407707,0,27.639497678834854,-0.028494647945060438,1,69.78706099845444,0.01687450721397616,0,6.09428626362085,-0.022052427197695193,1,305.3323924753194,-0.019986883379249382,1,311.3346275747503,0.01837577898335727,0,Rahu,Saturn,3.5,CLEAR,910.0162978238354,3.889668847475832,0,1,500.0,327.7922061357856,0,21.545211415214006,0.19541397863166937,-0.025645183150554394,0.7077830610268874,0.0,1.0,0,0,1,0.0,3,0.01375
2027-09-02,159.81075701424754,0.9682665120826934,0,184.18272488066958,14.534960664120657,0,-5.490117776354049,178.4676644780869,1.5676206627219555,0,165.7086345556261,1.2402400124915909,0,210.27593400862918,0.6540278421831028,0,-11.830920673626014,158.1687827294044,0.21729717289598,0,27.400047135487196,-0.03979890224980969,1,69.88462130078887,0.010962903588057902,0,5.932060233690166,-0.024227073153619588,1,305.1982848935045,-0.01826841583422395,1,311.26111610041664,-0.06962048916046988,1,Rahu,Saturn,3.5,CLEAR,913.8461178059972,3.82981998216178,0,1,420.0,327.7922061357856,0,21.46798690179703,0.195567455606382,-0.03581901202482872,0.7194306264014132,0.0,1.0,0,0,1,0.0,3,0.011279005
2027-09-09,166.59889999049707,0.9711858964920584,0,275.9018774966543,11.956252923467732,0,-26.309822845226915,188.92685845502461,1.4198297711212666,0,174.3933818338492,1.241025446571983,0,214.8896716188981,0.6640476158073336,0,-13.492134581539592,159.68766006317296,0.21648372690014986,0,27.085101614680287,-0.05002067835904941,1,69.94081362774541,0.005066314117868569,0,5.756751825101084,-0.025798593319516182,1,305.07798672997404,-0.016068961502383818,1,311.026418980593,0.029826301132501995,0,Rahu,Saturn,3.5,CLEAR,917.5874702716865,3.7413524656892605,0,1,100.0,327.7922061357856,0,21.328349789579203,0.19483535421013487,-0.045018610523144466,0.730452377388067,0.0,1.0,0,0,1,0.0,3,0.010855614
2027-09-16,173.40813535204623,0.9744380152480956,0,359.51645042056134,12.353318297444384,0,3.3587386088601607,198.30343264474467,1.2535269694144482,0,183.08225121903234,1.2415169465256992,0,219.57127651819286,0.6735260228521991,0,-15.09544263857257,161.1970595914209,0.21463152979841368,0,26.702139018313737,-0.05918281052724472,1,69.95517626061019,-0.0009540814880429452,1,5.571648553847378,-0.02700162234295379,1,304.97363008271424,-0.013696509937014208,1,310.8547583718575,-0.11402451560895749,1,Rahu,Saturn,3.5,CLEAR,921.213914430939,3.6264441592525145,0,1,196.0,327.7922061357856,0,21.13049046446636,0.19316837681857232,-0.053264529474520254,0.7408786251374191,0.0,1.0,0,0,1,0.0,4,0.012306105
2027-09-23,180.24347322179727,0.9786362237585037,0,91.13511791577692,13.886950090502584,0,26.679227163440498,206.34046597168194,1.0276948448171486,0,191.77535602242298,1.2422519043759825,0,224.31950071866456,0.6831346641702745,0,-16.626056905002233,162.6908353849681,0.21200264147215384,0,26.260045074022813,-0.06689005286710012,1,69.92793335449537,-0.00682118978994615,1,5.380258664372306,-0.02759805944094931,1,304.8872349447037,-0.010945393843268016,1,310.2302804729896,0.0017659695189421282,0,Rahu,Saturn,3.5,CLEAR,924.7025502607747,3.4886358298357436,0,1,68.0,327.7922061357856,0,20.879786409650507,0.19080237732493846,-0.06020104758039011,0.751448130587302,0.0,1.0,0,0,1,0.0,4,0.012074716
2027-09-30,187.10888122704088,0.982821133893363,0,192.38334417325086,14.401367967812186,0,-9.044690692142337,212.36570699824352,0.6601396315975052,0,200.4730124370929,1.2427228501370098,0,229.13474815874844,0.6926140267808668,0,-18.068851489794135,164.16200507342322,0.2081391473885808,0,25.768895274974756,-0.07311668083603784,1,69.85933987457899,-0.01273422907771978,1,5.185952229188269,-0.02780938786213737,1,304.82042861245577,-0.008088392433990375,1,309.94246656031635,-0.15029308208097164,1,Rahu,Saturn,3.5,CLEAR,928.0299282127163,3.327377951941571,0,1,260.0,327.7922061357856,0,20.582943045786486,0.18732523264972273,-0.06580501275243406,0.7618754294589536,0.0,1.0,0,0,1,0.0,4,0.013292499
2027-10-07,194.00162386639536,0.9864318846652542,0,284.09765771636756,11.956418810983147,0,-24.847282898725773,214.92710763950595,0.01296042272688497,0,209.17235448493687,1.2426862331213597,0,234.01510756322932,0.7016343457333043,0,-19.40675086457882,165.60234112076364,0.20316322309159282,0,25.241548210881675,-0.07723714475391256,1,69.75072371338254,-0.018269896892707443,1,4.992706595934236,-0.02733979140323536,1,304.774890586862,-0.004928133511478652,1,309.2206464964655,0.0022729124047322006,0,Rahu,Saturn,3.5,CLEAR,931.1709353027,3.1410070899836455,0,1,160.0,327.7922061357856,0,20.248841614947438,0.18284690078243354,-0.0695134302785213,0.7717977803066348,0.0,1.0,0,0,1,0.0,4,0.011543097
2027-10-14,200.9187599464251,0.9899689747452557,0,8.274368610016623,12.622129416458975,0,7.262840198269892,211.8306924786724,-0.90603144287546,1,217.86974615223818,1.2422941195308126,0,238.95627263583472,0.7100956424758879,0,-20.622315176538603,167.0034492018148,0.19699102083568096,0,24.692100638507572,-0.07938950929799475,1,69.60415757331631,-0.023521737337090284,1,4.804128981783789,-0.02643975809259555,1,304.75138642877164,-0.0017586815695230548,1,308.8158510379503,-0.180615302252386,1,Rahu,Saturn,3.5,CLEAR,934.1041827291515,2.933247426451544,0,1,0.0,327.7922061357856,0,19.887971656723785,0.17729191875211286,-0.07145055836819528,0.7811052067234767,0.0,1.0,0,0,1,0.0,4,0.012199992
2027-10-21,207.86311980712185,0.9942278024141773,0,101.89895015838727,13.921549040130648,0,25.099966879181217,203.80101106864038,-1.1416129118909797,1,226.56536106643827,1.2422089570167452,0,243.95672634002116,0.7186063814909419,0,-21.698562795936958,168.35810118810952,0.1898418397471224,0,24.135271786014133,-0.07937757677608771,1,69.42283100621356,-0.028225534222060665,1,4.624092905893787,-0.02493447106440722,1,304.7508329377992,0.001594242838113485,0,307.7605554253259,-0.02633867650810984,1,Rahu,Saturn,3.5,CLEAR,936.8120127012603,2.7078299721088115,0,1,24.0,327.7922061357856,0,19.511178880120347,0.17085765577241016,-0.07143981909847895,0.7904670196400362,0.0,1.0,0,0,1,0.0,3,0.010626837
2027-10-28,214.83785907772747,0.9984849267131546,0,201.0397555942198,14.050670977665943,0,-12.660474124537107,199.31284508256832,-0.017050151619396662,1,235.26062132396902,1.24214668161864,0,249.01636127822368,0.7269866268133951,0,-22.61908999316975,169.65767096137316,0.18125029994975533,0,23.58533200242312,-0.07734321841823234,1,69.20972021438288,-0.03253056922379859,1,4.455731267032864,-0.02305145704881114,1,304.77335835579703,0.004878427689691694,0,307.29320682113547,-0.19642761326344332,1,Rahu,Saturn,3.5,CLEAR,939.2766031058522,2.464590404591945,0,1,24.0,327.7922061357856,0,19.129600735390255,0.1631252699547798,-0.0696088965764091,0.7996852894947347,0.0,1.0,0,0,1,0.0,3,0.011313444
2027-11-04,221.8399899351971,1.0019448486434173,0,291.9517077332906,11.960326480621028,0,-22.88242817704886,203.197488534972,1.0187448668828765,0,243.95446900062402,1.2416727617164058,0,254.13344766275299,0.7348798940475892,0,-23.367339980392003,170.89251204753077,0.17129442632529482,0,23.05802388469252,-0.07299459451867714,1,68.96934869793675,-0.0360548752994397,1,4.302854923705602,-0.020586733849303724,1,304.819436251016,0.008240707889279516,0,306.2528714913186,-0.019698884130104607,1,Rahu,Saturn,3.5,CLEAR,941.4791391414919,2.202536035639696,0,1,128.0,327.7922061357856,0,18.755168960986918,0.15416498369276535,-0.06569513506680942,0.8083678834523482,0.0,1.0,0,0,1,0.0,3,0.010265094
2027-11-11,228.86389384104828,1.0048937950205654,0,16.47836972421157,12.824360547943265,0,10.852165231977184,212.10667880515044,1.447686318138976,0,252.64282807408392,1.2406973047040741,0,259.3030658580807,0.7420997011266253,0,-23.92834833654484,172.05248667411695,0.15993451455940544,0,22.567820416005144,-0.06673540506321393,1,68.70655412940472,-0.038873399777370116,1,4.1682475549871185,-0.017788222060255158,1,304.8882921460061,0.011435576926364254,0,305.8439453747694,-0.180637007557578,1,Rahu,Saturn,3.5,CLEAR,943.4050022050568,1.9258630635648615,0,1,53.0,327.7922061357856,0,18.399572861018026,0.1439410631034649,-0.06006186455689254,0.8163096712392879,0.48834833654483845,1.0,0,0,1,0.0,3,0.012151509
2027-11-18,235.90964389873395,1.0082370961419347,0,112.6385229140541,14.182568920465963,0,22.591231460039605,222.75335889975577,1.5651527210749636,0,261.32461538881245,1.239825650843973,0,264.5226457443105,0.749170037333942,0,-24.28923986875065,173.1289192515607,0.1473537632386327,0,22.128021850348844,-0.0586914628406911,1,68.42732850905212,-0.040804513151441214,1,4.054959649729947,-0.014559501184122957,1,304.9796070248297,0.01460015338414409,0,304.7928859934544,-0.022921303388125272,1,Rahu,Saturn,3.5,CLEAR,945.0433621721063,1.638359967049496,0,1,-335.0,327.7922061357856,0,18.073062200618896,0.13261838691476943,-0.05282231655662199,0.8240870410673363,0.8492398687506473,1.0,0,0,1,0.0,3,0.01121965
2027-11-25,242.9792400329132,1.0115929898055622,0,210.47004180439671,13.599969308379356,0,-16.36185144381432,233.7902965898723,1.5804111149083977,0,270.00049098053046,1.2390076642329204,0,269.7909276854126,0.7560365402192823,0,-24.439666780994127,174.11145088826183,0.13313489927132777,0,21.749384839035823,-0.04919387140428117,1,68.13688212814432,-0.041984410464423756,1,3.964790741546869,-0.011106620741647734,1,305.09202193648935,0.01753601979222412,0,304.4354410370677,-0.16725119001883237,1,Rahu,Saturn,3.5,CLEAR,946.3830406767399,1.339678504633639,0,1,225.0,327.7922061357856,0,17.784594097488956,0.119821409344195,-0.04427448426385305,0.8316401942412106,0.9996667809941258,1.0,0,0,1,0.0,3,0.013503034
2027-12-02,250.06965670940173,1.0140095008167784,0,299.7835888601495,11.935389539148211,0,-20.52568025234294,244.83030092198717,1.5731791971428197,0,278.6693969599396,1.2376318706190377,0,275.1057701496815,0.7623108606993435,0,-24.37172773458972,174.9891885058068,0.1173573156224797,0,21.44271279746219,-0.03826820340038991,1,67.8419498889519,-0.042156310369210144,1,3.9002856262854833,-0.007324162923481285,1,305.22483585083467,0.02033281012834381,0,303.5633005306228,-0.008540257943045576,1,Rahu,Saturn,3.5,CLEAR,947.4120338352769,1.0289931585369914,0,1,225.0,327.7922061357856,0,17.542427171176705,0.10562158406023173,-0.03444138306035092,0.838541946769278,0.9317277345897175,1.0,0,0,1,0.0,3,0.012514566
2027-12-09,257.17331450344625,1.0155486501335442,0,24.27605443618157,12.879289771092354,0,14.131037419632872,255.82570643630567,1.5700680924140433,0,287.32509233433876,1.2353116280818766,0,280.461338932102,0.7677665571856408,0,-24.081565132678143,175.75104537629,0.10012470385015511,0,21.215719617863567,-0.0264345878675708,1,67.54878675246422,-0.04142169798440429,1,3.862506987747537,-0.0034212927302765075,1,305.3759394664698,0.022821733632465126,0,303.45098985954036,-0.1054689315681043,1,Rahu,Saturn,3.5,CLEAR,948.1227713490737,0.7107375137967438,0,1,220.0,327.7922061357856,0,17.35321263011603,0.0901122334651396,-0.023791129080813718,0.844543212904205,0.6415651326781422,1.0,0,0,1,0.0,3,0.01825735
2027-12-16,264.2875529574893,1.0171128518618193,0,122.62973228170831,14.617592331340102,0,19.587983880334694,266.8398737663082,1.5788806911676092,0,295.9625559281294,1.232439648073799,0,285.85368520053095,0.7728202577621646,0,-23.56887128037173,176.38823709676126,0.0816665560317634,0,21.07422710437094,-0.013964963037364015,1,67.26436756294423,-0.03974662927593029,1,3.852856960790182,0.0006285604715302234,0,305.54397843243913,0.02509816417737761,0,302.828236677463,-0.00029873533139202293,1,Rahu,Saturn,3.5,CLEAR,948.5115385329523,0.3887671838785991,0,0,260.0,327.7922061357856,0,17.22137014358076,0.07349990042858706,-0.012568466733627614,0.8501022835383811,0.12887128037172957,1.0,0,0,1,0.0,2,0.005240708
2027-12-23,271.4132193777774,1.0187619359760085,0,220.52242419617517,13.209145317491856,0,-19.8712718258511,277.9538028625134,1.5974969204420928,0,304.5786085661059,1.2292548282228735,0,291.2801799070077,0.7775826484170297,0,-22.836762269485,176.8908397054462,0.061744634188786,0,21.02093058472718,-0.0011527454774910642,1,66.99407887536938,-0.03728321888981073,1,3.871226251400138,0.004678323694775145,0,305.7264600633594,0.027040844493758313,0,302.7698837607412,-0.07996062070302316,1,Rahu,Saturn,3.5,CLEAR,948.574464532112,0.06292599915968822,0,0,67.0,327.7922061357856,0,17.14970433332704,0.055570170769907404,-0.0010374709297419579,0.8553409132587327,0.0,1.0,0,0,1,0.0,2,0.005954723
2027-12-30,278.5478722823077,1.0194649410090284,0,307.91165798799267,11.87960976954303,0,-17.797353046553635,289.195041479599,1.611059161770478,0,313.1697209188139,1.225068582381494,0,296.73813303034177,0.7816401155075425,0,-21.891626887006023,177.24972835726055,0.04058912340891188,0,21.058598336733294,0.011882913041574303,0,66.74442160228058,-0.033945565122215034,1,3.918375076819762,0.008748155009740483,0,305.92181045173913,0.02867777982696494,0,302.38013129130326,0.00889568222490904,0,Rahu,Saturn,3.5,CLEAR,948.3079288619645,-0.2665356701475048,0,0,240.0,327.7922061357856,0,17.140223259913533,0.03653021106802069,0.010694621737416874,0.8598041270582969,0.0,1.0,0,0,1,0.0,1,0.0059293737
2028-01-06,285.68320986269555,1.0190959231673864,0,32.16412310336553,12.800058968142789,0,17.169742228633716,300.3964349402657,1.573959041164865,0,321.7257189749263,1.2192467182876123,0,302.220964954825,0.78477147699273,0,-20.74416963483048,177.4572481849555,0.018644247001467013,0,21.18689662958191,0.024753998738170375,0,66.52057841814437,-0.02986309196636849,1,3.9934339071553207,0.012705830343460322,0,306.12705862985206,0.029934668185468697,0,302.4836239710667,-0.02170024542555851,1,Rahu,Saturn,3.5,CLEAR,947.7146681321849,-0.5932607297795585,0,0,144.0,327.7922061357856,0,17.193462722426588,0.016779822301320312,0.02227859886435334,0.863248624692003,0.0,1.0,0,0,1,0.0,1,0.0060569625
2028-01-13,292.81460192304866,1.018431468348538,0,131.46430154474743,15.050304384393842,0,16.53134600656719,310.8231309162413,1.3562946457622214,0,330.23554383088276,1.2118612578790735,0,307.7235433305235,0.7872727541732095,0,-19.40772946401725,177.51010149087932,-0.0036349762340159254,1,21.404329715064204,0.037234080891656786,0,66.32791165452677,-0.025149568386841587,1,4.096032004618562,0.016523839361866795,0,306.340230312523,0.03086034305349591,0,302.3357292678545,0.005703938594993321,0,Rahu,Saturn,3.5,CLEAR,946.8035016565292,-0.9111664756557047,0,0,24.0,327.7922061357856,0,17.308297710445643,-0.003271478610614333,0.03351067280249111,0.8660000295905306,0.0,1.0,0,0,1,0.0,2,0.0076242187
2028-01-20,299.9420821359695,1.0180066822472613,0,230.65807710865667,12.995377049872847,0,-22.761125172690576,318.3033486311122,0.6748842406480081,0,338.6895735594561,1.20344761135306,0,313.24212683579026,0.7894387703703156,0,-17.897410354294134,177.40586134889466,-0.026097356090360423,1,21.70703521940506,0.04922676880384552,0,66.1696201300506,-0.019941441647279002,1,4.224301550022204,0.020144187646267818,0,306.55825337706625,0.03142286851392016,0,302.3724491709987,-0.0036101099293830616,1,Rahu,Saturn,3.5,CLEAR,945.5858531037134,-1.217648552815831,0,0,200.0,327.7922061357856,0,17.482733669382856,-0.02348762048132438,0.04430409192346097,0.8683826474073473,0.0,1.0,0,0,1,0.0,2,0.008726897
2028-01-27,307.06470118324194,1.0168070106466809,0,316.4443723955349,11.820770125712995,0,-14.674614468977731,318.81549147155397,-0.5769211876660733,1,347.0798044027355,1.1933606850719245,0,318.77381165069227,0.7908533546073968,0,-16.229879034321957,177.1455630513796,-0.048158029249486214,1,22.09206038263066,0.06063537918862537,0,66.04967837739531,-0.014291834530612377,1,4.377385559091371,0.023517812629009066,0,306.7791091063071,0.03158045548253764,0,302.3725322411984,-0.005330523713101595,1,Rahu,Saturn,3.5,CLEAR,944.077493526753,-1.5083595769604017,0,0,0.0,327.7922061357856,0,17.71467482353929,-0.043342226324537596,0.05457184126976283,0.8699386900681365,0.0,1.0,0,0,1,0.0,2,0.008391497
2028-02-03,314.17492090804603,1.014557999552732,0,40.66647443971076,12.697939980582357,0,19.982630180711755,311.6246416835095,-1.2291048855728044,1,355.3906405885459,1.1807124278973722,0,324.31189100875486,0.791330985888623,0,-14.424456238630938,176.73480461536764,-0.0688778764502042,1,22.55416533202159,0.0712823353434236,0,65.9703540524979,-0.008300127836455317,1,4.552914225308391,0.026610995630864723,0,306.99957919298294,0.031377757641184376,0,302.26855088415635,0.00042401042567590555,0,Rahu,Saturn,3.5,CLEAR,942.3053304991482,-1.7721630276047335,0,0,-280.0,327.7922061357856,0,18.001251106713198,-0.06199008880518378,0.06415410180908124,0.8704640844774855,0.0,1.0,0,0,1,0.0,2,0.00852157
2028-02-10,321.2673607161299,1.0118144622705934,0,139.44924052355134,15.254235853118216,0,13.508739436063903,305.01888110785416,-0.5255885311818025,1,3.6027092618296117,1.1650504558696697,0,329.850692122387,0.7910439062040153,0,-12.50108425033531,176.18616297753664,-0.08754451294006349,1,23.087915479422303,0.08100900519384513,0,65.93386113460122,-0.0021691789043730533,1,4.749175853910103,0.029350591471946557,0,307.21757125379,0.030793112663165575,0,302.32461010341933,-0.022120538196326766,1,Rahu,Saturn,3.5,CLEAR,940.3065540088755,-1.9987764902726894,0,0,-120.0,327.7922061357856,0,18.3387396255122,-0.07879006164605715,0.07290810467446061,0.870148296824417,0.0,1.0,0,0,1,0.0,2,0.0083673075
2028-02-17,328.3417410859697,1.0095160856353238,0,240.27534468585026,12.979270975757045,0,-24.731446801618066,304.4817997002918,0.32292334204158,0,11.695886349256542,1.146940774095888,0,335.3860155072468,0.7904602291481768,0,-10.47935945606756,175.51506890855848,-0.10368761363985886,1,23.68644624679326,0.0899113818333035,0,65.94024358825415,0.00404697565177462,0,4.963172034479267,0.03178045283534483,0,307.43002118302536,0.02989423336914365,0,302.08475291641724,0.003633050837516822,0,Rahu,Saturn,3.5,CLEAR,938.124238558616,-2.18231545025958,0,0,-60.0,327.7922061357856,0,18.723274212313992,-0.09331885227587297,0.08092024364997315,0.8695062520629946,0.0,1.0,0,0,1,0.0,1,0.008307764
2028-02-24,335.3993533466258,1.0067819145965498,0,325.21910529155224,11.793264571044048,0,-11.186563794374692,308.748583901037,0.8474671952695807,0,19.652443237039158,1.1256841030239737,0,340.9153771350982,0.7891922849240539,0,-8.378564624007112,174.74192540549936,-0.11660711271018524,1,24.344407293206626,0.09789732344649239,0,65.99028923497436,0.010220072747809701,0,5.192989190145776,0.033791538580224614,0,307.63498786104446,0.028582927948583477,0,302.1442996671513,-0.05652468939541495,1,Rahu,Saturn,3.5,CLEAR,935.8084751785669,-2.3157633800490203,0,0,-140.0,327.7922061357856,0,19.15141810306085,-0.10494640143916673,0.08810759110184316,0.8681115134164594,0.0,1.0,0,0,1,0.0,1,0.008484533
2028-03-02,342.4347414445098,1.0032099651245765,0,49.95890583547342,12.697676529820981,0,22.446576283672467,315.8422011502803,1.1543738981441836,0,27.44463222282387,1.099762118687567,0,346.43280486312244,0.7870973167915521,0,-6.219348929625579,173.89237762552492,-0.12535353959448073,1,25.054874412284935,0.10495246092772827,0,66.08323932416963,0.016337987806053302,0,5.435467965684355,0.03544833189252606,0,307.8295406453176,0.0269798796489899,0,301.45310122661266,-0.055288201216414805,1,Rahu,Saturn,3.5,CLEAR,933.4212166773852,-2.387258501181691,0,0,-200.0,327.7922061357856,0,19.61940644660058,-0.11281818563503265,0.09445721483495544,0.8658070484707074,0.0,1.0,0,0,1,0.0,1,0.008386804
2028-03-09,349.44291755893585,0.9990769076915113,0,147.48176872425793,15.130965088132168,0,10.21852203896777,324.6719485604016,1.357477926571283,0,35.03429255218958,1.067520686630756,0,351.93289843590185,0.7842238517961752,0,-4.021888779199522,172.9974159104182,-0.12965234680136128,1,25.81122533272863,0.11092925334224575,0,66.21833893702359,0.022161268708412975,0,5.688172771030751,0.03663267303443514,0,308.01190608820025,0.025028079408285026,0,301.40795359696136,-0.06788300523662176,1,Rahu,Saturn,3.5,CLEAR,931.0313519764217,-2.389864700963585,0,0,-320.0,327.7922061357856,0,20.12305256169788,-0.11668711212122516,0.09983632800802118,0.8626462369757928,0.0,1.0,0,0,1,0.0,1,0.007935535
2028-03-16,356.42371568053807,0.9955801913044825,0,249.0710498886482,13.07786725759306,0,-25.775024597185492,334.75168084482084,1.5186784580079784,0,42.37454819711938,1.0285863917837166,0,357.41178558638416,0.7811745841998771,0,-1.8050950071894163,172.08767746813191,-0.12951211966481044,1,26.60605383473685,0.11605696653622354,0,66.39309812531332,0.02775760560782747,0,5.947700156142255,0.03748769897823516,0,308.17961260089635,0.022877892205478628,0,300.66867151365443,-0.046150761488062825,1,Rahu,Saturn,3.5,CLEAR,928.7069256728132,-2.3244263036084476,0,0,-210.0,327.7922061357856,0,20.658353678594597,-0.1165609076983294,0.10445126988260119,0.8592920426198648,0.0,1.0,0,0,1,0.0,1,0.008125496
2028-03-23,3.38083149825936,0.9920819582369524,0,333.9314409505145,11.812761853133642,0,-7.458103647961156,345.90866472019894,1.6688857893808124,0,49.414923949290824,0.9812581919681201,0,2.867882681125194,0.7776063218247072,0,0.41331774706275376,171.19435165973653,-0.12498347548496318,1,27.43358078959878,0.1202045414889377,0,66.60587503511006,0.03296186572156806,0,6.211696696774049,0.03785422082823922,0,308.3312022682024,0.020373098743444812,0,300.5384490818868,-0.10978518755610649,1,Rahu,Saturn,3.5,CLEAR,926.5146554597402,-2.192270213073016,0,0,70.0,327.7922061357856,0,21.22188409282473,-0.11248512793646687,0.10818408734004392,0.855366954007178,0.0,1.0,0,0,1,0.0,1,0.008848309
2028-03-30,10.31170848220592,0.9880726485389664,0,59.791859131044355,12.85964965630739,0,24.348549022466887,358.12897823816303,1.8240964359904321,0,56.08400346946619,0.9217845010616963,0,8.296913615614022,0.7734377013853888,0,2.6149041453203683,170.34850491833228,-0.11595604819391708,1,28.286886579297853,0.12345516681810678,0,66.85391654495031,0.03786082819524295,0,6.47676814541148,0.03786594294587774,0,308.4645407650954,0.017715043173719573,0,299.28949709759144,-0.12568300797975432,1,Rahu,Saturn,3.5,CLEAR,924.5222251055513,-1.9924303541888548,0,0,-90.0,327.7922061357856,0,21.810118433886373,-0.10436044337452538,0.1111096501362961,0.8507814715239278,0.0,1.0,0,0,1,0.0,1,0.010093183
2028-04-06,17.21244166004197,0.98352032099917,0,156.38488930453346,14.791201128529913,0,6.324011227311837,11.45732107231016,1.9828654588271013,0,62.27914087540571,0.8448747536130174,0,13.694272557303526,0.768556384848053,0,4.781583139079028,169.5796750500401,-0.10319146651697624,1,29.15937680856783,0.12562747324234028,0,67.13455316281672,0.04219580114765677,0,6.74045573882797,0.03736598622042399,0,308.57855749344174,0.014795538510666685,0,299.0386488768403,-0.09175276382936903,1,Rahu,Saturn,3.5,CLEAR,922.7904299611741,-1.7317951443772017,0,0,-250.0,327.7922061357856,0,22.41892106973986,-0.09287231986527861,0.11306472591810625,0.8454120233328584,0.0,1.0,0,0,1,0.0,1,0.009466141
2028-04-13,24.08315461318942,0.9797264851566396,0,257.1972114293654,13.152322689720913,0,-26.095134520018153,25.801824176228894,2.101084579090569,0,67.86127180109986,0.7460221531552677,0,19.056969941158385,0.7636681174840017,0,6.896835704459645,168.9109568734525,-0.08742168573409688,1,30.04409733241358,0.12703577923832063,0,67.44395839943508,0.04615050099484537,0,6.999442730732615,0.03658881460555825,0,308.6717974240427,0.011842140010531552,0,297.95774970989675,-0.08847627078137345,1,Rahu,Saturn,3.5,CLEAR,921.3673502362244,-1.42307972494973,0,0,-160.0,327.7922061357856,0,23.044654601680964,-0.07867951716068719,0.11433220131448857,0.8400349292324019,0.0,1.0,0,0,1,0.0,1,0.01048391
2028-04-20,30.929445756303693,0.9763547615017228,0,342.3427595637705,11.863578836376108,0,-3.6605958461421944,40.50025946493574,2.060073717773724,0,72.65777531586656,0.6189355183988117,0,24.384812653147584,0.7585012423008283,0,8.945605784607954,168.3609750550058,-0.06935905627387833,1,30.93545335187122,0.1274662442829191,0,67.77916266612452,0.049532946859619044,0,7.251385199763821,0.035321087514992355,0,308.7436204922423,0.008651475634456887,0,297.71007953360595,-0.11261408563854487,1,Rahu,Saturn,3.5,CLEAR,920.2902640582486,-1.0770861779758434,0,0,-310.0,327.7922061357856,0,23.6840681521074,-0.0624231506464905,0.1147196198546272,0.8343513665309111,0.0,1.0,0,0,1,0.0,1,0.010678307
2028-04-27,37.75185961806817,0.9728393573566964,0,69.69139424186301,13.169324273669417,0,25.518708061357657,54.04918677892924,1.7726883064595738,0,76.43741333269979,0.45365183962419187,0,29.675190305913084,0.7529596753517586,0,10.912158566288035,167.9446350901192,-0.04932295264215674,1,31.827032052527738,0.12711777105716127,0,68.13654330372782,0.052504462478310296,0,7.493359226192504,0.03377029377739917,0,308.7930556988152,0.005484717320662585,0,296.38530271154485,-0.1332497017140111,1,Rahu,Saturn,4.5,OVERCAST (CAUTION),919.5895269376788,-0.7007371205697837,0,0,-410.0,327.7922061357856,0,24.333672826335235,-0.04439065737794107,0.11440599395144514,0.8282556428869345,0.0,1.0,0,0,1,0.0,1,0.008954561
2028-05-04,44.5478023692858,0.9688235922154712,0,166.3880339511452,14.431769332759474,0,1.78851650480182,64.93506674379455,1.3206179465197878,0,78.89428560451228,0.23966366742759496,0,34.92471572984191,0.7468312521132586,0,12.781515721660051,167.67251817850314,-0.028359180492944926,1,32.71249037891917,0.12569560583400033,0,68.51249688425358,0.05478768331870383,0,7.722934136280986,0.031739379024418264,0,308.8200046517779,0.0021916633298299086,0,296.11821674898107,-0.07563655149082223,1,Rahu,Saturn,4.5,OVERCAST (CAUTION),919.2841525493957,-0.3053743882830986,0,0,-250.0,327.7922061357856,0,24.989556242638184,-0.025523262443650434,0.1131260452506003,0.8215143773245845,0.0,1.0,0,0,1,0.0,1,0.007900543
2028-05-11,51.3175856138064,0.9655969698762961,0,265.11682127890055,13.093680664027403,0,-25.886862512635695,72.37788425483745,0.7969976937022046,0,79.68095477671626,-0.021371367060486937,1,40.131468661197104,0.740852132782228,0,14.540026587871514,167.5485475934224,-0.007057521537934909,1,33.585415087599586,0.12358853747695392,0,68.90281281783382,0.05665074405042286,0,7.937503684907163,0.02952078384359639,0,308.824333151099,-0.0009451986066028207,1,295.1436837349767,-0.0804067690788506,1,Rahu,Saturn,3.5,CLEAR,919.3790471505004,0.09489460110467007,0,0,-250.0,327.7922061357856,0,25.647911402692422,-0.0063517693841414185,0.11122968372925852,0.8149373460604508,0.0,1.0,0,0,1,0.0,2,0.008479949
2028-05-18,58.067829787926144,0.9631195366959262,0,350.4229707292084,11.912233194580095,0,0.07194083441898946,75.98754985440586,0.23013485729048877,0,78.54686901782671,-0.30166332015654396,1,45.29637660367606,0.734814399974425,0,16.17575554310875,167.57313211246753,0.014054764415327705,0,34.44041602711458,0.12055450420028083,0,69.3039797292424,0.05788105772979388,0,8.135074532068934,0.026877232832606034,0,308.8064276810427,-0.004159689834059823,1,295.02617963382664,-0.05873713167748621,1,Rahu,Saturn,3.5,CLEAR,919.8712192571968,0.49217210669644373,0,0,-140.0,327.7922061357856,0,26.305341495045646,0.012649287973794936,0.10849905378025275,0.8082958399718676,0.0,1.0,0,0,1,0.0,1,0.007421376
2028-05-25,64.80186352390741,0.9608540937767338,0,79.20583033451665,13.556668396111181,0,25.925837953086628,75.67927597134253,-0.29665591625817195,1,75.56504676330579,-0.5348309340576195,1,50.41862150512647,0.7286283254801621,0,17.676633296903635,167.74492643158408,0.03495448143301248,0,35.27145988608954,0.11674395415341667,0,69.71223987806135,0.05868226914712656,0,8.313460318709748,0.024054541790759804,0,308.76669586548053,-0.007157911997921466,1,294.1383243751064,-0.08777679041677867,1,Rahu,Saturn,3.5,CLEAR,920.7540202509103,0.8828009937135448,0,0,-140.0,327.7922061357856,0,26.95799956737979,0.03145903328971124,0.105069558738075,0.8014911580281784,0.0,1.0,0,0,1,0.0,1,0.008180355
2028-06-01,71.51838823125924,0.9581235731076533,0,177.17113178124302,14.191811036048076,0,-3.1018240500871466,72.45281486732728,-0.5588901391953897,1,71.38638482630516,-0.6289513305487637,1,55.49579233168531,0.7219511087244986,0,19.031823168789572,168.06015407641485,0.05492079518171377,0,36.07222878413433,0.11189732100136719,0,70.12350336071297,0.05880820815365149,0,8.47075245612711,0.020840441192659237,0,308.7061389791041,-0.010119111278977352,1,294.06038935268805,-0.03423172837732803,1,Rahu,Saturn,3.5,CLEAR,922.0135320037932,1.2595117528828723,0,0,-160.0,327.7922061357856,0,27.601476328007223,0.04942871566354239,0.10070758890123048,0.7941462195969485,0.0,1.0,0,0,1,0.0,1,0.007927018
2028-06-08,78.217599304162,0.9561169122332732,0,273.29272697662253,12.88710706918872,0,-25.193116360088602,68.91338186523616,-0.38143460045113675,1,67.21540499053452,-0.5319849174667056,1,60.526802002105846,0.715522944260813,0,20.23206527288685,168.5115267383276,0.07383189816100655,0,36.83676925559249,0.10640820179600757,0,70.53400473817004,0.05841999943132462,0,8.60531668389866,0.017565644260853844,0,308.6260513016675,-0.012739852373187834,1,293.51576480707763,-0.04056098019321045,1,Rahu,Saturn,3.5,CLEAR,923.628326981863,1.6147949780697672,0,0,-40.0,327.7922061357856,0,28.231452571693833,0.06644870834490589,0.09576738161640681,0.7870752386868943,0.0,1.0,0,0,1,0.0,1,0.007591181
2028-06-15,84.90620058619703,0.9550484724781312,0,358.3516112590691,11.93365157478591,0,3.6856861820513136,67.81528679138508,0.09416675194547634,0,64.27019698313488,-0.29456219149462054,1,65.51326690084413,0.7091995392122745,0,21.27021144863152,169.09081284199263,0.09150961946786186,0,37.55970431755393,0.1000140569827535,0,70.93985106720281,0.0574590150197717,0,8.715842570936555,0.013993260549429556,0,308.5278658735267,-0.01526452130796385,1,293.5797860013548,-0.003217971769971442,1,Rahu,Saturn,3.5,CLEAR,925.5739109294643,1.9455839476013352,0,0,-160.0,327.7922061357856,0,28.843861746617375,0.08235865752107567,0.09001265128447815,0.780119493133502,0.0,1.0,0,0,1,0.0,1,0.07432071
2028-06-22,91.58961635037356,0.954494157029951,0,88.0912815994888,13.915892300444556,0,25.657801481867565,70.3458308912216,0.6249408047541901,0,63.183200219211265,-0.01644820386006534,1,70.45574143326667,0.7028907981857517,0,22.139846012139795,169.79050888300424,0.10821479612575124,0,38.235311361301804,0.09286922472235447,0,71.33756125099575,0.05608213170840806,0,8.80123503180638,0.010384619193577244,0,308.41335315228724,-0.01739995854298641,1,293.26247959623,-0.03430428240795862,1,Rahu,Saturn,3.5,CLEAR,927.8269638998127,2.2530529703483353,0,0,-160.0,327.7922061357856,0,29.434076329495426,0.09739331651317612,0.08358230225011902,0.773179878004327,0.0,1.0,0,0,1,0.0,1,0.040923603
2028-06-29,98.2677301387712,0.9535027334619663,0,188.1706662946277,14.126879479886657,0,-7.911194858738125,76.45431191588175,1.111954793517889,0,63.9748912695747,0.23568347454187932,0,75.35240947587033,0.6961371644814771,0,22.836628502324466,170.60226133806128,0.12348095313340843,0,38.857305717622374,0.08472297122797336,0,71.72314176564691,0.054003059943901595,0,8.860457454080523,0.006537768361690996,0,308.28451260604925,-0.01934134498666949,1,293.3049600068723,-0.0007369903125629328,1,Rahu,Saturn,3.5,CLEAR,930.3608660871569,2.5339021873442107,0,0,-280.0,327.7922061357856,0,29.99684826354185,0.11113285782006758,0.07625067410517603,0.7657508809296248,0.0,1.0,0,0,1,0.0,1,0.03520749
2028-07-06,104.94022355856565,0.9530697962848675,0,281.9488595667855,12.598928172792428,0,-23.926831130846075,85.81311369642202,1.5550058736766157,0,66.37661596049064,0.44271684544005735,0,80.20252515915749,0.6896447646263355,0,23.3581435285523,171.51633149801594,0.13743266883802097,0,39.4202816396205,0.07598989386484063,0,72.09292701607122,0.05154804030619576,0,8.893198513982803,0.0027912477815776656,0,308.1438811867585,-0.020806209375138055,1,293.19102251245863,-0.005990096255991301,1,Rahu,Saturn,3.5,CLEAR,933.1443576266918,2.783491539534907,0,0,-355.0,327.7922061357856,0,30.527083125637695,0.12368940195421887,0.06839090447835657,0.7586092410889691,0.0,1.0,0,0,1,0.0,1,0.031748794
2028-07-13,111.61304695741126,0.9536259948148977,0,6.412208919289876,11.92939493297063,0,7.192367144655292,98.07216822248589,1.9288044015818067,0,70.06722212091859,0.6046780442341383,0,85.00783203820401,0.6833425271855981,0,23.704261115689675,172.52316160851677,0.15006233220565227,0,39.91915997049121,0.06643859886674759,0,72.44339886681438,0.04852451030115013,0,8.899186674002094,-0.0010618053344825336,1,307.99368237979655,-0.022030349379090264,1,293.22413022559135,0.004568544941309356,0,Rahu,Saturn,3.5,CLEAR,936.1473828430649,3.0030252163730893,0,0,-235.0,327.7922061357856,0,31.019973296489113,0.13505609898508705,0.059794738980072835,0.7516767799041579,0.26426111568967414,1.0,0,0,1,0.0,2,0.025934726
2028-07-20,118.29284279655326,0.9549105332801855,0,96.4144131020465,14.138107647548585,0,24.81278669566181,112.38898034874069,2.121276677802872,0,74.75263330548252,0.7282667235260906,0,89.76964636583598,0.6771292996684706,0,23.876132000362666,173.61500357705438,0.1616986483366313,0,40.34899317465358,0.05623560073844998,0,72.77149553696367,0.04512647969409918,0,8.878767965498229,-0.0047688023739548896,1,307.83670930860956,-0.022757450964239406,1,293.24037114369895,0.002773031922008697,0,Rahu,Saturn,3.5,CLEAR,939.3420436798206,3.194660836755702,0,0,-160.0,327.7922061357856,0,31.470225209155352,0.1455287835029682,0.05061204066460498,0.7448422296353177,0.4361320003626652,1.0,0,0,1,0.0,2,0.030444972
2028-07-27,124.98050964880714,0.9557982975380097,0,198.8154069879549,14.230610771908351,0,-12.230075276872094,127.20854235307519,2.080728477277285,0,80.19266561643465,0.8219201788706415,0,94.48625350291303,0.6704556984778497,0,23.877453085562706,174.78355472082606,0.17197475875482723,0,40.70427920800647,0.04520715087809127,0,73.07347494106702,0.041103996215883294,0,8.832141686850346,-0.00849761754962524,1,307.6755515832802,-0.023185576396018374,1,293.17012807698495,-0.009850550589380499,1,Rahu,Saturn,3.5,CLEAR,942.6986727835251,3.356629103704563,0,0,-215.0,327.7922061357856,0,31.872137521156123,0.1547772828793445,0.040686435790282145,0.7375012683256347,0.437453085562705,1.0,0,0,1,0.0,2,0.031513844
2028-08-03,131.67488336686694,0.9569800133669335,0,291.02949897857945,12.316997554814483,0,-21.99378448090106,141.2409175949003,1.9192846512332737,0,86.21315577072318,0.8954121976084504,0,99.15662368395297,0.663952406000724,0,23.713614530020035,176.01996723798536,0.18105469135935598,0,40.9811869047876,0.03380550228310068,0,73.34637591315523,0.03677190245139866,0,8.76062102283731,-0.011936722017216593,1,307.51345921967413,-0.023094217526145884,1,293.246434826204,0.002586763771604984,0,Rahu,Saturn,3.5,CLEAR,946.1845258172584,3.4858530337332922,0,0,-55.0,327.7922061357856,0,32.22056588195029,0.1629492222234204,0.030424952054790615,0.7303476466007965,0.27361453002003344,1.0,0,0,1,0.0,2,0.009450095
2028-08-10,138.3804409154612,0.9590816839288667,0,14.842800086043132,11.931717002545504,0,10.614248826795802,154.0361125418011,1.7370251875565446,0,92.69431177079349,0.9542130281354229,0,103.78202610427755,0.6576400031037144,0,23.391581725643153,177.31563239933325,0.18899591647917047,0,41.17633111806407,0.021903794120560646,0,73.58719760747944,0.03199602263158407,0,8.66527961880465,-0.015242536123942685,1,307.35289284317565,-0.022692604463386667,1,292.9423284908824,-0.04980276003206045,1,Rahu,Saturn,3.5,CLEAR,949.7693150896648,3.5847892724063968,0,1,0.0,327.7922061357856,0,32.51105149925942,0.17009632483125342,0.01971341470850458,0.723404003414086,0.0,1.0,0,0,1,0.0,2,0.011493626
2028-08-17,145.1041228063032,0.9620125573971324,0,104.55067874009534,14.161458971906074,0,23.39874546992668,165.57864893938358,1.5619917920870783,0,99.54539554815779,1.0014613599650537,0,108.36383715542848,0.6513866370305358,0,22.919233103705054,178.66400489419317,0.19607361880756682,0,41.28724918906071,0.009715049266686643,0,73.79376498642883,0.026943974555373836,0,8.548120874421599,-0.018200762142183507,1,307.1970120687269,-0.02179186089946088,1,292.9233831581107,0.011043572839573166,0,Rahu,Saturn,3.5,CLEAR,953.4252738749469,3.6559587852821096,0,1,180.0,327.7922061357856,0,32.73912831463911,0.17646625692681014,0.00874354434001798,0.7165253007335894,0.0,1.0,0,0,1,0.0,2,0.010842877
2028-08-24,151.84755290449968,0.9646070055371015,0,208.67664662469636,14.443172835038009,0,-15.80369174024713,175.90214573538762,1.385752715392688,0,106.69218150449356,1.039194089073502,0,112.89985814501895,0.6445839773422513,0,22.30665027870077,180.05768881990537,0.20196213389776146,0,41.31140719160555,-0.002769941424264638,1,73.9631309051039,0.02143911716651432,0,8.410780491484555,-0.020932238145433168,1,307.0483301005676,-0.020576572911009318,1,292.52524567703944,-0.06781119275256306,1,Rahu,Saturn,3.5,CLEAR,957.1234182659141,3.6981443909671725,0,1,120.0,327.7922061357856,0,32.900626700120995,0.18176592050798532,-0.002492947281838174,0.7090423750764765,0.0,1.0,0,0,1,0.0,3,0.018178761
2028-08-31,158.60852649016104,0.9671422497910926,0,300.28270778815306,12.108310393747306,0,-19.40425653102878,184.91876597983003,1.183000076028229,0,114.08046421639088,1.07092432868285,0,117.38804490145795,0.6377420513245563,0,21.5647587696391,181.4889856231316,0.20676693214008762,0,41.24908343544568,-0.01503382423748837,1,74.09361175051565,0.015772239518044157,0,8.256241298592391,-0.02319252792314322,1,306.91004205812084,-0.018916536076967767,1,292.4935215215014,-0.018161449222967706,1,Rahu,Saturn,3.5,CLEAR,960.8326280338681,3.7092097679540075,0,1,240.0,327.7922061357856,0,32.992842136853284,0.18609023892607887,-0.013530441813739533,0.701516256457012,0.0,1.0,0,0,1,0.0,3,0.017760023
2028-09-07,165.38935924812637,0.970414729969597,0,23.706310397261074,11.985537148631307,0,13.922263850856664,192.29879350774112,0.9081715453385264,0,121.67538283437109,1.09843387239474,0,121.82849524615456,0.6309924991595708,0,20.704726640394448,182.95013762504573,0.21058663324286558,0,41.10152124097968,-0.0270374710078053,1,74.1834511149212,0.009898699308892528,0,8.086927201894337,-0.025084667002247155,1,306.7841331737351,-0.01697643132064265,1,291.6564411815638,-0.14594604730028052,1,Rahu,Saturn,3.5,CLEAR,964.5250567286748,3.692428694806722,0,1,240.0,327.7922061357856,0,33.01459403908534,0.18952796991857904,-0.02433372390702477,0.694091749075528,0.0,1.0,0,0,1,0.0,3,0.019715982
2028-09-14,172.19636446569316,0.9744902832104265,0,113.04801902649965,14.017763340272253,0,21.318145262359536,197.2791267638379,0.48017009108501346,0,129.45004725372016,1.1222379576594523,0,126.22181861253152,0.6241453661492823,0,19.737812153830255,184.43540800184348,0.21359809701594362,0,40.871870288706255,-0.0385052232387612,1,74.23210050815298,0.003954901596320793,0,7.90631194224083,-0.026468045315695632,1,306.67334193925984,-0.014651610447587221,1,291.33883044691964,-0.0024811417257117694,1,Rahu,Saturn,3.5,CLEAR,968.1757092569916,3.650652528316755,0,1,247.0,327.7922061357856,0,32.96555834646543,0.19223828731434928,-0.03465470091488508,0.6865599027642105,0.0,1.0,0,0,1,0.0,3,0.014882555
2028-09-21,179.0314309409687,0.9782936560265405,0,217.59614833434173,14.650046379277372,0,-18.601401152743165,198.41239089891417,-0.20344040158248394,1,137.37737813222574,1.142161811175486,0,130.56454595538224,0.6165536817046807,0,18.676931901281183,185.93779110856676,0.21551169120886743,0,40.56394650758296,-0.04924626267037694,1,74.23830958911881,-0.002128442398175814,1,7.717214816757599,-0.027417035037736764,1,306.5793956638712,-0.012090701817422207,1,290.56150538330775,-0.1412582318754698,1,Rahu,Saturn,3.5,CLEAR,971.7589804341133,3.5832711771216736,0,1,243.0,327.7922061357856,0,32.846731690825365,0.1939605220879807,-0.04432163640333925,0.6782090498751489,0.0,1.0,0,0,1,0.0,4,0.017655319
2028-09-28,185.89127143390263,0.9816318804961748,0,309.3738948312556,12.002291279810335,0,-16.311025503317847,194.10105262510007,-0.992828387993557,1,145.43435171840645,1.1594852169655774,0,134.85266750934977,0.6085616126829455,0,17.5351635384377,187.45000991976508,0.21634081799024452,0,40.185387413353624,-0.05872946955563094,1,74.20257783773148,-0.008095121511514022,1,7.5238049797506195,-0.027794752451346667,1,306.50468430222855,-0.009264020143184483,1,290.29364161715097,-0.0437414023921116,1,Rahu,Saturn,3.5,CLEAR,975.248196951035,3.489216516921715,0,1,195.0,327.7922061357856,0,32.661582433603,0.19470673619122006,-0.05285652260006785,0.6694177739512401,0.0,1.0,0,0,1,0.0,4,0.017836513
2028-10-05,192.7754334681018,0.9854122520277242,0,32.83608715292239,12.12041247233443,0,17.007980441809593,186.5046880216511,-0.946184841104527,1,153.6065063949294,1.1751883064525006,0,139.0841309020927,0.6004200606560222,0,16.32474899020838,188.96425052424283,0.21621359516603228,0,39.745030593889574,-0.06680843427293473,1,74.12541054781249,-0.01388774166063565,1,7.329301903479533,-0.027661876778284546,1,306.4501054770201,-0.00627355908949987,1,289.07133197188926,-0.21627172136603176,1,Rahu,Saturn,3.5,CLEAR,975.3506101415849,0.10241319054989617,0,1,120.0,327.7922061357856,0,32.41572869041004,0.19459223564942907,-0.06012759084564126,0.6604620667216244,0.0,1.0,0,0,1,0.0,4,0.018154368
2028-10-12,199.68873032565295,0.9898524042348633,0,122.36133533773584,13.831227455352865,0,18.453590647994883,183.58257468089175,0.19089837718894753,0,161.88332575393724,1.1892662773444962,0,143.25764028098482,0.5918488049323709,0,15.057483411802894,190.47489873571598,0.2152055892183293,0,39.253895734461,-0.07326498735448425,1,74.00881665329076,-0.01941387814749436,1,7.137861137461208,-0.02698245162477143,1,306.4173353212312,-0.0031002405491339447,1,288.50739276722084,-0.00956941102433463,1,Rahu,Saturn,3.5,CLEAR,975.1829626641193,-0.16764747746560715,0,1,-120.0,327.7922061357856,0,32.11603459699979,0.19368503029649636,-0.06593848861903583,0.651033685425608,0.0,1.0,0,0,1,0.0,4,0.016654337
2028-10-19,206.63281525087962,0.9940698965375183,0,225.8086863170772,14.698642804332538,0,-20.79503349584258,188.67481036447882,1.1633584278507008,0,170.25084960861832,1.2010986596054731,0,147.3672166462436,0.5821518011735927,0,13.74669430391571,191.9744074210829,0.2130724798607397,0,38.72356883454692,-0.07785077359158438,1,73.85422673964759,-0.024628110661609866,1,6.95264233372621,-0.02578952618426664,1,306.40682969487216,0.00016861413358107758,0,287.6021656529408,-0.17156716332606003,1,Rahu,Saturn,3.5,CLEAR,974.8947940895508,-0.2881685745684308,0,1,-40.0,327.7922061357856,0,31.770926500820707,0.19176523187466574,-0.07006569623242594,0.6403669812909519,0.0,1.0,0,0,1,0.0,3,0.017133536
2028-10-26,213.60344955450543,0.9974304638271762,0,318.0193396061828,11.990259369951325,0,-12.962607551086519,198.4747473113895,1.5589432336189566,0,178.6941407985413,1.211012043369602,0,151.40538339231685,0.5714611127547905,0,12.405756470394016,193.45495588756552,0.20971591482447746,0,38.169057809058586,-0.08024919992723357,1,73.6651359057995,-0.02933826111495465,1,6.777947505213167,-0.024078925380619006,1,306.41969440166963,0.0034676471051988495,0,287.2653185991359,-0.03147003801839404,1,Rahu,Saturn,3.5,CLEAR,974.4908830082595,-0.40391108129131226,0,1,-40.0,327.7922061357856,0,31.39111030384542,0.18874432334202973,-0.07222427993451022,0.6286072240302696,0.0,1.0,0,0,1,0.0,3,0.018302156
2028-11-02,220.59711609884943,1.0008455032631902,0,41.87554019037004,12.326031796642333,0,19.710816961024477,209.78954675762483,1.6448697387161375,0,187.20274938657548,1.2198944131847946,0,155.3662771974542,0.5601260988689435,0,11.046706404341723,194.90810359078657,0.20532845974677907,0,37.60529007608109,-0.0804383906543884,1,73.44502974946795,-0.0334131498550043,1,6.616737168714794,-0.021877616416981424,1,306.45544808298547,0.006771670059517072,0,286.17853645343996,-0.19647957225934332,1,Rahu,Saturn,3.5,CLEAR,973.9791633329651,-0.5117196752944437,0,1,16.0,327.7922061357856,0,30.988552907366298,0.18479561377210116,-0.07239455158894957,0.6161387087558379,0.0,1.0,0,0,1,0.0,3,0.01870293
2028-11-09,227.61641901592765,1.0046917358583591,0,132.58287023607048,13.75639000342213,0,14.809009198867885,221.28054943531214,1.6310375420836347,0,195.77050668661056,1.2278064145644985,0,159.2447612548388,0.547731492486807,0,9.680995900326472,196.32710928874135,0.19987247549575843,0,37.04789646877174,-0.07850103840547722,1,73.19886851196867,-0.03684442790575108,1,6.472644699734108,-0.01926286527469257,1,306.5144075959364,0.010024619017920011,0,285.7099152056364,0.00988375976149043,0,Rahu,Saturn,3.5,CLEAR,973.3689218320646,-0.610241500900429,0,1,-148.0,327.7922061357856,0,30.57525176903763,0.17988522794618259,-0.07065093456492949,0.6025046417354877,0.0,1.0,0,0,1,0.0,3,0.02751572
2028-11-16,234.66246038129762,1.008357437390287,0,233.9324875668348,14.48288824442634,0,-22.608038551313378,232.5847938182026,1.5986869024251051,0,204.38857894227544,1.2342428097792808,0,163.03004916954572,0.5334598458549125,0,8.32192245934653,197.7033450145876,0.19315041848443684,0,36.511395537243246,-0.07436069362527538,1,72.93095881232841,-0.03951190096765405,1,6.348034344408616,-0.01622190343155677,1,306.5956481535753,0.013219916767415381,0,285.0838974716395,-0.12928687905235095,1,Rahu,Saturn,3.5,CLEAR,972.6706213175062,-0.6983005145584684,0,1,100.0,327.7922061357856,0,30.16336119283463,0.17383537663599316,-0.06692462426274784,0.5868058304404038,0.0,1.0,0,0,1,0.0,3,0.030794265
2028-11-23,241.730398780522,1.01087052176786,0,326.12853768608426,12.032590696599517,0,-9.595460802767436,243.67817097902088,1.5726901169521181,0,213.04588954347423,1.2390487092384366,0,166.70833741892963,0.5171670195921176,0,6.983127294950682,199.02767210219145,0.18497668265754763,0,36.01165747400152,-0.06812108366729519,1,72.64753040450705,-0.041346306069580264,1,6.246123843267833,-0.012877750954845847,1,306.69888886613313,0.01621208084221527,0,284.9181967172366,0.009855520007794199,0,Rahu,Saturn,3.5,CLEAR,971.8972830767477,-0.7733382407584486,0,1,220.0,327.7922061357856,0,29.765533630733685,0.16647901439179288,-0.06130897530056567,0.5688837215513295,0.0,1.0,0,0,1,0.0,3,0.033657145
2028-11-30,248.81395834522522,1.0130231771260152,0,50.44852785466707,12.537639877081455,0,21.891175760473974,254.63192030003913,1.5589660723357186,0,221.73365828428,1.2431045628544195,0,170.26667553015545,0.49922258435247896,0,5.676810986381891,200.29032768163998,0.17560687847886405,0,35.562148378207326,-0.060007479208478605,1,72.35445442917562,-0.042210106747047386,1,6.168562346538854,-0.009217061591719368,1,306.82236218996997,0.019058908087351865,0,284.4047043424224,-0.1059955665547988,1,Rahu,Saturn,3.5,CLEAR,971.0641844784113,-0.8330985983363917,0,1,160.0,327.7922061357856,0,29.39358603166847,0.15804619063097766,-0.05400673128763075,0.5491448427877269,0.0,1.0,0,0,1,0.0,3,0.03918507
2028-12-07,255.91320177441048,1.0153451357863423,0,143.33220649865174,13.903129680808053,0,10.616108303725444,265.52410466683716,1.5536339619178172,0,230.44824578680647,1.2466552277503309,0,173.6921893640484,0.47898682059801856,0,4.414684673990238,201.48313178345035,0.1649281597790714,0,35.17492878113857,-0.0504370495142718,1,72.05853030214573,-0.04223421567395561,1,6.11741589676389,-0.00540880780464282,1,306.96510351770894,0.021645505463795046,0,284.22632487124145,0.028994004430782608,0,Rahu,Saturn,3.5,CLEAR,970.1868535688736,-0.8773309095377044,0,1,0.0,327.7922061357856,0,29.057512884374677,0.14843534380116427,-0.04539334456284463,0.5268855026578204,0.0,1.0,0,0,1,0.0,3,0.029388472
2028-12-14,263.02875341150315,1.0175684144284731,0,242.65022895860577,14.042934565126373,0,-24.08930307394234,276.3665988742043,1.5404123603200606,0,239.18518893882273,1.24945964758189,0,176.96450718881368,0.4553388923096798,0,3.210924043200365,202.5960190891558,0.15280944698222784,0,34.85935594534678,-0.03947325895974876,1,71.7655012973912,-0.041287957051958715,1,6.0934289814006295,-0.0013792998370824577,1,307.12505920233065,0.02405284484552842,0,284.0445695035883,-0.050949507701018214,1,Rahu,Saturn,3.5,CLEAR,969.280884190121,-0.9059693787526157,0,1,0.0,327.7922061357856,0,28.76592696394615,0.13752850228400507,-0.035525933063773885,0.5008727815406478,0.0,1.0,0,0,1,0.0,3,0.029940423
2028-12-21,270.15583624705226,1.0185139348068346,0,333.8984629279383,12.070521333135813,0,-6.312401922585695,286.9660326553658,1.4717214627487893,0,247.9375940524307,1.2510528168416402,0,180.0575091683253,0.42773813298427693,0,2.0806043187288,203.6183996181431,0.1390300252159838,0,34.62450281604232,-0.027508675036888308,1,71.48237896294313,-0.03947200420832473,1,6.097958924689971,0.0026548262124086465,0,307.3007854437378,0.026075088918092917,0,284.03920973416217,0.01748746479029712,0,Rahu,Saturn,3.5,CLEAR,968.3631870384106,-0.9176971517103993,0,0,104.0,327.7922061357856,0,28.526543891352354,0.12512702269438541,-0.024757807533199477,0.47051194628270465,0.0,1.0,0,0,1,0.0,2,0.033606675
2028-12-28,277.286460517011,1.0187646729196678,0,58.43260830805008,12.663285787235871,0,23.48690756179967,296.5533415191562,1.2180756176118932,0,256.69895895642856,1.2521715763667882,0,182.94431917556224,0.3964136181256461,0,1.037481913417853,204.53951633317934,0.12395084933657294,0,34.476007684254924,-0.014819463565325212,1,71.21522929626403,-0.03669442817788398,1,6.130858724081384,0.006762412387207373,0,307.48962716540507,0.02784923070078866,0,284.00068051396346,-0.01383570255805416,1,Rahu,Saturn,3.5,CLEAR,967.451204261718,-0.9119827766926392,0,0,200.0,327.7922061357856,0,28.34514896017354,0.11155576440291565,-0.013337517208792692,0.43605497993821074,0.0,1.0,0,0,1,0.0,2,0.052187167
2029-01-04,284.4184023308094,1.0189496233168076,0,153.8944210284054,14.283742282715181,0,6.303418182487932,302.9157623472299,0.490262055948452,0,265.46766051707965,1.2531412047862256,0,185.5963040836256,0.36033880349151126,0,0.0951386734755643,205.35040528754456,0.10746111322244856,0,34.41749103426608,-0.0019063379245154888,1,70.97019536539985,-0.03323571851853155,1,6.192238467959984,0.010721001903954353,0,307.68969566769135,0.029220040183686128,0,283.9755914408744,0.0017982589203481203,0,Rahu,Saturn,3.5,CLEAR,966.560999395417,-0.8902048663010191,0,0,72.0,327.7922061357856,0,28.225252566306093,0.0967150019002037,-0.00171570413206394,0.39637268384066243,0.0,1.0,0,0,1,0.0,2,0.051684074
2029-01-11,291.5522540531289,1.0192121006274915,0,252.24494748568824,13.549214618519105,0,-25.02002411415019,301.9417875046045,-0.803717168053804,1,274.2428406684062,1.2539780898733806,0,187.9740105185066,0.3178121442147759,0,-0.7294493232663076,206.0407933665694,0.0895573190133359,0,34.45006408799395,0.011256515329555902,0,70.75194124462213,-0.028978044184605426,1,6.281102199682516,0.014676042751566138,0,307.8982995578448,0.030348178343425507,0,284.0054743411966,0.011123032001280385,0,Rahu,Saturn,3.5,CLEAR,965.7072833735544,-0.8537160218625104,0,0,-184.0,327.7922061357856,0,28.168961888311436,0.08060158711200231,0.010130863796600312,0.3495933586362535,0.0,1.0,0,0,1,0.0,1,0.01132747
2029-01-18,298.6842749676371,1.0182812260522518,0,341.73531499701875,12.057625484992446,0,-3.03831091442361,293.6977139512496,-1.2486394799471914,1,283.0211404925723,1.2539763799003607,0,190.02808770832368,0.2678499862698295,0,-1.417679716973221,206.60042325735225,0.07011808314534318,0,34.57453185856278,0.024252379199645513,0,70.56563290048648,-0.024166062497298496,1,6.396898132106051,0.018360020589305696,0,308.11325902496895,0.030989774791118967,0,283.9182018237477,-0.041930451241936915,1,Rahu,Saturn,3.5,CLEAR,964.9047477510351,-0.8025356225193718,0,0,-84.0,327.7922061357856,0,28.177633726456726,0.06310627483080887,0.021827141279680964,0.29463498489681245,0.0,1.0,0,0,1,0.0,1,0.010528073
2029-01-25,305.8063010553924,1.0164972413311222,0,66.12274163512201,12.656214528140936,0,24.496933732573634,287.89894424940763,-0.3204926941167875,1,291.7977833289106,1.2536150189146644,0,191.70713638794595,0.2106304926449777,0,-1.952398079181008,207.02033565564872,0.049727831408649,0,34.78900767061615,0.036959083440453164,0,70.41514761841061,-0.01873886422979703,1,6.537908814366488,0.021903270169852666,0,308.33158571943574,0.03134441966391797,0,283.84701925133805,0.0309286910920011,0,Rahu,Saturn,3.5,CLEAR,964.1671237979499,-0.7376239530851763,0,0,-24.0,327.7922061357856,0,28.251098856249662,0.0447550482677841,0.033263175096407846,0.2316935419094755,0.0,1.0,0,0,1,0.0,1,0.008844404
2029-02-01,312.9146347135122,1.0144852945750977,0,163.6028567981288,14.78435117423694,0,2.281335560492109,288.8489971846822,0.5203343497522114,0,300.5715007968358,1.2531716893995826,0,192.95762240426828,0.14511510984484385,0,-2.316841177335573,207.2944736361788,0.028440880401740476,0,35.09025557510444,0.048975221452793836,0,70.30378904480872,-0.013062450283936395,1,6.702576762679169,0.02506484455713807,0,308.550944375166,0.0312425221957556,0,283.71980729431164,-0.07047237327819858,1,Rahu,Saturn,3.5,CLEAR,963.5056893392855,-0.6614344586644165,0,0,-24.0,327.7922061357856,0,28.387678812425275,0.02559679236156643,0.044077699307514456,0.15962662082932824,0.0,1.0,0,0,1,0.0,1,0.010841102
2029-02-08,320.0103687511524,1.012827234735758,0,262.4188986779734,13.180773046754533,0,-25.095878267331656,294.2802595439432,0.9824996109176529,0,309.34297217331033,1.2529255918249884,0,193.7158829573783,0.06985232500136832,0,-2.491293394092643,207.4172093832575,0.006527449814394663,0,35.47376745485711,0.06050823150802825,0,70.2333917494268,-0.0069989161253630585,1,6.8886435637132415,0.028056026249625155,0,308.76862991595334,0.03089960631475182,0,283.5638982773631,0.027209183561210208,0,Rahu,Saturn,3.5,CLEAR,962.9295236669468,-0.576165672338675,0,0,44.0,327.7922061357856,0,28.58512389114387,0.005874704832955197,0.05445740835722542,0.07683755750150516,0.0,1.0,0,0,1,0.0,1,0.0095291985
2029-02-15,327.091812857737,1.0102568844095416,0,349.9817057330173,11.991708198147329,0,0.37251314259383744,302.12638213893126,1.2369395557451859,0,318.11075173008703,1.2520474138441444,0,193.91431201111806,-0.014362279885021955,1,-2.4572008504720726,207.3846759903436,-0.0158111983623351,1,35.93529406357245,0.07121945222057886,0,70.20584167451526,-0.0008520115833231673,1,7.094137036586092,0.030593633591272044,0,308.982200511436,0.030055850202744892,0,283.14007690327884,-0.1464627355681758,1,Rahu,Saturn,3.5,CLEAR,962.4472823261585,-0.48224134078827774,0,0,72.0,327.7922061357856,0,28.84115702698636,-0.014230078526101591,0.06409750699852097,-0.015798507873524152,0.0,1.0,0,0,1,0.0,2,0.009835315
2029-02-22,334.1521374523492,1.0068739865580587,0,74.06576919223077,12.564095911172508,0,24.92176626508275,311.3934027040541,1.4018717299216372,0,326.87079007777584,1.2507710550842663,0,193.50299560550155,-0.10364104054357108,1,-2.204722317155635,207.19723016245405,-0.037603794231283696,1,36.4691044226994,0.081150637752395,0,70.22193189709559,0.005456137688043477,0,7.316408547207982,0.03285776215192158,0,309.18891860771794,0.0289607603712229,0,282.58324685654594,0.021600219183366434,0,Rahu,Saturn,3.5,CLEAR,962.0660265787553,-0.3812557474032019,0,0,136.0,327.7922061357856,0,29.15269587549142,-0.03384341480815533,0.0730355739771555,-0.1140051445979282,0.0,1.0,0,0,1,0.0,1,0.006906159
2029-03-01,341.1871995761061,1.0031883961597496,0,172.28909934316593,15.193184721715163,0,-1.3217551321058785,321.67851900092415,1.5341936764086355,0,335.6209073525397,1.2492736305836543,0,192.4619398336377,-0.19347626169854124,1,-1.7356452819348256,206.86029384755378,-0.058478649147813325,1,37.06878342433265,0.09000818593689007,0,70.28163928571598,0.011557933189842199,0,7.552854947502218,0.034612182652727745,0,309.38654024645007,0.027430965621378207,0,282.2043643533001,-0.1501617536075556,1,Rahu,Saturn,3.5,CLEAR,961.7901980785321,-0.27582850022326966,0,0,56.0,327.7922061357856,0,29.51592847683043,-0.052630784233031996,0.08100736734320106,-0.21282388786839537,0.0,1.0,0,0,1,0.0,1,0.00691129
2029-03-08,348.19886646259926,1.0001659703812582,0,272.53926916593707,13.02491751544841,0,-24.2197285633078,332.86235801498503,1.661719368013461,0,344.36181273827333,1.2481139804295265,0,190.80719886181186,-0.27761769453265356,1,-1.0651488872611024,206.38227484393335,-0.07782837763456044,1,37.727764736532066,0.09812295003920085,0,70.38396124858409,0.0176436732392968,0,7.800652034848959,0.036112714980699075,0,309.5727993826316,0.025723599975833313,0,281.6772113899326,0.008692811239893107,0,Rahu,Saturn,3.5,CLEAR,961.622323731905,-0.1678743466270589,0,0,56.0,327.7922061357856,0,29.927112701683107,-0.0700455398711044,0.08831065503528077,-0.3053794639859189,0.0,1.0,0,0,1,0.0,1,0.0067584487
2029-03-15,355.18813428187116,0.9966484688124446,0,358.6829936864381,11.911275628411149,0,3.9638566659437378,344.96027006900675,1.7964905258695587,0,353.093270932722,1.2465110823588315,0,188.6142069581396,-0.3450210906166255,1,-0.23236725071436382,205.77538390117905,-0.09510768479270683,1,38.43998681789611,0.10521705309948633,0,70.52780456609497,0.02342378123050982,0,8.05705839698737,0.037084478928057066,0,309.74551843484613,0.023584702489771476,0,280.9098023522519,-0.23263205719292931,1,Rahu,Saturn,3.5,CLEAR,961.5645722624977,-0.057751469407321565,0,0,-24.0,327.7922061357856,0,30.38292842090874,-0.08559691631343615,0.0946953477895377,-0.37952319967828807,0.0,1.0,0,0,1,0.0,1,0.0068738353
2029-03-22,2.1505234548022325,0.9925019575627402,0,82.67229106005611,12.494996473970437,0,24.72601376307828,358.0285021328311,1.9366886470922797,0,1.812135481631413,1.244525007124243,0,186.04517678063786,-0.383393593515137,1,0.6916530554731695,205.0584143707823,-0.10915720912644136,1,39.19879117059353,0.11141414766914964,0,70.71153106003885,0.02901230831217896,0,8.319169244502778,0.03773454465523578,0,309.9026945988042,0.021283735933746696,0,279.8896529506629,-0.00668813492505813,1,Rahu,Saturn,3.5,CLEAR,961.6176729224694,0.053100659971732966,0,0,-240.0,327.7922061357856,0,30.879621926090753,-0.09824148821379723,0.10027273290223468,-0.42173295286665075,0.0,1.0,0,0,1,0.0,1,0.006855066
2029-03-29,9.08225412585956,0.9880472803864288,0,180.43836117258644,15.323121528345643,0,-4.706059939866627,12.002698094188068,2.0436371803867157,0,10.515643600939272,1.2421964316341616,0,183.3293701209334,-0.3866007570907248,1,1.6153149226330046,204.25542840208914,-0.1196404021137983,1,39.997023462912374,0.11648389978282551,0,70.93265341969708,0.03408806022155774,0,8.5838875677657,0.0377993350092269,0,310.0425930665319,0.018647361838476567,0,279.3864395391411,-0.18369103651375576,1,Rahu,Saturn,3.5,CLEAR,961.7801207063303,0.1624477838608982,0,0,-48.0,327.7922061357856,0,31.413135895146674,-0.10767636190241847,0.10483550980454297,-0.4252608327997973,0.0,1.0,0,0,1,0.0,1,0.0075733657
2029-04-05,15.985859104849393,0.9844990106942049,0,282.053089648385,13.057021737186934,0,-22.593764531759906,26.3018663732608,2.0041328257625652,0,19.204357363477115,1.240314446469277,0,180.71306261086835,-0.35546887450477604,1,2.4470842776003328,203.39291415496618,-0.12615168218253314,1,40.82808995729505,0.12079705622448707,0,71.18838256309967,0.03888730512517211,0,8.848547829237727,0.03768369616721362,0,310.16387118135924,0.01594313061996184,0,278.68275632822395,0.0008474207747928909,0,Rahu,Saturn,3.5,CLEAR,962.0490227634807,0.26890205715039883,0,0,-160.0,327.7922061357856,0,31.97954212805732,-0.11353651396427983,0.10871735060203837,-0.39101576195525367,0.0,1.0,0,0,1,0.0,1,0.0075294576
2029-04-12,22.865009100516463,0.9809274425133461,0,7.595581058929689,11.860981236654032,0,7.6084910199464835,39.405723082283835,1.6919085919627215,0,27.87956109302563,1.2382863524496832,0,178.42369007391395,-0.294169280519627,1,3.1075055808614436,202.49902051551078,-0.1284676607129024,1,41.68574368898726,0.12410801430068417,0,71.47576502072538,0.043166258903389466,0,9.110138867684734,0.037006693524507514,0,310.26499557211054,0.01294121651924559,0,277.93750967033145,-0.23052225490373046,1,Rahu,Saturn,3.5,CLEAR,962.4215388972298,0.372516133749059,0,0,-160.0,327.7922061357856,0,32.57560482130253,-0.11562089464161215,0.11169721287061576,-0.3235862085715897,0.0,1.0,0,0,1,0.0,1,0.0085386
2029-04-19,29.71798136645375,0.9769712142489719,0,91.98070427099678,12.540586231978233,0,23.860179001203743,49.45233916700509,1.1521955717206702,0,36.53981925528021,1.2360007697505921,0,176.64457279933015,-0.2116177799822049,1,3.539011135131907,201.6054543538985,-0.12608172852126528,1,42.56364238070769,0.1265478600625169,0,71.79187632273398,0.04705632324614461,0,9.365993247273806,0.03601928770254561,0,310.3450571516322,0.009908787661055287,0,276.93625897790065,-0.008053883284334703,1,Rahu,Saturn,3.5,CLEAR,962.8936383422035,0.47209944497376455,0,0,-200.0,327.7922061357856,0,33.197649133433885,-0.11347355566913876,0.11389307405626521,-0.2327795579804254,0.0,1.0,0,0,1,0.0,1,0.00875392
2029-04-26,36.54174100727531,0.9727347240338371,0,188.848526821527,15.147111864615544,0,-8.159222832350936,55.29860123563106,0.5086641999794459,0,45.18256355896361,1.2333622822219237,0,175.48181467451369,-0.12005933857616342,1,3.716408064063173,200.74364475383078,-0.11947138390775383,1,43.454790152057896,0.12792411679648596,0,72.13289540529931,0.05029554129099178,0,9.61312412701384,0.0345380542962518,0,310.4031747056771,0.006697418707038502,0,276.59978014927196,-0.14250335228780894,1,Rahu,Saturn,3.5,CLEAR,963.4594413992445,0.5658030570409665,0,0,-200.0,327.7922061357856,0,33.841666025044056,-0.10752424551697845,0.11513170511683737,-0.13206527243377977,0.0,1.0,0,0,1,0.0,1,0.0092927
2029-05-03,43.3391206203791,0.9695150453270575,0,290.7683428525814,13.17266218336367,0,-20.54304695328382,56.56962971682456,-0.13205368270489767,1,53.80831728870993,1.231186795857803,0,174.96215339484874,-0.02897080868410273,1,3.6429524365650647,199.94186772956581,-0.10907022232570009,1,44.35317407115165,0.12857477604073406,0,72.49531630463233,0.05313344225029609,0,9.849234236616082,0.03282537423112737,0,310.4392383167309,0.003558982102170263,0,276.06817101727535,0.017451361499883078,0,Rahu,Saturn,3.5,CLEAR,964.1121559758028,0.65271457655831,0,0,-104.0,327.7922061357856,0,34.503939834535565,-0.09816320009313008,0.11571729843666065,-0.031867889552513004,0.0,1.0,0,0,1,0.0,1,0.00950419
2029-05-10,50.11585175040094,0.9667198047369836,0,16.383115328073927,11.856869228820024,0,11.084624097457327,53.95158274955474,-0.5546246965864957,1,62.41944365691326,1.2291523642300564,0,175.06601879090178,0.05772969063526899,0,3.3345513529979547,199.22430929813436,-0.09538116687443761,1,45.2527222928134,0.12831866867529554,0,72.87532889332778,0.05537964141189455,0,10.071592275622478,0.030673374184424965,0,310.45266499283395,0.00030424596084583066,0,275.70507522735,-0.14108645361663072,1,Rahu,Saturn,3.5,CLEAR,964.8453278009877,0.7331718251848542,0,0,0.0,327.7922061357856,0,35.181130017190924,-0.08584305018699386,0.11548680180776599,0.0635026596987959,0.0,1.0,0,0,1,0.0,1,0.009823476
2029-05-17,56.87290828382184,0.9637856166506867,0,101.71667391911286,12.738667800172777,0,22.32449736409317,49.91067942297499,-0.5170435569939038,1,71.01617404056059,1.226977832036589,0,175.75438087961126,0.13756743551499442,0,2.811025194766887,198.61363810867635,-0.07868531544945812,1,46.14767139546485,0.12720743413760016,0,73.26958446575931,0.0571507435754239,0,10.278129035285453,0.028265752020634232,0,310.4438589393259,-0.002825119232223879,1,275.1241163718057,0.011580335001863905,0,Rahu,Saturn,3.5,CLEAR,965.6514510528668,0.8061232518791712,0,0,-160.0,327.7922061357856,0,35.869542360179395,-0.0708167839045123,0.11448669072384014,0.15132417906649387,0.0,1.0,0,0,1,0.0,2,0.00974975
2029-05-24,63.60802822724673,0.9605951997590152,0,198.09649475634586,14.795901001238189,0,-11.776128377816066,47.62427935928572,-0.09670949701156763,1,79.59591668392093,1.2243647681774716,0,176.9702246191891,0.20817956495852324,0,2.097030503096283,198.12725439422704,-0.05999434571182005,1,47.03116057236757,0.1251009747387689,0,73.67372255151406,0.058246371487258725,0,10.46627411497888,0.02547035113930121,0,310.4130189454919,-0.005939979433130857,1,275.06606948869586,-0.06311363252122074,1,Rahu,Saturn,3.5,CLEAR,966.5214072120443,0.8699561591774909,0,0,-160.0,327.7922061357856,0,36.56488645738869,-0.05399491114063805,0.11259087726489202,0.22899752145437557,0.0,1.0,0,0,1,0.0,2,0.010942389
2029-05-31,70.32388414475804,0.9583890737380132,0,298.8929825565873,13.243599320461506,0,-18.282494148414564,48.77266460603872,0.42238215066373175,0,88.15810480143755,1.2220089068956983,0,178.64658436228407,0.2693021537544205,0,1.2190941026066076,197.7767881838135,-0.04003198330521347,1,47.89766980347742,0.12229954677819448,0,74.08417908054325,0.058898796187871666,0,10.634534257994444,0.022516404024692134,0,310.3614068003215,-0.008832441492366965,1,274.845839359347,0.02607164002414699,0,Rahu,Saturn,3.5,CLEAR,967.4455445604435,0.9241373483991993,0,0,-220.0,327.7922061357856,0,37.263135545482974,-0.03602878497469213,0.11006959210037504,0.2962323691298626,0.0,1.0,0,0,1,0.0,2,0.009670596
2029-06-07,77.02732304686096,0.9569670955340853,0,24.823296032925562,11.880823909603722,0,14.197105421995087,53.394868650365865,0.8853402707637784,0,96.70461179658494,1.219885181922442,0,180.7232209783031,0.3229503480164932,0,0.19968696931901256,197.56858177006274,-0.019314201932876765,1,48.741280564168804,0.11861656193691468,0,74.49677129813996,0.05897286297394756,0,10.780770174181656,0.019256807366960182,0,310.28954387686264,-0.011638247732505385,1,274.82548927664413,-0.04047455984156502,1,Rahu,Saturn,3.5,CLEAR,968.4144548425546,0.9689102821110964,0,0,20.0,327.7922061357856,0,37.96051038998715,-0.017382781739589088,0.10675490574322322,0.35524538281814255,0.0,1.0,0,0,1,0.0,2,0.010230615
2029-06-14,83.72165748021797,0.9556283395114307,0,111.46964673778494,13.074668542775209,0,20.213926964022725,61.00968674393267,1.2818162697109308,0,105.23617084012847,1.2175988413895367,0,183.15341120780445,0.3703393933662237,0,-0.9433480497110998,197.50754347168066,0.0018706460031326253,0,49.55637056952634,0.11408640951979994,0,74.90838259620067,0.05851628197161064,0,10.903808545397485,0.015838958289355536,0,310.1991741594996,-0.01416512859994372,1,274.67475228045225,0.01075693886213911,0,Rahu,Saturn,3.5,CLEAR,969.4184168734021,1.0039620308474468,0,0,-80.0,327.7922061357856,0,38.652562024128855,0.001683581402819363,0.10267776856781995,0.4073733327028461,0.0,1.0,0,0,1,0.0,1,0.009928813
2029-06-21,90.40527984715091,0.9540297448900646,0,208.28617981097653,14.43711429849067,0,-15.380673167590267,71.26098178756835,1.6432141057819214,0,113.74925192207476,1.2146466765239343,0,185.89314003005254,0.4114200852882607,0,-2.1918003307501364,197.59399611045157,0.022773336126133525,0,50.33614259828515,0.10860660004819875,0,75.31439957900123,0.05743439789166812,0,11.001874733478857,0.01219818212542866,0,310.0916106855534,-0.01647959308992638,1,274.7139201565293,-0.0004325081675050364,1,Rahu,Saturn,3.5,CLEAR,970.4455777868957,1.027160913493617,0,0,32.0,327.7922061357856,0,39.33426786480629,0.020496002513520174,0.09774594004337887,0.4525620938170868,0.0,1.0,0,0,1,0.0,1,0.009078395
2029-06-28,97.08022361676068,0.9532643894742988,0,306.8720199651085,13.18350886534344,0,-15.823793673978907,83.93369962863218,1.9661424251536797,0,122.24090836852447,1.2115196477081358,0,188.89991577100704,0.4468074485017332,0,-3.5271352583208198,197.82480283797062,0.042988283853905254,0,51.075326719047126,0.10241485348923199,0,75.71149316232054,0.055891096740417506,0,11.07458335956625,0.008511397283428798,0,309.96937153822137,-0.018447660223362444,1,274.6954322776067,-0.0033095272075270065,1,Rahu,Saturn,3.5,CLEAR,971.4842432481985,1.0386654613027986,0,0,182.0,327.7922061357856,0,40.00074335948088,0.03868945546851473,0.0921733681403088,0.4914881933519066,0.0,1.0,0,0,1,0.0,1,0.009283079
2029-07-05,103.75346526235903,0.9535123320795578,0,32.90598214125109,11.899471348122654,0,16.845292019291833,98.47689828310693,2.155505294295004,0,130.71090619662917,1.2085081808729665,0,192.13961184008832,0.4783211045562881,0,-4.933396348303511,198.1940469268342,0.062415523382508595,0,51.768012775563676,0.09538350088740305,0,76.09567933538541,0.05382280647819866,0,11.120784337904212,0.004709858739010938,0,309.8339905159851,-0.020144314798311375,1,274.6725770041181,0.009097221194142415,0,Rahu,Saturn,3.5,CLEAR,972.5233776388006,1.0391343906021575,0,0,-130.0,327.7922061357856,0,40.647228437659464,0.05617397104425774,0.08584515079866274,0.526153215011917,0.0,1.0,0,0,1,0.0,1,0.009825379
2029-07-12,110.43007515067785,0.9540315800075871,0,120.85380050913729,13.485198381140767,0,17.69775536164469,113.57867933515219,2.1246988401134543,0,139.159479444492,1.2052401203668923,0,195.58963177111738,0.5068833693541142,0,-6.397375337307849,198.6967368062047,0.08101535319090047,0,52.40871392396458,0.08749167508545332,0,76.46386655919113,0.05125025217536818,0,11.140517774406279,0.000894313695288299,0,309.68829330385427,-0.021450574338665616,1,274.7169152305992,-0.024315797940824346,1,Rahu,Saturn,3.5,CLEAR,973.5511465106738,1.0277688718731497,0,0,66.0,327.7922061357856,0,41.2681961495583,0.07291381787181044,0.07874250757690798,0.5575717062895256,0.0,1.0,0,0,1,0.0,1,0.009599446
2029-07-19,117.10898918164953,0.9542560390488799,0,219.13113035547582,14.191359990652808,0,-18.628957758873888,127.89287759241435,1.9527839948220296,0,147.58197523007658,1.2010593313445928,0,199.22852689276718,0.5322806726952649,0,-7.904494804688165,199.3253838494668,0.09841901717884556,0,52.99075127379797,0.07872536483912361,0,76.81177822762747,0.048117015105372925,0,11.133215634680168,-0.0029205860384657824,1,309.534452497582,-0.022388733227751346,1,274.5438167929477,0.01445846726524168,0,Rahu,Saturn,3.5,CLEAR,974.554651460091,1.00350494941722,0,0,-6.0,327.7922061357856,0,41.8575356391178,0.088577115460961,0.07085282835521126,0.5855087399647915,0.0,1.0,0,0,1,0.0,2,0.135445
2029-07-26,123.79111121472727,0.9550676312303119,0,315.134686040869,12.985551338782356,0,-13.046764251720298,140.84873803775562,1.748375136911539,0,155.97267968926988,1.1961947691162516,0,203.03433842266793,0.5546383393267167,0,-9.43889177445144,200.07141746180514,0.11447321860213032,0,53.50930034309241,0.06927305993966697,0,77.13648749670892,0.04454104536577732,0,11.099896579418102,-0.006626419664410794,1,309.3757957074751,-0.022924513711057512,1,274.5139450084852,-0.06857247619556527,1,Rahu,Saturn,3.5,CLEAR,975.5213835784675,0.9667321183765125,0,0,-10.0,327.7922061357856,0,42.40940376367431,0.10302589674191728,0.06234575394570027,0.6101021732593884,0.0,1.0,0,0,1,0.0,2,0.054547388
2029-08-02,130.4826745224141,0.9569726245379899,0,40.82131202361144,11.888344279859174,0,19.024624708991148,152.37996696993068,1.5468317017209157,0,164.32862444737017,1.1912292625132175,0,206.98946904038172,0.5752049472779592,0,-10.985514463193637,200.92539343556462,0.1293691555510852,0,53.9589578771757,0.05910553201995763,0,77.43442860151863,0.0405421695362882,0,11.040792438253087,-0.010205441977411868,1,309.2144645044209,-0.023070982383521163,1,274.09371347119645,-0.0024898790845704235,1,Rahu,Saturn,3.5,CLEAR,976.4399281941954,0.9185446157279102,0,0,70.0,327.7922061357856,0,42.918165438922614,0.11643223999597667,0.05319497881796187,0.6327254420057552,0.0,1.0,0,0,1,0.0,2,0.050811164
2029-08-09,137.18972994923018,0.9592863032982376,0,129.6426151943203,13.86554953661148,0,14.941317989943549,162.4917893802148,1.3392962531335522,0,172.64913987774787,1.1859202911635085,0,211.08436913429244,0.5945225377081116,0,-12.530654006124518,201.88002006428405,0.14315287523754772,0,54.33501725092343,0.04818218889674067,0,77.70302733082183,0.036088671099833665,0,10.957426381590983,-0.013613857250766427,1,309.0537845945569,-0.02280036633499468,1,274.06528296466536,-0.07923879012181664,1,Rahu,Saturn,3.5,CLEAR,977.2984854725298,0.8585572783343878,0,1,-90.0,327.7922061357856,0,43.377590869332444,0.12883758771379294,0.043363970007066606,0.6539747914789228,0.0,1.0,0,0,1,0.0,2,0.05507582
2029-08-16,143.91168139693963,0.9612533859032807,0,230.1250571788324,14.121292605367616,0,-21.167344010352018,171.04785334559202,1.0958889060622001,0,180.92883962572088,1.1795032423536735,0,215.30912238308426,0.6122693211977054,0,-14.05882582039771,202.92652203384455,0.15566285125968005,0,54.6319870735867,0.03663377112404205,0,77.93864271252704,0.031217433816403323,0,10.850766740425398,-0.01675943185745705,1,308.8962316806915,-0.0220943185712058,1,273.4708934279554,-0.008828442733409514,1,Rahu,Saturn,3.5,CLEAR,978.084822063671,0.7863365911412075,0,1,-160.0,327.7922061357856,0,43.7812203331613,0.14009656613371205,0.032970394011637844,0.673496253317476,0.0,1.0,0,0,1,0.0,2,0.0123350555
2029-08-23,150.64784089382445,0.9634749277943494,0,323.90105696296297,12.707360673128667,0,-9.840624221935645,177.6354951908115,0.7664246653531647,0,189.15897341460422,1.171780159299572,0,219.65165775045904,0.6281823744234475,0,-15.552969335810246,204.0559661767764,0.16679381776145114,0,54.84680930864181,0.024647494914558917,0,78.13917125456632,0.025992104485692467,0,10.723381169503451,-0.019618706443676404,1,308.74520850077033,-0.021031063064965265,1,273.23951202893653,-0.1438583272375086,1,Rahu,Saturn,3.5,CLEAR,978.787925507592,0.7031034439210089,0,1,96.0,327.7922061357856,0,44.123428139138355,0.15011443598530602,0.022182745423103025,0.6910006118657923,0.0,1.0,0,0,1,0.0,2,0.0156941
2029-08-30,157.40294160920405,0.9667229153485473,0,48.86047808876495,11.854075253970228,0,20.781483044251335,181.40392506322056,0.27676168014171,0,197.3325958945522,1.1634811533240186,0,224.1017630721102,0.6432029158471354,0,-16.9958884193849,205.2592775884706,0.17686652509651166,0,54.97639657211289,0.012348108984805537,0,78.30206161135607,0.020528180194868403,0,10.577069725330459,-0.022097397594301557,1,308.6028150678331,-0.019563728435764396,1,272.23841981079914,-0.047258485538638074,1,Rahu,Saturn,3.5,CLEAR,979.3984930870458,0.6105675794538001,0,1,168.0,327.7922061357856,0,44.39932684678243,0.1591798725868605,0.011113298086324984,0.707523207431849,0.0,1.0,0,0,1,0.0,2,0.018744132
2029-09-06,164.18309799529777,0.9704389140264676,0,137.88794392979545,14.096037768015519,0,12.020101930217859,181.01532531493805,-0.41495071642051723,1,205.44601689090237,1.1544376019211597,0,228.6552387555329,0.657664301893007,0,-18.37104247291929,206.529639071326,0.18588156311392784,0,55.018940686624596,-0.0002599522561597458,1,78.4258340661181,0.014756264892064688,0,10.414827875868077,-0.02422293641974135,1,308.4720924320038,-0.01775944360502618,1,272.0205391093256,-0.12403481414924929,1,Rahu,Saturn,3.5,CLEAR,979.9074832682286,0.5089901811827531,0,1,320.0,327.7922061357856,0,44.60411281075652,0.16729340680253507,-0.00023395703054377123,0.7234307320823077,0.0,1.0,0,0,1,0.0,3,0.019389942
2029-09-13,170.98806200831203,0.973760022900334,0,240.69139982802662,14.234206888716823,0,-22.78797661146774,175.76470384077228,-1.0060086878715102,1,213.49087203813542,1.1437151425665282,0,233.30720372408422,0.6712905647549804,0,-19.660387240352286,207.8590084863074,0.19377006535023258,0,54.97281835865442,-0.012837488011408967,1,78.5082675659648,0.00882069843333651,0,10.239134720109018,-0.02584499653357074,1,308.35511692483533,-0.01556102444532529,1,271.0623650862834,-0.032253505239429776,1,Rahu,Saturn,3.5,CLEAR,980.3063012822588,0.398818014030212,0,1,320.0,327.7922061357856,0,44.7336836385454,0.17439305881520933,-0.01155373921026807,0.7384196212304784,0.0,1.0,0,0,1,0.0,3,0.020300133
2029-09-20,177.8152177060373,0.9769208725244325,0,333.11650554359875,12.430814868697725,0,-6.218625739308173,169.12237580145683,-0.6971150704650066,1,221.45143571911066,1.1303004517927184,0,238.04982065570286,0.6835454634752813,0,-20.84497179850888,209.23923156075946,0.20037283867104902,0,54.83970751244592,-0.02514648328542141,1,78.54884883425241,0.002746276788240179,0,10.053827720144536,-0.02704256124615753,1,308.25456085142315,-0.01315252780157734,1,270.6612541681535,-0.18935824279700872,1,Rahu,Saturn,3.5,CLEAR,980.5885759656584,0.28227468339957795,0,1,120.0,327.7922061357856,0,44.78587979230139,0.18033555480394411,-0.02263183495687927,0.7519000098228096,0.0,1.0,0,0,1,0.0,3,0.02159121
2029-09-27,184.66709874398734,0.9809065221700428,0,57.25823242061418,11.83526963948985,0,22.147289168923816,167.93397730815437,0.40053655962834117,0,229.31011669484502,1.114681339234097,0,242.87562708984095,0.6952116409100952,0,-21.905838890440844,210.66223182554603,0.20606615246938054,0,54.622194163799016,-0.03688244895201403,1,78.54698748827765,-0.0032540484036284096,1,9.861957122512782,-0.02767287778364503,1,308.17181242199877,-0.010429673199893486,1,269.32862382211533,-0.07582825643926751,1,Rahu,Saturn,3.5,CLEAR,980.7503501325577,0.16177416689936308,0,1,160.0,327.7922061357856,0,44.76023704128623,0.1854595372224425,-0.03319420405681263,0.7647328050011049,0.0,1.0,0,0,1,0.0,4,0.019355072
2029-10-04,191.54894734351086,0.985322107788353,0,145.98241770530603,14.105939616125914,0,8.881789498671353,174.18300462287903,1.2967704082242093,0,237.0508253609966,1.0964106079519618,0,247.78193105589713,0.7065057277715415,0,-22.8251063380468,212.12182299726885,0.210764206258053,0,54.32482082590594,-0.04797008979536842,1,78.50321363851944,-0.009271648940190579,1,9.667431059825947,-0.02784932650824482,1,308.1089024422334,-0.00754145701167626,1,269.0743387394017,-0.12038050063656855,1,Rahu,Saturn,3.5,CLEAR,980.788622392572,0.03827226001430972,0,1,88.0,327.7922061357856,0,44.65738976607999,0.1896877856322477,-0.04317308081583158,0.7771563005486958,0.0,1.0,0,0,1,0.0,4,0.021077357
2029-10-11,198.46064538843197,0.9893131363624422,0,250.34550515715586,14.47338087156834,0,-23.52722112979471,184.81308219211024,1.6651429522104855,0,244.65047515874602,1.073997058294307,0,252.76564050893506,0.7172694834237908,0,-23.584824235421888,213.6106316790589,0.21444415121498298,0,53.95340519326994,-0.05788363398150119,1,78.41778369827212,-0.015056532171746774,1,9.473614225629042,-0.02739300418075934,1,308.06692418416463,-0.004389384957134015,1,268.10576800289994,-0.032698589356529785,1,Rahu,Saturn,3.5,CLEAR,980.7017190282147,-0.08690336435734025,0,1,48.0,327.7922061357856,0,44.479790967640895,0.19299973609348467,-0.052095270583351075,0.78899643176617,0.14482423542188627,1.0,0,0,1,0.0,4,0.020182673
2029-10-18,205.397596123029,0.992678404465939,0,342.4926460667479,12.225251504474443,0,-2.3580620800477137,196.78163733027844,1.7247638644922987,0,252.0703137166188,1.044723603434919,0,257.82041262583914,0.7267744689346715,0,-24.16834194755803,215.1208695076672,0.21686855063754557,0,53.51753521758003,-0.06639577368873094,1,78.29273977364997,-0.02061742957764056,1,9.28474437649161,-0.02649448326712431,1,308.04722433434154,-0.0012397264216448892,1,267.82398606042676,-0.1613952016807233,1,Rahu,Saturn,3.5,CLEAR,980.4910308786168,-0.2106881495978996,0,1,248.0,327.7922061357856,0,44.23279084108842,0.195181695573791,-0.059756196319857846,0.7994519158281387,0.7283419475580288,1.0,0,0,1,0.0,4,0.019685162
2029-10-25,212.35955124750203,0.9965553869050673,0,66.0540462021702,11.879317377987736,0,23.0946169491301,208.7351616180073,1.6835881907967027,0,259.25875502646716,1.00771383137163,0,262.93927837834053,0.7356977748285424,0,-24.560709254655183,216.64493503595972,0.21844179771968525,0,53.02806341372682,-0.07315055932180706,1,78.1304242559784,-0.025672000121372877,1,9.104198250382863,-0.024994462933937225,1,308.050040696717,0.0020652407797806657,0,266.71942722711134,-0.057894128337541505,1,Rahu,Saturn,3.5,CLEAR,980.1607671185227,-0.3302637600941125,0,1,344.0,327.7922061357856,0,43.923865163343955,0.19659761794771674,-0.06583550338962635,0.8092675523113967,1.120709254655182,1.0,0,0,1,0.0,3,0.021801215
2029-11-01,219.35011303648278,1.0007398038339645,0,154.52778742985143,13.944025101386242,0,5.403980166682529,220.31858704088003,1.6263070036052667,0,266.155613602067,0.9609489537877509,0,268.11917774139766,0.7441961435873025,0,-24.749777625240103,218.1765127926818,0.21899285517288114,0,52.49746345416722,-0.07814753900968616,1,77.93416834952684,-0.03034070484882731,1,8.935700362552323,-0.02309299865939373,1,308.0759723040183,0.005320192532685996,0,266.66147651512114,-0.06486769177527385,1,Rahu,Saturn,3.5,CLEAR,979.716392091017,-0.44437502750565727,0,1,120.0,327.7922061357856,0,43.56176309161489,0.19709356965559302,-0.07033278510871754,0.8186157579460328,1.3097776252401019,1.0,0,0,1,0.0,3,0.021506852
2029-11-08,226.3690761567452,1.0044994545335915,0,258.92573066321546,14.698802252975527,0,-23.61752430185392,231.52569709136046,1.5777935740556772,0,272.68089767866337,0.9005965474595393,0,273.35722332921836,0.7522519209453319,0,-24.72569647577007,219.70845012484196,0.21851628199527007,0,51.93935713617718,-0.08089817209715482,1,77.70739972056906,-0.03430866946729753,1,8.782392931061556,-0.020604171732379873,1,308.1248705402689,0.00866703498735175,0,266.0678118553509,-0.013801732475841747,1,Rahu,Saturn,3.5,CLEAR,979.1650583606005,-0.5513337304165589,0,1,120.0,327.7922061357856,0,43.15696420511562,0.19666465379574308,-0.07280835488743934,0.8274771130398652,1.2856964757700702,1.0,0,0,1,0.0,3,0.020588603
2029-11-15,233.41023289641123,1.0071958441050084,0,351.63731608990827,12.125907860632653,0,1.4520076023857265,242.4359537002482,1.5412501943781287,0,278.7145672415053,0.8193066993447086,0,278.6473361942194,0.7590282317299907,0,-24.482756105869836,221.23240007911784,0.21671803385060312,0,51.36986096064148,-0.08142929808627028,1,77.45508945640533,-0.03764564393327302,1,8.64769911543972,-0.017815153948516006,1,308.1965436014916,0.011790591911873352,0,266.06065714731557,-0.07240007307489173,1,Rahu,Saturn,3.5,CLEAR,978.5170917098276,-0.6479666507729007,0,1,225.0,327.7922061357856,0,42.72216184520176,0.1950462304655428,-0.07328636827764326,0.8349310549029898,1.0427561058698345,1.0,0,0,1,0.0,3,0.030052973
2029-11-22,240.47032602570536,1.0100222940560775,0,75.03885805508784,12.011869370459813,0,23.548842044395716,253.1195106769921,1.5112789413442578,0,284.0883158518259,0.7109587159680204,0,283.9821201169341,0.7651017864031375,0,-24.018863108475934,222.74049926287515,0.2140068080600991,0,50.80492992820035,-0.07961000928009411,1,77.18258726524255,-0.040071192076193946,1,8.534153216468107,-0.014567568904852748,1,308.29000187911225,0.014893180585189682,0,265.55306860688114,-0.018476779533448673,1,Rahu,Saturn,3.5,CLEAR,977.7851707722605,-0.7319209375671107,0,1,120.0,327.7922061357856,0,42.270776711732246,0.1926061272540892,-0.0716490083520847,0.8416119650434514,0.5788631084759324,1.0,0,0,1,0.0,3,0.029117692
2029-11-29,247.5509123438455,1.013000962134758,0,163.98570243022147,13.767102833024945,0,1.5313695635623132,263.567781959846,1.4692706212224111,0,288.5868914236193,0.567833993690783,0,289.3574213863507,0.7706182279695319,0,-23.335727633045398,224.22577466086167,0.2101548167379139,0,50.26001235493499,-0.07574195056281366,1,76.89568987597242,-0.04177436206883117,1,8.444132413802665,-0.011122234540020101,1,308.40438744068615,0.01774349746254566,0,265.64755693586625,-0.008193900896893464,1,Rahu,Saturn,3.5,CLEAR,976.9826048705725,-0.8025659016880127,0,1,40.0,327.7922061357856,0,41.81587994113233,0.1891393350641225,-0.0681677555065323,0.8476800507664852,0.0,1.0,0,0,1,0.0,3,0.03565418
2029-12-06,254.65171875310915,1.015605567289543,0,266.8254475956909,14.724940162974098,0,-23.27454265439056,273.55290108573683,1.366241700787076,0,291.9350248440354,0.3803702975522107,0,294.77003061953155,0.7757009375888921,0,-22.43811745755543,225.68018822239515,0.20517006958312745,0,49.75000217079276,-0.06960614843118286,1,76.60028845226113,-0.042454390281202514,1,8.379512598409502,-0.007290130628067853,1,308.5384188018704,0.020522725694052432,0,265.5016007782882,0.0011024053090708272,0,Rahu,Saturn,3.5,CLEAR,976.1237393007814,-0.8588655697910781,0,1,160.0,327.7922061357856,0,41.37048957238326,0.1846530626248147,-0.06264553358806457,0.8532710313477814,0.0,1.0,0,0,1,0.0,3,0.042388845
2029-12-13,261.7657728977214,1.0168520099305387,0,0.24464906137756925,12.125410781217704,0,4.936827754511824,282.2607393164161,1.0713146808175344,0,293.78348192415706,0.1386954973461537,0,300.21386482883753,0.7794943666673771,0,-21.335480740675994,227.09445255587787,0.1987123525104475,0,49.28965514427695,-0.06161130211597443,1,76.3030823400604,-0.04228683288808666,1,8.341939236207038,-0.0034117378469370944,1,308.69053155999654,0.022902710699906126,0,265.54930074996946,-0.005651672945746602,1,Rahu,Saturn,3.5,CLEAR,975.2251015601278,-0.8986377406536121,0,1,160.0,327.7922061357856,0,40.94771590806991,0.17884111725940274,-0.05545017190437699,0.857443803334115,0.0,1.0,0,0,1,0.0,3,0.041722614
2029-12-20,268.887259036988,1.017852692177568,0,83.84556436679424,12.208915861764645,0,23.449082739838456,287.4409258414455,0.2994310287610614,0,293.7730495630085,-0.14608261838830197,1,305.68114832780464,0.7824628248212614,0,-20.040426617984995,228.459797392805,0.1911915032937699,0,48.89149707152649,-0.05191574397212791,1,76.01080050502175,-0.041074669383821934,1,8.3323150705369,0.0006696150847938434,0,308.85876703328785,0.025114832566326684,0,265.54412585598624,0.0005592873169188353,0,Rahu,Saturn,3.5,CLEAR,974.3040669434677,-0.9210346166601084,0,0,40.0,327.7922061357856,0,40.55918200098959,0.1720723529643929,-0.046724169574915125,0.8607091073033876,0.0,1.0,0,0,1,0.0,2,0.052615184
2029-12-27,276.0157853213863,1.0188875821040357,0,174.34719941034106,13.741649743490466,0,-2.605637820205825,285.0607307618431,-0.9923523126262089,1,291.7552395016603,-0.4217802003448795,1,311.16675047989736,0.7847778164731654,0,-18.56774815147595,229.76798937190142,0.18235694466436492,0,48.565427167750414,-0.04105923798492919,1,75.72969588273918,-0.03910428503530026,1,8.351038748266344,0.00467776825960426,0,309.0411204755983,0.02693164180711792,0,265.4614673682038,-0.007810226756406892,1,Rahu,Saturn,3.5,CLEAR,970.9720264059797,-3.3320405374879556,0,0,-56.0,327.7922061357856,0,40.21438841948407,0.16412125019792842,-0.03695331418643628,0.8632555981204819,0.0,1.0,0,0,1,0.0,2,0.05570304
2030-01-03,283.151436794432,1.0196868565203236,0,274.8864050620554,14.46245552721578,0,-22.48672551688044,276.2038261287845,-1.199270250691477,1,288.11370186258625,-0.5927323413428837,1,316.66738608064924,0.7866927142522456,0,-16.933397785083642,231.00991374601938,0.17221119835529236,0,48.31968456421007,-0.028993098017501388,1,75.46581828305546,-0.03615006032120856,1,8.398281948468625,0.008808646668192801,0,309.23556240336194,0.028559268516751588,0,265.5302931796178,-0.0098162464868775,1,Rahu,Saturn,3.5,CLEAR,967.0800533957686,-3.8919730102111316,0,0,-56.0,327.7922061357856,0,39.92140261574144,0.15499007851976312,-0.02609378821575125,0.8653619856774702,0.0,1.0,0,0,1,0.0,2,0.06283058
2030-01-10,290.2876793939474,1.0190695704027553,0,8.285090927397471,12.170292874759424,0,7.979739873307164,271.47754874562423,-0.1101764766401973,1,283.8979264324217,-0.5777494727106797,1,322.17735710190135,0.7874096094038756,0,-15.156139173505055,232.17490845804224,0.1604345698123019,0,48.160854887359726,-0.016276275384026893,1,75.22505018849594,-0.032490792029156335,1,8.47365035443145,0.012723627156272281,0,309.4395827973752,0.029691219034418008,0,265.2270221505616,-0.022852563976916138,1,Rahu,Saturn,3.5,CLEAR,963.5428276408763,-3.5372257548922335,0,0,40.0,327.7922061357856,0,39.68720453292828,0.1443911128310717,-0.014648647845624205,0.8661505703442632,0.0,1.0,0,0,1,0.0,2,0.05138759
2030-01-17,297.41732318759216,1.0179230126614462,0,92.18348897656931,12.398461814542086,0,22.793041216129986,273.8375474678976,0.6985507833373782,0,280.45369663015674,-0.38256261586063445,1,327.6892078744614,0.7872674704015183,0,-13.256007168254152,233.25326634884112,0.14744448845808295,0,48.09291206108617,-0.0031177595821465652,1,75.01287623689171,-0.02803677782558539,1,8.57635091811493,0.0165787043511531,0,309.6507262569301,0.030567126460326024,0,265.32969523624763,-0.014443321810822436,1,Rahu,Saturn,3.5,CLEAR,960.4035913844134,-3.1392362564629366,0,0,185.0,327.7922061357856,0,39.51656114297124,0.13270003961227467,-0.002805983623931909,0.8659942174416703,0.0,1.0,0,0,1,0.0,2,0.04541045
2030-01-24,304.5385517829116,1.0167700186167932,0,185.09113500680158,13.949336581320779,0,-6.6919286520158785,280.2991316578909,1.1000080302386546,0,278.7467898828841,-0.09933588327742887,1,333.1974881959857,0.7864757728773114,0,-11.252990569928508,234.23571126314877,0.1330281383308865,0,48.11695462608748,0.009990801194587146,0,74.83346123831676,-0.023132209538613037,1,8.704916507059254,0.020126704680881385,0,309.86634679398185,0.030987831981220067,0,264.7703549079026,-0.06867795271245651,1,Rahu,Saturn,3.5,CLEAR,957.6967156145473,-2.7068757698660875,0,0,260.0,327.7922061357856,0,39.412038119028225,0.11972532449779785,0.00899172107512843,0.8651233501650426,0.0,1.0,0,0,1,0.0,1,0.045093276
2030-01-31,311.6524582773747,1.0156288906145279,0,283.82604526441133,14.01227620966292,0,-21.039109905507644,288.79511518561816,1.307574051665749,0,279.04800883006607,0.17929029811598002,0,338.69948119385265,0.7853970241360523,0,-9.166165003754399,235.11253040331715,0.1171997112276943,0,48.23310736949506,0.02315231654043126,0,74.69062896289513,-0.017620346020174923,1,8.858063009772716,0.02356518499127579,0,310.0841610549547,0.03115995501519645,0,264.72446043289096,-0.043956833426269507,1,Rahu,Saturn,3.5,CLEAR,955.4540897482366,-2.242625866310732,0,0,260.0,327.7922061357856,0,39.375044359722345,0.10547974010492488,0.020837084886388135,0.8639367265496576,0.0,1.0,0,0,1,0.0,1,0.03637705
2030-02-07,318.75417999777545,1.0132626571434538,0,16.060436723859304,12.184510141131184,0,10.678078102673126,298.42946982557197,1.4378736273281598,0,281.1415611886509,0.4099795515536081,0,344.1905506854691,0.7833368911142186,0,-7.01572643792419,235.8725901059712,0.09976644600055212,0,48.4400260327552,0.03591771064514827,0,74.58734491320328,-0.011807508733255995,1,9.033748987583612,0.026603817910773014,0,310.3012859371995,0.030837906785843274,0,263.82038500522606,-0.10434959536303001,1,Rahu,Saturn,3.5,CLEAR,953.7069898055756,-1.7470999426609524,0,0,120.0,327.7922061357856,0,39.406277045171585,0.08978980140049692,0.03232593958063344,0.8616705802256405,0.0,1.0,0,0,1,0.0,1,0.021133067
2030-02-14,325.836681830861,1.0102346646372475,0,100.06788228399128,12.506179784043079,0,21.61881744820066,308.8700020638794,1.5435415517321631,0,284.66857275868944,0.5898398370165067,0,349.664445047003,0.7805012003117684,0,-4.822006641036079,236.50673902919317,0.08121939376178607,0,48.73484544927982,0.04818788094903567,0,74.52613200368424,-0.005671613660160846,1,9.229981346033957,0.029387947435100092,0,310.51530112673186,0.030235464155942155,0,263.68563423261844,-0.04284969718043679,1,Rahu,Saturn,3.5,CLEAR,952.477874594078,-1.2291152114976285,0,0,-160.0,327.7922061357856,0,39.50486410324586,0.07309745438560745,0.0433690928541321,0.8585513203429453,0.0,1.0,0,0,1,0.0,1,0.0076563475
2030-02-21,332.8974339183384,1.0072262594520327,0,195.4776563144087,14.350569430197103,0,-10.379666591638562,320.038328628051,1.648534254155165,0,289.30050229711225,0.7273343871533999,0,355.1161841105151,0.7771237330036429,0,-2.6043320346819243,237.0068460987687,0.06150672558831576,0,49.11265383547683,0.0596586971447704,0,74.50783024424025,0.000471553749122721,0,9.444024341321061,0.03172894912890034,0,310.723469253495,0.029206856143641113,0,262.67640151891794,-0.1319619110994363,1,Rahu,Saturn,3.5,CLEAR,951.7803374549068,-0.6975371391712315,0,0,-40.0,327.7922061357856,0,39.668629494155766,0.05535605302948419,0.05369282743029336,0.8548361063040073,0.0,1.0,0,0,1,0.0,0,0.0067088916
2030-02-28,339.9390046372852,1.0045629152624,0,293.72786889028293,13.574924282343863,0,-18.766348172763,331.9733541674757,1.7632795708824138,0,294.772401015427,0.8309163227586791,0,0.5442083703648787,0.7736437588743295,0,-0.38024484894289917,237.36551980315542,0.04075044284622169,0,49.56886072692701,0.07053250327115322,0,74.53321475023587,0.006748888570051467,0,9.673748169764176,0.03380751734086127,0,310.92380382293464,0.02793659195377495,0,262.39576194053353,-0.07494309344832928,1,Rahu,Saturn,3.5,CLEAR,951.6255037021456,-0.15483375276119204,0,0,30.0,327.7922061357856,0,39.89511255716283,0.03667539856159952,0.0634792529440379,0.8510081347617625,0.0,1.0,0,0,1,0.0,0,0.005875802
2030-03-07,346.9591336658756,1.0010505902989209,0,24.0046716805008,12.122473108975631,0,13.22443446584102,344.74069347354083,1.884219650634216,0,300.871224805152,0.907938988096823,0,5.945507973879912,0.7694876154565737,0,1.8323180927961056,237.57511530608542,0.01907656291226163,0,50.09799581512097,0.08052939082822315,0,74.60198962358525,0.01291402506707541,0,9.916144753681811,0.03540963228158904,0,311.113518851802,0.026244662267658588,0,261.0850026191907,-0.1659955978591668,1,Rahu,Saturn,3.5,CLEAR,952.0227025616375,0.3971988594919367,0,0,-90.0,327.7922061357856,0,40.181851061439154,0.017168906621035467,0.07247645174540084,0.8464363770022312,0.0,1.0,0,0,1,0.0,0,0.0060239015
2030-03-14,353.95224610004345,0.9968971802841491,0,107.84398392941105,12.512410330351978,0,19.963758721771146,358.2927593851928,1.9770136031896783,0,307.44115579722705,0.9666536830320642,0,11.31563964126234,0.7647234688460344,0,4.015559034935267,237.63217020312112,-0.0027996064015498165,1,50.694210039814614,0.08963109636372245,0,74.7137659909874,0.018960732077750703,0,10.168678497654673,0.03665112661892856,0,311.29072212071037,0.024317638552346633,0,260.74543841937447,-0.04520370219073662,1,Rahu,Saturn,3.5,CLEAR,952.9701674139411,0.9474648523035967,0,0,110.0,327.7922061357856,0,40.52553154215994,-0.002519645761394835,0.0806679867273502,0.8411958157306378,0.0,1.0,0,0,1,0.0,1,0.00628711
2030-03-21,0.9157389314322087,0.9928134895300633,0,204.98314971340562,14.80041379388633,0,-13.485739596158826,12.107132542654908,1.9332715177703734,0,314.3750920542444,1.0127539589381704,0,16.65063765758655,0.7595853239914891,0,6.152680626561484,237.5360345088114,-0.024589911704108965,1,51.3502901933703,0.09769714827106717,0,74.86652160825436,0.024665127473888288,0,10.428039130010633,0.03741696941335846,0,311.45310759271905,0.022069013793502238,0,259.6924868207508,-0.14216864102382915,1,Rahu,Saturn,3.5,CLEAR,954.4553394001883,1.4851719862472237,0,0,-18.0,327.7922061357856,0,40.92225106335967,-0.02213092053369807,0.08792743344396045,0.8355438563906381,0.0,1.0,0,0,1,0.0,1,0.006380438
2030-03-28,7.853610321896896,0.989418598604585,0,304.09463126976766,13.297727364797183,0,-15.769476641798287,24.654408146570702,1.5939149871869134,0,321.5972177413468,1.0490829283178709,0,21.950309339534506,0.7545473586240666,0,8.22874578516159,237.28902984455254,-0.045925725258926416,1,52.06023798795596,0.10495611496068796,0,75.05866766765277,0.030138859820666917,0,10.691877130845977,0.037852200464301884,0,311.59939033358796,0.019636578611887643,0,259.40103976508175,-0.0640415857573287,1,Rahu,Saturn,3.5,CLEAR,956.4609709549363,2.0056315547479926,0,0,300.0,327.7922061357856,0,41.36836085710998,-0.04133315273303378,0.09446050346461916,0.8300020944864733,0.0,1.0,0,0,1,0.0,1,0.0071818847
2030-04-04,14.76659429645263,0.9856348854952554,0,32.37943987072304,12.000832019277576,0,15.709101745314824,33.6997761202912,0.9517323656373324,0,329.04229998597356,1.0768985036862522,0,27.213460540739966,0.7491600077665967,0,10.228734773923225,236.8955313634941,-0.0662058959439665,1,52.81744605151505,0.1112565442047567,0,75.28760143239218,0.03523783323315351,0,10.956758836731703,0.03781843564425018,0,311.7273760023898,0.016927745849534985,0,258.23705665234877,-0.14948365255488266,1,Rahu,Saturn,3.5,CLEAR,958.9642802360466,2.503309281110319,0,0,100.0,327.7922061357856,0,41.86068721478335,-0.05958530634956986,0.10013088978428103,0.8240760085432565,0.0,1.0,0,0,1,0.0,1,0.0074410154
2030-04-11,21.65125940650047,0.9813291547793986,0,115.9600232223078,12.468936715684885,0,17.848381552313946,37.660216629623754,0.1742909051425223,0,336.66002750673624,1.0987673185453741,0,32.437560951219275,0.7433518044115023,0,12.13788607656182,236.36689954090343,-0.08446325513075364,1,53.61555558985344,0.11658016551143752,0,75.55105837738074,0.03993140429191978,0,11.220309799647522,0.03738857010824989,0,311.8360656605846,0.014076143136241908,0,257.9983947622986,-0.011668197038248437,1,Rahu,Saturn,3.5,CLEAR,961.9272975314921,2.963017295445411,0,0,200.0,327.7922061357856,0,42.39524579020592,-0.07601692961767828,0.10492214896029377,0.8176869848526526,0.0,1.0,0,0,1,0.0,1,0.006931998
2030-04-18,28.505307597437728,0.9771267134177697,0,213.60363289647964,15.112241688475962,0,-16.05264579752168,36.39459583378384,-0.48741872612436477,1,344.41613494743,1.116818086979397,0,37.619798701604545,0.7373414639803824,0,13.942289958610864,235.71899325619623,-0.10014744983657696,1,54.44711757905894,0.12089647732322302,0,75.84533021436718,0.04410496026969647,0,11.479114173572023,0.03653277535321138,0,311.92398776792226,0.011066069345522029,0,257.33924223676587,-0.09620684078774883,1,Rahu,Saturn,3.5,CLEAR,965.2989335386153,3.371636007123243,0,0,280.0,327.7922061357856,0,42.96800340548692,-0.09013270485291927,0.10880682959090072,0.8110756103784207,0.0,1.0,0,0,1,0.0,1,0.0073089893
2030-04-25,35.33360198477717,0.9738735781077199,0,314.27206848276006,13.218588176938999,0,-12.383651966474924,31.95751820116351,-0.6794510301349426,1,352.28901888414964,1.1319745463470423,0,42.761145188646786,0.731594411481962,0,15.629829499060822,234.97175481192528,-0.11286319957772903,1,55.30628370134873,0.12439025491318889,0,76.16757657416385,0.04783995838608517,0,11.731038784096043,0.03533131815711224,0,311.990872633112,0.007973241062949846,0,257.2385260217229,-0.018808828099006275,1,Rahu,Saturn,3.5,CLEAR,968.3534078821034,3.0544743434880957,0,0,360.0,327.7922061357856,0,43.57524491725269,-0.10157687961995612,0.11195122942187001,0.8047538526301583,0.0,1.0,0,0,1,0.0,1,0.008851717
2030-05-02,42.13969086288585,0.970692611197236,0,41.139028963431976,11.876697442511958,0,18.03713019313591,28.174745318493795,-0.3352422239305326,1,0.2561510782309048,1.1438773854641724,0,47.862031837006874,0.7257894224218256,0,17.188729679293047,234.1475652492095,-0.12190914354676631,1,56.18658069065374,0.12699580597532223,0,76.51404482533916,0.05109451542009557,0,11.972927010185392,0.033745574899704256,0,312.03548440753985,0.004794482756758407,0,256.63023450214746,-0.08204108384113395,1,Rahu,Saturn,3.5,CLEAR,968.9571208355986,0.6037129534952328,0,0,-70.0,327.7922061357856,0,44.21365368046835,-0.10971822919208968,0.11429622537779001,0.7983683646640083,0.0,1.0,0,0,1,0.0,1,0.008311215
2030-05-09,48.92237913769044,0.9671408711839067,0,124.69425514678058,12.458864939049649,0,15.287009192256736,27.713519447547103,0.20749504232873603,0,8.297591156751828,1.1533271806255208,0,52.92154391326882,0.7197179098956247,0,18.607945717614456,233.27507197326582,-0.12666106847964828,1,57.08197057285611,0.12864255697556076,0,76.88159862690723,0.05379843730650471,0,12.202601160093318,0.03178908975642499,0,312.05796097885224,0.0016024298499920698,0,256.60537425823065,0.0179495718514656,0,Rahu,Saturn,4.5,OVERCAST (CAUTION),969.6472752961101,0.6901544605115078,0,0,-190.0,327.7922061357856,1,44.87936941276279,-0.11399496163168346,0.11577830127800469,0.7916897008851872,0.0,1.0,0,0,1,0.0,1,0.008741727
2030-05-16,55.679783738254855,0.9636937043078577,0,221.83631619157106,15.160667716591615,0,-18.225128254280055,30.934756358302963,0.6958453224199633,0,16.39964500962007,1.1614701181208384,0,57.93784618655339,0.7135831493234396,0,19.87750750875112,232.38454167959728,-0.1270211756669383,1,57.98538515854615,0.12937735811300843,0,77.265839936193,0.055937584446216694,0,12.417156540962713,0.02950703001198234,0,312.05796461671736,-0.0015469164526606225,1,256.4085622685137,-0.03356598898724871,1,Rahu,Saturn,6.5,STORM (HIGH RISK),970.4157506389513,0.7684753428411568,0,0,-190.0,327.7922061357856,1,45.568228617583436,-0.11431905810024447,0.1164396223017076,0.7849414642557836,0.0,1.0,0,0,1,0.0,2,0.010873745
2030-05-23,62.41685318206472,0.9613115149871989,0,323.80525650219795,13.288397973513035,0,-8.974397363264261,37.22009638618794,1.085433752222596,0,24.556898597564523,1.1689591859454358,0,62.91270104120159,0.707830731259241,0,20.98946490533551,231.50622245349552,-0.12330068612094937,1,58.891330346913286,0.12930612954334367,0,77.6634851069764,0.05754285126518576,0,12.614992224112406,0.026918013208642632,0,312.03641896091005,-0.00464982774329446,1,256.4372310050112,0.005818640997926262,0,Rahu,Saturn,4.5,OVERCAST (CAUTION),971.2541322921327,0.8383816531813864,0,0,-150.0,327.7922061357856,0,46.27633812280088,-0.11097061750885444,0.1163755165890093,0.7786138043851651,0.0,1.0,0,0,1,0.0,2,0.009247623
2030-05-30,69.1393403494296,0.9594152069607479,0,50.024746916359945,11.798459882661517,0,20.00616313865486,45.979392993889824,1.4101383624441644,0,32.76224992831025,1.1752282002187462,0,67.84741151353023,0.7021929365946671,0,21.936577786360164,230.66819479288245,-0.11542467379169294,1,59.79380708103324,0.12841990820455573,0,78.07042293149199,0.05865822633312074,0,12.793520510853513,0.024067988397042918,0,311.99328106539815,-0.007627922051021292,1,256.3314049048884,-0.016537281299264576,1,Rahu,Saturn,3.5,CLEAR,972.1542837321877,0.9001514400549695,0,0,-150.0,327.7922061357856,0,47.00028657017973,-0.10388220641252364,0.11557791738410016,0.7724122302541339,0.0,1.0,0,0,1,0.0,2,0.008563074
2030-06-06,75.84805920698022,0.9572894547096417,0,134.04926935428642,12.548896155707316,0,12.314033686614987,56.90544750635553,1.7095484891654689,0,41.007387387798936,1.1803521199635187,0,72.74266980616031,0.696400933451422,0,22.713641180584084,229.89926902976936,-0.10369461763911439,1,60.68695063916801,0.12658253137530392,0,78.48325552822821,0.059175725925806826,0,12.951212731020405,0.020918916270216355,0,311.9299112461246,-0.010472784748932457,1,256.33988791042344,0.003212946056641245,0,Rahu,Mercury,2.0,CLEAR,973.1066885642072,0.9524048320195106,0,0,-120.0,327.7922061357856,0,47.735737908147605,-0.09332515587520296,0.11392427823777354,0.7660410267965642,0.0,1.0,0,0,1,0.0,2,0.008593282
2030-06-13,82.54146297589695,0.9552329348092474,0,230.35878487976117,14.955939410356777,0,-20.074633013546904,69.87449838111547,1.9894552837325923,0,49.2862244850241,1.185078948723448,0,77.59702986133406,0.6906339628858342,0,23.3167271446476,229.2239601735145,-0.0887564891069257,1,61.563973492461486,0.12390437662499516,0,78.89733447351125,0.059132112057218016,0,13.085963452977582,0.017597035594017308,0,311.8472346803622,-0.013065268328767782,1,256.35367766742064,0.007781718356391645,0,Rahu,Mercury,2.0,CLEAR,974.100199586298,0.9935110220908427,0,0,-280.0,327.7922061357856,0,48.478010039483905,-0.07988084019623314,0.11151393896249565,0.7596973591744177,0.0,1.0,0,0,1,0.0,2,0.008666353
2030-06-20,89.22385769626095,0.9542002923756868,0,332.58257818252133,13.405653654644103,0,-5.756718549812013,84.54088081915916,2.1740404179557893,0,57.59913539850328,1.1900182977493379,0,82.41243902335327,0.6852384894980366,0,23.744106306306538,228.6617669549416,-0.07157184474528888,1,62.41966134895674,0.1204073626755695,0,79.30954415457236,0.05852019014381241,0,13.197002132864181,0.01405786553287211,0,311.74734385795364,-0.01548045285204059,1,256.28846927252187,-0.019079682357633646,1,Rahu,Mercury,2.0,CLEAR,975.1244005932376,1.0242010069396201,0,0,-320.0,327.7922061357856,0,49.22265921609255,-0.06441466027076,0.10836662640801255,0.7537623384478402,0.30410630630653657,1.0,0,0,1,0.0,2,0.008163103
2030-06-27,95.90232073193958,0.9539857705958599,0,58.74754818619701,11.778142198754765,0,21.43453908339061,99.82199052653876,2.1559256002813174,0,65.94613741929014,1.1947732157423496,0,87.1912692812228,0.6801650516529049,0,23.995459480402243,228.2267678101411,-0.05240727126090927,1,63.24801406501739,0.11613420769765953,0,79.71571767270399,0.05745756556399056,0,13.282704543613754,0.010425061953789111,0,311.6314073700179,-0.01757504137434635,1,256.34166893451396,0.016366645133733246,0,Rahu,Mercury,2.0,CLEAR,976.1686206053721,1.044220012134474,0,0,-320.0,327.7922061357856,0,49.96530952140363,-0.04716654413481835,0.10452078692789359,0.7481815568181954,0.5554594804022415,1.0,0,0,1,0.0,2,0.008650559
2030-07-04,102.57932319389651,0.9536602594140714,0,143.79200805399122,12.770195518015438,0,9.015849366523593,114.34135657050962,1.9762751032135777,0,74.3246089295223,1.198974215734677,0,91.93437918536834,0.6749600473051024,0,24.072624079614652,227.93112574973236,-0.031915200571800195,1,64.04319480224669,0.11088089677113551,0,80.1124360671848,0.05576968880422949,0,13.342496576672936,0.006619739465645809,0,311.5018560361052,-0.019406717643630503,1,256.1184502786079,-0.06437221272409455,1,Rahu,Mercury,2.0,CLEAR,977.2211600621592,1.0525394567871444,0,0,-160.0,327.7922061357856,0,50.70069822557375,-0.028723680514620178,0.09979280709402195,0.7424560520356127,0.6326240796146507,1.0,0,0,1,0.0,2,0.0074419137
2030-07-11,109.25348512809897,0.9533251723879649,0,239.6591474214611,14.618432238317718,0,-21.512612648968684,127.38477782059265,1.748464847675379,0,82.73153306572303,1.203071606100457,0,96.64079776724677,0.669795530916854,0,23.979126665063394,227.78157740001328,-0.01074096962988393,1,64.79849423072044,0.10482499007207553,0,80.4953999300576,0.05360290453809221,0,13.375477026820864,0.002843599216529421,0,311.360737374886,-0.02081123331503521,1,256.0131475101246,0.018714510559603832,0,Rahu,Mercury,2.0,CLEAR,978.2693251103433,1.048165048184046,0,0,-160.0,327.7922061357856,0,51.423017203899576,-0.009666872666895537,0.09434249106486799,0.7367750840085394,0.5391266650633924,1.0,0,0,1,0.0,2,0.0073859943
2030-07-18,115.92787531694945,0.9538414265474736,0,340.817257053453,13.457374598557795,0,-2.7337244319944007,138.81517647500343,1.5170456717194527,0,91.16856204683165,1.2075682392792395,0,101.31221939006683,0.6649547455082069,0,23.72017249110454,227.7802027170321,0.010286384563374353,0,65.50866739699127,0.09792269343022651,0,80.86144395350183,0.0508737896048328,0,13.382015276644818,-0.0010035716225518059,1,311.21099423158626,-0.021945776562394295,1,255.6316797926161,-0.09153166761798498,1,Rahu,Mercury,2.0,CLEAR,979.3008994438312,1.0315743334879244,0,0,45.0,327.7922061357856,0,52.12665212034645,0.009257746107036918,0.08813042408720387,0.7314502200590276,0.28017249110454046,1.0,0,0,1,0.0,2,0.006857936
2030-07-25,122.60990373530922,0.9553919565684497,0,67.12470683358221,11.795456180607076,0,22.238358189446302,148.596564308918,1.2733277326181172,0,99.63824372674658,1.2123229544222205,0,105.9512787269139,0.6605149018329514,0,23.30189409284351,227.92552333145048,0.031199719254046795,0,66.16780809074092,0.09026604273890798,0,81.20687800260204,0.04774984678460578,0,13.361860917068341,-0.0047324662442103935,1,311.05471795628057,-0.022625037909045475,1,255.49407430533012,0.013321300398318053,0,Rahu,Mercury,2.0,CLEAR,980.3043200926429,1.003420648811698,0,0,345.0,327.7922061357856,0,52.80594717367258,0.028079747328642116,0.08123943846501719,0.7265663920162465,0.0,1.0,0,0,1,0.0,2,0.006975079
2030-08-01,129.3032614187186,0.9569298500185184,0,153.54438636652978,13.11016907008228,0,5.543706673465951,156.53460901611504,0.9830938085048117,0,108.14007202074099,1.2166737545314257,0,110.5590219253572,0.6559318986411444,0,22.73232331948832,228.21567963072636,0.05157105866673844,0,66.77001478334327,0.08162253721401275,0,81.52848570661759,0.0440315203499169,0,13.315714603569344,-0.008451239479553643,1,310.89495020076976,-0.022972193834755683,1,254.8945730121859,-0.1573056170391387,1,Rahu,Mercury,2.0,CLEAR,981.2670710116956,0.9627509190527235,0,0,460.0,327.7922061357856,0,53.454300179773924,0.04641395280006459,0.07346028349261148,0.721525088505259,0.0,1.0,0,0,1,0.0,2,0.0070359795
2030-08-08,136.00656840648028,0.9583291012552071,0,249.8539173670425,14.29593169896872,0,-22.330561459287154,162.12984058251382,0.5938577137532084,0,116.67115094173765,1.2207886541628732,0,115.1343519247923,0.6513459383907084,0,22.020614342276353,228.6457184071858,0.0711379220143614,0,67.30890038058645,0.07225301524395933,0,81.82250871358222,0.03993359100388156,0,13.244255344751217,-0.011899104462431753,1,310.7343934489792,-0.022801282846374317,1,254.47191182255295,0.006012196452575659,0,Rahu,Mercury,2.0,CLEAR,982.1762305292062,0.9091595175106022,0,1,120.0,327.7922061357856,0,54.064645035835234,0.06402412981292525,0.0650277137195634,0.7164805322297794,0.0,1.0,0,0,1,0.0,2,0.0060389126
2030-08-15,142.72113919473392,0.9603084632980202,0,348.9141162411685,13.3664543133356,0,0.24142506934540192,164.48171646398768,0.05002650968804733,0,125.23132102266797,1.2250280046681874,0,119.67828785137043,0.6469872207917484,0,21.176542421074767,229.20836200626007,0.08941066514530897,0,67.7795696649753,0.06209510681820463,0,82.08623853077574,0.03534091962311811,0,13.149240296622947,-0.015224688976941373,1,310.57621297687365,-0.022346263967051652,1,253.7275976121151,-0.17434965675060585,1,Rahu,Mercury,2.0,CLEAR,983.0200511078044,0.8438205785981836,0,1,120.0,327.7922061357856,0,54.63032936835235,0.08046959863077807,0.05588559613638417,0.7116859428709233,0.0,1.0,0,0,1,0.0,2,0.0061478037
2030-08-22,149.4537323046327,0.9633887389587569,0,75.1513119756942,11.814950505136613,0,22.441311733404326,162.55864592822698,-0.59661993956312,1,133.82233644866133,1.229523306955256,0,124.19330722802364,0.6430335512800949,0,20.20975956332277,229.89545594785548,0.10673766786717989,0,68.17691639644343,0.05131119744514488,0,82.31678648590578,0.030469064679176875,0,13.03208311792489,-0.018197040118234153,1,310.42283450596716,-0.021403928183256253,1,253.26156259191197,-0.0019031402140595533,1,Rahu,Mercury,2.0,CLEAR,983.7879039598772,0.7678528520727923,0,1,24.0,327.7922061357856,0,55.14483327851854,0.09606390108046191,0.046180077700630394,0.7073369064081044,0.0,1.0,0,0,1,0.0,2,0.047993276
2030-08-29,156.20867087170586,0.9665330606720763,0,162.8990668482854,13.506360471629629,0,2.0846181889011564,156.851661834365,-0.9226525568680736,1,142.4434146050286,1.2335205843070884,0,128.68021780543512,0.6388810204904535,0,19.131154766061897,230.69989079597408,0.12289142380988928,0,68.49592565303193,0.03970706223654815,0,82.51160516778951,0.0251169926561251,0,12.894918143832921,-0.020948238642705546,1,310.2771976379619,-0.020154085773623185,1,252.42323483353056,-0.2144522222090462,1,Rahu,Mercury,2.0,CLEAR,984.4688150596553,0.6809110997780863,0,1,-172.0,327.7922061357856,0,55.60100750919901,0.11060228142890036,0.035736356012893336,0.7027691225394989,0.0,1.0,0,0,1,0.0,2,0.01962521
2030-09-05,162.98446159464712,0.9693648562618145,0,260.6908977196279,14.107490695865241,0,-22.327687021434556,151.70728765592634,-0.404716050765468,1,151.09038701966665,1.2369663227837042,0,133.13743132866085,0.6346104819520624,0,17.952125047376395,231.61328306568447,0.13785344567039978,0,68.73192135035632,0.027668887836907335,0,82.66807910170695,0.01956415848735136,0,12.740126511612297,-0.02319033363037237,1,310.1419595996666,-0.01841031170602046,1,251.79313813317944,-0.0043264188324187046,1,Rahu,Mercury,2.0,CLEAR,985.0522390040804,0.5834239444251352,0,1,-72.0,327.7922061357856,0,55.99179483874402,0.1240681011033598,0.024901999053216602,0.6980715301472686,0.0,1.0,0,0,1,0.0,2,0.0141057
2030-09-12,169.78018559302146,0.9724263603418747,0,357.2777852541325,13.124243095802422,0,3.3331310540013876,152.3653750990333,0.6089754968334117,0,159.76010794611315,1.240113868375166,0,137.56483717975271,0.6304255749576755,0,16.683797739023532,232.62609549918912,0.1513095518951647,0,68.88210201887944,0.015193998968702677,0,82.7845864818931,0.013696402167572796,0,12.570792696594484,-0.025118376081547676,1,310.0197233088282,-0.016464324949214106,1,250.91117930279202,-0.20191460440323925,1,Rahu,Mercury,2.0,CLEAR,985.5297263461298,0.4774873420493577,0,1,28.0,327.7922061357856,0,56.311309322284956,0.13617859670564825,0.01367459907183241,0.6934681324534431,0.0,1.0,0,0,1,0.0,2,0.015462138
2030-09-19,176.60105283783645,0.976491765310525,0,83.01133446304492,11.813206337589099,0,22.13442874961112,159.7150928870925,1.4184333398804556,0,168.45245065765178,1.2433768298655863,0,141.96433703712452,0.6265705448852801,0,15.336337060523265,233.7293536113128,0.1637233293192996,0,68.94437430957697,0.0025555592960420626,0,82.85982178929899,0.007769765041304763,0,12.389876462793932,-0.026497810582475637,1,309.9125352859488,-0.01411415083739561,1,250.3225401509119,0.003605998375863898,0,Rahu,Mercury,2.0,CLEAR,985.8945730067003,0.36484666057049253,0,1,5.0,327.7922061357856,0,56.554497846783036,0.14735099638736962,0.0023000033664378563,0.6892275993738082,0.0,1.0,0,0,1,0.0,2,0.01611576
2030-09-26,183.45127069805906,0.9806620765605115,0,171.5778728623058,13.846198909679224,0,-1.2057543022580715,171.1051246696994,1.7645235861861257,0,177.16611893844336,1.246125747417339,0,146.33604473391463,0.6224127564898206,0,13.920732330536966,234.91534215589664,0.17492984664112218,0,68.91724370948087,-0.010315164934208636,1,82.89274468874983,0.0016148888782195644,0,12.200650101862536,-0.0274873011886574,1,309.82248689218966,-0.011575259961548609,1,249.63508228916137,-0.18577924019256425,1,Rahu,Mercury,2.0,CLEAR,986.1405155931204,0.2459425864201421,0,1,5.0,327.7922061357856,0,56.716593607618336,0.15743686197700996,-0.009283648440787773,0.6846540321388027,0.0,1.0,0,0,1,0.0,3,0.025979085
2030-10-03,190.3291855906594,0.9843295975696496,0,271.6414079281287,14.12165515713364,0,-21.46193001409018,183.7043533372297,1.8041877993464381,0,185.8966871547975,1.2481838645751986,0,150.67746590893685,0.6179398787855258,0,12.448300490565972,236.1758554334524,0.18498549670126835,0,68.80086807792166,-0.02286559792773111,1,82.88284184239697,-0.004432605330536379,1,12.006771697637458,-0.02781500977261433,1,309.75150157419785,-0.00867445064269173,1,249.11071097230246,0.011608135380340038,0,Rahu,Mercury,2.0,CLEAR,986.2626805363982,0.12216494327776672,0,1,-139.0,327.7922061357856,0,56.7940963802842,0.16648694703114153,-0.020579038134957997,0.6797338666640784,0.0,1.0,0,0,1,0.0,4,0.024162365
2030-10-10,197.23129835509505,0.9878081890400693,0,6.131667362951827,12.791517283213032,0,6.591450187541879,196.12642258856695,1.7378289020854485,0,194.63928064101808,1.24970576420788,0,154.9868258235819,0.6133536738886487,0,10.929749928127192,237.5016334540057,0.19362963204327518,0,68.59798167513212,-0.03497904861263954,1,82.83056304951587,-0.010458461406500074,1,11.812031502463629,-0.027722695811938713,1,309.70095363956307,-0.005729795264386137,1,248.48559779477358,-0.1496037820744451,1,Rahu,Mercury,2.0,CLEAR,986.2592188199058,-0.003461716492438427,0,1,171.0,327.7922061357856,0,56.78595017266849,0.17426666883894767,-0.03148114375137559,0.6746890412775136,0.0,1.0,0,0,1,0.0,4,0.02142632
2030-10-17,204.16051858884722,0.9920479157974663,0,90.99758620965703,11.799669367018987,0,21.408910917246747,208.00311646798957,1.656187926354738,0,203.39301008759983,1.2513459649341947,0,159.26495078552566,0.6089319337078773,0,9.374412195974553,238.88457501822194,0.201319636314884,0,68.31315147513347,-0.04627561357107689,1,82.73721118330195,-0.016187078823768623,1,11.620188815633206,-0.027013767094315924,1,309.6719339069705,-0.0025523596176957367,1,248.09854337289718,0.02568771745009799,0,Rahu,Mercury,2.0,CLEAR,986.1305545526629,-0.12866426724281155,0,1,-53.0,327.7922061357856,0,56.69296265950026,0.1811876726833956,-0.0416480522139692,0.6698251270786652,0.0,1.0,0,0,1,0.0,4,0.01785297
2030-10-24,211.12016548224332,0.9963831322673821,0,179.64378493365044,14.000626083185342,0,-4.280322861675746,219.33836037297107,1.5847353096218764,0,212.15742717828073,1.252699945402913,0,163.51069487525558,0.6040337692839579,0,7.792362588037961,240.31744813510807,0.20789606171326797,0,67.9520953946432,-0.05668703876709051,1,82.60426584050147,-0.0217404744387832,1,11.434762898760294,-0.025874000577763078,1,309.6651742761,0.0006367368639685553,0,247.84159586960496,-0.09554784689388851,1,Rahu,Mercury,2.0,CLEAR,985.8781831288028,-0.2523714238601542,0,1,0.0,327.7922061357856,0,56.5173324958829,0.18710645554194116,-0.05101833489038146,0.6644371462123537,0.0,1.0,0,0,1,0.0,3,0.018572595
2030-10-31,218.10844739694815,1.0000577966604869,0,282.0565918049557,14.342668084988512,0,-19.9304949954106,230.21880427933237,1.5255101643083342,0,220.92977549823277,1.2535333328213607,0,167.7200763188254,0.5985179479928974,0,6.194132669769134,241.79282611594888,0.21340664680214452,0,67.52328250367142,-0.06557197645232526,1,82.43427344736251,-0.026760008756809214,1,11.259666937348715,-0.02408466390960317,1,309.68143731661837,0.003990968561372541,0,247.60651497630192,0.02127673176566794,0,Rahu,Mercury,2.0,CLEAR,985.5056722614884,-0.37251086731441774,0,1,260.0,327.7922061357856,0,56.26361556632271,0.19206598212193007,-0.05901477880709274,0.6583697427921872,0.0,1.0,0,0,1,0.0,3,0.018257482
2030-11-07,225.11930612617147,1.0030883403417912,0,15.413678405399613,12.464713974189412,0,9.88450793708862,240.70478156136647,1.4699743669272225,0,229.705413801604,1.253808620872197,0,171.88892140927788,0.5925949629890949,0,4.589685275379617,243.30190447672717,0.21760689637074507,0,67.03783556759643,-0.07279385471185945,1,82.23057789541475,-0.031308472033844535,1,11.098283016509752,-0.021923645954120528,1,309.7205497238828,0.007201756973014081,0,247.42160413998056,-0.058791148863230794,1,Rahu,Mercury,2.0,CLEAR,985.020056343064,-0.48561591842440066,0,1,260.0,327.7922061357856,0,55.93955255108668,0.19584620673367056,-0.06551446924067351,0.6518544592880045,0.0,1.0,0,0,1,0.0,3,0.019679105
2030-11-14,232.15286357963214,1.0065437651301379,0,99.35464892389864,11.811674098263028,0,20.299702527823076,250.7613778004093,1.3976058706803054,0,238.4836616667886,1.2542738303834966,0,176.01623354872032,0.5865499589365579,0,2.987396282828631,244.8372984018573,0.2209014987646532,0,66.50880789065093,-0.07804858664147353,1,81.99767295778892,-0.035144022633713294,1,10.953975300874225,-0.019257153895228443,1,309.78239384669234,0.010437958255410438,0,247.31377095795332,0.02142005159275919,0,Rahu,Mercury,2.0,CLEAR,984.4305582221932,-0.5894981208707577,0,1,460.0,327.7922061357856,0,55.5548325897767,0.19881134888818788,-0.07024372797732618,0.6452049548302138,0.0,1.0,0,0,1,0.0,3,0.02416322
2030-11-21,239.21103121469187,1.0100498258155988,0,187.60564240748252,13.919461846252736,0,-7.220300810909079,260.116375812524,1.2564761473162351,0,247.26522176527925,1.2547458741212982,0,180.09876385509546,0.579732490307624,0,1.3964045524318494,246.39199154324942,0.22313450139144964,0,65.94969049216067,-0.08132385458579709,1,81.73990981109907,-0.0383664319168442,1,10.82932944051574,-0.016281155802169024,1,309.86621768472963,0.013504266069403208,0,247.34404499720617,-0.014730742714557253,1,Rahu,Mercury,2.0,CLEAR,982.8627821505613,-1.5677760716318971,0,1,344.0,327.7922061357856,0,55.12036105164493,0.20082105125230468,-0.07319146912721738,0.6377057393383864,0.0,1.0,0,0,1,0.0,3,0.026965683
2030-11-28,246.29204744471275,1.0128270708789828,0,291.42404178062424,14.681260653811847,0,-18.076831452779352,267.8994433411739,0.915724116365668,0,256.0496659353207,1.2549414668391088,0,184.13004166587092,0.5718282580515669,0,-0.1735503247424307,247.95893242942842,0.22432758212784884,0,65.3761421964916,-0.08216937441997567,1,81.46288253548965,-0.040665791747378714,1,10.727317064239534,-0.01284328758421596,1,309.97156602438326,0.016530425771270237,0,247.32090541497365,-0.0028879355035136725,1,Rahu,Mercury,2.0,CLEAR,977.8170525563391,-5.045729594222166,0,1,360.0,327.7922061357856,0,54.648825132252064,0.20189482391506397,-0.0739524369779781,0.6290110838567237,0.0,1.0,0,0,1,0.0,3,0.029268134
2030-12-05,253.387942537679,1.0145487769805375,0,24.804948510693464,12.230171793928502,0,12.941535435476204,271.83257390202107,0.10280765762351324,0,264.8327522719593,1.254512319754133,0,188.1022692852241,0.5630411888883909,0,-1.7131756356679575,249.52909563437848,0.22419920596571422,0,64.80464072929128,-0.08069591038817599,1,81.172439233679,-0.042128087485338625,1,10.649821656496618,-0.009226019181522844,1,310.0968057981711,0.019249522737218413,0,247.3311554126762,0.013206604179483378,0,Rahu,Mercury,2.0,CLEAR,972.7023570608415,-5.114695495497699,0,1,160.0,327.7922061357856,0,54.15481907279466,0.2017792853691428,-0.07262631934935838,0.6193453077772301,0.0,1.0,0,0,1,0.0,3,0.02972383
2030-12-12,260.4960361833056,1.016342518523412,0,108.1160963897277,11.889101459294006,0,18.783554215713988,268.14626845068494,-1.1378039994176123,1,273.6130722614884,1.2541513746237674,0,192.0112531619297,0.5536370797670896,0,-3.2149967159240846,251.09541133073088,0.22313518709058677,0,64.25172372657461,-0.07694632882966032,1,80.87536251716374,-0.04262334244093357,1,10.598762892396406,-0.0053571310448843005,1,310.24071167723855,0.021804658310572926,0,247.30375396979585,-0.034208465779696516,1,Rahu,Mercury,2.0,CLEAR,967.5819264715377,-5.120430589303737,0,1,152.0,327.7922061357856,0,53.6529608341782,0.2008216683815281,-0.0692516959466943,0.6090007877437986,0.0,1.0,0,0,1,0.0,3,0.032603286
2030-12-19,267.6168103650127,1.0181595600534363,0,196.1688489014604,13.702549831530481,0,-10.140996843116122,259.0909528555399,-1.0973974963786264,1,282.39097963646884,1.2538482137362374,0,195.85007662297156,0.542915630715583,0,-4.670867516767042,252.6504132984716,0.2209886308204843,0,63.73204587466493,-0.07117050453038849,1,80.57760328645138,-0.0422769960509216,1,10.57494449077221,-0.0014070093742440243,1,310.4012936354442,0.024052486279441194,0,247.17100366569952,0.019194017439681924,0,Rahu,Mercury,2.0,CLEAR,962.5158844544012,-5.06604201713651,0,1,-144.0,327.7922061357856,0,53.157101383892716,0.1988897677384359,-0.06405345407734965,0.5972071937871414,0.0,1.0,0,0,1,0.0,3,0.038371436
2030-12-26,274.7489589961588,1.0193128156442712,0,299.727957136866,14.940592607504916,0,-16.13196351082301,255.58700535516,0.09567448360418392,0,291.1666744517109,1.2533264962571569,0,199.60773775109666,0.5303090591381149,0,-6.072066196195459,254.1867482497585,0.21769615785652052,0,63.260426322445426,-0.06329063693712983,1,80.28604602031281,-0.04090401239629361,1,10.579649807066323,0.002718096758255435,0,310.57714290143673,0.02609292207325552,0,247.10667119897528,-0.06308523430810707,1,Rahu,Mercury,2.0,CLEAR,957.5651623831261,-4.950722071275095,0,0,-116.0,327.7922061357856,0,52.6807765153791,0.1959265420708685,-0.05696157324341685,0.5833399650519264,0.0,1.0,0,0,1,0.0,2,0.041163184
2031-01-02,281.88390062178,1.0191594645234567,0,33.88794121283405,12.1306182370778,0,15.491652444235156,259.26576809908374,0.8609709544782596,0,299.93534129440945,1.25194224666985,0,203.27033906114076,0.5159575763896505,0,-7.410328185014239,255.6949542874011,0.21306638100760186,0,62.84988629205253,-0.053715518755487274,1,80.00695392528765,-0.0386494622547882,1,10.612770551091911,0.006775516299451837,0,310.76557114116844,0.02772589653853262,0,246.88362512726857,0.03137139239718267,0,Rahu,Mercury,2.0,CLEAR,952.7926295775412,-4.772532805584888,0,0,-96.0,327.7922061357856,0,52.23711574096062,0.19175974290684167,-0.04834396687993855,0.5675533340286155,0.0,1.0,0,0,1,0.0,2,0.025702761
2031-01-09,289.01677091189754,1.0187844125139176,0,117.05352124835386,12.040965192573717,0,16.843765867917284,266.66170825191654,1.2062117937572803,0,308.69311422199604,1.2502218000450325,0,206.8275584246786,0.5000496479915864,0,-8.679553184048418,257.1671980319634,0.20736834260087766,0,62.51151949115458,-0.04279667586172894,1,79.74693602253873,-0.03553780752610037,1,10.674396859015719,0.010790439287604222,0,310.96461035288996,0.02906202092781592,0,246.66206469834364,-0.12609621052820585,1,Rahu,Mercury,2.0,CLEAR,948.2532942576801,-4.539335319861152,0,0,160.0,327.7922061357856,0,51.83712263213886,0.1866315083407899,-0.03851700827555604,0.5500546127907451,0.0,1.0,0,0,1,0.0,2,0.0284864
2031-01-16,296.14709380156324,1.018481326231288,0,205.73572614644883,13.538686404873893,0,-13.04057750382848,275.74201536739076,1.3706762636308962,0,317.4380786157904,1.248349985392489,0,210.2653785617718,0.4817221628788625,0,-9.873262363350106,258.59534371952947,0.2004979272410642,0,62.25293925287587,-0.030904409976111238,1,79.51100102887345,-0.03172522581254345,1,10.763433317182015,0.014655433483508147,0,311.17152360123146,0.030027405653740225,0,245.97729953847303,0.004197795713949035,0,Rahu,Mercury,2.0,CLEAR,943.9941459219767,-4.259148335703344,0,0,32.0,327.7922061357856,0,51.489505935693856,0.18044813451695776,-0.027813968978500116,0.5298943791667488,0.0,1.0,0,0,1,0.0,2,0.032224596
2031-01-23,303.2746877582454,1.017725441100735,0,307.6196203884014,14.921411889801467,0,-14.016282067289676,285.70264606356,1.4693253074861854,0,326.16948694994716,1.2461579601786372,0,213.56371501834403,0.45998128251795967,0,-10.984614260832537,259.9712358482498,0.19231939740833187,0,62.08101000450111,-0.01814753532666111,1,79.30464925083432,-0.027165534120137794,1,10.879458960271577,0.01841573112027336,0,311.38439850632943,0.03068171259525305,0,245.68520189533487,-0.14592009445350448,1,Rahu,Mercury,2.0,CLEAR,938.7268766066813,-5.26726931529538,0,0,160.0,327.7922061357856,0,51.20155104422953,0.1730874576674987,-0.016332781793995,0.5059794107697557,0.0,1.0,0,0,1,0.0,2,0.03676525
2031-01-30,310.39196660226537,1.0156604520515973,0,42.3814129224569,12.144390753265906,0,17.417414214665204,296.271354212899,1.5495389454919901,0,334.88154859982785,1.2428581484130494,0,216.69707990988644,0.43478021982092585,0,-12.00739468684283,261.28443396567917,0.18270459973950628,0,61.99989989500711,-0.004951473679521475,1,79.13203635485364,-0.02202832337740124,1,11.020612569767271,0.021906510631143516,0,311.6000478633422,0.03090683939497043,0,244.97730361170653,0.005587421179676762,0,Rahu,Mercury,2.0,CLEAR,932.1901136200279,-6.536762986653457,0,0,356.0,327.7922061357856,0,50.97928732523984,0.16443413976555565,-0.004456326311569328,0.47825824180301846,0.0,1.0,0,0,1,0.0,2,0.03206417
2031-02-06,317.49303285443887,1.0131853435066438,0,125.81349368380805,12.230613112603736,0,14.536210207382963,307.40340979791335,1.6324644725186337,0,343.56756644901577,1.2387340247993743,0,219.64254622530234,0.40609580032506265,0,-12.937899679050473,262.526225512488,0.17186468072823055,0,62.01177318116285,0.008304213588430684,0,78.9972173519152,-0.016457851729622882,1,11.185453269663546,0.025115329976000217,0,311.81625126235616,0.030782088069198056,0,244.49850759808788,-0.19961893872067868,1,Rahu,Mercury,2.0,CLEAR,926.2750111953223,-5.9151024247055375,0,0,256.0,327.7922061357856,0,50.826319911499304,0.1546782126554075,0.007473792229587615,0.44670538035756896,0.0,1.0,0,0,1,0.0,1,0.033079855
2031-02-13,324.57710597924375,1.010917091624032,0,216.11595614354852,13.573471038325716,0,-15.736854352000199,319.15231019034786,1.726384339888159,0,352.2228285741039,1.2341872197779904,0,222.3714276525581,0.3726846740156154,0,-13.772333365105556,263.68756697667715,0.15975579164862472,0,62.11573589751911,0.021398740085830845,0,78.90229784681287,-0.010582240516245645,1,11.371481652745597,0.028019215258276713,0,312.03012918511126,0.03030215002030542,0,243.34451364258882,-0.029568933532709063,1,Rahu,Mercury,2.0,CLEAR,921.0301369053585,-5.244874289963832,0,0,140.0,327.7922061357856,0,50.744254244773515,0.14378021248376224,0.01925886607724776,0.409953141417177,0.0,1.0,0,0,1,0.0,1,0.03777876
2031-02-20,331.6457709269099,1.008523727109004,0,316.01577161917004,14.596509395140039,0,-11.453126453012043,331.5910144688018,1.8272561255335629,0,0.8454208582619518,1.2292379452945401,0,224.8450546365779,0.3328516211070404,0,-14.5065787575931,264.759412853076,0.14617359763713555,0,62.31087692242454,0.03425629216464573,0,78.84973775960803,-0.0044451072464413805,1,11.577070114912138,0.03061520802252834,0,312.2397392950102,0.029476729735988246,0,242.90542245539962,-0.1876260880370649,1,Rahu,Mercury,2.0,CLEAR,916.5035748809568,-4.5265620244017555,0,0,160.0,327.7922061357856,0,50.7338068075124,0.131556237873422,0.030830662948181157,0.3661367832177445,0.0,1.0,0,0,1,0.0,1,0.034139585
2031-02-27,338.6937902235451,1.0050623364904998,0,50.33404400280312,12.193207324307707,0,18.80633454194098,344.6795407746602,1.9025647741961829,0,9.429343061008424,1.2231080898093718,0,227.01571956287552,0.28629418464202827,0,-15.136977017240971,265.7305639144987,0.13110888394394205,0,62.594274995146115,0.04664049807656566,0,78.84046562447959,0.0018373084371619355,0,11.799266124623914,0.03283595491763846,0,312.4419962502391,0.028287578279884526,0,241.91829907007207,-0.014462765924743822,1,Rahu,Mercury,2.0,CLEAR,912.7441643297377,-3.759410551219048,0,0,40.0,327.7922061357856,0,50.7950088705222,0.11799799554954785,0.041976448268909096,0.31492360310623113,0.0,1.0,0,0,1,0.0,0,0.11245831
2031-03-06,345.7155086086104,1.001112194505351,0,134.15677499081698,12.394321171067933,0,11.981665014833625,357.93562949616046,1.8491481417349147,0,17.96596269630731,1.2157301472101687,0,228.83704609927563,0.23281344984503421,0,-15.662031979427969,266.591907983914,0.11476299462539831,0,62.96201170529926,0.05827129864926327,0,78.87526682134576,0.008066104414063947,0,12.035719722559051,0.034630564277581044,0,312.63491143507946,0.02675585624818328,0,241.47260354253325,-0.18943023548172191,1,Rahu,Mercury,2.0,CLEAR,909.7876358901667,-2.9565284395710023,0,0,-120.0,327.7922061357856,0,50.92629198274021,0.10328669516285847,0.05244416878433694,0.2560947948295377,0.0,1.0,0,0,1,0.0,0,0.11084232
2031-03-13,352.71029881494957,0.9975363302047687,0,226.68927716809247,13.839059803050555,0,-17.97332801567361,9.822944934938262,1.4802764190144733,0,26.447829283217445,1.2076153290043636,0,230.25566783786564,0.17097362563368576,0,-16.07945362725628,267.3344539614222,0.09721537174637915,0,63.408290319805936,0.06914679989938852,0,78.95315983653026,0.014202999210769313,0,12.28324019397229,0.03606295593560302,0,312.81595726878834,0.02496154901033728,0,240.38208355622257,-0.027630315893584192,1,Rahu,Mercury,2.0,CLEAR,907.6594896024676,-2.12814628769911,0,0,160.0,327.7922061357856,0,51.125050125833646,0.08749383457174123,0.062232119909449664,0.18807098819705434,0.0,1.0,0,0,1,0.0,0,0.13251862
2031-03-20,359.68175828848086,0.9942181371167104,0,325.4137031265565,14.127532636658037,0,-8.282800738237563,17.732590430120254,0.7259931389642934,0,34.87144515467955,1.1989626184481825,0,231.20678575638888,0.09904194069904221,0,-16.385302165910367,267.9495947374694,0.07826264161398952,0,63.92826218317569,0.0792467257247279,0,79.07368296509921,0.020162103629176708,0,12.53961466871468,0.037076143509165035,0,312.9836272383709,0.022852252798599582,0,240.0779053391489,-0.14786991363471885,1,Rahu,Mercury,2.0,CLEAR,906.3856228001289,-1.2738668023387163,0,0,0.0,327.7922061357856,0,51.38864751446101,0.07043637745259057,0.07132205315225512,0.10894613476894643,0.0,1.0,0,0,1,0.0,0,0.009407291
2031-03-27,6.627717717514769,0.9902233741616834,0,58.09970344191528,12.193446024343004,0,19.836986116546196,19.606544922771267,-0.1832718599324172,1,43.23036258255268,1.1890270498298496,0,231.62195215230494,0.01841243195401313,0,-16.574510127774612,268.42747572424923,0.058138844554131736,0,64.51592523596989,0.08852168827559134,0,79.23509006785311,0.025929027465993553,0,12.80150333592535,0.03770221336010643,0,313.1354351533034,0.02050618426985112,0,239.29259748010395,-0.0024741084530147794,1,Rahu,Mercury,2.0,CLEAR,905.9914375397486,-0.3941852603802545,0,0,0.0,327.7922061357856,0,51.71442190004454,0.052324960098718565,0.07966951944803222,0.020253675149414445,0.0,1.0,0,0,1,0.0,0,0.0069589363
2031-04-03,13.543712133291423,0.9857471964771202,0,142.12988464313,12.478479222304523,0,9.294768954103674,15.91335686958059,-0.7712678138033032,1,51.51337413608079,1.177229598609965,0,231.4509100196564,-0.06801927472140455,1,-16.64298816028344,268.7615045613152,0.037168257467958606,0,65.16504307977654,0.09675200426066058,0,79.43565352917801,0.0312871309395018,0,13.06618040797079,0.037803518238911704,0,313.27002612993823,0.017893766074839234,0,239.16599766852028,-0.10438106337434923,1,Rahu,Mercury,2.0,CLEAR,906.4866297711279,0.495192231379292,0,0,-96.0,327.7922061357856,0,52.09886267180575,0.033451431721162744,0.08707680383459453,-0.07482120219354502,0.0,1.0,0,0,1,0.0,0,0.0074805133
2031-04-10,20.429387684153824,0.9817677649757708,0,236.80262805138096,14.263567150748617,0,-19.591960673119495,10.540545860294724,-0.6476190443750257,1,59.70798656175154,1.163908201089437,0,230.66393412254752,-0.15688348140179306,1,-16.58588981491651,268.9466901958498,0.015692531311596807,0,65.86837734605828,0.10408865721424014,0,79.67232517170726,0.03630426735096408,0,13.330494042264089,0.03764813308546694,0,313.38569698562804,0.015164161057042672,0,238.546110829678,-0.002895256943578185,1,Rahu,Mercury,2.0,CLEAR,907.8679006242904,1.3812708531625049,0,0,-200.0,327.7922061357856,0,52.53788330379419,0.014123278180437127,0.09367979149281613,-0.1725718295419724,0.0,1.0,0,0,1,0.0,0,0.007771497
2031-04-17,27.29002153138332,0.9784109223483691,0,335.64242125143534,13.707584896862027,0,-4.631272367821894,7.881870022653627,-0.0840001354876577,1,67.80520953516154,1.1493145588088451,0,229.26091964125507,-0.24266819658858912,1,-16.399632873116886,268.97978382420627,-0.00632539679551795,1,66.62007545755444,0.11050712532886972,0,79.94276818282586,0.040866993894274485,0,13.592096866248612,0.03699588776563375,0,313.4816987561729,0.012203595639990933,0,238.5066249811327,-0.06679507316849419,1,Rahu,Mercury,2.0,CLEAR,910.1286908372415,2.260790212951065,0,0,-200.0,327.7922061357856,0,53.027978591305825,-0.005692857115966155,0.09945641279598275,-0.26693501624744803,0.0,1.0,0,0,1,0.0,1,0.007925241
2031-04-24,34.12658146088645,0.9748042763668652,0,66.08805304225994,12.11433452513804,0,20.6039127648864,9.329370810112442,0.47792008519257234,0,75.79358770833792,1.1326019561249714,0,227.30175692141427,-0.31345229208155057,1,-16.088860432457377,268.8585429279487,-0.028220248977417595,1,67.41362801508332,0.11607259186478942,0,80.24374558365852,0.04506030695935556,0,13.847790590382179,0.036006982766890204,0,313.5565377038165,0.009177757762555328,0,238.16226733924964,0.011442558364982012,0,Rahu,Mercury,2.0,CLEAR,913.254991245373,3.1263004081315557,0,0,-360.0,327.7922061357856,0,53.565837424701144,-0.025398224079675836,0.10446533267831049,-0.34479752128970564,0.0,1.0,0,0,1,0.0,1,0.008330975
2031-05-01,40.93619914404264,0.9707745026163124,0,150.04238685778674,12.47530704897816,0,6.521274230772703,14.251221622911963,0.9066866916498698,0,83.65340372059192,1.1124160599009691,0,224.93571285902345,-0.3573187435977623,1,-15.676234862136885,268.5863548302771,-0.04937784633674913,1,68.24250228781194,0.12056683567175087,0,80.57213210752683,0.04865681083618744,0,14.095027501729728,0.0345518505609691,0,313.60978866475074,0.006011836697668887,0,238.24931902935765,-0.025258012752386934,1,Rahu,Mercury,2.0,CLEAR,917.2085363551213,3.9535451097482337,0,0,-320.0,327.7922061357856,0,54.14747478608221,-0.04444006170307422,0.10851015210457579,-0.39305061795753854,0.0,1.0,0,0,1,0.0,1,0.008376218
2031-05-08,47.718685403556194,0.9672711556828,0,246.101271035936,14.707123990860994,0,-20.594615714765457,21.77881303072415,1.2310799455063866,0,91.35844745569366,1.0884072347874811,0,222.37885165515172,-0.36735036513519775,1,-15.203622835086579,268.1706701899629,-0.06910021855545129,1,69.09964176357813,0.1242207892258761,0,80.92394748928406,0.051810436495858286,0,14.330949436124014,0.032832861017090646,0,313.64090588432015,0.00291020860020219,0,238.10018861439684,0.0038478699461703294,0,Rahu,Mercury,2.0,CLEAR,921.9305809558007,4.722044600679396,0,0,-160.0,327.7922061357856,0,54.76869232745412,-0.06219019669990616,0.11179871030328849,-0.40408540164871753,0.0,1.0,0,0,1,0.0,1,0.009683519
2031-05-15,54.480204384172744,0.9646733084441012,0,346.15066218452205,13.44427629402932,0,-0.8224509254399816,31.36066801212398,1.501135566397759,0,98.88200041909656,1.0604650241022064,0,219.87428033711856,-0.34236975148640125,1,-14.728726397676768,267.62250680522027,-0.08719805633399991,1,69.97934327677618,0.1269661567289191,0,81.29596322728997,0.054378804506754946,0,14.553538647372237,0.030686944936070625,0,313.65013230117984,-0.0002954929748286176,1,238.133891037847,-0.006417771983937248,1,Rahu,Mercury,2.0,CLEAR,927.3522476394717,5.421666683670992,0,0,256.0,327.7922061357856,0,55.42580462940394,-0.07847825070059992,0.11426954105602719,-0.3766067266350414,0.0,1.0,0,0,1,0.0,2,0.009845654
2031-05-22,61.224494199338686,0.9622119634347925,0,74.51056832616659,11.989881362397739,0,21.048505145024993,42.757068186457296,1.7541734399899076,0,106.19260166711197,1.0271300855008951,0,217.66475365864224,-0.28390795373767724,1,-14.318540318507287,266.95624681175474,-0.1026448914369511,1,70.87547842252366,0.1289208545700439,0,81.68440344760425,0.05651557164714749,0,14.760150800784883,0.028295395426930717,0,313.6372298037552,-0.0033735628506882417,1,238.12249565391443,-0.0037592102923271,1,Rahu,Mercury,2.0,CLEAR,933.389123780935,6.036876141463381,0,0,220.0,327.7922061357856,0,56.11532762173877,-0.09238040229325599,0.11602876911303951,-0.312298749111445,0.0,1.0,0,0,1,0.0,2,0.010567547
2031-05-29,67.95024590639933,0.9594043204882403,0,158.27221742790928,12.428414137133915,0,3.6378267675691034,55.905349107631984,1.9990334673524914,0,113.24214628055051,0.9854043475614296,0,215.95551431162542,-0.2015371464036661,1,-14.036591647604604,266.19318984248355,-0.11476424650864815,1,71.78174311348657,0.12984625627650334,0,82.08553514844544,0.05798427536170875,0,14.948671625484481,0.025508899552537264,0,313.60287173655655,-0.006432633971500658,1,238.05459863218906,-0.006875742844475103,1,Rahu,Mercury,2.0,CLEAR,939.9271239777077,6.5380001967726,0,0,160.0,327.7922061357856,0,56.83307148800209,-0.10328782185778333,0.11686163064885301,-0.22169086104403274,0.0,1.0,0,0,1,0.0,2,0.014584812
2031-06-05,74.65726203983932,0.9570594438781371,0,254.671245753158,15.013101660993232,0,-21.05812882676662,70.5946180977147,2.1769588648088694,0,119.9629565142442,0.9328366457033727,0,214.86903047274535,-0.10805943062936756,1,-13.925898113461528,265.35886194597947,-0.12293795961344765,1,72.6914951747055,0.13000156012226552,0,82.49518232897492,0.05899504737722384,0,15.117007144494112,0.022575501229794268,0,313.54785027468927,-0.009234562498292968,1,238.11693640128385,-0.0170238938586063,1,Rahu,Mercury,2.0,CLEAR,946.8325713320141,6.905447354306489,0,0,300.0,327.7922061357856,0,57.574488030211384,-0.11064416365210289,0.11700140411003897,-0.11886537369230432,0.0,1.0,0,0,1,0.0,2,0.016198106
2031-06-12,81.35163219316611,0.9557750583953091,0,356.3722456224281,13.356386410238981,0,2.8018785850886263,85.94539854365765,2.1724893344344913,0,126.27150516762157,0.8672288608030908,0,214.44458704455315,-0.013373457489997482,1,-14.004922877436902,264.48071030903776,-0.12728195483425778,1,73.5994244986428,0.12926929931060707,0,82.90985132890131,0.05941976287010806,0,15.26372828785316,0.01930038722147651,0,313.47348351491274,-0.01199106493884072,1,237.9296173942588,0.002251832754729414,0,Rahu,Mercury,2.0,CLEAR,953.9684460469143,7.135874714900183,0,0,300.0,327.7922061357856,0,58.33569621078964,-0.11455375935083201,0.11634236937954637,-0.014710803238997231,0.0,1.0,0,0,1,0.0,2,0.014009593
2031-06-19,88.03924943459575,0.9549455326367363,0,83.30551467385696,11.878323235804572,0,21.031354520536542,100.57589842770521,1.9868322485378112,0,132.06401252760912,0.7842508955688563,0,214.67596902459545,0.07867595511181207,0,-14.274893019457677,263.58758386328225,-0.12713676079253788,1,74.49965659446731,0.1277826357365825,0,83.32552783848621,0.05932294344563386,0,15.387088785158927,0.015907344223630274,0,313.38086116601664,-0.014435675896750757,1,237.97538349848736,-0.05048628399170661,1,Rahu,Mercury,2.0,CLEAR,961.1893667577174,7.220920710803057,0,0,264.0,327.7922061357856,0,59.11256780930839,-0.11442308471328409,0.11500437216292425,0.08654355062299328,0.0,1.0,0,0,1,0.0,2,0.012731305
2031-06-26,94.72010661383578,0.9538402841953263,0,167.06323260931615,12.406208007482475,0,0.6052420297525014,113.60786450040159,1.7325385668528257,0,137.1917130029894,0.6758512423429727,0,215.52979544204945,0.1638421602429431,0,-14.724726090755036,262.7111453597764,-0.12253912570454215,1,75.38593177129003,0.12528274920915444,0,83.7385564166317,0.05858537454115475,0,15.485733101932727,0.012249124488419862,0,313.2717300346738,-0.01669910243383087,1,237.4144311710031,-0.046267223086072305,1,Rahu,Mercury,2.0,CLEAR,966.283225586943,5.09385882922561,0,0,264.0,327.7922061357856,0,59.90019866935731,-0.11028521313408793,0.112754474288239,0.18022637626723742,0.0,1.0,0,0,1,0.0,2,0.0124031855
2031-07-03,101.39381392011045,0.9530626267744943,0,262.9708441163046,15.079243273480529,0,-21.019866829552218,124.80748942021417,1.465826984234757,0,141.4462189051423,0.5333098581010235,0,216.94741413440215,0.2394531150144354,0,-15.332282622171832,261.88209627516676,-0.1136845918903339,1,76.25197888493908,0.12204326015119693,0,84.14479975432799,0.05741358607821902,0,15.558698803431232,0.008602194849367225,0,313.1481599929754,-0.018537968426813406,1,237.39835791780914,-0.05687017171000523,1,Rahu,Mercury,2.0,CLEAR,970.7330447422498,4.449819155306841,0,0,720.0,327.7922061357856,0,60.693280081507844,-0.10231613270130052,0.10983893413607725,0.26339842651587897,0.0,1.0,0,0,1,0.0,2,0.010718232
2031-07-10,108.0655054111737,0.9533504837170118,0,5.926110080977678,13.399623043210935,0,6.014613757049883,134.08248295454004,1.1782470624965051,0,144.56137150612292,0.3494898160109042,0,218.85856543718953,0.30521805241473804,0,-16.06965736790737,261.1270647786894,-0.10148032981769133,1,77.09226833972225,0.11791568176666256,0,84.54069265137073,0.055625418460412766,0,15.605486349879794,0.004762580378738714,0,313.0123823469669,-0.02019516601038563,1,236.79586366982633,-0.02850127915390839,1,Rahu,Mercury,2.0,CLEAR,974.9870277308735,4.2539829886236475,0,0,720.0,327.7922061357856,0,61.486781989842456,-0.0913322968359222,0.10612411358999631,0.3357398576562119,0.0,1.0,0,0,1,0.0,2,0.010563604
2031-07-17,114.74243565157141,0.9543374617310761,0,92.2295969153063,11.818390473420587,0,20.452105979205246,141.16927944999134,0.8329045416634376,0,146.23194985003786,0.12002507161689766,0,221.20399221325772,0.3637380940746645,0,-16.909225832826298,260.46926477487494,-0.08597040158622109,1,77.90111212586575,0.11301399124085056,0,84.92269466158231,0.0534130751094489,0,15.625618299288869,0.0009730566042549389,0,312.86660240627026,-0.02140585483777231,1,236.67482094969685,-0.10649867616101462,1,Rahu,Mercury,2.0,CLEAR,978.9758792126056,3.9888514817321266,0,0,440.0,327.7922061357856,0,62.275493826576884,-0.07737336142759899,0.1017125921167655,0.400111903482131,0.0,1.0,0,0,1,0.0,2,0.010445717
2031-07-24,121.4256037837175,0.9551019058777521,0,176.4222919257867,12.473323266456992,0,-2.5664293011889536,145.49365674893076,0.3813791071344045,0,146.14636225652904,-0.1491331777270737,1,223.93450370644047,0.415246205628422,0,-17.824215923378848,259.9294645291833,-0.06787428296034818,1,78.6719985888342,0.10708931172839792,0,85.28690856974349,0.05056116939654703,0,15.618863578096637,-0.002889885362013516,1,312.71333202350763,-0.02231370187099112,1,235.54321317190175,-0.1040415387451442,1,Rahu,Mercury,2.0,CLEAR,982.6322212117736,3.656341999168035,0,0,440.0,327.7922061357856,0,63.05313501073756,-0.061086854664313364,0.09638038055555813,0.45677082619126425,0.0,1.0,0,0,1,0.0,3,0.009903421
2031-07-31,128.11422854643916,0.9560042472111312,0,271.59732758829193,14.910644211571443,0,-20.434833559206403,146.21696448274474,-0.1893894670306983,1,144.14201056733364,-0.4173295575254916,1,227.00138691468405,0.45983544551131406,0,-18.78656653682147,259.52362774201777,-0.047856814806230163,1,79.39872782183066,0.10041848678536461,0,85.6297500519164,0.04731936493106964,0,15.585762397982517,-0.0065424422844470925,1,312.55553306285594,-0.022701589347677093,1,235.32906545919994,-0.08936675539651122,1,Rahu,Mercury,2.0,CLEAR,985.8986341377467,3.2664129259731,0,0,600.0,327.7922061357856,0,63.81296542384814,-0.04307113332560715,0.09037663810682815,0.5058189900624455,0.0,1.0,0,0,1,0.0,3,0.010166274
2031-08-07,134.811798048479,0.9578318960607012,0,14.700194421955016,13.486466484537551,0,8.761645172485236,142.9345031360477,-0.7078261001610542,1,140.51194934051344,-0.5961208768470816,1,230.35717914707735,0.4981835399035305,0,-19.768075446492766,259.26117042719983,-0.02697871842743959,1,80.07559482460266,0.09285939039421981,0,85.94788089027594,0.04352420222341665,0,15.527086999708123,-0.010177606893958517,1,312.39587837052864,-0.02282972818791675,1,234.36538709200045,-0.06339466214214329,1,Rahu,Mercury,2.0,CLEAR,987.1040050394946,1.2053709017478695,0,0,444.0,327.7922061357856,0,64.54850782489454,-0.02428084658469563,0.08357345135479784,0.5480018938938835,0.0,1.0,0,0,1,0.0,3,0.010645351
2031-08-14,141.52597429387188,0.9605132884947122,0,100.99437360504115,11.815213385975241,0,19.322631943621765,137.4846059225629,-0.7308454736024473,1,136.20998934989188,-0.6008792645270287,1,233.9673791039503,0.5326947734894691,0,-20.742355824692606,259.14788729499696,-0.005320644753595434,1,80.69699134901595,0.08450819023620275,0,86.23831212173106,0.03935691451114274,0,15.44395455680931,-0.013560594983719167,1,312.2371553567047,-0.02246891509216584,1,234.09687991013877,-0.13026581770519646,1,Rahu,Mercury,2.0,CLEAR,988.0023135300526,0.8983084905579517,0,2,344.0,327.7922061357856,0,65.25303679220664,-0.004788580278235891,0.07605737121258248,0.5859642508384161,0.0,1.0,0,0,1,0.0,3,0.009887028
2031-08-21,148.2584605259516,0.9630065296046343,0,186.11322724485467,12.668012228760697,0,-5.778690393532708,134.32371432277276,-0.08544417987570924,1,132.51109339412042,-0.4323042771703499,1,237.80642468672931,0.5635741179359925,0,-21.684521234499087,259.1870164495164,0.0165027273361388,0,81.25633684235248,0.07517040829657995,0,86.49755335163655,0.03465019225455768,0,15.33755517307404,-0.01677989477986306,1,312.08204294812776,-0.021766723286155525,1,232.72890986098,-0.12814038061239033,1,Rahu,Mercury,2.0,CLEAR,988.8310208070176,0.8287072769650194,0,2,184.0,327.7922061357856,0,65.91878166927845,0.01485245460252492,0.06765336746692195,0.6199315297295919,0.0,1.0,0,0,1,0.0,2,0.00689108
2031-08-28,155.0078513135069,0.9653921552142161,0,281.01176541348434,14.611974188042891,0,-19.210812581381923,136.87002966599732,0.8126355282364492,0,130.37791552128323,-0.16924292450429448,1,241.84874421455982,0.5906895596356918,0,-22.56940254138439,259.3783988065023,0.0380507655255212,0,81.74788465936616,0.06514426016246622,0,86.72286320708452,0.029657331676349853,0,15.210147646539763,-0.019574206500884202,1,311.93371779967003,-0.020559299449737008,1,232.4541646946066,-0.08760082170750698,1,Rahu,Mercury,2.0,CLEAR,989.5782908148288,0.7472700078112666,0,2,184.0,327.7922061357856,0,66.5377370128264,0.034245688972969084,0.0586298341462196,0.649758515599261,0.0,1.0,0,0,1,0.0,2,0.006795397
2031-09-04,161.77542851050018,0.9684375233497482,0,22.870417450778362,13.511566145219822,0,11.14209618109126,145.25917946048435,1.528359895726767,0,130.16611302784943,0.10557088066023645,0,246.0673029376298,0.6142015124173136,0,-23.37225249743771,259.7173196538666,0.0586748745510286,0,82.16642028507407,0.05435512642180166,0,86.91165133484348,0.024264623920270817,0,15.063918776672415,-0.02211554499236079,1,311.79459106655884,-0.019103907165068518,1,231.47448868618278,-0.06764246514598253,1,Rahu,Mercury,2.0,CLEAR,990.2341205365694,0.655829721740588,0,2,280.0,327.7922061357856,0,67.10250150840166,0.052807387095925744,0.04891961377962149,0.675621663659045,0.0,1.0,0,0,1,0.0,2,0.005648544
2031-09-11,168.5681806583604,0.9723680197379958,0,109.3906874968206,11.843917026334587,0,17.764604103746585,157.3329484739941,1.8556393441137804,0,131.76837118948237,0.34417224203896135,0,250.44336191356516,0.6357914555020111,0,-24.06963829300116,260.198261073174,0.07857582700718939,0,82.50735790755029,0.042909014365559744,0,87.06206473398896,0.01863571086473378,0,14.901618818862303,-0.024211621308019064,1,311.667296622256,-0.0172314034938425,1,231.2975211947356,-0.09353610434518801,1,Rahu,Mercury,2.0,CLEAR,990.7895362234657,0.5554156868962536,0,2,638.0,327.7922061357856,0,67.60573908868798,0.07071824430647045,0.03861811292900377,0.6993706010522123,0.6296382930011575,1.0,0,0,1,0.0,2,0.005571943
2031-09-18,175.38812941139594,0.9761288234363749,0,195.72426661283052,12.983907639120076,0,-8.856252245947733,170.52910030999263,1.8818225935110784,0,134.86833527685783,0.5335466268411723,0,254.96401681137652,0.6555079790265189,0,-24.639974485203112,260.81500698712216,0.09747500108937127,0,82.76539764902277,0.030739490236212395,0,87.17173797647277,0.012681511864460222,0,14.725809611547941,-0.025919699100927552,1,311.55395392235266,-0.015078737943355411,1,230.23741438698315,-0.09775275556182686,1,Rahu,Mercury,2.0,CLEAR,991.2355681082402,0.4460318847744702,0,2,638.0,327.7922061357856,0,68.03958803747483,0.08772750098043414,0.027665541212591155,0.7210587769291709,1.1999744852031107,1.0,0,0,1,0.0,2,0.015058421
2031-09-25,182.23304448948312,0.9794833986697874,0,291.33912770502616,14.33110657316349,0,-17.288795568529398,183.42068824780603,1.7934771493897173,0,139.13765921235347,0.6800083850777847,0,259.61532580695126,0.672970467205365,0,-25.063066171690576,261.5602737733913,0.11519623734509934,0,82.9369957205926,0.018216186465961612,0,87.2395530335427,0.006656597799392128,0,14.540234420572654,-0.027039740142636173,1,311.4571906316675,-0.012550463382029716,1,230.12915639150512,-0.048520441180238114,1,Rahu,Mercury,2.0,CLEAR,991.5647248037503,0.32915669551016435,0,2,990.0,327.7922061357856,0,68.39676130001995,0.10367661361058941,0.016394567819365453,0.7402675139259016,1.6230661716905743,1.0,0,0,1,0.0,2,0.015454996
2031-10-02,189.10154502258519,0.9831372165164237,0,30.848478216790014,13.391724519040118,0,13.31858622934585,195.60266619792355,1.6879173924165973,0,144.31397217774384,0.7943675233506755,0,264.37969677297446,0.688015187021066,0,-25.321055810125813,262.4241507533014,0.1314451294295556,0,83.01967336096111,0.005413511994809567,0,87.26457598796881,0.0005278543409539133,0,14.348141766933626,-0.027724546636748105,1,311.3784585496525,-0.009874189590136135,1,229.4977470102042,-0.03916753537578678,1,Rahu,Mercury,2.0,CLEAR,991.7722348766326,0.2075100728823145,0,2,1182.0,327.7922061357856,0,68.67153159402748,0.11830061648660005,0.004872160795328611,0.7568167057231727,1.8810558101258117,1.0,0,0,1,0.0,2,0.017861323
2031-10-09,195.99892037849824,0.9875636216205884,0,117.39950761774243,11.86831689029853,0,15.942495012784303,207.0792159392273,1.593434569231753,0,150.20054312483177,0.883720337654199,0,269.24487998490736,0.7018428293307031,0,-25.398547959004684,263.3978852944721,0.14654661776294958,0,83.01251087175916,-0.007501738010441992,1,87.24703322260653,-0.005563852990244166,1,14.153379227233268,-0.027861458942269084,1,311.3195523356143,-0.0069509467652713545,1,229.54274784392194,-0.024052289858095117,1,Rahu,Mercury,2.0,CLEAR,991.0842129285586,-0.6880219480740379,0,2,1022.0,327.7922061357856,0,68.85913164452589,0.13189195598665462,-0.006751564209397793,0.7720271122637734,1.958547959004683,1.0,0,0,1,0.0,4,0.019363426
2031-10-16,202.9270472231095,0.9918322838136812,0,204.80649245902245,13.354006597754303,0,-11.608547768266908,217.9391943519927,1.5108230924448227,0,156.6395372683972,0.9531085171699216,0,274.20288659635395,0.7145435118630638,0,-25.283502504642154,264.47291882150637,0.16041983059662002,0,82.91466188323524,-0.020391106660650003,1,87.18674564799203,-0.011611185329582318,1,13.95923561734509,-0.02748902354674474,1,311.28144409838967,-0.0038868749400111265,1,229.08273927880248,-0.04229972275251747,1,Rahu,Mercury,2.0,CLEAR,988.6940892226626,-2.3901237058960305,0,2,806.0,327.7922061357856,0,68.95542626589015,0.144377847536958,-0.018351995994585004,0.7859978630493701,1.843502504642153,1.0,0,0,1,0.0,4,0.02261113
2031-10-23,209.88286518028548,0.9953802846667276,0,302.2993367130134,14.198522606338608,0,-14.734473960035427,228.2339849263175,1.4291867143117782,0,163.50962985915734,1.0077146272794157,0,279.24488349185447,0.7256483857859833,0,-24.967635340887792,265.64076190055704,0.17296546860851486,0,82.72831187076122,-0.03277566616830993,1,87.0852459725285,-0.017370653130902233,1,13.770072385648094,-0.026503031680612684,1,311.2656354967092,-0.0006567071601570383,1,229.1328052393515,-0.0037482859098841403,1,Rahu,Mercury,2.0,CLEAR,985.8143208920471,-2.879768330615434,0,2,701.0,327.7922061357856,0,68.95823948511313,0.1556689217476634,-0.02949809955147894,0.7982132243645818,1.527635340887791,1.0,0,0,1,0.0,4,0.024246776
2031-10-30,216.8620927283736,0.9988091690471779,0,39.11597905114936,13.115925639539476,0,15.386592644262224,237.89579914177605,1.3243764229687014,0,170.7246308692195,1.052365055033651,0,284.35734532613395,0.7348440318652874,0,-24.447245870390034,266.89100262344215,0.18407227352622027,0,82.45754681470659,-0.044401720492301844,1,86.94431078660061,-0.02279103695543497,1,13.5892545909889,-0.025040412412019777,1,311.27218800283026,0.0025690250947178637,0,228.95313025887222,-0.007185118169621971,1,Rahu,Mercury,2.0,CLEAR,982.4773339500696,-3.336986941977557,0,2,705.0,327.7922061357856,0,68.86829222371769,0.16566504617359826,-0.03996154844307166,0.8083284350518162,1.007245870390033,1.0,0,0,1,0.0,3,0.022768687
2031-11-06,223.86757454474474,1.0027736257164792,0,125.2324255077533,11.868490715437384,0,13.968784816707245,246.59900733008698,1.1416534175921802,0,178.22450851744728,1.0891669984612145,0,289.53040446409506,0.7430166846778963,0,-23.721995697513606,268.2151156304691,0.19403455281187287,0,82.10890064969826,-0.05505826226640109,1,86.76714507750181,-0.02777879991829553,1,13.420617763014269,-0.02309019785814573,1,311.3016540872185,0.005821663778338772,0,229.0167109617655,0.00715606958720668,0,Rahu,Mercury,2.0,CLEAR,975.8226109130906,-6.654723036979021,0,2,540.0,327.7922061357856,0,68.688282886684,0.1746310975306856,-0.049552436039760984,0.817318353145686,0.2819956975136044,1.0,0,0,1,0.0,3,0.023798628
2031-11-13,230.90060877174255,1.006595807040388,0,213.11885022680073,13.64860780520437,0,-13.913723868386732,253.40261326160467,0.7498695551969685,0,185.95636418310735,1.1188430898888677,0,294.75773837917393,0.7503848099087699,0,-22.79511747421813,269.6048314486971,0.20285894937135304,0,81.6896687821244,-0.06444407302144664,1,86.55659209317311,-0.032249250123125066,1,13.267057953020133,-0.020676462468846614,1,311.3536160456379,0.009045782384464345,0,229.01231582291877,0.0011313883791647602,0,Rahu,Mercury,2.0,CLEAR,968.4791480508769,-7.3434628622136415,0,2,360.0,327.7922061357856,0,68.42261082910427,0.18257305443421773,-0.05799966571930198,0.8254232908996469,0.0,1.0,0,0,1,0.0,3,0.026204081
2031-11-20,237.95760323376098,1.0094427467050917,0,313.27926267315917,14.286602946205106,0,-11.786735346827744,256.023635493201,-0.09783426606932308,1,193.87429142343169,1.1425348893829719,0,300.0330018646419,0.7565025451884678,0,-21.673757994577034,271.0522501410309,0.2104134007176736,0,81.21083237466726,-0.07208743173504835,1,86.3173755782432,-0.03601449737248608,1,13.132309457869962,-0.01780101964791494,1,311.4282334740251,0.012204832481028898,0,228.9620154035386,-0.00835215314449885,1,Rahu,Mercury,2.0,CLEAR,960.6256995501334,-7.853448500743525,0,2,456.0,327.7922061357856,0,68.0785229167973,0.18937206064590623,-0.06487868856154351,0.8321527997073147,0.0,1.0,0,0,1,0.0,3,0.032858435
2031-11-27,245.03158619565295,1.0117448900467398,0,47.96574262635848,12.759945347128646,0,17.274254550815677,251.1563640778486,-1.236210704263523,1,201.94304820667801,1.162342516492781,0,305.3448945386316,0.7609921169620661,0,-20.369475320255283,272.54762896117285,0.21668050340734665,0,80.68517687705705,-0.07772590069367377,1,86.05428673311704,-0.03898464312266679,1,13.018687858724407,-0.014575855980040995,1,311.5241415149839,0.01520420985770564,0,229.02980364038635,0.0012511664962686468,0,Rahu,Mercury,2.0,CLEAR,952.3487018119231,-8.276997738210298,0,2,72.0,327.7922061357856,0,67.66648901833264,0.195012453066612,-0.0699533106243064,0.8370913286582728,0.0,1.0,0,0,1,0.0,3,0.023119818
2031-12-04,252.12268761299848,1.0142903076386935,0,133.23402742238721,11.854887758005493,0,11.84080344757509,242.29103982612054,-0.9552049814745195,1,210.14002099230632,1.1791027893472665,0,310.684674061313,0.764521599960685,0,-18.89576372149159,274.0832376032481,0.22187012633014408,0,80.12736879431057,-0.08131821582462487,1,85.77335694510481,-0.041168963163547075,1,12.928813391363077,-0.011083406006180095,1,311.6406170130225,0.018018492990373926,0,228.73591156324466,-0.04739260327824213,1,Rahu,Mercury,2.0,CLEAR,943.7339809300028,-8.614720881920334,0,2,72.0,327.7922061357856,0,67.19855540294749,0.19968311369712968,-0.07318639424216239,0.8409737599567536,0.0,1.0,0,0,1,0.0,3,0.026098564
2031-12-11,259.23146986138335,1.016735159464558,0,220.89508923295503,13.742087793005705,0,-15.771279251884707,240.0854722900392,0.2923104149501368,0,218.4431648068601,1.1927103636902545,0,316.0468448884204,0.7674489431267549,0,-17.26753940014499,275.6514401754259,0.22603574750897815,0,79.5519747456603,-0.08265786116986439,1,85.47998638436455,-0.04246672914377372,1,12.864157490470703,-0.007318945975208903,1,311.77599705706206,0.020656424283116384,0,228.7576822419758,0.011681967527005344,0,Rahu,Mercury,2.0,CLEAR,934.866140212951,-8.867840717051763,0,2,80.0,327.7922061357856,0,66.6878172551896,0.20343217275808034,-0.07439207505287795,0.8441938374394305,0.0,1.0,0,0,1,0.0,3,0.02433376
2031-12-18,266.35446008262215,1.0181055847807068,0,323.55532516172775,14.575720361478265,0,-8.790393679878408,244.99524794318395,1.0111523342370263,0,226.83043635947385,1.203125100811142,0,321.4268384246305,0.7694126134219511,0,-15.501441585896519,277.2449252556762,0.22897868372995483,0,78.97587337798677,-0.08157397022213851,1,85.1810852076046,-0.04281365068842002,1,12.826827913455777,-0.003370888719798973,1,311.92924883201533,0.02303169170892915,0,228.3448243854398,-0.07490831885470549,1,Rahu,Mercury,2.0,CLEAR,925.8378888996565,-9.028251313294504,0,1,-76.0,327.7922061357856,0,66.149045464531,0.20608081535695935,-0.07341657319992466,0.8463538747641463,0.0,1.0,0,0,1,0.0,3,0.030096633
2031-12-25,273.4829145875726,1.0185777926882915,0,57.31789501543949,12.440942490780532,0,18.76769359756589,253.25758352186898,1.3052681696488868,0,235.2825852376572,1.2115813183553032,0,326.8154205477255,0.7700131953191479,0,-13.616671701831551,278.8544755193396,0.23074127874145006,0,78.41567839933899,-0.07808217815508402,1,84.88306368364582,-0.04215102019596603,1,12.8173379043092,0.0006950871760108101,0,312.09789988353805,0.02513228005213474,0,228.30871009916302,-0.022258055700908677,1,Rahu,Mercury,2.0,CLEAR,916.7499096888268,-9.087979210829644,0,0,119.0,327.7922061357856,0,65.59834049502979,0.20766715086730506,-0.07027396033957561,0.8470145148510628,0.0,1.0,0,0,1,0.0,2,0.027961398
2032-01-01,280.61457249328356,1.0190396410051155,0,141.6588247361912,11.860897300942174,0,9.47026609123594,262.8857020888117,1.4299705100504951,0,243.78961873942555,1.2187670811877918,0,332.20497909064017,0.7697473627510022,0,-11.63237162597827,280.471993496627,0.23467523139196525,0,77.88743614224629,-0.07252960598073294,1,84.59286495320863,-0.04063849128690326,1,12.836418232592232,0.0047353189901892185,0,312.280230093256,0.026890253541950744,0,227.41438082226338,-0.1574304336158965,1,Rahu,Mercury,2.0,CLEAR,907.697897924307,-9.052011764519875,0,0,215.0,327.7922061357856,0,65.05101790965405,0.21120770825276872,-0.06527664538265965,0.8467220990261025,0.0,1.0,0,0,1,0.0,2,0.032280307
2032-01-08,287.7495681626628,1.0195054209974919,0,228.81665130308306,13.63102884437551,0,-17.26783791471207,273.1511160145301,1.4985206636070703,0,252.34226899166757,1.2246173596950773,0,337.5910336973695,0.7690883755485877,0,-9.566974708856286,282.0923962147268,0.23117831538760109,0,77.40494829450812,-0.06497598553722828,1,84.31627850299719,-0.038209565646117466,1,12.88372291977045,0.008805748145411112,0,312.47376480804405,0.02838224887384181,0,227.09492661930042,-0.0026153041391134696,1,Rahu,Mercury,2.0,CLEAR,898.7578961260097,-8.940001798297317,0,0,279.0,327.7922061357856,0,64.52122537473767,0.208060483848841,-0.05847838698350545,0.8459972131034466,0.0,1.0,0,0,1,0.0,2,0.027009552
2032-01-15,294.8854402034082,1.0190132003358496,0,332.68269041942284,14.921092404310611,0,-5.996117281662473,283.8372930057546,1.5544181239971377,0,260.930029250453,1.228679524408685,0,342.9707848542891,0.7677711140042249,0,-7.438713178706321,283.7062868737198,0.2296697104225689,0,76.98196870276365,-0.05563283231161062,1,84.05986883595538,-0.034952525339742795,1,12.959444451175537,0.012763030195391137,0,312.67667816986284,0.02948317946319084,0,226.2778434254273,-0.15113714420078223,1,Rahu,Mercury,2.0,CLEAR,890.024908914744,-8.732987211265709,0,0,638.0,327.7922061357856,0,64.02252425158811,0.206702739380312,-0.05006954908044956,0.8445482254046475,0.0,1.0,0,0,1,0.0,2,0.029194323
2032-01-22,302.0132340179196,1.0174296905257172,0,66.76371186362267,12.25203676177289,0,19.665944735979348,294.9258708959589,1.6154474791407045,0,269.54141202464064,1.231642918989082,0,348.33740563844924,0.7654046056170887,0,-5.267061694295618,285.30521414051555,0.22700432060990985,0,76.62980347388984,-0.04476744735539462,1,83.82905584575161,-0.030860579612986813,1,13.062290493054721,0.016606642888443313,0,312.8859232553555,0.03025976211954573,0,225.98304002577285,-0.04835365898003153,1,Rahu,Mercury,2.0,CLEAR,881.5831272580128,-8.44178165673111,0,0,478.0,327.7922061357856,0,63.56751298083512,0.20430388854891887,-0.04029070261985516,0.8419450661787976,0.0,1.0,0,0,1,0.0,2,0.02550593
2032-01-29,309.12909567150695,1.0156820109816203,0,150.47991339781234,11.916504133362803,0,6.800440114055022,306.48113847387424,1.6880001750505087,0,278.1719897933048,1.2341660782780597,0,353.68473460606725,0.7623238457480015,0,-3.070657465143838,286.8817125887732,0.2232391664406838,0,76.35730823133272,-0.03296198616668136,1,83.62899659184627,-0.026221211918171415,1,13.191179141846412,0.0201653871399887,0,313.09923935410745,0.030613581045937383,0,224.67723716524904,-0.22700132629912612,1,Rahu,Mercury,2.0,CLEAR,873.5052737667429,-8.077853491269934,0,0,535.0,327.7922061357856,0,63.16612908948631,0.20091524979661543,-0.029665787550013225,0.8385562303228017,0.0,1.0,0,0,1,0.0,2,0.03339352
2032-02-05,316.2333493153674,1.0141249409853164,0,237.5540666865263,13.459196923464637,0,-18.463446717978606,318.5752812294976,1.7672434321490178,0,286.8190140364082,1.2363402348141468,0,359.0096482588427,0.7590830443355469,0,-0.8666391954700992,288.4283089164954,0.21848387945145276,0,76.17026506531718,-0.0203430020468589,1,83.4633874727836,-0.02098437146842937,1,13.344258959995361,0.02355860514353875,0,313.3138900468325,0.03068571881132089,0,224.07994292332913,-0.0077331346489935004,1,Rahu,Mercury,2.0,CLEAR,865.8530642621224,-7.652209504620487,0,0,460.0,327.7922061357856,0,62.826006105321824,0.1966354915063075,-0.018308701842173012,0.8349913487691016,0.0,1.0,0,0,1,0.0,2,0.031942893
2032-02-12,323.3253856262952,1.0119228468171941,0,340.8704192273409,15.095371915900671,0,-3.376508210187451,331.17071282490645,1.8221206782130994,0,295.4784618809149,1.237551102262387,0,4.311139805835855,0.7554926109176409,0,1.3288311070969832,289.93733798411193,0.21239934941422237,0,76.07361031073397,-0.007239427284793161,1,83.33611984143934,-0.015343323108863698,1,13.520169775045995,0.02661180832465029,0,313.5277810387231,0.0303219352291941,0,223.18237440335537,-0.16918537979185796,1,Rahu,Mercury,2.0,CLEAR,858.6867859733313,-7.166278288791091,0,0,310.0,327.7922061357856,0,62.553440535687976,0.19115941447280013,-0.006515484556313845,0.831041872009405,0.0,1.0,0,0,1,0.0,2,0.03440331
2032-02-19,330.3977452445317,1.0086477229435769,0,75.82471800967116,12.21613484669371,0,19.938223864430626,343.80682272057555,1.7533284774825082,0,304.14312569935066,1.2380199198045945,0,9.584961831367758,0.7511959457243297,0,3.49887558834487,291.3992337103109,0.20509948942872783,0,76.06969509858956,0.006119393743070691,0,83.24972431314109,-0.009295268835392057,1,13.716374085763784,0.0293938154324334,0,313.7378685505065,0.029653130546050555,0,222.83249197116663,-0.03333526244948506,1,Rahu,Mercury,2.0,CLEAR,852.0656155074869,-6.621170465844443,0,0,110.0,327.7922061357856,0,62.35332101282578,0.18458954048585505,0.005507454368763622,0.8263155402967627,0.0,1.0,0,0,1,0.0,1,0.033057105
2032-02-26,337.4459497117141,1.0051517559804726,0,159.40918958852245,12.02482713671191,0,3.900556271710494,354.9428648511622,1.3533110408828304,0,312.81032225132566,1.2383188985242133,0,14.826565884500017,0.7463613224225871,0,5.62734242571664,292.8058529727861,0.19659795546670084,0,76.15854587712143,0.01921094732695121,0,83.20604818919948,-0.0031756498363960067,1,13.930538891786693,0.03172666083814849,0,313.941854823158,0.028566255433750708,0,221.7193393386575,-0.194746763176345,1,Rahu,Mercury,2.0,CLEAR,846.0341629735802,-6.031452533906645,0,0,-50.0,327.7922061357856,0,62.22800698533473,0.17693815992003076,0.01728985259425609,0.8209974546648459,0.0,1.0,0,0,1,0.0,1,0.032336857
2032-03-04,344.471027339353,1.0020878716469854,0,247.29102546834943,13.400984797484453,0,-19.30323882767195,1.6191322421392653,0.48467991262923055,0,321.47994125478846,1.2387186613162917,0,20.034263251527552,0.7415894342059212,0,7.699500319628919,294.14917012520516,0.1870197725818259,0,76.33815160855363,0.03206727763221091,0,83.2056933312675,0.0031040218191366784,0,14.159974166755749,0.03378772308714018,0,314.1373196105142,0.02724978964674028,0,221.24646622012878,0.01060300082095385,0,Rahu,Mercury,2.0,CLEAR,840.6277568203282,-5.406406153252078,0,0,-93.0,327.7922061357856,0,62.178177441797885,0.1683177953236433,0.028860549868989817,0.8157483776265133,0.0,1.0,0,0,1,0.0,0,0.030179556
2032-03-11,351.47469618792564,0.9988035616976652,0,348.9136001872992,14.952103490829627,0,-0.6843686534109069,1.3392876055730414,-0.5315527144926898,1,330.1511483350468,1.238611834306952,0,25.208641262738713,0.7367407142293706,0,9.701768656545475,295.4205919039019,0.1759683806496385,0,76.60629058303213,0.04444130600045987,0,83.24926942419594,0.009318946826963652,0,14.402396933087049,0.03538292212731598,0,314.3223070635444,0.02552288087519649,0,220.6806645369027,-0.11733579352757549,1,Rahu,Mercury,2.0,CLEAR,835.8826771201518,-4.745079700176348,0,0,125.0,327.7922061357856,0,62.20389364994509,0.15837154258467465,0.039997175400413885,0.8104147856523077,0.0,1.0,0,0,1,0.0,0,0.061832555
2032-03-18,358.4522201665435,0.9946540192011594,0,84.26404024670603,12.278441346059042,0,19.732399311259407,355.647903520105,-0.9360741747154769,1,338.8191787713785,1.2379016491455166,0,30.34783642920441,0.731508253869987,0,11.620156065192539,296.6098236247911,0.16359814830257297,0,76.9592618922016,0.05627483857034794,0,83.3363239657012,0.015519112802279604,0,14.654738362256634,0.0366397395900052,0,314.49432329188,0.023576488121218302,0,220.52552443389413,0.005568167224808141,0,Rahu,Mercury,2.0,CLEAR,831.8358785642836,-4.046798555868236,0,0,125.0,327.7922061357856,0,62.30452352994496,0.14723833347231569,0.05064735471331315,0.8046590792569858,0.0,1.0,0,0,1,0.0,0,0.05399109
2032-03-25,5.3993213442367765,0.9902778019389005,0,168.101691936752,12.15895780748517,0,0.9460478863078419,350.29760551886295,-0.49575307471518587,1,347.481346488602,1.2370218135117048,0,35.44880476273545,0.7258982845561822,0,13.441232394596474,297.7078378485652,0.14991779021273718,0,77.3918983189355,0.06719333676904832,0,83.4656624852282,0.02138748766063074,0,14.914066432887067,0.037383958179422055,0,314.6514890635594,0.021286996311522918,0,220.01618961118413,-0.10040451817657657,1,Rahu,Mercury,2.0,CLEAR,828.5121170574041,-3.323761506879464,0,0,300.0,327.7922061357856,0,62.477831886048435,0.13492601119146347,0.060474003092143486,0.7984881130118004,0.0,1.0,0,0,1,0.0,0,0.057932038
2032-04-01,12.317806916237899,0.9865594358588213,0,257.6861113738823,13.547278165751408,0,-19.6603516993797,349.2009400893363,0.17299782436194752,0,356.1383296422469,1.2364479772114512,0,40.51106933738968,0.7205242234977376,0,15.152745751799044,298.70607330059744,0.13508184337026946,0,77.89837240348001,0.07739576170437473,0,83.63540589091997,0.027076747590464082,0,15.177516787680187,0.03783704845887898,0,314.79214052883424,0.01887557547635,0,219.8507574316256,0.025055244399853096,0,Rahu,Mercury,2.0,CLEAR,825.9297941105817,-2.582322946822387,0,0,280.0,327.7922061357856,0,62.72085561579982,0.12157365903324252,0.06965618553393726,0.7925766458475114,0.0,1.0,0,0,1,0.0,0,0.060271185
2032-04-08,19.211670494544247,0.9830603991222019,0,357.6091212804835,14.547590565694128,0,2.279152704170875,352.3535842203659,0.6970583430384416,0,4.791165199897918,1.23571174418838,0,45.5364175890003,0.7152871094978492,0,16.74375246804953,299.59518458590617,0.11868404031913207,0,78.47327952267517,0.08671991893811909,0,83.84369591461622,0.032372770157328264,0,15.442359422051364,0.03778191028101647,0,314.91487490240326,0.01614504587139442,0,219.69991762821928,-0.04590241408014557,1,Rahu,Mercury,2.0,CLEAR,824.1108545553841,-1.8189395551976304,0,0,200.0,327.7922061357856,0,63.0309201006238,0.10681563628721887,0.07804792704430719,0.7868158204476342,0.0,1.0,0,0,1,0.0,0,0.06019543
2032-04-15,26.07934679431954,0.9790112148793593,0,92.22317766086805,12.343719446289334,0,19.22576997503116,358.5858237546029,1.062382587537486,0,13.437389452302803,1.2345592651104385,0,50.52491584834497,0.7099269844733761,0,18.20340929343283,300.36475152871566,0.10097728208007141,0,79.1107268993083,0.09522848332792734,0,84.08813250014593,0.03737916291351575,0,15.705742538966756,0.03738812604488413,0,315.01814926945406,0.013324879594832731,0,219.70129723854484,0.01583827423111867,0,Rahu,Mercury,2.0,CLEAR,823.0786791454295,-1.0321754099545615,0,0,80.0,327.7922061357856,0,63.404984360341544,0.09087955387206427,0.0857056349951346,0.7809196829207138,0.0,1.0,0,0,1,0.0,0,0.053368736
2032-04-22,32.91728194335836,0.9747399001114065,0,176.3780987211314,12.272442832102458,0,-1.8853701834854262,7.0073839008372545,1.3329435129221339,0,22.074541269009032,1.2332299226455425,0,55.47472971793805,0.7043145962443935,0,19.521723976043127,301.0059868914295,0.08206338284325292,0,79.80384501045097,0.10264791757910907,0,84.36560159095744,0.041822666683815436,0,15.964559076622114,0.036500046267822314,0,315.1008565265131,0.01029409366696003,0,219.65114469225557,-0.012373402499250544,1,Rahu,Mercury,2.0,CLEAR,822.8444357659877,-0.2342433794418639,0,0,80.0,327.7922061357856,0,63.839285933828855,0.07385704455892762,0.09238312582119816,0.7747460558688329,0.0,1.0,0,0,1,0.0,0,0.006465652
2032-04-29,39.72771134876376,0.9712626488119045,0,268.1653622274665,13.889791090401118,0,-19.456580553348324,17.149245621662413,1.5608974410987437,0,30.703788839293576,1.2323504665488532,0,60.38621982299524,0.6990409938823625,0,20.68990562015514,301.5115532344496,0.06220755810725483,0,80.54599903663922,0.10925680911647137,0,84.6728961295984,0.045903704199634854,0,16.216234656677877,0.03535099016541963,0,315.1624260714943,0.0072871102097222746,0,219.63275843208658,6.28650771753894e-05,0,Rahu,Mercury,2.0,CLEAR,823.4125175108852,0.5680817448975404,0,0,220.0,327.7922061357856,0,64.32976437996135,0.05598680229652935,0.09833112820482423,0.7689450932705988,0.0,1.0,0,0,1,0.0,0,0.0064283893
2032-05-06,46.5163817319535,0.9683938776591511,0,7.238498178987803,14.065149355990979,0,5.4776965201849475,28.837738609173876,1.7786859436084959,0,39.32778987822837,1.2316526407885258,0,65.26190850916042,0.6940577288378761,0,21.7008498477226,301.87383810983283,0.041129960660845045,0,81.33111787994851,0.11492854127497841,0,85.00680942108987,0.0494301313191571,0,16.45822292448134,0.033732615686068106,0,315.20230256147534,0.004102277297533489,0,219.65554775377848,0.007456994134913066,0,Rahu,Mercury,2.0,CLEAR,824.7895158819745,1.3769983710892575,0,1,320.0,327.7922061357856,0,64.87289495546716,0.03701696459476054,0.10343568714748057,0.7634635017216638,0.0,1.0,0,0,1,0.0,0,0.007208389
2032-05-13,53.284703279350616,0.9653033256240141,0,100.09249557487797,12.33615743686674,0,18.47769215404288,42.051978698136395,1.9951847615267353,0,47.94662086532681,1.2307979614466695,0,70.10326406760265,0.6891319293022411,0,22.548335136818853,302.08582520853594,0.019336765015440932,0,82.15318353489543,0.1197612920098895,0,85.36407243484625,0.05253113958177878,0,16.687968528898484,0.03182754240529337,0,315.2201739343042,0.0009859219025195843,0,219.5774492518052,-0.029853606158258245,1,Rahu,Mercury,2.0,CLEAR,826.9790081064236,2.189492224449168,0,1,200.0,327.7922061357856,0,65.46521500599695,0.01740308851389684,0.10778516280890055,0.7580451222324652,0.0,1.0,0,0,1,0.0,0,0.0072836555
2032-05-20,60.03006021775309,0.9619931277707181,0,184.32784130173565,12.324758894121702,0,-4.5072466685008,56.66845174114897,2.164796712213033,0,56.55851692341928,1.2297773216152375,0,74.90929872928535,0.6840426230127798,0,23.227686328750966,302.1437345340042,-0.002785783712011253,1,83.00523258535435,0.12353610216447915,0,85.74065627648255,0.05498209559292036,0,16.902760812882303,0.0295010052598573,0,315.2159588522533,-0.0021674140524429596,1,219.5429681384268,0.029251197809193066,0,Rahu,Mercury,2.0,CLEAR,829.9662344361154,2.9872263296917936,0,1,50.0,327.7922061357856,0,66.10247177247204,-0.0025072053408101277,0.11118249194803123,0.7524468853140579,0.0,1.0,0,0,1,0.0,2,0.009408518
2032-05-27,66.7545938698717,0.9594817946221101,0,278.2099909203561,14.348254658119235,0,-18.72336738676445,71.97667895524242,2.1731355304854656,0,65.16469134041175,1.229218314289629,0,79.68082964024765,0.6793237878708868,0,23.73563820960718,302.04742319350544,-0.024703393777564368,1,83.88098647892289,0.1265374713776979,0,86.13290726182683,0.0569973344075671,0,17.100656318526468,0.0269877207646482,0,315.19038123066485,-0.005132879400936897,1,219.43216111209517,-0.06505462673074085,1,Rahu,Mercury,3.0,CLEAR,833.7231467698016,3.7569123336861594,0,1,90.0,327.7922061357856,0,66.78033016039643,-0.022233054399807932,0.11388372423992812,0.7472561666579755,0.2956382096071799,1.0,0,0,1,0.0,2,0.010481656
2032-06-03,73.464971207385,0.9578814967512731,0,17.557198413189806,13.66513266300735,0,8.676030433581248,86.61146246958755,1.982024394660139,0,73.76871492536182,1.2289498555568694,0,84.42067569432098,0.674997172500811,0,24.070887929126815,301.79823418393556,-0.04637093223557333,1,84.77454156321811,0.12865034250596633,0,86.53705653763143,0.05841041057777105,0,17.27953645279841,0.024095294131064295,0,315.1439117646929,-0.008103362089495232,1,219.29925492361198,0.02486069343415171,0,Rahu,Mercury,5.0,OVERCAST (CAUTION),838.2165490118339,4.493402242032289,0,1,-70.0,327.7922061357856,0,67.4950051104197,-0.041733839012015994,0.1157853082553697,0.7424968897508922,0.6308879291268141,1.0,0,0,1,0.0,2,0.010338485
2032-06-10,80.16505174495242,0.9563384929055335,0,108.24421721844193,12.241960547529949,0,17.415081151101855,99.50877013717474,1.695835715305976,0,82.3718318036001,1.2289233649665887,0,89.13122704910917,0.6708308075545846,0,24.233569428151498,301.40102951886115,-0.06687557461996979,1,85.68028028758489,0.12994908728971954,0,86.94962287191092,0.05934162200997282,0,17.437616319184112,0.021001840742198526,0,315.0775782605536,-0.01084282212556862,1,218.92631946113409,-0.12145596735873106,1,Rahu,Mercury,3.0,CLEAR,843.3997774662616,5.183228454427763,0,1,-310.0,327.7922061357856,0,68.24266396840078,-0.06018801715797281,0.1169541785607476,0.7379138883100431,0.7935694281514962,1.0,0,0,1,0.0,2,0.012749737
2032-06-17,86.85312980851685,0.9545778385390196,0,192.244871863841,12.309564332590158,0,-6.941139782404884,110.30096461910918,1.3845777814767457,0,90.97286091617329,1.2285182025963626,0,93.81199532605858,0.666558186068745,0,24.2258049229677,300.86643579308924,-0.08545871641994336,1,86.59137909988223,0.13017498546793652,0,87.36643228303299,0.05991435099915083,0,17.572842229203296,0.017619660052493526,0,314.9924211708588,-0.013430335112647093,1,218.52391343448838,0.020859999594426026,0,Rahu,Mercury,2.0,CLEAR,849.197901817822,5.798124351560318,0,1,-310.0,327.7922061357856,0,69.01853687067893,-0.07691284477794903,0.11715748692114286,0.7332140046756195,0.7858049229676993,1.0,0,0,1,0.0,2,0.012775073
2032-06-24,93.53079687185148,0.953490870665029,0,287.53612543841473,14.793872411126,0,-17.5604355264965,118.8224140220184,1.0422214548510556,0,99.57170453990852,1.2283438160380231,0,98.46393395111348,0.6626280299066791,0,24.050942020372442,300.2109471962628,-0.10138045826691086,1,87.5020866186745,0.1298078125734429,0,87.78322428106665,0.059436551620059966,0,17.68422992260025,0.014164865238268216,0,314.8904582252065,-0.01567661714600221,1,218.17587054162715,-0.13910778790719885,1,Rahu,Mercury,2.0,CLEAR,855.5123651261515,6.31446330832955,0,1,320.0,327.7922061357856,0,69.81785669607424,-0.09124241244021977,0.11682703131609862,0.7288908328973471,0.6109420203724412,1.0,0,0,1,0.0,2,0.012997873
2032-07-01,100.20467563743121,0.9535052979434462,0,28.06896107739634,13.429659683024466,0,11.583971056767616,124.73369101479331,0.6321471260544083,0,108.17055846996759,1.2285567957548649,0,103.08979634977646,0.6591498292282602,0,23.713869369077177,299.45360478681005,-0.11441892804682001,1,88.40656736519291,0.1285151524558517,0,88.19675783013305,0.0586639996416199,0,17.770455537187267,0.010480691214369283,0,314.7731673913035,-0.017755375381072906,1,217.72289168878092,0.00998941551567973,0,Rahu,Mercury,2.0,CLEAR,862.6590311911906,7.146666065039085,0,1,425.0,327.7922061357856,0,70.63611182800565,-0.10297703524213801,0.11566363721026654,0.7250648121510862,0.2738693690771754,1.0,0,0,1,0.0,2,0.010080689
2032-07-08,106.88043948286358,0.9537875845184385,0,116.8305871379107,12.101599440699477,0,15.928390388889925,127.44321546866077,0.1265307965013807,0,116.7714439159736,1.2287483967227248,0,107.69250155209565,0.6558657704501664,0,23.220685246029674,298.6180898935246,-0.12362420230112876,1,89.29938209827884,0.12639003719646003,0,88.6033753014127,0.057386900690908196,0,17.830822551477056,0.00672322307869848,0,314.6427720321263,-0.019471232307935363,1,217.0144023937947,-0.20872055293698658,1,Rahu,Mercury,2.0,CLEAR,870.6463753575897,7.987344166399112,0,1,205.0,327.7922061357856,0,71.46855954680179,-0.11126178207101589,0.11375103347681402,0.721452347495183,0.0,1.0,0,0,1,0.0,2,0.008915807
2032-07-15,113.55712074061869,0.9538504366600284,0,200.46796655221982,12.262562325625204,0,-9.264012864972123,126.41397925923577,-0.4099208413240735,1,125.37191423482551,1.228484049766353,0,112.271667211575,0.6525138677711914,0,22.57909333527091,297.73313404923294,-0.1284358175762174,1,90.17374759536453,0.12330106192906626,0,88.99871559108144,0.05549671121371718,0,17.864330433922987,0.002869807336280688,0,314.5012763688708,-0.02087170879168898,1,216.1777297106738,-0.0037153198198717026,1,Rahu,Mercury,2.0,CLEAR,878.7573326289478,8.110957271358075,0,1,125.0,327.7922061357856,0,72.30941716144154,-0.11559223581859565,0.11097095573615963,0.7177652545483105,0.0,1.0,0,0,1,0.0,2,0.008770623
2032-07-22,120.23543853262666,0.9543611187241207,0,296.1892930294247,15.08305094651592,0,-16.051581522154496,122.27056265479007,-0.7001691246812325,1,133.9698948753267,1.2280585153419592,0,116.8283040089865,0.6494242323286342,0,21.797371366661547,296.83084411507446,-0.12865158014091668,1,91.02389519665873,0.11944316461694848,0,89.37937489267229,0.05315739494275743,0,17.87129849384972,-0.0008969205008132403,1,314.35169459077224,-0.02182970650526582,1,215.66712809216463,-0.1762530089206421,1,Rahu,Mercury,2.0,CLEAR,886.8275649301372,8.070232301189435,0,1,-16.0,327.7922061357856,0,73.152596702809,-0.11578642212682502,0.10749884815525364,0.7143666555614977,0.0,1.0,0,0,1,0.0,3,0.0076404954
2032-07-29,126.92102124570432,0.9560240511133709,0,38.2568029332438,13.374286942813736,0,13.984146582340424,117.93528038641982,-0.4422673224357969,1,142.56523967937994,1.227845932910321,0,121.36470331891651,0.6468062749939378,0,20.884352137679013,295.94170589382367,-0.12462765446305749,1,91.84390044529802,0.11474513265266156,0,89.74156789006415,0.05028550438160354,0,17.851600734892386,-0.004682141151128847,1,314.1962015721624,-0.022493300738739234,1,215.01284161208687,-0.00021381660818490223,1,Rahu,Mercury,2.0,CLEAR,894.6995108417009,7.871945911563671,0,1,-16.0,327.7922061357856,0,73.99229971040563,-0.11216488901675174,0.10327061938739542,0.7114869024933317,0.0,1.0,0,0,1,0.0,3,0.0072631077
2032-08-05,133.62064210649314,0.9581015769695652,0,125.75257962117013,11.968902505834501,0,13.97837875361784,117.08305701333799,0.23915320139707977,0,151.1595539177566,1.22757406639255,0,125.88399293565709,0.6443832048626724,0,19.849204748617883,295.09638324046745,-0.11619158183081418,1,92.62819724491081,0.10915082624500903,0,90.0821781592693,0.04691457357904538,0,17.805954402086833,-0.008367487498790429,1,314.03775343781115,-0.022734869402053406,1,214.22226133654326,-0.225397639374439,1,Rahu,Mercury,2.0,CLEAR,902.2161054606898,7.516594618988961,0,1,200.0,327.7922061357856,0,74.82224284282398,-0.10457242364773277,0.09823574362050813,0.7088215253489397,0.0,1.0,0,0,1,0.0,3,0.007081832
2032-08-12,140.33384201762746,0.9599426735787886,0,209.22052129034338,12.249536014361436,0,-11.52989682075343,121.46856398656111,1.0058538842622895,0,159.7499279132298,1.2267399011246753,0,130.38586295866307,0.6418821641158255,0,18.70227576850407,294.32464380150924,-0.10364665899967268,1,93.3697677681504,0.10259873876153404,0,90.39713820844999,0.04301757952718621,0,17.73479821973479,-0.011903668027920006,1,313.87884903314625,-0.02257081931705537,1,213.27517867428247,-0.005709135578718923,1,Rahu,Mercury,2.0,CLEAR,909.217074217172,7.000968756482166,0,1,200.0,327.7922061357856,0,75.6349695484156,-0.09328199309970542,0.09233886488538064,0.7060703805274081,0.0,1.0,0,0,1,0.0,3,0.006939982
2032-08-19,147.06021198555595,0.961936290802067,0,304.54899782470966,15.114434872996997,0,-14.210791542654507,130.822933255412,1.6262920913550674,0,168.3328446379721,1.2254373417018762,0,134.8707641730192,0.6395391447126957,0,17.453672519554118,293.6533422765844,-0.08770852541234575,1,94.06276479202502,0.09523785733907772,0,90.68356784334439,0.038721927688093634,0,17.640033987486305,-0.015159081495689094,1,313.7228849007937,-0.02195672462340335,1,212.87091454439056,-0.14722840889530864,1,Rahu,Mercury,2.0,CLEAR,915.5590559468639,6.341981729691838,0,2,128.0,327.7922061357856,0,76.42273080453872,-0.07893767287111118,0.08571407160516994,0.7034930591839653,0.0,1.0,0,0,1,0.0,3,0.0068364497
2032-08-26,153.80355620868556,0.9649736299804667,0,47.73203874974453,13.459443048523005,0,15.807692799313948,143.49542297830462,1.9363765748369772,0,176.90623098161836,1.22420792351564,0,139.3405127926808,0.6376516656569229,0,16.11320753841346,293.1022901657337,-0.06931706153612217,1,94.70114752810424,0.08705835689526953,0,90.93822420783327,0.03401368010726618,0,17.52303069159687,-0.01818291703858316,1,313.5721385769887,-0.021008324666553984,1,212.31070350963037,0.012350484685348417,0,Rahu,Mercury,2.0,CLEAR,921.1276007111715,5.568544764307603,0,2,368.0,327.7922061357856,0,77.17811683650737,-0.06238535538250996,0.07835252120574258,0.7014168322226152,0.0,1.0,0,0,1,0.0,3,0.006938277
2032-09-02,160.57089343873267,0.968511071075307,0,134.74466126085915,11.880826053466285,0,11.646730961725293,157.24072720107844,1.955854667096763,0,185.47183433547943,1.2230362668542831,0,143.79814967515824,0.6359205956580365,0,14.690438485749238,292.687745089722,-0.04884044181975518,1,95.27932193326791,0.07795207149471813,0,91.15868522310488,0.028881634250252825,0,17.386077789674996,-0.020913580997378906,1,313.42957961155,-0.019682229314841912,1,211.81925950546557,-0.15717041934694728,1,Rahu,Mercury,2.0,CLEAR,925.8245185972935,4.696917886122037,0,2,380.0,327.7922061357856,0,77.89324414359291,-0.043956397637779664,0.07015686434524632,0.6995126552238402,0.0,1.0,0,0,1,0.0,3,0.006680721
2032-09-09,167.36204276513234,0.9717714096152066,0,218.50237957920547,12.339283114936817,0,-13.707737130832754,170.5902998702713,1.8490129365565962,0,194.0276759406735,1.2214109620269036,0,148.24314374164305,0.6340798132362473,0,13.195829526851616,292.42203095980824,-0.026874392209397288,1,95.79043085349274,0.06796508187383161,0,91.34175422188416,0.02339550803195714,0,17.231196106910726,-0.02324117960048147,1,313.29751454999484,-0.017963953705654713,1,211.17804566080252,0.012789053225326193,0,Rahu,Mercury,2.0,CLEAR,929.5620789185166,3.7375603212231,0,2,296.0,327.7922061357856,0,78.559234746582,-0.02418695298845756,0.06116857368644846,0.6974877945598721,0.0,1.0,0,0,1,0.0,3,0.0060929027
2032-09-16,174.17521752859662,0.9748376305649118,0,313.2008340167193,14.892513579061962,0,-11.987351921372479,183.08267662942598,1.7207214760004665,0,202.5701530789604,1.2191729407510048,0,152.67531933832214,0.63225358805526,0,11.639357210347827,292.3130329295786,-0.0042715159828466305,1,96.22915280195114,0.057239844530513104,0,91.4856727732245,0.0176551108946921,0,17.06182117103168,-0.025109059734981502,1,313.17893887133437,-0.015899375751614122,1,211.05944942644103,-0.07694389262649605,1,Rahu,Mercury,2.0,CLEAR,932.2779472932705,2.7158683747538817,0,2,196.0,327.7922061357856,0,79.16733163091946,-0.0038443643845619676,0.0515158600774618,0.695478946860786,0.0,1.0,0,0,1,0.0,3,0.0059091775
2032-09-23,181.01174370797483,0.9786831381109298,0,56.3561430535011,13.596035006178822,0,17.133187323368936,194.70690753646167,1.6028937916355903,0,211.09596303886778,1.216878833899434,0,157.09572195073778,0.6308306199175692,0,10.030360262295288,292.362011998915,0.01827701056039399,0,96.59032711172169,0.04588027436302103,0,91.58851060999599,0.011736177969393401,0,16.880712871635655,-0.026521537261075322,1,313.0755341453509,-0.013560533320298787,1,210.78679544054958,0.022264271248099054,0,Rahu,Mercury,2.0,CLEAR,933.9392133805168,1.6612660872463039,0,2,72.0,327.7922061357856,0,79.70961424008604,0.01644930950435459,0.04129224692671893,0.6939136819093261,0.0,1.0,0,0,1,0.0,2,0.0063995263
2032-09-30,187.87788392833542,0.9830392687317138,0,143.49919290924095,11.844090266701224,0,9.117234391876776,205.549742269966,1.4961107397976203,0,219.6068493492517,1.2147662320382857,0,161.50703528310768,0.6295008442373377,0,8.377625885647866,292.56826536331357,0.04057665533186031,0,96.8696096790839,0.03378210247620849,0,91.64933632708212,0.005596489299395167,0,16.69142300827678,-0.027496695220119997,1,312.98953013905736,-0.01098910092783574,1,210.6984749631213,-0.05773238292542005,1,Rahu,Mercury,2.0,CLEAR,934.5249896391308,0.5857762586140325,0,2,40.0,327.7922061357856,0,80.17818667080712,0.03651898979867428,0.030403892228587644,0.6924509286610715,0.0,1.0,0,0,1,0.0,2,0.004957089
2032-10-07,194.7735227537265,0.9870612426304399,0,228.0636246010322,12.5716066970895,0,-15.672272515760964,215.64831858758987,1.3871105204653449,0,228.10193047240185,1.21231392782344,0,165.90834645555415,0.6279968021879487,0,6.690896545318273,292.9289525821246,0.06237199197112432,0,97.06208440645135,0.02116244085433901,0,91.66678865435658,-0.0005874332665344077,1,16.49714972980983,-0.027890927880255174,1,312.92238026428845,-0.008135977815699929,1,210.48586207458695,0.015443258369100368,0,Rahu,Mercury,2.0,CLEAR,934.0213440774431,-0.5036455616876765,0,2,200.0,327.7922061357856,0,80.56493467664151,0.05613479277401189,0.01904619676890511,0.6907964824067436,0.0,1.0,0,0,1,0.0,3,0.0060191695
2032-10-14,201.69531936182463,0.9905076523056534,0,322.6600119766415,14.54160037511796,0,-9.323077084636004,224.90090262362676,1.2478681222503996,0,236.5771530743053,1.2089855760332506,0,170.29857996936192,0.6263288185903756,0,4.979556122813435,293.43902725101924,0.08311911876735784,0,97.16515616338518,0.00822903165071108,0,91.64120514336072,-0.0067339196543453,1,16.302216313155803,-0.027747055867782474,1,312.87599696497495,-0.005129806539464186,1,210.53078306970355,-0.010755309189044625,1,Rahu,Mercury,2.0,CLEAR,932.4349320062354,-1.5864120712077465,0,2,320.0,327.7922061357856,0,80.86293985022937,0.07480720689062205,0.007406128485639972,0.6889617004494132,0.0,1.0,0,0,1,0.0,3,0.008641899
2032-10-21,208.64170209068394,0.9943512624588798,0,64.34093567737715,13.65886366582528,0,18.10154588701698,232.91575520197037,1.0194813907508384,0,245.02650691247635,1.205136564127542,0,174.67782712601442,0.6249772218246927,0,3.2523396664743527,294.089670473408,0.10260391939775385,0,97.17729197782762,-0.004737100148218463,1,91.57305957092021,-0.012673568888378294,1,16.110044217436986,-0.027043129192739705,1,312.8509308633015,-0.0019847973977643856,1,210.4911811551307,-0.0005372577936818665,1,Rahu,Mercury,2.0,CLEAR,929.794743432916,-2.640188573319392,0,2,320.0,327.7922061357856,0,81.06724776039064,0.09234352745797847,-0.004263390133396616,0.687474944007162,0.0,1.0,0,0,1,0.0,4,0.014152646
2032-10-28,215.61720953408383,0.9986267646072832,0,151.81621840707584,11.837980181343232,0,6.594767559746642,238.67227905247248,0.5722695427614606,0,253.44872401913128,1.2011390289171853,0,179.04814359433811,0.623632507739397,0,1.5173258343006653,294.8725403956035,0.12086572640846631,0,97.09852262891563,-0.017764626748334487,1,91.46394727483664,-0.018474166034357954,1,15.924518753300145,-0.025891670117669546,1,312.84814876923645,0.001186328022076249,0,210.50737779211858,0.010443356593858472,0,Rahu,Mercury,2.0,CLEAR,926.135525944449,-3.659217488466993,0,2,284.0,327.7922061357856,0,81.17400387561548,0.10877915376761968,-0.015988164073501038,0.6859957585133368,0.0,1.0,0,0,1,0.0,3,0.013490418
2032-11-04,222.62163812390446,1.0025254889475455,0,237.468631571081,12.92923181525299,0,-17.256533328659874,239.91540834330846,-0.29970548556798027,1,261.8409368548908,1.1964620770593737,0,183.40808597917245,0.6220160928018885,0,-0.21634608642546801,295.7791172337613,0.13795533162524237,0,96.92949703763874,-0.030419046854681067,1,91.31541106124475,-0.02387010734521792,1,15.749009671137074,-0.024141630346241127,1,312.8678652508306,0.004472581396719769,0,210.5346130065225,-0.020715855353961296,1,Rahu,Mercury,2.0,CLEAR,921.4966108363378,-4.638915108111178,0,2,335.0,327.7922061357856,0,81.18048736650167,0.12415979846271814,-0.02737714216921296,0.6842177020820774,0.0,1.0,0,0,1,0.0,3,0.013228224
2032-11-11,229.6502109447778,1.0054777283981082,0,333.06966741065213,14.241768088253266,0,-6.236017665332104,234.032144608947,-1.2826634031060364,1,270.19509926525024,1.1900671791961495,0,187.755391868975,0.6200184517138474,0,-1.9396520678440443,296.80030058532213,0.15351472987301396,0,96.6742123115122,-0.042391966224966125,1,91.13078940296064,-0.028811820219918353,1,15.587553534339397,-0.021941905446781738,1,312.91055794860273,0.007681717420173107,0,210.38621260296537,0.016073978381068436,0,Rahu,Mercury,2.0,CLEAR,915.9361098134762,-5.560501022861672,0,2,563.0,327.7922061357856,0,81.08665877717281,0.13816325688571257,-0.038152769602469515,0.6820202968852321,0.0,1.0,0,0,1,0.0,3,0.011134265
2032-11-18,236.69840491213762,1.0083963650342702,0,72.22715778924642,13.543850513620498,0,18.78842918169874,225.72264276327957,-0.781384233047814,1,278.4976743727893,1.1818688462074578,0,192.08899030081076,0.6182150774752225,0,-3.6441384239984487,297.92498085733916,0.16760984423407094,0,96.33875005891439,-0.053246535201337396,1,90.91374896059324,-0.033074448763836334,1,15.443066368750493,-0.019254476410110494,1,312.9754617474241,0.010866628595536477,0,210.36579442426682,-0.06580783549295051,1,Rahu,Mercury,2.0,CLEAR,909.5316512326392,-6.404458580836945,0,2,372.0,327.7922061357856,0,80.89568369016389,0.15084885981066384,-0.047921881681203655,0.6800365852227448,0.0,1.0,0,0,1,0.0,3,0.017245775
2032-11-25,243.76842619217211,1.011595930376995,0,159.7282969671115,11.834028020606503,0,4.195990683549772,224.85464385461538,0.4784081838457218,0,286.7378272096069,1.1721863217569772,0,196.41003865260595,0.616306721323159,0,-5.322117241661201,299.14355104026055,0.1803381883308118,0,95.9312314902998,-0.06296786070885081,1,90.66889701480765,-0.03677698654748855,1,15.318530115985173,-0.016274827840445646,1,313.0621331696577,0.013867156164406447,0,210.00861171069621,0.013266918831141174,0,Rahu,Mercury,2.0,CLEAR,902.3642494904568,-7.167401742182392,0,2,272.0,327.7922061357856,0,80.61270137431463,0.16230436949773064,-0.05667107463796573,0.677937393455475,0.0,1.0,0,0,1,0.0,3,0.019181466
2032-12-02,250.85998012007707,1.0144358197775873,0,246.28664153357772,13.315933731929734,0,-18.335456081161297,230.91346028096274,1.151614155200451,0,294.9036302540307,1.1604635526895823,0,200.7163897452123,0.6139926236288231,0,-6.964891317314188,300.44702334005956,0.191880292169693,0,95.46115463895704,-0.07101837410961939,1,90.40091453599813,-0.0396288881515868,1,15.216315219294202,-0.01285285250174327,1,313.16954560680085,0.016813604221172958,0,209.9764988587192,-0.0871624394569638,1,Rahu,Mercury,2.0,CLEAR,894.5192630539846,-7.844986436472254,0,2,412.0,327.7922061357856,0,80.24483941966284,0.1726922629527237,-0.06391653669865746,0.6753918859917055,0.0,1.0,0,0,1,0.0,3,0.022336982
2032-12-09,257.96748724404733,1.0160584511581692,0,344.06426341554464,14.140200541426704,0,-2.8894433507338757,239.99529698927276,1.4000705472956212,0,302.97555092759336,1.1450173906455592,0,205.00426852980078,0.611031049862287,0,-8.563752264734774,301.8262676083751,0.20191329376560818,0,94.94139795969568,-0.07714546809887222,1,90.1159276942468,-0.04166200015489292,1,15.139009944212985,-0.009219136507766673,1,313.2967869227814,0.019475095653104277,0,209.33375748045492,-0.008922450070506753,1,Rahu,Mercury,2.0,CLEAR,886.0988029482132,-8.420460105771326,0,2,400.0,327.7922061357856,0,79.80238801548269,0.18172196438904736,-0.06943092128898501,0.6721341548485157,0.0,1.0,0,0,1,0.0,3,0.017942686
2032-12-16,265.0839705713705,1.0172516320976652,0,80.60647093014592,13.248443608579464,0,19.125919907117986,250.15244165204487,1.4878754585863994,0,310.92296849545204,1.1248948306066666,0,209.27112215573393,0.6080927419422892,0,-10.110566602462423,303.27084095353365,0.21061799636083942,0,94.38659349902414,-0.0809994783068098,1,89.82018161125937,-0.04267720736180784,1,15.088026363797693,-0.005315146804206389,1,313.4419604712272,0.02196909678494048,0,209.1068764365314,-0.15056305897088412,1,Rahu,Mercury,2.0,CLEAR,877.2194524620263,-8.879350486186922,0,1,229.0,327.7922061357856,0,79.29856713522645,0.1895561967247555,-0.07289953047612882,0.6689020161365182,0.0,1.0,0,0,1,0.0,3,0.019511575
2032-12-23,272.2093244090746,1.018566056300924,0,167.51068785226045,11.816033895080103,0,1.8803860772868677,260.71765466644996,1.5273249833452753,0,318.7127932061826,1.0999217273816158,0,213.5168692565458,0.6048963099761117,0,-11.598232444188604,304.7718919611686,0.21806558031304452,0,93.81214170153028,-0.0827574269806741,1,89.52017633754164,-0.042889504691070106,1,15.064539940494864,-0.0013792803344050912,1,313.60342205928157,0.024115979090542014,0,208.10887487127454,-0.03691760826360816,1,Rahu,Ketu,3.5,CLEAR,867.9945075179669,-9.224944944059416,0,1,-91.0,327.7922061357856,0,78.74760176103541,0.19625902228174008,-0.0744816842826067,0.6653859409737228,0.0,1.0,0,0,1,0.0,3,0.020368092
2032-12-30,279.3434248626544,1.0196364852501976,0,254.4011753650233,13.583362202234563,0,-18.883503829143667,271.5197843073981,1.5594536802703354,0,326.30834955672725,1.069084198338849,0,217.73832748516617,0.6010978092910509,0,-13.018990308411649,306.32140722248994,0.22446926830084923,0,93.23373192843898,-0.08208418093154723,1,89.22221529421223,-0.04206478937162407,1,15.069227339653875,0.002745212611182321,0,313.7792320569962,0.026080690892326674,0,207.86708700287988,-0.14197988762097777,1,Rahu,Ketu,3.5,CLEAR,858.5352652982283,-9.459242219738599,0,1,-123.0,327.7922061357856,0,78.1645045887851,0.2020223414707643,-0.07387576283839252,0.6612075902201561,0.0,1.0,0,0,1,0.0,2,0.020302603
2033-01-06,286.48103221690366,1.0194235325155037,0,354.90138107197555,14.290755077187347,0,0.4246413393829029,282.56729422840044,1.5987388667621591,0,333.659233723621,1.0293443890572016,0,221.92968443445602,0.5963002182983097,0,-14.365254293613763,307.9111112882862,0.22948857273257756,0,92.66835613135224,-0.07906135708947457,1,88.93321991420473,-0.04035816842722986,1,15.10267910729947,0.006790909076460402,0,313.9674454297625,0.02761949989550448,0,206.7995030507527,-0.04315073435605084,1,Rahu,Ketu,3.5,CLEAR,848.9605283411488,-9.574736957079494,0,1,-163.0,327.7922061357856,0,77.56567702405277,0.20653971545931982,-0.07115522138052711,0.6559302401281407,0.0,1.0,0,0,1,0.0,2,0.020819075
2033-01-13,293.6138449662061,1.0184944444260904,0,89.72556965574132,12.880032560275549,0,18.95859226798519,293.9298628847002,1.6495374024100005,0,340.6905915288675,0.9773666124758983,0,226.0862362554194,0.5912541858798981,0,-15.630221641302787,309.5316766708497,0.2333372345987246,0,92.13252848998086,-0.07369402532107562,1,88.65969501637802,-0.03765960182220672,1,15.164489154432113,0.010844506737827322,0,314.1654772762174,0.028899489916945877,0,206.38326365985293,-0.19837710509189868,1,Rahu,Ketu,3.5,CLEAR,839.3918427568458,-9.568685584303012,0,1,200.0,327.7922061357856,0,76.96803933554874,0.21000351113885216,-0.06632462278896806,0.6503796044678879,0.0,1.0,0,0,1,0.0,2,0.022795469
2033-01-20,300.7400584188929,1.0175933156920594,0,175.51940154725187,11.791822985395426,0,-0.5017191936729792,305.67475928838496,1.7056668303900073,0,347.30795476375636,0.9106040079348016,0,230.20598824654073,0.5856983987160587,0,-16.808635700286498,311.1751167628832,0.23605502233064105,0,91.6407934565092,-0.06649227998917136,1,88.40745446712015,-0.03428079313457956,1,15.253867794591612,0.014672980226474593,0,314.3709261818183,0.029748324113070906,0,205.03308403856755,-0.07414290938795393,1,Rahu,Ketu,3.5,CLEAR,829.9357633451077,-9.456079411738074,0,1,296.0,327.7922061357856,0,76.38692566191759,0.21244952009757695,-0.05984305199025422,0.6442682385876646,0.0,1.0,0,0,1,0.0,2,0.021907546
2033-01-27,307.86021669651865,1.016668276163743,0,262.20161869264405,13.636828258797955,0,-18.96248461564191,317.756113401749,1.7370280226906138,0,353.3955165287471,0.8250632065678193,0,234.28387362985853,0.5791959111494138,0,-17.89531234084462,312.8343699797954,0.2378460638811566,0,91.2060518349704,-0.057428692102636236,1,88.1817728500963,-0.030070851893133736,1,15.36985412982564,0.018446004101245847,0,314.5814510429899,0.030351167552617936,0,204.76252801020945,-0.12979061298900113,1,Rahu,Ketu,3.5,CLEAR,820.6873710349129,-9.248392310194845,0,1,376.0,327.7922061357856,0,75.83619770514476,0.21406145749304092,-0.05168582289237261,0.6371155022643552,0.0,1.0,0,0,1,0.0,2,0.0216869
2033-02-03,314.97069722374647,1.014649044614292,0,4.850243675689104,14.621658029878377,0,3.4347292519518726,329.72130758826813,1.647221199449944,0,358.79698854489436,0.7128777597597524,0,238.31085021069953,0.5711480373584593,0,-18.8858525595737,314.5016636027124,0.2383049393433473,0,90.84012685117001,-0.046887690071776816,1,87.98769159369364,-0.025279236716097973,1,15.511237292754275,0.021901102633096296,0,314.7945745535909,0.030471525518558248,0,203.72941206158868,-0.04203083846498928,1,Rahu,Ketu,3.5,CLEAR,811.7400870740357,-8.947283960877144,0,1,476.0,327.7922061357856,0,75.32888955841574,0.21447444540901256,-0.04219892106459914,0.6282628410943053,0.0,1.0,0,0,1,0.0,2,0.022319943
2033-02-10,322.06340544740675,1.011775675073539,0,99.33297966073447,12.57574648176288,0,18.201125432607764,340.02167592204086,1.2142396686338008,0,3.288741095350116,0.5634847315240734,0,242.2784767683369,0.5623372024977881,0,-19.77709132118652,316.16872788494766,0.23775416408318126,0,90.55266962152923,-0.03511475659181988,1,87.82947424352999,-0.019872776588334827,1,15.676160087785616,0.025150032160081198,0,315.00758201300226,0.03031173524365864,0,203.4429028837421,-0.15743434357155875,1,Rahu,Ketu,3.5,CLEAR,805.5018431512725,-6.238243922763218,0,1,396.0,327.7922061357856,0,74.87650953374362,0.21397874767486313,-0.031603280932637895,0.618570922747567,0.0,1.0,0,0,1,0.0,2,0.02225211
2033-02-17,329.13567899838586,1.008932951016271,0,183.94585019377695,11.788065750817918,0,-3.0573891948065905,345.39969646189326,0.23790245847543615,0,6.57930872444452,0.3685840662462607,0,246.18116156046395,0.5525061559401633,0,-20.56811328087479,317.82774478261285,0.23610379151788405,0,90.34989279779829,-0.02271330732850187,1,87.71003463350564,-0.014189083197970296,1,15.862330333731677,0.028000022507277463,0,315.217852083224,0.029720296179501886,0,202.37137459931742,-0.05416602410464468,1,Rahu,Ketu,3.5,CLEAR,800.2927425600828,-5.209100591189667,0,1,176.0,327.7922061357856,0,74.48756246406661,0.21249341236609565,-0.020441976595651685,0.6077567715341796,0.0,1.0,0,0,1,0.0,2,0.03200097
2033-02-24,336.1892235879711,1.006356031414593,0,270.3670688772419,13.526173425532349,0,-18.64754655434223,343.03813812021644,-0.8392252634857367,1,8.332995850820527,0.12442575314551996,0,250.00976590716323,0.5410153196049147,0,-21.259123020845866,319.4721809028967,0.2335600901127911,0,90.23612928110872,-0.009720628446827783,1,87.63179400871338,-0.008120040944420672,1,16.06771299582857,0.03062741076909205,0,315.4231719219869,0.028887226810686516,0,202.32104780014413,-0.05944195059237828,1,Rahu,Ketu,3.5,CLEAR,795.5710556481206,-4.7216869119622515,0,1,176.0,327.7922061357856,0,74.16841628528014,0.210204081101512,-0.008748565602145006,0.5951168515654062,0.0,1.0,0,0,1,0.0,2,0.03245662
2033-03-03,343.22294612397974,1.0030839564144434,0,13.662908221593487,14.945492050681748,0,6.0633919822998505,335.98161589964116,-0.9729638119389281,1,8.226296798021103,-0.15935229167337855,1,253.74909726908643,0.5269642523412972,0,-21.852077443598546,321.09447585936414,0.22974746523368067,0,90.21416520136893,0.00347970192698558,0,87.59650675576957,-0.0019272207179642127,1,16.289912971660932,0.03280022182597113,0,315.62107427015434,0.027604036234070393,0,201.73470272214158,-0.01625668420429716,1,Rahu,Ketu,3.5,CLEAR,791.3764255176693,-4.194630130451287,0,1,8.0,327.7922061357856,0,73.924252229708,0.2067727187103126,0.003131731734287022,0.5796606775754269,0.0,1.0,0,0,1,0.0,1,0.035463605
2033-03-10,350.2304172289957,0.9989679535130175,0,108.89729253148609,12.41581925841571,0,16.944853187018783,331.39906517395,-0.2820899012557141,1,6.10994501365663,-0.437507392168996,1,257.38325188950097,0.5110607934789617,0,-22.3507341760136,322.68621112473033,0.22483129222943904,0,90.2849855751133,0.016679370533900496,0,87.60527461897088,0.0043980947298374465,0,16.52629175116508,0.03463999778348313,0,315.8092076417412,0.02607124690650406,0,201.72310324538736,-0.06295466800519342,1,Rahu,Ketu,3.5,CLEAR,787.7412387219697,-3.6351867956996102,0,1,-32.0,327.7922061357856,0,73.75869382394822,0.20234816300649514,0.015011433480510447,0.562166872826858,0.0,1.0,0,0,1,0.0,0,0.039397724
2033-03-17,357.20878756424486,0.9949446354259277,0,192.7051246028217,11.830779905548884,0,-5.738998944930871,331.953896517044,0.40480782156973855,0,2.3423777396786405,-0.6123986786705666,1,260.89889476247754,0.4929848036282153,0,-22.761719775260428,324.2396044856348,0.21884740291355034,0,90.44660595397433,0.029444158363077087,0,87.65768207582157,0.010573771338082145,0,16.773737477990238,0.036010339041986784,0,315.98520934486913,0.024186766342555385,0,201.26284223287288,-0.014182820367328666,1,Rahu,Ketu,3.5,CLEAR,784.6817416167944,-3.0594971051752964,0,1,244.0,327.7922061357856,0,73.67286847598409,0.1969626626221953,0.026499742526769378,0.5422832839910369,0.0,1.0,0,0,1,0.0,0,0.03669628
2033-03-24,4.161096098527386,0.9914824236817363,0,279.3831344524748,13.402479743109184,0,-17.949932983018073,336.5290704496136,0.8687558501131988,0,357.9921203273671,-0.5959617181190486,1,264.27757950658224,0.47167527618775884,0,-23.093923905080825,325.74791573877013,0.21190351961675707,0,90.69642632651497,0.04184872381557093,0,87.75327426962292,0.016707910410527407,0,17.029800928269893,0.03707849248874517,0,316.14747398351255,0.02212321149284318,0,201.35645093057326,-0.0023017219489295977,1,Rahu,Ketu,3.5,CLEAR,782.2065264337152,-2.4752151830791718,0,1,176.0,327.7922061357856,0,73.66662539824507,0.19071316765508137,0.03766385143401384,0.5188428038065348,0.0,1.0,0,0,1,0.0,0,0.07613233
2033-03-31,11.089029350082276,0.9878163823436519,0,21.771924983570802,15.057777018002566,0,8.435209535084988,343.75204662926586,1.1760084771466408,0,354.4198521948271,-0.4022799788213498,1,267.49119079420717,0.44572163140393944,0,-23.35906790159534,327.2029862124809,0.20362161436416984,0,91.03099527719077,0.05366400422426745,0,87.89087615562387,0.022590555721696447,0,17.291557869561345,0.03765629651677585,0,316.29397859349075,0.0197101091304917,0,201.22511314390425,0.0003346927260010665,0,Rahu,Ketu,3.5,CLEAR,780.323846621086,-1.8826798126292488,0,1,76.0,327.7922061357856,0,73.73943740762942,0.18325945292775286,0.048297603801840706,0.4902937945443334,0.0,1.0,0,0,1,0.0,0,0.07062877
2033-04-07,17.988730755496476,0.9834304847738803,0,117.97511132417849,12.393436176171905,0,15.401479513421451,352.8071405511849,1.4024700274267292,0,352.5491713041462,-0.12672291355888066,1,270.50819158539014,0.41558418790010354,0,-23.571050097225225,328.59586572535596,0.194117881492842,0,91.44622623582953,0.06479416645807548,0,88.06909264833502,0.028232287754686596,0,17.55615107226907,0.03781028293707911,0,316.42316605822083,0.017134517116187208,0,201.26503236383874,-0.00568993229105375,1,Rahu,Ketu,3.5,CLEAR,779.038694556393,-1.2851520646929657,0,1,56.0,327.7922061357856,0,73.89007516356045,0.1747060933435578,0.05831474981226793,0.4571426066901139,0.13105009722522354,1.0,0,0,1,0.0,0,0.07432657
2033-04-14,24.85748662280182,0.9791878144075479,0,201.52707281690527,11.928223435369494,0,-8.368220929248434,3.312686797469099,1.5965608667636049,0,352.63888861179146,0.1474443881442855,0,273.29849047327303,0.3807540837243835,0,-23.746702144066816,329.91795567180554,0.18345900550622066,0,91.93595673412645,0.07500774070137776,0,88.28510889408489,0.03344334371296666,0,17.820342655902547,0.03759113348143334,0,316.5333555392087,0.014344102712402045,0,201.26607554805813,-9.796362685957894e-05,1,Rahu,Ketu,3.5,CLEAR,778.3447112242297,-0.6939833321632705,0,1,56.0,327.7922061357856,0,74.1156140782239,0.16511310495559858,0.06750696663123999,0.4188294920968219,0.30670214406681495,1.0,0,0,1,0.0,0,0.09094725
2033-04-21,31.699354048037854,0.975738578587144,0,289.27371624356215,13.397036030672167,0,-16.81509708816895,15.149929444446878,1.786156795111195,0,354.51220575539884,0.379278334971147,0,275.82376296924,0.3394611847584957,0,-23.905804890845353,331.1617795617812,0.17169098725845014,0,92.49463274933545,0.08446665599566629,0,88.53661603493542,0.03833654879938796,0,18.08174032054075,0.037014823702047575,0,316.6238814441868,0.011480852698552715,0,201.1815171964198,-0.008135962008203905,1,Rahu,Ketu,3.5,CLEAR,778.232678166903,-0.11203305732669833,0,1,40.0,327.7922061357856,0,74.4128924287947,0.15452188853260512,0.07601999039609966,0.3734073032343453,0.4658048908453516,1.0,0,0,1,0.0,0,0.08924408
2033-04-28,38.51845418707262,0.9725550804977668,0,29.9837695736604,14.881045641508218,0,10.71085978848373,28.329387526038488,1.9789448606886662,0,357.82707880630056,0.5594601978809685,0,278.03067408450164,0.2896388157455787,0,-24.07118816359914,332.31807201599787,0.15845467158688287,0,93.11640135431021,0.09307196530579864,0,88.82064699771963,0.042773400617838374,0,18.33737743670886,0.03598492657112812,0,316.69351399368185,0.008422536011723979,0,201.24404522786105,-0.009388573368594435,1,Rahu,Ketu,3.5,CLEAR,778.6966994059569,0.4640212390538636,0,1,40.0,327.7922061357856,0,74.77902391760135,0.14260920442819458,0.08376476877521878,0.3186026973201366,0.6311881635991377,1.0,0,0,1,0.0,0,0.05993128
2033-05-05,45.313717070897816,0.9688421934519412,0,126.44230391061987,12.437934076508311,0,13.746857737329842,42.78552301839152,2.138879706101694,0,2.2402865758613912,0.6950880919092252,0,279.860119218431,0.23177254405919423,0,-24.266163227565734,333.3769688314013,0.14383895241896838,0,93.7955841357662,0.10077383223902527,0,89.13444257945974,0.046755330211019484,0,18.5847304191851,0.03458495588555408,0,316.74179086045103,0.005326790091695792,0,200.9940825612546,-0.019595427757633163,1,Rahu,Ketu,3.5,CLEAR,779.7301205973777,1.0334211914207572,0,1,140.0,327.7922061357856,0,75.21085371658111,0.12945505717707154,0.09069644901512273,0.2549497984651137,0.8261632275657327,1.0,0,0,1,0.0,0,0.067964986
2033-05-12,52.082672580380326,0.9652685035604719,0,210.13494315403125,12.059805608780469,0,-10.74490854293085,57.942996013441395,2.1575014268294153,0,7.483258680047186,0.7983540918094976,0,281.2567816425932,0.16585207614487568,0,-24.513420495985066,334.3289859985404,0.12799146618689008,0,94.52491751753753,0.10747686257996548,0,89.47394693866829,0.05018436029186416,0,18.820699233007698,0.03280318228407701,0,316.7680293746104,0.002194953449636454,0,201.08971547365456,-0.01880551805721094,1,Rahu,Ketu,3.5,CLEAR,781.3174744519641,1.5873538545864676,0,1,0.0,327.7922061357856,0,75.70421828452983,0.11519231956820108,0.09672917632196894,0.18243728375936327,1.073420495985065,1.0,0,0,1,0.0,0,0.067626216
2033-05-19,58.8297393674457,0.9626113015379125,0,299.69461076144313,13.563782545998183,0,-15.201483194778525,72.46993958253543,1.9606584897825916,0,13.362175692219774,0.8778593942889096,0,282.1603596492693,0.09063521431154961,0,-24.833871234033424,335.1661005131486,0.11093730393117077,0,95.29837838317374,0.11335132357580018,0,89.83601165371648,0.05315824169213939,0,19.04338064410162,0.030742873014587765,0,316.77272550018256,-0.0008743040711450957,1,200.5666254253697,-0.06426824142883072,1,Rahu,Ketu,3.5,CLEAR,783.4424338131005,2.124959361136348,0,1,-60.0,327.7922061357856,0,76.25499773907212,0.09984357353805369,0.10201619121822016,0.09969873574270458,1.3938712340334227,1.0,0,0,1,0.0,1,0.07139122
2033-05-26,65.56081729834277,0.9606090693804076,0,38.928834193500606,14.504216061904623,0,12.9229804609513,85.09205582557252,1.634218034692117,0,19.729695344647965,0.9386573622800831,0,282.5034154784139,0.006156042724580283,0,-25.242779704111804,335.8785617237835,0.09241052051914536,0,96.10978881147602,0.11837435715935678,0,90.21686285054362,0.05560634775506605,0,19.250172056636863,0.0283200340543128,0,316.7556882070587,-0.0039493659064978115,1,200.53172133160746,-0.03752477266460151,1,Rahu,Ketu,3.5,CLEAR,786.0930046711896,2.650570858089168,0,1,0.0,327.7922061357856,0,76.85961675483915,0.08316946846723083,0.1065369214434211,0.006771646997038312,1.8027797041118028,1.0,0,0,1,0.0,1,0.17782111
2033-06-02,72.27732936452406,0.9582864112765841,0,134.49203306815932,12.460465961018576,0,12.015663145721383,95.25531144384887,1.2643151181916878,0,26.46974197346665,0.9850902841468686,0,282.23814286445054,-0.08191055300471613,1,-25.740717594192763,336.45677749656323,0.0725759697387069,0,96.95345101669886,0.12247076573636898,0,90.61320115552803,0.057497157877710946,0,19.439130405853245,0.025582016445395532,0,316.7177060861854,-0.006916397288127121,1,199.78112821268726,-0.0779319669335161,1,Rahu,Ketu,3.5,CLEAR,789.2558270399836,3.162822368793968,0,1,0.0,327.7922061357856,0,77.51432061084562,0.06531837276483622,0.11022368916273208,-0.09010160830518775,2.3007175941927613,1.0,0,0,1,0.0,1,0.010062262
2033-06-09,78.97710211060934,0.9560445951467998,0,218.39543529880063,12.18178209304559,0,-12.745839811502668,102.69595197822626,0.8521574830736076,0,33.49925720165762,1.0220884270921886,0,281.3655838447322,-0.16614886890819044,1,-26.30883411331718,336.89247156619194,0.05179135813659745,0,97.82222560712337,0.1256282188809098,0,91.02052157114976,0.05881354237318367,0,19.607760115345265,0.022584932257736626,0,316.6592784518088,-0.00972180007621694,1,199.69769971285496,-0.049186425758369505,1,Rahu,Ketu,3.5,CLEAR,792.9078886311738,3.652061591190204,0,1,120.0,327.7922061357856,0,78.2144654917781,0.046612222322937706,0.11306539699281883,-0.1827637557990095,2.8688341133171775,1.0,0,0,1,0.0,1,0.013447624
2033-06-16,85.66415272592484,0.9547080120899374,0,310.1420514723017,13.889848806554637,0,-13.155821126888537,107.02181838788604,0.37134871105641853,0,40.76402057722193,1.0525799648549856,0,279.9383137590671,-0.2390988165807087,1,-26.909261484531285,337.1800260659886,0.03020023108546093,0,98.71039067533746,0.1279737046024551,0,91.43543714351874,0.05961969921609912,0,19.75489759787492,0.019389448354997105,0,316.58212102062515,-0.01232211571669946,1,198.73171963750096,-0.11876737597015691,1,Rahu,Ketu,3.5,CLEAR,797.0239007739094,4.116012142735599,0,1,216.0,327.7922061357856,0,78.95549307746255,0.02718020797691484,0.1151763341422096,-0.2630086982387796,3.469261484531284,1.0,0,0,1,0.0,1,0.013673983
2033-06-23,92.34535581333657,0.9543165176187928,0,48.76054845576476,14.084082349171931,0,14.945147644531097,107.77762376352291,-0.15442644795885774,1,48.22252247971137,1.077538888444323,0,278.0674005128508,-0.2907292519051277,1,-27.487333873158562,337.31332435649387,0.007809628259993981,0,99.61200922869519,0.12953168057835474,0,91.85369618556467,0.06014351668556109,0,19.878661928820524,0.015974086918531416,0,316.48716340886943,-0.014733050283439086,1,198.48828629041964,-0.06642419262971336,1,Rahu,Ketu,3.5,CLEAR,801.5801269374444,4.55622616353503,0,1,216.0,327.7922061357856,0,79.73334729987467,0.007028665433994583,0.11657851252051926,-0.3198021770956405,4.047333873158561,1.0,0,0,1,0.0,1,0.016820388
2033-06-30,99.02407099005723,0.9537885837318012,0,142.47493010528063,12.402930728891526,0,10.117975354536425,105.14221921548413,-0.553380363925846,1,55.83787638324062,1.0975690465351111,0,275.949073607986,-0.3080243151255296,1,-27.979964563317136,337.2884995761578,-0.01491842289062027,1,100.52164110239839,0.13018928070403524,0,92.27250618818856,0.059578994125792914,0,19.977985073637466,0.012346704583263302,0,316.37638611305994,-0.01689871678398721,1,197.34362785990822,-0.13283611009409751,1,Rahu,Ketu,3.5,CLEAR,806.5490331814156,4.968906243971105,0,1,216.0,327.7922061357856,0,80.54365602876092,-0.013426580601558243,0.11717035263363172,-0.33882674663808254,4.539964563317135,1.0,0,0,1,0.0,2,0.017186355
2033-07-07,105.69842906241068,0.9532500651570728,0,226.3782119872671,12.25215704022986,0,-14.359994888968023,101.00125244315964,-0.5459789688231721,1,63.58163788868573,1.1145833467569,0,273.846648743382,-0.28642255171761255,1,-28.339677929527326,337.1055623885705,-0.03720980010855686,1,101.43219869121843,0.12991346476271132,0,92.68674173554048,0.05870820927335381,0,20.051375318473053,0.008634204954401337,0,316.2514333782893,-0.018721710354154156,1,197.08621095417527,-0.056208552983365995,1,Rahu,Ketu,3.5,CLEAR,811.8854199456566,5.33638676424107,0,1,-164.0,327.7922061357856,0,81.38082337274538,-0.033488820097701176,0.11692211828644018,-0.3150648068893738,4.899677929527325,1.0,0,0,1,0.0,2,0.017571418
2033-07-14,112.37136731849468,0.9534666683373701,0,320.128049708556,14.308691844725068,0,-10.817377696790246,98.56207536937755,-0.09493299079421554,1,71.4381698026828,1.1298864054813518,0,272.0166379444844,-0.23177191802391986,1,-28.551682015020667,336.7696509781463,-0.05862052342889864,1,102.33839702302924,0.12884198436511082,0,93.09320980757498,0.057309537170053056,0,20.098728719625772,0.004854501783501004,0,316.11504499509215,-0.02022555858386356,1,195.98730062058377,-0.13589826856690082,1,Rahu,Ketu,3.5,CLEAR,817.5405257706059,5.65510582494926,0,1,36.0,327.7922061357856,0,82.23966830340348,-0.05275847108600878,0.11595778592859975,-0.25494910982631186,5.111682015020666,1.0,0,1,1,0.0,2,0.014813398
2033-07-21,119.04983642769265,0.9548111727783356,0,59.22057804469604,13.748256227963648,0,16.578734914063535,100.1078338092061,0.5468889199309294,0,79.39666973770336,1.1436804268794498,0,270.6577123351315,-0.15304115259577206,1,-28.62888306596082,336.2878917018641,-0.07871752725410372,1,103.23427706108092,0.12701775655073963,0,93.48798633037644,0.05542939257152761,0,20.119298212380997,0.0010510563343831495,0,315.9690884095362,-0.021381932596421724,1,195.70041344822067,-0.06907842060362335,1,Rahu,Ketu,3.5,CLEAR,823.4609438632035,5.920418092597629,0,1,136.0,327.7922061357856,0,83.11497884869992,-0.07084577452869335,0.11431598089566566,-0.16834526785534928,5.18888306596082,1.0,0,1,1,0.0,2,0.013672336
2033-07-28,125.73851471041266,0.9561552266935086,0,150.69659768544318,12.264054347457778,0,7.938860048843226,106.1943685572126,1.1823619808753671,0,87.44482191382806,1.1554761711272286,0,269.91168433209924,-0.05835543254826726,1,-28.598202759828038,335.67252951234275,-0.0966614174631574,1,104.11427278140431,0.12422597441693749,0,93.86768380349467,0.05293652470550832,0,20.113214862390294,-0.002805384852054718,1,315.816377876694,-0.022204555670686767,1,194.57439234614384,-0.13717741983729498,1,Rahu,Ketu,3.5,CLEAR,829.5818882011451,6.120944337941637,0,1,-320.0,327.7922061357856,0,84.00105791901402,-0.08699527571684167,0.11180337697524374,-0.06419097580309399,5.158202759828036,1.0,0,1,1,0.0,3,0.013636798
2033-08-04,132.43576818373938,0.9573813754858757,0,234.32879966382572,12.257197548057446,0,-15.66174558817512,116.41951321156314,1.7117212005407267,0,95.57071959292678,1.1660999136881967,0,269.8515236766764,0.04103095870159452,0,-28.490642974451482,334.94226362396074,-0.11137658339734158,1,104.9714770974437,0.12056558124517394,0,94.22802596113266,0.04995644730840377,0,20.08041535770665,-0.006521799116243237,1,315.65935604089634,-0.022567132580382395,1,194.36362179870426,-0.024770664641485467,1,Rahu,Ketu,3.5,CLEAR,835.8200089005333,6.238120699388105,0,1,-360.0,327.7922061357856,0,84.89106173973704,-0.10023892505760743,0.10850902312065655,0.04513405457175397,5.050642974451481,1.0,0,1,1,0.0,3,0.010957633
2033-08-11,139.142960752547,0.9590914519123995,0,329.33585164197785,14.70696193360397,0,-8.354741117402613,129.60000064613408,2.004824281625056,0,103.7692465079875,1.1762885144516746,0,270.47421969749706,0.1354888004434275,0,-28.329129258997117,334.121875289799,-0.12240964019260714,1,105.80017921670883,0.1160427998956546,0,94.56589121753899,0.04646954008131598,0,20.022178124339746,-0.010122775058580688,1,315.50127698962206,-0.022567460649197037,1,193.5697913991016,-0.10676210737285763,1,Rahu,Ketu,5.0,OVERCAST (CAUTION),842.0836407638271,6.263631863293881,0,1,-499.0,327.7922061357856,0,85.77800109236908,-0.11016867617334643,0.10443851990608914,0.14903768048777027,4.889129258997116,1.0,0,1,1,0.0,3,0.010802468
2033-08-18,145.8661547312621,0.9619845492029054,0,69.82967320125832,13.57006384325947,0,17.67068436100362,143.83038913156872,2.0241234318393135,0,112.03850685920868,1.186260489103661,0,271.72826111705217,0.22150672602760244,0,-28.121070559603684,333.2380258871536,-0.12937606947179048,1,106.5944014736755,0.11075546403908892,0,94.87775629156364,0.042581507930484416,0,19.939269460498352,-0.013508362509216153,1,315.34445344373694,-0.02214596849446159,1,193.4398521577737,-0.02913556183407694,1,Rahu,Ketu,5.0,OVERCAST (CAUTION),848.2792529285741,6.19561216474699,0,1,-279.0,327.7922061357856,0,86.65513201317715,-0.11643846252461143,0.09967991763518004,0.2436573986303627,4.681070559603683,1.0,0,1,1,0.0,3,0.010626391
2033-08-25,152.61071845882142,0.9649624084875944,0,159.283116682575,12.085665917938496,0,5.437480920296646,157.61386478318886,1.9027063004261808,0,120.37411885295468,1.1951417507799638,0,273.5566997699106,0.29946556917337297,0,-27.861103595938292,332.32123907553995,-0.13174821844902476,1,107.34819065346707,0.10443403806603024,0,95.16056694108032,0.03812677557133833,0,19.833273137892455,-0.016744020582741218,1,315.191882918878,-0.02138905883689616,1,192.74175841156887,-0.08705953367909548,1,Rahu,Ketu,5.0,OVERCAST (CAUTION),854.3038866694371,6.02463374086301,0,2,-139.0,327.7922061357856,0,87.51491751557461,-0.11857339660412229,0.09399063425942722,0.3294121260907103,4.421103595938291,1.0,0,1,1,0.0,3,0.009853624
2033-09-01,159.37508731789927,0.9676983278973009,0,242.56847847528994,12.229141266768545,0,-16.74131769788196,170.40901187246948,1.7530997008296272,0,128.7686764347477,1.2032115069551377,0,275.89891325288994,0.3680590321973258,0,-27.53777315741187,331.4054951942109,-0.1290509956751096,1,108.054505407229,0.09723866647359804,0,95.41073974423094,0.0333033358429083,0,19.705832093194886,-0.019590032482939036,1,315.04617768037826,-0.020157443441876612,1,192.71579493786552,0.015524930624985275,0,Rahu,Ketu,5.0,OVERCAST (CAUTION),860.043800007443,5.739913338005863,0,2,-139.0,327.7922061357856,0,88.34867331403412,-0.11614589610759865,0.08751479982623823,0.40486493541705837,4.0977731574118685,1.0,0,1,1,0.0,3,0.010052857
2033-09-08,166.1587154997144,0.9705577054136422,0,337.7755365690546,14.943395108397013,0,-5.879999617818404,182.17911170220356,1.6118360967999859,0,137.21808893280823,1.2108658052653234,0,278.6850011877002,0.42619758370662475,0,-27.13643341488209,330.5253469206453,-0.12171871050642653,1,108.70741719260724,0.08914725204762938,0,95.62584000470913,0.028072995695179532,0,19.559726444214583,-0.022119719726389705,1,314.9103642876459,-0.018619999352883207,1,192.41309947083488,-0.047127560860615716,1,Rahu,Ketu,5.0,OVERCAST (CAUTION),865.389197787973,5.345397780529993,0,2,-75.0,327.7922061357856,0,89.14769074839265,-0.10954683945578388,0.08023252684286644,0.46881734207728726,3.6964334148820903,1.0,0,1,1,0.0,3,0.009283973
2033-09-15,172.9658220876315,0.9744987387664548,0,80.05799502340004,13.568943770051646,0,18.1968363399661,192.99770776873126,1.4798915647295494,0,145.72112473772265,1.2185203011396988,0,281.84469704734965,0.4754006246335098,0,-26.640085517822573,329.711251877439,-0.11020178720211644,1,109.30099158657211,0.08031193358940096,0,95.80334683083105,0.022603747722667242,0,19.397325862551593,-0.02419970708138455,1,314.7865133907817,-0.016695546723350812,1,192.4216706414244,0.009368905956623614,0,Rahu,Ketu,5.0,OVERCAST (CAUTION),870.2421026899458,4.852904901972806,0,2,-139.0,327.7922061357856,0,89.90366572402051,-0.0991816084819048,0.07228074023046087,0.5229406870968608,3.200085517822572,1.0,0,1,1,0.0,3,0.009210018
2033-09-22,179.80177698635168,0.9785675418856465,0,168.1514331799632,11.92253749174485,0,2.693286357954119,202.88377227106633,1.3416196287712663,0,154.27501148683268,1.2252637427809656,0,285.3260621379673,0.5182845700016181,0,-26.031818157330722,328.99128302810533,-0.0948904015845869,1,109.8292144650043,0.0704498949536519,0,95.9411703547812,0.016722899487102556,0,19.221574995413285,-0.025938623140887178,1,314.67703594714646,-0.014533581019846514,1,192.24443726818745,-0.023511698383531884,1,Rahu,Ketu,5.0,OVERCAST (CAUTION),874.5084887247831,4.266386034837296,0,2,-70.0,327.7922061357856,0,90.60763946959102,-0.08540136142612821,0.06340490545828671,0.5701130270017799,2.591818157330721,1.0,0,1,1,0.0,3,0.008016869
2033-09-29,186.66489036959473,0.9822496247843487,0,251.33438758404853,12.237688216458809,0,-17.622923030612846,211.69391477668805,1.1652826062210344,0,162.87272895314433,1.2310870539385634,0,289.0867591117414,0.5551672357212963,0,-25.298124924538026,328.3907784672564,-0.07619542388947562,1,110.28555123850371,0.05981454208812614,0,96.03721484959419,0.010704313409927613,0,19.035640573587738,-0.027084570938048974,1,314.5840009190402,-0.011991445399370236,1,192.27129847768967,0.013981776047084598,0,Rahu,Ketu,5.0,OVERCAST (CAUTION),878.0990740425298,3.5905853177466724,0,2,90.0,327.7922061357856,0,91.24991066491597,-0.06857588150052805,0.053833087879313526,0.610683959293426,1.858124924538025,1.0,0,1,1,0.0,3,0.0073689013
2033-10-06,193.55249810983702,0.985644328780203,0,345.88478728672226,14.913580436093588,0,-3.3869318518589338,218.96471393817703,0.8870095177234674,0,171.5084398869428,1.236172223931063,0,293.0834098361474,0.5856576849120081,0,-24.430257143945383,327.9297354790439,-0.05525834221061043,1,110.66479135307115,0.048417509306827276,0,96.09058455505955,0.004515524031263518,0,18.84341205063427,-0.027772525192747356,1,314.50947253993326,-0.00929333082226796,1,192.2774180741206,0.004212034296479256,0,Rahu,Ketu,5.0,OVERCAST (CAUTION),880.9429734045829,2.8438993620530937,0,2,186.0,327.7922061357856,0,91.82137930243688,-0.04973250798954938,0.04357575837614455,0.644223453403209,0.9902571439453816,1.0,0,1,1,0.0,3,0.007242079
2033-10-13,200.4662011322612,0.9898542581906348,0,89.48648283455603,13.706477540980643,0,18.264295247223608,223.5880281978075,0.3815711374286543,0,180.17926258217756,1.2411661127661977,0,297.2736364542776,0.6108925597858174,0,-23.422887471833622,327.62068592323203,-0.03284587061783443,1,110.9623922835831,0.03650683286373846,0,96.10074796841356,-0.0016137537583621974,1,18.648364962648255,-0.027868273153921205,1,314.4546503835674,-0.006338871845295212,1,192.22858610751206,-0.009591670344789508,1,Rahu,Ketu,5.0,OVERCAST (CAUTION),882.9910916904258,2.0481182858429747,0,2,141.0,327.7922061357856,0,92.31402732093484,-0.029561283556050987,0.032856149577364616,0.6719818157643992,0.0,1.0,0,1,1,0.0,4,0.005474768
2033-10-20,207.4106097890356,0.9942026055168319,0,177.05632365522754,11.814596524129309,0,-0.10916551532276539,223.40336328038362,-0.49606397175856326,1,188.88275776711603,1.2453879454041372,0,301.62829497447336,0.6327988974455993,0,-22.273240519300625,327.47190402079144,-0.009529825788776251,1,111.17400199462975,0.023865962148875527,0,96.06760513270797,-0.007838539339403707,1,18.454113552073025,-0.027532983185068798,1,314.42074236866387,-0.00331904813285786,1,192.30564215749703,0.013891954973214118,0,Rahu,Ketu,5.0,OVERCAST (CAUTION),884.2044407276965,1.213349037270632,0,2,5.0,327.7922061357856,0,92.71988844255672,-0.008576843209898627,0.021479365933987974,0.6960787871901593,0.0,1.0,0,1,1,0.0,4,0.006343023
2033-10-27,214.38381911311853,0.998014798428381,0,260.63038474468726,12.35349998552035,0,-18.226914195298377,216.73170624223613,-1.270896839622666,1,197.61262545337618,1.2487003203244635,0,306.12565373257814,0.6515926111996799,0,-20.98218969683024,327.48851693821837,0.014287992388432206,0,111.29581830003282,0.010899692719223633,0,95.99164374058542,-0.013819693637951602,1,18.264510531058455,-0.026539704737136245,1,314.408745984063,-9.077505728621176e-05,1,192.09230011257785,-0.05713490845500129,1,Rahu,Ketu,5.0,OVERCAST (CAUTION),884.5545428686135,0.350102140916988,0,2,121.0,327.7922061357856,0,93.03130776897436,0.012859193149588985,0.00980972344730127,0.716751872319648,0.0,1.0,0,1,1,0.0,3,0.0058243014
2033-11-03,221.38103788793592,1.0011236305037066,0,354.391867053081,14.643267831635008,0,-0.7660291098483727,209.32983477283656,-0.5821123391832373,1,206.36242810078778,1.2511430118218907,0,310.7418270067564,0.6666679881869644,0,-19.555468563283757,327.67087393124973,0.03768534638355341,0,111.3260680103416,-0.0022624482007561016,1,95.87458340541177,-0.019575315749448374,1,18.08354906329052,-0.02509121427458046,1,314.4192978795458,0.0030918710630911178,0,192.02682804605433,0.020776343462943905,0,Rahu,Ketu,5.0,OVERCAST (CAUTION),884.0344994715074,-0.5200433971060647,0,2,85.0,327.7922061357856,0,93.24251894705108,0.033916811745198075,-0.0020362033806804914,0.7333347870056609,0.0,1.0,0,1,1,0.0,3,0.0061587333
2033-11-10,228.40086100303313,1.0046568909315752,0,97.98906207161876,13.87368133364924,0,18.015798460431068,209.81608757328755,0.653867183407065,0,215.12875214357175,1.2535139195920573,0,315.451640592956,0.6785961855857106,0,-18.001851585670725,328.01444339808893,0.060319272908725935,0,111.26479838147824,-0.015232454932589647,1,95.71892344529708,-0.024841013431888895,1,17.914728197096515,-0.023077561494909585,1,314.452390113266,0.0063496983764437095,0,191.67759824563913,-0.08618637257011001,1,Rahu,Ketu,5.0,OVERCAST (CAUTION),882.6585931672653,-1.3759063042421076,0,2,-203.0,327.7922061357856,0,93.35007018438174,0.054287345617853346,-0.013709209439330683,0.7464558041442817,0.0,1.0,0,1,1,0.0,3,0.0085346615
2033-11-17,235.44645144190332,1.0083168738936201,0,185.70646518776346,11.771322878004451,0,-2.7559242670913218,216.94963288396102,1.2836863744091997,0,223.9105383243621,1.2554782466993948,0,320.2381323708237,0.6887401570656434,0,-16.331109441164223,328.51298906789685,0.08197960317884993,0,111.11291093723194,-0.028087030425654375,1,95.5274743830049,-0.0297569353172671,1,17.761163636039846,-0.02070667722267576,1,314.5077688438708,0.009478043458956465,0,191.6009723573344,0.011481385157594998,0,Rahu,Ketu,5.0,OVERCAST (CAUTION),880.4495390036607,-2.2090541636046055,0,2,75.0,327.7922061357856,0,93.35174730119209,0.07378164286096495,-0.02527832738308894,0.7576141727722078,0.0,1.0,0,1,1,0.0,3,0.008420101
2033-11-24,242.51585010305365,1.01133896987087,0,270.1653504009145,12.607027178113626,0,-18.416582690362468,226.81407525763723,1.4924002178408131,0,232.7040533272173,1.2568221699829076,0,325.0904409027021,0.6973155547650399,0,-14.55408544488571,329.1598720970198,0.10262887343699105,0,110.87324808002192,-0.040252071073805025,1,95.30403556715859,-0.03396774137432234,1,17.626161740154227,-0.01779643632047114,1,314.58518903171506,0.012620080079959458,0,190.93541217392988,-0.16587262478547482,1,Rahu,Ketu,5.0,OVERCAST (CAUTION),877.4405631335051,-3.0089758701556093,0,2,-145.0,327.7922061357856,0,93.24708633986769,0.09236598609329194,-0.03622686396642452,0.7670471102415439,0.0,1.0,0,1,1,0.0,3,0.01657784
2033-12-01,249.60254804778288,1.0133016571638438,0,3.8876286360107133,14.299091030212223,0,2.085612633323334,237.49387407559524,1.5458908611992292,0,241.5041371838509,1.2574073033457327,0,329.99518462327757,0.7036355212894281,0,-12.684456725156974,329.94607907482595,0.12173022726469845,0,110.55150452952707,-0.05147008211200221,1,95.0533998701126,-0.03750786274212944,1,17.51258951322009,-0.014599505773999615,1,314.6837943684694,0.015519862243388024,0,190.4924826018072,0.008522593516275538,0,Rahu,Ketu,5.0,OVERCAST (CAUTION),873.6854822348038,-3.7550808987012942,0,2,-85.0,327.7922061357856,0,93.03891501630697,0.1095572045382286,-0.046323073900801995,0.7739990734183709,0.0,1.0,0,1,1,0.0,3,0.017063454
2033-12-08,256.7023207724639,1.0152665834665315,0,105.8890320403932,13.91170150272383,0,17.49613078700917,248.36356113415496,1.5572246093107582,0,250.30801651636952,1.2580075842444336,0,334.93667017972615,0.7079481105029757,0,-10.737415912549713,330.86068816028074,0.13931598883115517,0,110.15613364134813,-0.06128617449002113,1,94.78120429405374,-0.040149372335835265,1,17.4227976164401,-0.01103461409166377,1,314.80240594556807,0.018316432373338094,0,189.74613924259464,-0.17632511171303403,1,Rahu,Ketu,5.0,OVERCAST (CAUTION),869.2559430506662,-4.429539184137525,0,1,-181.0,327.7922061357856,0,92.73333602490803,0.12538438994803966,-0.05515755704101902,0.7787429215532733,0.0,1.0,0,1,1,0.0,3,0.019201836
2033-12-15,263.81657279253096,1.017345713772099,0,193.921918770227,11.775960156803933,0,-5.113868776887281,259.28958901823165,1.5654895932230033,0,259.11613865172495,1.2585849661626403,0,339.90419686986326,0.7112542117556804,0,-8.727657510361368,331.89299561795104,0.1554240457490706,0,109.69660361164507,-0.06971021074936856,1,94.49289709098245,-0.042057056600645015,1,17.358336596195855,-0.007324190188304212,1,314.93944198017766,0.020820860983132412,0,189.31257650847786,-0.006556692483294314,1,Rahu,Ketu,5.0,OVERCAST (CAUTION),864.2284494719324,-5.027493578733811,0,1,-181.0,327.7922061357856,0,92.33826701544922,0.13988164117416355,-0.0627391896744317,0.7823796329312485,0.0,1.0,0,1,1,0.0,3,0.018128976
2033-12-22,270.94376511480914,1.01880573899877,0,279.4520692350974,12.955043707142512,0,-18.1052939042254,270.3032713108721,1.583215730148496,0,267.92756411090846,1.258864652577111,0,344.8926667323551,0.7138497691390358,0,-6.6689228419922575,333.0335958311107,0.1702044179084436,0,109.18481955538556,-0.07617580872747087,1,94.19484395689493,-0.042944812011260595,1,17.320987355384855,-0.0033276378247437985,1,315.0936047427685,0.02317208187727541,0,188.3283020408821,-0.2334404498951883,1,Rahu,Ketu,5.0,OVERCAST (CAUTION),858.6873555020368,-5.541093969895655,0,1,-227.0,327.7922061357856,0,91.8638322000007,0.15318397611759924,-0.06855822785472379,0.7852347460529394,0.0,1.0,0,1,1,0.0,3,0.021693736
2033-12-29,278.07667847372454,1.0189956701926663,0,14.409526307609372,14.082932724270519,0,5.127200987224479,281.4804712233511,1.611831595094367,0,276.738507456696,1.2584721335077125,0,349.8947893527649,0.7150740182453313,0,-4.5762019463059085,334.2718352503705,0.18331125633654197,0,108.63503595128701,-0.08050565655494797,1,93.89370347046125,-0.04291681332239875,1,17.311696491148215,0.0006932012569153377,0,315.2628402512225,0.025138257561268796,0,187.60828366716657,-0.003024704270542266,1,Rahu,Ketu,5.0,OVERCAST (CAUTION),852.7325192404397,-5.954836261597052,0,1,-227.0,327.7922061357856,0,91.3233394601388,0.16498013070288778,-0.07245509089945318,0.7865814200698645,0.0,1.0,0,1,1,0.0,2,0.024163013
2034-01-05,285.2090678475769,1.0188390279816293,0,113.8604519430767,13.716233500193434,0,16.607001121161357,292.8783195189865,1.6437710841493909,0,285.5462753232021,1.2580251121803045,0,354.90062809382295,0.7149703457296247,0,-2.465214432737292,335.5965589681354,0.19491310896942857,0,108.06343082248473,-0.08246582362568879,1,93.59655133071026,-0.04186302017765446,1,17.331034407769423,0.004800043450707949,0,315.4451342194033,0.02686625411720146,0,186.71662233389455,-0.20845957195346845,1,Rahu,Ketu,5.0,OVERCAST (CAUTION),846.4731711374754,-6.259348102964282,0,1,-15.0,327.7922061357856,0,90.73239641471531,0.1754217980724857,-0.0742192412631199,0.7864673803025872,0.0,1.0,0,1,1,0.0,2,0.026052862
2034-01-12,292.340844486174,1.0188173840683357,0,201.76419781789318,11.797846948107082,0,-7.20938975338479,304.4343071833369,1.6485565627711425,0,294.35101829994625,1.2576515741111876,0,359.9031091242328,0.7142980345187577,0,-0.3508095313681407,336.9973692797954,0.20513515930883097,0,107.48548460503346,-0.08225386007748464,1,93.30941927829979,-0.04000205832578959,1,17.37858263299744,0.008803273839521383,0,315.63799882485927,0.028209929950077928,0,186.14690612228708,0.0011654673218277382,0,Rahu,Venus,3.5,CLEAR,840.0140431177056,-6.459128019769878,0,1,-15.0,327.7922061357856,0,90.10690197203603,0.18462164337794787,-0.07402847406973619,0.7857278379706336,0.0,1.0,0,1,1,0.0,2,0.023753768
2034-01-19,299.4715512267325,1.0183599232586977,0,288.09728106369016,13.280447936456246,0,-17.32943686856558,315.68687674035294,1.532272443802198,0,303.1531057665004,1.257140930473491,0,4.900409934724753,0.7134201063450283,0,1.7538496878195655,338.4656962060198,0.2141508928599159,0,106.91758455680244,-0.0796188030384019,1,93.03882238634134,-0.03717635398753779,1,17.454343685463098,0.01281253779249961,0,315.8395152963101,0.02929376715884445,0,185.3460728386077,-0.20301065040604221,1,Rahu,Venus,3.5,CLEAR,833.4585294026124,-6.555513715093184,0,1,-15.0,327.7922061357856,0,89.46324087133934,0.1927358035739243,-0.0716569227345617,0.7847621169795311,0.0,1.0,0,1,1,0.0,2,0.026018208
2034-01-26,306.5947266922983,1.0166416714566606,0,25.394804134956978,14.116564654063128,0,8.137834788738942,325.0750149179502,1.0639809527808466,0,311.9491665274646,1.2559206902637081,0,9.889096063856185,0.71176681900376,0,3.8351543913508106,339.99190249913875,0.22168510583526305,0,106.37604502621016,-0.07470742436081883,1,92.79067168385527,-0.03356750689675411,1,17.55732495055197,0.016600082027629325,0,316.04694350995305,0.02993042583845824,0,184.76354605975345,0.013823980126843424,0,Rahu,Venus,3.5,CLEAR,826.9139444344614,-6.544584968150957,0,1,-165.0,327.7922061357856,0,88.81872007565819,0.19951659525173673,-0.06723668192473695,0.7829435009041361,0.0,1.0,0,1,1,0.0,2,0.023670163
2034-02-02,313.7033222800171,1.0143620981342405,0,122.48316749220162,13.332778648351304,0,15.21276101192634,329.11670046407176,-0.004898650054612129,1,320.7352386874236,1.2543420981565154,0,14.863042675112677,0.7092156482694737,0,5.878943246094122,341.5663022191995,0.22790618846697297,0,105.87666373687053,-0.0677028623007413,1,92.57073846244452,-0.029201982557496196,1,17.686429497395842,0.02021241368416588,0,316.2579147837427,0.0302555923408144,0,184.16531397610763,-0.15180458404637076,1,Rahu,Venus,3.5,CLEAR,820.4838682990014,-6.430076135460013,0,1,-290.0,327.7922061357856,0,88.19023423947468,0.2051155696202757,-0.06093257607066717,0.7801372130964211,0.0,1.0,0,1,1,0.0,2,0.024922913
2034-02-09,320.79644379892306,1.0122973229196923,0,209.53302332213713,11.81098657763874,0,-9.1935686536003,324.8720635800512,-1.082420997643876,1,329.510028121734,1.252770446340721,0,19.817499047935083,0.7063753020943122,0,7.8716696710087435,343.1799046852229,0.23297416388659337,0,105.43200602330518,-0.059047578663540455,1,92.38302752677855,-0.02431231773237509,1,17.8395864021359,0.02353190650835622,0,316.4695808951536,0.030191616058260904,0,183.81622241369342,0.027014842336737045,0,Rahu,Venus,3.5,CLEAR,814.2559461957178,-6.227922103283618,0,1,-418.0,327.7922061357856,0,87.59241962116928,0.20967674749793402,-0.05314282079718641,0.7770128323037435,0.0,1.0,0,1,1,0.0,2,0.027186478
2034-02-16,327.8752809994263,1.0101173975250102,0,296.11895186541483,13.45673409985038,0,-16.208775660731803,317.1284187617824,-0.9055857221850745,1,338.27382005903536,1.2510906383948186,0,24.752591088509053,0.7036274094770816,0,9.801477612554221,344.82558614643636,0.23701292910385985,0,105.05371836926764,-0.04881382434704888,1,92.23173516398928,-0.018850883151042646,1,18.015417091815515,0.026639061901479525,0,316.6799373890611,0.029831723115727595,0,183.5307369081234,-0.10350395807132472,1,Rahu,Venus,3.5,CLEAR,808.3074219559321,-5.948524239785684,0,1,-165.0,327.7922061357856,0,87.03830127745212,0.21331163619347387,-0.043932441912343995,0.7739901504247898,0.0,1.0,0,1,1,0.0,2,0.027855972
2034-02-23,334.9355471640543,1.0069209265660004,0,36.03354629062245,14.394368429647862,0,10.846791509421378,313.756024950468,-0.05186108803633547,1,347.02353903765857,1.2487124143020196,0,29.66742813559905,0.7005343031688657,0,11.656514060734441,346.4950086284398,0.23978144037252622,0,104.75141185667633,-0.03734550168840606,1,92.11989841547039,-0.013012217325387846,1,18.21154306558626,0.029367752956255908,0,316.88611280232186,0.029045939226943682,0,183.28466724580068,0.027751759478651758,0,Rahu,Venus,3.5,CLEAR,802.7109757914793,-5.5964461644528,0,1,-235.0,327.7922061357856,0,86.53986879109007,0.2158032963352736,-0.03361095151956545,0.7705877334857523,0.0,1.0,0,1,1,0.0,2,0.025387712
2034-03-02,341.97065234990384,1.0030750362099228,0,131.841550630939,12.915050886286483,0,13.291226716046355,315.8665756252188,0.6039885591134502,0,355.75431289545145,1.2457081805504104,0,34.5585567951798,0.6968220542876926,0,13.424545569424081,348.17984062055143,0.2413896933015034,0,104.53285673075723,-0.0250397317150575,1,92.05021004260568,-0.006909229341249952,1,18.425771999439128,0.03174189935094079,0,317.085888315941,0.027945026454109415,0,183.1304440080946,-0.05744373245907147,1,Rahu,Venus,3.5,CLEAR,797.5286125033733,-5.182363288105989,0,1,-75.0,327.7922061357856,0,86.10708473131811,0.21725072397135306,-0.022535758543551748,0.766504259716462,0.0,1.0,0,1,1,0.0,2,0.035128325
2034-03-09,348.9795626636561,0.999570642500414,0,217.57415803499174,11.812998789244444,0,-11.192616500337339,321.6076794850895,1.003509135115839,0,4.463328827534586,1.2426144810938418,0,39.42279284245181,0.6930154662145974,0,15.09369665758833,349.872265412947,0.24201972330306687,0,104.40185815572345,-0.012303428850334643,1,92.02340891405834,-0.0007071880298194185,1,18.65505625104802,0.03373396911200073,0,317.276605923689,0.02652243066979999,0,183.0487743067378,0.022714827330129472,0,Rahu,Venus,3.5,CLEAR,792.8032959303605,-4.725316573012833,0,1,5.0,327.7922061357856,0,85.74680190467542,0.21781775097276018,-0.01107308596530118,0.7623170128360572,0.0,1.0,0,1,1,0.0,2,0.033899553
2034-03-16,355.9653106899645,0.9963226438595534,0,303.9884968365263,13.44384553847184,0,-14.833412809444095,329.5850392018562,1.2595703990831744,0,13.15093016623384,1.2395076705763484,0,44.26144801464389,0.6894711532688514,0,16.65369046425553,351.56603326552283,0.24174236580621486,0,104.36134011273073,0.0007380150950461797,0,92.04054497113545,0.005587464340186715,0,18.897279349644236,0.0353871420880452,0,317.4565974268378,0.024831572453005962,0,183.07646116924528,-0.011319191233213052,1,Rahu,Venus,3.5,CLEAR,788.5679941547969,-4.235301775563585,0,1,-95.0,327.7922061357856,0,85.4640607630865,0.21756812922559338,0.0006642135855415617,0.7584182685957367,0.0,1.0,0,1,1,0.0,0,0.033479996
2034-03-23,2.9266027215343544,0.9924746717784415,0,45.754101837377426,14.791556159187271,0,13.103633655392095,339.08873864121335,1.448977230550485,0,21.815232599339577,1.2359054875924367,0,49.075317902497716,0.685899602259031,0,18.09471066334821,353.25379549564593,0.24031315699751873,0,104.4122589101235,0.013835064467869213,0,92.10146329078478,0.011841040259032494,0,19.149382041020697,0.03660705831985083,0,317.6233846626607,0.022810653534014902,0,183.0413703879146,0.0026837401352915345,0,Rahu,Venus,3.5,CLEAR,784.8508325801288,-3.7171615746681255,0,1,-195.0,327.7922061357856,0,85.2628768691028,0.21628184129776687,0.012451558021082292,0.7544895624849342,0.0,1.0,0,1,1,0.0,0,0.029967822
2034-03-30,9.858282494781237,0.9879711722768318,0,141.55509576490402,12.601239949415556,0,10.983822171948772,349.81647478190195,1.6145267462819057,0,30.451686462024924,1.2315403664603966,0,53.862885741265416,0.6818941944060405,0,19.40710438994436,354.9277783697167,0.23777162866170046,0,104.55427424921493,0.02663039640969874,0,92.2058377731129,0.01790510522560828,0,19.40871225805616,0.0373830176520541,0,317.7753206556912,0.020528005592540255,0,183.06032455557659,0.013184169712219817,0,Rahu,Venus,3.5,CLEAR,781.6719331808874,-3.1788993992413452,0,1,-75.0,327.7922061357856,0,85.14556199115877,0.21399446579553041,0.023967356768728867,0.7500836138466446,0.0,1.0,0,1,1,0.0,0,0.029890543
2034-04-06,16.759475238072714,0.9839340333529447,0,226.05113739700354,11.82524796371123,0,-13.183789200723371,1.692931687473372,1.7798956639072665,0,39.056562536754996,1.2270269548609403,0,58.62203683706216,0.6779309107109535,0,20.581683881896865,356.5806161905947,0.23434466798316445,0,104.78401872809444,0.038949619537435705,0,92.35162948356162,0.02373027200867842,0,19.671920484736567,0.037780000128657155,0,317.91038817271453,0.018053582451591294,0,183.02308472955204,-0.034500730282921215,1,Rahu,Venus,3.5,CLEAR,779.0365488074535,-2.635384373433908,0,1,-75.0,327.7922061357856,0,85.11209824335788,0.21091020118484802,0.03505465758369213,0.7457240017820489,0.0,1.0,0,1,1,0.0,0,0.03406432
2034-04-13,23.63480424735586,0.9804849544554269,0,312.30685536715026,13.320134261888512,0,-13.190597828106764,14.752251944169673,1.9515946442212677,0,47.630259301157764,1.2225813564938464,0,63.35478176542283,0.6743188725676378,0,21.610992042597083,358.20644355891915,0.229984209692727,0,105.09835700425273,0.050747588797571845,0,92.53743979331956,0.029287421214364978,0,19.936615929838588,0.03778565328063179,0,318.0276415939777,0.015391052778253998,0,182.89697732190524,0.028058561492555537,0,Rahu,Venus,3.5,CLEAR,776.9448541099009,-2.0916946975526116,0,1,25.0,327.7922061357856,0,85.16174107441415,0.2069857887234543,0.04567282991781466,0.7417507598244016,0.0,1.0,0,1,1,0.0,0,0.06700558
2034-04-20,30.486011947146185,0.9769165130650479,0,54.532234122538966,15.114867228150906,0,14.911320676803246,28.96804376733687,2.100371268439058,0,56.1721679048291,1.2178896610280323,0,68.06301014501776,0.6709104985160294,0,22.488618532006814,359.797714525803,0.2244976237556105,0,105.49309139880911,0.06195959084731411,0,92.76088729446487,0.03453297856916727,0,20.199802005992773,0.03737898865370618,0,318.1253879262698,0.012548110742485059,0,182.8317289387943,-0.058114342968204544,1,Rahu,Venus,3.5,CLEAR,775.3971594274809,-1.5476946824200013,1,1,25.0,327.7922061357856,0,85.29328939281635,0.20204786138004946,0.0557636317625827,0.7380015483676323,0.0,1.0,0,1,1,0.0,0,0.06500134
2034-04-27,37.309912440146654,0.9727323033945416,0,151.1122989169431,12.443872267599138,0,8.516637414486352,43.87208960799138,2.1255986247989243,0,64.678350295432,1.2122931155957721,0,72.74660657879947,0.6671958575802862,0,23.209190027277607,1.3465243170082764,0.21781965910013784,0,105.9636589631674,0.07230701785037687,0,93.01967842112545,0.03929789683459082,0,20.458758552762575,0.03651270022108126,0,318.2028713578597,0.009545463094644317,0,182.6434683338891,0.029965315379791614,0,Rahu,Venus,3.5,CLEAR,774.3894586294653,-1.0077007980156623,0,1,145.0,327.7922061357856,0,85.50490041040483,0.19603769319012407,0.06507631606533919,0.7339154433383149,0.0,1.0,0,1,1,0.0,0,0.057318587
2034-05-04,44.10571284333043,0.9690800294248342,0,234.8695543289778,11.875593477864433,0,-15.008169751270245,58.17529670989704,1.9220858956827136,0,73.143510401878,1.2063148359031843,0,77.4041759602837,0.6636093492188739,0,23.76822454005053,2.845145050861604,0.2102167756099095,0,106.50353661296157,0.08182501728562985,0,93.31016997785729,0.0436457014299842,0,20.71031873408643,0.035323591930264776,0,318.2590673449364,0.006521691691853853,0,182.40567235792247,-0.12547292708578697,1,Rahu,Venus,3.5,CLEAR,773.9079269260922,-0.4815317033730935,0,1,145.0,327.7922061357856,0,85.79321787887514,0.18919509804891857,0.07364251555706687,0.7299702841407614,0.3282245400505275,1.0,0,1,1,0.0,0,0.048405956
2034-05-11,50.87902200012313,0.9662512695032007,0,321.4214288475013,13.214545224782906,0,-11.194401154245945,70.37250902322444,1.5447131206783862,0,81.5665310140684,1.200230630618778,0,82.03806468948767,0.6604103721279393,0,24.16314562087167,4.287074827969235,0.2015486246100299,0,107.10726437716986,0.09051408315044318,0,93.62961344704564,0.04752552194061764,0,20.952406098714004,0.03376043351232612,0,318.29400804243346,0.0034292232995943714,0,181.78705670480056,0.011180023813329578,0,Rahu,Venus,3.5,CLEAR,773.9381025770983,0.03017565100617503,0,1,145.0,327.7922061357856,0,86.15485827845585,0.18139376214902692,0.08146267483539886,0.7264514093407333,0.7231456208716693,1.0,0,1,1,0.0,0,0.045519352
2034-05-18,57.63409992144495,0.9637474983286926,0,62.85505711859844,15.20067632816197,0,16.334428512496622,79.64527686244688,1.096680049648313,0,89.94630305905461,1.193910009113513,0,86.65084437232004,0.6575748580122176,0,24.392822980412486,5.663927499487275,0.19164308229239735,0,107.76896988444311,0.09843955538809687,0,93.97452929407986,0.05097525556404311,0,21.18218933564255,0.03186652018043596,0,318.3070797079505,0.000342252437322806,0,181.5307509764787,-0.1325100693639276,1,Rahu,Venus,3.5,CLEAR,774.4687642951557,0.5306617180573312,0,1,-135.0,327.7922061357856,0,86.58678054880056,0.17247877406315762,0.0885955998492872,0.7233323438134395,0.9528229804124848,1.0,0,1,1,0.0,0,0.04234866
2034-05-25,64.36983839362122,0.9607011792823368,0,160.15927874971035,12.41766358063838,0,6.076247526899348,85.6068252538431,0.5972659496254279,0,98.27803607752274,1.1863352922339614,0,91.2433647630086,0.6545236861958139,0,24.45780807344851,6.96670625793843,0.18036103448173335,0,108.48287182220199,0.10534312725698777,0,94.34165777934747,0.053799625956194544,0,21.39740521190191,0.029547088773908874,0,318.2986267100798,-0.0027668604966918104,1,180.94686403630274,0.00801708380519231,0,Rahu,Venus,3.5,CLEAR,775.4868834913068,1.018119196151133,0,1,-235.0,327.7922061357856,0,87.08546661030007,0.16232493103356002,0.094808814531289,0.7199760548153954,1.01780807344851,1.0,0,1,1,0.0,1,0.041576292
2034-06-01,71.08530527326623,0.958158001005269,0,243.76268539538643,11.973853221686275,0,-16.478185958278747,87.89916294554453,0.05537660198714092,0,106.55276793719706,1.1777495022176208,0,95.814705691051,0.6516413689705489,0,24.35976556044947,8.186630596576025,0.1680150531323069,0,109.24185891599176,0.11138122405219694,0,94.72671731122438,0.056147241847083425,0,21.595442392585753,0.027006534537134388,0,318.26884722768415,-0.00570646691909687,1,180.4570822842819,-0.19818063013755233,1,Rahu,Venus,3.5,CLEAR,776.9722201825272,1.4853366912203683,0,1,-370.0,327.7922061357856,0,87.646416523406,0.15121354781907623,0.10024310164697725,0.7168055058676038,0.9197655604494699,1.0,0,1,1,0.0,1,0.042152647
2034-06-08,77.78629877786761,0.9565560949481311,0,331.3004486149936,13.227456881387923,0,-8.781436058064033,86.54223771447887,-0.41181125151830544,1,114.76479496214347,1.16842417230217,0,100.36724817994258,0.6491463634474174,0,24.101946281001105,9.315930956379756,0.15439693779538857,0,110.04013758464852,0.11654320049791765,0,95.12639155608524,0.05793881392816203,0,21.77473599477749,0.024152801538616743,0,318.2188756988218,-0.008573495395378099,1,179.40192398903187,-0.02440748072172027,1,Rahu,Venus,3.5,CLEAR,778.9059687427177,1.9337485601905655,0,1,-460.0,327.7922061357856,0,88.26540158987103,0.13895724401584972,0.10488888044812589,0.7140609997921592,0.6619462810011036,1.0,0,1,1,0.0,1,0.041123237
2034-06-15,84.47884615640373,0.9556302928202794,0,71.38940602728002,15.008848090206673,0,17.404241323839663,82.89790951406327,-0.556352297089021,1,122.90929714393395,1.1584173450323958,0,104.9039628893667,0.6471180181923841,0,23.688762055124865,10.344938832801288,0.13937390640211028,0,110.87179051141135,0.12095943054279008,0,95.5368474725757,0.0592727280749969,0,21.933135820403756,0.021089737679022544,0,318.14932512200204,-0.011238226371412478,1,179.00407184040418,-0.17149007734346652,1,Rahu,Venus,3.5,CLEAR,781.273678837186,2.3677100944682934,0,1,-320.0,327.7922061357856,0,88.9386546910076,0.12543651576189926,0.10886348748851107,0.7118298200116226,0.24876205512486393,1.0,0,1,1,0.0,1,0.043427985
2034-06-22,91.16368823402014,0.9542622100490669,0,168.6123092373721,12.452105246214833,0,3.7299330743865626,79.79252546047364,-0.2684059626449659,1,130.97769981185564,1.1464172955347536,0,109.4262923983541,0.6449377608055319,0,23.12620712190965,11.263349241324121,0.12279954044340151,0,111.73098095134539,0.12434780547560621,0,95.95444187664465,0.059927062593881725,0,22.069042779322825,0.01769361021350306,0,318.061679319204,-0.013775044821286978,1,178.16829201059178,-0.008559651435137264,1,Rahu,Venus,4.5,OVERCAST (CAUTION),784.0593917992067,2.785712962020625,0,1,-20.0,327.7922061357856,0,89.66193817202256,0.11051958639906136,0.1119130249280456,0.7094315368860852,0.0,1.0,0,1,1,0.0,1,0.045253906
2034-06-29,97.83959617576092,0.9532724080605941,0,252.44680262403222,12.098288245889528,0,-17.48188757955894,79.70243320369732,0.2609582539960625,0,138.95395250385965,1.1321508474768573,0,113.93362342228829,0.6429291519845152,0,22.42107041190442,12.0616080575242,0.10508513202581181,0,112.610869698497,0.12692064955742605,0,96.3746677256844,0.060140149587053486,0,22.180778763265746,0.014219660981714961,0,317.9573992503126,-0.015961753863306446,1,177.66204311067418,-0.19651109830453298,1,Rahu,Venus,4.5,OVERCAST (CAUTION),787.2400011290579,3.1806093298512224,0,1,-276.0,327.7922061357856,0,90.43009093523125,0.09457661882323062,0.11422858460168345,0.7072220671829668,0.0,1.0,0,1,1,0.0,1,0.049668834
2034-07-06,104.5117026522122,0.9532157605072736,0,341.6206340924039,13.407436663166344,0,-5.992004543277641,83.50079151768213,0.8196701185297479,0,146.822667369694,1.1157027977186074,0,118.42811376440754,0.6412794379557261,0,21.580865698585942,12.731411079813489,0.08604601966530855,0,113.50581464186202,0.1286316567787849,0,96.79431636258465,0.05968421512450978,0,22.267605714248145,0.010547912837206767,0,317.8386393910782,-0.017942353611228555,1,176.5870485651498,-0.027447255834906824,1,Rahu,Venus,4.5,OVERCAST (CAUTION),790.7945115686775,3.554510439619662,0,1,-471.0,327.7922061357856,0,91.23820892761387,0.07744141769877769,0.11576849110090642,0.7054073817512987,0.0,1.0,0,1,1,0.0,1,0.008664629
2034-07-13,111.18700033523177,0.9540765667697643,0,80.61056877686251,14.626522613997269,0,18.081471869930745,91.07777417898541,1.336862259994492,0,154.5692359472347,1.0971900371032957,0,122.91293076152728,0.6401560721191435,0,20.6134360204726,13.263222872962613,0.06568304197321952,0,114.41018728870549,0.12964200068083748,0,97.20935272105129,0.05882385316580212,0,22.328436876952292,0.006833373241494601,0,317.70714940842134,-0.019551702149894302,1,176.27008826143853,-0.1437724139318336,1,Rahu,Venus,3.5,CLEAR,794.7044112173139,3.909899648636383,0,1,-375.0,327.7922061357856,0,92.08175041175319,0.05911473777589757,0.11667780061275373,0.704171679331058,0.0,1.0,0,1,1,0.0,1,0.010770755
2034-07-20,117.86763505706689,0.9546038323166341,0,176.643259165794,12.46782619729671,0,1.4241444711434472,102.06051420256067,1.783780701333738,0,162.1741438400837,1.0748270182263568,0,127.38979941540215,0.6389219326645741,0,19.527652729502297,13.647732994644555,0.04402113515564738,0,115.31802882119221,0.12962532191298493,0,97.61604906054045,0.05727287007072968,0,22.362674804998154,0.002941312231033335,0,317.5653282232088,-0.020907888830385826,1,175.547712054629,0.0020143686098127683,0,Rahu,Venus,3.5,CLEAR,798.9474345237255,4.243023306411601,0,0,-225.0,327.7922061357856,0,92.95535401619406,0.039619021640082644,0.11666278972168644,0.7028141259310315,0.0,1.0,0,1,1,0.0,1,0.010348433
2034-07-27,124.55202611968359,0.9553122370525452,0,260.75745345290795,12.204576729502948,0,-18.024432560376113,115.65258874718292,2.0597265253017802,0,169.60468940028886,1.0472425976819746,0,131.85828838696477,0.637832305710835,0,18.33271242593717,13.878176078324834,0.02172925255415387,0,116.22294617562412,0.12879662962319705,0,98.01022729112796,0.05527000567190755,0,22.369983382023047,-0.0008390364742098723,1,317.4156516361128,-0.02178632885923749,1,175.31171338495324,-0.12365874747421582,1,Rahu,Venus,3.5,CLEAR,803.4932805836517,4.545846059926134,0,0,-105.0,327.7922061357856,0,93.85296279360107,0.019556327298738484,0.11591696666087735,0.7016155362819186,0.0,1.0,0,1,1,0.0,2,0.009345179
2034-08-03,131.24383813233328,0.9568138810767747,0,351.9039164509393,13.751098874510136,0,-2.9855404257304694,130.2901774830714,2.084121071245352,0,176.82121577547437,1.0135626440483163,0,136.32011812943603,0.6370497064046126,0,17.037754178256925,13.950535390997466,-0.0011400102079418,1,117.11910115973855,0.12710679248396847,0,98.38842884633547,0.05269421999052081,0,22.350808863736926,-0.0046410401008444594,1,317.26092001863736,-0.02237407556485456,1,174.6135878062584,-0.004677275860750935,1,Rahu,Venus,3.5,CLEAR,808.3085114750806,4.815230891428996,0,0,-105.0,327.7922061357856,0,94.76829229600162,-0.00102600918714762,0.11439611323557163,0.7007546770450739,0.0,1.0,0,1,1,0.0,3,0.008938005
2034-08-10,137.95018593273053,0.9593649973321171,0,90.62839118064463,14.194684672993771,0,18.28010983084614,144.46656185280307,1.9524072787785343,0,183.779188884083,0.9731218725157192,0,140.77848803005023,0.6368193875906073,0,15.651501610553726,13.861754686369467,-0.024239496718909057,1,118.00092351855217,0.12469994431764427,0,98.7471327687515,0.04970885455112374,0,22.305523689050577,-0.008275802884298683,1,317.1036151938244,-0.022496854229357568,1,174.53262242823754,-0.07766584779193465,1,Rahu,Venus,2.0,CLEAR,813.3599894636752,5.05147798859457,0,0,-142.0,327.7922061357856,0,95.6953998295016,-0.02181554704701815,0.11222994988587984,0.7005013263496681,0.0,1.0,0,1,1,0.0,3,0.008142304
2034-08-17,144.67408493560956,0.9616728600555203,0,184.57703164960625,12.41320327697959,0,-0.9488059447573689,157.54168584787683,1.7825668581728675,0,190.4208401246272,0.922377882996433,0,145.23515138037877,0.6364864828641555,0,14.183326302526265,13.611572727203283,-0.047090213411809946,1,118.86225222687261,0.12123751734538779,0,99.08265731611695,0.046072538414875595,0,22.234866304218233,-0.011872078261421103,1,316.9465189648056,-0.02230910168188847,1,174.164191098305,0.017042775653986868,0,Rahu,Venus,2.0,CLEAR,818.6051022260956,5.245112762420376,0,0,-202.0,327.7922061357856,0,96.62738592265438,-0.04238119207062895,0.10911376561084901,0.7001351311505711,0.0,1.0,0,1,1,0.0,3,0.0070789247
2034-08-24,151.4135589665248,0.9639221429541115,0,268.73736994359246,12.248045585654202,0,-18.199962822086455,169.43807372564,1.6180837751837565,0,196.65774946585384,0.8567224186929389,0,149.68968141471092,0.6362697860467728,0,12.642621779126703,13.205773570159566,-0.06858357532807038,1,119.69642434511681,0.11695279934716417,0,99.39133588520853,0.04204749933824313,0,22.14019113756325,-0.015132549960049499,1,316.79256054533477,-0.02161190721521992,1,174.20376035895868,-0.0419539271318134,1,Rahu,Venus,2.0,CLEAR,823.9865798292261,5.38147760313052,0,0,-114.0,327.7922061357856,0,97.55623320755356,-0.06172521779526335,0.10525751941244775,0.6998967646514501,0.0,1.0,0,1,1,0.0,3,0.006837399
2034-08-31,158.17014549743965,0.9666928343503959,0,1.6614391059007214,14.198560628807819,0,0.011863125440928483,180.2096510604573,1.4594902000346117,0,202.368895446776,0.7713732942303798,0,154.1433223619489,0.636273710479486,0,11.038570494163626,12.655520507477895,-0.0882833352987162,1,120.49738804417919,0.1117547313271245,0,99.67008273815955,0.0375234497755982,0,22.023390033228917,-0.018195868891016643,1,316.64453835341226,-0.020625402214179713,1,173.97158130684466,0.005788452180213986,0,Rahu,Venus,2.0,CLEAR,829.440523224431,5.453943395204874,0,0,46.0,327.7922061357856,0,98.47399801095027,-0.07945500176884458,0.10057925819441206,0.6999010815274347,0.0,1.0,0,0,1,0.0,3,0.006448411
2034-09-07,164.95013747398656,0.9705285768454236,0,101.20845352319041,13.843104419253468,0,17.93283464260048,189.8458966685966,1.289519069263156,0,207.4002683397721,0.6614601590698171,0,158.59905084358203,0.636825235104963,0,9.37955404699783,11.975734689723524,-0.10548186552617127,1,121.25938882823337,0.10579175075712705,0,99.91608955602634,0.03268106695268718,0,21.886512282918257,-0.02086829862386719,1,316.50500015965486,-0.019190182565911356,1,174.01646683263195,-0.017201964129542863,1,Rahu,Venus,2.0,CLEAR,834.8982644069197,5.4577411824886894,0,1,146.0,327.7922061357856,0,99.37287654531511,-0.09493367897355415,0.09521257568141435,0.7005077586154594,0.0,1.0,0,0,1,0.0,3,0.0063573234
2034-09-14,171.75687116855013,0.9741739141704847,0,192.73851392758306,12.283034125659356,0,-3.459029062162883,198.15435496391393,1.0720759308569219,0,211.54999159957606,0.5175073026372276,0,163.05850191256195,0.6372917471673424,0,7.674415028629246,11.186392925181542,-0.1193632442971121,1,121.97577275912468,0.09873782200118934,0,100.12625493600419,0.027316462558150238,0,21.731737715278555,-0.023266581036024952,1,316.37637917205655,-0.017481644053379854,1,173.96461307298972,0.004756703644300147,0,Rahu,Venus,2.0,CLEAR,840.277298369918,5.379033962998278,0,1,200.0,327.7922061357856,0,100.24403504384613,-0.1074269198674009,0.08886403980107041,0.7010209218840767,0.0,1.0,0,0,1,0.0,3,0.0063080997
2034-09-21,178.58786484972447,0.9775002060168659,0,276.65230293472473,12.21719269185668,0,-18.112299749260355,204.59076016486242,0.7395754185813985,0,214.53911485153876,0.3281946931756075,0,167.52123766930546,0.6377766278884246,0,5.932295325048491,10.315093759610601,-0.12881744591605607,1,122.63980716228211,0.090833829295586,0,100.29803236167464,0.021711381398322478,0,21.562119019637116,-0.02512263254570357,1,316.2613229601056,-0.015346257872805726,1,173.96389560766744,-0.003219375399053964,1,Rahu,Venus,2.0,CLEAR,845.4798140128341,5.2025156429161825,0,1,200.0,327.7922061357856,0,101.077688142645,-0.11593570132445047,0.08175044636602741,0.7015542906772672,0.0,1.0,0,0,1,0.0,3,0.0063103954
2034-09-28,185.44209795579604,0.9809665409474485,0,10.572435243456265,14.625301179822127,0,2.796878686290348,207.97074286322496,0.17639253524237605,0,216.02549145500453,0.08852523032159848,0,171.98762442956564,0.638405770884426,0,4.1621003599352,9.393662922070055,-0.13365728125899826,1,123.2452479112867,0.08202143236041974,0,100.42941076781887,0.015796719138519266,0,21.380857159823258,-0.026584013982636975,1,316.16189286229707,-0.013018142946927307,1,174.0081937670489,-0.011006221520054055,1,Rahu,Venus,2.0,CLEAR,850.4049158874561,4.925101874621987,0,1,72.0,327.7922061357856,0,101.86439075146345,-0.12029155313309843,0.07381928912437777,0.7022463479728687,0.0,1.0,0,0,1,0.0,3,0.006600081
2034-10-05,192.32405363568853,0.9853818930503614,0,111.87575217360431,13.659822857547027,0,17.061136554789403,206.33917891496523,-0.675073868797785,1,215.69623713450923,-0.18539012272926667,1,176.46041381631062,0.6395519984306665,0,2.371905072124258,8.455287384505452,-0.13366011372037032,1,123.78654508810608,0.07245663353320715,0,100.51909659793803,0.009767646920156567,0,21.191400440617674,-0.027490557532323268,1,316.07999285951644,-0.010366578430052812,1,173.87900746212694,0.007071957493256599,0,Rahu,Venus,2.0,CLEAR,854.9538273412238,4.548911453767687,0,1,-128.0,327.7922061357856,0,102.59514464748841,-0.12029410234833329,0.06521097017988643,0.7035071982737332,0.0,1.0,0,0,1,0.0,3,0.0063486453
2034-10-12,199.23688641641436,0.9896290168792093,0,201.30443148710833,12.114201631372316,0,-6.071355237687973,199.19972816320126,-1.1940162704862278,1,213.46123269284212,-0.44428969642520716,1,180.94100967392967,0.6406071584653337,0,0.5702947529827422,7.534065340697436,-0.12865888234877976,1,124.2571763336208,0.0618835237976263,0,100.56548155540298,0.0034907990321631577,0,20.99693966348534,-0.027953365387143405,1,316.0170293312287,-0.0075650971518425566,1,173.91468432539122,-0.045650775868458476,1,Rahu,Venus,2.0,CLEAR,859.0234204389797,4.069593097755842,0,1,-120.0,327.7922061357856,0,103.26023667013547,-0.11579299411390179,0.05569517141786367,0.7046678743118671,0.0,1.0,0,0,1,0.0,3,0.0064718546
2034-10-19,206.17750810718948,0.993296427636536,0,284.87335240596485,12.156337154866913,0,-17.784370996648022,193.04373379223168,-0.361254789645555,1,209.71816534729467,-0.5994982790104266,1,185.428772999676,0.6415876609427064,0,-1.233591757248585,6.665973807679195,-0.11859381522499246,1,124.6512790238736,0.05058936877997816,0,100.5681354551037,-0.0027353418424607774,1,20.80160353565882,-0.02777409374703717,1,315.97472263548144,-0.00451229145253911,1,173.4405415026636,-0.02688763851918555,1,Rahu,Venus,2.0,CLEAR,862.5105488484176,3.4871284094379007,0,1,-120.0,327.7922061357856,0,103.84967548821479,-0.10673443370249322,0.04553043190198035,0.7057464270369771,0.0,1.0,0,0,1,0.0,4,0.0068866694
2034-10-26,213.14222120238472,0.9966663816472717,0,18.71836239260918,14.863391523179379,0,5.286011520018017,194.89486835924063,0.819288028095908,0,205.50622902931283,-0.5703991991816231,1,189.92324944842176,0.6426133212585722,0,-3.030570852331556,5.883495470444788,-0.10432762504146573,1,124.96377201382634,0.03861959427619135,0,100.52720797006562,-0.008918016987268258,1,20.609135265677416,-0.02711707539917134,1,315.9538448816182,-0.0014302592315558495,1,173.45864353034278,-0.05453585274336444,1,Rahu,Venus,2.0,CLEAR,865.3271335280745,2.8165846796568985,0,1,-64.0,327.7922061357856,0,104.35463674814892,-0.09389486253731916,0.034757634848572215,0.7068746533844295,0.0,1.0,0,0,1,0.0,4,0.0060597328
2034-11-02,220.13288682165725,1.000732845901817,0,122.05903915660792,13.674861210104515,0,15.797939684789984,203.0357164079859,1.4087813526501327,0,202.14862010419768,-0.366650442515357,1,194.42674128031402,0.644105250791012,0,-4.812206216743584,5.213540255582997,-0.08660564030049857,1,125.19104904614314,0.02618363234620296,0,100.44401213140621,-0.014859997649677482,1,20.423454604381394,-0.02588853409949956,1,315.9551685236167,0.001779941566508551,0,172.88795658529708,-0.01469148337612221,1,Rahu,Venus,2.0,CLEAR,867.4044658417522,2.0773323136777435,0,1,148.0,327.7922061357856,0,104.76759444176174,-0.07794507627044871,0.023565269111582667,0.7085157758701133,0.0,1.0,0,0,1,0.0,3,0.0050968966
2034-11-09,227.15204980860682,1.004651361102778,0,210.21014755827457,11.961402950415488,0,-8.63543190365479,213.65482141247216,1.5831849008245262,0,200.5528195922908,-0.0849520492510112,1,198.94041653461588,0.6455011473006053,0,-6.569581268756082,4.677716965798391,-0.06602128081040444,1,125.32894874505891,0.013178228881271384,0,100.3195581280408,-0.020614925553788677,1,20.24774053672519,-0.024199455474225716,1,315.9786968347138,0.004971905584822054,0,172.75812480274763,-0.11918748578821677,1,Rahu,Venus,2.0,CLEAR,868.6846899658653,1.280224124113147,0,1,88.0,327.7922061357856,0,105.08120820833372,-0.059419152729363996,0.011860405993144247,0.7100512620306658,0.0,1.0,0,0,1,0.0,3,0.00478002
2034-11-16,234.1961057095292,1.0077639903434545,0,293.65232497376246,12.146313362708904,0,-17.125248456896898,224.85808822040912,1.6053354559233177,0,200.93758215696886,0.18927316062089639,0,203.46334439388673,0.646716243921365,0,-8.2930194025776,4.29444039679604,-0.043228067086654096,1,125.37516513520961,6.64369261792021e-07,0,100.15654362262843,-0.025892452080845764,1,20.086011780099483,-0.021944657132692228,1,316.02489137235403,0.008198356484314393,0,171.5938363580989,-0.09632397292414478,1,Rahu,Venus,2.0,CLEAR,869.125301503087,0.44061153722168456,0,1,88.0,327.7922061357856,0,105.28915335511013,-0.038905260377988686,5.979323356128189e-07,0.7113878683135015,0.0,1.0,0,0,1,0.0,3,0.0043586167
2034-11-23,241.25895652470317,1.0101626038213642,0,26.702530945961108,14.808595975470261,0,7.5677409666926465,236.04554815210534,1.589242267974406,0,203.0993069288677,0.4202919281437745,0,207.9942247373978,0.6478766811433413,0,-9.972555669134909,4.074946271715282,-0.01936360650527858,1,125.32900709902508,-0.013125613131256653,1,99.95819788268912,-0.030653315678310516,1,19.941352403909125,-0.01929939130815128,1,316.0930532432149,0.011275317861101414,0,171.39990501940335,-0.09751429367862721,1,Rahu,Venus,2.0,CLEAR,868.7103186451884,-0.41498285789862166,0,0,16.0,327.7922061357856,0,105.38765469511596,-0.017427245854750723,-0.011813051818130988,0.7126643492576755,0.0,1.0,0,0,1,0.0,4,0.004944972
2034-11-30,248.33951838225616,1.0129071059000736,0,131.29907911724462,13.836735074930944,0,14.320902435828915,247.1108931632111,1.573717526582357,0,206.7107518954664,0.6037731653260968,0,212.5348219665214,0.6494392032840809,0,-11.598910835601144,4.024150395375742,0.004819122619417157,0,125.19237416372042,-0.025902631849137412,1,99.72909659904444,-0.0347450365165389,1,19.81690385650407,-0.016245337625110424,1,316.18270525751353,0.014272383202717571,0,170.39056368661494,-0.056159647139217686,1,Rahu,Venus,2.0,CLEAR,867.448568032165,-1.2617506130234233,0,0,91.0,327.7922061357856,0,105.37547030721635,0.004337210357475441,-0.023312368664223673,0.714383123612489,0.0,1.0,0,0,1,0.0,3,0.007411642
2034-12-07,255.4394751545892,1.0155641014709405,0,219.17348080869476,11.866593050676816,0,-10.953419367674885,258.1045161003901,1.5693804676571528,0,211.44964206781944,0.7435844802202835,0,217.08613703762006,0.6509144238590742,0,-13.162540069769635,4.142360973256866,0.02895054572295785,0,124.96738517309711,-0.03823655005293806,1,99.47330917051482,-0.03817770972018923,1,19.714663044884144,-0.012880626343234872,1,316.29247426412627,0.01709156640352593,0,170.08903100650863,-0.16065268006326325,1,Rahu,Venus,2.0,CLEAR,865.3615400303993,-2.0870280017657024,0,0,-1.0,327.7922061357856,0,105.25272212821297,0.026055491150662066,-0.034412895047644255,0.7160058662449816,0.0,1.0,0,0,1,0.0,3,0.006584941
2034-12-14,262.5552142040653,1.0172910694307475,0,302.92667746218507,12.256521012766619,0,-16.005328313522778,269.1077364655507,1.57567263914042,0,217.04010688474585,0.8487158657424296,0,221.64692980245673,0.6520979958696905,0,-14.653193174046608,4.4283747578801504,0.05261304832671595,0,124.65927054652394,-0.04962610087581116,1,99.19666121479969,-0.04073369323429199,1,19.63735101561695,-0.00918664617922462,1,316.42161095985716,0.01974431627804656,0,168.56616768251823,-0.13920466914715546,1,Rahu,Venus,2.0,CLEAR,862.4872112605062,-2.8743287698930544,0,0,-104.0,327.7922061357856,0,105.02191953090698,0.047351743494044356,-0.044663490788230044,0.7173077954566597,0.0,1.0,0,0,1,0.0,3,0.0064908643
2034-12-21,269.6790543553564,1.0179993252925843,0,35.35947243649638,14.534179274320099,0,9.824623496239951,280.1663246935867,1.582398574296474,0,223.27318540865977,0.9287404311772323,0,226.21507508011734,0.6531322898637448,0,-16.060331383880932,4.8762680818206094,0.07515837447393987,0,124.27561179622887,-0.05971231171714992,1,98.90509381028896,-0.04238504970425388,1,19.58638636098119,-0.005322368650157788,1,316.5681505390116,0.022104937134029137,0,168.28322858849188,-0.09399792693480796,1,Rahu,Venus,2.0,CLEAR,858.887496485806,-3.59971477470026,0,0,-108.0,327.7922061357856,0,104.68922543524768,0.0676425370265459,-0.05374108054543493,0.7184455188501194,0.0,1.0,0,0,1,0.0,3,0.006821564
2034-12-28,276.8073781443241,1.0186988366352943,0,139.5387426164383,13.995009836314964,0,12.719860756364394,291.1931325027455,1.5580561586108002,0,230.0024963261461,0.9913501472403224,0,230.7917663979157,0.6544989598994962,0,-17.374247540841864,5.477329038416772,0.09629267611412326,0,123.82707721636854,-0.06822332218590714,1,98.60554531776359,-0.04309995369249413,1,19.563221252801128,-0.0013294780374824473,1,316.73059189726564,0.024214928133331103,0,167.2393463261979,-0.06862953449615636,1,Rahu,Venus,2.0,CLEAR,854.6423738351052,-4.2451226507007505,0,0,20.0,327.7922061357856,0,104.26385596356741,0.08666340850271094,-0.061400989967316424,0.7199488558894459,0.0,1.0,0,0,1,0.0,3,0.011123166
2035-01-04,283.9410955703743,1.0194441324844132,0,227.8502773504588,11.84278580860473,0,-12.895551367264273,301.7012468225068,1.409787718072971,0,237.1189386854228,1.0397683377718312,0,235.37794921308793,0.655808883411385,0,-18.585498111927343,6.221379310076171,0.11610051653609921,0,123.3245408839296,-0.07500782214705252,1,98.30386757514306,-0.04290378111108789,1,19.568005070478204,0.0027365629492737856,0,316.9065508408827,0.026039633646247055,0,167.04332977066213,-0.11483425571889186,1,Rahu,Venus,2.0,CLEAR,849.8369367023213,-4.805437132783936,0,1,20.0,327.7922061357856,0,103.75653581345139,0.1044904648824893,-0.06750703993234727,0.7213897717525235,0.0,1.0,0,0,1,0.0,2,0.01846987
2035-01-11,291.0775112681999,1.019312516448561,0,312.3097728539327,12.498468725941201,0,-14.393811244278124,310.1076440480943,0.9031952499632522,0,244.53255627357322,1.0767272449223726,0,239.9721164622261,0.6567159362287932,0,-19.684475398851877,7.0993764169361855,0.13447126347484498,0,122.7818902682094,-0.07967995503463966,1,98.00718698638921,-0.041719734401014064,1,19.601591914033044,0.006833219582552997,0,317.0944106179096,0.027554575201479744,0,165.85816343971862,-0.10547718769819968,1,Rahu,Venus,2.0,CLEAR,844.5655397401052,-5.271396962216045,0,1,-100.0,327.7922061357856,0,103.18029835417636,0.12102413712736049,-0.07171195953117569,0.7223875298516725,0.0,1.0,0,0,1,0.0,2,0.01943506
2035-01-18,298.20869446190136,1.018039508088781,0,45.16726460339171,14.249149223495763,0,12.141106789343954,312.7935584546475,-0.23640365485260695,1,252.17372091669708,1.1053816030866201,0,244.57131741257157,0.6573752991283313,0,-20.661719393730806,8.09998427359055,0.15115017683897994,0,122.21447847950826,-0.08200635548633002,1,97.72199516504826,-0.03957814416025006,1,19.66344772687353,0.010851918995506513,0,317.29141405854347,0.02870403550082792,0,165.7487317817006,-0.044885339408466174,1,Rahu,Venus,2.0,CLEAR,838.9362794667745,-5.629260273330715,0,1,380.0,327.7922061357856,0,102.55103075263473,0.13603515915508194,-0.07380571993769702,0.7231128290411645,0.0,1.0,0,0,1,0.0,2,0.019454561
2035-01-25,305.3294952293366,1.0164951037162493,0,147.28656090732744,13.970289420358577,0,10.918889079487808,306.9524406191425,-1.2496154729059383,1,259.9957941868166,1.1287126884746475,0,249.1760982007666,0.6582878752290039,0,-21.50908029701,9.211400552122567,0.1660867380017838,0,121.63920180600132,-0.0820336846158557,1,97.45505076524661,-0.03660804179428843,1,19.75316984575172,0.014711557237751196,0,317.4954690508894,0.02949816899360386,0,165.1187878055332,-0.03922688201151197,1,Rahu,Venus,2.0,CLEAR,833.0622314466957,-5.874048020078817,0,1,124.0,327.7922061357856,0,101.8860319602496,0.14947806420160542,-0.07383031615427013,0.7241166627519043,0.0,1.0,0,0,1,0.0,2,0.019956268
2035-02-01,312.44045421610673,1.0151964815388757,0,236.05575740562713,11.86954481617753,0,-14.477664523903481,299.12382274008047,-0.7691078867791159,1,267.9652376717724,1.147517781104392,0,253.78738087177132,0.6591814467307391,0,-22.219516961612545,10.421993545783458,0.1795911062228734,0,121.07130850726334,-0.0798169544142128,1,97.21137733367947,-0.032860291236714946,1,19.869166980401552,0.01842806616049142,0,317.7037273980615,0.02997343294988502,0,165.16283000745304,-0.028702669378774442,1,Rahu,Venus,2.0,CLEAR,827.0490920125992,-6.013139434096502,0,1,70.0,327.7922061357856,0,101.2021415268618,0.16163199560058605,-0.07183525897279153,0.7250995914038131,0.0,1.0,0,0,1,0.0,2,0.024663387
2035-02-08,319.5407514617155,1.0132748184994023,0,321.3225960650434,12.808686802325182,0,-12.420587101390483,297.15553768282837,0.1709389962333184,0,276.05084797277055,1.1619642156126102,0,258.403350175007,0.6595455438856626,0,-22.78687009404442,11.722260388890302,0.19164058664811454,0,120.52700736553787,-0.07534480350475715,1,96.9966408653501,-0.028400603300346078,1,20.010607841706747,0.021919428544116992,0,317.9141794385697,0.030070931037896254,0,164.67835539055804,-0.040777904374945384,1,Rahu,Venus,2.0,CLEAR,821.0000726607923,-6.049019351806919,0,1,6.0,327.7922061357856,0,100.51639952383113,0.1724765279833031,-0.06781032315428144,0.7255000982742289,0.0,1.0,0,0,1,0.0,2,0.02388326
2035-02-15,326.623728288027,1.0102917686337385,0,55.92182554842494,14.138952398165722,0,14.38559992792905,300.6665326019114,0.7739531724583647,0,284.22485628294544,1.1730607188278046,0,263.02003417104265,0.6595184802180031,0,-23.205943553053086,13.101351056135126,0.20214890871914606,0,120.02157475337287,-0.06869671101250609,1,96.81528151627911,-0.023292494260592586,1,20.1754152436798,0.02514833993733182,0,318.1238670941315,0.029811321125279733,0,164.7282459461152,-0.0030124154482765496,1,Rahu,Venus,2.0,CLEAR,815.0186915572535,-5.981381103538752,0,1,-322.0,327.7922061357856,0,99.84615950969308,0.18193401784723146,-0.06182703991125548,0.7254703282398034,0.0,1.0,0,0,1,0.0,2,0.0218374
2035-02-22,333.68384971186265,1.0069039188866995,0,155.32631130385266,13.700789175537949,0,8.764389129985112,307.3751937675172,1.112196723231859,0,292.46953672955885,1.1823213639569548,0,267.63698622551647,0.6596244537940715,0,-23.47342022410467,14.548640129074357,0.2110990514524137,0,119.56922659641874,-0.06032512806835276,1,96.67142728607968,-0.017785390842519094,1,20.36176916282145,0.028004560620728446,0,318.3305932336281,0.02916346267235809,0,164.5776273354633,-0.006120378175947336,1,Rahu,Venus,2.0,CLEAR,809.2001077651732,-5.81858379208029,0,1,-90.0,327.7922061357856,0,99.2074574335973,0.18998914630717234,-0.054292615261517484,0.7255868991734787,0.03342022410467038,1.0,0,0,1,0.0,2,0.02187613
2035-03-01,340.7217890199066,1.003988630188887,0,243.9115937922547,11.903789987357522,0,-15.819829679607722,315.9452090908017,1.3228451602934483,0,300.77439317609554,1.1902283385687944,0,272.25484249837376,0.6597041860019711,0,-23.58782103912035,16.054152435815542,0.21887616372309882,0,119.18057441891065,-0.050469986876447395,1,96.56727644312095,-0.011898112189904733,1,20.566954950434923,0.03058745202338928,0,318.53161589435507,0.028239348293554158,0,164.6318796472588,0.0034755855666356067,0,Rahu,Venus,2.0,CLEAR,803.6220821128331,-5.578025652340102,0,1,106.0,327.7922061357856,0,98.61361946847573,0.19698854735078894,-0.04542298818880266,0.7256746046021683,0.14782103912034827,1.0,0,0,1,0.0,2,0.021429561
2035-03-08,347.73912977570205,1.0008483075216725,0,329.7193331903728,13.078460026415392,0,-10.289133622829238,325.7724365009113,1.4797827792294735,0,309.12836637214855,1.1962833317320525,0,276.8710908591619,0.6590619127155665,0,-23.54958613760791,17.610011794366475,0.22542688304963787,0,118.86545982405751,-0.03939324308244,1,96.50536018949168,-0.005775986993791262,1,20.789050172703508,0.03278423662202165,0,318.7250326954251,0.026944575850694263,0,164.63978063351936,0.0020320913555578906,0,Rahu,Venus,2.0,CLEAR,798.35240530478,-5.269676808053191,0,1,-54.0,327.7922061357856,0,98.076409651354,0.2028841947446741,-0.035453918774196,0.7249681039871232,0.10958613760790925,1.0,0,0,1,0.0,2,0.021197902
2035-03-15,354.73172296004407,0.9968984117245829,0,66.94206249385822,14.267012055698,0,16.30452338716638,336.6246995683576,1.6201192719715494,0,317.51840925390627,1.200670131829867,0,281.4800870872483,0.6577565522340754,0,-23.360794817216092,19.207226321669854,0.23072480286723115,0,118.63150450356686,-0.02729338299857402,1,96.48692629435232,0.0005515697197801292,0,21.025139880996203,0.03463022236593866,0,318.9081881356816,0.025364322776354486,0,164.57228686271057,-0.013347041525612596,1,Rahu,Venus,2.0,CLEAR,793.452665416906,-4.8997398878739205,0,1,-54.0,327.7922061357856,0,97.60636462257065,0.20765232258050803,-0.02456404469871662,0.7235322074574829,0.0,1.0,0,1,1,0.0,1,0.029049797
2035-03-22,1.6945345682609625,0.9925050160349441,0,164.14765115348507,13.291204969630055,0,6.194501703300747,348.46174404682154,1.763352336356694,0,325.9358575303068,1.2042506450552288,0,286.0794533746624,0.6563463854545551,0,-23.02543310342372,20.83694724665073,0.23470192995459707,0,118.4842377166506,-0.01475789701880072,1,96.51274547755615,0.006787021055667715,0,21.272620869910266,0.035987394783695746,0,319.0792140258123,0.023433742256856186,0,164.637397953155,0.000504096472249363,0,Rahu,Venus,2.0,CLEAR,788.971691225164,-4.480974191742007,0,1,-225.0,327.7922061357856,0,97.21161684674033,0.21123173695913736,-0.013282107316920649,0.7219810240000107,0.0,1.0,0,1,1,0.0,1,0.03184369
2035-03-29,8.62866334391304,0.9887847284667649,0,251.76638631335416,11.910512479081563,0,-17.009269805732373,1.3336005604526706,1.9150682555709364,0,334.3776336102568,1.2076129898263444,0,290.66867950934125,0.6547577215266324,0,-22.549252017338958,22.491081470071077,0.23776673548092817,0,118.42567124931205,-0.0019344258435998033,1,96.58201078221435,0.013000776606721507,0,21.528360776262975,0.037032207323948595,0,319.23597693065886,0.021329534928675217,0,164.34703845367224,-0.0452834651741935,1,Rahu,Venus,2.0,CLEAR,786.8660772865155,-2.105613938648503,0,1,-308.0,327.7922061357856,0,96.89731047304907,0.21399006193283535,-0.001740983259239823,0.7202334936792957,0.0,1.0,0,1,1,0.0,1,0.031052629
2035-04-05,15.537979149517636,0.9852709498121291,0,337.6635981988916,13.217823280161696,0,-8.124681332626695,15.240287230885066,2.0506020449627242,0,342.8405624600046,1.2101915468065332,0,295.2434467467988,0.6520829587626519,0,-21.940330993011496,24.16323422805947,0.2398007907995493,0,118.45716990722835,0.010916571163209264,0,96.69426564064642,0.019026598024720405,0,21.789964207526225,0.03762469773017475,0,319.37707184039056,0.018923953131894565,0,164.37996993749923,0.010033689051229047,0,Rahu,Venus,2.0,CLEAR,786.1289951335915,-0.7370821529240175,0,1,65.0,327.7922061357856,0,96.66720569970212,0.21582071171959438,0.009824914046888338,0.7172912546389171,0.0,1.0,0,1,1,0.0,0,0.030504951
2035-04-12,22.42142964324452,0.9813060519083834,0,77.5126427772209,14.579663639312079,0,17.704589187870983,29.795502373676445,2.078037086040629,0,351.3180833783488,1.2118179854892381,0,299.79494536054324,0.6482035449966335,0,-21.208563791603545,25.845931236896615,0.24079878489485085,0,118.57847852516952,0.023721235298694188,0,96.84811503486816,0.024907291341299067,0,22.054271421028197,0.03781601492722092,0,319.50059937641714,0.016360774552720506,0,163.96610491542998,-0.07088068825381408,1,Rahu,Venus,2.0,CLEAR,785.8992038226894,-0.22979131090210103,0,1,20.0,327.7922061357856,0,96.52420710414131,0.21671890640536576,0.021349111768824768,0.7130238994962969,0.0,1.0,0,1,1,0.0,0,0.03359158
2035-04-19,29.274971250402054,0.9768909038528822,0,173.67984063674,12.903506983021382,0,3.3131818910335196,43.76002248668555,1.86626249001698,0,359.804686918411,1.212927043180661,0,304.3168619610317,0.6437126213095784,0,-20.3651020867253,27.531354187706217,0.24061833212250813,0,118.78778422109094,0.03597393572966528,0,97.04174186113896,0.030340082212418847,0,22.318518734378312,0.037569099614020794,0,319.60536991125196,0.013540650152926806,0,163.91695922364525,-0.021070988138336393,1,Rahu,Venus,2.0,CLEAR,786.1761034928772,0.276899670187845,0,1,-65.0,327.7922061357856,0,96.46926548671263,0.21655649891025733,0.03237654215669875,0.7080838834405363,0.0,1.0,0,1,1,0.0,0,0.013943169
2035-04-26,36.10004930188008,0.9732792651344948,0,259.94388045149464,11.887417240627713,0,-18.004406645344222,55.38205795412222,1.4268217576254565,0,8.299856731314904,1.214284571941536,0,308.8055824433102,0.6385738376926936,0,-19.42197070850924,29.212782367804422,0.23966089245230066,0,119.08109485578062,0.04774149273147214,0,97.27234003173427,0.035491712314582036,0,22.579676164207505,0.036992878496223146,0,319.6902267199336,0.010691081840595388,0,163.0895510400581,-0.1349031188349425,1,Rahu,Venus,2.0,CLEAR,786.9488002784417,0.7726967855644489,0,1,55.0,327.7922061357856,0,96.50141869157312,0.2156948032070706,0.04296734345832493,0.702431221461963,0.0,1.0,0,1,1,0.0,0,0.052440774
2035-05-03,42.90220915191961,0.9702401006847791,0,345.62040720341264,13.215052100189908,0,-5.897580251481435,63.48525152398699,0.8767705817364176,0,16.804242393504254,1.215475037629166,0,313.2525521227078,0.6316090043064624,0,-18.393500271535054,30.88435415580972,0.23775904644153717,0,119.45459474330087,0.058859848111233494,0,97.53752793336695,0.040197913347009,0,22.835312178388904,0.03596752639447206,0,319.75456260108444,0.007659111063006074,0,162.82190865012416,-0.004837270272409072,1,Rahu,Venus,2.0,CLEAR,788.2045600788218,1.2557598003801331,0,1,-145.0,327.7922061357856,0,96.61928256491197,0.21398314179738345,0.05297386330011015,0.6947699047371086,0.0,1.0,0,1,1,0.0,0,0.036010724
2035-05-10,49.68339629484301,0.9671420072004808,0,87.22038060865468,14.944224055103497,0,18.531004026095246,67.54043998453999,0.27760566514687385,0,25.31555686389858,1.2162287306259796,0,317.6427343258844,0.6223805797137296,0,-17.295949586125037,32.53925303586782,0.234894154794418,0,119.90391994828666,0.06940818797244545,0,97.83442526818759,0.04456584166449354,0,23.082593360784575,0.03463291507140242,0,319.7975587099953,0.004633326009123776,0,162.05628216936992,-0.1336527167499139,1,Rahu,Venus,2.0,CLEAR,789.9291087679715,1.7245486891496284,0,1,155.0,327.7922061357856,0,96.82132658750209,0.2114047393149762,0.06246736917520091,0.6846186376851027,0.0,1.0,0,1,1,0.0,0,0.039037075
2035-05-17,56.44076751576617,0.9635822370932691,0,183.48755481874147,12.642160202580891,0,0.33021672386162804,67.45151329798986,-0.28100333863581145,1,33.830326884844276,1.2166005936767843,0,321.9619509248579,0.611471100390678,0,-16.146207110007037,34.16992746942274,0.23086226293176448,0,120.42378964917623,0.07897678430595008,0,98.1597498702048,0.04829886908908452,0,23.31882907538981,0.032809440171578344,0,319.81896435759234,0.0014896397682701776,0,161.78335116926306,-0.0471300146326867,1,Rahu,Venus,2.0,CLEAR,792.1011427559656,2.172033987994155,0,1,425.0,327.7922061357856,0,97.10496057378641,0.20777603663858804,0.07107910587535507,0.6726182104297458,0.0,1.0,0,1,1,0.0,0,0.03527163
2035-05-24,63.17574102661243,0.9608588774557626,0,268.5454476118276,11.863615336585001,0,-18.664150637338196,64.24380399728919,-0.5670990002513178,1,42.34931913479728,1.2174707264481424,0,326.19939995973334,0.5988039685096221,0,-14.960940356167555,35.769680136732255,0.2260663440704187,0,121.00792908119176,0.08778441998633943,0,98.50978232222295,0.0516295467192122,0,23.54153153590411,0.030767672572298618,0,319.8188500846631,-0.0015164478866594871,1,160.57422581678514,-0.1991382541518789,1,Rahu,Venus,2.0,CLEAR,794.6928175587524,2.5916748027867698,0,0,325.0,327.7922061357856,0,97.46639754528765,0.20345970966337684,0.07900597798770549,0.6586843653605844,0.0,1.0,0,1,1,0.0,1,0.038019255
2035-05-31,69.89471879495304,0.9589586673108675,0,354.06340180414884,13.140225741051923,0,-3.478668878639528,60.59954096022055,-0.4016179144711866,1,50.8754947043796,1.2186012234198889,0,330.3373084041523,0.5827842584895403,0,-13.759279658741677,37.33245672814915,0.2202643790577356,0,121.6506970429809,0.09572756008002557,0,98.8811938661182,0.05439955878599422,0,23.748599475924696,0.0283345275170038,0,319.7976011882398,-0.004551850841402269,1,160.07038420203781,-0.012927721054916234,1,Rahu,Venus,2.0,CLEAR,797.6775721993514,2.9847546405990215,0,0,0.0,327.7922061357856,0,97.9020975670562,0.19823794115196205,0.08615480407202301,0.6410626843384943,0.0,1.0,0,1,1,0.0,1,0.034996223
2035-06-07,76.60207196828523,0.9573597122399534,0,96.08937281862462,15.196796300062154,0,18.82130780342933,59.33181539305194,0.06539872812980106,0,59.40987537207983,1.2197297408481342,0,334.34817661221547,0.5624337771281712,0,-12.562850928877232,38.85106561232771,0.21341997778440508,0,122.34660508900109,0.10296220757205132,0,99.27052947925596,0.056751035371313825,0,23.937815533790232,0.02567967259560791,0,319.7556701290995,-0.007401875671373925,1,159.2188257243455,-0.15592973222187076,1,Rahu,Venus,2.0,CLEAR,801.0291677305379,3.35159553118649,0,0,-156.0,327.7922061357856,0,98.40878955521086,0.19207798000596457,0.0926659868148462,0.6186771548409884,0.0,1.0,0,0,1,0.0,1,0.04222258
2035-06-14,83.29620889861478,0.9552854499437943,0,193.0899113386312,12.532381344639054,0,-2.5493579386451235,61.61453402420677,0.581739861027606,0,67.95064583293902,1.220534966741444,0,338.202298316755,0.5381913782172845,0,-11.393767845562579,40.31708920795935,0.20528572253140498,0,123.08942827423259,0.10912753974311411,0,99.67383421942809,0.05839768888475846,0,24.106968792947338,0.022626110391143737,0,319.69387945390963,-0.010204015279793095,1,158.89729407349606,-0.04051920778340888,1,Rahu,Venus,2.0,CLEAR,804.7159261342533,3.68675840371543,0,0,-156.0,327.7922061357856,0,98.98245948128525,0.18475715027826448,0.0982147857688027,0.592010516039013,0.0,1.0,0,0,1,0.0,1,0.083033964
2035-06-21,89.97804746397715,0.9539682848568423,0,277.42649619772214,11.874068883373875,0,-18.852328234591962,67.34880480842047,1.0469107102309434,0,76.49875090671671,1.2218645069541123,0,341.8733578130547,0.5098052813778684,0,-10.272848303732955,41.72306365288979,0.19624367897132974,0,123.87263422154176,0.11449975723761979,0,100.08715193601122,0.0595991924415097,0,24.25440818458298,0.019458608569377974,0,319.61360955820413,-0.012703219399497047,1,157.7836014601603,-0.18825535421757392,1,Rahu,Venus,2.0,CLEAR,808.701586156207,3.985660021953663,0,0,-156.0,327.7922061357856,0,99.61822603695877,0.17661931107419676,0.10304978151385781,0.5607858095156553,0.0,1.0,0,0,1,0.0,1,0.090756394
2035-06-28,96.65399788070964,0.953601648109446,0,3.2426927048498664,13.094660331899625,0,-0.7590082870653492,76.16170142544276,1.46510249782602,0,85.05772126771816,1.2236215215846455,0,345.3245045544253,0.4749888424124523,0,-9.223722247812528,43.0616778070951,0.1860152056518724,0,124.69032592538683,0.11899709303020398,0,100.50678547847235,0.06021280286705989,0,24.378673390246995,0.01601334151781838,0,319.51626836806264,-0.015070250004098692,1,157.35830153442015,0.004223769697230051,0,Rahu,Venus,2.0,CLEAR,812.9524544057475,4.250868249540531,0,0,-96.0,327.7922061357856,0,100.31165253513984,0.16741368508668517,0.10709738372718358,0.5224877266536976,0.0,1.0,0,0,1,0.0,1,0.085633814
2035-07-05,103.33008237416196,0.9538167271637878,0,104.52523858238662,15.211571624299783,0,18.627009879048362,87.77082031101325,1.8417259826741843,0,93.63013011971847,1.2255875050238176,0,348.5038881488256,0.4319524273881223,0,-8.273241731100935,44.32447153200399,0.17453000895093912,0,125.53709009391198,0.12278273183136662,0,100.92907384653468,0.06038488058603672,0,24.478506502409072,0.012474076227993902,0,319.40356182752896,-0.017089194119953882,1,156.7688578403365,-0.11941611012172033,1,Rahu,Venus,2.0,CLEAR,817.4352477537832,4.4827933480356705,0,0,-160.0,327.7922061357856,0,101.05858359150291,0.1570770080558452,0.11050445864822996,0.47514767012693454,0.0,1.0,0,0,1,0.0,1,0.09460728
2035-07-12,110.00587974816848,0.953560600362215,0,202.1608610449791,12.5417105877249,0,-5.208138417267382,101.67455833048031,2.0998274956140848,0,102.21462517584216,1.2271308315632394,0,351.3533292051085,0.3809904851923831,0,-7.448238569439525,45.50136368808882,0.161541733187422,0,126.40661098648435,0.12552006506196783,0,101.3500098894485,0.0598195832568962,0,24.552537241311214,0.008689831442148545,0,319.27730300791376,-0.01890092903379522,1,156.61068391633603,-0.0020554131990432175,1,Rahu,Venus,2.0,CLEAR,822.1121772105569,4.676929456773678,0,0,-160.0,327.7922061357856,0,101.85407374517314,0.1453875598686798,0.11296805855577105,0.41908953371162144,0.0,1.0,0,0,1,0.0,1,0.11167631
2035-07-19,116.68141977787948,0.9538680355011263,0,286.30483854092205,11.93123388049343,0,-18.527180506367415,116.62811250726236,2.1338121652747444,0,110.81067236892757,1.22892484796736,0,353.8188727766139,0.32187017050990485,0,-6.771840643646506,46.58350513175854,0.14742216053317775,0,127.29262355418471,0.12747838441706624,0,101.76557443260887,0.0588139201978657,0,24.60030652862033,0.0049391313144307595,0,319.14000742505937,-0.020282688406704642,1,155.9901515126418,-0.1129024714472681,1,Rahu,Venus,2.0,CLEAR,826.9410003244785,4.828823113921658,0,0,-4.0,327.7922061357856,0,102.69231702556439,0.13267994447985998,0.11473054597535962,0.3540571875608954,0.0,1.0,0,0,1,0.0,1,0.122114785
2035-07-26,123.36228420504281,0.9551338730425052,0,13.119217121845121,13.164965926004179,0,2.2587352221288706,131.14086503987923,1.9955447245467448,0,119.42022814359437,1.2310114448736635,0,355.83438908000016,0.252030464891998,0,-6.268260539842989,47.5619638154464,0.13190760612228006,0,128.18927405797703,0.12858948081031252,0,102.17199068796431,0.057228399286837456,0,24.621376233882728,0.001085923485022178,0,318.9938758167156,-0.0214022735882134,1,155.81938164761902,0.02533842000087163,0,Rahu,Venus,2.0,CLEAR,831.8828218732089,4.941821548730331,0,0,-44.0,327.7922061357856,0,103.5678978240943,0.11871684551005206,0.11573053272928127,0.2772335113811978,0.0,1.0,0,0,1,0.0,1,0.10790636
2035-08-02,130.05533302688426,0.957157714436109,0,113.1052548683055,14.964450602252372,0,17.965962741558496,144.4545511044732,1.8064546432862967,0,128.04543578933138,1.2332690618671451,0,357.3189962239574,0.17021476952114842,0,-5.961803489802881,48.426904533222235,0.1149252638771711,0,129.09119410329504,0.12900680792501396,0,102.56586575909293,0.055192892600336496,0,24.61582171921105,-0.0026888456073959933,1,318.8415484306401,-0.022071539799759596,1,155.61244771647074,-0.05447543675842617,1,Rahu,Venus,2.0,CLEAR,836.8986707703834,5.015848897174578,0,0,-200.0,327.7922061357856,0,104.47537238408398,0.10343273748945399,0.11610612713251256,0.18723624647326328,0.0,1.0,0,0,1,0.0,2,0.12460566
2035-08-09,136.76107082540548,0.9587379243310111,0,210.6196347715901,12.602118017058299,0,-7.63949212162357,156.43616775155232,1.6180042327615942,0,136.68431787309515,1.234930181727195,0,358.1970477073767,0.07973835412823146,0,-5.868694268252707,49.16699237924346,0.09634231395823156,0,129.99224312571738,0.12832766049405878,0,102.94295715929479,0.05248735683877869,0,24.58351383851132,-0.006488228409748249,1,318.68544602169464,-0.022425329709939785,1,155.6164610134907,0.022460510200218397,0,Rahu,Venus,2.0,CLEAR,841.9460750576579,5.047404287274503,0,0,-300.0,327.7922061357856,0,105.40872928720606,0.0867080825624084,0.1154948944446529,0.08771218954105461,0.0,1.0,0,0,1,0.0,2,0.15218093
2035-08-16,143.47840665353846,0.960587280824805,0,294.90188094276624,12.01597186654242,0,-17.764600262304082,167.1124201640083,1.4314169424840704,0,145.33401686763216,1.2363919241258372,0,358.4259883890055,-0.01472849762518255,1,-5.987643029537333,49.77306593131588,0.07660676163438931,0,130.8859958767628,0.12687585896886547,0,103.29970587858749,0.04934353253978337,0,24.525544656656393,-0.010062936512282534,1,318.5287276577158,-0.022303307239791095,1,155.48593583602852,-0.027933087040025388,1,Rahu,Venus,2.0,CLEAR,846.9773953200502,5.031320262392228,0,0,-96.0,327.7922061357856,0,106.3604512201064,0.06894608547095038,0.11418827307197893,-0.016201347387700807,0.0,1.0,0,0,1,0.0,2,0.0121360235
2035-08-23,150.21126312849552,0.9632785722502787,0,23.397419629946196,13.400336474212539,0,5.432446277372132,176.43321586724497,1.225969268901984,0,153.99388567963493,1.2379039489667163,0,357.99120571553493,-0.10889113420701381,1,-6.301665827551821,50.236497028019855,0.05561324327747787,0,131.76646231476286,0.12457106787286862,0,103.63249585660338,0.04567951369061555,0,24.44286312566231,-0.013510293787705805,1,318.3738614723955,-0.021863653447094452,1,155.46480665391525,0.009989679990615377,0,Rahu,Venus,2.0,CLEAR,851.9496688313516,4.97227351130141,0,0,0.0,327.7922061357856,0,107.32359918910055,0.05005191894973008,0.11211396108558176,-0.1197802476277152,0.0,1.0,0,0,1,0.0,2,0.012086469
2035-08-30,156.96650461330972,0.966795086122059,0,122.31173605881321,14.542422202649037,0,16.814307603249652,184.1428462167989,0.9623885252858531,0,162.66511171238363,1.239518631184497,0,356.9223117962291,-0.19385298492509223,1,-6.772470217044998,50.54896496868938,0.03343329502297514,0,132.6282987696736,0.12148250156965901,0,103.93836737404196,0.04159729175438514,0,24.337167487770298,-0.016676683537100515,1,318.22379921951693,-0.020972624522178962,1,155.47883889922386,0.0005670120005353116,0,Rahu,Venus,2.0,CLEAR,856.8203979731699,4.870729141818288,0,0,0.0,327.7922061357856,0,108.29113128190329,0.030089965520677626,0.10933425141269311,-0.21323828341760148,0.0,1.0,0,0,1,0.0,2,0.010597018
2035-09-06,163.74516866737594,0.9699009932033597,0,218.64229210172857,12.635832771002681,0,-9.908403107388388,189.61094951078874,0.5709041983587483,0,171.34546797405235,1.2404946466635718,0,355.3352581526943,-0.2541487571864823,1,-7.329940330292035,50.702203350739296,0.010297502116077028,0,133.46465519595571,0.11734785467751162,0,104.21343777636045,0.03695302658823054,0,24.209843820679122,-0.01960615026940293,1,318.0809247059234,-0.019746353218052595,1,155.43905854160172,-0.01009015118062212,1,Rahu,Venus,2.0,CLEAR,861.542109871492,4.721711898322155,0,0,64.0,327.7922061357856,0,109.25481137527659,0.009267751904469325,0.10561306920976046,-0.27956363290513053,0.0,1.0,0,0,1,0.0,2,0.01072037
2035-09-13,170.54493548596747,0.9729124869815312,0,303.0716410099818,12.08406640189002,0,-16.709942051179723,191.61339495459634,-0.041549967711002465,1,180.03096323742426,1.2410079466679946,0,353.44860775402424,-0.2785678474006493,1,-7.875970481484625,50.69266045674723,-0.013051332769663547,1,134.26915013848833,0.11234265107624715,0,104.45488496384034,0.03195075748941329,0,24.06368187249047,-0.02210931236844061,1,317.9483124820308,-0.01810729984102101,1,155.4612566309953,0.022427232812662592,0,Rahu,Venus,2.0,CLEAR,866.0657568085296,4.523646937037597,0,0,-96.0,327.7922061357856,0,110.20546826599787,-0.011746199492697193,0.10110838596862244,-0.3064246321407143,0.0,1.0,0,0,1,0.0,3,0.010572414
2035-09-20,177.36731190700306,0.9765161359316242,0,33.60214861116082,13.797211865399387,0,8.517435260604062,188.59038374880726,-0.8171711603239596,1,188.719309942554,1.2414284513721483,0,351.52342828669714,-0.2654126569962607,1,-8.312798551066406,50.51966484354568,-0.03630191794897291,1,135.03536462654498,0.10646147664063711,0,104.65983212345044,0.026576763452131544,0,23.90110631832018,-0.024248139991883053,1,317.8279998715289,-0.01619271211311024,1,155.35564624948424,-0.05576444610487992,1,Rahu,Venus,2.0,CLEAR,870.3469106303247,4.281153821795101,0,0,0.0,327.7922061357856,0,111.13425830822479,-0.03267172615407562,0.0958153289765734,-0.2919539226958868,0.0,1.0,0,0,1,0.0,3,0.012647068
2035-09-27,184.21827468675093,0.9809076653406746,0,132.3215541720857,14.094646954002469,0,15.136681190401593,181.42422021928408,-1.045681169491075,1,197.41161610441458,1.242047283737712,0,349.81283670370755,-0.2179850033657843,1,-8.562155163081936,50.1857453579566,-0.059001977901938625,1,135.75769378462587,0.09971570843221292,0,104.82634903523383,0.02090393028210884,0,23.725353451850392,-0.025929577910941432,1,317.7224915181773,-0.013939055173114955,1,155.27062923783484,0.02450064085133099,0,Rahu,Venus,2.0,CLEAR,874.3428002325611,3.995889602236389,0,0,205.0,327.7922061357856,0,112.03234033277548,-0.05310178011174476,0.08974413758899163,-0.23978350370236276,0.0,1.0,0,0,1,0.0,3,0.015036512
2035-10-04,191.09895273712866,0.9849037494693966,0,226.58588064658133,12.583913585615367,0,-12.075690061384805,176.83075055874903,-0.12378669094216932,1,206.10696146119645,1.2422644114573824,0,348.5384974404816,-0.14226704514645105,1,-8.57151934454936,49.696841516323126,-0.08031153176212169,1,136.4289008230688,0.09192656281205461,0,104.95167280823145,0.01489743425106956,0,23.539156257586416,-0.027145102448987015,1,317.6334342879867,-0.011426150808216327,1,154.94406664139643,-0.10280666887397308,1,Rahu,Venus,2.0,CLEAR,878.0068992416184,3.6640990090572814,0,1,125.0,327.7922061357856,0,112.88974456548239,-0.07228037858590952,0.08273390653084915,-0.15649374966109617,0.0,1.0,0,0,1,0.0,3,0.014801928
2035-10-11,198.0057662649778,0.9884187671961568,0,310.9056545920836,12.093098867954515,0,-15.479420669744892,180.04796888495358,0.9753367764944859,0,214.80207358150622,1.2419703559042141,0,347.85623959360476,-0.051420913321610764,1,-8.31951465019758,49.06722780219122,-0.09912119806572507,1,137.0425513386101,0.08323762802232287,0,105.03454158954014,0.008738662775332594,0,23.346611069634484,-0.027800231892080505,1,317.5630888695141,-0.008663843925191952,1,154.6773918460065,0.02480743328406038,0,Rahu,Venus,2.0,CLEAR,881.2937109161953,3.2868116745769385,0,1,29.0,327.7922061357856,0,113.69594026897562,-0.08920907825915257,0.0749138652200906,-0.05656300465377184,0.0,1.0,0,0,1,0.0,3,0.013075744
2035-10-18,204.9372963974601,0.9921542731514674,0,43.21049266426581,14.281454880982922,0,11.25126485548259,189.12962506416062,1.526642267322694,0,223.49419019089274,1.2415493996388094,0,347.8223007229014,0.04121894390122231,0,-7.816792776154574,48.316488623703435,-0.11477416399987772,1,137.59228381726425,0.07372892682739697,0,105.07379782146474,0.0025024400505210586,0,23.15112141727587,-0.02793685869117718,1,317.5124458390633,-0.005752095625538381,1,154.30341728138433,-0.14191642106017113,1,Rahu,Venus,2.0,CLEAR,884.0050287647796,2.711317848584258,0,1,-63.0,327.7922061357856,0,114.44116239998837,-0.10329674759988995,0.06635603414465728,0.04534083829134455,0.0,1.0,0,0,1,0.0,3,0.017999902
2035-10-25,211.89773047780372,0.9965450690053269,0,142.91905487874436,13.767182714890284,0,12.95361241100603,200.47583883666096,1.6727466854366104,0,232.18469168855515,1.2414534058791076,0,348.42097694266636,0.1288042899622344,0,-7.090310944149736,47.46902031625388,-0.12672006737627778,1,138.07285519080006,0.06338361910008607,0,105.06953985497573,-0.0037649460017560384,1,22.956740422693667,-0.027554067572645845,1,317.48294184655873,-0.002698088660790145,1,153.8706565293599,0.012846461686275453,0,Rahu,Venus,2.0,CLEAR,885.4054255530468,1.4003967882672441,0,1,185.0,327.7922061357856,0,115.11611476810639,-0.11404806063865,0.05704525719007746,0.14168471895845786,0.0,1.0,0,0,1,0.0,4,0.013924766
2035-11-01,218.88796475342008,1.0005413806194097,0,234.82129890607993,12.43416919643253,0,-14.127085376419725,212.20441074859704,1.6661567119665652,0,240.87428886014996,1.2412379771152238,0,349.6103029413633,0.2096964729124686,0,-6.1682015617126815,46.5532615826547,-0.13404861578698338,1,138.47763317969643,0.052162649481691206,0,105.02126276447268,-0.00997394507454049,1,22.766733335816983,-0.02660725192694015,1,317.47500010218863,0.00047268661092907496,0,153.14616770449558,-0.20496949996209218,1,Rahu,Venus,2.0,CLEAR,886.5143250123269,1.10889945928011,0,0,149.0,327.7922061357856,0,115.71089984387945,-0.12064375420828505,0.04694638453352209,0.23066612020371546,0.0,1.0,0,0,1,0.0,3,0.013541452
2035-11-08,225.9032752920056,1.003704907430012,0,318.7302547321791,12.044065161852732,0,-14.067039974520261,223.72437561581953,1.623866857901432,0,249.56063135299976,1.240464102022107,0,351.33411001088854,0.28098380671879875,0,-5.077269184644031,45.60454980896244,-0.13614915534827907,1,138.80144810819587,0.04023620985850671,0,104.9303683466974,-0.015967869232483764,1,22.585462780973135,-0.025119238645548363,1,317.4895950947234,0.0036733269787782388,0,152.38421774875198,0.0018991579914285845,0,Rahu,Venus,2.0,CLEAR,887.3135171583933,0.7991921460663889,0,0,245.0,327.7922061357856,0,116.21598532722274,-0.12253423981345116,0.03621258887265604,0.30908218739067866,0.0,1.0,0,0,1,0.0,3,0.011184579
2035-11-15,232.9392928459016,1.0066552407253355,0,51.903198357156384,14.693938975911415,0,13.466564225068323,234.94722526001374,1.5844489536440063,0,258.2399365165528,1.2393500920957397,0,353.5177730872427,0.34106918975343165,0,-3.845825711154577,44.65933175141144,-0.1330445079228169,1,139.03981226620874,0.027832411224583804,0,104.79856209828263,-0.02159042682723898,1,22.41622834645661,-0.023122873574931726,1,317.5263689815495,0.006857907559055699,0,151.78881642106117,-0.19418081390577913,1,Rahu,Venus,2.0,CLEAR,887.7915540729705,0.47803691457716013,0,0,-11.0,327.7922061357856,0,116.62358391975214,-0.11974005713053522,0.025049170102125425,0.3751761087287748,0.0,1.0,0,0,1,0.0,3,0.0077790455
2035-11-22,239.99774246583075,1.0100536834304283,0,153.55419209847028,13.655878438708216,0,10.403901173256298,245.93701471244245,1.5576242562501013,0,266.9119727682005,1.2383785289133025,0,356.0856045491553,0.39120387739635964,0,-2.50032636577618,43.753039236757765,-0.12514757476087895,1,139.19002650344532,0.014969527174765077,0,104.62895845580253,-0.02683863783728639,1,22.262676566564526,-0.020718639189456323,1,317.58541715166297,0.009960101257088806,0,151.08376443107022,-0.000666763785198459,1,Rahu,Venus,2.0,CLEAR,887.9417824820407,0.15022840907022328,0,0,-36.0,327.7922061357856,0,116.9273499368808,-0.11263281728479106,0.01347257445728857,0.43032426513599564,0.0,1.0,0,0,1,0.0,3,0.008315361
2035-11-29,247.0792394826469,1.0130903010476051,0,243.5229311152728,12.228455061306516,0,-15.953354244680703,256.7783127592579,1.5409109905677025,0,275.57710192763795,1.2372976280045072,0,358.9786052730254,0.4342737682328282,0,-1.061597170339073,42.918525235846246,-0.11249771423280744,1,139.24878677086238,0.0018146413732817728,0,104.4242279207191,-0.031528233787408017,1,22.127404827153597,-0.01783433470414262,1,317.66582980490415,0.01301985773733331,0,150.1942981528469,-0.23909515126909298,1,Rahu,Venus,2.0,CLEAR,887.7595601190474,-0.18222236299334327,0,0,120.0,327.7922061357856,0,117.12138194370878,-0.1012479428095267,0.0016331772359535956,0.47770114505611105,0.0,1.0,0,0,1,0.0,3,0.0054725385
2035-12-06,254.1783671586108,1.0150452457942862,0,326.93262828900754,11.994632186955755,0,-12.339872164016164,267.505135824616,1.5216190967383583,0,284.23202142497695,1.2353523447328119,0,2.1493400498407995,0.4704724895601584,0,0.4530880447111338,42.18768100228759,-0.09572024798257256,1,139.21532406910745,-0.011362803853235884,1,104.189040306012,-0.03556194703905831,1,22.01375454604616,-0.014601132539709159,1,317.7672081753439,0.015892808143693527,0,149.23385372502403,-0.002877633223675281,1,Rahu,Venus,2.0,CLEAR,887.2468033074588,-0.5127568115885879,0,0,408.0,327.7922061357856,0,117.2015695230613,-0.08614822318431531,-0.010226523467912295,0.5175197385161743,0.0,1.0,0,0,1,0.0,4,0.005527768
2035-12-13,261.2884240489927,1.01639501297002,0,59.88954652345674,14.850865928921918,0,15.187342388903254,277.99996672717106,1.4658583267286909,0,292.8698733789895,1.2324971064849273,0,5.549439305522522,0.4999177157543096,0,2.025467744892238,41.58584418203827,-0.07577493556978088,1,139.09063955829805,-0.024144368262187604,1,103.92832284897527,-0.03875731362048708,1,21.923766090960243,-0.011034694004387353,1,317.8879363742816,0.018597748120412934,0,148.75093046996528,-0.1698824822903475,1,Rahu,Venus,2.0,CLEAR,886.414519884063,-0.8322834233957792,0,0,180.0,327.7922061357856,0,117.16687346733781,-0.0681974420128028,-0.021729931435968845,0.5499094873297407,0.0,1.0,0,0,1,0.0,4,0.0074399696
2035-12-20,268.408551408935,1.0179536241496325,0,163.55419125007725,13.772961974252867,0,7.720123914882821,287.7355806325991,1.2804575905969795,0,301.48577104128617,1.2291252040668836,0,9.134825609672768,0.5237454944076001,0,3.637405644352852,41.13143320967506,-0.05379762212439801,1,138.87836427300843,-0.036446235590022115,1,103.6481107050576,-0.041206094205880915,1,21.859558633821454,-0.007314573762058221,1,318.02688023370223,0.021025733345415326,0,148.12949708943032,0.009680096997672463,0,Rahu,Venus,2.0,CLEAR,885.2800722210847,-1.1344476629783458,0,0,180.0,327.7922061357856,0,117.01880563918698,-0.04841785991195821,-0.0328016120310199,0.5761200438483601,0.0,1.0,0,0,1,0.0,4,0.006733253
2035-12-27,275.53935290698183,1.0192794002430183,0,252.55590823563347,12.03511991406275,0,-17.411336356980662,295.0939038278982,0.731948860940112,0,310.0767692266333,1.225293447911193,0,12.874554798326757,0.5442422347030459,0,5.273653214521042,40.83669811790426,-0.030185678774694177,1,138.58249129918727,-0.047903818706344636,1,103.35380374658975,-0.042706047483381755,1,21.822134432305514,-0.0033331433740277487,1,318.1820564336437,0.023282864215495774,0,147.55875745775737,-0.17406316198382485,1,Rahu,Venus,2.0,CLEAR,883.8642083596555,-1.4158638614291021,0,0,-10.0,327.7922061357856,0,116.76035686688175,-0.02716711089722476,-0.04311343683571017,0.5986664581733505,0.0,1.0,0,0,1,0.0,4,0.006354252
2036-01-03,282.6756372216277,1.0194452817736077,0,335.70169908382354,12.024892084397363,0,-10.156428511192253,296.4124597678246,-0.4524126823430623,1,318.6364329463218,1.220026670234565,0,16.746382122208345,0.5614033304255102,0,6.921242570952169,40.710537674311105,-0.00581763670609561,1,138.2104002356787,-0.05818243418416091,1,103.05232548666328,-0.043279437134120455,1,21.812964441342647,0.0007072665598875053,0,318.35195201843305,0.02518873455008039,0,146.8990067556384,0.016163530660446852,0,Rahu,Venus,2.0,CLEAR,881.9125149596239,-1.9516934000316724,0,0,130.0,327.7922061357856,0,116.39743579433605,-0.005235873035486049,-0.05236419076574482,0.6175436634680612,0.0,1.0,0,0,1,0.0,3,0.0062217405
2036-01-10,289.8095771572771,1.018758657111257,0,67.93636178282678,14.698508609560228,0,16.599140273655948,289.30500202901106,-1.3403583423590786,1,327.15302571962513,1.2130010228030514,0,20.72623331592502,0.5751408310366178,0,8.565874769409406,40.75523475902058,0.018536201730366297,0,137.7718851393074,-0.06678569912056567,1,102.75039471189936,-0.042793704686070466,1,21.832249009081917,0.0048291116897039394,0,318.5340943575539,0.026828202482245912,0,146.76812867448612,-0.09306100277519964,1,Rahu,Venus,2.0,CLEAR,878.7874545326488,-3.1250604269750966,0,0,-90.0,327.7922061357856,0,115.93963613022547,0.016682581557329667,-0.06010712920850911,0.6326549141402796,0.0,1.0,0,0,1,0.0,2,0.0063281995
2036-01-17,296.938297396892,1.018071305138532,0,172.48937069806956,14.015310168643206,0,5.093125200025377,281.86570408336183,-0.5938213238263028,1,335.61462166706906,1.204400122781325,0,24.79102031386519,0.5858562263023059,0,10.192651977361168,40.967976544448454,0.04208132006992734,0,137.27921508727593,-0.07370946388834937,1,102.45502522638175,-0.04148212176049368,1,21.88013488998559,0.008812433869184405,0,318.72650534889226,0.02806509916059553,0,146.48254570449885,0.021457758893673917,0,Rahu,Venus,2.0,CLEAR,875.360619626327,-3.426834906321801,0,0,30.0,327.7922061357856,0,115.39908019729035,0.037873188062934604,-0.06633851749951443,0.6444418489325365,0.0,1.0,0,0,1,0.0,2,0.0061717522
2036-01-24,304.06284398015526,1.0174057085708337,0,261.5631006008879,11.910468294479173,0,-18.425728956893384,281.3465543101893,0.3777601370679133,0,344.01230196588887,1.194665328273316,0,28.925455044702524,0.5952036060226813,0,11.788217619667247,41.34287093976109,0.06488334159432707,0,136.7448490854111,-0.07860358777253279,1,102.17211842150265,-0.0391874023694046,1,21.955847854943205,0.012811977580900342,0,318.92662514512864,0.029063110309529086,0,146.3771149066332,-0.0631599627968319,1,Rahu,Venus,2.0,CLEAR,871.7054368942486,-3.6551827320784014,0,0,-218.0,327.7922061357856,0,114.78900123046789,0.05839500743489436,-0.07074322899527952,0.6547239666249495,0.0,1.0,0,0,1,0.0,2,0.005770915
2036-01-31,311.17946468448514,1.015711703011079,0,344.88723126236397,12.182919417257072,0,-7.519089689472329,286.10714307311434,0.9213044956076953,0,352.3345979222007,1.1826782744330322,0,33.120225466279294,0.6030107217373976,0,13.341210305486486,41.87343426036073,0.08646844915002236,0,136.1838070073751,-0.08131099227241338,1,101.9082499099966,-0.03607152906693869,1,22.058926670089075,0.016596404517681775,0,319.1322881795322,0.02962378485577848,0,146.1665818569986,0.01807840072401787,0,Rahu,Venus,2.0,CLEAR,867.9047217911866,-3.8007151030619752,0,0,275.0,327.7922061357856,0,114.12488033728602,0.07782160423502013,-0.07317989304517204,0.6633117939111374,0.0,1.0,0,0,1,0.0,2,0.0056923702
2036-02-07,318.28067952894224,1.0131076718910104,0,76.85504929211487,14.384381951455959,0,17.851079246047114,293.6432236666621,1.2037547480913708,0,0.5628904038732299,1.1677213602608076,0,37.36357409043412,0.6090680746699729,0,14.839281080076733,42.55007427391816,0.10659636890415522,0,135.6123246560954,-0.08155126404861208,1,101.66923196603595,-0.032074493181375126,1,22.187917445896446,0.02023949218783571,0,319.34070751269866,0.029888573613805085,0,146.21976034525954,-0.019066960131262425,1,Rahu,Venus,2.0,CLEAR,864.049097613866,-3.8556241773205784,0,0,275.0,327.7922061357856,0,113.42440721019896,0.0959367320137397,-0.07339613764375087,0.6699748821369703,0.0,1.0,0,0,1,0.0,2,0.013879493
2036-02-14,325.36258462958403,1.0103733618903625,0,180.52154429819447,14.186602872962647,0,2.5402991362178837,302.7026752220646,1.3734129264150297,0,8.67476415868662,1.1494834627650596,0,41.642790039362566,0.613367075896457,0,16.269573140513714,43.361357134280716,0.12491160634296924,0,135.04692521921328,-0.07965669656061163,1,101.46029270892448,-0.02754650689833053,1,22.341269509194163,0.023513325598978944,0,319.5495577311946,0.02971124931983546,0,146.1847084834867,0.0022373117279449323,0,Rahu,Venus,2.0,CLEAR,860.2275163515353,-3.82158126233071,0,0,430.0,327.7922061357856,0,112.70565571001912,0.11242044570867232,-0.07169102690455047,0.6747037834861027,0.0,1.0,0,0,1,0.0,2,0.013936294
2036-02-21,332.427049993968,1.0079968794503216,0,270.2000006715404,11.869589845526276,0,-19.035945235432568,312.77492833770856,1.5006492412878454,0,16.6497630673359,1.1285403082803427,0,45.949984710990535,0.617190736070649,0,17.620154459974838,44.29583317637923,0.1418382270365149,0,134.5024882017512,-0.07553867328625935,1,101.28529159511112,-0.022363873949566876,1,22.516903291851975,0.026619651682608807,0,319.75628275285135,0.029294183221167353,0,146.2017370214445,0.014539219871712727,0,Rahu,Venus,2.0,CLEAR,856.5215984021177,-3.7059179494176533,0,0,70.0,327.7922061357856,0,111.98558490989922,0.12765440433286343,-0.06798480595763341,0.678909809677714,0.0,1.0,0,0,1,0.0,2,0.01611211
2036-02-28,339.4727922971592,1.0049147163086722,0,354.1054097435799,12.45332986747443,0,-4.61132551749185,323.68858197277154,1.6174701149069513,0,24.464523907411223,1.1034140248046433,0,50.28188612355226,0.6203603422880951,0,18.88108755613944,45.34327473762026,0.15715718744975882,0,133.99405488845844,-0.0693931020101029,1,101.14808809715129,-0.016770424153669066,1,22.7129390576441,0.029326657610162312,0,319.95856520058123,0.02843561945833901,0,146.22021225864336,-0.022787893441816875,1,Rahu,Venus,2.0,CLEAR,853.0122568305231,-3.5093415715945184,0,0,155.0,327.7922061357856,0,111.28111583081434,0.14144146870478294,-0.062453791809092614,0.6823963765169047,0.0,1.0,0,0,1,0.0,2,0.015673893
2036-03-06,346.49398597407765,1.0010280226530062,0,86.90797915243087,14.12916415404182,0,18.873796248219453,335.43330255529025,1.739826826739004,0,32.08388775311233,1.0723914972180817,0,54.633047492030194,0.6226446563695446,0,20.04207857017414,46.492413687035715,0.17089163048219752,0,133.53571407694577,-0.06126398053025854,1,101.05162990168755,-0.010732326154108048,1,22.92690383461188,0.03175428032765403,0,320.15385769495526,0.02732172609972945,0,146.04649224597182,0.013071348808679944,0,Rahu,Venus,2.0,CLEAR,849.7768776621133,-3.2353791684098496,0,0,155.0,327.7922061357856,0,110.60881024233389,0.15380246743397777,-0.05513758247723269,0.6849091220064991,0.0,1.0,0,0,1,0.0,2,0.01590416
2036-03-13,353.48661634470176,0.9969683456904266,0,188.35603847258687,14.124997921248719,0,-0.07075787848037167,348.06930708926353,1.8714594601637748,0,39.45988063806474,1.0337505791900576,0,58.99606518104333,0.6238276445132153,0,21.092858073183304,47.731438609127814,0.18286195964330776,0,133.13932329674603,-0.05178726617162357,1,100.99780023831445,-0.004633108461249675,1,23.156171565698273,0.0336853419937416,0,320.33994956523446,0.02579750788637642,0,146.02135596865742,-0.0622875427603998,1,Rahu,Venus,2.0,CLEAR,846.8807522712787,-2.8961253908346407,0,0,425.0,327.7922061357856,0,109.98315173104776,0.164575763678977,-0.04660853955446121,0.6862104089645369,0.0,1.0,0,0,1,0.0,2,0.020424113
2036-03-20,0.4534869472960153,0.9935906906163948,0,278.36237516715454,11.880718699441994,0,-19.33370140690652,1.6115308410673952,1.9914281145410553,0,46.53803755015462,0.9870353672383168,0,63.36680700223751,0.6249512126493072,0,22.023989104272367,49.04979461029695,0.19358892744180448,0,132.8137972717365,-0.04104552805394412,1,100.98740415225362,0.0016682233912370496,0,23.398058481972317,0.03535337186097118,0,320.5147700858979,0.024093569409082187,0,145.6903866121913,0.019000255413087495,0,Rahu,Venus,2.0,CLEAR,844.3748000839169,-2.5059521873617996,0,0,300.0,327.7922061357856,0,109.41573878976418,0.17423003469762402,-0.03694097524854971,0.6874463339142379,0.0,1.0,0,0,1,0.0,1,0.01944193
2036-03-27,7.396178344002646,0.9899458059133729,0,2.988151217567721,12.765979692375982,0,-1.690262875209108,15.733148090301777,2.015547474787886,0,53.252142183579295,0.9290536596407163,0,67.74492403791339,0.6258957664651782,0,22.828174144075465,50.43836528354241,0.20291956573887754,0,132.5667401313502,-0.02939766885371307,1,101.020990158359,0.007926839490518447,0,23.649929308844982,0.0365409552760273,0,320.6763156326855,0.022016132597940035,0,145.63665066550584,-0.08983205987609305,1,Rahu,Venus,2.0,CLEAR,842.3038196936869,-2.07098039022992,0,0,200.0,327.7922061357856,0,108.91681082250523,0.1826276091649898,-0.026457901968341763,0.6884853431116961,0.0,1.0,0,0,1,0.0,1,0.025316076
2036-04-03,14.311351777682216,0.9857004673350419,0,97.7280297231805,14.068717052487093,0,19.432721323261234,29.24642218957635,1.7937295513125333,0,59.50710364139881,0.8548180520632433,0,72.12854367629676,0.6264447774568344,0,23.498555686559172,51.887704546708626,0.21093514662335155,0,132.40415346233928,-0.016978967551564784,1,101.09852271080536,0.014198136420902886,0,23.908963028301756,0.037395997425622905,0,320.8227207125223,0.019775429235702337,0,144.96227405627295,-0.012248332067575798,1,Rahu,Venus,2.0,CLEAR,840.704850364275,-1.5989693294119434,0,0,200.0,327.7922061357856,0,108.49519043403753,0.18984163196101642,-0.015281070796408306,0.6890892552025178,0.05855568655917054,1.0,0,0,1,0.0,1,0.022529567
2036-04-10,21.195392621574648,0.9812868687089116,0,196.7262879792653,13.82828957352158,0,-2.8619300403977013,40.15051615654339,1.2817633601045522,0,65.16650447264227,0.7579871948565235,0,76.51319932354214,0.626269929088103,0,24.029100061556573,53.387853603095685,0.21749128299133874,0,132.32914257196015,-0.004430042694425125,1,101.21879812073644,0.02013463947762589,0,24.172076536794354,0.03772630858141711,0,320.95228370944653,0.017224530059520016,0,144.75998906201158,-0.13960006653345464,1,Rahu,Venus,2.0,CLEAR,839.6008786179386,-1.1039717463363559,0,0,0.0,327.7922061357856,0,108.1570660351658,0.19574215469220488,-0.003987038424982613,0.6888969219969133,0.5891000615565716,1.0,0,0,1,0.0,1,0.02825675
2036-04-17,28.051824293638468,0.9777846080420101,0,286.23616710085315,11.892720144162856,0,-19.352549763287197,46.81357761281696,0.6065695605559794,0,70.0544406456591,0.6333042826851999,0,80.89688279146527,0.6262363121915289,0,24.414801933475278,54.93050176647802,0.2230816960400281,0,132.34254021608916,0.008241051093593925,0,101.38017786197753,0.025915956228751546,0,24.436482391492504,0.03776490757159485,0,321.06382367435253,0.014597153732055225,0,143.876445346765,-0.024759425586079298,1,Rahu,Venus,2.0,CLEAR,839.0022571079166,-0.5986215100219852,0,0,0.0,327.7922061357856,0,107.90605782459666,0.20077352643602528,0.007416945984234533,0.6888599434106818,0.9748019334752769,1.0,0,0,1,0.0,0,0.024377799
2036-04-24,34.88475526372902,0.9744686715065942,0,11.392995570520771,13.027882386404825,0,1.0631432132866305,48.58839399212932,-0.08820813009629115,1,73.94760797608353,0.4721066045145121,0,85.28070359046326,0.6262988138663339,0,24.652869967686954,56.50833767291904,0.22755432137991305,0,132.44411450075884,0.020762408535917206,0,101.5807339632171,0.031341590050930054,0,24.699492756288542,0.03732067199713845,0,321.15600191627567,0.011720613237276415,0,143.62714484886507,-0.13971111426350888,1,Rahu,Venus,2.0,CLEAR,838.9149327517897,-0.0873243561269419,0,0,0.0,327.7922061357856,0,107.7446217444703,0.20479888924192174,0.018686167682325484,0.6889286952529674,1.2128699676869523,1.0,0,0,1,0.0,0,0.020924455
2036-05-01,41.69362079682736,0.970799326876379,0,108.65590155990935,14.223211053624077,0,19.33980655230041,46.06885683499145,-0.5689887235929939,1,76.5547240119995,0.2642016414937446,0,89.66499908737228,0.6262667041238981,0,24.741528898811488,58.11390397072969,0.23096307114723913,0,132.63291534479868,0.033093522814016896,0,101.81845323597831,0.03649285994397265,0,24.95834324086815,0.03655304022367089,0,321.2279637047006,0.008810363591460394,0,142.57877056255828,-0.04579200694467552,1,Rahu,Venus,2.0,CLEAR,839.3400265506127,0.42509379882301346,0,0,0.0,327.7922061357856,0,107.67457210393053,0.20786676403251522,0.029784170532615208,0.688893374536288,1.3015288988114868,1.0,0,0,1,0.0,0,0.013167012
2036-05-08,48.475341425834785,0.966962131865277,0,205.9119202623065,13.426378382316367,0,-5.814742659185466,41.79122650856429,-0.5633898271940607,1,77.5278345908391,0.006556711901802114,0,94.0470501641009,0.6257444684119983,0,24.68044680458313,59.73882215526645,0.23316345147236828,0,132.90567148602867,0.044753424838166904,0,102.09015779114864,0.041084764778234945,0,25.20994028700515,0.03529768008566366,0,321.278827391406,0.00574149975540574,0,142.2148295084253,-0.17527807625315972,1,Rahu,Venus,2.0,CLEAR,840.2678113867776,0.9277848361648466,0,0,-120.0,327.7922061357856,0,107.69573119902351,0.20984710632513146,0.040278082354350216,0.6883189152531981,1.2404468045831294,1.0,0,0,1,0.0,0,0.040841915
2036-05-15,55.233715489838694,0.9641383011909821,0,294.14628372354866,11.87279132009016,0,-19.02579503055011,39.17832345881664,-0.1402406459999656,1,76.5860455937564,-0.2756532108570541,1,98.42612046784375,0.6254560446255591,0,24.470289532957658,61.37648295869548,0.23458034287242138,0,133.25827628871016,0.0558694860756203,0,102.39288545824849,0.04531597725169153,0,25.451989418886715,0.03377980165396749,0,321.3085664146375,0.0027280659475131586,0,141.03627072191824,-0.053816213013795404,1,Rahu,Venus,2.0,CLEAR,841.6806315750143,1.4128201882367648,0,0,-120.0,327.7922061357856,0,107.80628686982345,0.21112230858517925,0.05028253746805827,0.6880016490881151,1.0302895329576565,1.0,0,0,1,0.0,0,0.040805787
2036-05-22,61.97459009877101,0.9618860380242761,0,19.47388752109764,13.168183661318915,0,3.629357579492505,40.05087180872243,0.3857952865018614,0,73.75999118253313,-0.5174745109171269,1,102.8040311816656,0.6254291546649113,0,24.11354215340903,63.02074525616689,0.23507389840892473,0,133.6862289639983,0.06631099672067213,0,102.72335466901865,0.04904117759212132,0,25.68183216394199,0.031843887362333775,0,321.31677469125566,-0.00036846319895437145,1,140.7628762257903,-0.13167729832474348,1,Rahu,Venus,2.0,CLEAR,843.5608621011239,1.8802305261095853,0,0,-120.0,327.7922061357856,0,108.00439680005631,0.21156650856803227,0.05967989704860492,0.6879720701314025,0.6735421534090271,1.0,0,0,1,0.0,1,0.04327984
2036-05-29,68.70001065939518,0.959537891907986,0,119.08231359792865,14.532532186307478,0,18.583676336702926,44.40965317659518,0.8444970624564516,0,69.65325425066246,-0.6269823649703933,1,107.18253419311321,0.6254993109072046,0,23.613615590647363,64.66508453251122,0.2345800814631545,0,134.18531133422513,0.07612092282042955,0,103.07861410384972,0.052342381833700685,0,25.897287061841688,0.029629417612309306,0,321.3038180730098,-0.003347560419401205,1,139.7525815560926,-0.04142473496439794,1,Rahu,Venus,2.0,CLEAR,845.8886271288776,2.327765027753685,0,0,80.0,327.7922061357856,0,108.28802427238344,0.21112207331683908,0.06850883053838659,0.688049241997925,0.17361559064736198,1.0,0,0,1,0.0,1,0.04982847
2036-06-05,75.40741418601549,0.9569848870691606,0,215.7044882348553,13.058363766349782,0,-8.775945618902302,51.6893301940114,1.2254186920415926,0,65.42778982381735,-0.5490353289345528,1,111.56001407192096,0.6252305289077658,0,22.97541321425358,66.30202768472549,0.2330076535689013,0,134.7495133086669,0.08496474093585428,0,103.45450922657189,0.055000007480100185,0,26.095607923397814,0.027023627623426385,0,321.269849378672,-0.006300224577120459,1,139.47142646724623,-0.14406479922964135,1,Rahu,Venus,2.0,CLEAR,848.6364583263278,2.747831197450182,0,0,125.0,327.7922061357856,0,108.6539053852691,0.20970688821201117,0.07646826684226886,0.6877535817985424,0.0,1.0,0,0,1,0.0,1,0.052036222
2036-06-12,82.10029077665595,0.9554221396596839,0,302.35096057448635,11.827314360846382,0,-18.241214879097786,61.47296173079442,1.5660128772656796,0,62.320589685302096,-0.3216985260831559,1,115.9364579969899,0.6252234123810375,0,22.2043503099562,67.925501746043,0.230684588373427,0,135.3730411652587,0.09303147340916137,0,103.8475805486454,0.057198456177244526,0,26.275187359817934,0.024217372533170394,0,321.2161103973594,-0.009055659555622307,1,138.49075609756343,-0.04039862737613366,1,Rahu,Venus,2.0,CLEAR,851.7725094492522,3.136051122924414,0,0,245.0,327.7922061357856,0,109.09785380544078,0.2076161295360843,0.08372832606824523,0.6877457536191414,0.0,1.0,0,0,1,0.0,1,0.049574934
2036-06-19,88.78529910019938,0.9546989189957524,0,27.59236231424523,13.177723606013249,0,6.12287711918815,73.56799667227422,1.8845343860391457,0,61.041718738885706,-0.042711228186422014,1,120.31398519742439,0.6255772256070286,0,21.306799774001217,69.52946815145323,0.22745386367740486,0,136.050037110431,0.10028829839313814,0,104.25397298117643,0.058847236120199826,0,26.43390273212364,0.02110706923164293,0,321.14326284442444,-0.0117088717088516,1,138.41540527899997,-0.07463336436643912,1,Rahu,Venus,2.0,CLEAR,855.2672375621318,3.4947281128795566,0,0,245.0,327.7922061357856,0,109.61613437830735,0.20470847730966438,0.09025946855382433,0.6881349481677315,0.0,1.0,0,0,1,0.0,1,0.045592375
2036-06-26,95.46658128337153,0.9541198453746937,0,128.65850718445034,14.88202495208429,0,17.295954689961672,87.68222633814506,2.124964373885337,0,61.66769154596998,0.2144458525424608,0,124.69522546772227,0.6261458769181317,0,20.2894539437417,71.10765242719283,0.22322543119028596,0,136.77545423299247,0.10678625235801262,0,104.67042068983271,0.06000099695775251,0,26.570365052306393,0.0178063208289238,0,321.0529295486867,-0.01409604884520363,1,137.79415885466415,-0.01691078333186771,1,Rahu,Venus,2.0,CLEAR,859.0902100122759,3.822972450144107,0,0,200.0,327.7922061357856,0,110.20508918068609,0.20090288807125736,0.09610762712221135,0.688760464609945,0.0,1.0,0,0,1,0.0,1,0.041982427
2036-07-03,102.14206722208549,0.9532583549851339,0,225.66244763226342,12.80527375397147,0,-11.553041095460182,102.85059235242701,2.170825271498914,0,63.933055860154234,0.42492345406375315,0,129.07929577270417,0.6264772364555689,0,19.160189955513257,72.65190222723936,0.21787115548026742,0,137.54261303814417,0.11228750127381229,0,105.09239965867052,0.06051518864900778,0,26.68256082630153,0.014267085830699069,0,320.9463391610821,-0.016268548226834264,1,137.74710015991673,-0.07305393832046013,1,Rahu,Venus,2.0,CLEAR,863.2047731729862,4.114563160710304,0,0,50.0,327.7922061357856,0,110.86005221184264,0.1960840399322407,0.10105875114643106,0.6891249601011258,0.0,1.0,0,0,1,0.0,1,0.047454137
2036-07-10,108.81430152159186,0.9532484647115413,0,310.91659171693664,11.792129297802415,0,-16.929864461713244,117.62812376969845,2.0301917293630187,0,67.51147465088265,0.5904489713065981,0,133.46650557048537,0.6270525389957596,0,17.926861142808495,74.15581470828053,0.2116400268871152,0,138.34555193625437,0.11696616585894778,0,105.51623083207824,0.06051147701767672,0,26.769870293917524,0.01063391810475148,0,320.82589237731395,-0.018121668180338297,1,137.258093030107,-0.011077317874608231,1,Rahu,Venus,3.0,CLEAR,867.5713593120831,4.366586139096967,0,0,50.0,327.7922061357856,0,111.57568164233685,0.19047602419840368,0.10526954927305301,0.6897577928953357,0.0,1.0,0,0,1,0.0,1,0.061571386
2036-07-17,115.48987879954937,0.9542170466308174,0,36.139218385223344,13.112474821268687,0,8.685127098499784,131.12100908557298,1.8214120980560775,0,72.1100430085442,0.7177212087384067,0,137.85902546613605,0.6280469614653146,0,16.597450058983256,75.61247319876061,0.2043889274429445,0,139.17827327445187,0.12084981361596939,0,105.93809900911563,0.059962180139796074,0,26.83109997380367,0.006867925139368505,0,320.6932270034875,-0.019704860077289284,1,137.34661765036995,-0.020020994440714507,1,Rahu,Venus,3.0,CLEAR,872.1541831544813,4.58282384239817,0,0,50.0,327.7922061357856,0,112.3471733006482,0.18395003469865007,0.10876483225437245,0.6908516576118461,0.0,1.0,0,0,1,0.0,1,0.06237876
2036-07-24,122.17432455295636,0.9555233046876058,0,137.4041040022384,15.128755699701806,0,15.63522119031604,143.12079581921108,1.6075062581353932,0,77.48826836240063,0.8143774548983649,0,142.2599762248484,0.6293187096955589,0,15.179691466007439,77.0145555924593,0.19593640011346675,0,140.03572382492456,0.12394167967984109,0,106.354581230617,0.05888856813043788,0,26.86599283698676,0.0030483223826035383,0,320.55099108119504,-0.020913676004371044,1,137.16081531342402,0.0002533173856263076,0,Rahu,Venus,3.0,CLEAR,876.9161077621785,4.76192460769721,0,0,-22.0,327.7922061357856,0,113.1697309879378,0.17634276010212008,0.11154751171185698,0.6922505806651149,0.0,1.0,0,0,1,0.0,1,0.069225445
2036-07-31,128.86607297672865,0.9564539786877453,0,235.3426278431819,12.689588465740755,0,-14.003884409186405,153.61942404306453,1.3900745925325104,0,83.4594078383849,0.8887548393496542,0,146.6689764837997,0.6304249681706341,0,13.682285906720596,78.35252187757293,0.1861887896159301,0,140.91116846362704,0.12607311191709944,0,106.76108129030712,0.057202126297554584,0,26.873703182895458,-0.0007962352904603823,1,320.4012535647759,-0.021760541971854914,1,137.21489666154017,-0.015072102384529565,1,Rahu,Venus,2.0,CLEAR,880.7945860125255,3.8784782503470296,0,0,-22.0,327.7922061357856,0,114.03746528073158,0.1675699106543371,0.1134658007253895,0.6934674649876975,0.0,1.0,0,0,1,0.0,2,0.06909819
2036-08-07,135.56615610422813,0.9579882046099388,0,319.71426024301115,11.80142793579673,0,-15.125110132724451,162.5182292795039,1.1448136628083019,0,89.89641369936359,0.9482523304578514,0,151.08635507489097,0.6317217759301765,0,12.113742132973702,79.61854356290885,0.1753157835067389,0,141.79873694717776,0.1273628918274856,0,107.15414846126215,0.054995726188213204,0,26.854939638025584,-0.004575380620257191,1,320.24716371133206,-0.022225840798424466,1,137.1569525480161,0.00022253752762011958,0,Rahu,Venus,2.0,CLEAR,883.7015641181645,2.9069781056389274,0,0,-222.0,327.7922061357856,0,114.94379730915217,0.157784205156065,0.11462660264473705,0.6948939535231943,0.0,1.0,0,0,1,0.0,2,0.072213255
2036-08-14,142.28030431298106,0.960516166990464,0,45.36331089873063,13.065479895406918,0,11.368564952652045,169.48250343579966,0.8283358823322778,0,96.70889105363783,0.9965167618309904,0,155.5141614534993,0.6334673330659978,0,10.482252895235042,80.80406036903531,0.16320369753511477,0,142.69245458427432,0.12782512910700575,0,107.52987515505461,0.05229709985769726,0,26.809861239852115,-0.008259057462856987,1,320.0909402048535,-0.02231732990928773,1,137.13618636483483,-0.007503886267022739,1,Rahu,Venus,2.0,CLEAR,886.6430565892466,2.9414924710821424,0,0,120.0,327.7922061357856,0,115.8825933444222,0.1468833277816033,0.11504261619630518,0.6968140663725976,0.0,1.0,0,0,1,0.0,2,0.06895019
2036-08-21,149.01462817905914,0.9634991442270588,0,145.71168061813555,15.150651746957182,0,13.68621985642279,173.79683583004956,0.3753025894965641,0,103.826037981755,1.0354609433001742,0,159.95571498410538,0.6355091321851049,0,8.795507020589051,81.89995503643796,0.1495940030150945,0,143.58711908437382,0.12755851568881224,0,107.88512324759867,0.04906197665796704,0,26.73967303392305,-0.011812247911002875,1,319.9357088845447,-0.022008655302956873,1,137.1790133095406,-0.0055408125353570556,1,Rahu,Venus,2.0,CLEAR,889.5937208270095,2.9506642377629078,0,0,-40.0,327.7922061357856,0,116.84744605045077,0.13463460271358507,0.11480266411993102,0.6990600454036154,0.0,1.0,0,0,1,0.0,2,0.06984017
2036-08-28,155.7680068129227,0.9660218851080713,0,244.43994256045616,12.685977670888114,0,-16.072974723964233,174.28590063565701,-0.2641248013752648,1,111.18856750995963,1.0672462729600731,0,164.4109661462555,0.6374369880636879,0,7.062170730231363,82.89488565675343,0.1344807030737583,0,144.47599066278488,0.12628550713483286,0,108.2155350660356,0.04529468155970381,0,26.645088866460256,-0.015128886779380839,1,319.78384322581576,-0.021276192820736742,1,137.03326691163076,-0.007532618616173654,1,Rahu,Venus,2.0,CLEAR,892.5251872730889,2.931466446079412,0,0,-40.0,327.7922061357856,0,117.83090179632462,0.12103263276638249,0.11365695642134957,0.7011806868700567,0.0,1.0,0,0,1,0.0,2,0.06829862
2036-09-04,162.5395364850395,0.968793400252416,0,328.49427941494247,11.864497997345817,0,-12.966228211758148,170.06885445790223,-0.8933074082868642,1,118.75736172871183,1.0946334650325202,0,168.88003205028988,0.6394723394054971,0,5.2909291809545,83.77946148999405,0.11801166042465656,0,145.35294938079284,0.12411650151143729,0,108.51803763023513,0.04104256370587573,0,26.52838815428444,-0.018184167536581766,1,319.63855618398634,-0.020194577184837085,1,137.1279528758314,-0.019829829161924693,1,Rahu,Venus,2.0,CLEAR,895.4080853455143,2.882898072425405,0,0,105.0,327.7922061357856,0,118.8245612265084,0.1062104943821909,0.11170485136029355,0.7034195733460469,0.0,1.0,0,0,1,0.0,2,0.069941655
2036-09-11,169.33327335964555,0.9724486699820386,0,55.254475021027844,13.129031021836267,0,14.067587895654997,163.44537301837582,-0.8250599206846656,1,126.50582491339601,1.1187032802770782,0,173.3646895812444,0.6419617721901577,0,3.4900849999535906,84.54387789469943,0.10017207158635598,0,146.2118308254445,0.12116799776204434,0,108.78925604656062,0.036406080694712406,0,26.391337266953133,-0.020889938177631413,1,319.50200450959704,-0.018733881822736904,1,136.6755525033456,-0.0497590022469826,1,Rahu,Venus,2.0,CLEAR,898.2154901909099,2.807404845395581,0,0,45.0,327.7922061357856,0,119.82049355849138,0.09015486442772039,0.10905119798583991,0.7061579494091735,0.0,1.0,0,0,1,0.0,2,0.06756889
2036-09-18,176.15507829894966,0.9765820518250561,0,154.20773828856454,14.914987845207827,0,11.422185644938276,160.6862483027331,0.12455039623168475,0,134.41134414184097,1.1393707440370595,0,177.86823431526238,0.6447359034820899,0,1.6674279384972408,85.17809516059867,0.08071961288235381,0,147.04715401373102,0.1172892189676657,0,109.02663212576644,0.03129768736755234,0,26.23668626693328,-0.02327258748945433,1,319.37703510898575,-0.01695396971414622,1,136.6712607373324,-0.03471703031791081,1,Rahu,Venus,2.0,CLEAR,900.9201295271569,2.7046393362469416,0,0,45.0,327.7922061357856,1,120.81046774679774,0.07264765159411843,0.10556029707089913,0.709209493830299,0.0,1.0,0,0,1,0.0,2,0.008212555
2036-09-25,183.00406993926276,0.9801863442607207,0,252.87520790199193,12.732249125100216,0,-17.76839455631667,165.25581942017638,1.1215868940388527,0,142.44948965323837,1.156843093808625,0,182.39069822648045,0.6474147756960609,0,-0.1680704226767172,85.67080317150581,0.05988774313764001,0,147.8517003441459,0.11244564848503909,0,109.22666631600718,0.025826116060845224,0,26.066770257663357,-0.025164986196894206,1,319.26563530894094,-0.014793753617867687,1,136.04925148686547,-0.055189366312587376,1,Rahu,Venus,2.0,CLEAR,903.4919221870975,2.5717926599406837,0,0,-176.0,327.7922061357856,1,121.78493008648255,0.05389896882387601,0.10120108363653518,0.712156253265667,0.0,1.0,0,0,1,0.0,2,0.007992564
2036-10-02,189.87721146630346,0.9836022937564701,0,336.993321213435,11.95630732190966,0,-10.647630247473389,175.20854350685602,1.636652673545157,0,150.6026178353844,1.172353007409923,0,186.9320168715368,0.6501187698314417,0,-2.007284444242484,86.01391983648357,0.03797522186818613,0,148.6190371108306,0.1066328595993719,0,109.38729455787261,0.02001044015642477,0,25.88527313416109,-0.02662609370564855,1,319.1703143055652,-0.012416689955245764,1,136.00462278606756,-0.059609782720516584,1,Rahu,Venus,2.0,CLEAR,905.9014884579539,2.409566270856317,0,0,-176.0,327.7922061357856,1,122.73376397666951,0.03417769968136752,0.0959695736394347,0.7151306468145859,0.0,1.0,0,0,1,0.0,2,0.008285527
2036-10-09,196.77611050372477,0.987663584870642,0,65.50334116935106,13.35983691455879,0,16.534385038731756,187.24952662608132,1.7605785864150967,0,158.85948746339096,1.1865485196395391,0,191.49343670340005,0.653244153002794,0,-3.8409179541338654,86.20062248640392,0.015258523998206906,0,149.34275646361706,0.10002573972929635,0,109.50647973438922,0.014034088705344274,0,25.695324014329497,-0.027536445073950578,1,319.09249604175386,-0.009755356776938381,1,135.00013817032186,-0.11896629453413562,1,Rahu,Venus,2.0,CLEAR,908.1228322838458,2.2213438258919496,0,0,-80.0,327.7922061357856,0,123.64743244928756,0.013732671598386216,0.09002316575636672,0.7185685683030735,0.0,1.0,0,0,1,0.0,2,0.008712769
2036-10-16,203.70557855259887,0.9921417627729071,0,163.45622283690824,14.512769454466385,0,8.748058413606596,199.50363854856946,1.728229168829397,0,167.21021973654402,1.1989860879059062,0,196.0780386050285,0.6566213055634822,0,-5.660346485720342,86.22559825377407,-0.008249348448129981,1,150.01701409343482,0.09241534581767077,0,109.58307701890476,0.007783754513125884,0,25.500737144606575,-0.028004974171768796,1,319.0340370699774,-0.0069479620639198965,1,134.77562258709798,-0.06979996641385555,1,Rahu,Venus,2.0,CLEAR,910.1306337955114,2.007801511665548,0,0,180.0,327.7922061357856,0,124.51627694882825,-0.0074244136033169835,0.0831738112359037,0.7222834361198305,0.0,1.0,0,0,1,0.0,3,0.008710247
2036-10-23,210.66472181256273,0.9960361600891005,0,260.8361684372209,12.744205740988052,0,-19.10392335721619,211.36920441301746,1.6608460261993676,0,175.64038965471062,1.2093233781270403,0,200.6860619961638,0.6599344159449239,0,-7.455617577487835,86.08516092398554,-0.03179415168845487,1,150.6344930056064,0.0838641893682464,0,109.61547389858137,0.0014849814123782316,0,25.304899791034195,-0.027833160777480888,1,318.99595664452926,-0.0038915516721224957,1,133.67060649334059,-0.11875490436769867,1,Rahu,Venus,2.0,CLEAR,911.8982209372485,1.767587141737181,0,0,32.0,327.7922061357856,0,125.32959321457221,-0.02861473651960938,0.07547777043142176,0.7259278575394164,0.0,1.0,0,0,1,0.0,3,0.008727747
2036-10-30,217.6484785829999,0.9992850104624996,0,345.07792636999034,12.02701919707197,0,-8.319927333930456,222.7678026080713,1.5978756958052172,0,184.13713739588962,1.2181245202033302,0,205.31675259706168,0.6631343527680011,0,-9.216016346309418,85.7819520299295,-0.054669177222392985,1,151.18878172221906,0.07435835527579049,0,109.60366589433785,-0.004853034360303786,1,25.112083774032527,-0.027177953761076772,1,318.9794816779171,-0.0008170471041992906,1,133.4223255589549,-0.07854404270962768,1,Rahu,Venus,2.0,CLEAR,913.4017643292145,1.5035433919659908,0,0,192.0,327.7922061357856,0,126.07669794818653,-0.04920225950015369,0.06692251974821144,0.7294477880448014,0.0,1.0,0,0,1,0.0,4,0.0074248086
2036-11-06,224.65549366081493,1.0028284235006024,0,75.55865706321836,13.750881361405671,0,18.48478488130903,233.7710406901705,1.5480806961558808,0,192.69236335571978,1.2261186768715204,0,209.97092863882702,0.6667220444689528,0,-10.930774966921284,85.32319266230701,-0.07611394023045694,1,151.67396304371664,0.06416015784468491,0,109.54810963086719,-0.010969413609721744,1,24.92587341602423,-0.025918464147050083,1,318.9848668132663,0.0023821429599545445,0,132.15271756783562,-0.15269174465971005,1,Rahu,Venus,2.0,CLEAR,914.6226648905865,1.220900561371991,0,0,192.0,327.7922061357856,0,126.74808962769241,-0.06850254620741124,0.05774414206021643,0.7333942489158481,0.0,1.0,0,0,1,0.0,3,0.007172952
2036-11-13,231.68887168664799,1.0066785230942628,0,173.6373641155859,14.112389990109088,0,5.612465663509475,244.46303752300466,1.507462883408202,0,201.30022138118898,1.2330120877948958,0,214.65133335103144,0.6705263772939435,0,-12.589571837485984,84.72046659592607,-0.09572428805991064,1,152.08480141606853,0.053056885910620445,0,109.45018504825863,-0.0169944059392878,1,24.75005279438079,-0.024253638440167025,1,319.01256752225555,0.005510953411965098,0,131.83175870204045,-0.0762662881517063,1,Rahu,Venus,2.0,CLEAR,915.5447322953817,0.9220674047951434,0,0,336.0,327.7922061357856,0,127.33474862168774,-0.08615185925391958,0.0477511973195584,0.7375790150233379,0.0,1.0,0,0,1,0.0,3,0.006875151
2036-11-20,238.74763459130116,1.0099188994065467,0,268.7265780325743,12.651277663313975,0,-20.051967539609137,254.86373052512258,1.461090371937817,0,209.95106415838995,1.2383920980684673,0,219.358255561666,0.6742647535646676,0,-14.18082121033192,83.99040826577843,-0.11225549113068958,1,152.41527026713175,0.04125435844080213,0,109.31131703843845,-0.022605048373511023,1,24.587921039222856,-0.021979688247906685,1,319.06237777496074,0.00871620563348361,0,130.64218672021588,-0.13354115380977266,1,Rahu,Venus,2.0,CLEAR,916.1525769827731,0.6078446873914345,0,0,216.0,327.7922061357856,0,127.82734922790888,-0.10102994201762062,0.03712892259672192,0.7416912289211345,0.0,1.0,0,0,1,0.0,3,0.006634098
2036-11-27,245.82518936102682,1.0121308333778634,0,352.8688847803624,12.040348341968292,0,-5.9880567589763665,264.8219830400177,1.3717642808713237,0,218.63452338519932,1.2424417613425387,0,224.09039897470288,0.6777780382252453,0,-15.692121686059814,83.1579541574403,-0.12487209607907605,1,152.66075989869609,0.028808993472437396,0,109.13456030715999,-0.02780763453819573,1,24.443073396925175,-0.019341327957753673,1,319.1340371125769,0.011730597190794376,0,130.4263991675999,-0.04107449650894259,1,Rahu,Venus,2.0,CLEAR,916.436419392708,0.2838424099348913,0,0,120.0,327.7922061357856,0,128.2176865017709,-0.11238488647116845,0.025928094125193656,0.7455558420477699,0.0,1.0,0,0,1,0.0,3,0.0053011104
2036-12-04,252.917297753538,1.0142371875537066,0,84.84285650792944,14.20201672908498,0,19.752642418477766,273.7575898595742,1.1446982092566351,0,227.34417351326167,1.245988514190891,0,228.84797610805424,0.6816093703033401,0,-17.11096094006349,82.25302881363008,-0.13288956107210348,1,152.81810349587622,0.016117194603653684,0,108.92371943836439,-0.03231059801324876,1,24.318317563552274,-0.016229582602741387,1,319.2265721364088,0.014698758003129801,0,129.45555133574962,-0.12090091103713752,1,Rahu,Venus,2.0,CLEAR,916.393866468559,-0.042552924148935745,0,0,-104.0,327.7922061357856,0,128.49978593232393,-0.11960060496489314,0.014505475143288316,0.7497703073336742,0.0,1.0,0,0,1,0.0,3,0.00594804
2036-12-11,260.0250384681897,1.0165417293602332,0,184.4134456098313,13.872077786148594,0,2.1202612715433293,280.00495117354177,0.5507211433554584,0,236.0771173615601,1.2490133390846878,0,233.63331957105356,0.6856360794406442,0,-18.425571280733923,81.30808651804624,-0.1362767433848252,1,152.885328711601,0.0030398133770227135,0,108.68326476061564,-0.03628549865222556,1,24.216170275399488,-0.012910549241485854,1,319.3390336332776,0.017397099655284957,0,129.30219912536919,-0.03327234107934794,1,Rahu,Venus,2.0,CLEAR,916.0267791270792,-0.36708734147987343,0,0,24.0,327.7922061357856,0,128.6691584362015,-0.12264906904634269,0.0027358320393204424,0.7541996873847087,0.0,1.0,0,0,1,0.0,3,0.0061365683
2036-12-18,267.14767713195755,1.0182891207159832,0,276.9596805376038,12.445943574226336,0,-20.543308611672792,279.95470595630445,-0.6492854934371871,1,244.82839664551088,1.2511571255416853,0,238.4468059024904,0.6895814742363607,0,-19.62343812534988,80.35779934809408,-0.13433875986448515,1,152.86082424242065,-0.010030321230275507,1,108.41793616272199,-0.0393843991484645,1,24.138700312545918,-0.00918395220703725,1,319.4701091556374,0.020009419291556946,0,128.54112450104387,-0.0839379750608609,1,Rahu,Venus,2.0,CLEAR,915.3399018739186,-0.68687725316056,0,0,295.0,327.7922061357856,0,128.72212392987473,-0.12090488387803663,-0.009027289107247956,0.7585396216599969,0.0,1.0,0,0,1,0.0,4,0.007516772
2036-12-25,274.2780328338607,1.0187961305908715,0,0.7210118805070825,12.010198373703338,0,-3.5029074498374166,271.9281124077716,-1.3606094541837623,1,253.5908684232878,1.252298039947631,0,243.28659191648214,0.6932029038109221,0,-20.691821291014403,79.43933742425749,-0.1272398450928625,1,152.74528887565148,-0.02289684530352167,1,108.13368359839893,-0.04167226553506574,1,24.08776580261529,-0.005340569184888652,1,319.61823151264355,0.022266013087751994,0,128.53184701798557,0.013379051430790066,0,Rahu,Venus,2.0,CLEAR,914.3459503175832,-0.9939515563354462,0,0,-85.0,327.7922061357856,0,128.6575230730362,-0.11451586058357627,-0.020607160773169503,0.7625231941920143,0.0,1.0,0,0,1,0.0,4,0.0091104815
2037-01-01,281.4098355941337,1.0188526884707445,0,93.15008897125982,14.52925710704024,0,20.38671672153316,265.2273368638426,-0.4006381360990709,1,262.360056386811,1.2531833165795299,0,248.1522592009539,0.6970501504745953,0,-21.618392445954232,78.58760589757723,-0.1154016266652157,1,152.54207380061536,-0.03502913435308552,1,107.83705359321984,-0.04291374648405133,1,24.064525974264004,-0.0012769558093449391,1,319.78148836261516,0.0243411806023746,0,128.15942914942738,-0.051937193139282876,1,Rahu,Venus,2.0,CLEAR,913.0662261139121,-1.279724203671094,0,0,-256.0,327.7922061357856,0,128.47754782635135,-0.10386146399869413,-0.03152622091777697,0.7667551655220549,0.0,1.0,0,0,1,0.0,4,0.0075902543
2037-01-08,288.542318010419,1.0190419734474618,0,195.08008786979917,13.871895064511566,0,-1.4633413505024735,266.12606226610365,0.5674467079099478,0,271.13522360860867,1.253998651102454,0,253.04565639129277,0.7010863670083382,0,-22.392405710552314,77.83207803329286,-0.09986399696553444,1,152.25625589115452,-0.04648026344029227,1,107.5345108877996,-0.04336776713162624,1,24.069523337520465,0.002720224858054815,0,319.95786232121804,0.02601145229939687,0,128.17574903579094,0.00623426004696859,0,Rahu,Venus,2.0,CLEAR,911.5267622404313,-1.5394638734808268,0,0,-280.0,327.7922061357856,0,128.18673255363404,-0.089877597268981,-0.04183223709626304,0.771195003709172,0.0,1.0,0,0,1,0.0,3,0.007532106
2037-01-15,295.67566258590165,1.0188620084459472,0,285.6942465667024,12.192520039619293,0,-20.515347940970926,272.00994244310334,1.0520748577309413,0,279.91529892535146,1.2544578986804598,0,257.96730347284154,0.7050138382857776,0,-23.0035868880463,77.19776947147501,-0.08087434469231629,1,151.89427272358,-0.05673625985953081,1,107.23255235702366,-0.04275398389798782,1,24.103079152836198,0.0068502667392775895,0,320.1453326293816,0.027480764666861564,0,127.98657636339199,-0.019814993562929626,1,Rahu,Sun,2.0,CLEAR,909.7568265967717,-1.7699356436595508,0,0,-120.0,327.7922061357856,0,127.7911935707438,-0.07278691022308466,-0.051062633873577734,0.7755152221143554,0.0,1.0,0,0,1,0.0,3,0.007542849
2037-01-22,302.8033839524492,1.0174547132069756,0,9.0062787019874,11.996482354599975,0,-0.6966500473360201,280.2773128336431,1.2842999110292346,0,288.69578700473824,1.2541688376898064,0,262.91478125766986,0.7085240794727093,0,-23.44280613607375,76.70550920445724,-0.05942873847890255,1,151.4652795116173,-0.065536397803939,1,106.93800085337828,-0.04123329400312179,1,24.164995290959943,0.010829881046911849,0,320.3414695577661,0.028506880044111022,0,128.02174438808234,0.012180881767682212,0,Rahu,Sun,2.0,CLEAR,907.7936310325391,-1.963195564232592,0,0,-64.0,327.7922061357856,0,127.30028422065735,-0.0534858646310123,-0.0589827580235451,0.7793764874199803,0.002806136073747467,1.0,0,0,1,0.0,3,0.0072541395
2037-01-29,309.91856960066883,1.0153986442756986,0,100.93904552942941,14.582273462391917,0,20.57076355315979,289.76384644689864,1.4167196622353813,0,297.4732172140361,1.2536576100715608,0,267.8869594321474,0.7121359660911752,0,-23.702437125694292,76.36949537793383,-0.036420915273322654,1,150.98139875977475,-0.0723931244226763,1,106.65776376675932,-0.03869012056795139,1,24.254679119424736,0.014765600644156635,0,320.5439129161682,0.02927831478346775,0,128.02338810611442,0.002065758174870501,0,Rahu,Sun,2.0,CLEAR,905.6811409818823,-2.1124900506567883,0,0,-132.0,327.7922061357856,0,126.72671964035001,-0.03277882374599039,-0.06515381198040868,0.7833495627002929,0.2624371256942908,1.0,0,0,1,0.0,3,0.007088255
2037-02-05,317.01922704213143,1.013464802720216,0,204.95005410686394,14.074789037436055,0,-4.851777083792106,300.03609591667407,1.5157554376641305,0,306.2470681860046,1.2532168419399146,0,272.8850231031648,0.7159246952267619,0,-23.77748681784328,76.19634407268475,-0.01297507407857448,1,150.4557511548316,-0.07744806103319027,1,106.39768383237684,-0.035471560151686614,1,24.370781621084628,0.018397006900184802,0,320.7500857407642,0.02959496742430279,0,127.98233761014016,-0.014240073801486773,1,Rahu,Sun,2.0,CLEAR,903.4651352507192,-2.2160057311631363,0,0,-120.0,327.7922061357856,0,126.08496953374697,-0.011677566670717033,-0.06970325492987124,0.7875171647494382,0.3374868178432777,1.0,0,0,1,0.0,3,0.0070695467
2037-02-12,324.10710228643745,1.0114930737414305,0,294.74217021114526,11.981150360835915,0,-19.97166438121535,310.9742974826308,1.6099481413782821,0,315.0181922084018,1.2527122702536224,0,277.9095853536192,0.7195564075096657,0,-23.664726372792575,76.18867378621988,0.010755327972349233,0,149.90231782101893,-0.080324771337424,1,106.16327730101075,-0.03139943452185056,1,24.512107316539144,0.021919213760368903,0,320.95777041146675,0.02966044518389497,0,128.05713784652613,0.013035014407601419,0,Rahu,Sun,2.0,CLEAR,901.1914347880477,-2.2737004626715134,0,0,160.0,327.7922061357856,0,125.39021050447978,0.00967979517511431,-0.07229229420368159,0.7915120482606323,0.22472637279257413,1.0,0,0,1,0.0,2,0.0068363273
2037-02-19,331.17768928234864,1.0085189825881444,0,17.85162882194259,12.061184951837687,0,2.44314360582025,322.593686218515,1.711698627068225,0,323.78349310891383,1.2515781796859793,0,282.95749812315904,0.7226550389403714,0,-23.363425541582146,76.34587218642417,0.034057952272395796,0,149.3364229850105,-0.08094972157371172,1,105.9595141009238,-0.026698054195856087,1,24.67679247201916,0.025096750626233538,0,321.16423061115995,0.029281715121352945,0,127.81115963634285,-0.062188073180402446,1,Rahu,Sun,2.0,CLEAR,898.9098280055102,-2.2816067825374375,0,0,376.0,327.7922061357856,0,124.65963051299134,0.03065215704515622,-0.07285474941634056,0.7949205428344086,0.0,1.0,0,0,1,0.0,2,0.0069494364
2037-02-26,338.2248249366644,1.0048644776624225,0,109.08486425895066,14.386760229296465,0,20.413607125751078,334.9622056847694,1.8231460641072854,0,332.5395534909427,1.2501038687822839,0,288.0266412404899,0.7256734303755766,0,-22.87502154381403,76.66348170555744,0.05646892657426584,0,148.77475077657456,-0.07916376040355566,1,105.79109077395255,-0.021355250234784073,1,24.86298775600278,0.028034825871251053,0,321.3671801026255,0.028639870416661575,0,127.73212370432347,0.016360489741491756,0,Rahu,Sun,2.0,CLEAR,896.6713473837975,-2.2384806217127107,0,0,376.0,327.7922061357856,1,123.91176302057178,0.05082203391683925,-0.07124738436320009,0.7982407734131344,0.0,1.0,0,0,1,0.0,2,0.0069307177
2037-03-05,345.2460469128291,1.0013599173633216,0,213.77671157962897,14.325985286596408,0,-7.8967063663577095,348.09907904550397,1.9248653736080525,0,341.2848170355619,1.2486336789461776,0,293.11714483114486,0.7288109428233229,0,-22.20369847416648,77.13278541645425,0.07742854061980235,0,148.23253864882994,-0.07539517334721264,1,105.66097808480588,-0.015732158969014056,1,25.068043631058075,0.03053057396288814,0,321.56401143511613,0.027580417882186504,0,127.38903403556449,-0.08245984122336202,1,Rahu,Sun,2.0,CLEAR,894.5229233349232,-2.14842404887429,0,0,37.0,327.7922061357856,1,123.16449501777187,0.06968568655782212,-0.06785565601249138,0.8016920371056553,0.0,1.0,0,0,1,0.0,2,0.006891863
2037-03-12,352.2448690148828,0.9982227101710159,0,303.7228167984723,11.86923412038205,0,-18.999553689045406,1.7171945623181935,1.940132726718128,0,350.0208135257537,1.2472882020081844,0,298.22942532360327,0.7317020477214793,0,-21.355477197316063,77.74482108576338,0.09719470386406638,0,147.72403119362417,-0.06959400163860288,1,105.57183519813101,-0.009716687223037172,1,25.289873317183954,0.032759540564185764,0,321.75281438427044,0.026279377068153604,0,127.30975277011603,0.006833736469958778,0,Rahu,Sun,2.0,CLEAR,892.5063573806016,-2.0165659543216634,0,0,-63.0,327.7922061357856,1,122.43415787644022,0.08747523347765974,-0.06263460147474259,0.8048722524936273,0.0,1.0,0,0,1,0.0,2,0.018891063
2037-03-19,359.21962510286244,0.9944531242160266,0,27.067770161404734,12.227520360346107,0,5.730775090867403,14.674437700831486,1.7051972765648848,0,358.74570404121334,1.2454722432676941,0,303.3592725696072,0.7338837621036451,0,-20.339129926495026,78.49008420219502,0.11550075179837768,0,147.26249033418998,-0.061959216506206845,1,105.52536167396684,-0.0035136367998266026,1,25.525635759283215,0.034553074943130986,0,321.93101806838473,0.024604769210762205,0,126.59673003683534,-0.1635042506840962,1,Rahu,Sun,2.0,CLEAR,890.6623963609777,-1.8439610196238618,0,0,120.0,327.7922061357856,1,121.73685457490676,0.10395067661853992,-0.05576329485558616,0.8072721383140097,0.0,1.0,0,0,1,0.0,2,0.018998723
2037-03-26,6.1658443160552325,0.9900862421480316,0,118.23198721269185,14.122623096312084,0,19.820433192467867,24.734602047336804,1.113940640873242,0,7.456511304121333,1.2432472238025156,0,308.50302644081694,0.7357112509422532,0,-19.16508762462382,79.35822403078795,0.1322286103430465,0,146.86055576761564,-0.052670387578599924,1,105.52308037548147,0.0028411569178484093,0,25.77288518971312,0.03599894577400076,0,322.09686386227577,0.022716574780147783,0,126.13913596881947,0.007077244730695576,0,Rahu,Sun,2.0,CLEAR,889.0277741822165,-1.6346221787612194,0,0,120.0,327.7922061357856,1,121.08767057790251,0.11900574930874186,-0.04740334882073993,0.8092823760364786,0.0,1.0,0,0,1,0.0,1,0.018394435
2037-04-02,13.081138333459736,0.985907183746453,0,221.9129900153189,14.429016454099816,0,-10.623524213012034,29.73323341273978,0.29666004036189,0,16.150906776341994,1.2409733695028105,0,313.65914722524326,0.7375160286181445,0,-17.845374497026764,80.3369751241703,0.147197180143073,0,146.52741348416492,-0.04231364917845138,1,105.5646458629962,0.009059457145075243,0,26.028349834477954,0.03696829973186917,0,322.24816980177764,0.02051801041428915,0,125.44522408583882,-0.15709964134248627,1,Rahu,Sun,2.0,CLEAR,887.6310794218111,-1.396694760405353,0,0,80.0,327.7922061357856,0,120.49906364968697,0.1324774621287657,-0.038082284260606246,0.811267631479959,0.0,1.0,0,0,1,0.0,1,0.017864093
2037-04-09,19.970442071437407,0.9824634097542655,0,312.3259963910413,11.853809039604238,0,-17.714839322140296,29.02229628943046,-0.45648497694295975,1,24.831007046517318,1.239026224461658,0,318.8273005351371,0.7389214834605435,0,-16.392680266787384,81.41588285618933,0.16080493536621354,0,146.2703909442344,-0.031011835402629806,1,105.64982098715159,0.01522617627704411,0,26.2896761910017,0.037597168523516966,0,322.3837237892095,0.018139580697921945,0,125.05770812866085,-0.01085203900252056,1,Rahu,Sun,2.0,CLEAR,886.4936239023497,-1.1374555194614686,0,0,-40.0,327.7922061357856,0,119.9807147532327,0.14472444182959218,-0.027910651862366825,0.8128136318065979,0.0,1.0,0,0,1,0.0,1,0.02101096
2037-04-16,26.83513275718711,0.9788207753401819,0,36.289993547543844,12.47289563969734,0,8.890589882828243,24.471012108634174,-0.735473885825917,1,33.49679544021404,1.236880874717787,0,324.00176390475474,0.7393581659377958,0,-14.8219397675688,82.58494327237472,0.17299478442838553,0,146.09490531650866,-0.019004141916976892,1,105.7774036247394,0.021215968381050172,0,26.55363192034112,0.03774342991196093,0,322.5015541065631,0.015517438427793693,0,124.05711883380009,-0.22133225268127463,1,Rahu,Sun,2.0,CLEAR,885.6342458286877,-0.8593780736620147,0,0,240.0,327.7922061357856,0,119.54127339616754,0.15569530598554698,-0.017103727725279204,0.8132939825315755,0.0,1.0,0,0,1,0.0,1,0.03140329
2037-04-23,33.67283445825914,0.9747081860160864,0,128.4227596182829,13.966987851739118,0,18.584860486132744,20.179946960816128,-0.41316874780273766,1,42.14654907804006,1.2343839793411724,0,329.176603219989,0.739051075563719,0,-13.148900230892561,83.8344612208056,0.18372237367209565,0,146.00543841285244,-0.006556220083973268,1,105.94637057954445,0.026973215586676418,0,26.817772527422605,0.037587633793083386,0,322.60075841374106,0.012773086636867192,0,123.34729250642478,-0.0014541189665711024,1,Rahu,Sun,2.0,CLEAR,885.0665561024665,-0.5676897262211469,0,0,240.0,327.7922061357856,0,119.18766588542984,0.1653501363048861,-0.005900598075575941,0.8129561831200909,0.0,1.0,0,0,1,0.0,1,0.0237532
2037-04-30,40.48142088744116,0.9708045710828449,0,230.04301727474942,14.27643876599385,0,-13.13740085638567,19.23237983092203,0.1488143961043072,0,50.77784205596116,1.2318031128051137,0,334.34788533726163,0.7384798075490261,0,-11.389560438090339,85.15346645288531,0.19296592010360045,0,146.00293852544837,0.005867357829505494,0,106.15397269343224,0.03232401161691663,0,27.078728532335543,0.036955160467263784,0,322.679938766989,0.009879139827905541,0,122.55705474783153,-0.1851357945359333,1,Rahu,Sun,2.0,CLEAR,884.7964878391123,-0.27006826335423284,0,0,120.0,327.7922061357856,0,118.92420999311283,0.1736693280932404,0.005280622046554944,0.8123277883039287,0.0,1.0,0,0,1,0.0,0,0.02386021
2037-05-07,47.266558383961986,0.9678784726369973,0,320.4868575736601,11.887991193063243,0,-16.176149179959335,22.108744504481948,0.6535387291587761,0,59.39289210035835,1.229655926453977,0,339.5138281206501,0.7372804230466256,0,-9.55926604082378,86.5333472944043,0.20107214119881392,0,146.08730034549586,0.018182075109203836,0,106.39807729869672,0.03732885525652199,0,27.33429382912682,0.03596763510928991,0,322.73886038181416,0.006906148769642964,0,122.07228276160001,-0.004994572886753463,1,Rahu,Sun,2.0,CLEAR,884.8244468665032,0.02795902739092071,0,0,220.0,327.7922061357856,0,118.75300651636904,0.18096492707893252,0.01636386759828345,0.8110084653512881,0.0,1.0,0,0,1,0.0,0,0.016587453
2037-05-14,54.03225639144396,0.965179661427109,0,45.18248133699493,12.738816469627018,0,11.703359182330985,28.10981443320797,1.0441992389782586,0,67.9931908933,1.2275727237810479,0,344.66675303305607,0.7347733385833507,0,-7.675187136555661,87.9658964669412,0.20805945849403404,0,146.2570627680842,0.030301063037203323,0,106.6757194294483,0.041954955137522995,0,27.581410287384077,0.03459946011674004,0,322.7764780389933,0.003860811960153754,0,121.24855982590059,-0.1954354966315706,1,Rahu,Sun,2.0,CLEAR,885.1497877423103,0.32534087580711457,0,0,24.0,327.7922061357856,0,118.67565248070014,0.18725351264463064,0.027270956733482992,0.8082506724416858,0.0,1.0,0,0,1,0.0,0,0.014150504
2037-05-21,60.77825188717115,0.9621395737119119,0,139.2360040037337,14.004070744389297,0,16.596184287208526,36.54768336812107,1.3578022023713876,0,76.57812552659422,1.225146193784184,0,349.79769564952215,0.7310094877223684,0,-5.754945005270699,89.44337845818757,0.2138279653846445,0,146.51062388740652,0.04201299980094465,0,106.98442009485613,0.04612040241855193,0,27.817858694365757,0.032856721505130394,0,322.79296826483716,0.0008157111620506825,0,120.66844826643867,0.011216843853167622,0,Rahu,Sun,2.0,CLEAR,885.7684340461196,0.618646303809328,0,0,-36.0,327.7922061357856,0,118.69276519304077,0.19244516884618004,0.03781169982085019,0.8041104364946053,0.0,1.0,0,0,1,0.0,0,0.04721015
2037-05-28,67.50259216645523,0.9592883141653851,0,238.71516101355084,13.912780796088374,0,-15.494140949162583,47.04663254802442,1.6396362283489503,0,85.14458946386692,1.2224764212086219,0,354.8995710375332,0.7266378959040551,0,-3.8155244127749692,90.95672109779355,0.2184282609195991,0,146.84367610502784,0.053072041335678215,0,107.32016209928143,0.04976509729952213,0,28.04060651838415,0.030778387478806214,0,322.7879897020319,-0.002183504171392974,1,120.12541373520163,-0.14216340188095666,1,Rahu,Sun,2.0,CLEAR,886.6704839677864,0.9020499216667304,0,0,260.0,327.7922061357856,1,118.80306958664369,0.1965854348276392,0.047764837202110395,0.7993016854944607,0.0,1.0,0,0,1,0.0,1,0.051115867
2037-06-04,74.21090541148605,0.9575015346878762,0,328.38573999971163,11.916882239858612,0,-14.352190595439653,59.48480871676495,1.9118566546221067,0,93.69350878352064,1.2200973260256531,0,359.96837403199044,0.7213148414399575,0,-1.8721792363640481,92.49916020864997,0.22209481654084756,0,147.25200075959725,0.06346146927852928,0,107.67989493926294,0.05290865089465651,0,28.247930445841188,0.02837627761667163,0,322.76243586947396,-0.0051358969904690245,1,119.82189303029133,0.01912371725004081,0,Rahu,Sun,2.0,CLEAR,887.84305876709,1.1725747993036748,0,0,185.0,327.7922061357856,1,119.00407031375606,0.1998853348867628,0.05711532235067635,0.7934463255839533,0.0,1.0,0,0,1,0.0,1,0.046265554
2037-06-11,80.90903849707479,0.9563054310811523,0,53.603487845271005,12.949399078617866,0,14.096917520214708,73.70553830142836,2.1346276894008347,0,102.22633597942526,1.217861237727365,0,4.993928793151273,0.7142539685347818,0,0.058370413842743066,94.06404034611629,0.22487925225295716,0,147.7307900423329,0.07325214518561843,0,108.0598685655952,0.055598016125066985,0,28.4372676896826,0.025697394463474,0,322.7164029061153,-0.00796760387870229,1,119.46907936010182,-0.10736686775426477,1,Rahu,Sun,2.0,CLEAR,889.2739760242603,1.430917257170222,0,0,85.0,327.7922061357856,1,119.2935223526503,0.20239132702766144,0.06592693066705659,0.7856793653882601,0.0,1.0,0,0,1,0.0,1,0.052885626
2037-06-18,87.59864156956861,0.9548909508121756,0,150.08396107773197,14.236985474649204,0,13.950625041781802,88.9793086826214,2.193094178113219,0,110.74252652942167,1.2151708038407223,0,9.963327288848584,0.7052614193992507,0,1.959041494809455,95.64497770449549,0.22658920741684818,0,148.27575023760733,0.08226601907838292,0,108.45694061630485,0.05770987811288866,0,28.6069690767214,0.02270093647040919,0,322.651230443568,-0.010662696969610466,1,119.19936519546968,0.026093899155307455,0,Rahu,Sun,2.0,CLEAR,890.9489826672456,1.675006642985295,0,0,-115.0,327.7922061357856,1,119.66878116088593,0.20393028667516336,0.07403941717054463,0.7757875613391758,0.0,1.0,0,0,1,0.0,1,0.063680835
2037-06-25,94.27775831945804,0.9535843821741019,0,248.07869695315227,13.469814712334108,0,-17.63611062835905,103.93175635404434,2.053505397199616,0,119.23734871503005,1.2119037876899887,0,14.865181435112286,0.6951495610814786,0,3.8140416524229157,97.23405983796161,0.22732656859193584,0,148.88056090865894,0.09042745656996411,0,108.86660005015285,0.059280988151852815,0,28.75469821732875,0.01951216729368033,0,322.56776235665734,-0.013109476133760239,1,119.02858439802662,-0.06168830517459952,1,Rahu,Sun,2.0,CLEAR,892.8494007696513,1.9004181024057516,0,0,240.0,327.7922061357856,0,120.12586269133018,0.20459391173274227,0.0813847109129677,0.7646645171896266,0.0,1.0,0,0,1,0.0,1,0.067548566
2037-07-02,100.95125745927466,0.9532905949055702,0,336.3229162151565,11.910685861304001,0,-12.164618285555223,117.52377180566691,1.8239961722785425,0,127.7089696606585,1.2085578507911814,0,19.69194267699196,0.6835649589338834,0,5.61044430027875,98.82528161059211,0.22720464558590164,0,149.53963163705583,0.09773081244215673,0,109.2854366921716,0.060279281248957366,0,28.879467326941043,0.01608173275126703,0,322.46798719604215,-0.01538192556837156,1,118.94958453278569,0.02197360056046525,0,Rahu,Sun,2.0,CLEAR,894.9552276124886,2.1058268428372457,0,0,90.0,327.7922061357856,0,120.6601643101148,0.20448418102731147,0.08795773119794106,0.7519214548272718,0.0,1.0,0,0,1,0.0,1,0.05798736
2037-07-09,107.62589733047332,0.9538466416951046,0,61.675105891771516,13.044770055870051,0,16.141045790696793,129.4410339645272,1.5805417529477384,0,136.15738142531947,1.2052726791431356,0,24.429491124342324,0.6695733963958687,0,7.334545311707485,100.41285502806561,0.22626833249126155,0,150.24724164067558,0.1043421465304324,0,109.70951016829656,0.060832196964981884,0,28.979599395276686,0.01252581016147623,0,322.3531626179902,-0.017350907372755076,1,118.93286218629679,-0.018260689630430902,1,Rahu,Sun,2.0,CLEAR,897.2479795914105,2.292751978921956,0,0,-110.0,327.7922061357856,0,121.26764224539889,0.2036414992421354,0.09390793187738916,0.7365307360354556,0.0,1.0,0,0,1,0.0,1,0.05767144
2037-07-16,114.30487177920233,0.9543059124271811,0,160.42906068582406,14.60873176807124,0,10.903413932519369,139.63156801334418,1.3276192205463386,0,144.58147999836606,1.2014096886704102,0,29.058877345227785,0.6526136011410888,0,8.972635396616212,101.99052317966085,0.22426723837053267,0,150.99834773916058,0.11006479815275712,0,110.13524276722471,0.060713566868981966,0,29.054329375451037,0.008764368327437322,0,322.22565420235685,-0.019063444031065097,1,118.88673086780518,0.00688179802280739,0,Rahu,Sun,2.0,CLEAR,899.7072138571549,2.459234265744385,0,0,-490.0,327.7922061357856,0,121.94401836370955,0.2018405145334794,0.09905831833748141,0.7178749612551978,0.0,1.0,0,0,1,0.0,1,0.059912164
2037-07-23,120.98609883664284,0.9547237555998935,0,257.93347275225904,13.073110568766491,0,-19.427078478103958,147.93904055748655,1.0361617786969881,0,152.97487382676263,1.1965907208280016,0,33.561527456828536,0.6335697451479732,0,10.513055349764693,103.55049413919616,0.22131366826378926,0,151.78624534807568,0.11492519606041948,0,110.55826493465204,0.0600857310208654,0,29.10244053978273,0.00500277199648259,0,322.08737043979005,-0.02035994230298425,1,118.90777409005773,0.005191124361666016,0,Rahu,Sun,2.0,CLEAR,902.30939860631,2.6021847491550716,0,0,-490.0,327.7922061357856,0,122.68380480829295,0.19918230143741034,0.10343267645437754,0.6969267196627705,0.0,1.0,0,0,1,0.0,1,0.061813142
2037-07-30,127.67301106485792,0.9559904430248701,0,344.55075451942474,11.879045246052032,0,-9.565564252413436,153.94122333949062,0.6601299390415203,0,161.33243479490628,1.1912380583051563,0,37.922860916041046,0.6119782715405179,0,11.948412791494254,105.08664712911079,0.2174295213574028,0,152.60508848888014,0.11888766892130713,0,110.9749300378387,0.05886160124048096,0,29.124007852156748,0.0011425388537070526,0,321.9410926138175,-0.021389675319594407,1,118.88118979300842,-0.023651661313445323,1,Rahu,Sun,2.0,CLEAR,905.0298361214893,2.7204375151793556,0,0,-274.0,327.7922061357856,0,123.48108063672339,0.19568656922166253,0.10699890202917642,0.6731760986945697,0.0,1.0,0,0,1,0.0,1,0.07717859
2037-08-06,134.37237527152615,0.9582371894278489,0,69.73982972082983,13.015175597651703,0,17.96072146618812,156.86211073977915,0.14926804752997874,0,169.65206873116043,1.1857809112010296,0,42.12038706251522,0.5865856303780279,0,13.271646429598592,106.59258224475327,0.21268813162645586,0,153.44914126748208,0.12216234323946415,0,111.38135828436457,0.0571930787028576,0,29.118674423912278,-0.0026399529180813662,1,321.7889648661752,-0.021988206124446397,1,118.8144187296478,0.023831429842821453,0,Rahu,Sun,2.0,CLEAR,907.8457205235184,2.8158844020290417,0,0,-80.0,327.7922061357856,0,124.3304668435698,0.19141931846381027,0.10994610891551773,0.6452441934158307,0.0,1.0,0,0,1,0.0,2,0.07903365
2037-08-13,141.08837856805914,0.9604991454105447,0,169.936908814135,15.00878562600084,0,7.7405002274286705,155.7542051401799,-0.4698323615195554,1,177.9318741985152,1.179656818440159,0,46.12328014485678,0.5562427636337013,0,14.476449622069847,108.06135204224456,0.20671393835758445,0,154.3131570042195,0.12450783925036353,0,111.77405984057769,0.05487102366607857,0,29.0869187558671,-0.0064535900252842195,1,321.6339424011611,-0.022268448866727464,1,118.78243740959363,-0.04777322780484322,1,Rahu,Sun,2.0,CLEAR,910.732711375538,2.8869908520196077,0,0,-200.0,327.7922061357856,0,125.2262382483524,0.186042544521826,0.11205705532532718,0.6118670399970715,0.0,1.0,0,0,1,0.0,2,0.094957024
2037-08-20,147.81878801586728,0.9625146787055864,0,267.8953705623607,12.803057243430118,0,-20.733838496951083,150.76301854053685,-0.8710874652157707,1,186.16405022674698,1.17215707942968,0,49.89832796390717,0.5216794547105454,0,15.559342851650742,109.48421717582728,0.19965289604543365,0,155.19044067431577,0.12600702715544365,0,112.14863632698639,0.05207592884437767,0,29.029077477109198,-0.010029629648479525,1,321.4785599071816,-0.02204699115366459,1,118.6726410429336,0.027340791465439985,0,Rahu,Sun,2.0,CLEAR,913.6628792340227,2.930167858484765,0,0,-200.0,327.7922061357856,0,126.16136319720657,0.1796876064408903,0.11340632443989929,0.5738474001816001,0.0,1.0,0,0,1,0.0,2,0.2237566
2037-08-27,154.56495962855408,0.9651150771704802,0,353.15057571936546,11.854785255931006,0,-6.5973526934152185,145.337995726115,-0.539827164472719,1,194.33918850032595,1.1634574683210521,0,53.415092205557535,0.4821175786037852,0,16.52231869707033,110.85375210995005,0.19145982166799458,0,156.07499790841143,0.12658260003787328,0,112.50164504182305,0.04869912503839165,0,28.946606576986024,-0.013504185496113633,1,321.32579823578584,-0.02154144237026113,1,118.45603245464017,-0.11196692108125225,1,Rahu,Sun,2.0,CLEAR,916.6084762749254,2.945597040902612,0,0,-200.0,327.7922061357856,0,127.1283913314254,0.17231383950119514,0.11392434003408596,0.5303293364641637,0.0,1.0,0,0,1,0.0,2,0.24082433
2037-09-03,161.33281876826308,0.968688719430856,0,78.2148743977229,12.91737511811005,0,19.61468826568627,144.61036947539532,0.3764413119245361,0,202.451109501847,1.154128049481614,0,56.63190591982977,0.43564806712173165,0,17.368466440437228,112.16225114501133,0.1822017114928738,0,156.9610133228165,0.1264667081742513,0,112.82959359752527,0.04493476227903751,0,28.84082218173094,-0.016661575110180106,1,321.17811199413245,-0.020573545325029093,1,117.96603582392368,0.013929684621875039,0,Rahu,Sun,2.0,CLEAR,919.5433454889568,2.934869214031437,0,0,-124.0,327.7922061357856,0,128.12019114108557,0.16398154034358645,0.11382003735682616,0.4792128738339049,0.0,1.0,0,0,1,0.0,2,0.22520515
2037-09-10,168.1268353924013,0.9723536367169082,0,178.6082281001975,15.28383242946048,0,4.6520739931100925,150.50041292881238,1.257873721711207,0,210.4943266362344,1.1436302509100431,0,59.49314765991226,0.38030086167669197,0,18.1016980853296,113.4009796119319,0.17144086765890984,0,157.84306522447034,0.12536111505472333,0,113.12921753306738,0.040558002784137404,0,28.713680411730493,-0.019635576419516867,1,321.0383524711726,-0.019317013077927627,1,117.74667606424201,-0.11966815659968691,1,Rahu,Sun,2.0,CLEAR,922.9840239069983,3.440678418041557,0,0,-104.0,327.7922061357856,0,129.12938481273983,0.15429678089301885,0.112825003549251,0.4183309478443612,0.0,1.0,0,0,1,0.0,2,0.26058486
2037-09-17,174.94463733758178,0.9755432873827676,0,277.5410693848112,12.688766868648512,0,-21.49137911192069,161.2484667478139,1.737402133420602,0,218.45633746287123,1.1307215105232764,0,61.937085718940416,0.316622466524145,0,18.728073115058507,114.5595265952485,0.15935104416702847,0,158.71424063821138,0.12338751351529889,0,113.39675985098654,0.03580993529984408,0,28.56728869491604,-0.02212543368319868,1,320.9090058235322,-0.017585611993535036,1,117.2720552261602,0.011137301310760397,0,Rahu,Sun,2.0,CLEAR,927.5949454300232,4.610921523024899,0,0,-125.0,327.7922061357856,0,130.14695194329533,0.14341593975032563,0.11104876216376901,0.3482847131765595,0.0,1.0,0,0,1,0.0,2,0.2347819
2037-09-24,181.78497440507036,0.9789547097710923,0,1.9985298837702337,11.867287863579014,0,-3.4054704326624115,173.94441520152537,1.8459032004235716,0,226.31747594406366,1.1148706728367477,0,63.90452485558783,0.24381968736682216,0,19.257875649385,115.62857149554404,0.14587465377921752,0,159.56813416086143,0.12044739732050402,0,113.62933543854238,0.030585064089224588,0,28.4045310732043,-0.024302813421146714,1,320.792503748427,-0.015647713822194844,1,116.73853493050882,-0.19946355352394468,1,Rahu,Sun,2.0,CLEAR,931.9993416695484,4.404396239525113,0,0,-185.0,327.7922061357856,0,131.16360308765712,0.13128718840129577,0.10840265758845362,0.2682016561035044,0.0,1.0,0,0,1,0.0,2,0.21864064
2037-10-01,188.65211172493153,0.9832003382546687,0,87.38084414444283,12.856302150497893,0,21.004082131526197,186.71973278115337,1.7910826755581684,0,234.05843633293523,1.0963531788703216,0,65.3250001116394,0.16007615177467255,0,19.699732541942637,116.59881034829152,0.1310927199617891,0,160.39886150013294,0.11676595693885329,0,113.82445248809239,0.025113310887735968,0,28.22836118912201,-0.025947979303091267,1,320.6909007091763,-0.013326733132016266,1,115.7260721096063,-0.0182586610146141,1,Rahu,Sun,2.0,CLEAR,936.1568199002523,4.157478230703987,0,0,-153.0,327.7922061357856,0,132.17050031101093,0.11798344796561018,0.10508936124496797,0.17608376695213981,0.0,1.0,0,0,1,0.0,2,0.20036949
2037-10-08,195.55004480816865,0.9875550026982692,0,186.86361621328547,15.291322271545805,0,1.6442419404483668,198.94081446263473,1.6996765884813463,0,241.65811328191435,1.0742417729041998,0,66.11803617055534,0.06476796685313854,0,20.058206390068747,117.45969603385433,0.11457755002193529,0,161.20029168098776,0.11203014698435608,0,113.97973854093263,0.01918556737887062,0,28.04199565956289,-0.027225627039620996,1,320.60620353527935,-0.010840182113687776,1,115.30855020924467,-0.17196390244718507,1,Rahu,Sun,2.0,CLEAR,940.0235770399997,3.866757139747392,0,0,-121.0,327.7922061357856,0,133.15829602142486,0.10311979501974176,0.10082713228592047,0.0712447635384524,0.0,1.0,0,0,1,0.0,2,0.23025784
2037-10-15,202.47626192158228,0.991224041375633,0,286.5393880393097,12.708566093006445,0,-21.713527315604395,210.53018022774177,1.6136262633623464,0,249.08393502908038,1.0461232694590503,0,66.21591700531977,-0.0374216838057996,1,20.3333796733537,118.19969940946162,0.09660539172528518,0,161.96535077247137,0.10637861713869448,0,114.09291576842946,0.013103390312888753,0,27.84897738677326,-0.027846711145729883,1,320.54017813266034,-0.008011122464082157,1,114.51975857230002,-0.004826017841370195,1,Rahu,Sun,2.0,CLEAR,943.5517893249989,3.5282122849991993,0,0,-181.0,327.7922061357856,0,134.1163733856981,0.08694485255275666,0.09574075542482503,-0.04116385218637956,0.0,1.0,0,0,1,0.0,2,0.3681573
2037-10-22,209.42668195413785,0.9946720433063809,0,10.811497967828734,11.921015915777392,0,-0.20028768768601632,221.56264404706133,1.5405360345273142,0,256.2840376647771,1.0095572455928783,0,65.59133246381683,-0.14069795559610251,1,20.522687677603418,118.80884563451033,0.07723696510550923,0,162.68718114306745,0.09972693916566981,0,114.16257553220244,0.006797297097796438,0,27.653077403075645,-0.028023713815423717,1,320.4940645294682,-0.0051307063812585305,1,113.86670436453335,-0.22341627111076298,1,Rahu,Sun,2.0,CLEAR,946.6977696900678,3.145980365068908,0,0,-85.0,327.7922061357856,0,135.0341037399918,0.06951326859495831,0.08975424524910283,-0.15476775115571278,0.0,1.0,0,0,1,0.0,2,0.018507663
2037-10-29,216.40318916196367,0.9987016807813223,0,97.20315988270215,12.936591216225432,0,21.88916108396814,232.11628642682518,1.4750577434225502,0,263.194848823113,0.9631188960108025,0,64.26058726322358,-0.2376686867128256,1,20.616610826745564,119.27833282199325,0.056682441852660116,0,163.3598269072361,0.09230693058203089,0,114.18824616840892,0.0005288382162457613,0,27.45818586167053,-0.027573091440924204,1,320.46894152438665,-0.002031667554949099,1,112.69499519035035,-0.028225762008807984,1,Rahu,Sun,2.0,CLEAR,949.4220646863444,2.7242949962765124,0,0,-281.0,327.7922061357856,0,135.90164104556558,0.0510141976673941,0.0830762375238278,-0.2614355553841082,0.0,1.0,0,0,1,0.0,2,0.016611412
2037-11-05,223.40868897090576,1.002809327243313,0,195.4200394494258,15.003692065986156,0,-1.4537739748673408,242.19238117444164,1.399904149062706,0,269.7377410899521,0.903769142515965,0,62.304860189446224,-0.3168430430478466,1,20.602566710274655,119.59892827547144,0.03471238720479707,0,163.9768567627704,0.08382059530386189,0,114.16953384621964,-0.0058680322102450735,1,27.267907564175797,-0.026695774883712445,1,320.4654581567971,0.001052764795549489,0,112.32384510591557,-0.15838911150174612,1,Rahu,Sun,2.0,CLEAR,951.6848386345378,2.2627739481933986,0,0,-281.0,327.7922061357856,0,136.7089491985946,0.031241148484317367,0.0754385357734757,-0.3485273473526313,0.0,1.0,0,0,1,0.0,2,0.016325695
2037-11-12,230.4405780172886,1.0060809654612421,0,294.79366984296,12.788702817117768,0,-21.44533673144408,251.60236734945258,1.2747141531995785,0,275.80337418975944,0.8253082767302881,0,59.904343687382024,-0.3623545699185048,1,20.478188159525555,119.76255145637725,0.011915089886292357,0,164.5314350344377,0.07445084738144736,0,114.10681312197406,-0.012043587536808122,1,27.086214130904214,-0.025154726591720425,1,320.4842466408764,0.004284035222303794,0,111.57361907947384,0.005382356986889918,0,Rahu,Sun,2.0,CLEAR,953.4470514380687,1.7622128035309288,0,0,-185.0,327.7922061357856,0,137.44522090353348,0.010723580897663123,0.06700576264330263,-0.3985900269103553,0.0,1.0,0,0,1,0.0,2,0.01969126
2037-11-19,237.49223903674044,1.00867552893594,0,19.28809436542131,11.986519580481225,0,2.8375186901007163,259.70303764200025,1.001572649080275,0,281.22806233737396,0.7194578228697237,0,57.329638939198524,-0.366258581217957,1,20.266246913899902,119.76477011141156,-0.01127864869258492,1,165.01702658975637,0.06418519290874464,0,114.0013311533455,-0.018017875553892882,1,26.916636606019047,-0.023198100725922613,1,320.52505023687974,0.007382345456226327,0,111.20538748865098,-0.15793021919916672,1,Rahu,Sun,2.0,CLEAR,954.6802197165382,1.2331682784695204,0,0,-345.0,327.7922061357856,0,138.10038998373733,-0.010150783823326428,0.057766673617870176,-0.40288443933975276,0.0,1.0,0,0,1,0.0,3,0.018287506
2037-11-26,244.56277464523677,1.0115252722552028,0,107.28245985562675,13.213086895394342,0,22.038796393678496,264.77440060565084,0.359886495840989,0,285.79436813887395,0.5786811712051616,0,54.86947731491145,-0.3306466545947158,1,20.010736322537962,119.60511917728368,-0.03430548681138294,1,165.42865468594346,0.053291992918791935,0,113.85573093938899,-0.023526254626440486,1,26.76277333687647,-0.020703573376692038,1,320.58773621185526,0.010501865037379184,0,110.39339697681436,-0.006251542653879044,1,Rahu,Sun,2.0,CLEAR,955.3665286289909,0.6863089124526596,0,0,-345.0,327.7922061357856,0,138.66588134906698,-0.03087493813024465,0.04796279362691274,-0.36371132005418744,0.0,1.0,0,0,1,0.0,3,0.018493252
2037-12-03,251.65372129198255,1.0144239212419677,0,204.88167780050253,14.554665533531123,0,-4.834315118852219,263.3642593876659,-0.8238529865120414,1,289.22842637364346,0.3945486759470519,0,52.774141251024105,-0.26345492458561837,1,19.767101563828252,119.28521395824913,-0.05693905901527586,1,165.76099566298873,0.04155610722490518,0,113.67259718430311,-0.028694896965342352,1,26.62737108156688,-0.017893447472234963,1,320.6714791196777,0.01342583758833017,0,110.2961705110258,-0.08611547634820275,1,Rahu,Moon,2.0,CLEAR,955.4947188399866,0.12819021099574002,0,0,-121.0,327.7922061357856,0,139.13362458142186,-0.05124515311374827,0.037400496502414664,-0.28980041704418025,0.0,1.0,0,0,1,0.0,3,0.03070608
2037-12-10,258.76267422435444,1.0164383995997845,0,302.5602774990468,12.8188046064868,0,-20.700060114336726,254.76847220202077,-1.3185576336169125,1,291.19657665496015,0.15867992357046717,0,51.23259470308604,-0.17449605327741127,1,19.591992669216264,118.81156831949784,-0.07809104674805245,1,166.00923907095188,0.02924918881205346,0,113.45575762236864,-0.03317821400153525,1,26.513559140203228,-0.014601010858968446,1,320.77573785312507,0.01629362780734621,0,109.89614540715527,0.02035777966049024,0,Rahu,Moon,2.0,CLEAR,955.0630207942429,-0.4316980457437012,0,0,39.0,327.7922061357856,0,139.49567993074865,-0.07028194207324721,0.026324269930848115,-0.19194565860515242,0.0,1.0,0,0,1,0.0,3,0.022892656
2037-12-17,265.8814135664771,1.0174202776087649,0,27.3121206749958,12.020770359921306,0,5.666531857704126,249.0563528381324,-0.2016281453731044,1,291.33887373117926,-0.12333005526939916,1,50.34891294829488,-0.07775727359537811,1,19.530081986363683,118.19743057787454,-0.09688657139396549,1,166.16945206622,0.016510963203596386,0,113.20966800677397,-0.036976262739084165,1,26.423447366499303,-0.011078379612328191,1,320.8988620060959,0.01887083944300641,0,109.9032805684166,-0.05485306139706392,1,Rahu,Moon,2.0,CLEAR,954.0891465429987,-0.9738742512441831,0,0,-241.0,327.7922061357856,0,139.7460046997207,-0.08719791425456894,0.014859866883236749,-0.08553300095491592,0.0,1.0,0,0,1,0.0,3,0.031201925
2037-12-24,273.0064910604428,1.018325971168464,0,117.00071125093817,13.650242534907425,0,21.4175911221047,251.3139182822346,0.7422273778971162,0,289.46890777453956,-0.40381605000912635,1,50.13640690653605,0.01589933069581922,0,19.600904787758957,117.46259431582476,-0.11253122943719719,1,166.24027789268223,0.003687727972405965,0,112.94022400817448,-0.03989253339445292,1,26.35921622199146,-0.007263448451771303,1,321.0396456752841,0.021292966860065755,0,109.62460420286541,0.0068759662332963725,0,Rahu,Moon,2.0,CLEAR,952.6080206224628,-1.4811259205358738,0,0,-241.0,327.7922061357856,0,139.88106167069077,-0.10127810649347747,0.0033189551751653685,0.017489263765401147,0.0,1.0,0,0,1,0.0,3,0.03314538
2037-12-31,280.1382369529156,1.0193182194354813,0,215.3232943159784,14.153500165185259,0,-8.497241541465419,258.2243274240542,1.1712999824694263,0,285.9144665473878,-0.5863055211536322,1,50.55241225040195,0.10159933786442009,0,19.80260119635777,116.63007412205486,-0.12463096645110497,1,166.2205751934291,-0.00928413300965015,1,112.65276825693911,-0.04205810803533892,1,26.32181631772472,-0.0033611942999042617,1,321.1960576597509,0.023388538449774277,0,109.684278644633,-0.013081467524811569,1,Rahu,Moon,2.0,CLEAR,950.6655506760167,-1.942469946446181,0,0,-241.0,327.7922061357856,0,139.8987588757044,-0.11216786980599447,-0.008355719708685136,0.11175927165086211,0.0,1.0,0,0,1,0.0,4,0.035106383
2038-01-07,287.27510787126164,1.0195198141876693,0,310.37228173787116,12.717131622446068,0,-19.442603785726984,267.1606804793285,1.3582654285825182,0,281.6994413239678,-0.584148873537526,1,51.53882037323757,0.17860315786107556,0,20.122910694849534,115.72848178875248,-0.13218414605908776,1,166.11092437295238,-0.022015734733755597,1,112.35383932324264,-0.043221390559848104,1,26.31269366262658,0.000729131763260202,0,321.366663032212,0.0252639672020753,0,109.62612175941844,0.00393859766908438,0,Rahu,Moon,2.0,CLEAR,948.3200989337327,-2.3454517422840127,0,0,-345.0,327.7922061357856,0,139.7982307103258,-0.11896573145317899,-0.019814161260380037,0.19646347364718314,0.0,1.0,0,0,1,0.0,3,0.03512548
2038-01-14,294.40870148848546,1.0185392659653805,0,35.076930816340116,12.003809088623008,0,8.40326443013872,277.0393736346719,1.4563526730569862,0,278.1680742506019,-0.4002354316157686,1,53.02820433872317,0.24512389477890084,0,20.5432395733326,114.79124905146342,-0.13471819293041443,1,165.9136826239315,-0.034179227556272396,1,112.0499231856185,-0.04341714816537914,1,26.331962048277735,0.004800225548383773,0,321.54883780154955,0.02675858549886446,0,109.6257834625301,0.0027925457029567597,0,Rahu,Moon,2.0,CLEAR,945.6482636511353,-2.6718352825973852,0,0,-185.0,327.7922061357856,0,139.58172057565375,-0.12124637363737299,-0.030761304800645158,0.2696362842567909,0.0,1.0,0,0,1,0.0,3,0.029335277
2038-01-21,301.53394125974444,1.0172218186677724,0,125.88160891807253,14.106891850816538,0,20.2263321736367,287.4915231976279,1.5284068695231705,0,276.31712202225765,-0.12149736476034324,1,54.945450017077256,0.30090599174002525,0,21.038503148999165,113.8542505232808,-0.13222293043101446,1,165.63472971302605,-0.04538140568043387,1,111.74843940518039,-0.042595056051527413,1,26.379950335989292,0.00886849511158712,0,321.74070353101547,0.027979290348009164,0,109.6746727062877,-0.013434975195306145,1,Rahu,Moon,2.0,CLEAR,942.7366527386042,-2.911610912531046,0,0,-185.0,327.7922061357856,0,139.25477937703675,-0.11900063738791301,-0.04084326511239048,0.3309965909140278,0.0,1.0,0,0,1,0.0,3,0.026834736
2038-01-28,308.65041751626944,1.016117940108638,0,226.23045276636515,13.957081128917187,0,-12.180953796416993,298.4371888633652,1.6000536680968827,0,276.4704385759628,0.16024143396838603,0,57.21947183202373,0.34760465553070236,0,21.581559299293346,112.95066078949056,-0.1251410911803211,1,165.28056778779947,-0.055568475702019574,1,111.45542624622549,-0.04092911260115387,1,26.455652761324377,0.01278907549814187,0,321.9395333105828,0.028820495967915766,0,109.52583990490255,0.008290986696242578,0,Rahu,Moon,2.0,CLEAR,939.6720850107656,-3.0645677278386074,0,0,-125.0,327.7922061357856,0,138.82491502647508,-0.112626982062289,-0.050011628131817615,0.38236512108377263,0.0,1.0,0,0,1,0.0,3,0.024062622
2038-02-04,315.7582821392336,1.0144729941138604,0,318.69730960350006,12.495946016400135,0,-17.63901680784641,309.915111493726,1.6812128782734073,0,278.45013386529934,0.3962105693875773,0,59.79657345207384,0.3876127936903704,0,22.14844128315697,112.11291816140762,-0.11352175000621534,1,164.86006542491612,-0.06434040748569297,1,111.17764064303984,-0.03832202611479653,1,26.558768233183297,0.01660630398560775,0,322.1434461627296,0.029341378241769533,0,109.55653383736347,-0.053177749361194813,1,Rahu,Moon,2.0,CLEAR,936.5415383808217,-3.130546629943865,0,0,-125.0,327.7922061357856,0,138.30129719173283,-0.1021695750055938,-0.057906366737123675,0.42637407305940744,0.0,1.0,0,0,1,0.0,3,0.024115985
2038-02-11,322.85044223049374,1.0117339604101026,0,42.98436579340846,11.95913406813079,0,11.194386623105249,321.9975425189,1.771847983310699,0,281.89295736563133,0.5792718309357375,0,62.63113545106958,0.4212341206069729,0,22.7175351685533,111.37064440203204,-0.09794473787477992,1,164.38402197247154,-0.07131880397361781,1,110.92095428740721,-0.0348532240863833,1,26.687628001485454,0.02019756095437137,0,322.3494036696289,0.029472590685177158,0,109.05538597846909,-0.024826847003062057,1,Rahu,Moon,2.0,CLEAR,933.4352694067784,-3.1062689740433598,0,0,-360.0,327.7922061357856,0,137.6963939709861,-0.08815026408730194,-0.06418692357625604,0.4633575326676702,0.0,1.0,0,0,1,0.0,3,0.017260263
2038-02-18,329.92147359848803,1.0085175178450507,0,133.97499489638233,14.398562667950934,0,18.714090330163657,334.70300878820643,1.8531793663555711,0,286.4583103616681,0.7187714394753959,0,65.67992665894033,0.4488787547665344,0,23.267466348854025,110.748708102494,-0.07938149032718984,1,163.866380347283,-0.07627373240483197,1,110.69150325365136,-0.03062931176768589,1,26.841001254386462,0.023542118447582035,0,322.555357998801,0.02928387152180481,0,109.08680161688538,-0.05762751276635496,1,Rahu,Moon,2.0,CLEAR,930.4374583931791,-2.9978110135992893,0,0,-392.0,327.7922061357856,0,137.02537909289654,-0.07144334129447086,-0.06864635916434877,0.49376663024318784,0.0,1.0,0,0,1,0.0,3,0.016968805
2038-02-25,336.9707420005566,1.0056919636454573,0,236.83038860716593,14.002745132919284,0,-15.516109619939705,347.76259738582604,1.8538279181289559,0,291.8786037930692,0.8249743630228474,0,68.90433154564558,0.4718357333997401,0,23.778071487652646,110.26379229106293,-0.058829597724599,1,163.3207105740015,-0.07924509846852075,1,110.49337760637239,-0.025835026194274708,1,27.016424246053408,0.026581810691409732,0,322.7584656826424,0.028743164117192285,0,108.4691787208825,-0.024408387640558363,1,Rahu,Moon,2.0,CLEAR,928.0783965033563,-2.359061889822783,0,0,-157.0,327.7922061357856,0,136.3042863279481,-0.0529466379521391,-0.07132058862166868,0.5190193067397142,0.3380714876526447,1.0,0,0,1,0.0,3,0.01793951
2038-03-04,344.00068027342815,1.0027029174666546,0,327.6172868581487,12.2464745981831,0,-15.323760810771299,0.07126539526571551,1.6021292879208666,0,297.94527029246154,0.9044267791132411,0,72.27866237364623,0.49174638653895353,0,24.232811778540547,109.92855671403855,-0.036780790445928205,1,162.7618638891291,-0.08007855549242304,1,110.33099927802542,-0.02050449703613146,1,27.212342264848928,0.029306219665711907,0,322.956866048812,0.027851678292081156,0,108.3258599687427,-0.12503169734485914,1,Rahu,Moon,2.0,CLEAR,925.8473097069871,-2.2310867963692544,0,0,-65.0,327.7922061357856,0,135.54952162428017,-0.03310271140133539,-0.07207069994318074,0.5409210251928489,0.7928117785405462,1.0,0,0,1,0.0,3,0.01778333
2038-03-11,351.0066553186876,0.9988933291582528,0,51.35931442086386,11.938842213968892,0,14.04724196392648,9.18006604355153,0.9285674935817674,0,304.4948542181821,0.9641915140043147,0,75.78190924763378,0.5086937793365595,0,24.61755570982337,109.75082724510303,-0.013912941637291964,1,162.20508212493453,-0.07859540759548501,1,110.20746643182237,-0.01470265385192573,1,27.42596833000603,0.03169280248139175,0,323.14767241491916,0.026637659043355875,0,107.15704392285535,-0.09799586770813526,1,Rahu,Moon,2.0,CLEAR,923.6778156236633,-2.169494083323798,0,0,-125.0,327.7922061357856,0,134.7791137949285,-0.012521647473562767,-0.07073586683593651,0.5595631572702154,1.1775557098233698,1.0,0,0,1,0.0,3,0.017750144
2038-03-18,357.98401415151517,0.994584052051663,0,141.89059846464124,14.431330993701387,0,16.9425367754154,12.366894829263671,-0.03379148879557296,1,311.4126418028206,1.0104610468522053,0,79.39335996788392,0.522630575171896,0,24.91926120951922,109.73364960214693,0.008896770508905612,0,161.6666004661687,-0.07495305609573137,1,110.12580681164707,-0.008633260318904589,1,27.65513343835231,0.03368137762775333,0,323.32910078746954,0.025117286601315833,0,106.97843377786404,-0.09066291274215506,1,Rahu,Moon,2.0,CLEAR,921.6163461039878,-2.0614695196754838,0,0,-200.0,327.7922061357856,0,134.01146702781637,0.008007093458015051,-0.06745775048615824,0.5748936326890857,1.479261209519219,1.0,0,0,1,0.0,2,0.0161778
2038-03-25,4.932240356133255,0.9908209519161069,0,246.54742683910212,14.206509130062159,0,-18.240577031808208,9.215929112783662,-0.7720150775166309,1,318.6201831840401,1.0474908137950631,0,83.09322447163835,0.5342604415124361,0,25.126244611289522,109.87385017476436,0.031091168615153878,0,161.16008116370062,-0.0694255307992518,1,110.08690470657011,-0.0024151691727885612,1,27.896636820251032,0.03530753226087063,0,323.4986922332505,0.023343021934940908,0,105.97838835357867,-0.06296664179665272,1,Rahu,Moon,2.0,CLEAR,919.7033136335384,-1.913032470449366,0,0,-104.0,327.7922061357856,0,133.26344434344958,0.02798205175363849,-0.06248297771932662,0.5876864856636798,1.6862446112895206,1.0,0,0,1,0.0,2,0.016275056
2038-04-01,11.856015875811195,0.9873236289815052,0,336.83006001198237,12.061810055054679,0,-12.6246165540331,3.411423463831393,-0.7503975453416465,1,326.0580857959179,1.076322881207954,0,86.87013499120363,0.5446388645642483,0,25.229608171552446,110.1670235287351,0.052510089141841555,0,160.6984841861971,-0.0621949474632166,1,110.09196976895863,0.0038483797542636063,0,28.14829549545586,0.03650220187705527,0,323.6550172786148,0.02124999757976807,0,105.6748020133628,-0.15555253897012658,1,Rahu,Moon,2.0,CLEAR,918.1243898817229,-1.5789237518155232,0,0,-104.0,327.7922061357856,0,132.55018869074124,0.0472590802276574,-0.05597545271689494,0.5991027510206731,1.7896081715524446,1.0,0,0,1,0.0,1,0.016139874
2038-04-08,18.753724673546362,0.9833687342334698,0,60.241404185848786,11.988590775724571,0,16.787795103095842,0.008462856529001762,-0.18208834359171736,1,333.67361284346657,1.0986418214594909,0,90.7152875736402,0.5537509250893278,0,25.222389892477253,110.60680801453314,0.07296137584837505,0,160.29334114322717,-0.053291444815434956,1,110.14099152333885,0.010169889601230482,0,28.40689865542469,0.03733680906883839,0,323.79579540201723,0.018957369616095513,0,104.21578353875461,-0.13028860464879113,1,Rahu,Moon,2.0,CLEAR,917.3949102006368,-0.7294796810861044,0,0,56.0,327.7922061357856,0,131.88644248780247,0.06566523826353754,-0.04796230033389146,0.6091260175982606,1.7823898924772514,1.0,0,0,1,0.0,1,0.013887136
2038-04-15,25.622074946445533,0.9789609435109918,0,150.37107281711258,14.275505630014134,0,14.75069683868656,0.8854174597715866,0.4121909482862267,0,341.4285663757026,1.1164456318457623,0,94.61893951806606,0.5612807163004498,0,25.09910583841214,111.1851096077335,0.09197390276283864,0,159.9552593806109,-0.04316470105031719,1,110.23391020545085,0.01630760758851273,0,28.669927361980882,0.03771011776190349,0,323.9198685335795,0.016427764054648672,0,103.95904420586244,-0.07972837023681813,1,Rahu,Moon,2.0,CLEAR,917.1011461855679,-0.2937640150688594,0,0,-40.0,327.7922061357856,0,131.28533201863002,0.08277651248655478,-0.03884823094528547,0.6174087879304949,1.6591058384121382,1.0,0,0,1,0.0,1,0.057589967
2038-04-22,32.460744548064106,0.9751773955598853,0,255.29676629584267,14.404799565731508,0,-20.28620035757876,5.425262552214456,0.8605488799560019,0,349.29807710757603,1.131643241698169,0,98.57043604416451,0.5676465579682597,0,24.855693771109724,111.89095070207807,0.10949680882037893,0,159.69111929742272,-0.03214630070658593,1,110.3688796274482,0.02225640573767598,0,28.93396987183977,0.03773802694632618,0,324.0255768139396,0.0137921172200434,0,102.9871889615695,-0.06511839401993832,1,Rahu,Moon,2.0,CLEAR,917.2450466274428,0.14390044187484818,0,0,-168.0,327.7922061357856,0,130.75714942558295,0.09854712793834104,-0.028931670635927338,0.6244112137650857,1.4156937711097228,1.0,0,0,1,0.0,1,0.08269546
2038-04-29,39.27600409319827,0.9720463582327782,0,345.9114553834594,11.979469389139815,0,-9.71465852532227,12.651042157581237,1.1885344560948603,0,357.2647666594845,1.144036807233491,0,102.56494726537699,0.5735722376404796,0,24.490157465275267,112.7146421454665,0.12561078370069131,0,159.50639547998043,-0.020544739153436208,1,110.54456735211522,0.027881421746168134,0,29.196867092597206,0.037293017363528094,0,324.11222214883327,0.010921784089200672,0,102.77895874530094,-0.11297078939550421,1,Rahu,Moon,2.0,CLEAR,917.8238967680328,0.5788501405900206,0,0,-160.0,327.7922061357856,0,130.3095283873832,0.11304970533062218,-0.018490265238092586,0.6309294614045277,1.0501574652752659,1.0,0,0,1,0.0,1,0.067255594
2038-05-06,46.069244056093865,0.968831274904969,0,69.40463711545193,12.1275570163127,0,19.165140028627714,21.911738370129033,1.4503863889138962,0,5.308576522605114,1.1538158421046738,0,106.59956789794148,0.5790803687518572,0,24.00182455353673,113.64658082055622,0.1404333005356694,0,159.40492504384812,-0.008371260500505611,1,110.75879845410874,0.03328747151133021,0,29.455414406106613,0.03652862825560408,0,324.1784815235973,0.008012655503494746,0,101.65130488313949,-0.09450451934412386,1,Rahu,Moon,2.0,CLEAR,918.8352198694008,1.0113231013680206,0,0,-170.0,327.7922061357856,0,129.94951063774153,0.12638997048210246,-0.0075341344504550505,0.636988405627043,0.5618245535367272,1.0,0,0,1,0.0,1,0.055801254
2038-05-13,52.83863787331016,0.9652254500953548,0,159.81715624209525,14.089502423355436,0,11.931105195901523,32.90229854456124,1.6883967167132592,0,13.413638646379804,1.161665081447989,0,110.66998098517543,0.5837126083164167,0,23.391531050227968,114.67694329348218,0.15366169825902215,0,159.38936703115203,0.0038896715203143592,0,111.00943708504191,0.03821668684234331,0,29.707135988552633,0.03529637175842332,0,324.2240773862181,0.004978288164059932,0,101.55116021492893,-0.03846195415357491,1,Rahu,Moon,2.0,CLEAR,920.2701938997268,1.434974030325975,0,0,-170.0,327.7922061357856,0,129.6822310425994,0.13829552843311993,0.0035007043682829236,0.6420838691480584,0.0,1.0,0,0,1,0.0,0,0.0565285
2038-05-20,59.58393672715921,0.9622329430838765,0,263.4763377821895,14.438420670575736,0,-21.719895600452247,45.54740544489013,1.9240441324217012,0,21.570701418818622,1.1689008083294858,0,114.77019756500742,0.587762134456824,0,22.661338644817352,115.79462532119561,0.16548307104906654,0,159.45925901566272,0.0160686083242674,0,111.29305887974573,0.04277577009087032,0,29.9490453855891,0.033796481545320556,0,324.2484558647712,0.002017885179603237,0,100.96497474224797,-0.03533026369392327,1,Rahu,Moon,2.0,CLEAR,922.1127661729961,1.8425722732692975,0,0,-295.0,327.7922061357856,0,129.51021363007362,0.1489347639441599,0.014461747491840659,0.6465383479025064,0.0,1.0,0,0,1,0.0,0,0.056188118
2038-05-27,66.31203250232636,0.960164253703376,0,354.5762840532786,11.979865433199693,0,-6.72454012343783,59.776093552329314,2.129571537186833,0,29.77618024364843,1.175326895384627,0,118.89842575642317,0.5917422308177837,0,21.814560903688097,116.99049812689616,0.17599758666828044,0,159.6133522195457,0.027913790644914505,0,111.606866529422,0.046806544242340375,0,30.17903506270075,0.0318498734323007,0,324.2518576821599,-0.001051553228520795,1,100.9725228150066,-0.042760328268961284,1,Rahu,Moon,2.0,CLEAR,924.3459152031623,2.2331490301662598,0,0,-330.0,327.7922061357856,0,129.43431715684494,0.1583978280014524,0.025122411580423054,0.6509164538995621,0.0,1.0,0,0,1,0.0,1,0.07071066
2038-06-03,73.02690142183239,0.9583534243023454,0,78.50807380202298,12.34206006560629,0,20.988074690369505,75.04298685055335,2.1992070339226695,0,38.02295169191495,1.1807217150016334,0,123.05478422792676,0.5957599228200875,0,20.854948202563413,118.25615277357043,0.18542335785515734,0,159.84967787018192,0.03955408521981545,0,111.94761950587471,0.05048223970396956,0,30.394467399579117,0.029658575085841583,0,324.23416074535436,-0.003979168773203416,1,100.47095454466269,-0.03804826618003885,1,Rahu,Moon,2.0,CLEAR,926.9544049976377,2.608489794475304,0,0,-270.0,327.7922061357856,0,129.4552104706028,0.16688102206964162,0.03559867669783391,0.6553359151020963,0.0,1.0,0,0,1,0.0,1,0.09121206
2038-06-10,79.72804124462272,0.9561994511509353,0,170.1678134688065,14.003531309514724,0,8.420050526034418,90.06785658332089,2.0633062761557,0,46.30396477401322,1.1851693556684153,0,127.2378131822121,0.5992752494171488,0,19.78743129830052,119.5831041660077,0.19345993197238492,0,160.16559961678632,0.05057762553336027,0,112.31207735727594,0.053530716757196325,0,30.593200020154697,0.027047949286501113,0,324.19611470898445,-0.0068915684330453164,1,100.52277872946897,-0.005631741565172444,1,Rahu,Moon,2.0,CLEAR,929.9187781073099,2.9643731096722377,0,0,25.0,327.7922061357856,0,129.5723995966316,0.17411393877514644,0.045519862980024244,0.6592027743588638,0.0,1.0,0,0,1,0.0,1,0.21344693
2038-06-17,86.41503449257249,0.9545668142783489,0,271.6934183606311,14.243912165332391,0,-22.627752717051152,103.65901740001277,1.8105844891356688,0,54.615801559562385,1.1897248504180804,0,131.4440862139306,0.6025184845629248,0,18.617807328905695,120.9621013324974,0.20037348572126823,0,160.5565042848511,0.06100571014559499,0,112.6961763568093,0.05614098437559068,0,30.772932255346582,0.024279660632094118,0,324.13844632573046,-0.009541623875036447,1,100.35510153679161,-0.006617407039804428,1,Rahu,Moon,2.0,CLEAR,933.214454072543,3.2956759652331584,0,0,-125.0,327.7922061357856,0,129.7835720295045,0.1803361371491414,0.054905139131035494,0.6627703330192173,0.0,1.0,0,0,1,0.0,1,0.21846671
2038-06-24,93.09443519420856,0.9539800115407859,0,2.789966316244369,12.012161009625505,0,-3.691798309521629,115.35987548504575,1.5307930123529632,0,62.96022327302514,1.1943738558550245,0,135.67321567369882,0.6058612844147792,0,17.352386347132434,122.38564486322305,0.20620340638274506,0,161.0176892883215,0.07066311694602377,0,113.09642095566713,0.058135754088531943,0,30.932051496371088,0.02114456557622332,0,324.0624011692244,-0.012152566935806094,1,100.41376258953795,-0.004997455568626439,1,Rahu,Moon,2.0,CLEAR,936.8177629718981,3.6033088993550564,0,0,-125.0,327.7922061357856,0,130.0856377919504,0.18558306574447056,0.06359680525142139,0.6664474128562571,0.0,1.0,0,0,1,0.0,1,0.22473001
2038-07-01,99.77210049316162,0.9539364036951292,0,87.26125647462291,12.583524371742564,0,22.203680991182626,125.05325008378755,1.2339339808278855,0,71.33661262915706,1.1988079729221468,0,139.92693744987622,0.6094952970255766,0,15.997085744429402,123.84704432816713,0.21117335954700295,0,161.54463220921417,0.07978111327350619,0,113.50921940574818,0.059721341924491446,0,31.068745151247352,0.017879698406280568,0,323.96913617242166,-0.014447130116084271,1,100.38243122193686,-0.00043675879188463635,1,Rahu,Moon,2.0,CLEAR,940.7075904274245,3.889827455526415,0,0,175.0,327.7922061357856,0,130.47588705796682,0.19005602359230267,0.07180300194615558,0.6704448267281343,0.0,1.0,0,0,1,0.0,1,0.31857136
2038-07-08,106.44865038461239,0.953581925353863,0,181.0433177396385,14.08231069565831,0,4.363645323859144,132.52031641926456,0.8875625396411508,0,79.7421030226934,1.202695041076822,0,144.20537348868683,0.6128412519801322,0,14.558652314597673,125.33914900291147,0.21493879033545438,0,162.13242962165106,0.0880026331154906,0,113.9307991270116,0.06061662737459103,0,31.181526747536214,0.014302603406053953,0,323.86040073740554,-0.01658238482752816,1,100.3550540648887,-0.007528911623378705,1,Rahu,Moon,2.0,CLEAR,944.8593022792415,4.151711851817026,0,0,75.0,327.7922061357856,0,130.95090287411483,0.19344491130190894,0.07920236980394155,0.6741253771781455,0.0,1.0,0,0,1,0.0,1,0.3265269
2038-07-15,113.12320867520067,0.9535795055473969,0,280.42564421612724,13.875920996687617,0,-23.026374959247086,137.25935539486696,0.4476525966540502,0,88.17514455855651,1.2068300743804283,0,148.50657778792538,0.6160740218800291,0,13.044518549845634,126.85419473688144,0.2177762998679219,0,162.775058215892,0.09546195644058046,0,114.35702714275345,0.061099063902622076,0,31.269156426365164,0.010716116954073195,0,323.7381543680102,-0.018294573439944783,1,100.40368405091832,4.83802510068802e-05,0,Rahu,Moon,2.0,CLEAR,949.2438843167961,4.384582037554537,0,0,-72.0,327.7922061357856,0,131.50590178952683,0.1959986698811297,0.08591576079652241,0.6776814240680321,0.0,1.0,0,0,1,0.0,1,0.3017199
2038-07-22,119.80118846295245,0.9546002909961088,0,10.744656312435087,12.02480067431124,0,-0.5791078618973526,138.52638983478738,-0.0994772795293256,1,96.63851179101347,1.2113280584846968,0,152.83072569839354,0.6194798927381581,0,11.462234425856899,128.3856754489492,0.2196685411300863,0,163.46664878036356,0.10202774842305887,0,114.78385138912745,0.0608587079674733,0,31.330854994615844,0.006908661321828447,0,323.60448493685425,-0.01983065500689705,1,100.20326464540278,-0.026708064396118242,1,Rahu,Moon,2.0,CLEAR,953.8339685956855,4.590084278889435,0,0,-72.0,327.7922061357856,0,132.13579378574772,0.19770168701707766,0.09182497358075298,0.6814278820119739,0.0,1.0,0,0,1,0.0,1,0.3017362
2038-07-29,126.4894471281791,0.9563662152728959,0,95.5497331409157,12.781238779001164,0,22.885323626730507,135.90942510688177,-0.6175477167923583,1,105.13404220543146,1.2159218206901121,0,157.18040290605848,0.6233114664677226,0,9.818482692196481,129.9278871396954,0.22080658797661887,0,164.20205735113615,0.10795730064099421,0,115.20798166229203,0.060227305535156254,0,31.36603027034364,0.003131593200862347,0,323.46163896840267,-0.0209210148018649,1,100.27931725530044,0.007026689458374634,0,Rahu,Moon,2.0,CLEAR,958.6045505041704,4.770581908484928,0,0,-150.0,327.7922061357856,0,132.83602708079252,0.19872592917895698,0.09716157057689478,0.6856426131144949,0.0,1.0,0,0,1,0.0,1,0.40040594
2038-08-05,133.18949719646884,0.9578528660115107,0,191.90996922400873,14.332919745080742,0,0.07228233940257536,130.84404526080513,-0.7270808670386529,1,113.66000944607248,1.2199854377869845,0,161.5566130147998,0.6269903993481999,0,8.120614475312198,131.47400680453268,0.2208100004080444,0,164.97566283999566,0.11291839342534356,0,115.62525720865042,0.05889318441252319,0,31.374239869950145,-0.0007817918816351383,1,323.3120710282562,-0.021743712308770514,1,99.92697849942152,-0.051568734939019534,1,Rahu,Moon,3.0,CLEAR,963.526717492644,4.9221669884735775,0,0,-310.0,327.7922061357856,0,133.60142297004552,0.19872900036723998,0.1016265540828092,0.68968943928302,0.0,1.0,0,0,1,0.0,2,0.4049605
2038-08-12,139.8997408417068,0.9594408294791278,0,289.83276985815456,13.451944007460973,0,-22.85211406947109,127.24810496320954,-0.21009949359751368,1,122.21394893378158,1.2240134399234304,0,165.95827543127626,0.630615287945802,0,6.376780954358044,133.01700374894926,0.21988790625569324,0,165.78122547233346,0.11707894282738311,0,116.03162803741145,0.05710598908904175,0,31.35571427322396,-0.004514047613150967,1,323.1586099536083,-0.02205600161488886,1,99.91613750981085,-0.019196561955420334,1,Rahu,Moon,5.0,OVERCAST (CAUTION),968.567809988901,5.041092496256965,0,0,-250.0,327.7922061357856,0,134.4255111991095,0.1978991156301239,0.1053710485446448,0.6936768167403823,0.0,1.0,0,0,1,0.0,2,0.39075288
2038-08-19,146.6237710715425,0.9619059809530902,0,18.739638784316664,11.99410392177642,0,2.659908185500064,128.63871606979933,0.622933986634868,0,130.79660497432369,1.2282267586686746,0,170.385630785665,0.6344384390503165,0,4.595237899548466,134.55018071027948,0.2180446403592598,0,166.6125503714302,0.12033793269412656,0,116.42319588228793,0.05470684754735585,0,31.310893088432575,-0.008252787543953049,1,323.00373229691775,-0.02211020892475155,1,99.20865088418766,-0.1041216335099334,1,Rahu,Moon,3.0,CLEAR,973.6962113927186,5.128401403817634,0,0,-10.0,327.7922061357856,0,135.3016572829976,0.19624017632333382,0.1083041394247139,0.6978822829553482,0.0,1.0,0,0,1,0.0,2,0.44046554
2038-08-26,153.36847991119126,0.9652036814153925,0,103.50500182092733,12.871747008016374,0,23.143818232717173,135.7882625487859,1.3831829101588233,0,139.40932869185826,1.232492334904256,0,174.8416375355593,0.638740238042362,0,2.7832625544573686,136.0678104173623,0.21538690525507911,0,167.4644646316658,0.12292214691541506,0,116.7966081596547,0.05188296972505156,0,31.240788312762533,-0.011757681274361517,1,322.8502642088264,-0.021677656184655145,1,99.06827487158978,-0.00923582224850536,1,Rahu,Moon,2.0,CLEAR,978.8824450548783,5.18623366215968,0,0,-10.0,327.7922061357856,0,136.22367631890327,0.1938482147295712,0.11062993222387356,0.7026142618465983,0.0,1.0,0,0,1,0.0,2,0.4190488
2038-09-02,160.13593484750035,0.9682616474286009,0,202.22141158479153,14.707037532744286,0,-4.08277256837232,147.24781184017124,1.8269503475499298,0,148.04977146100933,1.2360839350469772,0,179.32774099843098,0.6429824613220644,0,0.9488233381629725,137.56259902048407,0.21150892181234188,0,168.33101341068178,0.12451793270334077,0,117.14784918431366,0.048390926179345296,0,31.14636438982772,-0.015163334782704986,1,322.7007880670956,-0.020945508356556997,1,98.30993941855934,-0.11959566280998316,1,Rahu,Moon,2.0,CLEAR,984.0929199484851,5.210474893606829,0,0,-156.0,327.7922061357856,0,137.18464902085407,0.1903580296311077,0.1120661394330067,0.7072807074542709,0.0,1.0,0,0,1,0.0,2,0.4439879
2038-09-09,166.92365385710025,0.971093256519041,0,299.74975681008624,13.089033811520427,0,-22.027333728683544,160.5448986829572,1.9271461927901965,0,156.71352228882745,1.239202776930575,0,183.8433387886834,0.6471578961573367,0,-0.8990126608380098,139.02671310951902,0.20660687988902066,0,169.20592242655786,0.12527409183944455,0,117.47328605213742,0.04448010316263668,0,31.02961550270373,-0.01817326983040585,1,322.5583460491047,-0.01972545006355506,1,98.08300829527717,-0.05059325109828344,1,Rahu,Moon,2.0,CLEAR,989.289347968537,5.196428020051826,0,0,-60.0,327.7922061357856,0,138.17630692385413,0.1859461919001186,0.1127466826555001,0.7118736857730704,0.0,1.0,0,0,1,0.0,2,0.43325648
2038-09-16,173.7327900738652,0.97455046362961,0,27.020225245526735,11.93162046707554,0,6.010891343171975,173.82931346810153,1.8538312101118113,0,165.3983675015183,1.2422115382112464,0,188.38839214662488,0.65152538242378,0,-2.75081180648654,140.4525864436711,0.20064472258694135,0,170.08262318819132,0.1251286314468488,0,117.76929738188159,0.04004868500275973,0,30.89243559192058,-0.020938044781575856,1,322.4251281699258,-0.01825386753249624,1,96.89263682529422,-0.18661271939372015,1,Rahu,Moon,2.0,CLEAR,994.435291740032,5.145943771495013,0,0,-260.0,327.7922061357856,0,139.19018759627073,0.18058025032824723,0.11261576830216392,0.7166779206661581,0.0,1.0,0,0,1,0.0,2,0.4195333
2038-09-23,180.56931619352176,0.9787939344288359,0,111.49237105553902,12.843037862868846,0,23.010964060261642,186.41017808202395,1.7396077970034414,0,174.10448668618696,1.2451863656353683,0,192.96588619489768,0.6563631232501722,0,-4.597999096222865,141.83342414261656,0.19366250258793238,0,170.95598004626635,0.12424298758274334,0,118.03317853944506,0.03525493643197705,0,30.737561664916203,-0.023262229331964607,1,322.30381448719146,-0.016366537870547756,1,96.47680451371437,-0.02120173413990101,1,Rahu,Moon,2.0,CLEAR,999.4960560735504,5.0607643335184775,0,0,-260.0,327.7922061357856,0,140.21841838135015,0.17429625232913915,0.111818688824469,0.7219994355751895,0.0,1.0,0,0,1,0.0,2,0.38875124
2038-09-30,187.43536882563563,0.9828381436347204,0,211.58619591068884,15.091287720323278,0,-7.7958560725868855,198.19899254164903,1.6307713742902639,0,182.82934839039055,1.2475117159789593,0,197.57738871298,0.6612056071374199,0,-6.4311893556124256,143.16039989658773,0.18526096298540326,0,171.81951057792662,0.12233878532768082,0,118.26146057697791,0.029922474039663766,0,30.567407206748893,-0.025246979108453565,1,322.196404351913,-0.01424164126023399,1,95.52871600406738,-0.16275090518223295,1,Rahu,Moon,2.0,CLEAR,1002.5042067423553,3.0081506688048876,0,0,-60.0,327.7922061357856,0,141.25210337117772,0.16673486668686294,0.11010490679491274,0.727326167851162,0.0,1.0,0,0,1,0.0,2,0.39746666
2038-10-07,194.32758077093177,0.986285278213431,0,309.7757625473686,12.86859954410995,0,-20.553011298064956,209.27093951765423,1.534361407840338,0,191.5680158947636,1.2491261683130825,0,202.22250451926521,0.6659173403960252,0,-8.239596961177396,144.42420733165105,0.17557646944231228,0,172.66670824504033,0.11951939218048495,0,118.45153979488333,0.024292301939974725,0,30.385588381979893,-0.02666088218348081,1,322.1054035441639,-0.011764663991534084,1,95.19986834627356,-0.04919711741724582,1,Rahu,Moon,2.0,CLEAR,1004.5622397261209,2.0580329837655427,0,0,-60.0,327.7922061357856,0,142.28111986306044,0.15801882249808105,0.10756745296243646,0.7325090744356278,0.0,1.0,0,0,1,0.0,2,0.39704925
2038-10-14,201.24415723461175,0.9900126681147726,0,35.65095146568953,11.870416469054003,0,9.36686670621673,219.692589478532,1.4429576071502015,0,200.31666707206793,1.250521358743423,0,206.90064882507423,0.6707852316536947,0,-10.011702228119226,145.6155400430313,0.1646249275283054,0,173.4906576665958,0.11578366853556897,0,118.60083334804116,0.018352670749883917,0,30.195199542755812,-0.027622244322467873,1,322.0320451821044,-0.009132082972172507,1,93.94816070805585,-0.19821155085259148,1,Rahu,Moon,2.0,CLEAR,1006.5909162476801,2.0286765215591913,0,0,72.0,327.7922061357856,0,143.29545812384,0.14816243477547486,0.10420530168201207,0.7378637548190643,0.0,1.0,0,0,1,0.0,2,0.39705318
2038-10-21,208.1893115726347,0.9943555402603345,0,119.95512574793224,12.763171435138043,0,22.37256000600919,229.44022707613726,1.337061369907194,0,209.0755418784323,1.2519696969362173,0,211.6145431335084,0.6760683465448616,0,-11.736667732626598,146.72595956013768,0.15237022946101664,0,174.28581231401506,0.11122726428947606,0,118.70809455231347,0.012234144097416893,0,30.00022789840327,-0.02801861791282207,1,321.9781740516792,-0.006252491681106396,1,93.52282866416945,-0.0016267804703046975,1,Rahu,Moon,2.0,CLEAR,1008.5711688312235,1.9802525835434608,0,0,248.0,327.7922061357856,0,144.2855844156118,0.13713320651491498,0.10010453786052846,0.7436751811993478,0.0,1.0,0,0,1,0.0,2,0.3806978
2038-10-28,215.16472407607566,0.9985291674881078,0,220.00716865569805,15.31014856020785,0,-10.963370193189762,238.27952680470113,1.172899006314991,0,217.8433864760075,1.2530694167416858,0,216.3656551364324,0.6814074998318448,0,-13.402792765153183,147.74474873435298,0.13847071784942486,0,175.04527132203563,0.10562212817052549,0,118.7713816044013,0.005859847676559277,0,29.803948291795706,-0.027927186665529707,1,321.9446277833443,-0.003270750313074333,1,92.80942570415014,-0.1350794404034154,1,Rahu,Moon,2.0,CLEAR,1010.48264606048,1.911477229256434,0,0,12.0,327.7922061357856,0,145.24132303023993,0.12462364606448237,0.09505991535347294,0.7495482498150293,0.0,1.0,0,0,1,0.0,2,0.40496248
2038-11-04,222.16634675883373,1.0017624791295971,0,319.42064410999444,12.821086534020067,0,-18.548685719433053,245.49846875716503,0.8495864507160377,0,226.6169035300243,1.2535083158301947,0,221.1533736329697,0.6865119979463148,0,-14.996878009152098,148.6610544605399,0.12304766997295342,0,175.76228581191805,0.09903195566945863,0,118.79015949995295,-0.000538793898415169,1,29.610776059967545,-0.02722199225298024,1,321.93280992783735,-0.0001497476347670572,1,92.60840330385759,-0.003094523068812693,1,Rahu,Moon,2.0,CLEAR,1012.3030195039009,1.8203734434209764,0,0,-60.0,327.7922061357856,0,146.1515097519505,0.11074290297565809,0.08912876010251278,0.7551631977409463,0.0,1.0,0,0,1,0.0,3,0.3801404
2038-11-11,229.18927971790123,1.004864703734496,0,44.47007410898223,11.841592537253426,0,12.553622813387914,249.32429329159353,0.16044542640508022,0,235.39215972290876,1.2537508926591001,0,225.97673487065146,0.6916767607072691,0,-16.50501163470245,149.4642980646449,0.10625360536791582,0,176.42970726766828,0.09154883324354006,0,118.76406055183539,-0.006867093460836319,1,29.424092480411804,-0.025999871935859186,1,321.94259156877376,0.002976759892128716,0,91.8350016518523,-0.12662196349380822,1,Rahu,Moon,2.0,CLEAR,1014.0112295745128,1.7082100706118126,0,0,-288.0,327.7922061357856,0,147.00561478725646,0.09562824483112424,0.08239394991918605,0.7608444367779961,0.0,1.0,0,0,1,0.0,2,0.3806058
2038-11-18,236.23540333662078,1.0083316439916092,0,129.156542585037,12.751040633258716,0,21.026473038487026,246.59006526897016,-0.9702946702511741,1,244.1698859951208,1.254172209794646,0,230.83768228379608,0.6971815467751965,0,-17.913810368616872,150.14534502208951,0.08805450224709938,0,177.04201786964907,0.08321836752322427,0,118.6944253279571,-0.013027071702470987,1,29.248009674494774,-0.024255251101257463,1,321.9745791874588,0.006132095262078851,0,91.65198976095765,0.026705063249047725,0,Rahu,Moon,2.0,CLEAR,1015.5880163903084,1.5767868157956855,0,0,-280.0,327.7922061357856,0,147.7940081951543,0.07924905202238944,0.07489653077090185,0.7668997014527162,0.0,1.0,0,0,1,0.0,2,0.022045407
2038-11-25,243.3056383845679,1.0116617363172842,0,228.0513331816569,15.217766644444563,0,-13.753842526122456,237.7798169712628,-1.2220126353479346,1,252.95052592077175,1.254582180965276,0,235.7373835211748,0.7027477507614677,0,-19.20952197721218,150.6933076682316,0.06829568746657645,0,177.59239155571998,0.07391067176673626,0,118.58204503272977,-0.018988132448687373,1,29.085514897131905,-0.022043643231255593,1,322.02822021407275,0.009229753174409182,0,91.39365040963851,-0.05995078304921217,1,Rahu,Moon,2.0,CLEAR,1017.013753317176,1.4257369268675575,0,0,-351.0,327.7922061357856,0,148.50687665858808,0.061466118719918805,0.06651960459006263,0.7730225258376145,0.0,1.0,0,0,1,0.0,2,0.019110093
2038-12-02,250.39571770683725,1.0138255434955528,0,328.30857676828833,12.912741801373505,0,-16.19458801075603,233.23602147567573,-0.0037040952080364515,1,261.7325805638916,1.254415737052469,0,240.6752644649665,0.707972526377326,0,-20.377558601699416,151.09844475704966,0.047239796799213446,0,178.0746155223683,0.06368395101496427,0,118.42953978429114,-0.024550651255468417,1,28.94052812684993,-0.019360394756547845,1,322.1036148007616,0.012235421747963084,0,91.37181633303936,0.023256238517141117,0,Rahu,Moon,2.0,CLEAR,1018.2681747910367,1.2544214738607025,0,0,-351.0,327.7922061357856,0,149.13408739551838,0.0425158171192921,0.05731555591346784,0.7787697790150586,0.0,1.0,0,0,1,0.0,2,0.019382086
2038-12-09,257.4981387240339,1.0154499738371845,0,53.16960207227297,11.850631827752823,0,15.412172150841887,236.78309518537827,0.9046181236956712,0,270.5117542428289,1.2539380466552963,0,245.64910247780938,0.7131785094498473,0,-21.40307624078944,151.3528622658333,0.025358767000215714,0,178.4824820540504,0.0527711806281612,0,118.23977730313152,-0.02953920234537025,1,28.815494625227462,-0.016276305230358973,1,322.19926690568803,0.01509515077563122,0,91.19192042401988,-0.03448157880731073,1,Rahu,Moon,2.0,CLEAR,1019.3339748576459,1.0658000666091993,0,0,-91.0,327.7922061357856,0,149.66698742882292,0.022822890300194142,0.04749406256534508,0.7844963603948321,0.0,1.0,0,0,1,0.0,2,0.020566355
2038-12-16,264.6123251686868,1.017176574094813,0,138.98166916067436,12.907936581558086,0,18.857984274043506,244.6489038245987,1.2827657006265996,0,279.28787229104876,1.2535192338013394,0,250.66026330387143,0.7185852200169754,0,-22.272744311958295,151.4519209136558,0.002819067565600723,0,178.81191491813908,0.04121650806034313,0,118.01738780795029,-0.03392521868291332,1,28.71336542749284,-0.01288602863490372,1,322.3145299157564,0.017775184640040482,0,91.17838200349836,0.011643880853816065,0,Rahu,Moon,2.0,CLEAR,1020.1970989812926,0.8631241236466849,0,0,-180.0,327.7922061357856,0,150.09854949064623,0.002537160809040651,0.03709485725430882,0.7904437420186731,0.0,1.0,0,0,1,0.0,2,0.02090154
2038-12-23,271.7385760554012,1.0188471330721791,0,236.60492699664306,14.839818379242129,0,-16.46165378551223,254.21438975247673,1.428484249747193,0,288.06123041798355,1.2531731680528246,0,255.709444259139,0.7240488431223275,0,-22.973957810685814,151.3913261656753,-0.020114780898905907,1,179.0580219169135,0.02904605791671263,0,117.76640188144344,-0.03761223048143551,1,28.635723227046928,-0.00920511103532396,1,322.4476325305149,0.020265706679627443,0,91.19343355805891,0.0022850929893031657,0,Rahu,Moon,2.0,CLEAR,1020.8445973797332,0.6474983984405753,0,0,-180.0,327.7922061357856,0,150.42229868986658,-0.018103302809015318,0.02614145212504137,0.7964537274345603,0.0,1.0,0,0,1,0.0,3,0.018389545
2038-12-30,278.8731452862788,1.0193138331274685,0,336.41622357539325,13.035662245234715,0,-13.61575602846154,264.46857459729284,1.4945898604918169,0,296.83067201913013,1.252183799705942,0,260.79571606471524,0.7290471435893332,0,-23.494943787959283,151.17082467189087,-0.0427952910979508,1,179.2173103890276,0.01637396295329964,0,117.49264642370441,-0.04049426209569894,1,28.584892670141205,-0.005334505844502204,1,322.59753481323605,0.022469258908787388,0,91.15330266983003,-0.014803906632468297,1,Rahu,Moon,2.0,CLEAR,1021.2648354377727,0.4202380580395584,0,0,-152.0,327.7922061357856,0,150.6324177188864,-0.03851576198815572,0.014736566657969677,0.8019518579482666,0.054943787959281565,1.0,0,0,1,0.0,3,0.01782256
2039-01-06,286.00718198440944,1.0189402716755502,0,61.48861878405034,11.875683727379636,0,17.885617774319577,275.09462374993416,1.5406607607749534,0,305.5903874654329,1.2505373969217473,0,265.9158971714977,0.7338868774672782,0,-23.825327609354204,150.79519184989422,-0.06425613592262513,1,179.28721843293644,0.0036240213691506574,0,117.20192125223778,-0.04238724882413756,1,28.561552069120452,-0.0012951318291801884,1,322.76172700095935,0.024420262707363246,0,91.18851674536624,0.02114120001687187,0,Rahu,Moon,2.0,CLEAR,1021.451332727632,0.1864972898592896,0,0,-57.0,327.7922061357856,0,150.725666363816,-0.05783052233036262,0.0032616192322355918,0.8072755652140061,0.38532760935420285,1.0,0,0,1,0.0,3,0.018670185
2039-01-13,293.1380869311961,1.0184592326808748,0,148.94987732152833,13.256597019472844,0,15.99707918702545,286.04557996599306,1.589629796946432,0,314.33737487238005,1.2485470110534829,0,271.07025735483325,0.7387777745081945,0,-23.95759928264849,150.27516351922426,-0.08402282258461799,1,179.26805656025473,-0.009111454459166267,1,116.90125976858182,-0.043395713339906224,1,28.5667427026278,0.002749364590579418,0,322.9386162961228,0.026038952604254127,0,91.0677953171262,-0.06172666222655572,1,Rahu,Moon,2.0,CLEAR,1021.402627715254,-0.04870501237803637,0,0,-57.0,327.7922061357856,0,150.70131385762693,-0.0756205403261562,-0.00820030901324964,0.812655551959014,0.5175992826484901,1.0,0,0,1,0.0,3,0.019501638
2039-01-20,300.2660729140443,1.018098818253162,0,246.2492498060802,14.376288538108057,0,-19.186969925299312,297.376181719799,1.649740288614756,0,323.0699942825638,1.2464894230201897,0,276.2589526705934,0.7437038190520799,0,-23.886532227871438,149.62437164732285,-0.10141944806528519,1,179.160184541219,-0.021618607575019617,1,116.59666557211557,-0.04342747879246961,1,28.600189450105756,0.0068501908277041204,0,323.125674427751,0.02739877770571921,0,90.95813498738696,0.026147927653643262,0,Rahu,Moon,2.0,CLEAR,1021.1199901822265,-0.28263753302746863,0,0,-340.0,327.7922061357856,0,150.55999509111325,-0.09127750325875668,-0.019456746817517655,0.818074200957288,0.44653222787143676,1.0,0,0,1,0.0,3,0.018435966
2039-01-27,307.38883535675046,1.0167051657568846,0,344.1687966083011,13.052492510678025,0,-10.810369872806907,309.16387155580077,1.7188161129919235,0,331.78627523109407,1.2436519273600986,0,281.48052092641194,0.748031571936546,0,-23.60949761050585,148.86270260353479,-0.11559094162787133,1,178.9662449197122,-0.03370211855473654,1,116.29532575383742,-0.04253328283910091,1,28.662256896060725,0.010832458166236441,0,323.32111699157275,0.028346750496591782,0,90.62774980733798,-0.10899076342829667,1,Rahu,Moon,2.0,CLEAR,1020.607976047303,-0.5120141349234473,0,0,-340.0,327.7922061357856,0,150.30398802365147,-0.10403184746508419,-0.030331906699262886,0.8228347291302007,0.1694976105058501,1.0,0,0,1,0.0,3,0.018627798
2039-02-03,314.49785674661956,1.0143651940763565,0,69.40265998103001,11.887295499476293,0,20.02002933370585,321.4194954014876,1.7777569049942448,0,340.4788219461401,1.239793590545811,0,286.7307820209067,0.7520302493078003,0,-23.126718030708723,148.01614188445635,-0.12553710528838444,1,178.69086639943893,-0.04477599933648362,1,116.003809949882,-0.040581902610942924,1,28.751820539503065,0.01474831392510473,0,323.52197390893093,0.029004039804402932,0,90.37653408511567,0.0248833551376669,0,Rahu,Moon,2.0,CLEAR,1019.8780917198717,-0.729884327431364,0,0,-180.0,327.7922061357856,0,149.93904585993587,-0.112983394759546,-0.040298399402835264,0.8272332742385804,0.0,1.0,0,0,1,0.0,3,0.017353704
2039-02-10,321.58938826080083,1.0117927569663678,0,158.47788778751598,13.715776179746209,0,12.789340724147669,333.8787165748635,1.7584850736372317,0,349.1414193392335,1.2351178782071974,0,292.00861591617326,0.7558976700143551,0,-22.441735514237426,147.11532480571435,-0.131123894347517,1,178.34190956857,-0.0547480137323107,1,115.7289846605539,-0.037836094610565224,1,28.86806364399035,0.018397992533730857,0,323.7261704752819,0.0292531860671467,0,89.94988553443682,-0.1554928296530631,1,Rahu,Moon,2.0,CLEAR,1018.9476918491594,-0.9303998707123355,0,0,-84.0,327.7922061357856,0,149.47384592457965,-0.11801150491276531,-0.04927321235907963,0.8314874370157908,0.0,1.0,0,0,1,0.0,3,0.018840265
2039-02-17,328.66414083889055,1.0096088690284721,0,256.8548254581871,14.044370081937492,0,-21.67503483989878,345.455183660589,1.4854730569327455,0,357.7700935280881,1.23020316178934,0,297.31350374710223,0.7597595133041257,0,-21.560514040428,146.19120826266774,-0.13209854480998387,1,177.92771729950726,-0.06331814237287271,1,115.47617305168198,-0.034233300346341755,1,29.009159012219154,0.02191269610089815,0,323.93099415716745,0.02924768441742022,0,89.44827856671458,0.013865813706278696,0,Rahu,Moon,2.0,CLEAR,1017.8371165745762,-1.1105752745831978,0,0,-127.0,327.7922061357856,0,148.9185582872881,-0.11888869032898548,-0.05698632813558544,0.8357354646345384,0.0,1.0,0,0,1,0.0,3,0.019095998
2039-02-24,335.72206197536906,1.006730937173685,0,352.1790070285688,12.896842256090437,0,-7.699606559348413,353.5234113381247,0.7313142087815692,0,6.362197710741631,1.2244640726451892,0,302.64328555902244,0.7628816044301963,0,-20.491757780689618,145.27683591965942,-0.1283508077247913,1,177.45889948411255,-0.07033605852375006,1,115.25109489603682,-0.029972260036600074,1,29.173844798003188,0.025071212495227955,0,324.1343945366802,0.02878583174894996,0,88.73963402661253,-0.20593884522947944,1,Rahu,Moon,2.0,CLEAR,1016.5701093722187,-1.2670072023574903,0,0,-135.0,327.7922061357856,0,148.28505468610936,-0.11551572695231217,-0.06330245267137506,0.8391697648732159,0.0,1.0,0,0,1,0.0,3,0.019440306
2039-03-03,342.7564731545078,1.0030070454483464,0,77.16324377278755,11.872933106441417,0,21.862849403811396,354.83862254989435,-0.3618845052185688,1,14.909762896359398,1.2174863844219546,0,307.99276158244027,0.7654822618062852,0,-19.246820598955512,144.40563868464983,-0.11981992922216389,1,176.9480565342076,-0.07525988759835851,1,115.05844779607659,-0.024962755365181548,1,29.359757991019833,0.02800246560590702,0,324.33351504778483,0.0280639859208174,0,88.02191913093283,0.002852774245329483,0,Rahu,Moon,2.0,CLEAR,1015.1765970863755,-1.3935122858431441,0,0,-180.0,327.7922061357856,0,147.58829854318776,-0.1078379362999475,-0.06773389883852267,0.8420304879869138,0.0,1.0,0,0,1,0.0,3,0.019560225
2039-03-10,349.76344691046904,0.9990027953951626,0,167.2501831403709,14.12924042674819,0,9.57196074578302,349.5527571824134,-0.990553044247434,1,23.40394374216846,1.209234287042019,0,313.3591846639862,0.7677392318860873,0,-17.839136570034512,143.60833502574587,-0.10741804084946893,1,176.40982347603364,-0.07820481588447391,1,114.90244721115518,-0.019568932086418092,1,29.56478331051244,0.030491357344121412,0,324.52628207545274,0.026937624727169585,0,87.3884241142009,-0.20603303314065471,1,Rahu,Moon,2.0,CLEAR,1011.8541862316285,-3.322410854746977,0,0,60.0,327.7922061357856,0,146.8450401655212,-0.09667623676452204,-0.07038433429602652,0.844513155074696,0.0,1.0,0,0,1,0.0,3,0.020121993
2039-03-17,356.744449107957,0.9956746067364043,0,267.7555357938786,13.950785901317166,0,-23.513398743493347,343.3874367258165,-0.6399219448611191,1,31.838083303400133,1.2004738167355973,0,318.74122503323326,0.7699361456358313,0,-16.283004769837916,142.90956244622885,-0.09171972414575506,1,175.85826047010485,-0.07902412354336477,1,114.78568358749823,-0.013715955262191869,1,29.786224686213924,0.03274084382361182,0,324.71033139942745,0.02561942196658627,0,86.64444059131269,-0.00010491651067991078,1,Rahu,Moon,2.0,CLEAR,1008.5425336613847,-3.3116525702438366,0,0,-240.0,327.7922061357856,0,146.07203578389093,-0.08254775173117956,-0.0711217111890283,0.8469297601994146,0.0,1.0,0,0,1,0.0,3,0.019083202
2039-03-24,3.7020460163932163,0.9920857701806591,0,0.8049036363624593,12.621440320136779,0,-4.250758246468025,341.3897992053187,0.06696531097529398,0,40.20827114951164,1.1907821070828484,0,324.1359852883725,0.7712611366852545,0,-14.59424190815128,142.33024345104863,-0.07338960625971952,1,175.30799625447193,-0.07782757549443481,1,114.7106774489434,-0.007673271680118063,1,30.021817876287038,0.03450187496155706,0,324.8837491015709,0.02387400948477834,0,85.81509171924499,-0.230157885308127,1,Rahu,Moon,2.0,CLEAR,1005.4653454553252,-3.0771882060595317,0,0,-120.0,327.7922061357856,0,145.2861783781849,-0.06605064563374757,-0.07004481794499133,0.84838725035378,0.0,1.0,0,0,1,0.0,3,0.02003516
2039-03-31,10.632280989989571,0.9878901812153198,0,85.12960048501378,11.850605390504773,0,23.36011175822212,343.95390398671987,0.6313239842383417,0,48.5054033522929,1.1795093080042027,0,329.53732143654486,0.771872928104285,0,-12.790319384927285,141.88720388853605,-0.05293494603256033,1,174.774149747125,-0.07434657203390292,1,114.67906468351553,-0.001338116314199456,1,30.268672745915797,0.03596297717481912,0,325.04428612008974,0.021955511026114163,0,84.95745449580771,0.00021629423499729873,0,Rahu,Moon,2.0,CLEAR,1002.6967895393111,-2.7685559160140656,0,0,-100.0,327.7922061357856,0,144.5054770012092,-0.0476414514293043,-0.06691191483051263,0.8490602209147136,0.0,1.0,0,0,1,0.0,3,0.020071667
2039-04-07,17.531763462910362,0.9834150128385611,0,175.43760703287992,14.350341214507747,0,6.445639748059825,349.80234778088294,1.0153300972966588,0,56.716457148307136,1.1661637704197347,0,334.9408235069543,0.7719245466214091,0,-10.889282917621234,141.59125989790513,-0.03153999045218323,1,174.27135266760078,-0.06903223883457368,1,114.69166101294549,0.004910482887748226,0,30.52401432583986,0.036906191086033255,0,325.19027115280477,0.0197014358313176,0,84.47116715961728,-0.1729546645294318,1,Rahu,Moon,2.0,CLEAR,1000.2966541737226,-2.4001353655885396,0,0,-160.0,327.7922061357856,0,143.74733834176092,-0.02838599140696491,-0.062129014951116314,0.84911700128355,0.0,1.0,0,0,1,0.0,2,0.020576721
2039-04-14,24.402543156684228,0.9798264437334913,0,278.21816902156985,14.078990210393323,0,-24.446054979318593,357.9151623551956,1.2897973955220725,0,64.8285575530781,1.1513841100226903,0,340.34433268453506,0.7718649657155451,0,-8.908441663230239,141.44679461246187,-0.009705125731337054,1,173.81192579928538,-0.06197389597807859,1,114.7480959596391,0.011204156714078551,0,30.784940427556183,0.03758485609366568,0,325.3201132616661,0.017366005246727514,0,83.86021764980137,0.011790837456703831,0,Rahu,Moon,2.0,CLEAR,998.3073334450501,-1.98932072867251,0,0,0.0,327.7922061357856,0,143.02698537172918,-0.008734613158203348,-0.055776506380270735,0.8490514622870997,0.0,1.0,0,0,1,0.0,2,0.021165436
2039-04-21,31.249563944817613,0.9764271568737237,0,9.959236878392227,12.337855626077323,0,-0.55144170900379,7.736675365003711,1.5110470434493695,0,72.83165458778073,1.1348431957200236,0,345.74442002164426,0.7708499424159816,0,-6.865487234490985,141.4550792976136,0.012066287160529926,0,173.40677007709257,-0.05352628778305577,1,114.84780672263457,0.017275337335266285,0,31.04871566643392,0.037692110808376214,0,325.4323998195052,0.014695198673590575,0,83.32700343463206,-0.16247407549957685,1,Rahu,Moon,2.0,CLEAR,996.7614677775339,-1.545865667516182,0,0,-60.0,327.7922061357856,0,142.35805441065867,0.010859658444476934,-0.048173659004750194,0.8479349366575798,0.0,1.0,0,0,1,0.0,1,0.024052104
2039-04-28,38.07180158698404,0.9727047301688919,0,93.53715072572867,11.857913714863146,0,24.357588102272878,19.032809040499608,1.7158285543918341,0,80.70969650446425,1.11541706956779,0,351.13427205199497,0.7689617250614209,0,-4.7792548469126706,141.61515701744307,0.03355043482120089,0,173.06603561328083,-0.04363840830332313,1,114.98985927937677,0.023263809991801398,0,31.31253792950141,0.0375763856079028,0,325.5258411791246,0.011975565145343798,0,82.75079545524898,0.018707568624712803,0,Rahu,Moon,2.0,CLEAR,995.6856270441957,-1.0758407333381683,0,0,64.0,327.7922061357856,0,141.75349768377941,0.0301953913390808,-0.039274567472990816,0.845857897567563,0.0,1.0,0,0,1,0.0,1,0.020519363
2039-05-05,44.86670628667737,0.9687224612016981,0,183.5872633216706,14.336241081753567,0,3.245352115733829,31.764342858803893,1.9221363174290031,0,88.43754639477591,1.0917751795511077,0,356.50805970357726,0.7663328323933791,0,-2.6683947049837307,141.92223944486688,0.05398644740868428,0,172.79768963516727,-0.03291784998238001,1,115.17241837458377,0.028828243410520326,0,31.573463405162947,0.03690138037185208,0,325.59947910330766,0.009042580300355822,0,82.61606275304202,-0.08929677593064404,1,Rahu,Moon,2.0,CLEAR,995.0939731431272,-0.5916539010685256,0,0,-36.0,327.7922061357856,0,141.22422623000432,0.04858780266781585,-0.029626064984142008,0.8429661156327171,0.0,1.0,0,0,1,0.0,1,0.018028552
2039-05-12,51.636494348448544,0.9656985534270924,0,287.8099843402385,14.323956682947998,0,-24.484000973402654,45.908920289707524,2.111019472555168,0,95.9845623708706,1.0637999124495439,0,1.8629602935728327,0.763560493119225,0,-0.5499401562861745,142.36860960616195,0.07334155146863507,0,172.60699674318607,-0.021500732192073758,1,115.39311668287428,0.034157547036631326,0,31.828827609889785,0.03598686428565117,0,325.6528061571716,0.006168573745182507,0,82.33070607348294,0.022884485553056798,0,Rahu,Moon,2.0,CLEAR,994.9879451645734,-0.10602797855381141,0,0,-60.0,327.7922061357856,0,140.77816913329627,0.06600739632177156,-0.01935065897286638,0.8399165424311476,0.0,1.0,0,0,1,0.0,1,0.016164752
2039-05-19,58.38774038146881,0.9632681437932906,0,19.275255892609234,12.129742754958805,0,3.2234701540172415,61.06137971148431,2.1885460318361587,0,103.31916742505015,1.0308280166629515,0,7.195408640334747,0.7598308046550329,0,1.5594366302765494,142.94606130174137,0.0914852536082049,0,172.49729021274536,-0.009750715603612499,1,115.64936037861109,0.03901913590306664,0,32.07593387976127,0.0345761622844156,0,325.6851893392321,0.0031011532642871843,0,82.20027464747027,-0.059035025302232855,1,Rahu,Moon,2.0,CLEAR,995.3644565909867,0.37651142641334445,0,0,0.0,327.7922061357856,0,140.4213563329841,0.08233672824738442,-0.008775644043251249,0.8358138851205363,0.0,1.0,0,0,1,0.0,1,0.07657826
2039-05-26,65.12212489808552,0.9607772158288049,0,102.39103761575437,11.931886266449657,0,24.691765081089823,76.04517896201115,2.0576935812560584,0,110.39898885532942,0.9904566863527875,0,12.498334963625533,0.7551127688114464,0,3.6420191858670323,143.64684870420632,0.10850078622454308,0,172.4714392901027,0.0023713134827334707,0,115.93873730249376,0.04357129811222437,0,32.3123321962294,0.03289257618706019,0,325.6965347877293,0.00013193370835701867,0,82.00396859604176,0.01934377481189916,0,Rahu,Moon,2.0,CLEAR,996.2188420207005,0.8543854297138296,0,0,-160.0,327.7922061357856,0,140.1591070938733,0.09765070760208877,0.0021341821344601237,0.8306240456925911,0.0,1.0,0,0,1,0.0,0,0.09093694
2039-06-02,71.83791576835587,0.9580425567063565,0,192.27445936384234,14.167163737711972,0,-0.27872474823509147,89.51865941814792,1.7777191311779883,0,117.16021562590227,0.9392528482091103,0,17.764839467331537,0.7495228345330863,0,5.680567829269634,144.46133692488783,0.12395987864566474,0,172.53002662071427,0.014336931015315583,0,116.25786634695676,0.047526551218240946,0,32.53527456299832,0.03075531423902281,0,325.6868231129928,-0.002888806635553411,1,82.06006497448405,-0.016406234895301734,1,Rahu,Moon,2.0,CLEAR,997.538531739222,1.3196897185214311,0,0,-160.0,327.7922061357856,0,139.99475205771594,0.11156389078109827,0.012903237913784026,0.8244751179863951,0.0,1.0,0,0,1,0.0,1,0.08289145
2039-06-09,78.53705244378318,0.9561944202066319,0,296.54114161568543,14.53473153448939,0,-23.79283863222088,100.8329100436802,1.4511694788505245,0,123.51684277762031,0.8744546652462546,0,22.99160452758178,0.7437595756326565,0,7.659949012748242,145.37933306481128,0.13807500936401557,0,172.67191453650497,0.026116597800986668,0,116.60343321481213,0.05109925762815384,0,32.742716895412826,0.028437069078593398,0,325.6568171343206,-0.005697968522188646,1,82.01709037698915,0.005919677286863679,0,Rahu,Mars,3.5,CLEAR,999.3034271431658,1.7648954039437967,0,0,-10.0,327.7922061357856,0,139.92919764109214,0.12426750842761401,0.023504938020888003,0.8181355331959222,0.0,1.0,0,0,1,0.0,1,0.047133557
2039-06-16,85.22673979085552,0.9552494052239136,0,28.37316681328609,12.022564602109766,0,6.900610128589359,109.7744945637118,1.0971390138016843,0,129.36382966799246,0.7928940177306029,0,28.175175624383915,0.7370984520983809,0,9.566101578202439,146.3912610814369,0.1508887023855738,0,172.89456789626064,0.03748133115772461,0,116.97179719878302,0.05410253900020015,0,32.93229296709807,0.025711505839721066,0,325.6068398673592,-0.008525740766897518,1,82.02857731314457,0.013233180407208575,0,Rahu,Mars,3.5,CLEAR,999.9245498583251,0.6211227151593448,0,0,90.0,327.7922061357856,0,139.96227492916256,0.13579983214701644,0.03373319804195215,0.810808297308219,0.0,1.0,0,0,1,0.0,1,0.03819873
2039-06-23,91.91090855573901,0.9544611405527517,0,111.4959824209185,12.092070966191553,0,24.28814212897159,116.05664721187415,0.6847507695385289,0,134.56250725305452,0.6877420291978572,0,33.30843448217266,0.7293375004692846,0,11.384197945241821,147.48916550500218,0.16256267346818587,0,173.19596563597804,0.048528940186132026,0,117.35991612418222,0.05667780578841314,0,33.102247687871525,0.022782341752135813,0,325.5380839593697,-0.011105339542750975,1,82.03159885425968,-0.01885296522141368,1,Rahu,Mars,3.5,CLEAR,1000.1874358962132,0.26288603788805176,0,0,-90.0,327.7922061357856,0,140.09371794810653,0.14630640612136728,0.04367604616751882,0.8022712505162131,0.0,1.0,0,0,1,0.0,1,0.1745746
2039-06-30,98.58846847924947,0.9534260243824959,0,201.81004109114718,13.977112501069131,0,-4.248361237235326,119.15393731691361,0.18616447097908986,0,138.91458335713264,0.5493427905109074,0,38.38341428000833,0.7205659620598441,0,13.100260319941738,148.66369464721578,0.1728051927242087,0,173.57224435500171,0.058878766774511516,0,117.76365187714244,0.058595607690277655,0,33.250364346081,0.019518396859395222,0,325.4515573122724,-0.013557707994093973,1,81.92503410384768,0.012480885160469003,0,Rahu,Mars,3.5,CLEAR,1000.6437600178414,0.45632412162819946,0,0,-10.0,327.7922061357856,0,140.32188000892071,0.15552467345178783,0.052990890097060366,0.7926225582658286,0.0,1.0,0,0,1,0.0,1,0.16983387
2039-07-07,105.26068467763432,0.9530908436402091,0,304.80208534181213,14.575945076714472,0,-22.528376174764645,118.57810141852784,-0.3415225429605165,1,142.15463322781878,0.36886126641737293,0,43.396025466974415,0.7115188311162715,0,14.702977446758172,149.9058443255212,0.18186428955764974,0,174.01895746907303,0.068593188138558,0,118.17938600678971,0.06005788185743734,0,33.37550844388884,0.016167721163877862,0,325.34928960886833,-0.015661043908349635,1,81.91268175207112,-0.04792456769093311,1,Rahu,Mars,3.5,CLEAR,1001.2868980503683,0.6431380325269629,0,0,80.0,327.7922061357856,0,140.6434490251842,0.16367786060188477,0.0617338693247022,0.7826707142278987,0.0,1.0,0,0,1,0.0,1,0.1919988
2039-07-14,111.93438652694766,0.9538370760245304,0,37.02491807140079,11.995448511240788,0,10.368387786112152,114.87055993840966,-0.6524170436756712,1,143.97187529917113,0.14279380912786782,0,48.34251437632223,0.7015893388175243,0,16.183025564410848,151.2072183325324,0.18983440341100594,0,174.53078299589967,0.07757913375763933,0,118.60302140372445,0.06093406275962842,0,33.47601695067964,0.01256010289333844,0,325.23255025327734,-0.01760590453449176,1,81.69620001076416,0.027362053522565474,0,Rahu,Mars,3.5,CLEAR,1002.1095320904401,0.8226340400717618,0,0,20.0,327.7922061357856,0,141.05476604522002,0.17085096306990535,0.06982122038187541,0.7717482726992768,0.0,1.0,0,0,1,0.0,1,0.22985518
2039-07-21,118.61514693991438,0.9549104917582759,0,120.55365904691831,12.324783586584292,0,23.209280182449287,110.64155621441306,-0.46603247532055997,1,144.05897245636305,-0.12288695598956903,1,53.21517491326097,0.6903379702756481,0,17.531141822091392,152.56126797509955,0.19682769080963897,0,175.10364164710904,0.08594536012689806,0,119.031400465027,0.0612601900546496,0,33.55115377657283,0.008862252739696005,0,325.103680902905,-0.019181366254831876,1,81.64272858339024,-0.08560002439360592,1,Rahu,Mars,3.5,CLEAR,1003.1049757410724,0.9954436506322963,0,0,-160.0,327.7922061357856,0,141.5524878705362,0.17714492172867508,0.07735082411420825,0.759371767303213,0.0,1.0,0,0,1,0.0,1,0.2881501
2039-07-28,125.30234454183993,0.9557115044692008,0,212.15566123177348,13.883525719734413,0,-8.557376458433334,109.33295398525341,0.13557938143944856,0,142.23636917999036,-0.39325025816877046,1,58.004066872687595,0.6777847313810461,0,18.73965079738189,153.95987413966844,0.20260617254811136,0,175.73186716727847,0.0934302937593522,0,119.45973009345538,0.06103832025681858,0,33.59964157626925,0.005013419047342108,0,324.9645694791189,-0.020472001219218234,1,81.07964174167034,-0.006046896223963988,1,Rahu,Mars,3.5,CLEAR,1004.2644511820184,1.1594754409460393,0,0,-300.0,327.7922061357856,0,142.13222559100922,0.18234555529330024,0.08408726438341699,0.7455632045191508,0.0,1.0,0,0,1,0.0,1,0.26026946
2039-08-04,131.996199485011,0.9569395180027167,0,313.1475819942182,14.39130748947665,0,-20.74569959425095,112.8013276242562,0.8551355507333037,0,138.73178936019897,-0.5863895562321971,1,62.703012166781384,0.6646323075531161,0,19.804284608794237,155.39548188083032,0.20735870897632708,0,176.40991136240865,0.10011076884598466,0,119.88474899003072,0.06025996129632207,0,33.621612498577775,0.0012162739890126764,0,324.81821942695336,-0.02133125330515945,1,80.91463614564238,-0.11965294957498791,1,Rahu,Mars,3.5,CLEAR,1005.5765977276618,1.3121465456433725,0,0,-255.0,327.7922061357856,0,142.78829886383087,0.18662283807869437,0.0900996919613862,0.7310955383084278,0.0,1.0,0,0,1,0.0,1,0.29612502
2039-08-11,138.70229785642925,0.959275888085136,0,45.2147578965441,12.001911606323786,0,13.581713232046734,121.12185643305543,1.4966497046755038,0,134.4304608750644,-0.6099194349499735,1,67.30632896409539,0.6503664917060433,0,20.723700243634006,156.8608121707987,0.21120767343786329,0,177.13156212672533,0.10599674200727963,0,120.30205850695474,0.05892362469018497,0,33.616545202922175,-0.0026203231834245233,1,324.6665573315701,-0.02189663383566203,1,80.22114435153554,-0.00280717461990117,1,Rahu,Mars,3.5,CLEAR,1007.0300338476063,1.453436119944513,0,0,-255.0,327.7922061357856,0,143.51501692380316,0.19008690609407697,0.09539706780655166,0.7154031408766477,0.0,1.0,0,0,1,0.0,2,0.2713434
2039-08-18,145.4270647398148,0.9620549364509973,0,129.28058311517523,12.578307494096657,0,21.627619313872227,133.20373544742847,1.903824080895147,0,130.6205661878811,-0.4535181263779418,1,71.80373052729685,0.634231940067065,0,21.497755861638637,158.35031196879146,0.21416856533861017,0,177.892145830171,0.11114754285763284,0,120.7084334212796,0.057057487520199,0,33.58509067701171,-0.00638126893668801,1,324.51263060341586,-0.02204143266683199,1,79.97331708025689,-0.1471208941788088,1,Rahu,Mars,3.5,CLEAR,1008.6141103063185,1.5840764587121612,0,0,-415.0,327.7922061357856,0,144.30705515315927,0.19275170880474915,0.10003278857186956,0.6976551340737716,0.0,1.0,0,0,1,0.0,2,0.28119668
2039-08-25,152.1702025725797,0.964519177252989,0,222.96734362193743,13.96017292333286,0,-12.890110012807531,147.03355243610912,2.002182450780479,0,128.3189765476872,-0.19518689994089192,1,76.18073003830789,0.6160859487762476,0,22.128725889600698,159.85654521527704,0.2160385230553667,0,178.68542419900527,0.11538715571423,0,121.09934325223725,0.054573134720797084,0,33.52735414164169,-0.010045885449416671,1,324.3587629509616,-0.021810769335191466,1,78.95224023179519,-0.03894970449149223,1,Rahu,Mars,3.5,CLEAR,1010.3161401147271,1.7020298084086107,0,0,-160.0,327.7922061357856,0,145.15807005736357,0.19443467074983004,0.103848440142807,0.6776945436538724,0.0,1.0,0,0,1,0.0,2,0.3167418
2039-09-01,158.9305060717189,0.9670588550883235,0,322.03392472026593,14.025957500571945,0,-18.406453154547677,160.80377341051081,1.9152808889226454,0,127.92264981314392,0.07947373538834102,0,80.42579381134827,0.5965148177887938,0,22.62274126398093,161.37258244480955,0.21691645788236594,0,179.50555952169327,0.11874568806528442,0,121.47132404620247,0.05157414245633644,0,33.44506031126213,-0.013479267068925452,1,324.20832138578936,-0.021161094427805727,1,78.59903015076678,-0.1682376929222003,1,Rahu,Mars,3.5,CLEAR,1012.1209984208624,1.8048583061353156,0,0,-160.0,327.7922061357856,0,146.06049921043115,0.19522481209412934,0.10687111925875598,0.6561662995676733,0.0,1.0,0,0,1,0.0,2,0.33000976
2039-09-08,165.7115787862081,0.970580662378818,0,53.12512403493173,11.996350289180874,0,16.527980897647318,173.74130086063616,1.779588664803644,0,129.35503740648056,0.32231572289804344,0,84.52748269813574,0.5749877671982214,0,22.989189697182045,162.8913352356798,0.21694759905402158,0,180.34609458761255,0.1213188396853957,0,121.82030234832636,0.048089080759608105,0,33.33920926012419,-0.016684853913766895,1,324.0633249672445,-0.020166349328601473,1,77.52814522142751,-0.03579972639634641,1,Rahu,Mars,3.5,CLEAR,1014.013770654977,1.8927722341145454,0,0,-220.0,327.7922061357856,0,147.00688532748836,0.19525283914861943,0.10918695571685613,0.6324865439180436,0.0,1.0,0,0,1,0.0,2,0.30494404
2039-09-15,172.51972649189403,0.9745814614835249,0,137.53542358372727,12.773043739434032,0,19.728451903252033,185.73094930204726,1.6480933963469548,0,132.32134310507647,0.5170759143067502,0,88.46816003949462,0.5502979341525559,0,23.239427262468165,164.40748687466507,0.21603951008758474,0,181.20210831442353,0.1230827887554873,0,122.14332195909539,0.044083657374418835,0,33.212073883346335,-0.01961655290836131,1,323.92682244466334,-0.018800698976869232,1,77.20342665958059,-0.1595689649187843,1,Rahu,Mars,3.5,CLEAR,1015.9800688621544,1.9662982071774877,0,0,15.0,327.7922061357856,0,147.9900344310772,0.19443555907882626,0.11077450987993857,0.6053277275678115,0.0,1.0,0,0,1,0.0,2,0.53025216
2039-09-22,179.35480977593235,0.9782231799893865,0,233.68997120160745,14.226955781771691,0,-16.825411565236625,196.84275928621167,1.5281921902662003,0,136.48910355474393,0.6670829472253464,0,92.22296984721238,0.5219562596241146,0,23.387652487981217,165.91326676015154,0.2140327710241979,0,182.06706956095124,0.12393080715564674,0,122.43621824978143,0.03956301802651124,0,33.065385994379454,-0.022180009543458282,1,323.80091621644914,-0.01706729907047763,1,76.08255965547924,-0.04262265172260356,1,Rahu,Mars,3.5,CLEAR,1018.0033671331437,2.023298270989244,0,0,15.0,327.7922061357856,0,149.00168356657178,0.1926294939217781,0.11153772644008206,0.5741518855865262,0.0,1.0,0,0,1,0.0,2,0.6436983
2039-09-29,186.2139092037648,0.9815183036574725,0,331.6236798740636,13.595306627580676,0,-15.45836591828746,207.1301032111976,1.4098847028559565,0,141.58148515796023,0.783122168027611,0,95.76792319413767,0.490291014784844,0,23.451682736594748,167.401299576532,0.21090879588148528,0,182.93478892361927,0.12381689686552133,0,122.69610018782714,0.03457870830280771,0,32.90248888097464,-0.024334954987818447,1,323.6885525659464,-0.015036942868811543,1,75.74960628408986,-0.1612204161626177,1,Rahu,Mars,3.5,CLEAR,1020.0646000852893,2.0612329521455877,0,0,15.0,327.7922061357856,0,150.03230004264464,0.18981791629333675,0.1114352071789692,0.5393201162633284,0.011682736594746501,1.0,0,0,1,0.0,2,0.62792456
2039-10-06,193.0980405309138,0.985538524067824,0,61.0482586639818,11.95558890748838,0,19.181969429440752,216.53473739299628,1.2708772026829058,0,147.39571804680278,0.8744662075047663,0,99.07765586844542,0.45452343812553936,0,23.452065936558203,168.86401377251616,0.2068790379438196,0,183.7987212086423,0.12291707852261322,0,122.91966767654142,0.02926791632151379,0,32.72590681581444,-0.026010648466091052,1,323.59117274829083,-0.012710826326812356,1,74.73483295656095,-0.033791252446314715,1,Rahu,Mars,3.5,CLEAR,1022.1456287856558,2.0810287003665735,0,0,-60.0,327.7922061357856,0,151.07281439282787,0.18619113414943764,0.1106253706703519,0.49997578193809333,0.012065936558201429,1.0,0,0,1,0.0,2,0.5993707
2039-10-13,200.0124134639217,0.9899782552787466,0,145.4471996993618,12.839538636124937,0,17.580097811900675,224.76741378871174,1.0637511709257614,0,153.77802463221903,0.9460938633401774,0,102.1171214048122,0.41274679460315666,0,23.4115429671311,170.29496126905798,0.2017357277722104,0,184.65349306361944,0.12112093748768249,0,123.10484078060672,0.023548352401505154,0,32.53929850422332,-0.027251604832017138,1,323.51107348425313,-0.010162738414584638,1,74.60029147668938,-0.10719192257428678,1,Rahu,Mars,3.5,CLEAR,1024.2283891187922,2.0827603331363207,0,0,-156.0,327.7922061357856,0,152.1141945593961,0.18156215499498937,0.10900884373891424,0.4540214740634724,0.0,1.0,0,0,1,0.0,2,0.5909792
2039-10-20,206.95685827361896,0.9940352655913501,0,243.71144588684515,14.634986555550629,0,-19.998973316271645,231.03740156160143,0.6861709819602722,0,160.6047009766819,1.0021569525630516,0,104.83941417446103,0.3638912461205201,0,23.355624631490482,171.68538503502475,0.19534664263682536,0,185.49221335250624,0.11838784855767283,0,123.2486390731009,0.01753570080513825,0,32.34571495146601,-0.02791594667235188,1,323.4495028103465,-0.0073482196537791025,1,73.82494186549887,-0.02048374114303625,1,Rahu,Mars,3.5,CLEAR,1026.2929968020806,2.0646076832883864,0,0,-60.0,327.7922061357856,0,153.14649840104022,0.17581197837314283,0.10654906370190555,0.4002803707325721,0.0,1.0,0,0,1,0.0,2,0.5531484
2039-10-27,213.9267487700426,0.9972916818476573,0,341.72123455235464,13.22860945782222,0,-11.938538200062617,233.54206903979178,-0.045875059572037136,1,167.78226944608826,1.047088780080918,0,107.19521022121243,0.30797615250968635,0,23.31229958074421,173.0265209920681,0.18760226657049903,0,186.30833147215222,0.11459956599323473,0,123.34958435171438,0.011247197616005407,0,32.14952645633075,-0.028083199924713583,1,323.40830387574874,-0.004443169663362167,1,73.73993297711853,-0.09489993951964923,1,Rahu,Mars,3.5,CLEAR,1028.317610031643,2.0246132295624193,0,0,140.0,327.7922061357856,0,154.15880501582149,0.16884203991344912,0.10313960939391126,0.338773767760655,0.0,1.0,0,0,1,0.0,2,0.46438274
2039-11-03,220.92011719852428,1.0009239871798497,0,69.24455970509575,11.887691731782398,0,21.478677798427796,229.56051751072496,-1.0798387099485456,1,175.2467960154376,1.0845009189171808,0,109.13239567493726,0.24396817158855474,0,23.310134425353652,174.30947567635334,0.17877903032389314,0,187.09492457106143,0.11001981609492158,0,123.40619412765304,0.004935829184777896,0,31.954114025822648,-0.027638294523077204,1,323.3878283068243,-0.0013706334507835231,1,73.16494723199554,-0.008173393043973838,1,Rahu,Mars,3.5,CLEAR,1030.2816210904775,1.9640110588345578,0,0,140.0,327.7922061357856,0,155.14081054523876,0.16090112729150383,0.09901783448542942,0.2683649887474102,0.0,1.0,0,0,1,0.0,2,0.4437394
2039-11-10,227.9403277876856,1.0048331910102042,0,153.42875182443296,12.78026570399142,0,15.064227977115536,220.90727847365898,-1.077354736340155,1,182.94971968047872,1.1152515220354313,0,110.58647736310002,0.1696345266738243,0,23.37758942209072,175.52615418783174,0.1685796158500791,0,187.84627184392005,0.10446407376915656,0,123.41830503842952,-0.0015074697769657294,1,31.763602360092378,-0.026729804178871122,1,323.3890910337983,0.0017150628005584356,0,73.26019390903728,-0.032194661400007804,1,Rahu,Mars,3.5,CLEAR,1032.1653389676553,1.8837178771777872,0,0,-60.0,327.7922061357856,0,156.08266948382766,0.1517216542650712,0.0940176663922409,0.18659797934120675,0.0,1.0,0,0,1,0.0,2,0.4459102
2039-11-17,234.98703376249992,1.0083767423841106,0,252.63950837112284,15.039774899490824,0,-22.27576371979707,217.66578305228884,0.19008264339650996,0,190.84630608198168,1.1399835512864132,0,111.48197823487216,0.08459062003421092,0,23.5410353826462,176.66621321292206,0.15692696766112962,0,188.55525282317927,0.09796917863892232,0,123.38533140693158,-0.007853784880027668,1,31.581379799318164,-0.02519641195507415,1,323.4121300065784,0.004912505406960509,0,72.99318042793644,-0.00035078206429382667,1,Rahu,Mars,3.5,CLEAR,1033.9477460477221,1.7824070800668323,0,0,-260.0,327.7922061357856,0,156.9738730238611,0.14123427089501667,0.0881722607750301,0.09304968203763202,0.10103538264619871,1.0,0,0,1,0.0,2,0.4061646
2039-11-24,242.0543595039272,1.0107182722306562,0,351.8526185517784,13.021506210122281,0,-8.028326991495911,222.4336622534936,1.0566706064173126,0,198.89789997832742,1.159855151621902,0,111.75144224141083,-0.008700092743316692,1,23.819937064706128,177.71916530605318,0.14366577734161068,0,189.2150720775117,0.09037785962468455,0,123.30837690228199,-0.014108616147183731,1,31.411646576756187,-0.023242367893015668,1,323.4573446385272,0.007965775136163889,0,73.0516625994163,-0.017294880266383372,1,Rahu,Mars,3.5,CLEAR,1035.6068510015111,1.659104953788983,0,0,-320.0,327.7922061357856,0,157.8034255007555,0.12929919960744962,0.08134007366221609,-0.009570102017648362,0.37993706470612665,1.0,0,0,1,0.0,2,0.40028897
2039-12-01,249.1373728764753,1.013049333036138,0,77.79405211187088,11.82442438355128,0,23.3208074931288,231.20234781437085,1.3894968584154594,0,207.07790702352682,1.1768464478823966,0,111.34815104861838,-0.10713271412031822,1,24.21987090282096,178.67485616914388,0.12917292416299325,0,189.81901428779807,0.08205186897841792,0,123.18899140825239,-0.019929166398958104,1,31.257440792206925,-0.02073305810991591,1,323.52383749886104,0.011027456473922516,0,72.95395661757323,0.0016727553786781764,0,Rahu,Mars,3.5,CLEAR,1037.1231469911822,1.5162959896711072,0,0,36.0,327.7922061357856,0,158.56157349559115,0.11625563174669393,0.07384668208057613,-0.11784598553235005,0.77987090282096,1.0,0,0,1,0.0,2,0.4849642
2039-12-08,256.23730180092673,1.0154880296961115,0,161.96134034182376,12.689386550553403,0,11.967070689491951,241.37633062264783,1.496995454382641,0,215.36715068927384,1.191019267957812,0,110.24939038323642,-0.2062925882107372,1,24.727957253484572,179.52389879239288,0.11313275227122538,0,190.36152386390987,0.07278298355036139,0,123.0299805797929,-0.025451000497886674,1,31.12204147723692,-0.01790716254992977,1,323.61120025308935,0.013892220897824884,0,72.95910909968134,-0.0022022288677451276,1,Rahu,Mars,3.5,CLEAR,1038.4789647733458,1.3558177821635127,0,0,116.0,327.7922061357856,0,159.23948238667293,0.10181947704410284,0.06550468519532525,-0.22692184703181095,1.2879572534845707,1.0,0,0,1,0.0,2,0.47056246
2039-12-15,263.3537237547707,1.0176445766712832,0,260.6665405864915,15.231532699025552,0,-23.81207823973922,252.00077671482393,1.5330632124143686,0,223.74562990966714,1.202340654391991,0,108.48096501076911,-0.2962912588041868,1,25.30733819409726,180.25526131620597,0.09559265081291493,0,190.83615968821658,0.06271091292518667,0,122.83413941498335,-0.030370237206025625,1,31.007944239655245,-0.014593514758731411,1,323.7182964544731,0.01671460092455543,0,73.00086083145072,-0.004974182569405366,1,Rahu,Mars,3.5,CLEAR,1039.6564308971228,1.1774661237770943,0,0,36.0,327.7922061357856,0,159.82821544856134,0.08603338573162345,0.056439821632668,-0.3259203846846055,1.8673381940972575,1.0,0,0,1,0.0,2,0.48887813
2039-12-22,270.48046493912403,1.0183679044015284,0,1.4670606863073183,13.00315393848115,0,-4.00765679383213,262.8056308699442,1.5538355446937189,0,232.19292536571004,1.2108389981516279,0,106.15610829602623,-0.3629414457174973,1,25.89744844732939,180.85826351951133,0.07648439255939199,0,191.23702929486814,0.05170476919535024,0,122.60584339914456,-0.03473865736332928,1,30.917928448181748,-0.01109177799452701,1,323.8441485042591,0.019190602406921865,0,72.86049714853345,0.0012216420116706503,0,Rahu,Mars,3.5,CLEAR,1040.6382016933728,0.9817707962499753,0,0,15.0,327.7922061357856,0,160.31910084668638,0.0688359533034528,0.046534292275815216,-0.3992355902892471,2.457448447329387,1.0,0,0,1,0.0,2,0.017046165
2039-12-29,277.61032980941144,1.0187318043485134,0,86.53825022851932,11.795719518145846,0,24.62397729334217,273.768930934002,1.5802847801957167,0,240.6947285133912,1.218062774627461,0,103.47958572670788,-0.3956110074039628,1,26.42645522891185,181.323945237915,0.05639357141102786,0,191.5591628031194,0.040248703650972356,0,122.35008231704646,-0.038200444117126406,1,30.853606268177685,-0.007253172971439085,1,323.98682604711047,0.021535602013540548,0,72.95673255791439,-0.025298345134602548,1,Rahu,Mars,3.5,CLEAR,1041.4111130698834,0.7729113765105922,0,0,-113.0,327.7922061357856,0,160.7055565349417,0.050754214269925074,0.03622383328587512,-0.43517210814435914,2.986455228911847,1.0,0,0,1,0.0,2,0.016169135
2040-01-05,284.74267521899793,1.0190830600165177,0,171.25877819425563,12.694263342243671,0,8.194385708324539,284.9575717796738,1.618473649091334,0,249.2429877147253,1.2240906707767278,0,100.70694748473889,-0.390120464375449,1,26.83444953005935,181.64500159043624,0.03515431215941535,0,191.79899475330802,0.02818024529692597,0,122.07259352286687,-0.0409557876639555,1,30.81641453347612,-0.003363101514317595,1,324.144729414467,0.023524589081694275,0,72.45954234828056,-0.05304349565998731,1,Rahu,Mars,3.5,CLEAR,1041.9651604396638,0.5540473697803918,0,0,15.0,327.7922061357856,0,160.9825802198319,0.031638880943473814,0.025362220767233372,-0.4291325108129939,3.3944495300593474,1.0,0,0,1,0.0,2,0.017449334
2040-01-12,291.87747431982916,1.0193282346698727,0,268.63038806356434,15.092598309354106,0,-24.87437315213164,296.4488006996547,1.6652341141607014,0,257.82925233549923,1.228870325558723,0,98.10565286241918,-0.3472218075585673,1,27.090534135121707,181.81428608137898,0.013104542195815536,0,191.95299371081924,0.015776946240467025,0,121.77913392487427,-0.04270985228210557,1,30.80718906630785,0.000767452659156318,0,324.3159112797604,0.025360253311992372,0,72.46421554751774,-0.03696712004988766,1,Rahu,Mars,3.5,CLEAR,1042.2916092890227,0.3264488493589397,0,0,15.0,327.7922061357856,0,161.1458046445114,0.011794087976233983,0.014199251616420322,-0.38194398831442405,3.650534135121706,1.0,0,0,1,0.0,1,0.017564405
2040-01-19,299.00948559901747,1.018163974840434,0,10.226952694714424,13.109613209631249,0,-0.12542752280076394,308.2450691101437,1.6997561989775598,0,266.44262582769545,1.2318926353102213,0,95.9169565156223,-0.27410193782359044,1,27.199382489598836,181.82688161775337,-0.009496442092111958,1,192.01874043250356,0.0030135299000170865,0,121.4763883961067,-0.04361119956639351,1,30.826655166366674,0.004796010921318168,0,324.4983867138122,0.0267220863946027,0,71.8283285052471,-0.0512668261244309,1,Rahu,Mars,3.5,CLEAR,1042.3841705322739,0.09256124325111159,0,0,-231.0,327.7922061357856,0,161.1920852661369,-0.008546797882900763,0.002712176910015378,-0.30151213160594953,3.759382489598835,1.0,0,0,1,0.0,2,0.016859466
2040-01-26,306.1306115428411,1.0164010110728665,0,95.18019395925454,11.809517818910916,0,25.36667430913229,320.07191697069317,1.6561433191670114,0,275.0747080262422,1.2343483737679544,0,94.30657564141647,-0.18446432831597132,1,27.19099226458777,181.6824740951642,-0.03168636531399324,1,191.99595490104878,-0.009492087273549327,1,121.17135444217573,-0.0433877646234888,1,30.874631332450363,0.008889580064512214,0,324.689662276632,0.027866871388025315,0,71.7802400044422,-0.07273852210830621,1,Rahu,Mars,3.5,CLEAR,1042.2426471371969,-0.14152339507700162,0,0,-427.0,327.7922061357856,0,161.12132356859843,-0.02851772878259392,-0.008542878546194394,-0.20291076114756845,3.7509922645877687,1.0,0,0,1,0.0,3,0.016204977
2040-02-02,313.2389812473821,1.0145954359491876,0,181.0913222510406,12.87213301343869,0,3.92226201211745,330.8462895502012,1.3565122270716243,0,283.7225885100677,1.2364264014978699,0,93.34329794650432,-0.0908195323627723,1,27.10281763944765,181.38454388268977,-0.053288484675108674,1,191.8861967578669,-0.021808918523224176,1,120.87078576576064,-0.042340823217889845,1,30.95051103765938,0.012766733793660692,0,324.8874088398641,0.028576427308747786,0,70.66291925464934,-0.13903209694830124,1,Rahu,Mars,3.5,CLEAR,1041.8713714404153,-0.3712756967815949,0,0,-35.0,327.7922061357856,0,160.93568572020754,-0.04795963620759781,-0.019628026670901758,-0.09990148559904954,3.662817639447649,1.0,0,0,1,0.0,3,0.018496035
2040-02-09,320.3356097904591,1.012955386949587,0,277.45738106099634,14.723448436475326,0,-25.524038009535246,337.8003797719529,0.5276719488974377,0,292.38408452973016,1.23815887777326,0,93.02856480752942,0.00010158017692662027,0,26.96517392656843,180.93962754469894,-0.07356350365721354,1,191.69212684541995,-0.033534105611474914,1,120.58113734799525,-0.04025531529624599,1,31.053495088616415,0.016639055997629975,0,325.0893884294169,0.029082756760598568,0,70.4235745545458,-0.06711833469540036,1,Rahu,Mars,3.5,CLEAR,1041.277263513607,-0.5941079268081921,0,0,-135.0,327.7922061357856,0,160.63863175680353,-0.06620715329149218,-0.030180695050327423,0.00011173819461928231,3.525173926568428,1.0,0,0,1,0.0,3,0.017967893
2040-02-16,327.41730331682356,1.0101793175857383,0,18.25347582037541,13.198043566625708,0,3.526577350257825,337.277656178225,-0.6647997712782802,1,301.05378268599367,1.238760054696254,0,93.32926244533245,0.08442087969491913,0,26.797554206409014,180.35902078551362,-0.09185390515947063,1,191.41804683660365,-0.04457411938442294,1,120.30879805809711,-0.037386483172169645,1,31.182414013552915,0.02017228975160902,0,325.29310229662633,0.029078304785494728,0,69.33073989758813,-0.11435720650808492,1,Rahu,Mars,3.5,CLEAR,1040.4712656461015,-0.805997867505539,0,0,213.0,327.7922061357856,0,160.23563282305074,-0.08266851464352357,-0.04011670744598065,0.09286296766441104,3.357554206409013,1.0,0,0,1,0.0,3,0.019559283
2040-02-23,334.476660221828,1.0067158279083932,0,103.48435457203693,11.849115770354919,0,25.584429636534832,330.345897780394,-1.0952757508833157,1,309.7260710572809,1.238996758227833,0,94.18719045445343,0.1588642093932491,0,26.607215685971724,179.66118365504516,-0.10699506152613066,1,191.0713734407991,-0.05426857632320781,1,120.06002615953396,-0.03358468086470346,1,31.335654447274706,0.023545968917778312,0,325.49605221170526,0.028835918244358175,0,69.08413610211142,-0.08917146883301143,1,Rahu,Mars,3.5,CLEAR,1039.4714379870488,-0.9998276590526984,0,0,-295.0,327.7922061357856,0,159.73571899352442,-0.0962955553735176,-0.04884171869088703,0.17475063033257404,3.1672156859717226,1.0,0,0,1,0.0,3,0.019060304
2040-03-01,341.5112844244807,1.003250939626333,0,190.92717815341496,13.208705657860467,0,-0.4632995957911752,324.5793493223555,-0.45522848601080873,1,318.3994931640339,1.2391491223112607,0,95.52789884206508,0.22249494541834522,0,26.392328485892687,178.8688807297004,-0.11876034215166877,1,190.66121673631181,-0.0626681518840832,1,119.83983251982747,-0.029219640018628253,1,31.511032828575665,0.026519152421965217,0,325.6957024192285,0.02816254241835676,0,67.73819524446904,-0.16753978810912704,1,Rahu,Mars,3.5,CLEAR,1038.3003678154723,-1.1710701715765026,0,0,-60.0,327.7922061357856,0,159.15018390773616,-0.10688430793650189,-0.05640133669567488,0.24474443996017975,2.9523284858926857,1.0,0,0,1,0.0,3,0.02033961
2040-03-08,348.52364655437566,1.000278559060717,0,287.47690411645686,14.349045692555158,0,-25.51211599905454,324.1575318933757,0.29981431010195236,0,327.074620070003,1.2393915106125981,0,97.28124773856281,0.2771216458219557,0,26.145175017690487,178.00798761915047,-0.1265302705684509,1,190.1980466576213,-0.06940134483843119,1,119.65274442555746,-0.024152703173204268,1,31.706674431978858,0.029313954489930266,0,325.89003920493246,0.027296308502521155,0,67.40119557262446,-0.06411832183715621,1,Rahu,Mars,3.5,CLEAR,1036.9827444512848,-1.3176233641875115,0,0,15.0,327.7922061357856,0,158.49137222564244,-0.11387724351160582,-0.06246121035458807,0.3048338104041513,2.705175017690486,1.0,0,0,1,0.0,3,0.020524845
2040-03-15,355.5132602847941,0.996604540255323,0,26.073686679962876,13.137374916848152,0,7.025413345753137,328.17176773821376,0.8075859845727043,0,335.7489212331373,1.2388798302036304,0,99.3900543217593,0.3242089531190986,0,25.856119143894286,177.1074844089584,-0.12992640838320585,1,189.69343310557463,-0.07440120293118353,1,119.5024541408212,-0.01867704603382866,1,31.920126950973874,0.03163939570437364,0,326.07654358748124,0.02596589035701942,0,66.30103473797536,-0.11951731576333048,1,Rahu,Mars,3.5,CLEAR,1035.5466123092015,-1.436132142083352,0,0,111.0,327.7922061357856,0,157.77330615460076,-0.11693376754488527,-0.06696108263806518,0.3566298484310085,2.416119143894285,1.0,0,0,1,0.0,3,0.020428406
2040-03-22,2.474666902133853,0.9922946331937762,0,111.44638343492534,11.884753193547308,0,25.300288107075236,335.03517061898236,1.13118105081585,0,344.4181647696075,1.2379954557672248,0,101.80321443689598,0.3640467411802886,0,25.514025129400423,176.20044782070525,-0.12848146262523366,1,189.16165895217426,-0.07720733163893768,1,119.39244985913984,-0.012729236893888782,1,32.14901511730253,0.0336672694710103,0,326.25317368722995,0.024429747914011053,0,66.10905307994564,-0.0475815748936657,1,Rahu,Mars,3.5,CLEAR,1034.0252876697434,-1.5213246394580437,0,0,111.0,327.7922061357856,0,157.01264383487174,-0.11563331636271029,-0.06948659847504392,0.4004514152983175,2.0740251294004217,1.0,0,0,1,0.0,3,0.020745283
2040-03-29,9.405459140739742,0.988039726162711,0,200.26158514327594,13.610588446105007,0,-4.584487577434862,343.7894922741514,1.3597189646286936,0,353.08072081050733,1.2370786466828008,0,104.47108181906738,0.39723724832108076,0,25.1086512808791,175.31867849024255,-0.12274743749996582,1,188.61703690111477,-0.07804786429908729,1,119.32444309152675,-0.00665915655613039,1,32.39027064716638,0.03521640288010823,0,326.41765515498,0.02254134920655968,0,65.12746573057554,-0.1230463266314288,1,Rahu,Mars,3.5,CLEAR,1032.4535325078969,-1.5717551618465677,0,0,-220.0,327.7922061357856,0,156.2267662539484,-0.11047269374996924,-0.07024307786917856,0.4369609731531889,1.6686512808791,1.0,0,0,1,0.0,3,0.018151611
2040-04-05,16.30944793891347,0.9845833744995068,0,298.31491366879396,14.137120454930098,0,-24.533152212884087,353.97891464877966,1.5478003586657607,0,1.73833427312763,1.2365000302614089,0,107.3535802275455,0.4256533388189555,0,24.630781445963528,174.4915250701796,-0.11298013053117428,1,188.0739846407434,-0.076810776485353,1,119.29992251716153,-0.00035947416164730696,1,32.641594429493175,0.03649514633658177,0,326.5686171698671,0.02051693510895559,0,64.96958059309748,-0.02762547690235808,1,Rahu,Mars,3.5,CLEAR,1030.8647804225004,-1.588752085396436,0,0,-28.0,327.7922061357856,0,155.4323902112502,-0.10168211747805686,-0.0691296988368177,0.4682186727008511,1.1907814459635269,1.0,0,0,1,0.0,3,0.014422548
2040-04-12,23.18894676603501,0.9809110479331813,0,34.24301568057071,12.906457170713024,0,10.493046437926987,5.435590188411349,1.725585376252683,0,10.390615156868092,1.2355272317483748,0,110.4218509605157,0.45045548789149475,0,24.073017884909216,173.7452914600762,-0.09960191108252256,1,187.5461199481581,-0.0736209585683545,1,119.3192599615444,0.005928011462558214,0,32.89990840452443,0.037276735524081284,0,326.7039305421049,0.018143366446843903,0,64.29428465496224,-0.07061795681302414,1,Rahu,Mars,3.5,CLEAR,1029.2924230872673,-1.5723573352331641,0,0,-20.0,327.7922061357856,0,154.64621154363365,-0.08964171997427031,-0.06625886271151905,0.49550103668064427,0.633017884909215,1.0,0,0,1,0.0,2,0.014512109
2040-04-19,30.041006238917674,0.9767431509440653,0,119.30159438696025,11.897854155464332,0,24.469315832926174,18.149674934278448,1.90788837134051,0,19.0349769981496,1.2342323689512273,0,113.65170223504718,0.4717304270051918,0,23.42896199262339,173.10452998294525,-0.08306717590020517,1,187.04813023312815,-0.06838450515592166,1,119.3829702588361,0.01222341462907059,0,33.162678191768,0.0377019820065374,0,326.8223809872669,0.01564145042413864,0,64.30429895499836,0.005862508827381107,0,Rahu,Mars,3.5,CLEAR,1027.7709040827203,-1.5215190045469171,0,0,-240.0,327.7922061357856,0,153.88545204136014,-0.07476045831018466,-0.0615460546403295,0.518903469705711,0.0,1.0,0,0,1,0.0,2,0.015579413
2040-04-26,36.86347945845997,0.9726582014226139,0,208.90072474056507,13.947651656210024,0,-8.272193498872475,32.128049470459004,2.0801810520345794,0,27.669813480032467,1.2329421913607492,0,117.01813655278433,0.48964126314912965,0,22.694809664171206,172.5870856076154,-0.06446956251769102,1,186.59239719123485,-0.06155000236220366,1,119.48972574305641,0.018266697053044224,0,33.426457774072986,0.03765236046660272,0,326.922339310426,0.012922383801486685,0,63.923087753205564,-0.055635546910221836,1,Rahu,Mars,3.5,CLEAR,1026.3318788343236,-1.4390252483967743,0,0,-280.0,327.7922061357856,0,153.16593941716187,-0.05802260626592192,-0.0553950021259833,0.5386053894640427,0.0,1.0,0,0,1,0.0,2,0.015220744
2040-05-03,43.66092355586503,0.9695777996664061,0,309.28390206354425,14.136891874960865,0,-22.532796754612402,47.06604686254836,2.1616419636344286,0,36.29768587137589,1.2321846724128616,0,120.50168485494412,0.5053466493293572,0,21.86827649926587,172.20541961843026,-0.04443214243711531,1,186.18993309254557,-0.05327168378473446,1,119.6384971558242,0.024154506988416626,0,33.68916938132859,0.03729782435758355,0,327.0033701134898,0.01015873921593764,0,63.93612726961768,0.004143625957191728,0,Rahu,Mars,3.5,CLEAR,1025.001527422434,-1.3303514118895237,0,0,-255.0,327.7922061357856,0,152.500763711217,-0.03998892819340378,-0.04794451540626101,0.555881314262293,0.0,1.0,0,0,1,0.0,2,0.014726179
2040-05-10,50.43807132630192,0.9667409270890464,0,42.99280912141853,12.591534012108628,0,13.950772429951789,61.892031793736585,2.0354058419360093,0,44.92033066624208,1.2314294692719332,0,124.08969708483897,0.5195964867910564,0,20.948358550470296,171.9672521303369,-0.02344280675611029,1,185.84939515632635,-0.04378072609099171,1,119.82715734820447,0.02974373759264409,0,33.94752888811987,0.03649383900450908,0,327.06407340716373,0.007211521894247335,0,63.74949405875514,-0.017514088626967208,1,Rahu,Mars,3.5,CLEAR,1023.803732536413,-1.197794886021029,0,0,-135.0,327.7922061357856,0,151.90186626820648,-0.02109852608049926,-0.03940265348189254,0.5715561354701622,0.0,1.0,0,0,1,0.0,2,0.015093149
2040-05-17,57.194438538405635,0.9635745137749735,0,127.36674182108062,11.896302302601784,0,23.003246556388806,75.11896054691366,1.7229556506424504,0,53.537174711946676,1.2304693263537103,0,127.77217561847223,0.5322087701265323,0,19.93473486463964,171.87823226153984,-0.002019925882632216,1,185.57949653176078,-0.03322518499087401,1,120.05416623326353,0.035017737723796426,0,34.199220428210374,0.03532185050187201,0,327.1042991554406,0.004245280576917993,0,63.800062067990275,0.01400921934101032,0,Rahu,Mars,3.5,CLEAR,1022.7605522071008,-1.0431803293122357,0,0,25.0,327.7922061357856,0,151.38027610355041,-0.0018179332943689946,-0.029902666491786613,0.5854296471391857,0.0,1.0,0,0,1,0.0,2,0.016134892
2040-05-24,63.928215627306955,0.9604792480205997,0,217.05759731700348,14.11419086924473,0,-11.611963857145245,85.84558129475474,1.3348814452916167,0,62.14685705918911,1.2295163434062606,0,131.53652030426056,0.5430938453938899,0,18.829434602900026,171.93812826334735,0.019069931425724895,0,185.3856014048361,-0.022063409830244785,1,120.31626909699904,0.03982828046900153,0,34.44104765734433,0.03374842164714716,0,327.1233637693678,0.0012387456655685173,0,63.79660923837013,-0.003029864468884176,1,Rahu,Mars,3.5,CLEAR,1021.8891074949836,-0.8714447121171816,0,0,-220.0,327.7922061357856,0,150.9445537474918,0.017162938283152407,-0.019857068847220306,0.597403229933279,0.0,1.0,0,0,1,0.0,1,0.015061971
2040-05-31,70.64391286184664,0.9584436533809587,0,319.7670033334797,14.309426093886573,0,-19.746711159890285,93.71526959112936,0.9055815950991222,0,70.7521647405678,1.2293306459950495,0,135.37317193186436,0.5529464133550238,0,17.635477781556848,172.14376841188326,0.03950947249704699,0,185.2716065096645,-0.010516679870265043,1,120.61097537654405,0.04424752988168047,0,34.67116595971175,0.031886264608276114,0,327.12195401261783,-0.0016972530483483786,1,63.768304006215594,-0.007990600878770779,1,Rahu,Mars,3.5,CLEAR,1021.2008810999055,-0.688226395078118,0,0,-60.0,327.7922061357856,0,150.60044054995276,0.03555852524734229,-0.009465011883238538,0.6082410546905263,0.0,1.0,0,0,1,0.0,2,0.011400494
2040-06-07,77.3479777083583,0.9570462902464346,0,52.187036028772695,12.300600609679318,0,17.281357527153965,98.38394416707621,0.4174542675242595,0,79.35548102450997,1.229025876225651,0,139.27698050780504,0.5623824281609922,0,16.356197704437715,172.4897039099873,0.05924234234796255,0,185.2390369813638,0.0012885585275790707,0,120.93478533961556,0.04823619564347756,0,34.886661114159075,0.02966773593120444,0,327.09965621654993,-0.004619896246660234,1,63.82052167879375,0.009353897904037263,0,Rahu,Mars,3.5,CLEAR,1020.7047517344095,-0.49612936549601727,0,0,-160.0,327.7922061357856,0,150.35237586720473,0.0533181081131663,0.0011597026748211637,0.6186206709770914,0.0,1.0,0,0,1,0.0,1,0.009267737
2040-06-14,84.04201639859342,0.9554655567713194,0,135.85547631864725,11.910564995051061,0,20.84461597236798,99.45549391314887,-0.11020257253173031,1,87.9579090232427,1.2287398726230712,0,143.2447375755248,0.5710793180282705,0,14.99499273933607,172.97085898677977,0.07800755841831873,0,185.28975180471647,0.013155562614128655,0,121.28506904394868,0.051725293270101634,0,35.08568883548074,0.02711468050113214,0,327.0574928875864,-0.007434009797846524,1,63.62192989995622,-0.03914464345217434,1,Rahu,Mars,3.5,CLEAR,1020.4081259384715,-0.29662579593798455,0,0,-160.0,327.7922061357856,0,150.20406296923574,0.07020680257648686,0.011840006352715789,0.6281872498310976,0.0,1.0,0,0,1,0.0,1,0.010298852
2040-06-21,90.72450169306182,0.9539114057286298,0,225.22369841469518,14.087132342402452,0,-14.815822285405352,97.11082906393518,-0.5167243099451363,1,96.55746948461736,1.2283159225235682,0,147.26993389654268,0.5788713272887821,0,13.557206044122717,173.57878086679673,0.09549254913480376,0,185.42264416838603,0.024793752733571477,0,121.65764085648269,0.05467178792553319,0,35.265576989403215,0.024278929464523123,0,326.99591035111894,-0.010090836531250987,1,63.597296895730956,0.017138810889655527,0,Rahu,Mars,3.5,CLEAR,1020.3141343579657,-0.09399158050575807,0,0,40.0,327.7922061357856,0,150.1570671789828,0.0859432942213234,0.02231437746021433,0.6367584600176603,0.0,1.0,0,0,1,0.0,1,0.06529144
2040-06-28,97.39917665384165,0.9533134583528189,0,329.4184988358113,14.556001980206444,0,-16.524747779762656,93.14597530386739,-0.5360172436712922,1,105.15515954271541,1.2282023980448273,0,151.34775414888972,0.5861480293974428,0,12.048775962702427,174.30465241004532,0.11163354768080082,0,185.63597562484483,0.036029999920019165,0,122.04934224784834,0.05710027294926595,0,35.42513555441651,0.021208667880093134,0,326.91675458087474,-0.012556963288834095,1,63.31711413116231,-0.06435515995171087,1,Jupiter,Jupiter,0.0,CLEAR,1020.4216801408566,0.10754578289083838,0,0,-132.0,327.7922061357856,0,150.21084007042833,0.10047019291272073,0.03242699992801725,0.6447628323371871,0.0,1.0,0,0,1,0.0,1,0.050970774
2040-07-05,104.07330554004098,0.9536602263218642,0,61.497673019763994,12.101145795502784,0,20.298826876609777,90.62970734735839,-0.1285964790100362,1,113.75330721520929,1.2284403688983296,0,155.47650073420158,0.5935232618012861,0,10.475337916490252,175.13926802402193,0.1266770033415642,0,185.92640902293374,0.046921429535103816,0,122.45609478418862,0.0590631764708567,0,35.562113573457424,0.017924647043135202,0,326.8207040343179,-0.014809790503927608,1,63.28153727418255,0.0034639845179028905,0,Jupiter,Jupiter,0.0,CLEAR,1020.7285908989527,0.3069107580961372,0,0,-292.0,327.7922061357856,0,150.36429544947632,0.11400930300740779,0.04222928658159344,0.6528755879814148,0.0,1.0,0,0,1,0.0,1,0.16900326
2040-07-12,110.75011265475071,0.9539330799281904,0,144.7748939995607,11.978097454716954,0,18.030841215381923,91.77386307066679,0.46623547943889687,0,122.3525124166759,1.228376708097558,0,159.65629782630808,0.6006009277451675,0,8.842171969923434,176.07511211022964,0.1404595153837818,0,186.29155293869334,0.057278008930286665,0,122.87475035468238,0.06042691926386758,0,35.675417091750134,0.014389595441695912,0,326.7098752744274,-0.016832935047314757,1,62.62936222635861,-0.13339802527948746,1,Jupiter,Jupiter,0.0,CLEAR,1021.2322716938863,0.5036807949336435,0,0,-232.0,327.7922061357856,0,150.61613584694322,0.12641356384540361,0.051550208037258,0.6606610205196843,0.0,1.0,0,0,1,0.0,1,0.18304667
2040-07-19,117.42821701951662,0.9541584331754508,0,233.91195776226897,13.93583205689115,0,-18.022996395454932,97.15365328236538,1.064261678925069,0,130.94964202369522,1.227923667054859,0,163.8838076638069,0.6072124389745374,0,7.156324349872294,177.10258848565255,0.1529129057941469,0,186.7267893657509,0.06699129007451185,0,123.30078495977058,0.06124173488788676,0,35.76330636829781,0.010744310490781037,0,326.585819779433,-0.01851506859459584,1,62.29206430017766,0.009364341401228764,0,Jupiter,Jupiter,0.0,CLEAR,1021.9269659949061,0.6946943010198083,0,0,-470.0,327.7922061357856,0,150.9634829974531,0.1376216152147322,0.060292161067060666,0.6679336828719912,0.0,1.0,0,0,1,0.0,1,0.18182245
2040-07-26,124.11003677299875,0.9551031411199793,0,338.23927699491617,14.74270724670363,0,-13.142370033621434,106.52488921104595,1.596871270294792,0,139.54317597226546,1.227366949997255,0,168.15651965577524,0.6135243040412482,0,5.4253692831953515,178.2127245683346,0.16401831220732646,0,187.22758432608438,0.075918825517298,0,123.73062188190448,0.06137616234446859,0,35.82556013939586,0.006971541659839773,0,326.45133761161475,-0.019914049102165907,1,61.674299168313475,-0.13729120682391666,1,Jupiter,Jupiter,0.0,CLEAR,1022.8040483733771,0.8770823784709592,0,0,-310.0,327.7922061357856,0,151.40202418668852,0.14761648098659383,0.06832694296556821,0.6748767344453731,0.0,1.0,0,0,1,0.0,1,0.22864021
2040-08-02,130.80266224093356,0.9571803541601008,0,70.58267253652757,12.011057243418401,0,22.83372805612092,119.13435115526524,1.9666480976536103,0,148.13381961712358,1.2271257257302959,0,172.47429875239766,0.6201892890234258,0,3.656422016541724,179.3968020979068,0.17414493967263484,0,187.7885046869003,0.08426304827811822,0,124.16036714871547,0.06123387812816149,0,35.86103760245159,0.0031804083872905733,0,326.3080467370703,-0.020938529572587093,1,61.384919299351346,-0.017778321730055106,1,Jupiter,Jupiter,0.0,CLEAR,1023.8549341688973,1.0508857955202302,0,0,-160.0,327.7922061357856,0,151.92746708444872,0.15673044570537137,0.0758367434503064,0.6822082179257685,0.0,1.0,0,0,1,0.0,1,0.24137428
2040-08-09,137.51041773418677,0.9592587952013206,0,153.92515375474926,12.11980604694276,0,14.717310170192135,133.4128290949843,2.0682871559383647,0,156.72195712123678,1.2265184664025208,0,176.8388939374094,0.6267802579980122,0,1.8560916251691044,180.6479095621056,0.18309421288401928,0,188.40532005996207,0.09181456506221217,0,124.58632973503998,0.06034639005562032,0,35.869741473020866,-0.0007155831050149689,1,326.158807357254,-0.021656572816221725,1,60.35697242076491,-0.21312979700344947,1,Jupiter,Jupiter,0.0,CLEAR,1025.0711571738823,1.216223004984954,0,0,-256.0,327.7922061357856,0,152.5355785869412,0.16478479159561735,0.08263310855599096,0.6894582837978135,0.0,1.0,0,0,1,0.0,2,0.25429544
2040-08-16,144.23190163748416,0.9611812486822393,0,243.4279966539942,13.781035201402238,0,-21.15743103045681,147.6279583630269,1.9734451143950928,0,165.30382661449167,1.2253757955131592,0,181.24871055035945,0.6331450805944092,0,0.03281416926049678,181.95747347726834,0.1908992933780463,0,189.07212191187273,0.09859079995838613,0,125.00402181494516,0.05893528951289037,0,35.85132684727666,-0.0044917563606097785,1,326.00594886766294,-0.021910495134479974,1,59.718896678245166,-0.0017791407872377865,1,Jupiter,Jupiter,0.0,CLEAR,1026.4415901291923,1.3704329553099797,0,0,-310.0,327.7922061357856,0,153.22079506459608,0.17180936404024166,0.08873171996254751,0.6964595886538502,0.0,1.0,0,0,1,0.0,2,0.23037788
2040-08-23,150.9677568469438,0.963488485980143,0,346.56116895295673,14.742225746262044,0,-9.697053318562398,160.90689985643473,1.8179110984358935,0,173.87606179448687,1.2237976526097276,0,185.70225410979725,0.6392752221623198,0,-1.8042445168782557,183.31756960464932,0.19748643723491055,0,189.78332969878392,0.10443274431104965,0,125.40991564020472,0.05690361373387658,0,35.806892063147345,-0.008228934256775403,1,325.8527117802858,-0.02185717074220205,1,58.92925530022349,-0.17805475841980137,1,Jupiter,Jupiter,1.0,CLEAR,1027.9528752712731,1.511285142080851,0,0,-110.0,327.7922061357856,0,153.97643763563656,0.1777377935114195,0.09398946987994469,0.7032027443785518,0.0,1.0,0,0,1,0.0,2,0.26253808
2040-08-30,157.72392153954073,0.9669622912058133,0,79.20800346257288,12.007816857680998,0,24.778445837968025,173.08610151106663,1.6637647553107886,0,182.43814870175473,1.2225526301062284,0,190.19998354833925,0.6458620805733638,0,-3.6461861700319402,184.72067180243653,0.20326509084262165,0,190.53292811008023,0.10963089790574423,0,125.79992321484974,0.05445118795236905,0,35.736856226153186,-0.011740378164817806,1,325.7011932439258,-0.021352286706719334,1,58.50584279502814,-0.017736328801769858,1,Jupiter,Jupiter,3.0,CLEAR,1029.5921437678542,1.6392684965810531,0,0,-190.0,327.7922061357856,0,154.79607188392706,0.18293858175835948,0.09866780811516981,0.7104482886307002,0.0,1.0,0,0,1,0.0,2,0.25170654
2040-09-06,164.50519168480056,0.9704835535298119,0,162.97673375007588,12.322220365636507,0,11.146910497611627,184.22404213685894,1.5195665792860076,0,190.9911292854685,1.2210735825171815,0,194.7442964241237,0.6524832312372199,0,-5.484554053251693,186.16065298359524,0.20796336913716412,0,191.31596262233197,0.1139323290389622,0,126.17057396630887,0.05133541509163334,0,35.64264454595894,-0.015154033648968526,1,325.554367507171,-0.020546398126147055,1,57.51235593036785,-0.21357815052930545,1,Jupiter,Jupiter,1.0,CLEAR,1031.346636152746,1.7544923848918188,0,0,-190.0,327.7922061357856,0,155.67331807637302,0.18716703222344772,0.10253909613506598,0.7177315543609419,0.0,1.0,0,0,1,0.0,2,0.2869599
2040-09-13,171.31000408837693,0.973705471812834,0,253.74652456969295,13.743050892509626,0,-23.911439581367596,194.35625358164745,1.3733021498520526,0,199.53209432650405,1.2191096381788988,0,199.33456013113528,0.6589992174343168,0,-7.308892503363381,187.6298617139443,0.2116518287565282,0,192.12615841360267,0.11742684589801486,0,126.5176055281329,0.047758286715775616,0,35.52566441222509,-0.018182415942187644,1,325.41473404738645,-0.019253958962479067,1,56.892752275404,0.008770950145067633,0,Jupiter,Jupiter,0.0,CLEAR,1033.2009880027551,1.8543518500091523,0,0,-540.0,327.7922061357856,0,156.60049400137757,0.19048664588087538,0.10568416130821337,0.7248991391777485,0.0,1.0,0,0,1,0.0,2,0.2597216
2040-09-20,178.1368285020912,0.9769074788647766,0,354.9259782267028,14.495731352719561,0,-6.103325044764705,203.38460290450104,1.1982343523250008,0,208.05689622312278,1.216488154268889,0,203.96949442465774,0.665257185716309,0,-9.107701853401412,189.12092153432715,0.214181195383886,0,192.95744538543013,0.1199159062083488,0,126.83766939947346,0.04358521225612079,0,35.38851925697111,-0.02097211659366299,1,325.28522786887936,-0.017725588131790638,1,56.269968099121,-0.15105215785073545,1,Jupiter,Jupiter,0.0,CLEAR,1035.1378522569182,1.9368642541630834,0,0,-190.0,327.7922061357856,0,157.56892612845903,0.1927630758454974,0.10792431558751392,0.7317829042879399,0.0,1.0,0,0,1,0.0,2,0.28867364
2040-09-27,184.98958956895495,0.9811385986473641,0,87.33565545200962,12.044803262199224,0,26.086198620911013,210.95012882957792,0.943613340547498,0,216.56398991130433,1.2141594431130514,0,208.64956879739654,0.6719716027693469,0,-10.869411226229108,190.6269506698393,0.21597101216411324,0,193.8036823576005,0.12173773484528289,0,127.12726118727416,0.03907997474668825,0,35.23337926841953,-0.023287241272034638,1,325.16776521466437,-0.015778864943600486,1,55.974542106292844,0.012349391287652983,0,Jupiter,Jupiter,0.0,CLEAR,1037.1406061783618,2.0027539214436274,0,0,58.0,327.7922061357856,0,158.57030308918098,0.19437391094770193,0.1095639613607546,0.7391687630462817,0.0,1.0,0,0,1,0.0,2,0.2756447
2040-10-04,191.87278164294784,0.9854312273504278,0,171.60222963285196,12.529942868929641,0,7.5646222061169075,216.1770388046756,0.5074207223167448,0,225.05478097409662,1.2117248589981517,0,213.37715886698788,0.6787552825495748,0,-12.582752795933068,192.1418681666955,0.21661854653473794,0,194.65941903842915,0.12259523999743868,0,127.38330224522399,0.03398639665198572,0,35.063097293235856,-0.025297871154941302,1,325.0646830637538,-0.013631677362509345,1,55.43172799829137,-0.13392351800409624,1,Jupiter,Jupiter,0.0,CLEAR,1039.1926434903864,2.052037312024595,0,0,-178.0,327.7922061357856,0,159.59632174519328,0.19495669188126416,0.11033571599769482,0.7466308108045324,0.0,1.0,0,0,1,0.0,2,0.28607568
2040-10-11,198.78461989716607,0.9892667622442064,0,264.4966597255174,13.902457649109616,0,-25.874686078268613,217.27698676644695,-0.25533443295463304,1,233.5271018795686,1.2087956293126874,0,218.1520898656954,0.6854728551672279,0,-14.234413537158286,193.65813793602044,0.2163833804967605,0,195.51809749030375,0.12261500896741045,0,127.60243154312543,0.02857726351607309,0,34.880747041555736,-0.026693951287999323,1,324.97795664469203,-0.01108532991118783,1,55.10332428265578,0.028385584680022207,0,Jupiter,Jupiter,0.0,CLEAR,1041.274700897496,2.0820574071094597,0,0,-178.0,327.7922061357856,0,160.637350448748,0.19474504244708446,0.11035350807066942,0.7540201406839507,0.0,1.0,0,0,1,0.0,2,0.27478084
2040-10-18,205.721145902455,0.9926329982619594,0,3.842443326922505,14.058348740500428,0,-2.1914832583197974,212.1917118639364,-1.1405961661313455,1,241.9750274489548,1.2047631511203816,0,222.9727272599802,0.6918463630667694,0,-15.809928344337743,195.16811904324567,0.2148689873499012,0,196.37326158218656,0.12156336900076337,0,127.78213723537488,0.02271402867016476,0,34.690116193254696,-0.027694655703723255,1,324.90947988824877,-0.008461344328948265,1,54.86328278795718,-0.07673904031964217,1,Jupiter,Jupiter,0.0,CLEAR,1043.366290777864,2.0915898803680193,0,0,-310.0,327.7922061357856,0,161.68314538893185,0.19338208861491107,0.10940703210068703,0.7610309993734464,0.0,1.0,0,0,1,0.0,2,0.29443574
2040-10-25,212.68364583428354,0.996742305957429,0,95.15790806480697,12.070673102521665,0,26.740842682072415,204.09248204965138,-0.8887777139937477,1,250.39359786170422,1.2005144397452034,0,227.83911388758727,0.6985945668454842,0,-17.294633749493215,196.66468090635945,0.2125506828005294,0,197.21857169449794,0.11980366937457444,0,127.92033348752346,0.016718429768977534,0,34.49470555719294,-0.028059238591502868,1,324.8603747916649,-0.005551289847530072,1,54.781937489961436,0.026856658095395964,0,Jupiter,Jupiter,0.0,CLEAR,1045.44773227461,2.081441496746038,0,0,-438.0,327.7922061357856,0,162.723866137305,0.19129561452047647,0.107823302437117,0.7684540235300327,0.0,1.0,0,0,1,0.0,2,0.2741444
2040-11-01,219.675538787596,1.000891737515817,0,179.67172879620043,12.659262593807354,0,4.087581200675134,202.2623429880732,0.3781704733738016,0,258.7810604171573,1.1957911191167645,0,232.75307796147104,0.7053901107678284,0,-18.674328819544673,198.14095189357894,0.20904280840017814,0,198.0480142565563,0.11701632921509264,0,128.01523877975444,0.010360168000645356,0,34.29816237416242,-0.028003710168565458,1,324.83173796065313,-0.0026106045663993023,1,54.7027267167019,-0.035961579878008146,1,Jupiter,Jupiter,0.0,CLEAR,1047.685579038833,2.23784676422315,0,0,-310.0,327.7922061357856,0,163.7498518823939,0.18813852756016033,0.10531469629358338,0.7759291218446114,0.0,1.0,0,0,1,0.0,2,0.28497744
2040-11-08,226.69490211605302,1.004460446643257,0,275.0539542921011,14.272429259592888,0,-26.765754050240144,208.1827293768956,1.199654691058925,0,267.1324591643277,1.1900308057668625,0,237.71451225864715,0.7120968531345461,0,-19.93331343214534,199.58876791862633,0.20440524026568674,0,198.85486794199988,0.11334599751962349,0,128.06544258246845,0.003977125581214696,0,34.104436213205155,-0.027242329813247698,1,324.8245120152581,0.0005628809037592841,0,54.63580192593542,0.013111853415438192,0,Jupiter,Jupiter,0.0,CLEAR,1050.968663410842,3.2830843720089433,0,0,-310.0,327.7922061357856,0,164.75043172879472,0.18396471623911806,0.10201139776766115,0.7833065384480007,0.0,1.0,0,0,1,0.0,1,0.27560857
2040-11-15,233.73548784195796,1.0071122759160887,0,13.509662142319925,13.57505492812315,0,2.121602518896518,217.81261784416753,1.4930418684598992,0,275.4357873648136,1.1819975252381487,0,242.7210199361728,0.71832518972448,0,-21.055455092499525,200.99917880859994,0.1983943278549264,0,199.63201485454326,0.10855876848540018,0,128.07038624880036,-0.0025387549687932954,1,33.91751053943002,-0.02606584600992927,1,324.83910106991283,0.003613033705998077,0,54.65078679749526,-0.0034670730141792196,1,Jupiter,Jupiter,0.0,CLEAR,1054.16333653834,3.1946731274979356,0,0,-406.0,327.7922061357856,0,165.71450431511323,0.17855489506943376,0.09770289163686016,0.790157708696928,0.0,1.0,0,0,1,0.0,2,0.26117364
2040-11-22,240.7956968628255,1.0101392297141496,0,103.02894526260908,12.05097156069398,0,26.730094917694665,228.5857129910219,1.5655763967771656,0,283.6766392631523,1.1722432803709133,0,247.77183103048304,0.7247788123654968,0,-22.025123105082113,202.36420360910537,0.1914019247219065,0,200.37314383001606,0.10302637698256703,0,128.03059372239457,-0.00882906202861913,1,33.741118027860786,-0.024269963843852802,1,324.8755022777168,0.006762746384534585,0,54.62386252434884,-0.016428414770883304,1,Jupiter,Jupiter,0.0,CLEAR,1057.2461711624892,3.0828346241492,0,0,-406.0,327.7922061357856,0,166.63202580215528,0.17226173224971586,0.09272373928431032,0.7972566936020465,0.0,1.0,0,0,1,0.0,2,0.24931026
2040-11-29,247.87739375455337,1.013166583920262,0,187.41771593571227,12.656116355413268,0,0.6159918325054456,239.5845700151062,1.5723987447837247,0,291.84261705766636,1.1605347297631938,0,252.86781234869738,0.7312111399191703,0,-22.828195676388635,203.67550160175267,0.18303172802880852,0,201.07185190109584,0.0964474854099239,0,127.94679026561829,-0.01507224071299294,1,33.57850172306098,-0.022104308995432222,1,324.9333330491728,0.009757121547757774,0,54.594656983892946,0.02187211349868744,0,Jupiter,Jupiter,0.0,CLEAR,1060.1939997573836,2.9478285948944176,0,0,-406.0,327.7922061357856,0,167.49335017803486,0.16472855522592766,0.08680273686893152,0.8043322539110874,0.0,1.0,0,0,1,0.0,2,0.30864763
2040-12-06,254.97880816516727,1.0155857776361041,0,284.77546956324903,14.765640965181547,0,-26.624412271029353,250.57792341170153,1.568890424107454,0,299.91800160220475,1.1460751277546237,0,258.00860044686726,0.7374870953213156,0,-23.450702383943295,204.92366001723772,0.1733215233728724,0,201.72148980836766,0.08898495731529382,0,127.82070307583335,-0.020895770876172302,1,33.4332132138957,-0.019337977361235048,1,325.0123608410576,0.01279374059415346,0,54.56203206404994,-0.04636934992769616,1,Jupiter,Jupiter,0.0,CLEAR,1062.980893606684,2.7868938493004407,0,0,-350.0,327.7922061357856,0,168.28827659447197,0.15598937103558516,0.08008646158376444,0.8112358048534473,0.01070238394329337,1.0,0,0,1,0.0,2,0.3231634
2040-12-13,262.092181876326,1.0167292052058137,0,23.685492736962647,13.202949525970052,0,6.6984186229762654,261.56670830702444,1.572710159397074,0,307.8757449745555,1.1267008996629841,0,263.1908098042346,0.7431224528355211,0,-23.880267410501588,206.09809974361679,0.1620476988352008,0,202.3149040604472,0.08045653863027827,0,127.65482719887477,-0.026373158657286292,1,33.30814790043226,-0.01630613543427755,1,325.1114755633797,0.015522451567026243,0,54.45523676572959,0.02858258265690086,0,Jupiter,Jupiter,0.0,CLEAR,1065.579903686369,2.5990100796850584,0,0,-122.0,327.7922061357856,0,169.00675616001493,0.14584292895168072,0.07241088476725044,0.8174346981190733,0.4402674105015869,1.0,0,0,1,0.0,2,0.31967694
2040-12-20,269.2133152899132,1.0178878715945674,0,111.26494199373717,11.98781672913646,0,26.04417399506428,272.62488595659767,1.588662605103371,0,315.6797438153964,1.1020896898011854,0,268.4123662648005,0.7487731026650324,0,-24.10666745777988,207.18971150723826,0.14959236313694468,0,202.84642844597911,0.07125083289859577,0,127.45317422779037,-0.031168893341817536,1,33.205996200399994,-0.012859026746877592,1,325.2295898982123,0.0181653339029791,0,54.21901307330138,-0.11181268056454878,1,Jupiter,Jupiter,0.0,CLEAR,1067.9674306136767,2.38752692730759,0,0,-262.0,327.7922061357856,0,169.64043224557912,0.1346331268232502,0.0641257496087362,0.8236504129315357,0.6666674577798801,1.0,0,0,1,0.0,2,0.27734455
2040-12-27,276.3425901733017,1.019036485005946,0,195.36047692153554,12.557209794039608,0,-3.0815834947196254,283.8253731076553,1.6116210793402834,0,323.29112672930523,1.0715171809656576,0,273.6731802606452,0.7543037381415747,0,-24.12286679951835,208.18874608653164,0.13560597841469482,0,203.31023516850183,0.06114361259972241,0,127.21964070678712,-0.03542513597257372,1,33.12844640249663,-0.009240495687940296,1,325.3650095286194,0.020505943357676682,0,53.73644771363315,0.02058516356240556,0,Jupiter,Jupiter,0.0,CLEAR,1070.12059936807,2.1531687543933913,0,0,-262.0,327.7922061357856,0,170.1817887660052,0.12204538057322534,0.055029251339750174,0.8297341119557322,0.6828667995183473,1.0,0,0,1,0.0,2,0.2589296
2041-01-03,283.4789197945666,1.0196909406933135,0,293.4059483517663,15.180971562507132,0,-25.761870054314567,295.15725734555826,1.6201898598233193,0,330.6635205975155,1.0332946502439773,0,278.9722276615135,0.7595799073158576,0,-23.924109895429122,209.08486875594403,0.12013559888543662,0,203.70094614376106,0.05033638485714135,0,126.95940100638393,-0.03880996030925334,1,33.0775883376672,-0.005277887331080957,1,325.51654756502126,0.02272577417208247,0,53.503742155538355,-0.12795467836654592,1,Jupiter,Jupiter,0.0,CLEAR,1072.0145608365538,1.893961468483667,0,0,-30.0,327.7922061357856,0,170.62335780609385,0.10812203899689296,0.04530274637142721,0.8355378980474434,0.4841098954291212,1.0,0,0,1,0.0,2,0.28686208
2041-01-10,290.6144341173986,1.018907202349255,0,33.79763460529791,13.039256844018274,0,11.197361010201819,306.32730259961875,1.54784498915565,0,337.72898584405687,0.98312856189171,0,284.30507672609696,0.7640454192467908,0,-23.50914405735731,209.86670295091562,0.10307939599912952,0,204.01294252590375,0.038771936242131745,0,126.67793975653473,-0.04140362790833815,1,33.0543679625965,-0.0012991502341988784,1,325.68192383807053,0.024517266160594655,0,52.994609182518595,0.015124442160586237,0,Jupiter,Jupiter,0.0,CLEAR,1073.6246699766384,1.6101091400846599,0,0,-190.0,327.7922061357856,0,170.95857456330725,0.09277145639921656,0.03489474261791857,0.84044996117147,0.06914405735730966,1.0,0,0,1,0.0,2,0.11926389
2041-01-17,297.7431904196464,1.0178607749823034,0,119.92797068544442,11.914311930983756,0,24.702524529174045,316.23812438288167,1.2165763610529527,0,344.3919685933353,0.9177675012889966,0,289.6684751589626,0.7682993601607655,0,-22.88005194846614,210.52537250967296,0.08487618047562054,0,204.24303749658714,0.02687697805285922,0,126.38214045194238,-0.04298820559548759,1,33.059701696147364,0.0027940843457435163,0,325.8593037632193,0.026082167570997034,0,52.40982408756717,-0.21010184179934963,1,Jupiter,Jupiter,0.0,CLEAR,1074.931341627051,1.3066716504126816,0,0,-115.0,327.7922061357856,0,171.18333580043978,0.07638856242805848,0.0241892802475733,0.8451292961768421,0.0,1.0,0,0,1,0.0,1,0.011527884
2041-01-24,304.8646526087869,1.0168704357497402,0,203.95793152847034,12.47661362156734,0,-7.129834197520464,322.0165693407017,0.3212577765393385,0,350.5337599304107,0.8335007383678082,0,295.0607248069227,0.7723250855797952,0,-22.042407643759994,211.0518123988531,0.06534491437627814,0,204.3881983666471,0.014569761627101174,0,126.07804530029576,-0.04371649770333337,1,33.09326301118232,0.00681481369658988,0,326.04613653185703,0.027272016426434356,0,51.33993201670599,-0.014177327656473794,1,Jupiter,Jupiter,0.0,CLEAR,1075.9170987753416,0.9857571482905314,0,0,-115.0,327.7922061357856,0,171.29493535546476,0.058810422938650325,0.013112785464391057,0.8495575941377748,0.0,1.0,0,0,1,0.0,1,0.008245743
2041-01-31,311.9790685864555,1.0156382408796087,0,301.3972157461649,15.306195780869217,0,-24.443695483412217,319.7631996173651,-0.9245880230955621,1,356.0035487670983,0.7243925896132596,0,300.4803820682987,0.7759932813310869,0,-21.004098273797663,211.43761612533177,0.044657469810875844,0,204.44679536304386,0.002116514202933878,0,125.7727142718527,-0.04338588508457396,1,33.155368714966656,0.010885294898079465,0,326.24072200527803,0.02823557605008746,0,50.91230533554791,-0.18409887798659602,1,Jupiter,Jupiter,0.0,CLEAR,1076.5644948207303,0.647396045388632,0,0,-24.0,327.7922061357856,0,171.29142664807722,0.04019172282978826,0.0019048627826404902,0.8535926094641957,0.0,1.0,0,0,1,0.0,1,0.008826998
2041-02-07,319.08003679384063,1.013067036515759,0,43.26058476897291,13.079003582669118,0,15.24416848276073,311.74780559596235,-1.097145026170364,1,0.5917622399887003,0.57960208631687,0,305.9221396322552,0.7787188711679225,0,-19.77661888650006,211.67461919051567,0.023027213641491167,0,204.4176073904936,-0.010351703301443955,1,125.47265967129007,-0.042123737383315506,1,33.24497118097702,0.014738084795986444,0,326.44014752379684,0.02873632361719517,0,50.09425854907457,-0.0023749721293419572,1,Jupiter,Jupiter,0.0,CLEAR,1076.8592960190772,0.2948011983469314,0,0,-152.0,327.7922061357856,0,171.17263620951658,0.02072449227734205,-0.00931653297129956,0.8565907582847148,0.0,1.0,0,0,1,0.0,2,0.008367244
2041-02-14,326.1610979603713,1.0100653639727708,0,128.78902901287026,11.867606426549132,0,22.785692020951146,306.8981767384501,-0.23931555284329517,1,4.010240643132982,0.3888077021744993,0,311.3814422333048,0.780997864532015,0,-18.373829933586276,211.75930538613179,0.00110062902094402,0,204.3029027803293,-0.02237309979140778,1,125.18520813823592,-0.03989409412979169,1,33.36128528843828,0.01842464876580752,0,326.64230155237254,0.028934427330131778,0,49.409794743989124,-0.2352131639968804,1,Jupiter,Jupiter,0.0,CLEAR,1076.796040195387,-0.06325582369026961,0,0,-122.0,327.7922061357856,0,170.941617491891,0.000990566118849618,-0.020135789812267,0.8590976509852166,0.0,1.0,0,0,1,0.0,2,0.008114164
2041-02-21,333.22148130610384,1.0072648363001064,0,213.27748488707545,12.524131520654985,0,-11.380392518239011,308.0269076579708,0.5057323532876435,0,5.916329523918424,0.14759331143850998,0,316.8554028202506,0.7829680948975278,0,-16.811267302086314,211.689703148524,-0.020948207666306114,1,204.10556508231878,-0.03387267024573371,1,124.91596085765133,-0.03687142387082424,1,33.50228331925008,0.021851391085821428,0,326.8443428853245,0.028768816990927218,0,48.201597276106895,-0.028013572096368816,1,Jupiter,Jupiter,0.0,CLEAR,1076.374839658548,-0.4212005368390237,0,0,-218.0,327.7922061357856,0,170.6032817630687,-0.018853386899675504,-0.03048540322116034,0.8612649043872806,0.0,1.0,0,0,1,0.0,3,0.008427154
2041-02-28,340.26327027527276,1.0045624616049489,0,309.6737055077867,15.099604016575483,0,-22.626472463771414,313.26313054518033,0.9502718010182866,0,5.980509548650418,-0.13380507464245944,1,322.3421465473144,0.7845040952435028,0,-15.105119106264274,211.46689044913973,-0.04265960963303971,1,203.83067797999905,-0.044557274720954644,1,124.67107238527896,-0.03300939171788882,1,33.666882151853805,0.025090124958012,0,327.0445493647328,0.028334443326443717,0,47.858429860764346,-0.16112031306781918,1,Jupiter,Jupiter,0.0,CLEAR,1075.6000165945718,-0.7748230639761005,0,0,-338.0,327.7922061357856,0,170.16379582814525,-0.03839364866973574,-0.04010154724885918,0.8629545047678532,0.0,1.0,0,0,1,0.0,3,0.01148789
2041-03-07,347.2827188803866,1.0008552590239064,0,51.83884873186475,13.213135756945185,0,18.627530451354687,320.92653813628965,1.219728844283806,0,4.040663391478566,-0.41425951443384923,1,327.8359325886973,0.7850461651621722,0,-13.27380688794459,211.09477697780235,-0.0633322709944065,1,203.48422465502856,-0.05414197711300155,1,124.45536549077126,-0.028453432731914,1,33.85260286140548,0.02796898878577594,0,327.2399317059161,0.027487278451950415,0,47.13466786312925,0.006779372627499487,0,Jupiter,Jupiter,0.0,CLEAR,1074.4843482327938,-1.1156683617780345,0,0,-218.0,327.7922061357856,0,169.63162179362308,-0.05699904389496585,-0.0487277794017014,0.8635507816783895,0.0,1.0,0,0,1,0.0,3,0.012321899
2041-03-14,354.27406285767114,0.9966463560397706,0,137.5009199705498,11.863186403047164,0,20.425797641047193,330.1554183462523,1.4088285585662519,0,0.39300430154502336,-0.6033157885187881,1,333.3312725810729,0.7849485090086094,0,-11.336623400547309,210.58467333896866,-0.08208271117334867,1,203.07607648723422,-0.06224812276186423,1,124.27396472208922,-0.023327655217661676,1,34.05752542663296,0.030487400165082557,0,327.4285725599787,0.026328211856690435,0,46.7652911504506,-0.15908914262835191,1,Jupiter,Jupiter,0.0,CLEAR,1073.0542958246715,-1.4300524081222648,0,0,-98.0,327.7922061357856,0,169.01855106060125,-0.0738744400560138,-0.0560233104856778,0.8634433599094704,0.0,1.0,0,0,1,0.0,3,0.012660967
2041-03-21,1.2367056338397024,0.9928081208744776,0,222.9900741434509,12.741042549076685,0,-15.479426600440563,340.5810803309293,1.567573467390395,0,356.03686220172045,-0.6063203929137992,1,338.8244748913399,0.7845193752238719,0,-9.31261926075972,209.95120442416942,-0.09843584042193881,1,202.61644300426474,-0.06876892131403517,1,124.12977492272897,-0.017772108704658417,1,34.27861282790861,0.03265652717935467,0,327.60785462234895,0.024883848617272816,0,45.9697396589924,-0.006348817953412271,1,Jupiter,Jupiter,0.0,CLEAR,1071.3451831925215,-1.7091126321499814,0,0,-90.0,327.7922061357856,0,168.33783017635614,-0.08859225637974494,-0.061892029182631654,0.8629713127462592,0.0,1.0,0,0,1,0.0,3,0.012476662
2041-03-28,8.174630757661582,0.9894204942119551,0,318.9418849053136,14.722652450053838,0,-20.0431223787746,352.0924990558298,1.7219909474943735,0,352.3472779477273,-0.4233707236840918,1,344.31362241909994,0.7836413465551088,0,-7.21998846790862,209.21346481604763,-0.1118477522208518,1,202.11740158418544,-0.07355764892328609,1,124.02607422095018,-0.011849342676059594,1,34.51400344165755,0.03448830835479758,0,327.77642747564647,0.023183940066850525,0,45.900173021613654,-0.07963057254494565,1,Jupiter,Jupiter,0.0,CLEAR,1069.3989227487803,-1.9462604437412665,0,0,30.0,327.7922061357856,0,167.6033981425279,-0.10066297699876663,-0.06620188403095749,0.8620054812106197,0.0,1.0,0,0,1,0.0,3,0.012120113
2041-04-04,15.087204437129802,0.9854890210707612,0,59.79744255132683,13.287260290921916,0,21.362334436723636,4.706051901129042,1.8831108117507782,0,350.31973407896186,-0.14965751343446523,1,349.79316416710316,0.7818230474935018,0,-5.078200909201734,208.39412428625084,-0.12149723975455588,1,201.5912790368836,-0.07635645924438024,1,123.96454930814491,-0.005644374190996343,1,34.760505108144585,0.03591981647238867,0,327.9317132244294,0.02118948711410831,0,45.53948189457427,0.020301972866759974,0,Jupiter,Jupiter,0.0,CLEAR,1067.2672383562126,-2.1316843925676494,0,0,-70.0,327.7922061357856,0,166.830773928739,-0.10934751577910029,-0.06872081331994222,0.8600053522428521,0.0,1.0,0,0,1,0.0,3,0.01199498
2041-04-11,21.970172027308504,0.9810505008242218,0,145.84033736618545,11.884444857866734,0,17.73831316256317,18.44831515897141,2.0390216908786813,0,350.2524383805244,0.12591719759011827,0,355.25729200537097,0.7792487944070292,0,-2.9069239940968186,207.5223865946571,-0.12687763967061386,1,201.05312570040618,-0.07709088405740815,1,123.94707505708702,0.0006261328184752022,0,35.015683122166195,0.036889572393893746,0,328.07235799551944,0.018929826799636746,0,45.52782175824834,-0.052575074015607556,1,Jupiter,Jupiter,0.0,CLEAR,1065.0134069449819,-2.253831411230749,0,0,-190.0,327.7922061357856,0,166.03744257824,-0.11418987570355248,-0.06938179565166733,0.8571736738477322,0.0,1.0,0,0,1,0.0,2,0.0116155995
2041-04-18,28.823130503076346,0.977101363013078,0,232.61557701149195,13.094877496643548,0,-19.074713711589638,33.08369531717752,2.119644221768268,0,351.986576183735,0.36142745802207665,0,0.7020349136018593,0.7763878446154309,0,-0.7246985716819383,206.6279727937464,-0.12792658474054722,1,200.51672162107067,-0.07581363006957788,1,123.97339060401552,0.006920645245410727,0,35.2761657820114,0.03750752541723236,0,328.19640299324936,0.016518166788549053,0,45.26653677728576,0.007426659371677099,0,Jupiter,Jupiter,0.0,CLEAR,1062.70361402347,-2.309792921511871,0,0,-286.0,327.7922061357856,0,165.24055583905928,-0.11513392626649249,-0.06823226706262009,0.854026629076974,0.0,1.0,0,0,1,0.0,2,0.012080338
2041-04-25,35.651506311444464,0.973900604438031,0,329.2684418060224,14.380174455131021,0,-16.51383560304534,47.63786976139449,1.996247065165226,0,355.19464406114224,0.5468257031211664,0,6.125905128199826,0.7731415835367613,0,1.4515418550587071,205.74115525532602,-0.12479101311435119,1,199.99602884501016,-0.07269244456160703,1,124.04375339715199,0.013121961829199278,0,35.539804379641936,0.037671834174885295,0,328.3031786499568,0.013908750686736028,0,45.32504715620717,-0.008768383162562239,1,Jupiter,Jupiter,0.0,CLEAR,1060.402701751368,-2.3009122721018684,0,0,-406.0,327.7922061357856,0,164.45622446536822,-0.11231191180291607,-0.06542320010544633,0.8504557418904375,0.0,1.0,0,0,1,0.0,2,0.011588931
2041-05-02,42.45760502774107,0.9706269629020277,0,67.7004575322625,13.201132850967236,0,23.582827544404456,60.4853112401504,1.6450048872200123,0,359.53468575706887,0.6864154181367741,0,11.524181627571531,0.7691010724067733,0,3.603949637011787,204.8911839859475,-0.1173030550143026,1,199.50367359219686,-0.06762479982900313,1,124.15704310528598,0.01925729049857735,0,35.80332491805985,0.03755408760242728,0,328.39089714978445,0.011170106405511946,0,45.26916697042251,0.0030149490890082815,0,Jupiter,Jupiter,0.0,CLEAR,1058.1757181357752,-2.2269836155928715,0,0,-438.0,327.7922061357856,0,163.70034867413702,-0.10557274951287235,-0.06086231984610282,0.8460111796474507,0.0,1.0,0,0,1,0.0,2,0.010062325
2041-05-09,49.23898677743954,0.9668857280438473,0,153.84246994369272,11.899356498251109,0,14.757853734782783,70.4023078529355,1.1767702100398123,0,4.723970850188901,0.7914314503746855,0,16.891341109334952,0.7642717151854476,0,5.714611956775265,204.10780198953663,-0.10595634038114006,1,199.05300690570928,-0.06090418379372009,1,124.31243414281363,0.02506372265007277,0,36.064236840579355,0.036901430381714506,0,328.4590327320335,0.008259406451516843,0,45.27567994052997,0.00254723854300325,0,Jupiter,Jupiter,0.0,CLEAR,1056.0871302979147,-2.0885878378605867,0,0,-318.0,327.7922061357856,0,162.98877006512993,-0.09536070634302606,-0.054813765414348084,0.8406988867039924,0.0,1.0,0,0,1,0.0,2,0.00985979
2041-05-16,55.995283229220256,0.9636593996005697,0,241.77708603015304,13.499380644712375,0,-21.97926091605822,76.83013508939196,0.651270289745446,0,10.558442568864546,0.8721768222370929,0,22.223593068805283,0.759243375242348,0,7.76696230090587,203.41528727599936,-0.09141574369448091,1,198.65444134253522,-0.05273278467630912,1,124.5073852762278,0.030615889913341056,0,36.319299165729,0.03595055396680569,0,328.506621092029,0.005366250018978659,0,45.32016018043664,-0.010107386947763562,1,Jupiter,Jupiter,0.0,CLEAR,1054.1919762205407,-1.8951540773739453,0,0,-310.0,327.7922061357856,0,162.33514217680622,-0.08227416932503283,-0.047459506208678205,0.8351677127665829,0.0,1.0,0,0,1,0.0,2,0.009812174
2041-05-23,62.732560874707055,0.9613817438209699,0,340.2224830350317,14.192290939681206,0,-12.142558246244992,79.42926447634586,0.0901757526390091,0,16.89238345284476,0.9347570364856203,0,27.520170496556887,0.7539508363015073,0,9.74646425381957,202.83339191950904,-0.07451234463949995,1,198.317121281669,-0.043511201268041165,1,124.74005731263595,0.03576341736943446,0,36.566510605644346,0.03457629137063722,0,328.53388348581535,0.00237058928673443,0,45.19112190640175,0.007200184637966846,0,Jupiter,Jupiter,0.0,CLEAR,1052.5337626277292,-1.658213592811535,0,0,-520.0,327.7922061357856,0,161.75061067602465,-0.06706111017554996,-0.03916008114123705,0.8293459199316581,0.0,1.0,0,0,1,0.0,2,0.009791737
2041-05-30,69.45556246745808,0.9594410643963824,0,76.03001092908598,12.966135007380219,0,25.370707258216527,78.26170142336659,-0.3926086231110858,1,23.610910882307657,0.9826951068624104,0,32.77759374880943,0.7480508847434394,0,11.637982413174514,202.37733798968657,-0.05546074695052918,1,198.04806308477018,-0.033180241823874516,1,125.0076298003484,0.040644284420383835,0,36.80285885593556,0.03291408329064286,0,328.54011234133486,-0.0005621113498095806,1,45.213245845968764,-0.04863938550604453,1,Jupiter,Jupiter,0.0,CLEAR,1051.148958267502,-1.3848043602272355,0,0,-220.0,327.7922061357856,0,161.2452042288346,-0.049914672255476265,-0.029862217641487065,0.8228559732177834,0.0,1.0,0,0,1,0.0,3,0.011686812
2041-06-06,76.16355874576732,0.9570989786821995,0,161.75144819206872,11.887647745965738,0,11.448110450227862,74.68949588138479,-0.5552728262853546,1,30.625188374957254,1.019955730168817,0,37.99091359937744,0.7413780186151828,0,13.426568960243914,202.05973457201884,-0.0351492455320594,1,197.85394246492922,-0.02220986485705385,1,125.30761203641238,0.04496535817094811,0,37.02607446547032,0.030788310623579163,0,328.5257729659359,-0.0035378162121149667,1,44.83534582432019,-0.012268261419516834,1,Jupiter,Jupiter,0.0,CLEAR,1050.067320213097,-1.081638054404948,0,0,-260.0,327.7922061357856,0,160.8278679994589,-0.03163432097885346,-0.019988878371348467,0.8155158204767011,0.0,1.0,0,0,1,0.0,3,0.011605629
2041-06-13,82.85606353484121,0.9552029181254583,0,250.3591448182826,13.841140848230669,0,-24.204621202707404,71.52980729629512,-0.28476184632674234,1,37.8745799589067,1.050398154230693,0,43.15668003761728,0.734581765589375,0,15.098813048133112,201.88677402413848,-0.01420401747103789,1,197.73830118077362,-0.010759798656233832,1,125.63629564802082,0.0488952666015085,0,37.23348261318053,0.028456463418214586,0,328.4911248888962,-0.00630877835992446,1,44.870038307897225,-0.050110803179396715,1,Jupiter,Jupiter,0.0,CLEAR,1049.306582821916,-0.76073739118101,0,0,-320.0,327.7922061357856,0,160.50481856759308,-0.012783615723934102,-0.009683818790610449,0.8080399421483127,0.0,1.0,0,0,1,0.0,3,0.010925779
2041-06-20,89.53884689002626,0.9543274505794621,0,351.20028738816194,14.191402326363045,0,-7.277300655521464,71.26094160104829,0.2253454981857026,0,45.319175095272534,1.075800457605031,0,48.27472165677943,0.7276423367708805,0,16.643831019803997,201.86050597832596,0.0066555605464783275,0,197.70329102715021,0.0007458449997159997,0,125.99069462557134,0.05225308126608148,0,37.42345706147773,0.025739905369635382,0,328.4373820097977,-0.009061391041495637,1,44.33634746851312,-0.021194344760454564,1,Jupiter,Jupiter,0.0,CLEAR,1048.8740978336964,-0.4324849882195849,0,0,-310.0,327.7922061357856,0,160.27983396567248,0.005990004491830495,0.0006712604997443997,0.8004065704479686,0.0,1.0,0,0,1,0.0,1,0.008505872
2041-06-27,96.21841174954929,0.9541105516962956,0,84.94201189819897,12.668648695698199,0,26.66930959934198,74.7212611369547,0.7572522713337867,0,52.92503772903873,1.0965561070286403,0,53.342772101455616,0.7202489457106406,0,18.05080254023771,201.98021065638284,0.027510191877283974,0,197.74951916393348,0.012477524441927271,0,126.36724111785558,0.055254738553422784,0,37.59364456463901,0.02284637609336338,0,328.3650708164662,-0.011557822844691158,1,44.210149834113736,-0.11266023516454651,1,Jupiter,Jupiter,0.0,CLEAR,1048.7731321834876,-0.10096565020876369,0,0,-190.0,327.7922061357856,0,160.15587459929446,0.02475917268955558,0.011229771997734544,0.7922738402817047,0.0,1.0,0,0,1,0.0,1,0.007773736
2041-07-04,102.89539230196007,0.9535620183467048,0,169.86304112905435,11.856921131567766,0,7.7688139835389105,81.75067132011591,1.2434343065566753,0,60.66194946364653,1.1135025565733057,0,58.35623279055781,0.7120807758734036,0,19.309838413790217,202.2439624351476,0.047704856494807255,0,197.87728399318488,0.023974476613287395,0,126.76254878862555,0.05758611886383857,0,37.74227857128548,0.01957424122194985,0,328.2756642484147,-0.01395260714716832,1,43.249188178888375,-0.06400516726265831,1,Jupiter,Jupiter,0.0,CLEAR,1049.0033677277243,0.23023554423662063,0,0,-190.0,327.7922061357856,0,160.1350054218994,0.04293437084532653,0.021577028951958656,0.783288853460744,0.0,1.0,0,0,1,0.0,1,0.007501416
2041-07-11,109.56906445355443,0.9533182403027769,0,258.55218500536114,14.023477154986145,0,-25.868364685657014,92.02427164503341,1.682319460415987,0,68.50950113447092,1.1284311145950976,0,63.31169248990223,0.7037844574708463,0,20.41307226162071,202.64613657799038,0.0670392945768705,0,198.08465418114378,0.03522336732796776,0,127.17249283959957,0.0594746240233218,0,37.86759469201685,0.01622890801530238,0,328.17069267994947,-0.015966671678463596,1,43.09631416054164,-0.08873611282784107,1,Jupiter,Jupiter,0.0,CLEAR,1049.5570837719472,0.5537160442229379,0,0,-190.0,327.7922061357856,0,160.21705948912694,0.06033536511918345,0.03170103059517099,0.774162903217931,0.0,1.0,0,0,1,0.0,1,0.0063601946
2041-07-18,116.24402869816971,0.9540218227527045,0,1.6484530028391764,14.347930043139815,0,-2.356692794446563,105.06307475499071,2.014821365364372,0,76.45712846458227,1.1421091643539238,0,68.20894484483104,0.6953901792041736,0,21.355755059058442,203.17937260470856,0.0851218820039236,0,198.36881602878776,0.0458734094448657,0,127.59351138024817,0.06071436697718328,0,37.96865467896505,0.012599450320476983,0,328.05227750014643,-0.017841889687503172,1,42.183039831495535,-0.05194511562223576,1,Jupiter,Jupiter,0.0,CLEAR,1050.4214358514869,0.8643520795396853,0,0,-350.0,327.7922061357856,0,160.40016134982272,0.07660969380353123,0.04128606850037913,0.764929197124591,0.0,1.0,0,0,1,0.0,1,0.007360487
2041-07-25,122.92773436709388,0.9556129524030221,0,94.27822819884445,12.399281877682064,0,27.33715825589119,119.69418566207553,2.1230368241440285,0,84.49581149513028,1.154341840049136,0,73.04637663203042,0.6865866905364172,0,22.134060092735275,203.83615493292768,0.10235181896940833,0,198.72645313112216,0.056221479277004376,0,128.0218337801698,0.061562411852436945,0,38.04415713594554,0.008941732614083165,0,327.9220989364837,-0.019303567680927322,1,41.8803283569477,-0.15504496335811757,1,Jupiter,Jupiter,0.0,CLEAR,1051.5839955939643,1.1625597424774696,0,0,-150.0,327.7922061357856,0,160.68229599517662,0.09211663707246749,0.05059933134930394,0.755245359590059,0.0,1.0,0,0,1,0.0,1,0.093359254
2041-08-01,129.62177143409505,0.9569269973169335,0,178.36444084482582,11.842421717165609,0,3.7454155447706423,134.29613177380824,2.0257882657358595,0,92.61386662284839,1.1648961200772527,0,77.81896552011005,0.6769061668755958,0,22.7460821424985,204.60917751347156,0.11829778373018032,0,199.1541504673984,0.0658665313942929,0,128.4534470199367,0.06172738547048104,0,38.09318974186666,0.005058930861643076,0,327.78242036703637,-0.02053919846427849,1,40.53311886477812,-0.10121115518731053,1,Jupiter,Jupiter,0.0,CLEAR,1053.0319755432097,1.4479799492453367,0,0,-430.0,327.7922061357856,0,161.06096072553174,0.10646800535716229,0.05927987825486361,0.7445967835631554,0.0,1.0,0,0,1,0.0,1,0.09024513
2041-08-08,136.32504643877638,0.9583538564994433,0,266.7812604425468,14.016112918624858,0,-27.044320670206666,147.8852761445364,1.8526869359755105,0,100.80284253992887,1.174752603930388,0,82.52248669049689,0.6669394602487422,0,23.192353486953092,205.48955269955792,0.13302097060437884,0,199.6472613280334,0.07490873888273658,0,128.8844780246404,0.06136526096897289,0,38.11532476280541,0.0012838093739238002,0,327.6358013210485,-0.021271666399043567,1,40.2844920560428,-0.09374676047359741,1,Jupiter,Jupiter,0.0,CLEAR,1054.748455873505,1.716480330295326,0,0,-310.0,327.7922061357856,0,161.531936565228,0.11971887354394097,0.06741786499446292,0.7336334062736165,0.0,1.0,0,0,1,0.0,1,0.088722706
2041-08-15,143.0402946293472,0.9605127065890198,0,11.208974579764778,14.579328450260304,0,2.246198403467856,160.22816002187392,1.6753334492310887,0,109.05982384667432,1.1843828592081758,0,87.1555437257303,0.6567597501017586,0,23.47662959013079,206.46784376055083,0.14629487227151805,0,200.20057306297704,0.08306423073771307,0,129.3108330398035,0.06036375327895501,0,38.11070010270266,-0.0026024847098760524,1,327.4849066926416,-0.02178528587741449,1,39.29635923380445,-0.058295188011992086,1,Jupiter,Jupiter,0.0,CLEAR,1056.7142873156963,1.965831442191302,0,0,-90.0,327.7922061357856,0,162.0898729602744,0.13166538504436626,0.07475780766394177,0.7224357251119345,0.036629590130790035,1.0,0,0,1,0.0,2,0.1261279
2041-08-22,149.77494587425582,0.9636840197610164,0,103.70309477493495,12.216601183309479,0,27.26216088891471,171.36011261774433,1.5057644234562966,0,117.38351313946747,1.1936262803717714,0,91.71599596924703,0.6460234363743771,0,23.603861805724613,207.53577730365205,0.1586256872640724,0,200.80919085444873,0.09068832907407681,0,129.72885387657828,0.058950813944548215,0,38.07949897562492,-0.006323905171638672,1,327.3321761075874,-0.02180760307205291,1,39.03826361610298,-0.14065896151405657,1,Jupiter,Jupiter,0.0,CLEAR,1058.9125566560542,2.1982693403579106,0,0,-290.0,327.7922061357856,0,162.72969187882381,0.14276311853766516,0.08161949616666914,0.7106257800118149,0.1638618057246113,1.0,0,0,1,0.0,2,0.119691476
2041-08-29,156.53114487881783,0.9666084813715998,0,187.24063816517761,11.886266592975474,0,-0.49618995462678456,181.29352578495718,1.329197758893641,0,125.76792274923253,1.2017733866582152,0,96.1969869697696,0.6341012268544308,0,23.58142128114663,208.68550913794306,0.16967056250751925,0,201.46805363959123,0.09742966509841047,0,130.13439326426484,0.05682820206724874,0,38.02206689999915,-0.010047201352025352,1,327.18016219487987,-0.021543379605437177,1,37.83006569725134,-0.08958380172383394,1,Jupiter,Jupiter,0.0,CLEAR,1061.3268844758877,2.4143278198334883,0,0,-410.0,327.7922061357856,0,163.4459867395921,0.15270350625676732,0.08768669858856942,0.6975113495398739,0.1414212811466271,1.0,0,0,1,0.0,2,0.12359709
2041-09-05,163.30724246538466,0.9694100057884075,0,275.5336532833048,13.880199984268762,0,-27.647278730614747,189.8830680864999,1.1150270816020689,0,134.20705917041678,1.2093305442400635,0,100.59185837896804,0.6214749815619376,0,23.418819012493376,209.9085590399477,0.1795591434004888,0,202.1715680813516,0.10342927700201256,0,130.52349414369633,0.05425488220378994,0,37.939708126264804,-0.01343999322162644,1,327.0318926139755,-0.02075017860339032,1,37.71225419198985,-0.05680702822299771,1,Jupiter,Jupiter,0.0,CLEAR,1063.9377018273658,2.61081735147809,0,0,-470.0,327.7922061357856,0,164.2318599550868,0.16160322906043995,0.0930863493018113,0.6836224797181314,0.0,1.0,0,0,1,0.0,2,0.13357055
2041-09-12,170.10359101704674,0.9726098009690713,0,19.843010918114416,14.755926832275716,0,6.348308737356513,196.68869458723753,0.8073364681690127,0,142.69779302904473,1.216626053810458,0,104.89611615875924,0.6082393969723278,0,23.127955719742122,211.1959809030248,0.1881163399455343,0,202.91354203966813,0.10845014305151712,0,130.89224263654046,0.05103701639967973,0,37.833971151324384,-0.01671208876601188,1,326.889942070937,-0.019736151105158212,1,37.028069166498284,-0.037809683009140914,1,Jupiter,Jupiter,0.0,CLEAR,1066.7240195034008,2.786317676034969,0,0,-190.0,327.7922061357856,0,165.07957088834374,0.16930470595098088,0.09760512874636541,0.6690633366695606,0.0,1.0,0,0,1,0.0,2,0.14603378
2041-09-19,176.92653495299047,0.9768163281024292,0,112.84971607214511,12.138578722962961,0,26.437836335028354,200.747653162049,0.31076184266373064,0,151.2396583533044,1.2237402029693556,0,109.10494063394016,0.5939645294767852,0,22.721283512799957,212.54046225016617,0.19582280444121122,0,203.6886287160742,0.11283811620909195,0,131.23728623600343,0.047420556110864764,0,37.70681448386393,-0.019603021596330317,1,326.7568518685725,-0.0182642288756802,1,36.99653623632134,-0.07291782269773438,1,Jupiter,Jupiter,0.0,CLEAR,1069.6672955326044,2.9432760292036164,0,0,-115.0,327.7922061357856,0,165.98181423221027,0.17624052399709011,0.10155430458818276,0.6533609824244638,0.0,1.0,0,0,1,0.0,2,0.14724275
2041-09-26,183.77836075030712,0.9807874304366836,0,196.2734754982838,12.011014806248816,0,-4.7466210972079494,200.37327770521165,-0.4592984847048792,1,159.82765143365677,1.2298181280617875,0,113.2071273723953,0.5778030650205249,0,22.21363923992291,213.93473367681852,0.20236910193617433,0,204.49101559536305,0.11628373548957963,0,131.55457027180822,0.04316200848594191,0,37.56006120143851,-0.022240438231299422,1,326.6347722627301,-0.016537390586006926,1,36.34275439933192,-0.04348724435321022,1,Jupiter,Jupiter,0.0,CLEAR,1072.74934495076,3.0820494181555205,0,0,-211.0,327.7922061357856,0,166.93095439392454,0.1821321917425569,0.10465536194062167,0.6355833715225775,0.0,1.0,0,0,1,0.0,2,0.14403316
2041-10-03,190.65669059091033,0.9843625403872587,0,285.1282287334821,13.744271752487588,0,-27.431045307061478,194.4347750777685,-1.1366282618475896,1,168.45525725440973,1.2350676050213816,0,117.19053261118414,0.560044606560666,0,21.62133681366901,215.37124850211714,0.2078541799317952,0,205.31479144864295,0.11891221958909948,0,131.84074779174475,0.03851560921502343,0,37.39682561677615,-0.024331898630045545,1,326.52645802662494,-0.01437146013755794,1,36.40328518413727,-0.010293934863421872,1,Jupiter,Jupiter,0.0,CLEAR,1075.948845770682,3.19950081992215,0,0,135.0,327.7922061357856,0,167.9179658318668,0.18706876193861569,0.10702099763018953,0.6160490672167327,0.0,1.0,0,0,1,0.0,2,0.13185251
2041-10-10,197.55915323020724,0.9879250764446,0,27.91992694408075,14.73614251862048,0,10.026959429465341,187.31364188407434,-0.6615521355472012,1,177.1171170979645,1.2397649781554672,0,121.04408636732107,0.5407531908974661,0,20.961968697919225,216.84164048119374,0.21212880564149997,0,206.1532198497497,0.12053371642582787,0,132.0923697325248,0.033346593972558666,0,37.22002483449382,-0.026074560296136695,1,326.4336732825008,-0.012070843825305388,1,36.158385115703794,-0.010007089422298733,1,Jupiter,Jupiter,0.0,CLEAR,1079.2432312933997,3.2943855227176755,0,0,135.0,327.7922061357856,0,168.93319501525588,0.19091592507734997,0.10848034478324509,0.5948285099872127,0.0,1.0,0,0,1,0.0,2,0.28140628
2041-10-17,204.49002755247028,0.9923386548435524,0,121.46469060584771,12.145637476386586,0,24.953903933029856,186.9828844187263,0.5603033015403037,0,185.81185031449937,1.2443001335330828,0,124.75613592666068,0.5192868952950742,0,20.252956506660027,218.33935635721042,0.2155923224186035,0,207.00077586300466,0.12144005603784606,0,132.3070404077348,0.027876859163420684,0,37.03319094396071,-0.027268404809320575,1,326.35835527374945,-0.0094544868996009,1,36.234075648147574,-0.011113804042737629,1,Jupiter,Jupiter,0.0,CLEAR,1080.0,0.7567687066002691,0,0,70.0,327.7922061357856,0,169.96758491904396,0.19403309017674314,0.10929605043406146,0.5712155848245817,0.0,1.0,0,0,1,0.0,2,0.32222632
2041-10-24,211.4513012978652,0.9965261766861578,0,205.12109128711216,12.199058718048828,0,-8.778571317285692,193.9851816157753,1.3330010328473572,0,194.535178326724,1.2479415189046874,0,128.3061567696452,0.4944448392169859,0,19.51442782266541,219.85736465527458,0.21796598379334783,0,207.85102779250178,0.12137270640616829,0,132.48155492774214,0.021952460501643026,0,36.839299549692655,-0.028009646674707605,1,326.3016128825044,-0.006699048982860719,1,36.13245649904742,-0.003802754979952822,1,Jupiter,Jupiter,0.0,CLEAR,1080.0,0.0,0,0,70.0,327.7922061357856,0,171.0117282428091,0.19616938541401305,0.10923543576555146,0.5438893231386845,0.0,1.0,0,0,1,0.0,2,0.29448518
2041-10-31,218.4398700497013,1.0000392185749827,0,295.52603610140693,13.742366541259,0,-26.138704034062734,204.43541997920204,1.5941712626089948,0,203.28102697532526,1.2506948256936679,0,131.67038542459264,0.4661625171573186,0,18.76796837369328,221.3884940869726,0.21927947055648475,0,208.6979220387697,0.12040517663846241,0,132.61398868950843,0.01582249711140169,0,36.64269850250787,-0.02809082841041048,1,326.26527723780487,-0.0036887447594029328,1,36.13512824502412,-0.002318833220205843,1,Jupiter,Jupiter,0.0,CLEAR,1080.0,0.0,0,0,-175.0,327.7922061357856,0,172.05522353626182,0.1973515235008363,0.10836465897461617,0.5127787688730505,0.0,1.0,0,1,1,0.0,2,0.2179785
2041-11-07,225.45057157539762,1.0031050991089057,0,36.12644911518063,14.457683525934753,0,13.557162410038107,215.80333689520484,1.634833558543171,0,212.04323738407157,1.2528122241568218,0,134.82418821121172,0.434360155762665,0,18.035949538967397,222.92419820424524,0.21941187398109888,0,209.5341482592814,0.11841662887355535,0,132.70234403687812,0.00944874052061211,0,36.44696494807156,-0.027700260737408184,1,326.2497745698044,-0.000690095152473542,1,36.1737284551085,4.3542719293725105e-05,0,Jupiter,Jupiter,0.0,CLEAR,1080.0,0.0,0,0,-199.0,327.7922061357856,0,173.08718331120986,0.197470686582989,0.10657496598619981,0.47779617133893154,0.0,1.0,0,1,1,0.0,2,0.21537343
2041-11-14,232.4849921319696,1.0067392751831121,0,129.53273199076875,12.188418088320944,0,22.92425106898184,227.18658540107404,1.6136387940959878,0,220.82055947114898,1.2549108186936442,0,137.74074162385796,0.39793689125708825,0,17.340544994975712,224.45815206735858,0.218655102806021,0,210.35398720562705,0.1156272529046496,0,132.74621418496065,0.0030224113584438046,0,36.25628452834488,-0.026738844472830613,1,326.25594854239665,0.0024135193840391068,0,36.01129026375591,-0.017737060416042633,1,Jupiter,Jupiter,0.0,CLEAR,1080.0,0.0,0,0,161.0,327.7922061357856,0,174.09770267728217,0.1967895925254189,0.10406452761418465,0.4377305803827971,0.0,1.0,0,1,1,0.0,1,0.23354231
2041-11-21,239.54445769798744,1.0101793785074829,0,213.4908523261279,12.38427742298561,0,-12.450831862514216,238.38141127107988,1.5857860305887588,0,229.61083934467698,1.2565223541057844,0,140.38032615996477,0.3551220652908545,0,16.707739951436835,225.98278118697286,0.21678845894590204,0,211.15061111121454,0.11184286686568735,0,132.7444436559916,-0.0034952711432435727,1,36.07379131345263,-0.025279260110418755,1,326.2835332207028,0.005499003778869768,0,36.11813129189994,0.004193320885463219,0,Jupiter,Jupiter,1.5,CLEAR,1080.0,0.0,0,0,-75.0,327.7922061357856,0,175.0768197977619,0.19510961305131183,0.10065858017911862,0.39063427181994,0.0,1.0,0,1,1,0.0,2,0.24857976
2041-11-28,246.6254951155149,1.0127342546859592,0,306.27812667125573,13.954630283763569,0,-23.737354468306318,249.41104015006377,1.56747300934245,0,238.410346071932,1.2574516780477567,0,142.69619535602413,0.3053448510085618,0,16.165592249699273,227.49050839183062,0.2137389984684142,0,211.91760552145962,0.10708848716542321,0,132.69770210435422,-0.00986747505928196,1,35.90384860318066,-0.023228197957541365,1,326.3331114119589,0.008614464860038898,0,35.747723757232684,-0.055257035649094066,1,Jupiter,Jupiter,1.5,CLEAR,1080.0,0.0,0,0,-140.0,327.7922061357856,0,176.01375691827894,0.1923650986215728,0.0963796384488809,0.335879336109418,0.0,1.0,0,1,1,0.0,2,0.26369146
2041-12-05,253.7205873561519,1.0144520167626596,0,45.09049906258268,14.004866228732432,0,17.166577489357714,260.353431445597,1.5606728536486323,0,247.21376111115987,1.2578427174936777,0,144.63861352522767,0.2484495206076076,0,15.742310584698018,228.9721353038098,0.20945481639847757,0,212.64741561149145,0.10133509213943874,0,132.6067128712683,-0.016023679523343017,1,35.74947390359904,-0.020757630745177717,1,326.403636457836,0.011563229836733933,0,35.74854372514896,-0.01784696789525161,1,Jupiter,Jupiter,1.5,CLEAR,1080.0,0.0,0,0,-120.0,327.7922061357856,0,176.89794170789241,0.18850933475862983,0.09120158292549486,0.27329447266836837,0.0,1.0,0,1,1,0.0,2,0.29529664
2041-12-12,260.82858583137704,1.0164078544046442,0,137.32084974333296,12.202797433178155,0,20.42060232894004,271.2735432511917,1.5589787193492637,0,256.0205341360167,1.2583556358858092,0,146.15450417744822,0.18299299379061848,0,15.464973500872993,230.42047397149716,0.20412681970505392,0,213.3343370029597,0.09473460864273986,0,132.47417292257506,-0.021829564661432585,1,35.61416509119195,-0.017883495800742385,1,326.4947340801281,0.014396512044887245,0,35.04090249881764,-0.0989237141022472,1,Jupiter,Jupiter,1.5,CLEAR,1080.0,0.0,0,0,-248.0,327.7922061357856,0,177.72017191176775,0.18371413773454853,0.08526114777846587,0.20129229316968034,0.0,1.0,0,1,1,0.0,2,0.31294593
2041-12-19,267.9500896323937,1.0182521680202523,0,221.3628981545638,12.48560151860852,0,-15.783515583679948,282.13990041481236,1.5391925832939397,0,264.8306040540276,1.2587947129870454,0,147.1766099845473,0.10735680397857555,0,15.363137360925244,231.82708248257035,0.19757389067779216,0,213.97152227832518,0.0871899886220405,0,132.30209355994873,-0.027219472234481304,1,35.499993457974234,-0.014642675809703555,1,326.6048419575312,0.017068374671647124,0,34.94537711573723,-0.01556871097347368,1,Jupiter,Jupiter,1.5,CLEAR,1080.0,0.0,0,0,-24.0,327.7922061357856,0,178.47152882035095,0.17781650161001294,0.07847098975983645,0.11809248437643312,0.0,1.0,0,1,1,0.0,2,0.31760073
2041-12-26,275.0820080959954,1.0191591541239446,0,316.67158641541,14.364542358319635,0,-20.546862755642156,292.63257579343264,1.4345507103083082,0,273.64264257808406,1.2587661447752199,0,147.63518851244726,0.022250763557884932,0,15.463596942808254,233.18333914606842,0.18963871759057213,0,214.5528310183139,0.07869238007109958,0,132.09456270614174,-0.03200992006184832,1,35.410058178895355,-0.011052233636875092,1,326.733362520208,0.01956438029828724,0,34.092048599913646,-0.13320144356282448,1,Jupiter,Jupiter,1.5,CLEAR,1080.0,0.0,0,0,-291.0,327.7922061357856,0,179.14277283941854,0.17067484583151493,0.07082314206398962,0.024475839913673428,0.0,1.0,0,1,1,0.0,2,0.34972793
2042-01-02,282.21557552115786,1.0189618727714556,0,54.95831556215771,13.557797105220633,0,20.77524196119419,301.6246162570164,1.0663271274527253,0,282.45210204244194,1.2582330582853296,0,147.47339018046563,-0.06920575056791911,1,15.782645306610693,234.47884789095593,0.18035462423152082,0,215.0712217532513,0.06935000646044129,0,131.85567207341617,-0.036061507378274786,1,35.34575319349952,-0.00724063778118474,1,326.8780434993636,0.021778955121431118,0,33.835131851125944,-0.04982184512354006,1,Jupiter,Jupiter,1.5,CLEAR,1080.0,0.0,0,0,-195.0,327.7922061357856,0,179.7254685597518,0.16231916180836875,0.06241500581439716,-0.07612632562471103,0.0,1.0,0,1,1,0.0,2,0.3983852
2042-01-09,289.3474749783109,1.0187250584860472,0,145.24561489905167,12.146385717087147,0,17.462927438389173,306.1751255675049,0.11556963347637954,0,291.257771508255,1.2576851203484327,0,146.65865436903948,-0.1637908619437616,1,16.319910956159163,235.7053476917503,0.1698233993259391,0,215.52195386945544,0.059273884783164935,0,131.5913712232161,-0.03935897722465433,1,35.30885297736505,-0.0033203342439544373,1,327.0375080076121,0.023700409554741595,0,32.61445695435931,-0.18483062179547438,1,Jupiter,Jupiter,1.5,CLEAR,1079.5737982158191,-0.4262017841808756,0,0,-195.0,327.7922061357856,0,179.78689910790962,0.1528410593933452,0.053346496304848445,-0.18016994813813778,0.0,1.0,0,1,1,0.0,2,0.3821422
2042-01-16,296.47793561455234,1.0185303306186462,0,229.0790057392368,12.475534945386972,0,-18.899210545345102,302.35724833114796,-1.1298410948182283,1,300.0600075074687,1.2572534422202586,0,145.18682436220308,-0.25542100009944335,1,17.056368381799533,236.8532713889583,0.1579411060498794,0,215.89947836430514,0.04850423740039678,0,131.30671060507424,-0.04179116449609597,1,35.299640988307246,0.0007370903759997295,0,327.2093112551919,0.025373370920373305,0,32.21046147414377,-0.028006040928638735,1,Jupiter,Jupiter,1.5,CLEAR,1078.8003252480044,-0.7734729678147687,0,0,-195.0,327.7922061357856,0,179.40016262400212,0.14214699544489146,0.0436538136603571,-0.2809631001093877,0.0,1.0,0,1,1,0.0,1,0.3850752
2042-01-23,303.6051826161487,1.0175564300411426,0,326.1049938490354,14.834025973491014,0,-17.081695457176497,293.80296824907373,-1.0204221668587354,1,308.8584857237099,1.256430861719711,0,143.1151830859512,-0.3330380920818133,1,17.94361380088409,237.91288463795405,0.14448927482515697,0,216.1994188568257,0.03704083645056776,0,131.00848533930986,-0.04330075743498149,1,35.319304484935614,0.0048311580942984956,0,327.39203245642454,0.02672561070112898,0,31.16325516036018,-0.16949913405878717,1,Jupiter,Jupiter,1.5,CLEAR,1078.2397712562197,-0.5605539917846727,0,0,-7.0,327.7922061357856,0,179.1198856281099,0.13004034734264128,0.03333675280551098,-0.36634190128999466,0.0,1.0,0,1,1,0.0,1,0.102308415
2042-01-30,310.720821190542,1.0153995404215794,0,65.302428673165,13.27495336890979,0,23.992579230886836,290.1615605023928,-0.019150640131365842,1,317.6484097798228,1.2549359494475942,0,140.58824266124415,-0.38356701400455817,1,18.89993112210138,238.8729008674726,0.1296336965419526,0,216.4171760010322,0.025175541001355297,0,130.70304676864407,-0.04375381221183643,1,35.36729685627338,0.008908880885416914,0,327.5827369734959,0.027749955474736347,0,30.79301771565908,-0.05044782577760753,1,Jupiter,Jupiter,1.5,CLEAR,1077.9002417104823,-0.3395295457373777,0,0,-308.0,327.7922061357856,0,178.95012085524118,0.11667032688775733,0.022657986901219767,-0.421923715405014,0.0,1.0,0,1,1,0.0,1,0.12040344
2042-02-06,317.8203056933894,1.0130366808679485,0,153.59309451612776,12.029236682211165,0,14.068259709650285,292.7353353836687,0.6860902367313088,0,326.4269196846616,1.2531866536149379,0,137.82525806139355,-0.39986556357584696,1,19.825624124155958,239.72454012826296,0.1134475383698709,0,216.55106917842923,0.013020786516088333,0,130.39785989846868,-0.043315853452392875,1,35.44342970020163,0.012792761625497348,0,327.7794597205113,0.028375779630251043,0,29.551491250658177,-0.18933722345912124,1,Jupiter,Jupiter,1.5,CLEAR,1077.7847210435448,-0.1155206669375275,0,0,-500.0,327.7922061357856,0,178.8923605217724,0.10210278453288381,0.0117187078644795,-0.4398521199334317,0.0,1.0,0,1,1,0.0,1,0.10261759
2042-02-13,324.9040976204791,1.0109358743660093,0,237.14363336535015,12.413894759130958,0,-21.848622127138025,299.0101229906897,1.068348192587584,0,335.1933093588387,1.2515145839567918,0,135.07562279125332,-0.3797196417354867,1,20.629255724846637,240.45819226208633,0.09596087478211535,0,216.59933532301125,0.0007866195711591036,0,130.0989962215157,-0.04188824203181069,1,35.54628434424105,0.016599359310712,0,327.9794380414828,0.028738154087763236,0,29.146116602678063,-0.005736815027888099,1,Jupiter,Jupiter,1.5,CLEAR,1077.8938980424596,0.1091769989147906,0,0,-660.0,327.7922061357856,0,178.9469490212298,0.08636478730390382,0.0007079576140431933,-0.4176916059090354,0.0,1.0,0,1,1,0.0,1,0.16843705
2042-02-20,331.9724744478815,1.0083916046285721,0,334.5345318797159,15.147385656445389,0,-13.672635973534963,307.32461876915335,1.2901441359915997,0,343.94738920899573,1.2495003139796816,0,132.58765019977585,-0.3261047552843774,1,21.24348416696364,241.06450777894645,0.07698940822955354,0,216.56198998036606,-0.01148053747584499,1,129.81347872068093,-0.03958136873290451,1,35.67528419848491,0.020171158517722932,0,328.18089509446565,0.028711824629191612,0,28.404412415939984,-0.13013684218946586,1,Jupiter,Jupiter,1.5,CLEAR,1078.2265884362378,0.33269039377819354,0,0,-400.0,327.7922061357856,0,179.11329421811885,0.06929046740659818,-0.01033248372826049,-0.35871523081281514,0.0,1.0,0,1,1,0.0,2,0.012561292
2042-02-27,339.0190145326562,1.0047927782887374,0,75.42870791135906,13.214272438018082,0,26.393357485055628,316.91807064237616,1.444363698246476,0,352.6845801704389,1.2467429292115726,0,130.56873837318324,-0.2477102195257697,1,21.633794666753563,241.53367482551832,0.056946262615841334,0,216.43981699202797,-0.023292943885315734,1,129.54729439964603,-0.036299328591804125,1,35.82835980308526,0.02354647197000547,0,328.3808117946535,0.028383632931647054,0,28.196390875676254,-0.009291321140336891,1,Jupiter,Jupiter,1.5,CLEAR,1078.7770856221146,0.5504971858767931,0,0,-280.0,327.7922061357856,0,179.38854281105728,0.0512516363542572,-0.02096364949678416,-0.2724812414783467,0.0,1.0,0,1,1,0.0,2,0.012443258
2042-03-06,346.03888669674717,1.0009187034849842,0,162.33391195522145,11.902794687684782,0,10.309151848943516,327.4954922904099,1.576383531888667,0,1.4004517295552183,1.2434688787343264,0,129.14502486378157,-0.15818256350623122,1,21.79982531712802,241.8595352986693,0.036018652187043726,0,216.23704578905105,-0.03453473051857624,1,129.30658736704294,-0.03237807315311714,1,36.00378476524767,0.02650705835763699,0,328.5770925878025,0.02762955763828582,0,27.471230379630736,-0.11696721518624774,1,Jupiter,Jupiter,1.5,CLEAR,1079.5334779523932,0.7563923302786861,0,0,-120.0,327.7922061357856,0,179.76673897619662,0.032416786968339356,-0.031081257466718613,-0.17400081985685437,0.0,1.0,0,1,1,0.0,2,0.011025289
2042-03-13,353.0332302899108,0.9975516706817775,0,245.8758441973629,12.403180872628601,0,-24.491765780844595,338.98913605214636,1.708691946463134,0,10.093434781148103,1.2402676037517333,0,128.35771208576242,-0.06702908716274841,1,21.763220394439205,242.03662673637027,0.014501432967970143,0,215.95852157342065,-0.044866654527548636,1,129.0957850136869,-0.02772481414466725,1,36.19905205686825,0.029257439605025977,0,328.76720925617593,0.0266648547594302,0,27.318158416601914,0.022433902534325187,0,Jupiter,Jupiter,1.5,CLEAR,1080.0,0.46652204760675886,0,0,-312.0,327.7922061357856,0,179.7594695165524,0.01305128967117313,-0.04037998907479377,-0.07373199587902327,0.0,1.0,0,1,1,0.0,2,0.010492229
2042-03-20,0.004618231974534611,0.9941566678524514,0,342.5790101679253,15.155609096936496,0,-10.226691904043708,351.439240928432,1.8498856053509056,0,18.76376884523322,1.2368698919140266,0,128.19762443395896,0.0203744616969891,0,21.55064098875393,242.06118663010946,-0.0075706711461294915,1,215.61109243923397,-0.05424024847818411,1,128.9195557631414,-0.022576213829854957,1,36.41240144850693,0.0315979210788037,0,328.94946541544044,0.025311887168477983,0,27.065691844800018,-0.0559153824205128,1,Jupiter,Jupiter,1.5,CLEAR,1080.0,0.0,0,0,-280.0,327.7922061357856,0,179.19869099072704,-0.006813604031516543,-0.048816223630365696,0.02241190786668801,0.0,1.0,0,1,1,0.0,3,0.010792098
2042-03-27,6.949626124375011,0.990000901978371,0,84.81767886707671,13.32159867103142,0,27.786883047200824,4.886336407438502,1.9889304360669893,0,27.408279224306266,1.2328567612142307,0,128.62735314648228,0.10092841216577242,0,21.184813004266438,241.93149003966477,-0.029361721238267677,1,215.20296429181082,-0.06207809376852827,1,128.78132445893493,-0.01683544769215667,1,36.64095865800807,0.033652402273852404,0,329.1212554040108,0.023741201207586694,0,27.050821741782066,0.01524337016940566,0,Jupiter,Jupiter,1.5,CLEAR,1080.0,0.0,0,0,-400.0,327.7922061357856,0,178.56200563380276,-0.02642554911444091,-0.05587028439167544,0.11102125338234967,0.0,1.0,0,1,1,0.0,3,0.010911324
2042-04-03,13.863835817655001,0.9855436798859831,0,171.1882012178044,11.81838408743286,0,6.325083816056241,19.14258560588624,2.0640860169827002,0,36.02197178251345,1.2281529086735654,0,129.58660702445596,0.1714278577518262,0,20.685149307915395,241.65167586231587,-0.05041241395950486,1,214.74539030527143,-0.06838103949728354,1,128.68404277848543,-0.01092620164086344,1,36.88210289269743,0.035176851147823804,0,329.2807621121282,0.021788333839434626,0,26.887659438833243,-0.033651738512013606,1,Jupiter,Jupiter,1.5,CLEAR,1080.0,0.0,0,0,-220.0,327.7922061357856,0,177.86328741257398,-0.04537117256355438,-0.06154293554755519,0.18857064352700884,0.0,1.0,0,1,1,0.0,3,0.011329152
2042-04-10,20.74907790924434,0.9818007217311338,0,255.23843923968772,12.516963414705144,0,-26.555065641633444,33.315920202608496,1.9404220604105145,0,44.60267923778472,1.2235074273928526,0,131.00503367134638,0.232361043568974,0,20.06710624470362,241.22901048046728,-0.07008338221173241,1,214.24998083398032,-0.07285461924456757,1,128.62915326329392,-0.0047129079497527935,1,37.1329277734291,0.03644316810648268,0,329.4261347386981,0.01972682834008176,0,26.8821418406488,0.010620402852140082,0,Jupiter,Jupiter,1.5,CLEAR,1080.0,0.0,0,0,-535.0,327.7922061357856,0,177.1170530605512,-0.06307504399055917,-0.06556915732011082,0.2555971479258714,0.0,1.0,0,1,1,0.0,3,0.010772711
2042-04-17,27.609939140855364,0.9784263890913111,0,351.081742842063,14.89552436501917,0,-6.387165271531672,45.65289799162635,1.544021896357075,0,53.15090297997837,1.2187949293822202,0,132.8207060587117,0.2851950572726505,0,19.340802219190188,240.6743217328218,-0.08806689049299835,1,213.7293338406035,-0.07561082468024907,1,128.61802660895603,0.0015218754212798081,0,37.391087020714295,0.037219736193055894,0,329.556102277264,0.017337363195086154,0,26.891377899412827,-0.001448754789448752,1,Jupiter,Jupiter,1.5,CLEAR,1080.0,0.0,0,0,-400.0,327.7922061357856,0,176.3382468198892,-0.07926020144369851,-0.06804974221222417,0.31371456299991557,0.0,1.0,0,1,1,0.0,2,0.010409532
2042-04-24,34.446234679314905,0.9746662342158584,0,93.39392169691476,13.466676817256484,0,28.244016337696486,54.53244384183625,0.9747244223093096,0,61.66496308251495,1.2136270637660451,0,134.98254235798888,0.331293406252941,0,18.511340161853056,240.0029679021153,-0.10320672023942858,1,213.1967666301602,-0.07619704278470071,1,128.651112704017,0.00792389822918481,0,37.65355213698091,0.03769806838689429,0,329.6688863735511,0.014857266374710949,0,26.864280282468258,-0.011069213545332746,1,Jupiter,Jupiter,1.5,CLEAR,1080.0,0.0,0,0,-460.0,327.7922061357856,0,175.54321449317928,-0.09288604821548573,-0.06857733850623064,0.36442274687823517,0.0,1.0,0,1,1,0.0,2,0.010470287
2042-05-01,41.25436628894235,0.9705821313605906,0,179.84333662583998,11.791604162236071,0,2.2714734317464487,59.13624039464418,0.33537340208176636,0,70.13924158420483,1.2075106810646798,0,137.44183671330617,0.3702750612349589,0,17.58355438288234,239.23700142164304,-0.11503305383085065,1,212.6667884448153,-0.07489822352890169,1,128.72814611247756,0.014063662388250926,0,37.91726190321963,0.037615640779377145,0,329.76327056085916,0.012096348485870153,0,26.89905060767056,0.016266779992762583,0,Jupiter,Jupiter,0.0,CLEAR,1080.0,0.0,0,0,-300.0,327.7922061357856,0,174.74952654159566,-0.10352974844776558,-0.06740840117601152,0.4073025673584548,0.0,1.0,0,1,1,0.0,2,0.010176202
2042-05-08,48.03647785832523,0.9673246318979916,0,264.92568455109773,12.771939871387222,0,-27.79405615936279,59.30715718307077,-0.26401499732651523,1,78.56974972254842,1.2011903175639087,0,140.15331429693143,0.40361109146813745,0,16.562580258455707,238.40157323791456,-0.12301260178824283,1,212.1528643168461,-0.07163557976581936,1,128.84795238750925,0.020141294709660144,0,38.17958540544103,0.037282288711896865,0,329.83840446726873,0.009361700587440368,0,26.776629474597097,-0.05177066517194632,1,Jupiter,Jupiter,0.0,CLEAR,1080.0,0.0,0,0,-180.0,327.7922061357856,0,173.97327891140506,-0.11071134160941855,-0.06447202178923743,0.44397220061495124,0.0,1.0,0,1,1,0.0,2,0.007226963
2042-05-15,54.79852168165653,0.9647566245997751,0,0.543987168859893,14.537217941848942,0,-1.904722156010669,56.09565804257941,-0.5827668437917066,1,86.95536674834554,1.1946626345455724,0,143.08238579759131,0.43268907113477867,0,15.452511161757513,237.52369826448643,-0.1271204055553664,1,211.66748220091844,-0.06677194509181517,1,129.00921331676466,0.025883512654234775,0,38.437935991346706,0.036454224576963,0,329.8937062861597,0.006408132452532473,0,26.67808204020151,0.020996342967148248,0,Jupiter,Jupiter,0.0,CLEAR,1080.0,0.0,0,0,-415.0,327.7922061357856,0,173.22954620957174,-0.11440836499982977,-0.06009475058263365,0.4759579782482566,0.0,1.0,0,1,1,0.0,2,0.0070690145
2042-05-22,61.543203208753205,0.962170672182536,0,101.49807995560198,13.511642805119823,0,27.93779074750354,52.279069909179945,-0.4321897545455173,1,95.2940636830471,1.18759239277255,0,146.2041343431741,0.4586463122018512,0,14.255530853592777,236.63291189471647,-0.12663212775517674,1,211.22263568646318,-0.060068997690469264,1,129.21026863410185,0.03148749896396062,0,38.689565280470006,0.03535520705768235,0,329.92851800569895,0.0035164094976196506,0,26.399727820154347,-0.08623540422469475,1,Jupiter,Jupiter,0.0,CLEAR,1080.0,0.0,0,0,-295.0,327.7922061357856,0,172.53307040599316,-0.11396891497965907,-0.05406209792142234,0.5045109434220364,0.0,1.0,0,1,1,0.0,2,0.0071085203
2042-05-29,68.26791576966372,0.959239637702605,0,188.1403512604229,11.801460599496272,0,-1.7447254854844207,50.78555576579747,0.03250138455345795,0,103.5779303391124,1.179033969664193,0,149.49459455410735,0.48094135047947434,0,12.975561728322177,235.76077919881075,-0.1218319148027088,1,210.8294001858846,-0.05205912015836681,1,129.44862799928808,0.036562005743567064,0,38.931542857616094,0.033739753395387914,0,329.9424700785957,0.0004921691037409432,0,26.233571304946004,0.022061864776840436,0,Jupiter,Jupiter,0.0,CLEAR,1080.0,0.0,0,0,-135.0,327.7922061357856,0,171.89785732826851,-0.10964872332243793,-0.046853208142530134,0.5290354855274219,0.0,1.0,0,0,1,0.0,2,0.0069757127
2042-06-05,74.97460243576377,0.9571221243851008,0,274.53488775631723,13.133381346801695,0,-28.123939963758122,52.82991070837387,0.5450840578363091,0,111.79844497877976,1.1695371157402863,0,152.93097209174059,0.5004784886518929,0,11.618095057590349,234.93680297712174,-0.11298354817718727,1,210.49675423133684,-0.04282431720088275,1,129.7215610623027,0.04134896286361473,0,39.16155889862761,0.03192535563842282,0,329.9359314945475,-0.0023529309681862465,1,25.81143240634596,-0.1388107973379763,1,Jupiter,Jupiter,0.0,CLEAR,1080.0,0.0,0,0,100.0,327.7922061357856,0,171.33519533270922,-0.10168519335946855,-0.03854188548079447,0.5505263375170822,0.0,1.0,0,0,1,0.0,3,0.007016525
2042-06-12,81.66974821683094,0.9559186597494057,0,10.940226892693653,14.244293215555292,0,3.15282776879627,58.261858741470164,0.9951391069374799,0,119.9494208384999,1.1592068390891828,0,156.49664415159532,0.5180728308220961,0,10.18846344670401,234.18655806973868,-0.10081330137919667,1,210.23144366727354,-0.032832286759190345,1,130.02611781105,0.04560680254274998,0,39.37729426498324,0.0296642077981233,0,329.90919426604626,-0.0052707620901706834,1,25.37003693469444,0.013997199572617289,0,Jupiter,Jupiter,0.0,CLEAR,1080.0,0.0,0,0,-32.0,327.7922061357856,0,170.8541494022903,-0.090731971241277,-0.02954905808327131,0.5698801139043057,0.0,1.0,0,0,1,0.0,3,0.0076523996
2042-06-19,88.3583236612471,0.9549977706388144,0,109.63419165683382,13.386180185198272,0,26.984369440442364,66.62937233615796,1.3888428685546141,0,128.02507689807769,1.1477614897935449,0,160.18161983072577,0.5344874658880406,0,8.690488419252128,233.5334324837175,-0.08532820034152393,1,210.03947720055382,-0.021933955977693122,1,130.3595618355001,0.049549172435557405,0,39.57658879219458,0.027190887132133475,0,329.8628830540375,-0.007968673407907413,1,24.759362629704086,-0.17605866591617617,1,Jupiter,Jupiter,0.0,CLEAR,1080.0,0.0,0,0,-232.0,327.7922061357856,0,170.46288840835925,-0.07679538030737154,-0.019740560379923812,0.5879362124768448,0.0,1.0,0,0,1,0.0,3,0.008327438
2042-06-26,95.03869413970726,0.9537252559578488,0,196.13101213044803,11.813822144591272,0,-5.682904785699949,77.63739457742331,1.7512849233904983,0,136.0119310529937,1.1337851924002462,0,163.97490701899213,0.5490394127724852,0,7.129817676998787,232.997410244758,-0.06746072153652587,1,209.9250517584959,-0.010687164276011468,1,130.71816370579285,0.05284337630928161,0,39.75687410888326,0.024300795424454586,0,329.79761113428253,-0.010621740145556289,1,24.221058562755058,0.005306995364140909,0,Jupiter,Jupiter,0.0,CLEAR,1080.0,0.0,0,0,-292.0,327.7922061357856,0,170.16817764961263,-0.060714649382873284,-0.009618447848410322,0.6039433540497339,0.0,1.0,0,0,1,0.0,3,0.009224646
2042-07-03,101.712168278762,0.9531263341682584,0,283.7211943744462,13.522635878355928,0,-27.644457232189314,91.00451081574211,2.0485074120789486,0,143.89236986501655,1.1173346055860094,0,167.86504954672913,0.5622179112967114,0,5.513701328283371,232.59304821063392,-0.04788132418113553,1,209.89057071960337,0.0008313692809391181,0,131.09851166567785,0.05573157157312365,0,39.91661940041534,0.021293483459420084,0,329.7150340590985,-0.012946647723070179,1,23.56137768493362,-0.20008716883306257,1,Jupiter,Jupiter,0.0,CLEAR,1080.0,0.0,0,0,-160.0,327.7922061357856,0,169.97395131918802,-0.04309319176302198,0.0007482323528452063,0.6184397024263826,0.0,1.0,0,0,1,0.0,2,0.009032231
2042-07-10,108.38485322885663,0.9535560455856585,0,21.874522224891322,14.111674933371374,0,8.440552708481468,105.88439844971312,2.164036598985693,0,151.6487954231063,1.0984404368250882,0,171.8437968684089,0.5745357777223713,0,3.8493781030819814,232.3288608694691,-0.02743530091676496,1,209.93623244442554,0.012240898453986834,0,131.4968154644741,0.05801461279968063,0,40.05401750220727,0.01795086109667492,0,329.61636245577967,-0.015183588313637027,1,22.864433255402137,0.00018074875698092618,0,Jupiter,Jupiter,0.0,CLEAR,1080.0,0.0,0,0,-60.0,327.7922061357856,0,169.88221494221827,-0.024691770825088465,0.011016808608588152,0.6319893554946084,0.0,1.0,0,0,1,0.0,2,0.008975969
2042-07-17,115.06326992319352,0.9544782155480339,0,118.18077016816895,13.114055316349166,0,25.394956791795167,120.79686010916022,2.069787311809092,0,159.26418477092253,1.0766763490295612,0,175.90817262495844,0.586565746350491,0,2.1425789553423136,232.21105069837643,-0.006185282776128137,1,210.06229085221722,0.023713035994791243,0,131.90991882878257,0.059878621997280584,0,40.167816606711945,0.014487978714902197,0,329.5034580167284,-0.01706649398967835,1,22.091804481940194,-0.2132557228910277,1,Jupiter,Jupiter,0.0,CLEAR,1080.0,0.0,0,0,-156.0,327.7922061357856,0,169.89447424550528,-0.005566754498515323,0.02134173239531212,0.6452223209855401,0.0,1.0,0,0,1,0.0,2,0.009024257
2042-07-24,121.74657936894596,0.9550576767359384,0,204.03134094899207,11.80657091823402,0,-9.540778948152681,134.6453879154443,1.880709797950167,0,166.71015159523364,1.0497939126418312,0,180.05334514420224,0.5976347545049816,0,0.4007661432358098,232.24225629656888,0.015091582289408647,0,210.2672767750249,0.034816965053494874,0,132.33346190441804,0.06106597539631777,0,40.256193700771675,0.01077384701697381,0,329.3778550693388,-0.01873137705250245,1,21.362226048165063,0.0014095578796071546,0,Jupiter,Jupiter,0.0,CLEAR,1080.0,0.0,0,0,-60.0,327.7922061357856,0,170.01108307425324,0.013582424060467783,0.03133526854814539,0.6573982299554798,0.0,1.0,0,0,1,0.0,1,0.0071338704
2042-07-31,128.43516640159686,0.9560665285929516,0,292.3287435781392,13.833268429234508,0,-26.54859729930461,147.10476964942433,1.6798061327313905,0,173.9464960009101,1.016538616822536,0,184.27339098274456,0.607960034083709,0,-1.366989737402875,232.42147746880175,0.03597700727879981,0,210.54890109191163,0.04553722430083185,0,132.76382638367875,0.06178557584967468,0,40.31874980293754,0.007068660364903164,0,329.24231225440053,-0.019957598607862115,1,20.777616854040687,-0.18532225947103584,1,Jupiter,Jupiter,0.0,CLEAR,1080.0,0.0,0,0,-60.0,327.7922061357856,0,170.2301512889741,0.03237930655091983,0.040983501870748666,0.66875603749208,0.0,1.0,0,0,1,0.0,1,0.007922658
2042-08-07,135.1338567522244,0.9580879148738002,0,32.78487584813493,14.171901270339665,0,13.485319251637106,158.17282362455288,1.4824335203790477,0,180.92429139352151,0.9758956654969027,0,188.56373281226755,0.6179090492405859,0,-3.1513490114357645,232.74375199981188,0.0560245300785231,0,210.90316243442763,0.055642825361796516,0,133.1967037170956,0.06190042135177075,0,40.354613113187725,0.0032097191936079645,0,329.09876101480074,-0.0209595664299547,1,20.136832973632696,0.009062647515859534,0,Jupiter,Jupiter,0.0,CLEAR,1080.0,0.0,0,0,60.0,327.7922061357856,0,170.5485493212399,0.05042207707067079,0.05007854282561686,0.6796999541646445,0.0,1.0,0,0,1,0.0,1,0.006468854
2042-08-14,141.84994013806872,0.9607238037577721,0,127.24261119745438,12.777454980681876,0,23.13337221463627,167.83086529451293,1.272462120973944,0,187.58817091479395,0.926133800444787,0,192.92455192633656,0.6279572537898963,0,-4.94429807712556,233.2044352822358,0.07541671747998364,0,211.3270162700715,0.06531816602212162,0,133.6290394729985,0.0614880119075815,0,40.3638066510528,-0.0006319759001727454,1,328.94995538228204,-0.021536962632439323,1,19.544940976676056,-0.16714564111460226,1,Jupiter,Saturn,1.5,CLEAR,1080.0,0.0,0,0,60.0,327.7922061357856,0,170.9632096190187,0.06787504573198529,0.05878634941990946,0.690752979168886,0.0,1.0,0,0,1,0.0,2,0.006261646
2042-08-21,148.58310081629904,0.9630238572614022,0,212.11167723305854,11.788503761329475,0,-13.30643492478801,175.87625991256155,1.0141592392905978,0,193.85721818478947,0.8622533266041859,0,197.35393207381935,0.637511654797833,0,-6.736060324173331,233.79709770360648,0.09375010923412655,0,211.81593605457357,0.07428289896051726,0,134.0560092476023,0.06043664624341074,0,40.34571596371265,-0.004488647275525613,1,328.7980053320561,-0.021773668602035272,1,18.98317230194243,0.017202191152667138,0,Jupiter,Saturn,1.5,CLEAR,1080.0,0.0,0,0,60.0,327.7922061357856,0,171.47022009086092,0.0843750983107139,0.06685460906446554,0.7012628202776163,0.0,1.0,0,0,1,0.0,2,0.0993883
2042-08-28,155.33258781714258,0.9654360598285968,0,300.491185948415,13.967528761532689,0,-24.968700768806183,181.78133097477846,0.6486314438334009,0,199.61409629948736,0.7787708212187502,0,201.84864169038806,0.646585799741812,0,-8.515138487813603,234.51414161846165,0.11086576121002802,0,212.36537489468674,0.0825388511158447,0,134.47402174440907,0.058875599473498616,0,40.30145896065671,-0.008159330976737147,1,328.6462704760563,-0.021541693444891374,1,18.736530387727093,-0.10617086903712902,1,Jupiter,Saturn,1.5,CLEAR,1080.0,0.0,0,0,60.0,327.7922061357856,0,172.06391593403004,0.09977918508902521,0.07428496600426024,0.7112443797159932,0.0,1.0,0,1,1,0.0,2,0.12873448
2042-09-04,162.10113697652275,0.9686939362350715,0,43.1101956371837,14.401077834501347,0,17.851409947948856,184.51435143030366,0.09487073433437611,0,204.70069971426275,0.6699696524998298,0,206.40551709826755,0.6554713967139629,0,-10.269352066726931,235.34590104807347,0.1266427097448561,0,212.96941823956737,0.08998533502343962,0,134.8787599031481,0.0567320015647741,0,40.23154622955656,-0.011735895133185653,1,328.49691593182916,-0.021017836921927602,1,18.38633537008953,0.020233790699746526,0,Jupiter,Saturn,1.5,CLEAR,1080.0,0.0,0,0,-290.0,327.7922061357856,0,172.73787201001082,0.1139784387703705,0.08098680152109566,0.7210185363853593,0.0,1.0,0,1,1,0.0,2,0.118625484
2042-09-11,168.89589592486118,0.9726069610030316,0,136.66085717639228,12.46776063930623,0,20.2084007816187,182.6485762487411,-0.6397104392438717,1,208.91907506268817,0.5289660216649144,0,211.0258860098274,0.6645839019718707,0,-11.987499941692324,236.28470836781156,0.14135447433942944,0,213.62363609255718,0.09676292487707473,0,135.26701238763985,0.05405154962460605,0,40.13760215323603,-0.015114977319329438,1,328.3529469957029,-0.02009732421162526,1,18.17426313924702,-0.07733242909163494,1,Jupiter,Saturn,2.5,CLEAR,1080.0,0.0,0,0,-350.0,327.7922061357856,0,173.48603393932115,0.1272190269054865,0.08708663238936726,0.7310422921690578,0.0,1.0,0,1,1,0.0,2,0.13357638
2042-09-18,175.71677958822738,0.9761700595670355,0,220.55881925079183,11.795613258518141,0,-16.91406142416632,176.25595475062082,-1.0528549787260315,1,212.00453957958885,0.3444928625385678,0,215.70910489763503,0.6734382389096195,0,-13.656593939222068,237.322016482205,0.1548310303929253,0,214.32220708195982,0.10271634560980956,0,135.63413185763736,0.05077838427105383,0,40.02060028872937,-0.018225734725019,1,328.21644753914023,-0.018804502291201633,1,17.949335781779084,0.02155792331748661,0,Jupiter,Saturn,2.5,CLEAR,1080.0,0.0,0,0,-278.0,327.7922061357856,0,174.30160679323046,0.13934792735363277,0.0924447110488286,0.7407820628005816,0.0,1.0,0,1,1,0.0,2,0.12412067
2042-09-25,182.56170668107245,0.9794837902313496,0,308.64573704191884,13.896657056411732,0,-22.858056666288185,170.5475042292875,-0.40159870711936824,1,213.62232439132396,0.1092996469541415,0,220.45306962301458,0.6818755322645794,0,-15.261939741798383,238.44926068165057,0.166975307371369,0,215.05968781659055,0.10780925881224353,0,135.9767615422207,0.046998435745131774,0,39.88337917646752,-0.020950344204215193,1,328.0906350729518,-0.017120802315481434,1,17.976584500888134,-0.026716122993514148,1,Jupiter,Saturn,3.0,CLEAR,1080.0,0.0,0,0,-182.0,327.7922061357856,0,175.17630864012304,0.1502777766342321,0.09702833293101917,0.7500630854910374,0.0,1.0,0,1,1,0.0,2,0.12601869
2042-10-02,189.43072780164175,0.9833318009967295,0,52.46278948972514,14.710523702957728,0,21.2912320999681,171.78317364876358,0.7364952130342437,0,213.4407041606901,-0.16465994503058212,1,225.25482141740312,0.6901453536595764,0,-16.78796178601832,239.65652476677462,0.1778308615022987,0,215.82941534959983,0.11204491336526812,0,136.29087721502896,0.04273328017684733,0,39.72803021936104,-0.023312452126519063,1,327.9772447204023,-0.015171614298530188,1,17.908071490925117,0.006772441523279796,0,Jupiter,Saturn,3.0,CLEAR,1080.0,0.0,0,0,-242.0,327.7922061357856,0,176.10138513023878,0.16004777535206885,0.10084042202874131,0.7591598890255341,0.0,1.0,0,1,1,0.0,2,0.13915537
2042-10-09,196.329838448732,0.9877935349524827,0,146.1038439181067,12.252248348055984,0,16.73188972624672,179.7987851064869,1.4565626800993672,0,211.3401340887061,-0.42742555005202626,1,230.1156025310677,0.6986129772140227,0,-18.21991125878927,240.9363539354863,0.1876135505679357,0,216.62638500570185,0.11547943699819908,0,136.57372771290787,0.037953939356042486,0,39.557765813485226,-0.025302980192048175,1,327.87876790266455,-0.012959530252719648,1,17.913284578973947,0.00019215271819189773,0,Jupiter,Saturn,3.0,CLEAR,1080.0,0.0,0,0,-260.0,327.7922061357856,0,177.06861919221663,0.1688521955111421,0.10393149329837918,0.7684742749354251,0.0,1.0,0,1,1,0.0,2,0.14184783
2042-10-16,203.258960116589,0.99187313615913,0,229.3719099626214,11.866900269561253,0,-20.231249359965314,191.02440289005133,1.692360876034042,0,207.68381060090366,-0.5927818858912658,1,235.03508091122595,0.7069150533718016,0,-19.54168124418574,242.2805704058743,0.19627303425874534,0,217.44420318325888,0.11805717357095025,0,136.82127019088642,0.032729906134883954,0,39.37509148344061,-0.0267701119671796,1,327.796599830096,-0.010443952703750318,1,17.900993819880945,-0.014396900365668723,1,Jupiter,Saturn,3.0,CLEAR,1080.0,0.0,0,0,-170.0,327.7922061357856,0,178.06911169981828,0.1766457308328708,0.10625145621385522,0.7776065587089819,0.0,1.0,0,1,1,0.0,2,0.15486363
2042-10-23,210.21457399077187,0.9953286126884127,0,317.35508112015907,13.703775656994212,0,-20.011862880542946,202.98433251946935,1.7053800045386878,0,203.46487347962207,-0.5797164594139194,1,240.01128209747756,0.7147365505150489,0,-20.736203447503357,243.68120589572274,0.20366011032891132,0,218.27694684766124,0.11967429698649451,0,137.03100523050065,0.0271005356066812,0,39.18423166451491,-0.027706754044940135,1,327.7330739722556,-0.00771437512865487,1,17.843423815509563,0.012495627594299008,0,Jupiter,Saturn,3.0,CLEAR,1080.0,0.0,0,0,30.0,327.7922061357856,0,179.0927151831463,0.1832940992960202,0.10770686728784507,0.7862102055665539,0.0,1.0,0,1,1,0.0,2,0.16719808
2042-10-30,217.19377740372056,0.9989083405130382,0,60.84320927137201,14.937941124589123,0,23.838323710553365,214.7646359923795,1.6571019774681819,0,199.9890341684799,-0.3893380828679805,1,245.04070742009,0.7223051400729769,0,-21.786249773816827,245.12908893215516,0.2099088797692608,0,219.1175750505333,0.12042277867075685,0,137.20001725083534,0.02120305489857781,0,38.98844867187783,-0.028087662175617124,1,327.68891022675683,-0.004827491176009941,1,17.847503253041854,-0.03921354440851675,1,Jupiter,Saturn,3.0,CLEAR,1079.7417472426891,-0.2582527573108564,0,0,30.0,327.7922061357856,0,179.87087362134451,0.1889179917923347,0.10838050080368117,0.7945356540802746,0.0,1.0,0,1,1,0.0,2,0.17578852
2042-11-06,224.2004866902704,1.0029735750065438,0,155.20183978786542,12.158332778266875,0,12.906646959997241,226.17801571793603,1.6051217903232973,0,198.2225744895887,-0.1095039130272913,1,250.1236606523503,0.7299331737785592,0,-22.676179358593824,246.61740753038114,0.21512440140383962,0,219.9606023717538,0.1202734240678629,0,137.326844367569,0.014951902459245974,0,38.79186764134024,-0.028021512953858924,1,327.6654720072579,-0.0018857234058384774,1,17.684938348992226,0.02812233224547523,0,Jupiter,Saturn,3.0,CLEAR,1077.662530539173,-2.0792167035160674,0,0,30.0,327.7922061357856,0,178.83126526958645,0.19361196126345567,0.10824608166107662,0.8029264911564151,0.0,1.0,0,1,1,0.0,2,0.1603871
2042-11-13,231.23452490757336,1.0066387860691761,0,238.33189486117084,12.016287503584648,0,-23.092430180524733,237.26386086376394,1.5644344431535866,0,198.4466942541232,0.16827862442987404,0,255.25947578824147,0.7373920897401748,0,-23.39051083239123,248.13857199700817,0.21932652370192482,0,220.7993835341625,0.11923985494627765,0,137.4090940637377,0.00854864193517681,0,38.59776383226888,-0.027311435257298067,1,327.6630121830242,0.001220171079073254,0,17.61279476850751,-0.08997494138676691,1,Jupiter,Saturn,3.0,CLEAR,1075.5967605962128,-2.065769942960287,0,0,-66.0,327.7922061357856,0,177.7983802981064,0.19739387133173233,0.10731586945164988,0.8111312987141923,0.0,1.0,0,1,1,0.0,1,0.173068
2042-11-20,238.2911092941457,1.0093417602582242,0,326.97149888198345,13.548316173506747,0,-16.252736324510277,248.10655550434444,1.5348400865667855,0,200.4745924579146,0.40275242077915036,0,260.4456524566603,0.7442274266450071,0,-23.914904408904736,249.68502726304325,0.22227894499954792,0,221.62748095640487,0.11715690329808974,0,137.44617376863508,0.0020068918675191613,0,38.410706873645324,-0.026078035446511813,1,327.6825119037573,0.004310553517475929,0,17.05793334507101,0.0006543315911907841,0,Jupiter,Saturn,3.0,CLEAR,1073.566451834481,-2.0303087617317033,0,0,-216.0,327.7922061357856,0,176.78322591724046,0.20005105049959312,0.10544121296828077,0.8186501693095078,0.4749044089047345,1.0,0,1,1,0.0,1,0.15315431
2042-11-27,245.36457009193677,1.0117424747668673,0,68.78718164647998,14.91082736610484,0,25.75086539162918,258.7578245746676,1.5074567421657183,0,203.97203017258525,0.5890064253403299,0,265.67769548710976,0.7506575751607287,0,-24.236925745918814,251.2480523967924,0.2241855881895808,0,222.43760181049586,0.11421329423124015,0,137.43751279757927,-0.0044149968114239185,1,38.2340530915207,-0.024265782081259298,1,327.7234098000646,0.007411883277527855,0,16.903615391302008,-0.11425735877864175,1,Jupiter,Saturn,3.0,CLEAR,1071.5929025620496,-1.9735492724314554,0,0,-220.0,327.7922061357856,0,175.79645128102484,0.2017670293706227,0.10279196480811613,0.8257233326768016,0.7969257459188128,1.0,0,1,1,0.0,2,0.17601974
2042-12-04,252.45624259830566,1.014436838936404,0,163.70654445580598,12.167585261452423,0,8.956356710408413,269.16061299553525,1.457282615659336,0,208.62137133719781,0.7327574749621051,0,270.95442474970105,0.7569400420659359,0,-24.347481876283712,252.82106120706285,0.2249623375720591,0,223.22398534477165,0.11028765089172964,0,137.38411420458158,-0.010845207090243952,1,38.07157819514279,-0.022101693052032273,1,327.78568474726444,0.010343839525607018,0,16.25463429494422,0.00400751547626747,0,Jupiter,Saturn,1.5,CLEAR,1069.6951857007423,-1.8977168613073445,0,0,-380.0,327.7922061357856,0,174.84759285037114,0.2024661038148532,0.09925888580255668,0.8326340462725296,0.9074818762837111,1.0,0,1,1,0.0,2,0.20836912
2042-12-11,259.56595975275235,1.016785187469569,0,247.09087056875055,12.209843771164548,0,-25.374220717000888,278.95576809541876,1.316202576274384,0,214.14840260346563,0.841251322905642,0,276.2744494736296,0.7629954972887006,0,-24.23973861974627,254.39632640786775,0.22490366105192472,0,223.97969283719976,0.10548077492464197,0,137.28651417450348,-0.01697029445293793,1,37.92608800870251,-0.019368817999434625,1,327.86837544498724,0.013283095836408462,0,15.940355975890956,-0.17007852856823033,1,Jupiter,Saturn,1.5,CLEAR,1067.8927903430053,-1.8023953577369412,0,0,-556.0,327.7922061357856,0,173.94639517150273,0.20241329494673224,0.09493269743217778,0.8392950470175707,0.7997386197462681,1.0,0,1,1,0.0,2,0.21717867
2042-12-18,266.6883817773977,1.0179565644002324,0,337.36884948845307,13.575307546333867,0,-11.658189848458287,286.9758900431127,0.9061689075548389,0,220.3365457342102,0.9230203006528558,0,281.6344429734184,0.7682594706837342,0,-23.910395129205384,255.96643250740757,0.22345820788492202,0,224.69808811706548,0.09957703576821085,0,137.1471519913941,-0.022802375665251597,1,37.801141843228955,-0.01630054264508627,1,327.9710515826871,0.015986804933814935,0,14.810555453341953,-0.04151648590241904,1,Jupiter,Saturn,1.5,CLEAR,1066.206107452327,-1.6866828906784122,0,0,-556.0,327.7922061357856,0,173.10305372616347,0.2011123870964298,0.08961933219138976,0.8450854177521078,0.4703951292053823,1.0,0,1,1,0.0,2,0.23929001
2042-12-25,273.8158651681042,1.0184803596417038,0,77.14128223909056,14.588379103225122,0,27.251164164990506,290.2499414866704,-0.0876472121787626,1,227.02812329939522,0.9863849064608433,0,287.02878495494105,0.7729417419051051,0,-23.35984996638872,257.5224031082961,0.22096813121485398,0,225.37200455425113,0.09286820927650057,0,136.9688818948441,-0.028000812814597008,1,37.69896651743083,-0.012812938911158056,1,328.09200234394325,0.018567975389921353,0,14.451393613852712,-0.17066665708112141,1,Jupiter,Saturn,1.5,CLEAR,1064.6539239263595,-1.5521835259673935,0,0,-380.0,327.7922061357856,0,172.3269619631797,0.19887131809336858,0.08358138834885051,0.8502359160956157,0.0,1.0,0,1,1,0.0,2,0.23199247
2043-01-01,280.9473675709646,1.0191093383837753,0,171.64522931169805,12.214639906722969,0,5.033104624625321,285.07133295091774,-1.2746588988215728,1,234.11440579972867,1.0361818038587611,0,292.45463932781814,0.7772558500931003,0,-22.592511213248187,259.0571390033616,0.21733910546557045,0,225.99576359442204,0.08518943192310727,0,136.75592963255548,-0.032753565907990626,1,37.62176825092229,-0.00921614160312479,1,328.22995132981976,0.0207972663726804,0,13.384470140717353,-0.029546805517300524,1,Jupiter,Saturn,1.5,CLEAR,1063.2520093130006,-1.4019146133589402,0,0,-460.0,327.7922061357856,0,171.62600465650024,0.1956051949190134,0.07667048873079654,0.8549814351024104,0.0,1.0,0,0,1,0.0,2,0.23288673
2043-01-08,288.0830998561148,1.0195616262440774,0,255.39054186294365,12.374841301838346,0,-27.050263549082793,276.4552515038346,-0.8910397603461335,1,241.50846496562315,1.0747062385736312,0,297.9098260672442,0.7812785515678117,0,-21.615292961941897,260.5628306263344,0.21266155917601529,0,226.56292951377495,0.07671874435687619,0,136.51233327734272,-0.03670338872853043,1,37.57087834366303,-0.005275665588011921,1,328.383020992025,0.022908923951771517,0,12.985566375374637,-0.1879178984489874,1,Jupiter,Saturn,1.5,CLEAR,1062.015897659776,-1.2361116532244978,0,0,-260.0,327.7922061357856,0,171.00794882988808,0.19139540325841375,0.06904686992118857,0.8594064067245929,0.0,1.0,0,0,1,0.0,2,0.2210487
2043-01-15,295.21836200583624,1.0188335455299666,0,347.9538829972949,13.840642997484059,0,-6.635443468230012,274.1543653677725,0.19296992856330547,0,249.13881721470224,1.1040737616397673,0,303.3903055837482,0.7843837743408962,0,-20.4387674328947,262.0309480549923,0.20654903914865608,0,227.06738433976568,0.06724649141505482,0,136.24368214397379,-0.039928650417120556,1,37.54792276895863,-0.001292209692726064,1,328.54966622256,0.02462564580816226,0,11.731807794385814,-0.0522842887511284,1,Jupiter,Saturn,1.5,CLEAR,1060.961076858386,-1.0548208013901785,0,0,-55.0,327.7922061357856,0,170.48053842919296,0.18589413523379048,0.060521842273549335,0.8628221517749859,0.0,1.0,0,0,1,0.0,2,0.19733992
2043-01-22,302.3448621855754,1.0172595648455096,0,86.4781813949244,14.112876562277464,0,28.25616549384726,278.0526856924639,0.8459107488318901,0,256.9517642049184,1.1274364784752653,0,308.8896134381671,0.7867569286303423,0,-19.0766439316781,263.45206558406414,0.1993110721195149,0,227.50318415689654,0.057182009261155575,0,135.95599449729195,-0.04209621652397226,1,37.55334695984676,0.0028558116270273755,0,328.7274576086597,0.026134763040722684,0,11.405864110746826,-0.1549870651027895,1,Jupiter,Saturn,1.5,CLEAR,1060.1003256059005,-0.8607512524854428,0,0,17.0,327.7922061357856,0,170.05016280295024,0.17937996490756342,0.051463808335040016,0.8654326214933766,0.0,1.0,0,0,1,0.0,1,0.18459979
2043-01-29,309.45995096120373,1.0156758967467705,0,179.3558103533351,12.217646948491582,0,1.154764800021138,285.23492639900235,1.170059902250127,0,264.91306403761587,1.1465604575034651,0,314.40350955714746,0.7885939139340358,0,-17.544930030930956,264.81815784909645,0.19080429204670404,0,227.86598526821845,0.0463745756249994,0,135.65588369877744,-0.04349697815692486,1,37.58726670837382,0.0068312527273734405,0,328.91425726031713,0.02718818183039836,0,10.412922582945907,-0.027174711335739024,1,Jupiter,Saturn,1.5,CLEAR,1059.4425628803108,-0.6577627255896914,0,0,271.0,327.7922061357856,0,169.72128144015537,0.17172386284203364,0.04173711806249946,0.8674533053274395,0.0,1.0,0,0,1,0.0,1,0.17601413
2043-02-05,316.5646998724739,1.0141880145907358,0,263.27736955610214,12.44891019186467,0,-28.144897769529063,294.1026616864018,1.348962313440399,0,272.9947719013645,1.1618540989510076,0,319.9293414709503,0.7901173614421317,0,-15.86015878502486,266.1207100439129,0.18112572942818939,0,228.15143223526607,0.03509329325183805,0,135.34966565325095,-0.04382314811690515,1,37.64930738766638,0.010889982124596218,0,329.1077834183331,0.028058132360739275,0,10.257614661326382,-0.11775717505447789,1,Jupiter,Saturn,1.5,CLEAR,1058.9957503048006,-0.4468125755101937,0,0,175.0,327.7922061357856,0,169.4978751524003,0.16301315648537046,0.031583963926654246,0.8691290975863449,0.0,1.0,0,0,1,0.0,1,0.06722067
2043-02-12,323.65628478851517,1.0117556801094874,0,357.9931706681241,14.280269673217175,0,-1.7371292864116632,303.9927253935017,1.4716532511572238,0,281.17002542248537,1.1733513714742325,0,325.46285824883336,0.7907009430855436,0,-14.040788563727055,267.3500815766699,0.1698592774846218,0,228.35572869486154,0.02319928198787018,0,135.0443123627811,-0.043264116784889534,1,37.73907330295115,0.014715758942828571,0,329.3058569342404,0.02845820466461958,0,9.427604935371457,-0.024168592626812035,1,Jupiter,Saturn,1.5,CLEAR,1058.7666892161792,-0.22906108862139263,0,0,-196.0,327.7922061357856,0,169.3833446080896,0.15287334973615962,0.020879353789083163,0.869771037394098,0.0,1.0,0,0,1,0.0,1,0.05994921
2043-02-19,330.72728249282403,1.0084386098346212,0,96.70354662772088,13.69053475766266,0,28.425094293622237,314.6709796929688,1.5786935752898967,0,289.4163933748084,1.1824796611280752,0,330.9973971246977,0.7904616540615563,0,-12.106850665766402,268.49609609046024,0.15736198843200827,0,228.4762986526365,0.011233805801640857,0,134.74684811402338,-0.041576394071681046,1,37.85538209556903,0.018467726011398372,0,329.50587165361895,0.028625895528120004,0,9.362041599874598,-0.08053837494097568,1,Jupiter,Saturn,1.5,CLEAR,1058.7581668858652,-0.008522330314008286,0,0,-100.0,327.7922061357856,0,169.37908344293254,0.14162578958880745,0.010110425221476772,0.869507819467712,0.0,1.0,0,0,1,0.0,1,0.06208062
2043-02-26,337.77433576367355,1.0050945979309562,0,187.28193083601647,12.13710056975161,0,-2.7590413057955736,326.1034787673027,1.6892908894544785,0,297.7215382662554,1.1902365085514117,0,336.52790449181236,0.7896497312243846,0,-10.078515748110041,269.54980801652937,0.14349848825580305,0,228.51246568125202,-0.0008826612999033939,1,134.46373964435935,-0.039159841441669785,1,37.9965221316164,0.021831662375503304,0,329.70532589549595,0.028323773582649932,0,8.838784827218706,-0.00309979642358018,1,Jupiter,Saturn,1.5,CLEAR,1058.9681129007288,0.20994601486358988,0,0,-100.0,327.7922061357856,0,169.4840564503644,0.12914863943022276,-0.0007943951699130545,0.8686147043468232,0.0,1.0,0,0,1,0.0,2,0.047655195
2043-03-05,344.7997334621875,1.0021600552581056,0,271.11431295863457,12.430265216227168,0,-28.628537439704022,338.34710412821323,1.8105184445863842,0,306.07693819097415,1.1967572017186587,0,342.05196314948716,0.7885622995171414,0,-7.974799856016152,270.502237095749,0.128376513171878,0,228.46452189812808,-0.012789591508689588,1,134.2009152575501,-0.035800492222907106,1,38.160859186855944,0.025076036816515004,0,329.9020737934591,0.027834024177735964,0,8.93013492633825,-0.03142328771272942,1,Jupiter,Saturn,1.5,CLEAR,1059.3926745774556,0.42456167672685297,0,0,-40.0,327.7922061357856,0,169.69633728872788,0.11553886185469021,-0.011510632357820629,0.8674185294688557,0.0,1.0,0,0,1,0.0,2,0.048639048
2043-03-12,351.80327951387034,0.9986973948591771,0,7.073376190325257,14.728241182436083,0,2.6726278607424194,351.453306500412,1.9315292722519437,0,314.47178799775514,1.2014641081335367,0,347.5657343662488,0.7866419437644305,0,-5.8152196405956165,271.34312906773073,0.11162665486129007,0,228.33368773775132,-0.024514510135853308,1,133.96395371734417,-0.03177785292120791,1,38.34649753289413,0.0279061892325861,0,330.0937998452061,0.026884057818141346,0,8.663292925237862,-0.0014506780135924526,1,Jupiter,Saturn,1.5,CLEAR,1060.0256195902857,0.6329450128300778,0,0,8.0,327.7922061357856,0,170.0128097951428,0.10046398937516107,-0.022063059122267976,0.8653061381408736,0.0,1.0,0,0,1,0.0,2,0.04276278
2043-03-19,358.7796816542356,0.9944415392890289,0,107.21806672050133,13.451527102246533,0,27.50653708932082,5.266167588016865,1.9968758439783745,0,322.89475371950635,1.2049510166200164,0,353.06327772962123,0.7839356991072488,0,-3.619967108217339,272.06252203869127,0.09370242491318598,0,228.12351170699796,-0.03541887927412781,1,133.75818735572332,-0.02694440079818013,1,38.55124908805898,0.030501218118485548,0,330.2782305619764,0.025731300284993434,0,8.722886123801503,-0.012058530639943388,1,Jupiter,Saturn,1.5,CLEAR,1060.8554747621222,0.8298551718364706,0,0,-120.0,327.7922061357856,0,170.42773738106104,0.08433218242186738,-0.03187699134671503,0.8623292690179738,0.0,1.0,0,0,1,0.0,2,0.041868906
2043-03-26,5.725500537336305,0.9901995674095229,0,195.67119393649918,12.002624896333456,0,-6.765778185462988,18.959942482455787,1.8688544727055487,0,331.34005533225246,1.2079824616271229,0,358.5394803583899,0.7806789230726924,0,-1.4086694462058114,272.6520890645444,0.07459110814555019,0,227.83956294438423,-0.045521067312522645,1,133.58745398670425,-0.0217382922533281,1,38.7722256331866,0.03260087128823194,0,330.4529490189935,0.024169937700690862,0,8.648824971733166,0.0015036809254556998,0,Jupiter,Saturn,1.5,CLEAR,1061.865325377605,1.0098506154827191,0,0,-235.0,327.7922061357856,0,170.93266268880237,0.06713199733099517,-0.040968960581270385,0.8587468153799617,0.0,1.0,0,0,1,0.0,2,0.0076897326
2043-04-02,12.644247816417858,0.9866455073585843,0,279.3383993310632,12.380962296617927,0,-28.384049430808425,30.666248907029356,1.422544603171626,0,339.80607821242785,1.2107780332538607,0,3.9925736592745595,0.7772802697369711,0,0.8011400399819498,273.1045457733002,0.054485341266347645,0,227.48902284495583,-0.05445098989197757,1,133.45514922930005,-0.016010877121616623,1,39.00719796022935,0.03446318907708953,0,330.61637699047793,0.022468185786061457,0,8.639234351330591,-0.006076880062138471,1,Jupiter,Saturn,1.5,CLEAR,1063.036350230547,1.1710248529420824,0,0,-235.0,327.7922061357856,0,171.51817511527352,0.04903680713971288,-0.04900589090277982,0.8550082967106682,0.0,1.0,0,0,1,0.0,2,0.007964259
2043-04-09,19.538386550933218,0.9830441904799362,0,15.378230997105375,14.997595731287245,0,6.623495079542577,38.30027079855984,0.7320869814582176,0,348.28877639161186,1.212683295311637,0,9.41986987185712,0.7732643663892166,0,2.991963470213159,273.41202372178316,0.033224894942791586,0,227.07988193061462,-0.0621885390710904,1,133.36371836511972,-0.010048655998474479,1,39.25344306024735,0.03583662671696878,0,330.7664900925349,0.020386166944936963,0,8.69083930007254,-0.005258310634423379,1,Jupiter,Saturn,1.5,CLEAR,1064.3471222592657,1.3107720287187021,0,0,-416.0,327.7922061357856,0,172.17356112963273,0.02990240544851243,-0.05596968516398136,0.8505908030281383,0.0,1.0,0,1,1,0.0,2,0.0073039364
2043-04-16,26.405435048787428,0.9788273590768134,0,117.36540615502098,13.411086283770087,0,25.574594478114953,40.75550667893877,-0.02438928005124934,1,356.78188073439895,1.2137900655989298,0,14.816821789153302,0.7685656957562712,0,5.145774569895911,273.5688587459375,0.011502063789661718,0,226.62280341632052,-0.06815343953609722,1,133.31550073008955,-0.0037559537460103783,1,39.50841600542767,0.03689283809870372,0,330.90173766742816,0.01817308767098257,0,8.554493297054268,-0.001463277420281216,1,Jupiter,Saturn,1.5,CLEAR,1065.7712251782143,1.4241029189486198,0,0,-256.0,327.7922061357856,0,172.88561258910715,0.010351857410695546,-0.0613380955824875,0.8454222653318983,0.0,1.0,0,1,1,0.0,2,0.0073039364
2043-04-23,33.24213471712557,0.9746575662644531,0,204.45096638964355,11.879354128038955,0,-10.806364466204004,38.41435011500967,-0.5806417723273956,1,5.281558824799785,1.2147517652914945,0,20.17878755559901,0.763439139808272,0,7.2452160812628295,273.57262113419443,-0.010386748250590924,1,226.1295872511304,-0.07243738825454793,1,133.3109307888013,0.002483754916062729,0,39.768698195534355,0.03744295104929324,0,331.0201875632743,0.015675681874319294,0,8.638003362660372,-0.027155019749612798,1,Jupiter,Saturn,1.5,CLEAR,1067.2782218888078,1.506996710593512,0,0,-380.0,327.7922061357856,0,173.63911094440397,-0.009348073425531832,-0.06519364942909314,0.8397830537890993,0.0,1.0,0,1,1,0.0,2,0.0072082356
2043-04-30,40.052827761222844,0.9713634553954112,0,288.182525070489,12.380357298100321,0,-27.28118754057273,33.87226243192221,-0.6188397983171007,1,13.789060387461474,1.2159489607364198,0,25.505089331998427,0.7583223564242711,0,9.275210715284063,273.424072383302,-0.03202155360439782,1,225.61310051191947,-0.07484761065606126,1,133.35049376868977,0.008794026083496987,0,40.03197249725006,0.03766328322412004,0,331.1211415554266,0.013121730447139305,0,8.165561087043146,-0.052482460955085984,1,Jupiter,Saturn,1.5,CLEAR,1068.8377439706612,1.5595220818534017,0,0,-408.0,327.7922061357856,0,174.41887198533058,-0.028819398243958037,-0.06736284959045513,0.8341545920666983,0.0,1.0,0,1,1,0.0,2,0.008620107
2043-05-07,46.842117227662634,0.9684625656207957,0,23.557818327367453,14.99756583676719,0,10.426043858450145,30.855462128629853,-0.1952123185697205,1,22.30414644172677,1.21687846337176,0,30.794386339264253,0.752849253631198,0,11.221003105958166,273.1253042889656,-0.05316241189991722,1,225.08574847122057,-0.07547202383362071,1,133.43357364364923,0.014954652561414162,0,40.29526459107556,0.037487292607202266,0,331.20319935291894,0.010322163443210745,0,8.188520620818641,-0.03136098230559097,1,Jupiter,Saturn,3.0,CLEAR,1070.4190322397098,1.5812882690486276,0,0,-130.0,327.7922061357856,0,175.20951611985498,-0.047846170709925494,-0.06792482145025865,0.828134178994318,0.0,1.0,0,1,1,0.0,2,0.007202655
2043-05-14,53.61038564501024,0.9651685177970052,0,126.76200846327644,13.496936631140812,0,22.93779005237052,31.38605558310331,0.34241532474355496,0,30.824278163182083,1.2173197858792142,0,36.04380862545204,0.7468310619884859,0,13.067526860830139,272.68357279954597,-0.07277712476929356,1,224.56165171143238,-0.07399281178553256,1,133.55988974914763,0.021034132119156276,0,40.55615812828841,0.03692389542870853,0,331.2658121430242,0.00749404045266743,0,7.630962863413802,-0.041775778223516,1,Jupiter,Saturn,3.0,CLEAR,1071.9890128337122,1.5699805940023452,0,0,-90.0,327.7922061357856,0,175.99450641685604,-0.06549941229236421,-0.06659353060697931,0.8215141681873346,0.0,1.0,0,1,1,0.0,2,0.0071333675
2043-05-21,60.35463108310642,0.961904432891172,0,213.3391120496446,11.813422391111128,0,-14.718800055956066,35.45973776721391,0.8046981360369891,0,39.34674768550031,1.2177723996441645,0,41.249394225835566,0.7405193180007673,0,14.800473017340094,272.1114779875568,-0.09023678331665558,1,224.05407068915716,-0.07070106422720455,1,133.72720616819942,0.02675644238392101,0,40.81115224331698,0.03590964423533585,0,331.30785375817135,0.004551573796738067,0,7.583318260095257,-0.07247093461101538,1,Jupiter,Saturn,3.0,CLEAR,1073.5141631083195,1.525150274607313,0,0,50.0,327.7922061357856,0,176.7570815541598,-0.08121310498499003,-0.0636309578044841,0.814571249800844,0.0,1.0,0,1,1,0.0,2,0.007114423
2043-05-28,67.07936299075175,0.9595860706154369,0,297.5830032797605,12.483169016195493,0,-25.281971663794973,42.439917545152845,1.1775290358450627,0,47.87434207370471,1.218728249200357,0,46.411474224975834,0.73434777957016,0,16.407965051270818,271.42654310733633,-0.10500876089565286,1,223.57586739194713,-0.06569149400914542,1,133.93391846894608,0.032225118470714964,0,41.05825817757611,0.03460768695743521,0,331.3297068787706,0.0016626215971632559,0,6.547990733307728,-0.12178138599323826,1,Jupiter,Saturn,3.0,CLEAR,1074.964781571258,1.4506184629385643,0,0,50.0,327.7922061357856,0,177.48239078562898,-0.09450788480608759,-0.05912234460823088,0.807782557527176,0.0,1.0,0,1,1,0.0,2,0.0072303843
2043-06-04,73.7905617114532,0.9580060895995824,0,32.29709847697938,14.785227826868775,0,14.352283327218572,51.827208002601566,1.4995388148754494,0,56.409375418600234,1.219890401720589,0,51.52993980758704,0.7280635810860544,0,17.878909326045243,270.6484715138505,-0.11667014170137802,1,223.1377419378777,-0.059193825070313996,1,134.17737165393368,0.03731574819008178,0,41.294592035132794,0.03289297118432098,0,331.33085625416805,-0.001296736478565872,1,6.351516241802117,-0.05790350819243228,1,Jupiter,Saturn,3.0,CLEAR,1076.3137001945101,1.3489186232520751,0,0,-160.0,327.7922061357856,0,178.15685009725507,-0.10500312753124022,-0.0532744425632826,0.8008699391946599,0.0,1.0,0,1,1,0.0,3,0.007026518
2043-06-11,80.49106303069259,0.9562588845760431,0,135.39906354549888,13.59043063027879,0,19.908723864709362,63.39291142114645,1.8025528869225473,0,64.95231012464076,1.2208256399113564,0,56.6034101981275,0.7213500954111676,0,19.202558831234516,269.80273769495307,-0.124302196804349,1,222.75088674314736,-0.05117313194923369,1,134.45567111325462,0.04205665037010441,0,41.51812103557791,0.03084732972982846,0,331.311921831647,-0.004163720635108381,1,5.401096303875997,-0.08799908348036976,1,Jupiter,Saturn,3.0,CLEAR,1077.534468584861,1.2207683903509405,0,0,-160.0,327.7922061357856,0,178.76723429243054,-0.1118719771239141,-0.04605581875431032,0.7934851049522844,0.0,1.0,0,1,1,0.0,3,0.0067188544
2043-06-18,87.17817832026793,0.9544737724163441,0,222.03981384182802,11.808983303142819,0,-18.319923083950233,76.98340603133727,2.067734558046735,0,73.50110299742151,1.2217869504431453,0,61.62847422148812,0.7144353360100015,0,20.369458967492648,268.91852685269635,-0.12756602437489845,1,222.42398173335755,-0.04202970143140724,1,134.76503189346582,0.046290725115233265,0,41.725710825507925,0.028454881815146604,0,331.2728148910665,-0.006947482343615536,1,5.175576489939627,-0.09643991789195677,1,Jupiter,Saturn,3.0,CLEAR,1078.6034581843007,1.0689895994396466,0,0,-280.0,327.7922061357856,0,179.30172909215037,-0.1148094219374086,-0.03782673128826652,0.7858788696110017,0.0,1.0,0,1,1,0.0,3,0.0072229984
2043-06-25,93.85584070490722,0.9535777544424289,0,307.2459179243118,12.707171126058018,0,-22.50198211820233,92.00556343281082,2.1898845974673455,0,82.0585751016331,1.2232657232362762,0,66.60602149250052,0.707725197788433,0,21.372906106226647,268.02683491780357,-0.12653449984443943,1,222.16445925555416,-0.03203163590240702,1,135.1027130719997,0.05008160429624038,0,41.91591446703822,0.02581229218531724,0,331.2150781322934,-0.009556010856273216,1,3.8659677992696273,-0.15240527334922868,1,Jupiter,Saturn,3.0,CLEAR,1079.502910422968,0.8994522386672088,0,0,-440.0,327.7922061357856,0,179.75145521148406,-0.11388104985999549,-0.028828472312166318,0.7784977175672764,0.0,1.0,0,1,1,0.0,3,0.008755637
2043-07-02,100.53059536204064,0.9536572910177298,0,41.95429714004308,14.500918683451754,0,18.395565794111434,107.13557975156667,2.102633125020962,0,90.62780386183418,1.225168061873003,0,71.53676873285298,0.7010840686202945,0,22.207624168781468,267.15666503868727,-0.12133608973891541,1,221.97695346490445,-0.021389677948842487,1,135.46500679111406,0.0534014731579318,0,42.08632261885272,0.02287575577644513,0,331.139226386223,-0.012041203179405083,1,3.5562120194152564,-0.061907646735211895,1,Jupiter,Saturn,3.0,CLEAR,1080.0,0.4970895770320567,0,0,-440.0,327.7922061357856,0,179.89063084605175,-0.10920248076502387,-0.01925071015395824,0.771192475482324,0.0,1.0,0,1,1,0.0,3,0.008508958
2043-07-09,107.20708769873612,0.9537614227010002,0,143.57718943094787,13.578970432818334,0,16.650895817096508,121.17317650142252,1.8989374587362338,0,99.21056683508125,1.2269175324176942,0,76.42028511902548,0.6940621187196397,0,22.869611834616194,266.33811244621575,-0.11190352363313293,1,221.86636397683623,-0.010199714189518714,1,135.84919991999834,0.056212146442743034,0,42.23556676453746,0.01966133807536961,0,331.0470468699915,-0.014315590101717167,1,2.541358536596723,-0.0983240072856251,1,Jupiter,Saturn,3.0,CLEAR,1080.0,0.0,0,0,-440.0,327.7922061357856,0,179.63079721229877,-0.10071317126981963,-0.009179742770566842,0.7634683305916038,0.0,1.0,0,1,1,0.0,3,0.008596553
2043-07-16,113.88300625940275,0.9537345804796167,0,230.38508500381815,11.838646948692197,0,-21.469077532838472,133.67449704574443,1.6726224191298897,0,107.80435014006282,1.2284980456908292,0,81.25333620885489,0.6868562234211605,0,23.356887990155943,265.59892087449697,-0.09870812987207085,1,221.83479226194652,0.0012249435649750856,0,136.25078525468138,0.058469787905648864,0,42.361246465307865,0.016255663771556145,0,330.9395530439138,-0.016311019160024382,1,2.337447572270606,-0.07161178124464465,1,Jupiter,Saturn,3.0,CLEAR,1080.0,0.0,0,0,-400.0,327.7922061357856,0,179.47354579663866,-0.08883731688486377,0.0011024492084775771,0.7555418457632765,0.0,1.0,0,1,1,0.0,2,0.0085975565
2043-07-23,120.5610490271098,0.9544134892779479,0,316.7708018413745,13.027953486133057,0,-19.19541477382003,144.58774971267007,1.4442734560357595,0,116.41007036633803,1.2303047224423462,0,86.03668883029556,0.6798238596254664,0,23.670275657775537,264.9628884286246,-0.08263049706746108,1,221.88337317989078,0.012602475262826011,0,136.6664792841823,0.06017866630994909,0,42.462748630654666,0.01268709839416148,0,330.81932740332553,-0.018024756994542212,1,1.2650952969146259,-0.12570846116996,1,Jupiter,Saturn,3.0,CLEAR,1079.9999999999998,-2.2737367544323206e-13,0,0,-400.0,327.7922061357856,0,179.42062454923612,-0.07436744736071497,0.01134222773654341,0.7478062455880131,0.23027565777553605,1.0,0,1,1,0.0,2,0.008676187
2043-07-30,127.24748988958335,0.9561943481564745,0,52.47811261910016,14.278736035435447,0,22.250836836836502,153.8482588014035,1.1955784149029784,0,125.0295139307151,1.2324750262793809,0,90.7712908745419,0.6729531386431954,0,23.8121906062792,264.44738136563353,-0.06425900522007655,1,222.01095395224405,0.023879283080432887,0,137.0921298429396,0.06139990099909096,0,42.53855937542257,0.008999949465800764,0,330.68784533357166,-0.01944008314380568,1,1.0872348432321919,-0.035707705009597274,1,Jupiter,Saturn,3.0,CLEAR,1080.0,2.2737367544323206e-13,0,0,-300.0,327.7922061357856,0,179.47239457682147,-0.0578331046980689,0.021491354772389597,0.740248452507515,0.3721906062791973,1.0,0,1,1,0.0,2,0.008732476
2043-08-06,133.94806612363766,0.958130906143143,0,151.73489565482336,13.408008503789226,0,13.159180102245585,161.18761386623024,0.8869512905578875,0,133.66409440929527,1.2344068112457232,0,95.45691164283095,0.6656509105094989,0,23.786741713615626,264.06758769328354,-0.044032967162852155,1,222.21713270562844,0.034930129367100375,0,137.52461461368802,0.062016765062348406,0,42.5882900925473,0.005142840970179202,0,330.5477968954008,-0.02056271052030711,1,0.38344901290977057,-0.06611911565267363,1,Jupiter,Saturn,3.0,CLEAR,1080.0,0.0,0,0,-180.0,327.7922061357856,0,179.62884261308113,-0.03962967044656694,0.031437116430390336,0.7322160015604489,0.346741713615625,1.0,0,1,1,0.0,2,0.007523096
2043-08-13,140.66082855493417,0.9598387513980937,0,238.401733761909,11.8642215709731,0,-24.085306353822535,165.98927114874692,0.4597454649043744,0,142.31016002022756,1.235872326140164,0,100.08991990937155,0.658083563084327,0,23.60019465474063,263.8338865584032,-0.022592803966333008,1,222.49924413660148,0.04561573920214947,0,137.9590529981712,0.06208282114185325,0,42.61075370821057,0.001308439704684347,0,330.4010906242156,-0.021256191562146993,1,0.3677809818913561,-0.018465005147756505,1,Jupiter,Saturn,3.0,CLEAR,1080.0,0.0,0,0,-240.0,327.7922061357856,0,179.88849042839092,-0.020333523569699707,0.04105416528193453,0.7238919193927598,0.16019465474062855,1.0,0,1,1,0.0,2,0.0077027148
2043-08-20,147.38674605276768,0.9619526003088514,0,325.7938034005362,13.375834844104952,0,-15.661500719589847,167.22334633704762,-0.1344540399418441,1,150.9658678030659,1.2371593339530287,0,104.67012158896229,0.6505397216190864,0,23.260828967699275,263.75193277621935,-0.00084854377853311,1,222.8542664149649,0.05568546655619394,0,138.39209114103485,0.0615230076885293,0,42.60653748843811,-0.0025389762189260943,1,330.25094064240756,-0.021615973331103492,1,359.84617639987766,-0.06645608143153059,1,Jupiter,Saturn,3.0,CLEAR,1079.5045421469465,-0.49545785305349455,0,0,-240.0,327.7922061357856,0,179.7522710734732,-0.000763689400679799,0.05011691990057455,0.715593693780995,0.0,1.0,0,1,1,0.0,3,0.008433042
2043-08-27,154.13093065057893,0.9651678226014981,0,63.49467518582352,14.209359158357474,0,25.453810479831645,163.97592421282405,-0.7666314683120965,1,159.63102854667787,1.2386750488893221,0,109.19792092519744,0.6431340629505803,0,22.777692380382287,263.82197642057133,0.02088667490271612,0,223.27769096757893,0.06525234522356928,0,138.81933773132644,0.060504568159698464,0,42.57550529370586,-0.0062702930504663105,1,330.0994155240722,-0.02156823275819392,1,359.8503918501917,0.0012461811104742715,0,Jupiter,Saturn,3.0,CLEAR,1078.5956286522537,-0.908913494692797,0,0,-216.0,327.7922061357856,0,179.2978143261269,0.01879800741244451,0.05872711070121235,0.7074474692456384,0.0,1.0,0,1,1,0.0,2,0.011311988
2043-09-03,160.899470168772,0.9686023304254364,0,160.2479918968523,13.10165059831973,0,9.338045664293507,157.70853446073565,-0.8791159550315493,1,168.30652324138404,1.2399071581099703,0,113.67236061451398,0.6351167637190616,0,22.16110957508665,264.0435479802076,0.04232094551573665,0,223.76615229386965,0.07416477532521301,0,139.23743732483507,0.058813092155346164,0,42.51859853815111,-0.010001351409216212,1,329.9495394974026,-0.021220867319239875,1,359.59187189654216,-0.021049265168474208,1,Jupiter,Saturn,3.0,CLEAR,1077.5048924885627,-1.0907361636909627,0,0,-280.0,327.7922061357856,0,178.75244624428146,0.038088850964162986,0.06674829779269172,0.6986284400909678,0.0,1.0,0,1,1,0.0,2,0.011782772
2043-09-10,167.69063287899175,0.9717056709859403,0,246.30491279129294,11.86376848223698,0,-26.128773047980086,153.81218240149772,-0.1188535493497176,1,176.98855974605053,1.2406030618876809,0,118.08856228288164,0.6266166866877613,0,21.423064500032563,264.4132802931838,0.06318409563225186,0,224.31463533958302,0.08243357106739238,0,139.64166761815156,0.05660704771853459,0,42.43631096323419,-0.013445687864537795,1,329.8036063626953,-0.020384883591958204,1,359.66236616575515,0.01012155270005656,0,Jupiter,Saturn,3.0,CLEAR,1076.2433512473024,-1.2615412412603746,0,0,-380.0,327.7922061357856,0,178.12167562365119,0.05686568606902667,0.07419021396065315,0.6892783553565375,0.0,1.0,0,1,1,0.0,2,0.012469555
2043-09-17,174.5033427623159,0.9748267343126891,0,334.1512347523161,13.642853835689106,0,-12.103428214098926,156.65043662761957,0.9063211025187049,0,185.67385165046343,1.2408500771773756,0,122.4442949822655,0.6178338767810788,0,20.576319654713537,264.9253436373263,0.08288887125415932,0,224.91808522897932,0.08981463250814291,0,140.02841165459805,0.05377275808479343,0,42.33074016839553,-0.016701059257163586,1,329.66478297557495,-0.019251806054167035,1,359.60350008486205,-0.008789603888803862,1,Jupiter,Saturn,3.0,CLEAR,1074.8253098788325,-1.4180413684698578,0,0,-280.0,327.7922061357856,0,177.4126549394162,0.07459998412874339,0.08083316925732861,0.6796172644591868,0.0,1.0,0,1,1,0.0,2,0.013363456
2043-09-24,181.34065952444203,0.9788967980844203,0,74.43389511093068,14.331517525957329,0,27.593216139761356,165.60713164516338,1.5692899266791198,0,194.36109514171903,1.2413087289513565,0,126.7383179296985,0.6089975137720889,0,19.63319779967104,265.57130412874517,0.10153162949529569,0,225.57059094427444,0.09653683262989018,0,140.39362555921034,0.05052567853205919,0,42.20347440317731,-0.0195742272570609,1,329.53511429726177,-0.017704497630827588,1,359.60030532460706,0.0003611824958714814,0,Jupiter,Saturn,3.0,CLEAR,1073.2657669178059,-1.5595429610266365,0,0,-220.0,327.7922061357856,0,176.63288345890288,0.09137846654576612,0.08688314936690117,0.6698972651492978,0.0,1.0,0,1,1,0.0,2,0.14719258
2043-10-01,188.20824307236404,0.9831927901375775,0,169.27544608436523,12.74343818326791,0,5.11979097824888,177.5555746263428,1.7865424143359923,0,203.05176798355873,1.2416684176726962,0,130.9676795645448,0.5991830059462849,0,18.60674060966761,266.3439009873956,0.119009003870722,0,226.26740327468877,0.10240123656774605,0,140.73396034316497,0.04659983614488181,0,42.05694271564793,-0.022245405589198637,1,329.4172011568439,-0.01594584777938167,1,359.634141528165,0.006575763503237525,0,Jupiter,Saturn,3.0,CLEAR,1071.5790788819183,-1.6866880358875278,0,0,-295.0,327.7922061357856,0,175.78953944095915,0.1071081034836498,0.09216111291097145,0.6591013065409135,0.0,1.0,0,1,1,0.0,2,0.14093813
2043-10-08,195.10436823845504,0.9870415044544779,0,254.39384289140574,11.84815548928532,0,-27.564361548476736,190.0974454142581,1.7765831254835827,0,211.74367709911093,1.2416560712025366,0,135.1248508558859,0.5884452439451074,0,17.511332779670873,267.23491523229325,0.13534714684581373,0,227.00259651942915,0.10751409912520069,0,141.0451714484113,0.04224613662118874,0,41.89346971800753,-0.024369584355583025,1,329.313045187418,-0.013751059143557107,1,359.48243244960565,-0.03006676574102788,1,Jupiter,Saturn,1.5,CLEAR,1069.7817463971567,-1.7973324847616823,0,0,-220.0,327.7922061357856,0,174.8908731985784,0.12181243216123236,0.09676268921268062,0.6472897683396183,0.0,1.0,0,1,1,0.0,2,0.14992777
2043-10-15,202.02577753865165,0.9904774620475282,0,342.0444962309346,13.726541142625402,0,-8.502169611931375,202.2871152948032,1.7028228554481466,0,220.4336472986788,1.241123797908394,0,139.20390720725712,0.5768739757315335,0,16.36131818890267,268.23508477704263,0.1501476516195092,0,227.77016223555808,0.11161588963500872,0,141.32401372832115,0.03732777599370501,0,41.71658511097967,-0.026111843147520554,1,329.2250074036019,-0.01139004603986653,1,359.51551950078607,0.018897376048379984,0,Jupiter,Saturn,1.5,CLEAR,1067.8928457508432,-1.8889006463134592,0,0,-369.0,327.7922061357856,0,173.9464228754216,0.13513288645755828,0.10045430067150785,0.634561373304687,0.0,1.0,0,1,1,0.0,2,0.14552721
2043-10-22,208.9727815011724,0.9945543933020703,0,84.68621844567312,14.62037556686916,0,28.51925152223769,213.93478183093623,1.626800483605636,0,229.12003699090883,1.240798907171799,0,143.20012300924418,0.5647692470181046,0,15.169809789961764,269.33422545109653,0.16371605312851134,0,228.5636956220869,0.11500231252943797,0,141.56727120504044,0.032132312700233846,0,41.52944654859627,-0.02725360884516892,1,329.154459228913,-0.00871184194529889,1,359.26272300471163,-0.0608844794819911,1,Jupiter,Saturn,1.5,CLEAR,1065.9315018530187,-1.961343897824463,0,0,-325.0,327.7922061357856,0,172.96575092650937,0.14734444781566022,0.10350208127649418,0.6212461717199151,0.0,1.0,0,1,1,0.0,2,0.15032677
2043-10-29,215.94983083755017,0.9988282397997128,0,178.6930743672688,12.433055903192725,0,0.5669431991605347,225.0924643478452,1.563348811890739,0,237.8049419458176,1.2405924634805403,0,147.10642050576294,0.5509944521595641,0,13.95051881945996,270.52388335354976,0.17599166478939007,0,229.3777021615221,0.1174250468026542,0,141.77226375262663,0.026369836571367846,0,41.33557996997128,-0.028043737022153,1,329.1028928347713,-0.00598955345413035,1,359.25916564629154,0.0011448682371593395,0,Jupiter,Saturn,1.5,CLEAR,1063.9157556168982,-2.015746236120549,0,0,-360.0,327.7922061357856,0,171.95787780844915,0.15839249831045107,0.10568254212238878,0.6060938973755206,0.0,1.0,0,0,1,0.0,2,0.26098895
2043-11-05,222.95511414531927,1.002537454131712,0,262.88137669983473,11.852455450056656,0,-28.339338615860207,235.84736428557753,1.510591688069551,0,246.4879261948744,1.2401731593549583,0,150.9099937105168,0.5354361788850706,0,12.71881977799916,271.79555317313117,0.18711696336572328,0,230.20588795348507,0.11903912555053973,0,141.93604244002594,0.020376710273840432,0,41.13861528321236,-0.028130773253803573,1,329.0714344250158,-0.0029769188490774627,1,358.5990603335158,-0.1345603709158442,1,Jupiter,Saturn,1.5,CLEAR,1061.8654546594546,-2.0503009574435964,0,0,-100.0,327.7922061357856,0,170.9327273297273,0.16840526702915096,0.10713521299548576,0.5889797967735777,0.0,1.0,0,0,1,0.0,2,0.21698807
2043-11-12,229.9833274184192,1.0054262649036054,0,350.04366289786753,13.616723577780867,0,-4.623655446127693,246.2390458039658,1.4566678857236415,0,255.16570487028721,1.2390900598371808,0,154.59813835888613,0.5180308396303002,0,11.489881390590101,273.1399314921742,0.1967460591922263,0,231.0416276454385,0.11955726977969486,0,142.05662947084278,0.014032067428956211,0,40.942749122796705,-0.027752281185592496,1,329.0610815534996,9.919516631708056e-06,0,358.3248242621575,0.011357574169764855,0,Jupiter,Saturn,1.5,CLEAR,1059.8022429547163,-2.0632117047382508,0,0,20.0,327.7922061357856,0,169.9011214773582,0.17707145327300366,0.10760154280172537,0.5698339235933302,0.0,1.0,0,0,1,0.0,1,0.220787
2043-11-19,237.0318085821781,1.008541945837428,0,93.84332702483886,14.95817572795744,0,28.420113509776197,256.176722645547,1.3740204555831446,0,263.83510425958247,1.2379194075922009,0,158.15907991773048,0.49904699448526846,0,10.277397841681218,274.54753023074727,0.20524745181902976,0,231.87825313174622,0.11935185201033965,0,142.1326936253777,0.007689109344688997,0,40.75182356952675,-0.026706327690226468,1,329.07211535198877,0.0031502426704010664,0,357.69225882192444,-0.14561012925043382,1,Jupiter,Saturn,1.5,CLEAR,1057.747140875561,-2.0551020791554038,0,0,-180.0,327.7922061357856,0,168.87357043778053,0.18472270663712678,0.10741666680930569,0.5489516939337954,0.0,1.0,0,0,1,0.0,1,0.2418558
2043-11-26,244.10319152154807,1.0118155953662646,0,188.14185041273154,12.245755741674442,0,-4.097817275462661,265.2517588246127,1.192283798811799,0,272.496525148234,1.2367760324238222,0,161.57735333534555,0.47703596717405405,0,9.09601266832262,276.0103496906114,0.21253841148756317,0,232.70982410100137,0.11810190730008002,0,142.16334272119965,0.0010732469417098387,0,40.56940153356914,-0.025305022048145005,1,329.1045603258515,0.006137500794089009,0,357.4163956055848,-0.02317256660259653,1,Jupiter,Saturn,1.5,CLEAR,1055.7191548651356,-2.0279860104253657,0,0,-92.0,327.7922061357856,0,167.85957743256776,0.19128457033880686,0.10629171657007203,0.5247395638914595,0.0,1.0,0,0,1,0.0,1,0.22211085
2043-12-03,251.19579565580477,1.0144590317060906,0,271.74111067608845,11.9110050003632,0,-28.40255012063073,272.2419580924249,0.735585390634814,0,281.14923479626094,1.2352850716032588,0,164.82949818028743,0.45152406243437865,0,7.962948624516339,277.5207152279403,0.21877693495155418,0,233.52978167034522,0.1159944421205034,0,142.14812860722716,-0.005413106446608635,1,40.39922777346916,-0.0232355662606153,1,329.15840536105907,0.009226406303802951,0,356.26529734511183,-0.2292507724433014,1,Jupiter,Saturn,1.5,CLEAR,1053.738892206248,-1.9802626588875683,0,0,-92.0,327.7922061357856,0,166.86944610312395,0.19689924145639875,0.10439499790845307,0.49667646867781656,0.0,1.0,0,0,1,0.0,2,0.25525537
2043-12-10,258.3028524225109,1.015975803808738,0,358.77822441243467,13.434670052834038,0,-0.22958140970619448,274.192459669586,-0.2868963792803418,1,289.7878280963927,1.2326945003560084,0,167.88968150025025,0.42219259170792267,0,6.895552726114126,279.0698750663447,0.22362477643445802,0,234.33103206697498,0.11276786375286617,0,142.08758087429896,-0.011848559439371948,1,40.244878258285446,-0.020793084686340092,1,329.2331227458067,0.01209326019309592,0,355.60566089269724,-0.0016968211350487962,1,Jupiter,Saturn,1.5,CLEAR,1051.8276923826209,-1.9111998236271575,0,0,-124.0,327.7922061357856,0,165.91384619131045,0.20126229879101223,0.10149107737757955,0.46441185087871495,0.0,1.0,0,0,1,0.0,2,0.28646865
2043-12-17,265.41917171532253,1.0173019610926546,0,102.02366017975902,15.137955768487904,0,27.64639705343613,267.8792816048445,-1.3577529122742436,1,298.405168016761,1.2292935607509223,0,170.73178161280475,0.3890948620568483,0,5.909810918730207,280.64926332047827,0.22744882176725084,0,235.10694791773054,0.1087717271976965,0,141.98349001520685,-0.017846189182447444,1,40.10957788092345,-0.017815214079990465,1,329.3278648982269,0.014938148496330768,0,354.7682432369306,-0.18772121062594446,1,Jupiter,Saturn,1.5,CLEAR,1050.0052599263859,-1.822432456234992,0,0,-220.0,327.7922061357856,0,165.00262996319293,0.20470393959052577,0.09789455447792685,0.42800434826253314,0.0,1.0,0,0,1,0.0,2,0.3339352
2043-12-24,272.5454054934543,1.0187650808107571,0,197.1899184911161,12.207071825444132,0,-8.560983940261638,259.60296806773516,-0.7288988696041495,1,306.996671747569,1.2253753391580884,0,173.3232991969454,0.35027510970724957,0,5.023422659957919,282.2513319750666,0.23014768245605552,0,235.85116948216665,0.10373594325912282,0,141.83790419233557,-0.0236512728927085,1,39.99565030669753,-0.014643605420919782,1,329.44124898739335,0.01746183743113549,0,354.32720771184074,-0.021390735216716326,1,Jupiter,Saturn,1.5,CLEAR,1048.2889616490618,-1.7162982773240856,0,0,-160.0,327.7922061357856,0,164.1444808245309,0.20713291421044996,0.09336234893321053,0.38530262067797455,0.0,1.0,0,0,1,0.0,2,0.33695558
2043-12-31,279.6805704372891,1.019659211562798,0,280.68838007359346,12.02753505295458,0,-27.761820606395425,258.6784182644288,0.3925274632351585,0,315.5585972392743,1.2206485339078006,0,175.61983103882176,0.30466970013069383,0,4.257974177090592,283.869073482219,0.23184933531673405,0,236.55728585918138,0.09782809292560711,0,141.65386243131357,-0.028851098963940783,1,39.9057010139134,-0.011022127141821941,1,329.5722476923881,0.019911879649204194,0,353.17637218589596,-0.2291227970161361,1,Jupiter,Saturn,1.5,CLEAR,1046.696830309464,-1.5921313395976995,0,0,-92.0,327.7922061357856,0,163.34841515473204,0.20866440178506065,0.0880452836330464,0.33513667014376325,0.0,1.0,0,0,1,0.0,2,0.34752733
2044-01-07,286.81756337370126,1.0193003726693308,0,8.497318552797429,13.357070964897982,0,4.65662696204705,263.79215903079495,0.9903460975750985,0,324.0814582503546,1.2141318089167237,0,177.5714248778717,0.2517288032970544,0,3.6354935423079593,285.4938427124193,0.23226123110820526,0,237.21813134213645,0.09084020221298726,0,141.4351791396773,-0.033497663408308814,1,39.841567365341625,-0.0072598636541190255,1,329.71904779288457,0.021993203388162186,0,352.5096499059813,0.009656865792025708,0,Jupiter,Saturn,1.5,CLEAR,1045.2468720464105,-1.4499582630535315,0,0,228.0,327.7922061357856,1,162.6234360232052,0.20903510799738473,0.08175618199168853,0.2769016836267598,0.0,1.0,0,0,1,0.0,2,0.32114783
2044-01-14,293.9497287330891,1.0184377888842742,0,109.96731665073119,14.9959474545456,0,26.37565309812008,271.7915897719497,1.2613880181140926,0,332.55216698080267,1.205748430788435,0,179.12726288014986,0.19143755322395664,0,3.176114933445087,287.1178677007147,0.23158529267253453,0,237.82759333393426,0.08313772963868757,0,141.1872002208401,-0.03724950160108902,1,39.804878714280356,-0.0032340689952022146,1,329.87997038040254,0.023911278165149683,0,351.8820845940524,-0.15015723021098912,1,Jupiter,Saturn,1.5,CLEAR,1043.9545707606921,-1.2923012857183949,0,0,100.0,327.7922061357856,1,161.9772853803461,0.20842676340528107,0.07482395667481881,0.21058130854635232,0.0,1.0,0,0,1,0.0,2,0.34092999
2044-01-21,301.0761457310718,1.017735030179032,0,205.57924901454155,12.27583006060507,0,-12.563226963396167,281.15314550212884,1.4008290421257834,0,340.9584471619596,1.1958838141770778,0,180.22936642508077,0.12179863235266655,0,2.9013489201452454,288.73339332386473,0.229866104360549,0,238.3797087337727,0.07450979348426269,0,140.9149816428002,-0.040349219439473324,1,39.79596175287022,0.0007422041329101652,0,330.0526152661821,0.02541261462977861,0,351.58119862791483,0.011793954068493293,0,Jupiter,Saturn,1.5,CLEAR,1042.832506038195,-1.1220647224970435,0,0,0.0,327.7922061357856,1,161.41625301909752,0.2068794939244941,0.06705881413583642,0.1339784955879332,0.0,1.0,0,0,1,0.0,1,0.32762766
2044-01-28,308.1972226913411,1.0166905816479768,0,289.35547454141096,12.165201719135684,0,-26.509343336460525,291.29940794262444,1.4942676022393124,0,349.290895008237,1.1844308203124,0,180.80959978266932,0.042429980043390395,0,2.835047486114028,290.3336324965539,0.2271192107217832,0,238.86898926393596,0.06512170502088792,0,140.62464481980732,-0.04246865581607584,1,39.815673997193336,0.0048702378737855824,0,330.2353362805713,0.026717375601899452,0,350.9674346746408,-0.1394779070986772,1,Jupiter,Saturn,1.5,CLEAR,1041.8933694665147,-0.9391365716803648,0,0,0.0,327.7922061357856,0,160.94668473325737,0.2044072896496049,0.058609534518799127,0.046672978047729435,0.0,1.0,0,0,1,0.0,1,0.34062454
2044-02-04,315.3069834433363,1.0144916801462034,0,18.888919934619906,13.500660275630159,0,9.678856886887978,302.050166457626,1.5774073781078681,0,357.533887445319,1.1701865163450942,0,180.80495794608441,-0.04470381159904426,1,2.9957010689717376,291.90983396321263,0.22303694896558593,0,239.28928913268066,0.05487229463679409,0,140.3224326994658,-0.04368407301938276,1,39.86377001592505,0.008880446155731853,0,330.4255278645386,0.027586908523639053,0,350.6363446330807,0.028955508133797263,0,Jupiter,Saturn,1.5,CLEAR,1041.1489617664888,-0.7444077000259313,0,0,-256.0,327.7922061357856,0,160.57448088324438,0.20073325406902734,0.04938506517311468,-0.049174192758948694,0.0,1.0,0,0,1,0.0,1,0.26423022
2044-02-11,322.39864003360634,1.011628701824279,0,118.56501165140848,14.56957089033664,0,24.45861849859859,313.3981027485479,1.6665896667937574,0,5.665415977221408,1.1524578495428695,0,180.1757934078797,-0.13535158096059083,1,3.3889336443037976,293.45385388758746,0.21789765124281668,0,239.6362929164397,0.04415269439553457,0,140.01583025716056,-0.04379663524567601,1,39.94010181598174,0.01285989007287422,0,330.621146773722,0.02820830715075604,0,350.42694164638937,-0.07035923221101806,1,Jupiter,Saturn,1.5,CLEAR,1040.6076177990842,-0.5413439674046003,0,0,-96.0,327.7922061357856,0,160.30380889954205,0.19610788611853502,0.039737424955981114,-0.14888673905664992,0.0,1.0,0,0,1,0.0,1,0.2711147
2044-02-18,329.47045899068985,1.0090015555058833,0,213.42924596613108,12.356253976410658,0,-16.03213472300776,325.4098556300103,1.7670954823638227,0,13.660477388289406,1.1313847510499195,0,178.9110338473255,-0.22532761016387443,1,4.00681589091287,294.95773467168186,0.2116478858466088,0,239.90599787010615,0.03287091063910021,0,139.71108043199965,-0.04307519318273463,1,40.043073409302934,0.0165803690539029,0,330.81931119745724,0.02840535826967207,0,350.3551612458774,0.02593006539945019,0,Jupiter,Saturn,1.5,CLEAR,1040.2741510783935,-0.3334667206906943,0,0,120.0,327.7922061357856,0,160.1370755391968,0.19048309726194793,0.02958381957519019,-0.24786037118026188,0.0,1.0,0,0,1,0.0,1,0.07497684
2044-02-25,336.5246920100737,1.0063851690435226,0,297.5509665902663,12.268439574551286,0,-24.75209522223697,338.14231486230284,1.8684947077360428,0,21.49664265937972,1.1067749590597071,0,177.04248473035736,-0.3060583798649782,1,4.822354346781957,296.4142711510185,0.20425951879499968,0,240.09558606179368,0.021205036113483035,0,139.4151337518072,-0.04135020568434545,1,40.171982296889496,0.020188053135005456,0,331.01824909141425,0.028349701423298155,0,350.26675333084467,-0.03457372501400175,1,Jupiter,Saturn,1.5,CLEAR,1040.1527924701916,-0.12135860820194466,0,0,-108.0,327.7922061357856,0,160.0763962350958,0.1838335669154997,0.01908453250213473,-0.33666421785147604,0.0,1.0,0,0,1,0.0,1,0.07626811
2044-03-03,343.5577734025482,1.002920703135432,0,29.300712764348447,13.866695545885154,0,14.340659855531188,351.4586179092994,1.9196133303333789,0,29.142844201914713,1.0768083296025097,0,174.67633410268886,-0.3652930431922876,1,5.777201057869335,297.81398046124707,0.1954646638626418,0,240.20200651191834,0.009215515950002633,0,139.13415183758642,-0.03874214816537462,1,40.32490711632629,0.02349121379123919,0,331.2151280677972,0.027876196606958375,0,350.2096106346128,0.011150560898128981,0,Jupiter,Saturn,1.5,CLEAR,1040.245801208816,0.09300873862434855,0,0,20.0,327.7922061357856,0,160.12290060440796,0.17591819747637763,0.00829396435500237,-0.4018223475115164,0.0,1.0,0,0,1,0.0,1,0.06452834
2044-03-10,350.5639558212206,0.9987591291528307,0,128.19912576758975,14.061642128501036,0,21.631431830484292,4.584462850635992,1.7826788729369116,0,36.55424189030116,1.0392613333629717,0,172.00425855526814,-0.39239184913594966,1,6.781618552039247,299.1481128158254,0.1854758622873142,0,240.2249854764095,-0.0026718598797847346,1,138.87498250121752,-0.035232378838098904,1,40.50037333532561,0.02653363553455301,0,331.4080076551486,0.027128051974680465,0,350.2296178959307,-0.0007644790572016041,1,Jupiter,Saturn,1.5,CLEAR,1040.5507757178323,0.30497450901634693,0,0,-120.0,327.7922061357856,0,160.2753878589161,0.16692827605858276,-0.002404673891806261,-0.43163103404954467,0.0,1.0,0,0,1,0.0,2,0.06125143
2044-03-17,357.54137070818535,0.9949433846604417,0,221.1790063394399,12.358530841642875,0,-19.076300691211,15.551331611040563,1.2836640763143714,0,43.67187214161984,0.9928567912994716,0,169.26486272869653,-0.384405566506625,1,7.736404280848677,300.4079143906156,0.17431257605405157,0,240.1649603590556,-0.014392409321392874,1,138.64234112870253,-0.031083190448940045,1,40.695480201820956,0.02920526791199862,0,331.59406050418556,0.026028703502142002,0,350.1959568301676,-0.015116182661469123,1,Jupiter,Saturn,1.5,CLEAR,1041.0610396855304,0.5102639676981653,0,0,-40.0,327.7922061357856,0,160.53051984276533,0.15688131844864642,-0.012953168389253587,-0.42284612315728753,0.0,1.0,0,0,1,0.0,2,0.060878422
2044-03-24,4.494087023310772,0.9915147528423031,0,305.40751584540095,12.299487619124925,0,-22.51660883848588,21.772374017469925,0.4578657727431862,0,50.429703124008235,0.935863208803182,0,166.70189538623993,-0.3426049943827025,1,8.551610729998782,301.585431871428,0.1618514828834668,0,240.024284342019,-0.025758438691887337,1,138.4413365586908,-0.026276449377341988,1,40.90856105171536,0.0315873563700938,0,331.7718174138111,0.024677636715996765,0,350.1700887356351,0.02570081473751849,0,Jupiter,Saturn,1.5,CLEAR,1041.7685534193927,0.7075137338622426,0,0,56.0,327.7922061357856,0,160.88427670969637,0.14566633459512013,-0.023182594822698604,-0.37686549382097273,0.0,1.0,0,0,1,0.0,2,0.0652768
2044-03-31,11.42158516947961,0.9876774804506423,0,39.141299027166234,14.351959210711158,0,18.286726025502215,21.883116115559698,-0.3939570900407683,1,56.739207787163245,0.863888142719063,0,164.53356527333838,-0.2729916168929912,1,9.156978518723783,302.67025986705545,0.1478971801453772,0,239.80561408685,-0.03654204810567491,1,138.2756741419313,-0.020925540767647455,1,41.13673090275795,0.033581490980709845,0,331.9387014542819,0.022996144525644472,0,350.13682443629943,-0.05176487655776923,1,Jupiter,Saturn,1.5,CLEAR,1042.662233631816,0.8936802124233054,0,0,88.0,327.7922061357856,0,161.33111681590793,0.1331074621308395,-0.03288784329510742,-0.3002907785822903,0.0,1.0,0,0,1,0.0,2,0.060079567
2044-04-07,18.319907828250617,0.9831786122089923,0,138.58452080889734,13.66413360222765,0,17.849589971131685,17.33596670313915,-0.7902345816058103,1,62.47292423642044,0.7700054686961121,0,162.9196629908194,-0.18650053399544267,1,9.511373545251967,303.6529660064491,0.13262296376634652,0,239.51509701097336,-0.04633261480300156,1,138.14943378610948,-0.015148933703349132,1,41.377815756604505,0.03517319075397244,0,332.0932575462072,0.0210646503662179,0,350.0112393241355,0.028641887281997385,0,Jupiter,Saturn,1.5,CLEAR,1043.7254374912623,1.0632038594462756,0,0,248.0,327.7922061357856,0,161.86271874563113,0.11936066738971188,-0.04169935332270141,-0.20515058739498696,0.0,1.0,0,0,1,0.0,2,0.05957584
2044-04-14,25.18734188289624,0.979125100720994,0,229.27102935803134,12.261036624175667,0,-21.827672653892094,12.475460390342931,-0.5051309919483241,1,67.45298469625101,0.6476572184349652,0,161.9331280425813,-0.0952560940506727,1,9.608630199661512,304.52434838115437,0.1161781251333405,0,239.1597206402758,-0.054964345235482055,1,138.0642144160924,-0.009124444234133468,1,41.628319406672446,0.03637845305071345,0,332.2331614116848,0.018914513059948682,0,349.7732279318993,-0.10404765072680139,1,Jupiter,Saturn,1.5,CLEAR,1044.937197532793,1.2117600415308516,0,0,28.0,327.7922061357856,0,162.46859876639667,0.10456031262000645,-0.04946791071193385,-0.10478170345573998,0.0,1.0,0,0,1,0.0,2,0.063321546
2044-04-21,32.02930058530889,0.9757622069713302,0,313.29469920474156,12.267344589933591,0,-19.745499865343433,10.949761554255552,0.07886899203794738,0,71.45714469425619,0.4896891666258776,0,161.58120912967314,-0.005992699954361094,1,9.463232646811825,305.27627114248344,0.09839219410305727,0,238.7484920108205,-0.06233004992063372,1,138.0220554889123,-0.0029260580695167726,1,41.8861893930373,0.03720304173629657,0,332.357569091866,0.016563456489028006,0,349.3488426919492,0.02298173639159172,0,Jupiter,Saturn,1.5,CLEAR,1046.2753947644337,1.3381972316406063,0,0,-132.0,327.7922061357856,1,163.1376973822168,0.08855297469275154,-0.05609704492857035,-0.006591969949797204,0.0,1.0,0,0,1,0.0,2,0.07883085
2044-04-28,38.848192578772995,0.97246452311512,0,48.18505589801148,14.793117230695579,0,21.450302955563846,13.417890482475949,0.6045634072439544,0,74.20456702438668,0.28717990584397673,0,161.83673366076525,0.07796643257757675,0,9.095723064177381,305.8985687107979,0.07923475360864696,0,238.2906584598139,-0.06814719837213264,1,138.02353144219543,0.0034092167519069213,0,42.14822993920056,0.037644542329469025,0,332.46456584824705,0.014022034796173397,0,349.13674442345757,-0.12838295914946724,1,Jupiter,Saturn,1.5,CLEAR,1047.7151429587732,1.4397481943394723,0,0,-132.0,327.7922061357856,1,163.85757147938665,0.07131127824778226,-0.061332478534919375,0.08576307583533443,0.0,1.0,0,0,1,0.0,1,0.009384688
2044-05-05,45.64216610468497,0.9685713500959687,0,149.10922596959702,13.462035381455875,0,13.386159728495711,19.106207846412506,1.0015391220899756,0,75.3587874180266,0.034621365264480806,0,162.65388031136655,0.15384092936304605,0,8.527897788329168,306.38290767549387,0.058953342383040015,0,237.7986100506829,-0.07217985218857889,1,138.06962379607415,0.00968462796441893,0,42.41197770169641,0.037612398871473905,0,332.5534562672387,0.01129782962402694,0,348.6458385697382,0.015701947631368476,0,Jupiter,Saturn,1.5,CLEAR,1049.226735302027,1.5115923432538239,0,0,-132.0,327.7922061357856,1,164.6133676510135,0.05305800814473601,-0.064961866969721,0.16922502229935066,0.0,1.0,0,0,1,0.0,1,0.009560714
2044-05-12,52.40960557948109,0.9651658523778119,0,237.8684575776621,12.1121383586805,0,-24.286111028053966,27.23385769132859,1.3102383213654634,0,74.61428299626927,-0.24859813455735222,1,163.96747295353154,0.2199134644459224,0,7.785396683249912,306.7224067215051,0.03795312308864053,0,237.2846669955373,-0.07432950237878579,1,138.1590057041411,0.01585719150541409,0,42.674052775966594,0.03723886471349185,0,332.6227766165203,0.008526644769634625,0,348.1010333953963,-0.19460740445295435,1,Jupiter,Saturn,1.5,CLEAR,1050.7787715608583,1.552036258831322,0,0,-132.0,327.7922061357856,1,165.3893857804293,0.034157810779776476,-0.06689655214090721,0.2419048108905147,0.0,1.0,0,0,1,0.0,1,0.009989388
2044-05-19,59.156554346766036,0.9626352811193783,0,321.575649550782,12.223540419633265,0,-16.38313007066774,37.35551221151291,1.578100933220105,0,71.9503073193297,-0.4996189275082842,1,165.71239633744446,0.2773201931691878,0,6.891398339374672,306.91233256257766,0.016168362969149374,0,236.76201038767408,-0.07472646104620735,1,138.29103821451847,0.021805533225022506,0,42.93231503289082,0.03645918437142393,0,332.67252492615836,0.0056444750528026845,0,347.17653376249746,-0.010783091103167284,1,Jupiter,Saturn,1.5,CLEAR,1052.3406092904333,1.5618377295750179,0,0,-132.0,327.7922061357856,0,166.17030464521673,0.014551526672234437,-0.06725381494158662,0.30505221248610664,0.0,1.0,0,0,1,0.0,1,0.009995217
2044-05-26,65.88772473060459,0.9605930265354246,0,56.65545136681655,15.037218317216935,0,23.98001856630703,49.30671464485828,1.8359003444233652,0,67.9176151347911,-0.6241589560501706,1,167.83400920892382,0.32786537301662355,0,5.8635339806973485,306.947640859035,-0.006078555722577703,1,236.24297477398358,-0.07319761729009919,1,138.46391638299264,0.027597271740402166,0,43.183713173005884,0.03535169391514925,0,332.70175982656986,0.0027483040310582003,0,346.7844118685254,-0.17412600312165094,1,Jupiter,Saturn,1.5,CLEAR,1053.8814767980448,1.5408675076114378,0,0,88.0,327.7922061357856,0,166.9407383990223,-0.005470700150319933,-0.06587785556108927,0.3606519103182859,0.0,1.0,0,0,1,0.0,2,0.009993114
2044-06-02,72.60333959162664,0.9580445732103857,0,159.20528091319304,13.44674437262632,0,8.673416427679683,63.017042522151925,2.0731056863661124,0,63.65154545350351,-0.5635420113552662,1,170.28746191769667,0.3719456466960009,0,4.715805970966564,306.8272831012802,-0.028258677803566137,1,235.74148676871957,-0.0698243132735929,1,138.6763560412152,0.032985551101475205,0,43.42600695472313,0.03376390301405567,0,332.71073654689184,-0.00022728572204917032,1,346.0323525244683,-0.001011415185180775,1,Jupiter,Saturn,1.5,CLEAR,1055.3690403720072,1.4875635739624613,0,0,160.0,327.7922061357856,0,167.68452018600357,-0.025432810023209525,-0.06284188194623361,0.409140211365601,0.0,1.0,0,0,1,0.0,3,0.010950809
2044-06-09,79.30168590632404,0.9559357316912361,0,246.82078088138564,11.977480468991127,0,-26.30862199216562,78.07558215747466,2.199879861291305,0,60.39570706339056,-0.3479034351241379,1,173.02661773825994,0.4097419690993091,0,3.4641476109930784,306.5542925093989,-0.04955720550592892,1,235.26975030856292,-0.06467806502811269,1,138.92516510323733,0.03805831198577148,0,43.65602901220708,0.03192660419535583,0,332.6991192644369,-0.00305789451109336,1,345.36847231886344,-0.22190816520653056,1,Jupiter,Saturn,1.5,CLEAR,1056.7725574072883,1.4035170352810837,0,0,160.0,327.7922061357856,0,168.38627870364417,-0.04460148495533603,-0.05821025852530142,0.45071616600924,0.0,1.0,0,0,1,0.0,3,0.0075040795
2044-06-16,85.98862486491936,0.9547593371855022,0,330.4178029768458,12.232467715085814,0,-12.456261375321816,93.32113470995824,2.1223349036009513,0,58.924025568747794,-0.07005976887043416,1,176.01233346371671,0.44262093773346783,0,2.123002137075222,306.1358752180256,-0.0697841220059777,1,234.83912368407732,-0.0581509114151078,1,139.20800038833022,0.042662294599783546,0,43.87199998080955,0.029702606650278855,0,332.66787061899606,-0.005881193637948248,1,344.2790895379647,-0.023001685448869446,1,Jupiter,Saturn,1.5,CLEAR,1058.0657525934646,1.2931951861762627,0,0,256.0,327.7922061357856,0,169.03287629673224,-0.06280570980537993,-0.052335820273597025,0.48688303150681467,0.0,1.0,0,0,1,0.0,3,0.009172469
2044-06-23,92.6703345315624,0.9543892495460312,0,65.07798331325515,15.020133922284787,0,26.031366536831538,107.45804642099648,1.9040677034293194,0,59.37535384415979,0.19246982871137405,0,179.21569811547124,0.4721925952408745,0,0.7036674683566791,305.58157444259894,-0.08818324513819459,1,234.4590274461328,-0.050182130258487646,1,139.5217557679755,0.046956811410786885,0,44.07136335782797,0.027248179973823363,0,332.6172237880822,-0.008525587982138432,1,343.9327992942023,-0.15449307059385228,1,Jupiter,Saturn,1.5,CLEAR,1059.2246718233903,1.1589192299256865,0,0,156.0,327.7922061357856,0,169.61233591169517,-0.07936492062437513,-0.045163917232638885,0.519411854764962,0.0,1.0,0,0,1,0.0,3,0.007898543
2044-06-30,99.34879424403319,0.9536237758634507,0,168.54574317326143,13.54720752903035,0,4.096580273400034,119.89848805845882,1.648584502527955,0,61.504643611139045,0.4074786597535139,0,182.61563756531055,0.4986060769013642,0,-0.7842279956219932,304.9072464509743,-0.1039720073008173,1,234.13903386578426,-0.04110126676471319,1,139.86382071580047,0.05065075812617013,0,44.25227082392219,0.024356630153872086,0,332.54845654706406,-0.011124223475242162,1,343.24032067155315,0.005574385571875802,0,Jupiter,Saturn,1.5,CLEAR,1060.226473916276,1.0018020928857823,0,0,276.0,327.7922061357856,0,170.11323695813792,-0.09357480657073558,-0.03699114008824188,0.5484666845915007,0.0,1.0,0,0,1,0.0,3,0.0086687915
2044-07-07,106.02205016827156,0.9531532663528869,0,255.81720684448018,11.895224058915066,0,-27.71553950803979,130.52011665013012,1.383782600162227,0,64.9720445577007,0.5761414575837955,0,186.1887770480672,0.521811312286263,0,-2.3281873790598313,304.1345638390409,-0.11618206888703168,1,233.8860822435071,-0.031045133805857533,1,140.23011281545547,0.05392941572844324,0,44.41228602286057,0.021336761855314874,0,332.46248179592925,-0.013390492711312324,1,342.8015086517206,-0.16268046446489517,1,Jupiter,Saturn,1.5,CLEAR,1061.0524075587068,0.8259336424307548,0,0,276.0,327.7922061357856,0,170.52620377935347,-0.10456386199832851,-0.02794062042527178,0.5739924435148893,0.0,1.0,0,0,1,0.0,3,0.009823964
2044-07-14,112.69496382370495,0.9535540842243415,0,339.7434333000947,12.34676884307651,0,-8.103025836797714,139.20248670874727,1.0888435732009445,0,69.48116694096551,0.7064735483399901,0,189.9151290158347,0.5425304474219923,0,-3.9157898342255915,303.28912300345974,-0.12473594494417024,1,233.70543975847096,-0.020500041017552283,1,140.61735620821338,0.05661293665541042,0,44.55017392878013,0.018007758363179086,0,332.36120112211955,-0.015524310469414236,1,342.0042478407762,-0.00453654935958816,1,Jupiter,Saturn,1.5,CLEAR,1061.6894683406183,0.6370607819114866,0,0,-4.0,327.7922061357856,0,170.84473417030918,-0.11226235044975322,-0.018450036915797056,0.5967834921641916,0.0,1.0,0,0,1,0.0,3,0.009193681
2044-07-21,119.3743377699332,0.9549579817289654,0,74.00295515104696,14.795296055940584,0,27.58732678982407,145.5971805966095,0.7220730790584609,0,74.79209988208082,0.8064392254363554,0,193.78126802329672,0.5619322825491893,0,-5.53626436472685,302.3982698922178,-0.12902245840484877,1,233.60050666807493,-0.009374892918048149,1,141.02190832655901,0.058923002099450214,0,44.66425826261173,0.014587541452266596,0,332.24602921931444,-0.017302057854058646,1,341.8960552335906,-0.08698094869913525,1,Jupiter,Saturn,1.5,CLEAR,1062.1275031890736,0.4380348484553451,0,0,-4.0,327.7922061357856,0,171.0637515945368,-0.1161202125643639,-0.008437403626243335,0.6181255108041083,0.0,1.0,0,0,1,0.0,3,0.008230752
2044-07-28,126.06340812386834,0.9560875827584439,0,177.11904839341142,13.656037802350129,0,-0.14129759386735277,149.027907606915,0.23524699909974037,0,80.7150376858363,0.88248225252485,0,197.77873310509625,0.5798905608865891,0,-7.179543074910297,301.49328407428237,-0.1287460665130613,1,233.57443039167887,0.001934854793092322,0,141.4404141587124,0.06053058735644424,0,44.75339773961781,0.010838890448666653,0,332.1191278884611,-0.01891629144830253,1,341.5077239015195,0.01843330855362583,0,Jupiter,Saturn,1.5,CLEAR,1062.357934695878,0.2304315068042797,0,0,-4.0,327.7922061357856,0,171.17896734793894,-0.11587145986175518,0.0017413693137830898,0.6378796169752481,0.0,1.0,0,0,1,0.0,2,0.008598536
2044-08-04,132.75996990249752,0.9572953795315031,0,264.5583984694297,11.867076592981553,0,-28.39065963062099,148.62252273748223,-0.3582429717522405,1,87.11025127113552,0.9425528789887742,0,201.89589840637208,0.5961669614476722,0,-8.832511766954878,300.60729764053593,-0.12365754755562681,1,233.62808144977612,0.013370671295453053,0,141.8684839746787,0.06168070950758111,0,44.81631286408164,0.007125963886582033,0,331.9825307252244,-0.020052949739424637,1,341.4182364866764,-0.06748449332453398,1,Jupiter,Saturn,1.5,CLEAR,1062.376462828611,0.018528132733081293,0,0,-100.0,327.7922061357856,0,171.1882314143055,-0.11129179280006414,0.012033604165907747,0.6557836575924395,0.0,1.0,0,0,1,0.0,2,0.00929213
2044-08-11,139.4671420017332,0.9591993071953702,0,349.27337781301514,12.588711460588094,0,-3.5562453879665106,144.33807408041784,-0.8000658256936496,1,93.88459376239025,0.9913567865334869,0,206.1217616816546,0.6110597143092996,0,-10.481403275254745,299.7714152824577,-0.11452181751790423,1,233.76080768900084,0.02450358007893817,0,142.30234162296497,0.062186383560682984,0,44.852684883011435,0.0032502969888282833,0,331.83880766523765,-0.020961731680416117,1,341.0935600709466,0.0097173515090209,0,Jupiter,Saturn,1.5,CLEAR,1062.183754388021,-0.19270844058996772,0,0,-175.0,327.7922061357856,0,171.09187719401058,-0.1030696357661138,0.022053222071044352,0.6721656857402296,0.0,1.0,0,0,1,0.0,2,0.009119542
2044-08-18,146.19152937736592,0.9621823952416992,0,83.7617976301571,14.492335356161739,0,28.41920893818784,138.92380727531759,-0.6186713893673139,1,100.96934979265615,1.03150562093514,0,210.44988409133356,0.6255116480688486,0,-12.113203238071762,299.0131503015432,-0.10150163891418158,1,233.97101303041237,0.03553442754088551,0,142.73808515131583,0.062279378714586275,0,44.86216156472206,-0.0005279134519149588,1,331.69026680198664,-0.021398091572764965,1,341.1503393777496,-0.021077003536122643,1,Jupiter,Saturn,1.5,CLEAR,1061.7822970686193,-0.401457319401743,0,0,-175.0,327.7922061357856,0,170.8911485343097,-0.09135147502276343,0.03198098478679696,0.6880628128757336,0.0,1.0,0,0,1,0.0,3,0.0069769975
2044-08-25,152.93701879254866,0.9649950454727393,0,185.21487945882075,13.664523024031697,0,-4.0593209730593545,137.1490900945667,0.17391092124546423,0,108.30715407190611,1.0638913785204824,0,214.87724190875264,0.6392926227788147,0,-13.715072436987047,298.35797581358185,-0.08515008891212526,1,234.2569894798107,0.04610187530629733,0,143.1720898768571,0.06161991622153521,0,44.84470260086205,-0.0044491183738658785,1,331.53952414355865,-0.021601695999022143,1,341.0567653196764,0.007175966234172023,0,Jupiter,Saturn,1.5,CLEAR,1061.1754262421027,-0.6068708265165697,0,0,-100.0,327.7922061357856,0,170.58771312105137,-0.07663508002091274,0.0414916877756676,0.7032218850566962,0.0,1.0,0,0,1,0.0,3,0.007022032
2044-09-01,159.70116931875444,0.9676295878547538,0,272.8825049275075,11.866488182691437,0,-28.310553375839554,141.58042831342144,1.0687402926226546,0,115.8524298252026,1.0912326468388411,0,219.39776329599474,0.6520897379133048,0,-15.271290435510474,297.82784972856103,-0.06596608736060151,1,234.61563446038843,0.05625154007749891,0,143.59985302594652,0.06049063630245379,0,44.800652012437894,-0.008122593149046856,1,331.3892888987176,-0.021268619267675804,1,341.0930048797681,0.0007122908535966699,0,Jupiter,Saturn,1.5,CLEAR,1060.3700351040989,-0.8053911380038699,0,0,-348.0,327.7922061357856,0,170.18501755204946,-0.059369478624541366,0.05062638606974902,0.7172987117046353,0.0,1.0,0,0,1,0.0,3,0.00938729
2044-09-08,166.48473717162065,0.9706684897160487,0,358.6199244447522,12.934460118276984,0,0.9127927883279241,151.40516838562178,1.670176690631266,0,123.5764493446482,1.1151548447817161,0,224.0041936980818,0.6639363046335405,0,-16.765228049101818,297.4381139343022,-0.04516115819480991,1,235.04265396315137,0.0656480329709757,0,144.01731549550368,0.05869565635474446,0,44.73101378178266,-0.011743334035707449,1,331.2422469414781,-0.02068270522577649,1,341.10068750022134,-0.005855115390275031,1,Jupiter,Saturn,1.5,CLEAR,1059.3767196372626,-0.9933154668362931,0,0,-188.0,327.7922061357856,0,169.68835981863128,-0.04064504237532892,0.05908322967387813,0.7303299350968946,0.0,1.0,0,0,1,0.0,3,0.01002134
2044-09-15,173.2932421989884,0.9747372652290816,0,94.34174428627689,14.253409112649146,0,28.205933211316328,164.0124565943363,1.875210807331305,0,131.45871420988624,1.1364217086678532,0,228.6927725794722,0.6756509854227075,0,-18.180525336427632,297.1986563540694,-0.023095840000344172,1,235.53377077112188,0.07457344248085696,0,144.42082242952986,0.05649845887720171,0,44.63715740739375,-0.015038921102092949,1,331.1010113050246,-0.019610325635958763,1,341.0287146612937,0.006787836452024078,0,Jupiter,Saturn,1.5,CLEAR,1058.2067732725436,-1.1699463647189532,0,0,-118.0,327.7922061357856,0,169.10338663627186,-0.020786256000309755,0.06711609823277126,0.7432160839649783,0.0,1.0,0,0,1,0.0,3,0.010118254
2044-09-22,180.13057987468542,0.978698307346567,0,193.31227926739678,13.508271962670383,0,-7.839497871161267,177.1182978957943,1.847417511935221,0,139.4782517727594,1.154361088777391,0,233.46233856142217,0.6870037676437236,0,-19.500964019999756,297.1160677822973,-0.0003952818288300385,1,236.08463915043166,0.08271449195446136,0,144.80632328003793,0.05356039952578607,0,44.520461042185744,-0.018232580593628728,1,330.96797725484356,-0.018317960465739417,1,341.04600075749903,-0.039977048627170414,1,Jupiter,Saturn,2.5,CLEAR,1056.871643783508,-1.3351294890355803,0,0,-350.0,327.7922061357856,0,168.43582189175407,-0.0003557536459470347,0.07444304275901523,0.7557041444080961,0.0,1.0,0,0,1,0.0,3,0.012035055
2044-09-29,186.99401858807303,0.9822153085924705,0,280.8437986703249,11.85984169262431,0,-27.512409804328485,189.72339193121425,1.7503534803982046,0,147.61439388391224,1.1699177991573593,0,238.30923668135503,0.697650452224778,0,-20.708268691301843,297.19375523893893,0.022519691659367947,0,236.6902992133293,0.09016774481959046,0,145.1697374428547,0.05016131931369659,0,44.383170511985604,-0.020948738226781914,1,330.84584342790674,-0.01654439978293364,1,340.78652759799553,0.009135209051598722,0,Jupiter,Saturn,2.5,CLEAR,1055.3857425973126,-1.485901186195406,0,0,-310.0,327.7922061357856,0,167.6928712986563,0.020267722493431152,0.08115097033763141,0.7674154974472558,0.0,1.0,0,0,1,0.0,2,0.0113429455
2044-10-06,193.8815741213337,0.9857450396435832,0,7.424200748884196,13.302185687247592,0,5.085091212560365,201.6202829566701,1.6505055996618516,0,155.85335082706214,1.1838751288354776,0,243.2273838001064,0.7074508979686444,0,-21.784021183467647,297.42969683468664,0.04477630660795272,0,237.34469346846984,0.09667585632256596,0,145.5070671443058,0.04614843354218706,0,44.227777215831836,-0.023371064395789332,1,330.7367034703693,-0.0145838784779522,1,340.83955271929057,-0.050974489067314596,1,Jupiter,Saturn,1.5,CLEAR,1053.766167494724,-1.6195751025886693,0,0,-310.0,327.7922061357856,1,166.88308374736198,0.04029867594715745,0.08700827069030936,0.7781959877655088,0.0,1.0,0,0,1,0.0,2,0.011355422
2044-10-13,200.79677191410846,0.9901227539777102,0,105.37202963905328,14.18703604454114,0,26.76037751501878,212.86308420854596,1.5640099032768633,0,164.18643979255154,1.1967405959524724,0,248.21345982331044,0.7171199491013946,0,-22.710613606012767,297.8192075641748,0.06636107286008812,0,238.0424534815829,0.10254063745386029,0,145.81518509963715,0.04178168495212926,0,44.057403344588856,-0.02525817689804598,1,330.64275566088634,-0.01223765841671657,1,340.3418604229743,-0.013950710261343516,1,Jupiter,Saturn,1.5,CLEAR,1052.029899726012,-1.7362677687119685,0,0,-196.0,327.7922061357856,1,166.01494986300597,0.05972496557407931,0.09228657370847426,0.7888319440115342,0.0,1.0,0,0,1,0.0,2,0.011613125
2044-10-20,207.74293934784518,0.9944182344171135,0,201.86396782859748,13.20537237957951,0,-11.676172592907857,223.53970388619243,1.4872513318043357,0,172.60275622080545,1.2075912676630807,0,253.26630002908863,0.726501208386924,0,-23.471660267758587,298.3564083439178,0.0870024754791837,0,238.77795847943312,0.10749296817128826,0,146.09030966501453,0.036773623459076546,0,43.87474191147575,-0.02681088416757138,1,330.5654727466068,-0.00976916944092961,1,340.2315810021461,-0.11128109956323891,1,Jupiter,Saturn,1.5,CLEAR,1050.1935668640854,-1.8363328619266213,0,0,-100.0,327.7922061357856,1,165.09678343204263,0.07830222793126533,0.09674367135415943,0.7991513292256165,0.03166026775858555,1.0,0,0,1,0.0,2,0.012933427
2044-10-27,214.71698590387578,0.9980212672852538,0,288.69816541292187,11.831877710379402,0,-26.04647222064555,233.67512816232315,1.4059164613899788,0,181.08864123677944,1.216666074898251,0,258.38297366617,0.7352254894047372,0,-24.050855651499056,299.03482611932407,0.10657480179984895,0,239.5455090020358,0.11162045974340618,0,146.32925780314034,0.031402579554054226,0,43.6836490690253,-0.02772104785213258,1,330.5068505005586,-0.006980472463180661,1,339.3494318666797,-0.039773128654781525,1,Jupiter,Saturn,1.5,CLEAR,1048.276280133979,-1.917286730106298,0,0,60.0,327.7922061357856,0,164.1381400669895,0.09591732161986405,0.10045841376906556,0.808748038345211,0.6108556514990546,1.0,0,0,1,0.0,2,0.14775722
2044-11-03,221.71419087916692,1.0012005075147181,0,15.567565384455639,13.562258559057303,0,8.900660203110194,243.14128016253034,1.2885264459179984,0,189.63309521694487,1.2244754666736772,0,263.55727565444215,0.7430491785237175,0,-24.434059753562195,299.84478440495235,0.1246118110138947,0,240.3382028657141,0.11473319421564522,0,146.52884640832983,0.025590542397913644,0,43.48765946506084,-0.028165961184012843,1,330.46778971388443,-0.004144455114627996,1,339.2182915214057,-0.10287815710473285,1,Jupiter,Saturn,1.5,CLEAR,1046.2989131986935,-1.977366935285545,0,0,-196.0,327.7922061357856,0,163.14945659934673,0.11215062991250523,0.1032598747940807,0.8173540963760894,0.994059753562194,1.0,0,0,1,0.0,2,0.15136991
2044-11-10,228.7353809444812,1.0049219511050662,0,116.21128649721138,14.340374245408691,0,24.23060804749175,251.46752360146832,1.0620272677597473,0,198.23017999429553,1.231661742036088,0,268.78515431280374,0.7505699834713684,0,-24.60979412618651,300.77650635377205,0.14134073188309743,0,241.15025105860192,0.11710610427249768,0,146.68728585862914,0.01958865028539337,0,43.290980670919375,-0.02798162391831221,1,330.44949957682553,-0.0011090655715618241,1,338.2455058932236,-0.053332511480738205,1,Jupiter,Saturn,1.5,CLEAR,1044.281459224635,-2.017453974058526,0,0,-196.0,327.7922061357856,0,162.14072961231744,0.1272066586947877,0.10539549384524792,0.8256269818185052,1.1697941261865097,1.0,0,0,1,0.0,2,0.14876682
2044-11-17,235.78290494985995,1.0085854318602616,0,211.0503233214997,12.848929441672361,0,-15.595820930256293,257.36577544496623,0.5543260387902103,0,206.87310016275072,1.2375212571304646,0,274.0644784522224,0.7577661487450759,0,-24.56972977588093,301.820368273,0.15673493350750453,0,241.97533950663032,0.11852103081727802,0,146.802040421144,0.013199826194636008,0,43.09682864237602,-0.027349507237890213,1,330.4520803506061,0.001899831142404831,0,337.92138241946236,-0.17120109549561127,1,Jupiter,Saturn,1.5,CLEAR,1042.2429782714914,-2.038480953143562,0,0,-100.0,327.7922061357856,0,161.1214891357457,0.1410614401567541,0.10666892773555023,0.8335427636195836,1.1297297758809286,1.0,0,0,1,0.0,1,0.1396979
2044-11-24,242.85344622489112,1.0113651239902308,0,296.7681622840374,11.795886778914156,0,-23.956560582668683,257.95289718708733,-0.47913308803322047,1,215.55216284279092,1.241963473112109,0,279.3921957806347,0.7642438622904743,0,-24.308206195284438,302.9676653403547,0.1707781941376286,0,242.80738006913074,0.11897896008758037,0,146.8718474258516,0.006697137231321028,0,42.90962814363255,-0.026073428774595977,1,330.47638837879026,0.0050087394139816084,0,336.5318442096725,-0.09441609956599667,1,Jupiter,Saturn,1.5,CLEAR,1040.2044961490037,-2.0384821224877214,0,0,-172.0,327.7922061357856,0,160.1022480745018,0.15370037472386575,0.10708106407882233,0.8406682485195217,0.8682061952844364,1.0,0,0,1,0.0,1,0.1116873
2044-12-01,249.94006264224387,1.013333155607996,0,23.364680977997537,13.614879492895279,0,12.493123518899107,250.75597109619468,-1.379463628069622,1,224.25812267231282,1.2453660546510763,0,284.76149048175193,0.7697207156479261,0,-23.82402823402858,304.20747728101605,0.18322725969677045,0,243.6390151581663,0.11847412450304741,0,146.89554078722014,0.00010613835244578617,0,42.73284873709164,-0.02432404203790442,1,330.52187723200996,0.00800008945848303,0,336.27318492348513,-0.1128322994256292,1,Jupiter,Saturn,1.5,CLEAR,1038.1876671578507,-2.0168289911530337,0,0,24.0,327.7922061357856,0,159.09383357892534,0.1649045337270934,0.10662671205274267,0.8466927872127188,0.38402823402858033,1.0,0,0,1,0.0,1,0.116844386
2044-12-08,257.0407393225105,1.0154667157734136,0,126.17097699348386,14.667545309365043,0,21.09483233509163,243.15377100949797,-0.5475631100503567,1,232.98687959841604,1.248476979573248,0,290.16719022528804,0.7746607371402803,0,-23.11980693447208,305.52990287736213,0.19434687114854857,0,244.46427847179638,0.11712045270892828,0,146.87385564309955,-0.006342314534890694,1,42.570508208660776,-0.022041530342659422,1,330.58854644586506,0.010975991866791988,0,335.1658966633821,-0.0678209589336197,1,Jupiter,Saturn,1.5,CLEAR,1036.2124594737288,-1.9752076841218695,0,0,80.0,327.7922061357856,0,158.1062297368644,0.1749121840336937,0.10540840743803545,0.8521268108543084,0.0,1.0,0,0,1,0.0,2,0.14635344
2044-12-15,264.1567282905715,1.0176172718590701,0,220.66431087054207,12.554379152591697,0,-19.37743686124559,243.59000016231272,0.5784316392261135,0,241.73531783295135,1.2509653001448724,0,295.60592766143304,0.7792197879311247,0,-22.201595034744283,306.9254449532006,0.20422457712881698,0,245.27641359650886,0.11480282171884292,0,146.806800918156,-0.012738042672935955,1,42.42510169639746,-0.01937886587417275,1,330.67508692687414,0.013778619687545353,0,334.8678502867493,-0.1598409871478013,1,Jupiter,Saturn,1.5,CLEAR,1034.2973761997773,-1.9150832739514954,0,0,-120.0,327.7922061357856,0,157.1486880998886,0.18380211941593527,0.10332253954695862,0.8571417667242373,0.0,1.0,0,0,1,0.0,2,0.15024038
2044-12-22,271.285044430888,1.0188123375673663,0,305.23740952867604,11.7849897886409,0,-21.296000493670782,249.8249161051532,1.1234606033144139,0,250.49809529703796,1.2524966112378806,0,301.07438035400514,0.7829923032773242,0,-21.078367905845916,308.38600468898295,0.21281268996337185,0,246.06918049106108,0.11149867070649132,0,146.6961968626739,-0.01883402936059698,1,42.30023835779191,-0.016264229582824485,1,330.7811631069606,0.016463286901897536,0,333.56970598129817,-0.0910515020698919,1,Jupiter,Saturn,1.5,CLEAR,1032.4621157334616,-1.8352604663157308,0,0,25.0,327.7922061357856,0,156.23105786673085,0.19153142096703468,0.10034880363584218,0.8612915336050566,0.0,1.0,0,0,1,0.0,2,0.16525364
2044-12-29,278.4175917725695,1.0189563040177236,0,31.469946012794175,13.491532845092209,0,16.05021635981235,258.58085822596763,1.3463710708067762,0,259.2685088250047,1.2532891939679278,0,306.5653112672127,0.7857105320194703,0,-19.76327666317515,309.9014733378883,0.21998381916033743,0,246.83499555779642,0.10718265822050337,0,146.54407488501445,-0.02450878013225488,1,42.198090316320986,-0.01283923389165497,1,330.9049415886178,0.01889495429425452,0,333.45350037407195,-0.06114706697867248,1,Jupiter,Saturn,1.5,CLEAR,1030.726189517049,-1.7359262164125084,0,0,225.0,327.7922061357856,0,155.36309475852457,0.1979854372443037,0.09646439239845303,0.8642815852214174,0.0,1.0,0,0,1,0.0,2,0.16260079
2045-01-05,285.5501244309878,1.0189121767815061,0,134.9179744126407,14.999322370722117,0,17.862865043213713,268.4031433766861,1.449165941493458,0,268.04412460541704,1.2540000958564552,0,312.07272386874126,0.7876985229771007,0,-18.271894306969212,311.4630729924332,0.22594246825695566,0,247.56792881935758,0.10202591199325345,0,146.3545962590071,-0.029596205772235363,1,42.12125877995044,-0.009142306968158083,1,331.04536862874573,0.021124246523154852,0,332.7025648350867,-0.04447921300024709,1,Jupiter,Saturn,1.5,CLEAR,1029.1066599211858,-1.6195295958632414,0,0,142.0,327.7922061357856,0,154.55332996059286,0.2033482214312601,0.0918233207939281,0.8664683752748109,0.0,1.0,0,0,1,0.0,2,0.16654989
2045-01-12,292.683025707738,1.0190400797472172,0,230.22241265891668,12.402665797343493,0,-22.655827119611292,278.7855951470869,1.5145793281725408,0,276.8245177813685,1.254661048031612,0,317.59236704962484,0.7893029549158785,0,-16.621107299614476,313.0622908486938,0.23084350268962422,0,248.26127648840264,0.09596041727688627,0,146.13107818247568,-0.034108068151264555,1,42.07054042144363,-0.005268013789116094,1,331.20006749289655,0.023082373815882518,0,332.6542740673379,-0.07446843159637015,1,Jupiter,Saturn,1.5,CLEAR,1027.6185278660819,-1.4881320551039607,0,0,225.0,327.7922061357856,0,153.809263933041,0.2077591524206618,0.08636437554919764,0.8682332504074665,0.0,1.0,0,0,1,0.0,2,0.17600411
2045-01-19,299.81456171813034,1.0183196868339552,0,314.0179345194207,11.82671438713207,0,-18.15958133322203,289.5959395150761,1.5746150737992848,0,285.6078837738271,1.2547294805220717,0,323.1210640966703,0.7901322887637211,0,-14.828715521993685,314.6920256999158,0.23455509247612277,0,248.90899354293376,0.08891049720592258,0,145.87873383106987,-0.03788234745827456,1,42.04777707694311,-0.0012481025761995126,1,331.36778961823586,0.02475634473148162,0,331.96917204141624,-0.040834304221517244,1,Jupiter,Saturn,1.5,CLEAR,1026.277567068019,-1.3409607980629517,0,0,225.0,327.7922061357856,0,153.13878353400935,0.2110995832285105,0.08001944748533033,0.8691455176400933,0.0,1.0,0,0,1,0.0,2,0.17600411
2045-01-26,306.9369292057478,1.0165158219255572,0,40.43885153786591,13.348171921483335,0,19.5809325170923,300.849152456303,1.6424825764499131,0,294.38938585653773,1.254233011157586,0,328.65186799453784,0.7899648047333037,0,-12.914888453275319,316.3431490955098,0.2370262248662564,0,249.50392572526187,0.08096847125683583,0,145.60281161651977,-0.04075974997553308,1,42.05321607871571,0.0028408341031240197,0,331.54587729703036,0.026107839196829626,0,332.04740095200214,-0.003566558297875682,1,Jupiter,Saturn,1.5,CLEAR,1025.0985807069078,-1.1789863611111286,0,0,171.0,327.7922061357856,0,152.54929035345384,0.21332360237963077,0.07287162413115225,0.8689612852066341,0.0,1.0,0,0,1,0.0,1,0.15554023
2045-02-02,314.0447994913225,1.014281089903457,0,142.83423313612445,15.109746575807085,0,14.680600178427294,312.6178396919605,1.721574744534275,0,303.16689155039825,1.2536004089085626,0,334.17871024461994,0.7889853143378526,0,-10.900232818161243,318.0078364867267,0.23837328221443801,0,250.04087278300403,0.0722665124732101,0,145.310335359918,-0.04271718018465509,1,42.08752255178234,0.006885785947470943,0,331.7326205504858,0.02713224277343734,0,331.80236905479967,-0.010314322435921522,1,Jupiter,Saturn,1.5,CLEAR,1024.0932995375567,-1.0052811693510648,0,0,0.0,327.7922061357856,0,152.0466497687783,0.21453595399299422,0.06503986122588909,0.8678838457716379,0.0,1.0,0,0,1,0.0,1,0.15296277
2045-02-09,321.13816410895447,1.0124335642932283,0,239.2543190804691,12.400955434625315,0,-25.13632935367305,324.9558567788363,1.801483285614311,0,311.9405419792317,1.2531824515163772,0,339.69721762106343,0.7877101518937825,0,-8.804643867869414,319.6782609519902,0.23881795753204882,0,250.51410114815175,0.06285116947193978,0,145.00701209008275,-0.04374880536190148,1,42.14961432864634,0.010885031951182931,0,331.92512472066596,0.027859870390227276,0,331.87005685678287,-0.007110923569178601,1,Jupiter,Saturn,1.5,CLEAR,1023.2710263609893,-0.822273176567478,0,0,495.0,327.7922061357856,0,151.63551318049457,0.21493616177884395,0.0565660525247458,0.8664811670831608,0.0,1.0,0,0,1,0.0,1,0.14975032
2045-02-16,328.2174091524907,1.0100327186842994,0,322.81639376086486,11.921286185984531,0,-14.68985234228055,337.73500750782,1.8340886774166896,0,320.7103631247343,1.2523633343458869,0,345.20502279827275,0.7857884715921293,0,-6.647197551147902,321.34815939086155,0.23808221494598186,0,250.91876729333111,0.05262133851504151,0,144.6999271870501,-0.04384700485363201,1,42.23945449203708,0.01473242463382813,0,332.1216719732796,0.02821151803528532,0,331.78096611556634,-0.0014638868883394326,1,Jupiter,Saturn,1.5,CLEAR,1022.6413743974118,-0.6296519635774303,0,0,563.0,327.7922061357856,0,151.32068719870597,0.21427399345138368,0.047359204663537366,0.8643673187513423,0.0,1.0,0,0,1,0.0,1,0.14531195
2045-02-23,335.2764644693635,1.0067152765724634,0,50.3366038212515,13.34344359568286,0,22.823382044356695,350.2144447081091,1.683058934702871,0,329.47241431179367,1.2510260809055853,0,350.69635633079133,0.7830502873089669,0,-4.448211453606027,323.00879047761106,0.23622557001354622,0,251.24947521955744,0.041819621946841724,0,144.3956667469868,-0.04287829566724269,1,42.35556101297119,0.018440770021863298,0,332.3193503281261,0.028247182437659765,0,331.773940214054,-0.004021538877355361,1,Jupiter,Mercury,0.0,CLEAR,1022.2121715868274,-0.42920281058445653,0,0,488.0,327.7922061357856,0,151.10608579341374,0.2126030130121916,0.037637659752157555,0.8613553160398636,0.0,1.0,0,0,1,0.0,1,0.1473931
2045-03-02,342.3100900097088,1.0028597806984574,0,150.84601630771363,14.89746041036063,0,11.255392237013076,0.3465526419108208,1.131020033565231,0,338.22390500324616,1.2493526259793568,0,356.1658809778892,0.7795390710535259,0,-2.22756061535388,324.6526951881981,0.23324691420913213,0,251.5032151960782,0.030569653250645257,0,144.1017370151902,-0.0410123721455148,1,42.49690906256714,0.02184152895406053,0,332.51625834676594,0.02790261661542439,0,331.81108150393254,0.0007021061553690199,0,Jupiter,Mercury,0.0,CLEAR,1020.885471386962,-1.3267001998653996,0,0,260.0,327.7922061357856,0,150.99369386648894,0.20992222278821893,0.02751268792558073,0.8574929781588786,0.0,1.0,0,0,1,0.0,1,0.060651395
2045-03-09,349.31836540485995,0.9996090065559707,0,247.60404601924554,12.476847042192382,0,-26.744907017676834,5.043047483160983,0.16633661995194185,0,346.96433501985433,1.2479666611568618,0,1.6098879600804146,0.7758976712663783,0,-0.0036813771190998376,326.27247133730907,0.22941263807635787,0,251.67701405046134,0.019062173149507082,0,143.82372629222738,-0.03825063936957439,1,42.66104297854655,0.025042537630192083,0,332.7095568330786,0.027306617863469395,0,331.6496457728337,-0.018674615474574514,1,Jupiter,Mercury,0.0,CLEAR,1017.0705677660071,-3.8149036209548512,0,0,160.0,327.7922061357856,0,150.9840289280852,0.20647137426872209,0.017155955834556376,0.8534874383930162,0.0,1.0,0,0,1,0.0,1,0.056341123
2045-03-16,356.3041325906662,0.9962219710670265,0,331.3396563957638,12.04044251031846,0,-11.032886892659045,2.804983254115377,-0.7296020972497049,1,355.69477410381705,1.2463631383228926,0,7.027321201637855,0.771829180438023,0,2.2065107040760052,327.8615683967061,0.22439386841292674,0,251.76913900348643,0.007211322408041317,0,143.5678343058189,-0.03474788971968258,1,42.84653802849211,0.02788245956282467,0,332.89751022621846,0.02631820907732212,0,331.7604365272622,0.0007351756681940827,0,Jupiter,Mercury,0.0,CLEAR,1013.5673298682368,-3.5032378977703047,0,0,40.0,327.7922061357856,0,151.0773990250057,0.20195448157163406,0.006490190167237186,0.8490120984818254,0.0,1.0,0,0,1,0.0,1,0.052971113
2045-03-23,3.2640700981855155,0.9922241653234992,0,60.75213408457369,13.542415800275151,0,25.393271575932726,356.7001035218602,-0.8577613277614738,1,4.4124936083274,1.2443490862624358,0,12.414246076020477,0.7672065620726758,0,4.385201608912231,329.4113599139084,0.2182346764492745,0,251.77817720109718,-0.0045681777575913175,1,143.3392883147325,-0.03039734586323207,1,43.050843900771206,0.030463880305763365,0,333.0774790173867,0.02508340809543578,0,331.35717858596774,-0.06660417755797068,1,Jupiter,Mercury,0.0,CLEAR,1010.4011902009962,-3.1661396672406,0,0,160.0,327.7922061357856,0,151.27266669967403,0.19641120880434704,-0.004111359981832186,0.8439272182799434,0.0,1.0,0,0,1,0.0,2,0.05606098
2045-03-30,10.19380427990487,0.987674732006289,0,159.73521329886665,14.47302977860314,0,7.214484306229656,352.44676336714133,-0.2990705795561368,1,13.114455372391467,1.2418720534162175,0,17.766547296454387,0.7619250517128651,0,6.515120124600545,330.91393995176577,0.21086301202781726,0,251.70561185150416,-0.016138360376491984,1,143.1434091831855,-0.02552657783975458,1,43.27184435130624,0.03257117399283299,0,333.24775170895356,0.02347765368078964,0,331.3381261499614,-0.015436050664772955,1,Jupiter,Mercury,0.0,CLEAR,1007.5914034624436,-2.8097867385525888,0,0,-40.0,327.7922061357856,0,151.56623249980208,0.18977671082503555,-0.014524524338842786,0.8381175568841517,0.0,1.0,0,0,1,0.0,2,0.05240214
2045-04-06,17.09374904095675,0.9838926629076599,0,255.5147121144059,12.522467552076863,0,-27.59470459757816,352.6476033623739,0.33606228326043386,0,21.799826024037163,1.239739319171459,0,23.08164838066306,0.75670693163124,0,8.580417623805815,332.36160159788994,0.2025928293678369,0,251.55369377197033,-0.027171258429414095,1,142.98339231976954,-0.02010302206035052,1,43.50643627843818,0.03441509574884534,0,333.4060279943536,0.02172159155017767,0,330.6864726475545,-0.08756194069770133,1,Jupiter,Mercury,0.0,CLEAR,1005.149066456695,-2.442337005748641,0,0,-104.0,327.7922061357856,0,151.95274250646784,0.1823335464310532,-0.024454132586472686,0.8323776247943641,0.0,1.0,0,0,1,0.0,2,0.053623423
2045-04-13,23.96885799639909,0.9804048340984908,0,339.48395227618283,12.140617001934938,0,-7.278019238618268,356.7563616136731,0.8097549406306769,0,30.47074541837735,1.2376373499793512,0,28.359900132001755,0.7513081930048654,0,10.566947453274473,333.7470232171342,0.19300792469952627,0,251.3261692821942,-0.03772923542268423,1,142.8625418315683,-0.014377511194931561,1,43.75243282338395,0.03579060335439496,0,333.5509238620952,0.019620058464269376,0,330.6138553824451,-0.022074991266554177,1,Jupiter,Mercury,0.0,CLEAR,1003.4757630213257,-1.6733034353692346,0,0,120.0,327.7922061357856,0,152.42626354118974,0.17370713222957365,-0.033956311880415806,0.826439012305352,0.0,1.0,0,0,1,0.0,2,0.040781222
2045-04-20,30.818936929436912,0.9766777729461061,0,71.0935581139216,13.911750492083117,0,27.02420658340899,3.6594913755021894,1.1447907752113442,0,39.12646222574104,1.235376538719548,0,33.599406592598456,0.7456358222050277,0,12.459889411423866,335.06087006981926,0.18217885906011347,0,251.02792015754162,-0.04727271663209367,1,142.7831956645248,-0.008221398032892811,1,44.006897776342825,0.03687158421354527,0,333.68048868306755,0.017388844674976447,0,329.75364432206436,-0.13636951020676377,1,Jupiter,Mercury,0.0,CLEAR,1004.1633692005169,0.687606179191107,0,0,0.0,327.7922061357856,0,152.9789776188012,0.16396097315410213,-0.0425454449688843,0.8201994044255305,0.0,1.0,0,0,1,0.0,2,0.030568723
2045-04-27,37.64080677549479,0.9724169193139435,0,169.64809462626235,14.036012897488137,0,2.489413069090072,12.60377835166682,1.4022610599283272,0,47.764589294930886,1.232609290296249,0,38.797357214875454,0.7394408780222681,0,14.245057400808626,336.2941623869195,0.16997769273500699,0,250.6668200508343,-0.05570054378368164,1,142.74734616412286,-0.00203717369504352,1,44.267192191221774,0.03740420348202305,0,333.7935196259716,0.014852058011526288,0,329.49430216509666,-0.04137902363548569,1,Jupiter,Mercury,0.0,CLEAR,1005.1083973570776,0.9450281565607384,0,0,115.0,327.7922061357856,0,153.60037214038746,0.1529799234615063,-0.05013048940531348,0.8133849658244949,0.0,1.0,0,0,1,0.0,2,0.02456471
2045-05-04,44.43514053155374,0.9689984949930962,0,263.4284673363907,12.465341486784835,0,-27.82792424783091,23.22148165191221,1.629104744229625,0,56.38408273133072,1.230182331821104,0,43.95206368889531,0.733515186512727,0,15.909539520171352,337.4384613543389,0.15676469263791082,0,250.25175301936397,-0.06265842144808653,1,142.75521455943803,0.00428980396422226,0,44.530141454118095,0.03763336578392065,0,333.88862306336307,0.01230081668582756,0,328.41012547322816,-0.15377357833292857,1,Jupiter,Mercury,0.0,CLEAR,1006.2899598616582,1.1815625045805973,0,0,115.0,327.7922061357856,0,154.2783884347541,0.14108822337411975,-0.05639257930327788,0.8068667051639997,0.0,1.0,0,0,1,0.0,1,0.023386098
2045-05-11,51.20820813220963,0.9662230192175265,0,347.39369664138997,12.189615567027007,0,-3.4392418660540067,35.40371443123384,1.8518498559763443,0,64.98754514742993,1.2279693203590385,0,49.065569574686755,0.72751328720284,0,17.442661952983904,338.48528431790066,0.14207818241267622,0,249.79259323701643,-0.06827267088049332,1,142.80698186458534,0.010489017085820906,0,44.79329688004979,0.03745119127811235,0,333.96504021888467,0.009503458644815204,0,328.09217059217,-0.034747048550606154,1,Jupiter,Mercury,0.0,CLEAR,1007.6852905774681,1.395330715809905,0,0,155.0,327.7922061357856,0,155.00070364303335,0.1278703641714086,-0.061445403792443995,0.8002646159231241,0.0,1.0,0,0,1,0.0,1,0.02241206
2045-05-18,57.96271803875977,0.9635827120172714,0,80.87650515148331,14.35081637286053,0,27.696754296540753,49.131668409023746,2.0653217341283043,0,73.57591145826983,1.2258088731380044,0,54.13736393589238,0.7215337556126385,0,18.8331503115825,339.42447152999904,0.12603583056498754,0,249.3003360967369,-0.0720427687089527,1,142.9022918748591,0.016740508741664696,0,45.05387431245004,0.03694990849053802,0,334.02182325776704,0.00672380502753324,0,327.04915537254186,-0.16340809506106266,1,Jupiter,Mercury,0.0,CLEAR,1009.2680136656104,1.582723088142302,0,0,155.0,327.7922061357856,0,155.75353821571312,0.11343224750848879,-0.06483849183805743,0.7936871311739024,0.0,1.0,0,0,1,0.0,1,0.017847726
2045-05-25,64.69674574914394,0.960422965995212,0,180.19400824368407,13.7268037202022,0,-2.6322092672132222,64.12528573397378,2.193826724537235,0,82.14709556104803,1.223034160024057,0,59.16573108859673,0.7151227861961591,0,20.071201048709945,340.2461695164318,0.10854132373243848,0,248.78791755921705,-0.07404932422399112,1,143.04027524322615,0.022630535274452176,0,45.309074151153794,0.03589548897161575,0,334.0585202593056,0.0037519701033493147,0,326.69291247095646,-0.04800647842180275,1,Jupiter,Mercury,0.0,CLEAR,1011.0058231517146,1.7378094861041973,0,0,125.0,327.7922061357856,0,156.52115659193674,0.09768719135919464,-0.06664439180159201,0.786635064815775,0.0,1.0,0,0,1,0.0,1,0.01790692
2045-06-01,71.41089849609396,0.9580798675688988,0,271.6877803736374,12.310072915208728,0,-27.491128346494587,79.37612127894803,2.1273509963554997,0,90.69894933701357,1.2203907914970265,0,64.1501269740404,0.7090416739477151,0,21.148578955659016,340.9419609218834,0.09004753037149456,0,248.2684028659358,-0.0740994531306874,1,143.2189342880313,0.028356237070211517,0,45.55611554140983,0.0346219286634139,0,334.0749038391622,0.0009195554283188405,0,325.5692985540481,-0.16431622967243598,1,Jupiter,Mercury,0.0,CLEAR,1012.8634862486863,1.8576630969716916,0,0,245.0,327.7922061357856,0,157.28771267547404,0.0810427773343451,-0.06668950781761866,0.7799458413424867,0.0,1.0,0,0,1,0.0,1,0.0057270904
2045-06-08,78.11185073555347,0.9566005961352183,0,355.36788007419244,12.19026787316036,0,0.5070765513062157,93.50903500882906,1.8929764080813312,0,99.23287883604888,1.2179070391530262,0,69.09266166880319,0.7031421284402571,0,22.0593006669033,341.50346007799874,0.07016510786628921,0,247.7542482976864,-0.07250100060759739,1,143.43619901266976,0.033671714437830035,0,45.79259996838264,0.0328889593190275,0,334.0710402755976,-0.0020179080066583498,1,325.24741639130855,-0.012883167772055164,1,Jupiter,Mercury,0.0,CLEAR,1014.8070208155367,1.943534566850417,0,0,330.0,327.7922061357856,0,158.03835167069624,0.06314859707966029,-0.06525090054683765,0.7734563412842829,0.0,1.0,0,0,1,0.0,2,0.0052988227
2045-06-15,84.80457753953722,0.9555845456735217,0,89.90846343049593,14.723623673209389,0,27.57684552937521,105.75317737886661,1.6016986452036834,0,107.75003757771383,1.2155152379194072,0,73.99458369153815,0.6973795257101929,0,22.798053344012096,341.921763258223,0.04916976763375555,0,247.25806016612103,-0.06895110135119825,1,143.69001554593544,0.03879427992148591,0,46.01616462926521,0.03093410241823675,0,334.0471953193088,-0.0047751073739400775,1,324.45736834941493,-0.13388702997028581,1,Jupiter,Mercury,0.0,CLEAR,1016.8018493795416,1.9948285640049335,0,0,170.0,327.7922061357856,0,158.75810446314418,0.04425279087038,-0.06205599121607843,0.7671174782812122,0.0,1.0,0,0,1,0.0,2,0.00520813
2045-06-22,91.48836852258263,0.9540625808372685,0,190.79247153763663,13.597391295000742,0,-7.697126414869443,115.89173125299699,1.2910528865255333,0,116.24776927720272,1.212293614002557,0,78.85472641467851,0.6912364016524899,0,23.361573933780676,342.18927760880206,0.02719255045203916,0,246.7924771964805,-0.06378405595237716,1,143.97767609697533,0.04332909322005926,0,46.2242398662216,0.028480007488602584,0,334.00383078869623,-0.007574870938038244,1,324.2397532600342,-0.0172081316541156,1,Jupiter,Mercury,0.0,CLEAR,1018.8112159560405,2.0093665764989055,0,0,0.0,327.7922061357856,0,159.43176266974112,0.024473295406835245,-0.05740565035713944,0.760360041817739,0.0,1.0,0,0,1,0.0,2,0.0052289832
2045-06-29,98.1633462958398,0.9532246115815244,0,280.36954707568367,12.116146821786442,0,-26.538149329258154,123.73415688439894,0.9395995963905089,0,124.72165601871521,1.2087793543047503,0,83.67293502604839,0.6854397548849478,0,23.748501142138462,342.30197206768395,0.004924334906671806,0,246.3689278795339,-0.05703163986134981,1,144.2959772195562,0.04751706948668447,0,46.414707723047066,0.025874554872350432,0,333.9420095253134,-0.010082592476717639,1,323.50827786922474,-0.11361486746424725,1,Jupiter,Mercury,0.0,CLEAR,1020.7994950755119,1.9882791194713718,0,0,-160.0,327.7922061357856,0,160.04577984351315,0.004431901416004626,-0.05132847587521483,0.7539837303734427,0.3085011421384607,1.0,0,0,1,0.0,2,0.0052078855
2045-07-06,104.83574479495438,0.9533399546456869,0,3.702514022159928,12.180891704257283,0,4.566260234433195,128.8565313787626,0.5074607117521743,0,133.17041949191068,1.205168260227219,0,88.45144411156633,0.6799044193056911,0,23.9597737498615,342.25720714740226,-0.017726220496558222,1,245.99659860144573,-0.04913805596862665,1,144.64155333524863,0.05115657715806377,0,46.585537701632745,0.022901246086672006,0,333.86271095174226,-0.012532129456406834,1,323.37784256547457,0.02059543258004028,0,Jupiter,Mercury,0.0,CLEAR,1022.7355629673868,1.9360678918749272,0,0,60.0,327.7922061357856,0,160.58893910018702,-0.0159535984469024,-0.04422425037176399,0.7478948612362603,0.5197737498614998,1.0,0,0,1,0.0,3,0.0052371896
2045-07-13,111.51196798558992,0.9541601062104934,0,98.36116825276592,14.905078198823656,0,26.83370245474274,130.60453052954833,-0.02116616244760036,1,141.59422528655438,1.2015663149616,0,93.19228233406655,0.6745927426780113,0,23.997365388072552,342.0544888134347,-0.04012091228854161,1,245.6841031193058,-0.03996691019952205,1,145.01153589809988,0.05446603971890809,0,46.735139721449315,0.019793589247148614,0,333.76745931917867,-0.014647788154216766,1,323.0513033639832,-0.06734876739417653,1,Jupiter,Mercury,0.0,CLEAR,1024.5902263621294,1.8546633947426017,0,0,-100.0,327.7922061357856,0,161.0510366021435,-0.03610882105968745,-0.03597021917956985,0.7420520169458125,0.5573653880725509,1.0,0,0,1,0.0,3,0.0062019154
2045-07-20,118.19239554805011,0.9545060113476683,0,200.92495820181608,13.634246396910019,0,-12.286465308915835,128.56953008740885,-0.5361973780813329,1,149.9896297089361,1.1969501398049391,0,97.89449714525442,0.6689083600196085,0,23.865676498278972,341.6972303699872,-0.061665751342617654,1,245.43874384563574,-0.029972949025313462,1,145.40219069297942,0.05708590832822405,0,46.861482588603366,0.016306965300193824,0,333.65763534596726,-0.01664593108503579,1,323.01078273569925,0.015012979524323108,0,Jupiter,Mercury,0.0,CLEAR,1026.3345881799596,1.7443618178301676,0,0,-40.0,327.7922061357856,0,161.42273874296762,-0.05549917620835589,-0.026975654122782116,0.7357991960215694,0.42567649827897114,1.0,0,0,1,0.0,3,0.007379732
2045-07-27,124.8762996571915,0.9552944502310181,0,289.31489897446295,11.946881926583247,0,-24.920813732733478,123.91101599011725,-0.7046048867418213,1,158.34974417194545,1.1915293335241026,0,102.55782047727635,0.6635006973566429,0,23.570659925627453,341.1956590861296,-0.08134119223204428,1,245.26617032148857,-0.01929006526322257,1,145.80979189843666,0.05925359300828637,0,46.9634445691303,0.012773227353773628,0,333.5354974146011,-0.018229934774484365,1,322.786930787423,-0.04090283547553334,1,Jupiter,Mercury,0.0,CLEAR,1027.9431374629546,1.6085492829949999,0,0,60.0,327.7922061357856,0,161.69727424764173,-0.07320707300883986,-0.017361058736900314,0.7298507670923072,0.13065992562745166,1.0,0,0,1,0.0,3,0.007762979
2045-08-03,131.56870234152825,0.9570054332502502,0,12.556802747594258,12.219738431880911,0,8.681865399050752,120.10781196989733,-0.293073794643033,1,166.66998498545934,1.1856634908036934,0,107.18413033528792,0.6583694601772733,0,23.119727896380603,340.56335878375194,-0.09887625923686248,1,245.1692895916554,-0.00831757649834243,1,146.23029376630504,0.06082443740129282,0,47.03975261605824,0.009028360902199334,0,333.4028193549185,-0.01960571872423376,1,322.7876123622241,0.02166709197682486,0,Jupiter,Mercury,0.0,CLEAR,1029.3958748715788,1.4527374086242162,0,0,-256.0,327.7922061357856,0,161.87046302440285,-0.08898863331317623,-0.007485818848508187,0.7242064061950007,0.0,1.0,0,0,1,0.0,3,0.00770075
2045-08-10,138.27654701251984,0.9595504550353167,0,106.71001772055853,14.840364871031413,0,25.48755482057753,120.61295581046434,0.46215741460436305,0,174.9488682474651,1.1796440574308105,0,111.77568008751749,0.6534617967251942,0,22.52080354076621,339.8185569683916,-0.11337979535942912,1,245.15076239592264,0.0030453638660274535,0,146.66050727108578,0.0619833266283517,0,47.08996168860606,0.005281908647346863,0,333.2621588922757,-0.020541325283809288,1,322.7718708768956,-0.00679795364032889,1,Jupiter,Mercury,0.0,CLEAR,1030.6750953429869,1.2792204714080526,0,0,125.0,327.7922061357856,0,161.9391992926834,-0.1020418158234862,0.002740827479424708,0.7188079763977137,0.0,1.0,0,0,1,0.0,2,0.007538314
2045-08-17,145.00103983499332,0.9616782291501573,0,210.27801656478871,13.77212498616408,0,-16.146166780245473,126.57494254574969,1.2211481883745257,0,183.1820764181267,1.1724682330502636,0,116.33129728998448,0.6481445428354742,0,21.783838445339153,338.9847160063178,-0.12407770482454558,1,245.2116979092568,0.014401763267449495,0,147.09615531664656,0.06243818753204538,0,47.11302224058636,0.0013533668784079735,0,333.1155572881548,-0.02123026989926963,1,322.75634093615963,0.0023063885374037174,0,Jupiter,Mercury,0.0,CLEAR,1031.7638447196425,1.0887493766556418,0,0,125.0,327.7922061357856,0,161.90132433132956,-0.11166993434209102,0.012961586940704546,0.7129589971190217,0.0,1.0,0,0,1,0.0,2,0.007470183
2045-08-24,151.74038225991023,0.9639104124726405,0,298.24824777595154,11.839478787155043,0,-22.66703632387853,137.18870096933134,1.7587835650978771,0,191.35991491617844,1.1638053740291032,0,120.85008573414781,0.6429467977930315,0,20.919477796835245,338.09219660012553,-0.13020822762343823,1,245.35209591938317,0.025627824805853096,0,147.5331758528781,0.062343029743941784,0,47.109211250060056,-0.0024670947286538963,1,332.96607086489263,-0.021452683444318436,1,322.80594803963356,0.011792298798247424,0,Jupiter,Mercury,0.0,CLEAR,1032.6484406373247,0.8845959176821907,0,0,5.0,327.7922061357856,0,161.75711533067687,-0.11718740486109441,0.023065042325267786,0.7072414775723348,0.0,1.0,0,0,1,0.0,3,0.0075233164
2045-08-31,158.49764578009626,0.9669183112128218,0,21.87609193101301,12.359585669430396,0,12.71541347320607,150.3807932421788,1.9561581644384682,0,199.4727290245195,1.154017805683559,0,125.33308498143849,0.637975464092519,0,19.93851479981868,337.1722621991098,-0.13183629526348103,1,245.5695840870136,0.03648268318820179,0,147.96739549567957,0.06165871205435655,0,47.0784841180701,-0.00627164244077305,1,332.8158638564291,-0.02137571836153105,1,322.7028577707989,-0.03473137717504633,1,Jupiter,Mercury,0.0,CLEAR,1033.3208633406139,0.6724227032891577,0,0,5.0,327.7922061357856,0,161.5089000310565,-0.11865266573713293,0.032834414869381615,0.701773010501771,0.0,1.0,0,0,1,0.0,3,0.006617668
2045-09-07,165.2794247404188,0.9707680733542589,0,115.53557274699673,14.583607607247393,0,23.391365183866572,164.0193762972223,1.9164773250937621,0,207.5144858732829,1.1434303497527425,0,129.78221153363407,0.6331384985816357,0,18.851407882924757,336.25770765414023,-0.1286963334481085,1,245.86237469385958,0.04708216734524205,0,148.39542826703678,0.06050846277798244,0,47.02193615050756,-0.00989608037988437,1,332.66798382131327,-0.020841986232815142,1,322.6554511354798,0.021131739462848482,0,Jupiter,Mercury,0.0,CLEAR,1033.7740118047427,0.45314846412884435,0,0,5.0,327.7922061357856,0,161.15956145664796,-0.11582670010329764,0.042373950610717845,0.6964523484397994,0.0,1.0,0,0,1,0.0,3,0.008949328
2045-09-14,172.08733068309755,0.9742669288370294,0,218.8332240193068,13.903901530674368,0,-19.243263621206562,177.03680490372375,1.7984155421224806,0,215.47639707758123,1.1309944818745714,0,134.19558100852507,0.6277978570062662,0,17.67013497510084,335.3815954378022,-0.1207575120267061,1,246.22736265994232,0.0571587584806747,0,148.81269477000328,0.058658566274349316,0,46.939949584948714,-0.013435392509204804,1,332.52458879722764,-0.020006400105095357,1,322.4361990592174,-0.06529232992646164,1,Jupiter,Mercury,0.0,CLEAR,1034.0013857955641,0.22737399082143384,0,0,490.0,327.7922061357856,0,160.7125869250064,-0.10868176082403548,0.05144288263260723,0.6905776427068929,0.0,1.0,0,0,1,0.0,3,0.008972343
2045-09-21,178.91842473039546,0.9774698546049319,0,306.8994569154252,11.79637219460419,0,-19.893352071050696,189.19025148587468,1.6756281040131025,0,223.3409543354904,1.1154430491489584,0,138.57109726168602,0.62232547219242,0,16.406756321545043,334.57749519496014,-0.1083615584988284,1,246.66107547565966,0.06660426356424995,0,149.2153208524094,0.05624868880584617,0,46.834537902206336,-0.016669565806431794,1,332.3888578569305,-0.01875381479499061,1,322.37602228299056,0.024250156890426536,0,Jupiter,Mercury,0.0,CLEAR,1033.9998508440513,-0.0015349515128946223,0,0,426.0,327.7922061357856,0,160.17346242654668,-0.09752540264894556,0.05994383720782496,0.684558019411662,0.0,1.0,0,0,1,0.0,3,0.007979278
2045-09-28,185.7731638743406,0.9811828562355793,0,31.384990476396343,12.62069380147061,0,16.46306302972024,200.5265556874427,1.5655057833463264,0,231.08500556837967,1.096627344366262,0,142.90839018408803,0.6169485885559571,0,15.072514866130874,333.8727891244641,-0.0924179321950171,1,247.15815710433807,0.07533867655415562,0,149.59889230868592,0.05328851214187606,0,46.70723421030521,-0.019617761863701087,1,332.26271363052115,-0.017203701369226068,1,321.9461252355747,-0.13330144478330036,1,Jupiter,Mercury,0.0,CLEAR,1033.7705115682638,-0.2293392757874244,0,0,201.0,327.7922061357856,0,159.54907710596714,-0.08317613897551539,0.06780480889874006,0.6786434474115529,0.0,1.0,0,0,1,0.0,3,0.0075520356
2045-10-05,192.6569140711225,0.9856318657988458,0,125.24156935648803,14.277538839064558,0,20.35783733505988,211.1279306346982,1.463813503570914,0,238.68599053266885,1.074415312295643,0,147.2083883325439,0.6115169154093397,0,13.67778815099361,333.29063638262835,-0.073502594157404,1,247.71448971545618,0.08346388649220904,0,149.96031014087797,0.04983904043578767,0,46.56084653033039,-0.022189657701932444,1,332.1489438927325,-0.015292276552986865,1,321.55179864025257,0.016912505474396218,0,Jupiter,Mercury,0.0,CLEAR,1033.3154461260392,-0.45506544222462253,0,0,-235.0,327.7922061357856,0,158.8463568148742,-0.0661523347416636,0.07511749784298814,0.6726686069502738,0.0,1.0,0,0,1,0.0,3,0.010472648
2045-10-12,199.57121772097221,0.9897824204803275,0,226.90519841397554,13.905279068301887,0,-21.736670653890023,221.0010746549931,1.3535015759278137,0,246.11522101951087,1.0471598332579675,0,151.46784942226157,0.60539583948904,0,12.234351977750967,332.8493867287738,-0.052158122808733005,1,248.32482943824448,0.09083710819554974,0,150.2951046169892,0.04577473386766408,0,46.39734178041919,-0.024393455872638185,1,332.04914633949323,-0.013117196403647079,1,320.98353385719423,-0.16025536443536914,1,Jupiter,Mercury,0.0,CLEAR,1032.6369412393415,-0.6785048866977377,0,0,-440.0,327.7922061357856,0,158.07251234217472,-0.04694231052785971,0.08175339737599477,0.665935423437944,0.0,1.0,0,0,1,0.0,3,0.01176034
2045-10-19,206.51206018147337,0.9932336388099455,0,315.1241007168299,11.792901648586257,0,-16.75807687051553,229.97671505602912,1.1990271955635974,0,253.3266887243512,1.0116482993449714,0,155.68270554786565,0.598773404406005,0,10.753964785278418,332.5639466556085,-0.029264809298166442,1,248.9840414873789,0.09732447252927028,0,150.59984046620337,0.04117904873699726,0,46.22039593049533,-0.02611397170991557,1,331.9658643087664,-0.01067849489278307,1,320.5473255364528,0.007217341168161225,0,Jupiter,Mercury,0.0,CLEAR,1031.7406612011068,-0.8962800382346359,0,0,-205.0,327.7922061357856,0,157.23635444311643,-0.0263383283683498,0.08759202527634324,0.6586507448466056,0.0,1.0,0,0,1,0.0,3,0.013923306
2045-10-26,213.47689052193633,0.9968244500844292,0,40.65650502146757,12.96814786223278,0,19.718816302502635,237.51175065580196,0.9234058023534284,0,260.2539445625582,0.9656716452833178,0,159.8503613320236,0.5919920749287279,0,9.247139163634296,332.4411538663506,-0.005736780822862886,1,249.68543041013433,0.10297031059822223,0,150.87065642390806,0.0361635201731439,0,46.03297106058055,-0.027317067961374612,1,331.9001442806633,-0.00803662458775733,1,319.78554000913687,-0.21508543623123444,1,Jupiter,Mercury,0.0,CLEAR,1030.636105587382,-1.1045556137248695,0,0,115.0,327.7922061357856,0,156.3475406504462,-0.005163102740576598,0.09267327953840002,0.6511912824216007,0.0,1.0,0,0,1,0.0,3,0.013719938
2045-11-02,220.4690479561671,1.0009528136778378,0,135.8220065419886,14.084103855615396,0,16.361701022153557,242.24538004759606,0.3617763536489331,0,266.81629129234324,0.9068436692495558,0,163.96982723160102,0.5848304676188355,0,7.723311431108765,332.4838938602134,0.01789710353721013,0,250.42383792805438,0.10782463544139809,0,151.1052115869122,0.030732188839158164,0,45.83916748987609,-0.028018431803392363,1,331.85382185393337,-0.005222791553772763,1,319.03620878799774,0.0010203236916194386,0,Jupiter,Mercury,0.0,CLEAR,1029.3334385896012,-1.3026669977807614,0,0,35.0,327.7922061357856,0,155.4153295618217,0.016107393183489117,0.09704217189725828,0.6433135143807192,0.0,1.0,0,0,1,0.0,2,0.011304732
2045-11-09,227.48966911275753,1.0048227494894113,0,235.0465542479915,13.700346460703694,0,-23.840578970889958,241.44211972785004,-0.6594812136295954,1,272.90937589255236,0.830505275186395,0,168.03549093002874,0.5766275615136279,0,6.193498621486002,332.69145975930627,0.04139507615731888,0,251.19306720110382,0.11184871144296024,0,151.2999463762056,0.024889361701072373,0,45.642033475566315,-0.02815812665314153,1,331.8273971327068,-0.002258641796743357,1,318.23483288637146,-0.21725498757990838,1,Jupiter,Mercury,0.0,CLEAR,1027.8430310359226,-1.4904075536785513,0,0,-40.0,327.7922061357856,0,154.4489662744625,0.03725556854158699,0.10066384029866422,0.6342903176649908,0.0,1.0,0,0,1,0.0,2,0.0121052265
2045-11-16,234.53390089427933,1.0076588765264083,0,322.9914585427928,11.798247953223692,0,-13.395602133693714,233.64127747347305,-1.3409153378210663,1,278.3816984268586,0.7278394541629628,0,172.04002216351597,0.5673650133127569,0,4.668872691289297,333.0614799036346,0.06411762602589677,0,251.9872033241993,0.1148532344493638,0,151.45268785929105,0.01867912223861205,0,45.44610746581146,-0.027755615149279933,1,331.822211733889,0.0007494997969463916,0,317.5366600357858,0.00016709423158528796,0,Jupiter,Mercury,0.0,CLEAR,1026.1787605340285,-1.6642705018941797,0,0,160.0,327.7922061357856,0,153.45890414161215,0.057705863423307094,0.10336791100442742,0.6241015146440326,0.0,1.0,0,0,1,0.0,1,0.012240053
2045-11-23,241.59632731865696,1.0102179064270627,0,49.30426348549782,13.297864778100932,0,22.368630204223063,226.99893953742856,-0.3546106751505746,1,283.01689356807265,0.5899054179937296,0,175.97719406855018,0.5574662263592536,0,3.1592147580318866,333.58642284388014,0.0856802746347522,0,252.79900128919425,0.11697652514219013,0,151.56116806490903,0.012326399545755552,0,45.25490353438827,-0.02674974310236796,1,331.8380672695346,0.0038119964807640464,0,316.7918053566617,-0.21485539714391808,1,Jupiter,Mercury,0.0,CLEAR,1024.3580060811369,-1.820754452891606,0,0,64.0,327.7922061357856,0,152.455902245194,0.07711224717127697,0.10527887262797112,0.613212848995179,0.0,1.0,0,0,1,0.0,1,0.011568908
2045-11-30,248.67775590729653,1.0130608279372222,0,146.8032924882967,14.117121781926274,0,11.684474893149952,228.7604845197915,0.7518248704444289,0,286.5385191908209,0.40841430256074224,0,179.84244364180395,0.5466201567087172,0,1.6731013462644448,334.2578346213268,0.10589483478265328,0,253.6227980523141,0.11820376364459816,0,151.6248447111757,0.005794465260758642,0,45.0726891834329,-0.025278910959013808,1,331.87547050469914,0.0068169505620685805,0,316.0524243913699,0.008655448739239822,0,Jupiter,Mercury,0.0,CLEAR,1022.3985306751906,-1.9594754059462502,0,0,64.0,327.7922061357856,0,151.44989113111882,0.09530535130438796,0.10638338728013834,0.601282172379589,0.0,1.0,0,0,1,0.0,1,0.1846286
2045-12-07,255.77891049475332,1.0157165803611214,0,243.7528528115354,13.325801423150859,0,-25.61874771507263,236.0402070378636,1.2483990266423868,0,288.61838126205504,0.1771992526412468,0,183.62586885376152,0.5340500428095178,0,0.22093767653073396,335.0663890376338,0.12493985404933713,0,254.4518938566772,0.11857222520405351,0,151.6422982852806,-0.0007755945400210444,1,44.90244803988744,-0.02323568958567998,1,331.93364623274755,0.009830344780582348,0,315.4064404759857,-0.1838149665013565,1,Jupiter,Mercury,0.0,CLEAR,1020.3184124714865,-2.08011820370416,0,0,64.0,327.7922061357856,0,150.45055418321024,0.11244586864440342,0.10671500268364817,0.5874550470904697,0.0,1.0,0,0,1,0.0,2,0.24801338
2045-12-14,262.89465737956374,1.0171472279670464,0,330.7789267096657,11.794150539458833,0,-9.870730751354298,245.51418150106562,1.428064063439152,0,288.90723148396995,-0.1006580101181847,1,187.31433779805772,0.5194884983157941,0,-1.1865163920344406,336.00317183143204,0.1424137647663455,0,255.28008497245966,0.11785251520226524,0,151.61380492881702,-0.007362919651848808,1,44.74822693456251,-0.020774781928215864,1,332.0125467256211,0.012662370992172357,0,314.8458220426011,0.018852565733135915,0,Jupiter,Mercury,0.0,CLEAR,1018.1388003305976,-2.179612140888821,0,0,64.0,327.7922061357856,0,149.46814196210283,0.12817238828971098,0.10606726368203871,0.5714373481473736,0.0,1.0,0,0,1,0.0,2,0.26570085
2045-12-21,270.01757041913265,1.017944073451678,0,57.28513681364007,13.475678464566018,0,24.431410789592594,255.78325206033722,1.4965518026907425,0,287.19126582531607,-0.3841813019174202,1,190.89514228417548,0.5033582140972152,0,-2.54001539675898,337.05653048498203,0.15830191038383767,0,256.099839794672,0.11624416333832258,0,151.53999769929996,-0.013643316132622055,1,44.61281654091334,-0.017818155667863867,1,332.1107621774192,0.015400431740589138,0,314.5139139547191,-0.13070079910944382,1,Jupiter,Mercury,0.0,CLEAR,1015.8844245362441,-2.254375794353564,0,0,64.0,327.7922061357856,0,148.51297674624135,0.1424717193454539,0.10461974700449032,0.5536940355069367,0.0,1.0,0,0,1,0.0,2,0.30664355
2045-12-28,277.14599828193377,1.0187712740639585,0,157.41905641342308,14.397056146298745,0,6.867798216705048,266.3984432412553,1.5346052968412838,0,283.7338913587496,-0.5792941775666142,1,194.35670828787738,0.48519618553613014,0,-3.831685786877298,338.21553083703134,0.17256088181816304,0,256.9052392034964,0.11367923358342237,0,151.42328950130897,-0.019694956070157924,1,44.49930667712725,-0.014608868485419826,1,332.227503969124,0.017874274304945415,0,314.1070754911353,0.02524164200813011,0,Jupiter,Mercury,0.0,CLEAR,1013.5797060116317,-2.3047185246123263,0,0,4.0,327.7922061357856,0,147.59406747363084,0.15530479363634675,0.10231131022508014,0.5337158040897432,0.0,1.0,0,0,1,0.0,2,0.30668676
2046-01-04,284.2806086462294,1.0195736877809873,0,253.14004096666562,12.912896841689284,0,-26.884230807299453,277.26735262724145,1.5718483753162737,0,279.5185032740019,-0.5907506516308988,1,197.68069432970336,0.46392387629321113,0,-5.05161397099561,339.4697366636532,0.18557664960255826,0,257.68959654270145,0.1102768275650103,0,151.26554632816686,-0.02527542320651805,1,44.4094336335804,-0.010996325857267737,1,332.3609387953975,0.020235592618201993,0,313.8838148153372,-0.08833435606697901,1,Jupiter,Mercury,0.0,CLEAR,1011.2488892472968,-2.3308167643349407,0,0,-96.0,327.7922061357856,0,146.71983709087894,0.16701898464230244,0.09924914480850927,0.5103162639225323,0.0,1.0,0,0,1,0.0,2,0.32538724
2046-01-11,291.41692841634153,1.0191561497050419,0,338.82236596734055,11.786099132716025,0,-6.180002535618262,288.42641661844425,1.618367963943725,0,275.9036352366235,-0.416752420327916,1,200.8427407572853,0.43891186142486377,0,-6.189339215334376,340.809744622653,0.19700654295160097,0,258.4463325285191,0.10575181010339861,0,151.07034885765182,-0.030400986650785083,1,44.34556434099954,-0.007232685651671542,1,332.5098215797255,0.02224018753341121,0,313.66983375164887,0.025216802429119067,0,Jupiter,Mercury,0.0,CLEAR,1008.9195181808134,-2.329371066483418,0,0,-128.0,327.7922061357856,0,145.89923181248042,0.17730588865644087,0.09517662909305875,0.4828030475673502,0.0,1.0,0,0,1,0.0,2,0.2822782
2046-01-18,298.5469242240049,1.0179076629547523,0,65.05327950755205,13.4437637861606,0,25.96899926446511,299.9505551577634,1.6756437319963946,0,273.9173783232934,-0.14270737632397806,1,203.81746924237447,0.4104289801960747,0,-7.236085653323247,342.2245233356113,0.2069919987091697,0,259.1682400080021,0.10038828514954393,0,150.84191499614744,-0.03471041407541199,1,44.30884696637096,-0.0032123374975742474,1,332.6719068118679,0.02404758280117532,0,313.6935389383174,-0.0339659961129999,1,Jupiter,Mercury,0.0,CLEAR,1006.6212302852966,-2.2982878955167507,0,0,-128.0,327.7922061357856,0,145.14060695836886,0.18629279883825273,0.09034945663458954,0.45147187821568224,0.0,1.0,0,0,1,0.0,2,0.29702675
2046-01-25,305.66717756102497,1.0164898966879907,0,167.0164517368659,14.817084345039254,0,2.4346007268646552,311.8856702313195,1.7320776315085966,0,273.9225900945697,0.1401731201215348,0,206.57896032110042,0.3777106302032168,0,-8.184528943931815,343.70404864597333,0.21548864251341385,0,259.84949160292274,0.0940818589025347,0,150.58585007375675,-0.03836194052272267,1,44.30038484324032,0.0007627616330864003,0,332.84545952513605,0.025452104437419142,0,313.6061638723951,0.012968569799226889,0,Jupiter,Mercury,0.0,CLEAR,1004.3825675778764,-2.2386627074201897,0,0,-128.0,327.7922061357856,0,144.45089324031758,0.19393977826207245,0.08467367301228124,0.41548169322353856,0.0,1.0,0,0,1,0.0,1,0.27293313
2046-02-01,312.7787879571523,1.015317619645798,0,262.87678236308096,12.600740760420718,0,-27.343705266342678,324.09844097552565,1.7421725477338426,0,275.78000818799535,0.38153607697945685,0,209.09169747981085,0.33908564659696816,0,-9.024911633080867,345.2392632350342,0.22295039581636003,0,260.48386383641343,0.08701470148950563,0,150.30722632793305,-0.04109479440421126,1,44.3201466132649,0.004892662580070906,0,333.0280673388303,0.026675765704529758,0,313.62368496891514,-0.0006728196244265615,1,Jupiter,Mercury,0.0,CLEAR,1002.2308835319086,-2.1516840459678406,0,0,0.0,327.7922061357856,0,143.83628277685148,0.20065535623472402,0.07831323134055507,0.372994211256665,0.0,1.0,0,0,1,0.0,1,0.2882374
2046-02-08,319.8790429802719,1.013136081402745,0,347.2910741718409,11.797630856362565,0,-2.311493409215965,335.86525866312803,1.5710659509799647,0,279.1364386463221,0.5688680697944027,0,211.30960308249095,0.2934418797388715,0,-9.746453919297931,346.8219457853624,0.22901568941328448,0,261.06510949126334,0.07890385332720157,0,150.0122984810493,-0.04300907152167547,1,44.36841733193093,0.008882878752240258,0,333.2177168265613,0.027447930467672143,0,313.6091759984096,-0.016325578601149273,1,Jupiter,Mercury,0.0,CLEAR,1000.1957789903112,-2.035104541597434,0,0,125.0,327.7922061357856,0,143.30330784066757,0.20611412047195604,0.07101346799448141,0.32278606771275864,0.0,1.0,0,0,1,0.0,1,0.29849187
2046-02-15,326.96080942602697,1.0101219602051728,0,73.29139837896788,13.286674456793893,0,26.945133901972074,345.07556834342955,0.9677173273184789,0,283.6378331626253,0.7106491904477064,0,213.18389216870793,0.24090045745501473,0,-10.340045987961632,348.44273883980054,0.23387259950969347,0,261.58699820696137,0.07010650631686338,0,149.7078134778611,-0.04379820506513118,1,44.44459839586893,0.01287714816591601,0,333.41186054235783,0.02798385991670228,0,313.542940676965,0.017109322196263318,0,Jupiter,Mercury,0.0,CLEAR,998.3071062488216,-1.8886727414895859,0,0,29.0,327.7922061357856,0,142.85760018890755,0.21048533955872412,0.06309585568517705,0.2649905032005162,0.0,1.0,0,0,1,0.0,1,0.30350837
2046-02-22,334.0199262611979,1.0068272689537725,0,175.51928700628076,15.160269152732084,0,-1.4530049350527101,348.19639627113054,-0.12640855339884008,1,289.0064684699186,0.8184449309083698,0,214.66416195730787,0.1805898508655572,0,-10.797708261401882,350.0929965322508,0.23743607473195055,0,262.0446649926606,0.06052955624835045,0,149.40095765569487,-0.04374631570325053,1,44.54783556803611,0.01656162174450134,0,333.6082935822708,0.02806228291768367,0,313.52854948861864,-0.03825305373489087,1,Jupiter,Mercury,0.0,CLEAR,996.5916692975993,-1.715436951222273,0,0,29.0,327.7922061357856,0,142.5031705753755,0.21369246725875551,0.054476600623515406,0.19864883595211294,0.0,1.0,0,0,1,0.0,1,0.322215
2046-03-01,341.0582613379315,1.0041035465393517,0,272.4243802944076,12.458544528964808,0,-26.85802774022545,343.80218441685014,-0.9928755784907525,1,295.036354875826,0.900439524070191,0,215.68979296876614,0.11072487735681606,0,-11.108229777791282,351.7652372116663,0.24016574094156384,0,262.4334360132799,0.050418356702154006,0,149.09805704519962,-0.04265182225723642,1,44.67660044959254,0.02018311247835096,0,333.80457970347123,0.02795322086665547,0,313.37726907277363,0.030215805279434977,0,Jupiter,Mercury,0.0,CLEAR,995.0732835560821,-1.5183857415172497,0,0,125.0,327.7922061357856,0,142.24316443631264,0.21614916684740745,0.04537652103193861,0.12179736509249768,0.0,1.0,0,0,1,0.0,1,0.30504128
2046-03-08,348.0757060189746,1.000747808020596,0,356.08300122966403,11.850306920580564,0,1.6835019901473691,336.93460918676425,-0.7977880810453286,1,301.56442172131693,0.9618197009144205,0,216.19168026896946,0.03127791518741979,0,-11.259138585193783,353.4523315964128,0.2416718039415907,0,262.7486137592399,0.039545819245897965,0,148.8056710789953,-0.040721587319877274,1,44.82945315065024,0.023449511110081353,0,333.99843236597013,0.02738185453460849,0,313.2724219751277,-0.1004064966073312,1,Jupiter,Mercury,0.0,CLEAR,993.776156208871,-1.297127347211017,0,0,65.0,327.7922061357856,0,142.08083939141034,0.21750462354743164,0.03559123732130817,0.034405706706161776,0.0,1.0,0,0,1,0.0,1,0.15915439
2046-03-15,355.06719955033674,0.9967131513621651,0,82.41565478351558,13.163646283444855,0,27.19335954212573,333.8848002002715,-0.06066930526989231,1,308.4681585528116,1.0086780145696033,0,216.11214511962515,-0.054814656924241326,1,-11.241571502110592,355.1462490612177,0.24205479602025115,0,262.9864249468348,0.028356219160664872,0,148.53047514185798,-0.03775252629683402,1,45.00456432314761,0.026535950270575977,0,334.1875171931219,0.026596648390697152,0,312.68726884254966,0.005871516967647381,0,Jupiter,Mercury,0.0,CLEAR,992.7221946500979,-1.0539615587731532,0,0,65.0,327.7922061357856,0,142.0181393763128,0.21784931641822605,0.025520597244598386,-0.06029612261666546,0.0,1.0,0,0,1,0.0,1,0.067650184
2046-03-22,2.028735976775676,0.9923716751700137,0,183.54219270004393,15.22758423665465,0,-5.065727508219792,335.7503658308236,0.5557851108473307,0,315.6628738972585,1.0456526580681855,0,215.4170925430083,-0.14395426234066888,1,-11.051693248936957,356.8392035975317,0.24142676453041576,0,263.14463984773323,0.016817560707764682,0,148.2784802318,-0.03413832506051222,1,45.19968262855445,0.02914780294738587,0,334.3696210129446,0.025377667754560417,0,312.52548218346044,-0.11391959299012343,1,Jupiter,Mercury,0.0,CLEAR,991.9278039993533,-0.7943906507446172,0,0,185.0,327.7922061357856,0,142.05504278082122,0.21728408807737418,0.015135804636988215,-0.15834968857473578,0.0,1.0,0,0,1,0.0,1,0.071300484
2046-03-29,8.96296063553628,0.9888840545681541,0,281.3820746688156,12.46193925728028,0,-25.546357171168847,341.177453179336,0.9662485055423843,0,323.0911072189731,1.075466526092607,0,214.10014140714773,-0.231474638707812,1,-10.689658060583703,358.5247836114364,0.23998649786221227,0,263.2220391692505,0.005242459317303359,0,148.05460669897116,-0.029744368446311873,1,45.41244362660139,0.0315595133512778,0,334.5427541766208,0.024013691277453227,0,311.9304083700619,0.006604249743879344,0,Jupiter,Mercury,0.0,CLEAR,991.4045139594025,-0.5232900399507798,0,0,288.0,327.7922061357856,0,142.1904044573509,0.21598784807599106,0.004718213385573023,-0.25462210257859325,0.0,1.0,0,0,1,0.0,1,0.06850698
2046-04-05,15.87256546229635,0.9852277083035497,0,4.913979030847219,11.947136227983048,0,5.674143233524777,348.97665842749154,1.2468286861563709,0,330.70342642653844,1.0984986557334362,0,212.20243361235967,-0.3077495738078741,1,-10.168140930620284,0.196246826441754,0.23740406410738607,0,263.21756595346505,-0.006489077680917943,1,147.86318220150065,-0.02483422065199772,1,45.640347077452894,0.033507784374686045,0,334.7047874364716,0.022248714719926316,0,311.5856816728257,-0.17979373910125354,1,Jupiter,Mercury,0.0,CLEAR,991.1623517780339,-0.2421621813685988,1,0,384.0,327.7922061357856,0,142.42278112398785,0.21366365769664747,-0.005840169912826149,-0.33852453118866155,0.0,1.0,0,0,1,0.0,2,0.07134923
2046-04-12,22.755158934729995,0.9811232459405114,0,92.34783540063164,13.192106041790145,0,26.53716219167628,358.48636091569836,1.4636217700038974,0,338.45854055836855,1.1165386545008915,0,209.84825201561128,-0.35991444945497386,1,-9.52412452079302,1.8461782167632472,0.23381542537135036,0,263.1321578479703,-0.017845940307014044,1,147.7085254915507,-0.019282460670198433,1,45.88099838423356,0.03517697661473369,0,334.8540086083769,0.020339371118919723,0,310.4588746371726,-0.03999261072448806,1,Jupiter,Mercury,0.0,CLEAR,991.2067148388741,0.044363060840169055,0,0,160.0,327.7922061357856,0,142.74884053626326,0.21043388283421532,-0.01606134627631264,-0.3959058944004713,0.0,1.0,0,0,1,0.0,2,0.06952755
2046-04-19,29.6073501838386,0.9767314874585147,0,191.94909091776498,14.988683355779218,0,-8.795298465345265,9.415614520368832,1.6577535733100583,0,346.32710928726755,1.131263747757236,0,207.24089253606155,-0.37921046926180235,1,-8.818788009259775,3.466817494157381,0.22908764075788535,0,262.96855660152926,-0.028776887974787536,1,147.59356264452646,-0.013509992605850465,1,46.131393116278886,0.036309951447677416,0,334.98857204864015,0.01808472015823409,0,310.1343926111737,-0.15941284770117162,1,Jupiter,Mercury,0.0,CLEAR,991.5356542212719,0.3289393823978344,0,0,160.0,327.7922061357856,0,143.16283651474964,0.2061788766820968,-0.025899199177308783,-0.4171315161879826,0.0,1.0,0,0,1,0.0,2,0.059381843
2046-04-26,36.43226673833638,0.9733554279184647,0,289.6938814915197,12.521285950716281,0,-23.659870797128537,21.698790248763363,1.8526484347473477,0,354.2921137941664,1.1440196034925942,0,204.62104785568448,-0.3635446210090653,1,-8.125783905022303,5.0519008236375,0.2235950652841905,0,262.73127701793743,-0.03894017656468617,1,147.52036435304603,-0.007406760918382195,1,46.388957916288945,0.03718004222448036,0,335.10730100170065,0.015765960413027524,0,309.19791717436215,-0.021874984157728764,1,Jupiter,Mercury,0.0,CLEAR,992.1414884993937,0.6058342781218471,0,0,260.0,327.7922061357856,0,143.65768089835151,0.20123555875577145,-0.03504615890821756,-0.39989908310997185,0.0,1.0,0,0,1,0.0,2,0.043484684
2046-05-03,43.23491275334774,0.970269983308902,0,13.504076030406463,12.064111362324068,0,9.500467144253056,35.3511173031306,2.0449516674819206,0,2.3372149698825617,1.1541875787924527,0,202.23003409717595,-0.31435793947407115,1,-7.522885898313996,6.594327850084227,0.21692415499581053,0,262.425070858504,-0.04835536313807398,1,147.49003848992214,-0.001209984148608243,1,46.6507424483946,0.03757156963366304,0,335.20858317941384,0.013164036282293602,0,308.78068759288357,-0.190750214058801,1,Jupiter,Mercury,0.0,CLEAR,993.0142538007979,0.8727653014041152,0,0,200.0,327.7922061357856,0,144.2256715898906,0.1952317394962295,-0.04351982682426658,-0.3457937334214783,0.0,1.0,0,0,1,0.0,2,0.04600995
2046-05-10,50.01564729337861,0.966983540123925,0,102.66105273466069,13.40643246704465,0,24.948275303448963,50.1844104225733,2.171655813265243,0,10.445864237705058,1.1622335099134475,0,200.28294665786288,-0.23842594418786045,1,-7.081598970411,8.086333740152936,0.20914371247807262,0,262.0573980937334,-0.056484428133134534,1,147.50396032049895,0.005172610923045105,0,46.914214568441004,0.03764513232578318,0,335.2916168510862,0.010520129653668627,0,307.5585378072894,-0.05282362416119842,1,Jupiter,Mercury,0.0,CLEAR,994.1383198882409,1.1240660874429977,0,0,200.0,327.7922061357856,0,144.85681647470759,0.18822934123026536,-0.05083598531982108,-0.2622685386066465,0.0,1.0,0,0,1,0.0,1,0.04650347
2046-05-17,56.77177594817786,0.9634302534302048,0,201.26281070337583,14.578893927576107,0,-12.778137697209967,65.32847951942169,2.116482727387679,0,18.605141883952736,1.1689204399740936,0,198.92560627276723,-0.14805800413378353,1,-6.849958456334887,9.51929908571104,0.20013755222978097,0,261.6372821935301,-0.06326600304870754,1,147.5618491124049,0.011372462990366802,0,47.176274288712555,0.03719518573508769,0,335.3552283925545,0.007671533784643874,0,307.2652997036204,-0.13691531363206252,1,Jupiter,Mercury,0.0,CLEAR,995.4912256300656,1.3529057418247703,0,0,-56.0,327.7922061357856,0,145.53899209518246,0.18012379700680287,-0.056939402743836784,-0.1628638045471619,0.0,1.0,0,0,1,0.0,1,0.03514739
2046-05-24,63.506453884690266,0.9609123454792373,0,297.6234324135892,12.537597391274016,0,-21.39481284540525,79.34426805498065,1.8640729312649122,0,26.810473849562072,1.1753324044147453,0,198.21696879571707,-0.05452047954207222,1,-6.845400976856964,10.886298623071403,0.19020384194883486,0,261.1754928044208,-0.06846695464970232,1,147.66314357515077,0.017498927042638144,0,47.43446741685195,0.03647033699253045,0,335.39930009421283,0.004864148365071658,0,306.3955863230955,-0.01826567872262484,1,Jupiter,Mercury,0.0,CLEAR,997.0456361867382,1.5544105566725648,0,0,-128.0,327.7922061357856,0,146.25897461243116,0.17118345775395138,-0.06162025918473209,-0.059972527496279446,0.0,1.0,0,0,1,0.0,1,0.029649388
2046-05-31,70.22610562694291,0.9590666415979942,0,21.73944331175811,12.159812997181639,0,13.040173981958151,91.23310009185734,1.5260231440565886,0,35.05773767996201,1.1808906592100519,0,198.15686148774824,0.036697399544845015,0,-7.065905681653769,12.179032435198208,0.17895007432834803,0,260.6823330825241,-0.07211683888343397,1,147.8062847183024,0.02339587040681963,0,47.6858211948412,0.035310090785154576,0,335.423020400374,0.001935270632751602,0,306.1954192356779,-0.12403485774133712,1,Jupiter,Mercury,0.0,CLEAR,998.7735048604909,1.7278686737527096,0,0,-120.0,327.7922061357856,0,147.0034881123171,0.16105506689551324,-0.06490515499509057,0.04036713949932952,0.0,1.0,0,0,1,0.0,1,0.0315845
2046-06-07,76.93355682907963,0.9572542479929259,0,112.82958950478896,13.773945966819097,0,22.603715750109703,100.63886873396164,1.155566865659569,0,43.34087021229401,1.1855271439368729,0,198.71792527745123,0.12239056729941211,0,-7.499845506128181,13.388582200899807,0.16637172052654087,0,260.1704296047097,-0.07384738553886129,1,147.99041047196252,0.02913321143301274,0,47.928182660293736,0.033842201623288506,0,335.4266935174736,-0.0009112919804833068,1,305.35333948513306,-0.02564729956057484,1,Jupiter,Mercury,0.0,CLEAR,1000.6429400201459,1.8694351596550405,0,0,-240.0,327.7922061357856,0,147.75775305558406,0.14973454847388679,-0.06646264698497516,0.13462962402935333,0.0,1.0,0,0,1,0.0,2,0.02572029
2046-06-14,83.62673196020386,0.9551667505095398,0,211.46390586376498,14.166797715061035,0,-16.79865967061637,107.29235762170256,0.7341424383308837,0,51.65352360332323,1.1895615533659756,0,199.84956680018723,0.19929372524616049,0,-8.126135372234343,14.50487968598462,0.15242006828441848,0,259.65265519091315,-0.07373277291939659,1,148.21296984701618,0.0344316660318151,0,48.15842300925016,0.031929503953814165,0,335.4100574239905,-0.003783580370641147,1,305.2718945956217,-0.07416468873122521,1,Jupiter,Mercury,0.0,CLEAR,1002.6173604827252,1.9744204625792463,0,0,-240.0,327.7922061357856,0,148.505767818337,0.13717806145597664,-0.06635949562745694,0.21922309777077656,0.0,1.0,0,0,1,0.0,2,0.026419895
2046-06-21,90.30828608110389,0.9540087206932688,0,305.5651586414063,12.458911698472054,0,-18.80623382472926,110.73686679379894,0.23782979985666072,0,59.99577611631628,1.1939483271598867,0,201.4846756388629,0.2663023092295124,0,-8.916740795672593,15.519909143742947,0.13732764093653654,0,259.14242914716414,-0.07181025917735366,1,148.47170750955965,0.0393857156095545,0,48.374665178718786,0.02975838423513947,0,335.3741788814005,-0.006497957535980058,1,304.78077930058237,0.0015116201269680734,0,Jupiter,Mercury,0.0,CLEAR,1004.6595293194275,2.0421688367023307,0,0,-240.0,327.7922061357856,0,149.23223603155463,0.1235948768428829,-0.0646292332596183,0.29293254015246367,0.0,1.0,0,0,1,0.0,2,0.034615833
2046-06-28,96.9850903581663,0.9537805450211975,0,29.727000931060424,12.201291545408393,0,16.235524692338164,110.55070605087282,-0.28263027424829157,1,68.36887607831937,1.1983640847794403,0,203.5590467468359,0.3252124296166341,0,-9.844710456211965,16.424060858899015,0.12078109126162888,0,258.6512056355806,-0.06822070672833369,1,148.76344687988205,0.043936536674733705,0,48.57425662828016,0.027247779140901634,0,335.31923768903494,-0.009146022444820554,1,304.83118558559903,-0.04367842243243949,1,Jupiter,Mercury,0.0,CLEAR,1006.7345203670933,2.074991047665776,0,0,-200.0,327.7922061357856,0,149.92305099269956,0.10870298213546599,-0.061398636055500326,0.3577336725782975,0.0,1.0,0,0,1,0.0,2,0.040811926
2046-07-05,103.66188718634476,0.95379233247772,0,122.42860190044593,14.209158625438736,0,19.80011711317141,107.22647536237923,-0.6082730614487286,1,76.77221129870513,1.20245974810578,0,206.02242084086706,0.3775119280785404,0,-10.886913636026744,17.207450795182687,0.1027580055645352,0,258.1915196679307,-0.06287459394435409,1,149.0860322618305,0.04811434783009265,0,48.755594283267776,0.024473372663216808,0,335.246710990123,-0.011582293022141792,1,304.5067557352541,-0.0021817137799974794,1,Jupiter,Mercury,0.0,CLEAR,1008.8067917740891,2.07227140699581,0,0,-40.0,327.7922061357856,0,150.56407461533706,0.09248220500808167,-0.05658713454991868,0.41526312088639444,0.0,1.0,0,0,1,0.0,2,0.044142984
2046-07-12,110.33715778354463,0.9534880870379099,0,222.16557306367352,13.86699909627308,0,-20.445355003764046,103.13517946204728,-0.4758397739808737,1,85.20229453404755,1.2062005268103548,0,208.82845454803663,0.42309584792711996,0,-12.019698534721114,17.859436862263063,0.08339276358443432,0,257.77443425249373,-0.05600909585685032,1,149.43563727360123,0.05173471522917774,0,48.916039343933576,0.021381990013333102,0,335.15736391794064,-0.013851169228994448,1,304.56250440660574,-0.0179288536718455,1,Jupiter,Mercury,0.0,CLEAR,1010.8397568942008,2.032965120111726,0,0,-104.0,327.7922061357856,0,151.14160509143983,0.07505348722599088,-0.05040818627116529,0.465405432719832,0.0,1.0,0,0,1,0.0,2,0.006702495
2046-07-19,117.01250575280801,0.9539037626566096,0,313.8246475463112,12.299816635507995,0,-15.848506476146293,101.52890208540545,0.06139567529733548,0,93.66006645490668,1.2103512169638355,0,211.93070495597624,0.4623084278954503,0,-13.217975914522711,18.37244310188864,0.06295097494843696,0,257.4101885942802,-0.047921356874026814,1,149.80910836145588,0.054849099543513184,0,49.054458095421055,0.01809221627743642,0,335.05339180344373,-0.01585582779791714,1,304.4569025020997,0.005294817451115524,0,Jupiter,Mercury,0.0,CLEAR,1012.799972118306,1.9602152241051272,0,0,-104.0,327.7922061357856,0,151.64426950114085,0.05665587745359327,-0.043129221186624135,0.5085392706849954,0.0,1.0,0,0,1,0.0,2,0.0066524055
2046-07-26,123.69437716163804,0.9553660810853517,0,37.74021778837599,12.186396072021582,0,19.0737712801727,104.28906155529025,0.7305256930373636,0,102.1480714766037,1.2148408992287802,0,215.29047411490623,0.4970403487580526,0,-14.45879337627559,18.738051454214173,0.041349113426248064,0,257.1060037156337,-0.0387901780658848,1,150.202473008353,0.05749316528907534,0,49.16892273577433,0.014612921942116046,0,334.935977682553,-0.01761169657673696,1,304.4934456662067,-0.008101957935661881,1,Jupiter,Mercury,0.0,CLEAR,1014.6588286918814,1.8588565735753946,0,0,-200.0,327.7922061357856,0,152.06291902014067,0.037214202083623256,-0.03491116025929632,0.5467443836338579,0.0,1.0,0,0,1,0.0,2,0.0066416976
2046-08-02,130.38868016422072,0.9572264844129996,0,131.28243006519628,14.58753363049476,0,16.788310762612706,111.6602467681644,1.360253313759484,0,110.66758275597142,1.2191848921734407,0,218.8818036736739,0.5285047893267842,0,-15.722128233669977,18.948980091569332,0.018731954871095784,0,256.8693855629693,-0.028715690119837222,1,150.6129058192767,0.05963667488771906,0,49.25869312091716,0.010963406884474138,0,334.80761713648053,-0.019051224478204856,1,304.5073450241516,-0.0021758403686622852,1,Jupiter,Mercury,0.0,CLEAR,1016.389192481488,1.7303637896065993,0,0,-300.0,327.7922061357856,0,152.38930755794786,0.016858759383986205,-0.0258441211078535,0.5813552682594627,0.0,1.0,0,0,1,0.0,2,0.0069925818
2046-08-09,137.09442358056182,0.9587130071001669,0,232.841716604498,13.732997080405275,0,-23.316936999060147,122.97397483769106,1.834076523178495,0,119.21540099400112,1.2230591170062657,0,222.6815824994396,0.5565513305352412,0,-16.987058224777886,18.999180781163467,-0.004347516027729012,1,256.7055847481203,-0.017950449495758865,1,151.03595217758087,0.06118565675578298,0,49.32207053733485,0.00718603084343216,0,334.66998424715865,-0.02015639656997145,1,304.4371084482428,0.0029028027918016116,0,Jupiter,Mercury,0.0,CLEAR,1017.9649074392737,1.575714957785749,0,0,-128.0,327.7922061357856,0,152.61648578921455,-0.003912764424956111,-0.01615540454618298,0.6122064635887654,0.0,1.0,0,0,1,0.0,3,0.0066654854
2046-08-16,143.81163535635267,0.9606136939364942,0,322.4947571885907,12.114427510559567,0,-12.474790546404218,136.66551994611646,2.027420898617555,0,127.79053036978536,1.2269912505810032,0,226.66497826236815,0.5810368368658344,0,-18.23115742558365,18.88815572051516,-0.027371595398983168,1,256.6186213551239,-0.006892791951835826,1,151.46798728202523,0.06213049075708546,0,49.35900521368729,0.003328498216422016,0,334.52607705616737,-0.02093551035751329,1,304.502708246257,-0.021972878669414272,1,Jupiter,Mercury,0.0,CLEAR,1019.3645881688426,1.3996807295688996,0,0,-128.0,327.7922061357856,0,152.7403838585634,-0.02463443585908485,-0.006203512756652244,0.6391405205524179,0.0,1.0,0,0,1,0.0,3,0.007024982
2046-08-23,150.54555949154343,0.9635376381055142,0,46.08790358022393,12.153578007813197,0,21.540771370128287,150.7907584403576,1.9816128120784164,0,136.393935725196,1.231160935620785,0,230.81097015178509,0.60326483741732,0,-19.432777078285415,18.617015709602992,-0.0499617082487308,1,256.60967458285273,0.004392128103603916,0,151.90475506728566,0.06261511424137597,0,49.368777739438926,-0.000506792080875436,1,334.37781154004057,-0.021334564503943915,1,304.15803977353215,-0.03166127864015645,1,Jupiter,Mercury,0.0,CLEAR,1020.5720933676625,1.2075051988199448,0,0,-128.0,327.7922061357856,0,152.7591031565862,-0.04496553742385772,0.0039529152932435245,0.663591321159052,0.0,1.0,0,0,1,0.0,3,0.0069772527
2046-08-30,157.30238475380514,0.9669396352309485,0,139.56562660428293,14.779345967965948,0,13.635629452057236,164.20454087407177,1.8452990174343942,0,145.02630626388083,1.2350983349844935,0,235.10721372724265,0.6239614072127992,0,-20.57187922086747,18.190946263232448,-0.0715784529879315,1,256.68031953372673,0.0157539900749791,0,152.34286139639195,0.06247018732309443,0,49.351896622389866,-0.004356258129449889,1,334.22824512929225,-0.021377937481991356,1,304.20170216382905,-0.02706151200826534,1,Jupiter,Mercury,0.0,CLEAR,1021.5723867115257,1.0002933438631771,0,0,-348.0,327.7922061357856,0,152.67157708866313,-0.06442060768913835,0.014178591067481188,0.6863575479340792,0.0,1.0,0,0,1,0.0,3,0.0056641093
2046-09-06,164.0815573370777,0.969914225731182,0,242.9886648827278,13.763592590342629,0,-25.18396684694327,176.609622921272,1.700406560081434,0,153.68360708804548,1.2383439789842292,0,239.54249507438257,0.6429159520232219,0,-21.62746169765813,17.61983985983154,-0.09110686903968686,1,256.83015257176766,0.027056988625372414,0,152.77784431740517,0.06175345779284572,0,49.308112267222995,-0.008081009168924734,1,334.0795388308697,-0.020993497014158095,1,303.74822078360125,-0.019446664304893252,1,Jupiter,Mercury,0.0,CLEAR,1022.3525303639815,0.780143652455763,0,0,-360.0,327.7922061357856,0,152.47795969545535,-0.08199618213571817,0.02435128976283517,0.7072075472255442,0.0,1.0,0,0,1,0.0,3,0.005623984
2046-09-13,170.88113512043122,0.9729049291376769,0,331.44963457305454,11.95973566730396,0,-8.720295521831222,188.0375218077504,1.5665673079174331,0,162.36206287116553,1.241182017752689,0,244.1023823645289,0.6595752231673602,0,-22.57791260710473,16.921920328421074,-0.10779773884615503,1,257.05786331947354,0.03790938725553016,0,153.2056985551793,0.06037601059200911,0,49.238829919893305,-0.011704378879207042,1,333.9348792366598,-0.020301689585558974,1,303.71677108417623,-0.07608363096575789,1,Jupiter,Mercury,0.0,CLEAR,1022.9035718378786,0.5510414738971576,0,0,-200.0,327.7922061357856,0,152.18096660041977,-0.09701796496153953,0.03411844852997715,0.7255327454840963,0.0,1.0,0,0,1,0.0,3,0.005125567
2046-09-20,177.70441909189364,0.9767628267876876,0,54.94868971178948,12.167779564687688,0,23.57464262129654,198.55625961510393,1.438599721343948,0,171.0604018731504,1.2440751945240496,0,248.77356508670968,0.6749005842265363,0,-23.40246667856872,16.118860415734613,-0.12100288922998863,1,257.36015494513305,0.048415397334993886,0,153.6221117805415,0.0585350680095831,0,49.14498640023218,-0.015044131430816057,1,333.7963566448044,-0.019192179964338328,1,302.7534907220559,-0.09923546491391953,1,Jupiter,Mercury,0.0,CLEAR,1023.2211731816724,0.31760134379373994,0,0,-346.0,327.7922061357856,0,151.78483145509912,-0.10890260030698977,0.0435738576014945,0.74239064264919,0.0,1.0,0,0,1,0.0,3,0.007688284
2046-09-27,184.55696953364276,0.9810816884698855,0,147.80180323742252,14.719961133389905,0,10.200362586806223,208.14763667574692,1.297057102680782,0,179.77851997404974,1.2466989206681507,0,253.54897895438583,0.6893434783489902,0,-24.08226509870397,15.23723462630948,-0.13018386393617015,1,257.7345120712176,0.05842375786101966,0,154.02372195687445,0.05606834167305845,0,49.02863412017895,-0.018195256251000814,1,333.66688109939787,-0.017784151184856344,1,302.5998739388697,-0.061705186238304,1,Jupiter,Mercury,1.0,CLEAR,1022.5882440979227,-0.6329290837496728,0,0,-230.0,327.7922061357856,0,151.29412204896136,-0.11716547754255315,0.05258138207491769,0.7582778261838893,0.6422650987039695,1.0,0,0,1,0.0,3,0.007942682
2046-10-04,191.43846035376984,0.98493649207377,0,252.26209595493884,13.900469070490555,0,-26.06901456040052,216.59436593056185,1.1024365153088043,0,188.51261807403372,1.2486394642375642,0,258.4222579857123,0.7027811786937441,0,-24.598938537288518,14.308123302619343,-0.13436115961975492,1,258.1770565483205,0.0679352373285184,0,154.40588973109894,0.053056157194473756,0,48.89130568464347,-0.02093949590059027,1,333.54845730095167,-0.01595909387773057,1,301.6940052549165,-0.06646967243997952,1,Jupiter,Mercury,3.0,CLEAR,1021.428498272646,-1.1597458252766728,0,0,-390.0,327.7922061357856,0,150.714249136323,-0.12092504365777944,0.061141713595666565,0.7730592965631186,1.1589385372885168,1.0,0,0,1,0.0,3,0.010861264
2046-10-11,198.34485068414764,0.9883444102119824,0,340.40965443567967,11.869948765057142,0,-4.732593388282366,223.27400300579507,0.773412502861605,0,197.25773034166988,1.2499182207728436,0,263.3833595529777,0.7144158887031686,0,-24.936111827472367,13.367819975779428,-0.13347111042626825,1,258.68333807178306,0.07657736634561664,0,154.7647553629561,0.04938066153702496,0,48.73598692481198,-0.023377856134879558,1,333.4437007207217,-0.013940285855521928,1,301.46610498823725,-0.12342048979008173,1,Jupiter,Mercury,1.0,CLEAR,1020.1052977060579,-1.3232005665881843,0,0,-310.0,327.7922061357856,0,150.05264885302893,-0.12012399938364142,0.06891962971105497,0.7858574775734856,1.4961118274723653,1.0,0,0,1,0.0,3,0.010147103
2046-10-18,205.27683227030363,0.9923432832860893,0,64.24879978456458,12.286902432272019,0,25.060318845198715,226.7567820832883,0.15814419322292164,0,206.01173974871904,1.2512455573835424,0,268.42177107429285,0.7250080299586072,0,-25.0800524163527,12.451229164565408,-0.12760170601730322,1,259.2477574358934,0.08458702755751185,0,155.09640187886592,0.045314203643867124,0,48.56534599759801,-0.025282874242983786,1,333.3542000194349,-0.011573697692231858,1,300.05200512774235,-0.15606272789652587,1,Jupiter,Mercury,0.0,CLEAR,1018.6351771234092,-1.470120582648633,0,0,-150.0,327.7922061357856,0,149.3175885617046,-0.1148415354155729,0.07612832480176067,0.7975088329544681,1.6400524163526988,1.0,0,0,1,0.0,3,0.0098555405
2046-10-25,212.23853925965597,0.9966995064088757,0,156.64865212724348,14.4747597831314,0,6.260649227706926,224.567694099954,-0.8189750644652359,1,214.77492378070406,1.2524663350809806,0,273.5317690777065,0.7348710990843021,0,-25.02050347545279,11.591938690032983,-0.11718533898281877,1,259.8656582122326,0.09180234904693907,0,155.39772063830418,0.04065525773974384,0,48.382826708703305,-0.02681924701351658,1,333.28197835507774,-0.009059812062068118,1,299.7381848216446,-0.07212063108453858,1,Jupiter,Mercury,0.0,CLEAR,1017.0343369929416,-1.6008401304676454,0,0,-96.0,327.7922061357856,0,148.51716849647073,-0.1054668050845369,0.08262211414224517,0.8083582089927325,1.5805034754527902,1.0,0,0,1,0.0,3,0.011213758
2046-11-01,219.22963310539464,1.0005774348942815,0,260.63360529784455,14.020996025398887,0,-26.197344259242293,216.48975463784208,-1.2429597273786601,1,223.54553444511302,1.2533105811419616,0,278.7086203259618,0.7440301431300005,0,-24.749791006069326,10.821448606030767,-0.10223443683020467,1,260.53155226884815,0.09832231849963899,0,155.66474997615097,0.03557718291148643,0,48.19151180584433,-0.027725976418383397,1,333.22826265381724,-0.006237643250247078,1,298.6636303360682,-0.0932368968434833,1,Jupiter,Mercury,0.0,CLEAR,1015.3199190739924,-1.7144179189491524,0,0,-75.0,327.7922061357856,0,147.65995953699618,-0.09201099314718421,0.08849008664967509,0.8184331574430006,1.3097910060693252,1.0,0,0,1,0.0,3,0.01143667
2046-11-08,226.2442318281425,1.0035520816558439,0,349.0686492182397,11.846496377566128,0,-0.7346881725891691,211.0573083210103,-0.15417030943498497,1,232.3193967136867,1.2534668928389898,0,283.9440685455483,0.7515768523576565,0,-24.264880017351505,10.168535156136873,-0.08381218566005827,1,261.2394414120267,0.10377879517387903,0,155.8943055412851,0.029950743901544792,0,47.995469748538135,-0.02819277898911637,1,333.1944602459728,-0.00340655204862702,1,298.4340162912232,-0.10855573589691522,1,Jupiter,Mercury,0.0,CLEAR,1013.5120566730229,-1.8078624009694977,0,0,-51.0,327.7922061357856,0,146.75602833651146,-0.07543096709405245,0.09340091565649113,0.8267345375934222,0.8248800173515036,1.0,0,0,1,0.0,3,0.011068052
2046-11-15,233.2800564463985,1.006753138174961,0,73.6423598002784,12.528101042819836,0,25.889023234378403,214.10195823292213,0.9139601308322107,0,241.09442864005555,1.2537238053654916,0,289.2284716908609,0.7581197465864925,0,-23.56680405475381,9.65433099212059,-0.06274176215713341,1,261.9828022085236,0.10848367590866811,0,156.08367578065605,0.024116877819368603,0,47.79846005174826,-0.027993193525756445,1,333.1811425516089,-0.0003781803070684858,1,297.1552383916823,-0.14174477035085087,1,Jupiter,Mercury,0.0,CLEAR,1011.6313156864494,-1.880740986573528,0,0,8.0,327.7922061357856,0,145.81565784322467,-0.05646758594142007,0.0976353083178013,0.8339317212451418,0.12680405475380851,1.0,0,0,1,0.0,3,0.011148791
2046-11-22,240.339293829929,1.0101665930381507,0,166.5134800342092,14.214632923525786,0,1.7385883487918323,222.36318012712917,1.3671497936358599,0,249.8716917036782,1.25406788848083,0,294.5559545052196,0.76391674160862,0,-22.660333201680775,9.293932190994914,-0.039996746198382095,1,262.7559505663913,0.11225568556734282,0,156.23087472644673,0.017867232986091344,0,47.604449042888774,-0.027370021774696003,1,333.1889588405718,0.00259385850813874,0,296.9469034734259,-0.040531728955690106,1,Jupiter,Mercury,0.0,CLEAR,1009.696996952995,-1.9343187334543472,0,0,240.0,327.7922061357856,0,144.8484984764975,-0.035997071578543885,0.10103011701060854,0.8403084157694821,0.0,1.0,0,0,1,0.0,2,0.011098532
2046-11-29,247.42155556275142,1.0131266535889787,0,268.51194756974326,13.97590637141151,0,-25.809161418631348,232.52996124300924,1.5082914487203298,0,258.6514298875945,1.2543317821089035,0,299.9223209730395,0.7691514687474778,0,-21.55276846895626,9.097894881807441,-0.015854851902547512,1,263.552781458034,0.11524804167014718,0,156.33365946407756,0.011468132715963081,0,47.41708869748167,-0.02606098426392152,1,333.21801721982314,0.005709151492796779,0,296.17110409597353,-0.07028420474195544,1,Jupiter,Mercury,0.0,CLEAR,1007.7286144788952,-1.9683824740998261,0,0,-200.0,327.7922061357856,0,143.86430723944764,-0.014269366712292762,0.10372323750313246,0.8460666156222256,0.0,1.0,0,0,1,0.0,2,0.010892249
2046-12-06,254.5198221229949,1.0148408434021225,0,357.2610874642297,11.865676980829262,0,3.0642502023584015,243.24400930339834,1.5445169368147078,0,267.43034406115436,1.2538708441958364,0,305.32031682424883,0.7729152917370876,0,-20.25590549719759,9.072337533364202,0.00854562683092898,0,264.3665275982608,0.11709793678872805,0,156.39063710103866,0.004816144892745625,0,47.24035213931336,-0.024339448571977493,1,333.26823410887425,0.008631485317214527,0,296.1504284111842,-0.03686923880814165,1,Jupiter,Mercury,0.0,CLEAR,1005.747649082105,-1.980965396790225,0,0,-200.0,327.7922061357856,0,142.87382454105256,0.007691064147836083,0.10538814310985525,0.8502068209107965,0.0,1.0,0,0,1,0.0,1,0.010150673
2046-12-13,261.6291048253703,1.0163946431420225,0,82.650792477729,12.839290875273178,0,26.044518548561356,254.0991053981358,1.5559722512487775,0,276.2055827524665,1.2533451176368307,0,310.7409032209895,0.7756768646428164,0,-18.784533645763293,9.21695675193719,0.03266947638640518,0,265.19039166458623,0.11815122346170272,0,156.40151262069338,-0.0016947568962792895,1,47.07783730120306,-0.022014124573786382,1,333.3390137342236,0.01157404368397232,0,295.49525686458867,-0.07344587575396784,1,Jupiter,Mercury,0.0,CLEAR,1003.7748912732337,-1.972757808871279,0,0,-228.0,327.7922061357856,0,141.88744563661683,0.029402528747764663,0.10633610111553245,0.8532445511070981,0.0,1.0,0,0,1,0.0,2,0.010551843
2046-12-20,268.74954647694483,1.0180356738926033,0,177.26558034598975,14.113963516293893,0,-3.145628698367351,265.0349981319951,1.5700701739973526,0,284.97712054740845,1.252831373344377,0,316.17792893469056,0.7776826051454311,0,-17.155065259403937,9.527496639431641,0.05591551487707669,0,266.01806824445265,0.11821020964630902,0,156.36665584237485,-0.00825556465437653,1,46.932708629191126,-0.01938918289665719,1,333.42956019696993,0.014265527902139922,0,295.49625190536017,0.0017924106172433141,0,Jupiter,Mercury,0.0,CLEAR,1001.829280769477,-1.9456105037567113,0,0,-51.0,327.7922061357856,0,140.91464038473848,0.05032396338936902,0.10638918868167811,0.8554508656599743,0.0,1.0,0,0,1,0.0,2,0.0108775655
2046-12-27,275.88105725029675,1.019326269116928,0,276.5956095862616,13.69954226972721,0,-24.948854698762137,276.10683854445665,1.595256922106472,0,293.74544170373093,1.2522918906358873,0,321.627792732839,0.7792620139506269,0,-15.384192202498632,9.998302790532021,0.07841527495798577,0,266.84347283506884,0.11743792393982995,0,156.28679703633847,-0.014534159205475022,1,46.80787070669642,-0.01622509580700719,1,333.5389102261675,0.016932998696281086,0,295.22506219615957,-0.02344902203846534,1,Jupiter,Mercury,0.0,CLEAR,999.9287957432553,-1.9004850262217587,0,0,45.0,327.7922061357856,0,139.96439787162757,0.0705737474621872,0.10569413154584696,0.8571882153456897,0.0,1.0,0,0,1,0.0,2,0.010704684
2047-01-03,283.01657837883806,1.019239470627951,0,5.092862386961724,11.891615584584882,0,6.567750594972185,287.39146627951595,1.6300233719488522,0,302.5068219631174,1.2508465347098043,0,327.0844038874903,0.7795828161362764,0,-13.491081406037724,10.621759651812589,0.09947488503667376,0,267.65932513737056,0.11551605623622452,0,156.16352856247227,-0.020592552492695967,1,46.70590378577727,-0.012840045058692658,1,333.66561879548306,0.019246701731585377,0,295.30066678925425,0.0059858619459799926,0,Jupiter,Mercury,0.0,CLEAR,998.0931572968134,-1.8356384464418625,0,0,0.0,327.7922061357856,0,139.0465786484067,0.08952739653300638,0.10396445061260207,0.8575410977499042,0.0,1.0,0,0,1,0.0,2,0.15425639
2047-01-10,290.14942520057224,1.0186769145971832,0,90.9707673154317,13.104656965615625,0,25.604536893656384,298.9223426035103,1.66175326391242,0,311.25623228451445,1.2489075830577427,0,332.53987847934235,0.7789766197046205,0,-11.496013985500957,11.387502394765379,0.11902639900636908,0,268.45889025121244,0.11277971518543341,0,156.0000287114815,-0.026035231107580978,1,46.6290586174803,-0.009084771336150528,1,333.80815165929783,0.021430033574549208,0,295.22197020912415,-0.00897538162703015,1,Jupiter,Mercury,0.0,CLEAR,996.3403367325358,-1.752820564277613,0,0,96.0,327.7922061357856,0,138.17016836626786,0.10712375910573217,0.10150174366689006,0.8568742816750826,0.0,1.0,0,0,1,0.0,2,0.14643252
2047-01-17,297.2780725255466,1.018140681188864,0,188.26961841408624,14.260918352861879,0,-7.923059186864341,310.54933019095256,1.6451373411037067,0,319.9906238860394,1.2466401683761414,0,337.9883310095173,0.777686297390918,0,-9.418865651423552,12.283936404752579,0.13686078313268982,0,269.23578860909197,0.10905526694255918,0,155.79987452344704,-0.031046646988935552,1,46.578664284154534,-0.005277732800729782,1,333.9645742955871,0.023228256377619397,0,295.2173347086308,-0.0006673027437780844,1,Jupiter,Mercury,0.0,CLEAR,994.6857513501252,-1.6545853824105734,0,0,156.0,327.7922061357856,0,137.34287567506257,0.12317470481942083,0.09814974024830327,0.8554549271300098,0.0,1.0,0,0,1,0.0,2,0.14576781
2047-01-24,304.4033746620934,1.0174742161080286,0,285.4131885761561,13.277361058850559,0,-23.4431371587786,321.5471896442047,1.448143971890348,0,328.7091453349618,1.2442258255679632,0,343.42724183248947,0.7761582900753498,0,-7.277954920401224,13.300740211355794,0.15337909277150216,0,269.9839352396023,0.1045032913305123,0,155.56732696611914,-0.03530270979205801,1,46.55599814014695,-0.0012060778751541742,1,334.13320701965097,0.02487472538552387,0,295.26034732739913,0.005714556398093798,0,Jupiter,Mercury,0.0,CLEAR,993.1441258010893,-1.5416255490358708,0,0,128.0,327.7922061357856,0,136.57206290054464,0.13804118349435196,0.09405296219746107,0.8537741190828848,0.0,1.0,0,0,1,0.0,2,0.14197743
2047-01-31,311.51951686665353,1.015545121360181,0,12.9105489776836,11.89589534081568,0,9.827623955956268,329.756341857355,0.7953170117804521,0,337.4070474403327,1.240722371658909,0,348.85214755625833,0.7736748528702094,0,-5.0926097094065526,14.427093899065365,0.16817403361123118,0,270.69614062816504,0.0988516340008103,0,155.30718090581823,-0.03885155977905573,1,46.56157818828663,0.00282842915675309,0,334.3116692265614,0.026084682054286587,0,295.0930511847996,-0.0355464077903658,1,Jupiter,Mercury,0.0,CLEAR,991.7308751202431,-1.413250680846204,0,0,288.0,327.7922061357856,0,135.8654375601216,0.15135663025010807,0.08896647060072928,0.8510423381572304,0.0,1.0,0,0,1,0.0,1,0.15318327
2047-02-07,318.6195936039145,1.01297279488875,0,98.75466265208449,13.216579503020107,0,24.624840057338798,331.30241799533235,-0.4043814720658235,1,346.0771011800053,1.236268297564164,0,354.2569838718693,0.7704312469141331,0,-2.882362964111957,15.651502565114367,0.18136702285029288,0,271.3661341674749,0.09242717367415595,0,155.02584723491506,-0.04138743456955465,1,46.59584939060138,0.006940528191174273,0,334.49794467837575,0.027071114691461465,0,295.1352415006855,0.018665498489950434,0,Jupiter,Mercury,0.0,CLEAR,990.459430446253,-1.2714446739901177,0,0,280.0,327.7922061357856,0,135.22971522312648,0.1632303205652636,0.08318445630674036,0.8474743716055465,0.0,1.0,0,0,1,0.0,1,0.14509124
2047-02-14,325.7011077314406,1.0104322305921385,0,198.73640570435623,14.618435567529604,0,-12.12166678101124,325.100471094002,-1.163730964358637,1,354.71288936705787,1.231080649930418,0,359.6367532117006,0.7666532921205621,0,-0.6656820275054562,16.96220478218171,0.19291641975014878,0,271.9878824119174,0.08510978975696756,0,154.72942774104226,-0.04313117285181463,1,46.65809391257951,0.010851727249556612,0,334.6894686575092,0.02762313423556629,0,294.8546025007132,-0.06097445199173844,1,Jupiter,Mercury,0.0,CLEAR,989.3404230013242,-1.1190074449287977,0,0,355.0,327.7922061357856,0,134.67021150066213,0.1736247777751339,0.07659881078127082,0.8433186213326184,0.0,1.0,0,0,1,0.0,1,0.16412939
2047-02-21,332.7664045998589,1.0080914210660858,0,294.9618320311508,12.875568507975853,0,-21.12243900816714,318.20339134534817,-0.6514672746585168,1,3.311927123434659,1.225633857895486,0,4.990374611461432,0.7628611873853598,0,1.541113504184951,18.34973642606343,0.20325959307095526,0,272.5560548498907,0.07703498271997337,0,154.4245227744654,-0.04386196187074439,1,46.74790700385552,0.014746903189614843,0,334.8843254188334,0.027953087741974865,0,294.8344571240804,-0.00021187415324998708,1,Jupiter,Mercury,0.0,CLEAR,987.4640990191936,-1.876323982130657,0,0,455.0,327.7922061357856,0,134.19185215396482,0.18293363376385974,0.06933148444797604,0.8391473061238959,0.0,1.0,0,0,1,0.0,1,0.15734166
2047-02-28,339.8120255934385,1.004804945833908,0,21.06516945125073,11.877008718156999,0,12.956444040534283,316.6234610622947,0.17263930857748117,0,11.869002659555388,1.219048064200168,0,10.31531315714861,0.7584640653033222,0,3.7212750312568756,19.80430678030913,0.2121149299462315,0,273.064163647984,0.06803978387653647,0,154.1175079722733,-0.043655191691983446,1,46.86391913273514,0.018392719953116723,0,335.0797360033537,0.027850227179485754,0,294.15468435227126,-0.13578658669079283,1,Jupiter,Mercury,0.0,CLEAR,985.6750549073415,-1.7890441118520357,0,0,630.0,327.7922061357856,0,133.79975548475113,0.19090343695160836,0.06123580548888283,0.8343104718336545,0.0,1.0,0,0,1,0.0,1,0.16304325
2047-03-07,346.8322017470775,1.0008679213385328,0,106.56183211009638,13.16678968870686,0,23.056714974047093,319.9726096487166,0.7381805208572924,0,20.375565196886395,1.2111478092890813,0,15.60764051853562,0.753520272154859,0,5.8580267737265315,21.31620650190354,0.21960393094747493,0,273.50726137428177,0.05844029069188882,0,153.8159254155887,-0.04237093550898809,1,47.005068620817696,0.021870285373777366,0,335.2737004311264,0.027494178494800247,0,293.8775028006643,0.010751858742502448,0,Jupiter,Mercury,0.0,CLEAR,984.0800644619965,-1.5949904453450472,0,0,630.0,327.7922061357856,0,133.49780724653593,0.19764353785272745,0.05259626162269994,0.8288722993703449,0.0,1.0,0,0,1,0.0,1,0.15072046
2047-03-14,353.82418401185186,0.9970026484362692,0,208.18732873231016,15.030608596654163,0,-15.53659025122778,326.4495815507522,1.0859723387492592,0,28.82202692696221,1.2020504267400787,0,20.863584382756308,0.7482262325283201,0,7.935542650129812,22.875440012958272,0.2257463923934371,0,273.8807192492696,0.048213329187820154,0,153.52602502405279,-0.04028193794303945,1,47.16907117151298,0.024978457049408424,0,335.46355242423954,0.026737039555442054,0,293.233683794632,-0.1361097001350122,1,Jupiter,Mercury,0.0,CLEAR,982.7016490441132,-1.378415417883275,0,0,502.0,327.7922061357856,0,133.2883519222434,0.2031717531540934,0.04339199626903814,0.8230488557811522,0.0,1.0,0,0,1,0.0,1,0.15728241
2047-03-21,0.7918748849817169,0.993706231668565,0,304.78454780412636,12.61936696293326,0,-18.05279778520012,334.9138650255689,1.3196741560766398,0,37.20340515418334,1.1924527473092008,0,26.08348567766648,0.7431243219931054,0,9.940062583423382,24.474524675085767,0.2309072229156285,0,274.18113163681807,0.03747396966138703,0,153.25411723653974,-0.03731392351539845,1,47.3543566321592,0.02786294021483218,0,335.64759758188796,0.025745254556719846,0,292.9422569394972,-0.024296050675887797,1,Jupiter,Mercury,0.0,CLEAR,981.5594892999858,-1.1421597441274116,0,0,22.0,327.7922061357856,0,133.17322499534114,0.20781650062406568,0.03372657269524833,0.817436754192416,0.0,1.0,0,0,1,0.0,1,0.03685456
2047-03-28,7.7347935260083736,0.9898940552436474,0,29.668904631911296,11.85905246274563,0,15.986474919139884,344.80802360521665,1.5023173987997975,0,45.513302690205286,1.1815488131631153,0,31.26669159525796,0.7377557733729502,0,11.857688335872279,26.105353570265088,0.23487174074548317,0,274.4041503258128,0.02621657049714559,0,153.00548794762895,-0.03355992995449898,1,47.55831985806746,0.03038420249603699,0,335.82315732903027,0.024394388527340015,0,291.8139499628116,-0.21860351405200382,1,Jupiter,Mercury,0.0,CLEAR,980.6730003017069,-0.8864889982788782,0,0,-26.0,327.7922061357856,0,133.15416953225468,0.21138456667093486,0.023594913447431032,0.8115313507102453,0.0,1.0,0,0,1,0.0,1,0.054024678
2047-04-04,14.649117410335927,0.9855332505887484,0,114.96696124683584,13.055897966937183,0,20.805225759835245,355.91159480725565,1.6695490398423658,0,53.74058229685521,1.1687093218387905,0,36.411279467512465,0.7320410929037349,0,13.67464316361524,27.760070002711934,0.23768418188110838,0,274.54775222901736,0.014767108058485152,0,152.78609901555248,-0.029042630656678163,1,47.779011648356935,0.03257948041841316,0,335.9886381755646,0.02281377795006681,0,291.1860401719333,-0.002640062498091208,1,Jupiter,Mercury,0.0,CLEAR,980.057440518655,-0.6155597830519355,0,0,-26.0,327.7922061357856,0,133.23125941933958,0.21391576369299753,0.013290397252636636,0.8052452021941084,0.0,1.0,0,0,1,0.0,1,0.046916835
2047-04-11,21.53233189065879,0.9812827895920164,0,216.73878997369235,15.289820803409192,0,-18.291505321031725,8.191403086982271,1.840411926116163,0,61.869844396738195,1.153672859438745,0,41.51467966406697,0.726149715561597,0,15.377988975229735,29.430236081043866,0.2394041979480741,0,274.6105934961203,0.0032395517908543133,0,152.59990192331912,-0.02403290584952594,1,48.01328430252259,0.03434118354334944,0,336.1417247388368,0.020932861591748272,0,290.39524283485383,-0.1690660528665603,1,Jupiter,Mercury,0.0,CLEAR,979.7217359817694,-0.33570453688560065,0,0,-10.0,327.7922061357856,0,133.4026908064023,0.2154637781532667,0.002915596611768882,0.7987646871177568,0.0,1.0,0,0,1,0.0,1,0.048246022
2047-04-18,28.389424699051975,0.9779080588624455,0,314.3321472354791,12.538326642721566,0,-14.534640640473402,21.686137390458857,2.0134042745681446,0,69.88864638033391,1.1370852186412026,0,46.578324199628135,0.7205956494642193,0,16.95672814295564,31.10987026687556,0.24029137355432625,0,274.5931686717009,-0.008260062500457929,1,152.45071567718838,-0.018568316023432608,1,48.25902568595854,0.03575898672549793,0,336.28129857365855,0.01885261090528868,0,289.97753037939674,-0.02495552699437267,1,Jupiter,Mercury,0.0,CLEAR,979.6705482355751,-0.05118774619427313,0,0,-290.0,327.7922061357856,0,133.66585701425765,0.21626223619889362,-0.007434056250412136,0.7926552144106412,0.0,1.0,0,0,1,0.0,2,0.042794127
2047-04-25,35.22289770973733,0.974475051254003,0,38.553050592519064,11.872064710408132,0,18.81283510780039,36.269884056995146,2.13647286245193,0,77.78350027166775,1.1180951597616144,0,51.603110088822476,0.7150600870008909,0,18.40016847690129,32.791882057430264,0.24017071894555345,0,274.4954926537159,-0.019554184451785576,1,152.34096899758225,-0.012698404475312224,1,48.51307748925227,0.03678999747315701,0,336.40519605807197,0.016540691837077823,0,288.8674379115464,-0.21827606861567841,1,Jupiter,Mercury,0.0,CLEAR,979.9067155500933,0.23616731451818396,0,0,-290.0,327.7922061357856,0,134.01758483553635,0.2161536470509981,-0.01759876600660702,0.78656609570098,0.0,1.0,0,0,1,0.0,2,0.04228278
2047-05-02,42.03109953088925,0.9706352499916489,0,124.20666316881987,13.01060263924881,0,17.84261270236292,51.194837633885896,2.0891187010608445,0,85.53307249711469,1.0952844145865406,0,56.58870343415773,0.7093278313490462,0,19.698290031092306,34.4696243684641,0.2389794440171868,0,274.3206906715144,-0.030305514904700924,1,152.27360769320387,-0.006548351844838141,1,48.77315694842322,0.03741694631353528,0,336.51252763136154,0.01406522766902651,0,288.254914265617,0.006387353052175021,0,Jupiter,Mercury,0.0,CLEAR,980.4270926775023,0.5203771274090059,0,0,-290.0,327.7922061357856,0,134.4524662769088,0.21508149961546813,-0.027274963414230833,0.7802606144839509,0.0,1.0,0,0,1,0.0,2,0.031195942
2047-05-09,48.811918421881124,0.9669204077067296,0,224.99909401792416,15.259774118492835,0,-20.637007910244535,64.9728589258305,1.8157781243518467,0,93.10558244219382,1.0674698904899576,0,61.533476287491645,0.7035546348424179,0,20.84221021713868,36.135268228160434,0.23683344239567075,0,274.07297866868015,-0.04027344688251943,1,152.24940587242403,-0.00031062313843013335,1,49.03582757772282,0.037585753723137216,0,336.60168692124444,0.011439527419470423,0,287.6768069617015,-0.13597189277132227,1,Jupiter,Mercury,0.0,CLEAR,981.2211357204446,0.7940430429423486,0,0,20.0,327.7922061357856,0,134.96284890904266,0.21315009815610367,-0.036246102194267486,0.7739100983266597,0.0,1.0,0,0,1,0.0,2,0.025218658
2047-05-16,55.570673299224794,0.9642507235391445,0,323.2708574367037,12.582422501130338,0,-10.91461591727922,76.32834033966364,1.4170532118956045,0,100.46593148237956,1.0345568298958199,0,66.43949239445524,0.6981874177968688,0,21.8251153564764,37.78337640759713,0.23386162353632103,0,273.75874716549663,-0.04939826651873184,1,152.26918327897994,0.005919249453127491,0,49.29889568154731,0.037439391664022804,0,336.6723811091102,0.008688910072405047,0,287.4022231141092,0.004436574541840772,0,Jupiter,Mercury,0.0,CLEAR,982.273901371841,1.0527656513963848,0,0,180.0,327.7922061357856,0,135.5401485160507,0.21047546118268892,-0.04445843986685866,0.7680061595765557,0.0,1.0,0,0,1,0.0,1,0.01789442
2047-05-23,62.312331856479915,0.961948981952336,0,47.40751631677421,11.926619825618074,0,21.255064224729267,84.69739455221074,0.9664432004785465,0,107.57410881824975,0.9950193351040134,0,71.30874199208975,0.6930547843273835,0,22.6411190484181,39.40720668774942,0.22993867235467827,0,273.384182335206,-0.057376978618577566,1,152.33247664401426,0.012184803390962737,0,49.559219103376,0.03690064368340929,0,336.7232909018532,0.0058704673504767855,0,286.7630841880115,-0.13981408427522266,1,Jupiter,Mercury,0.0,CLEAR,983.5684450206622,1.294543648821218,0,0,160.0,327.7922061357856,0,136.17503676817,0.20694480511921046,-0.05163928075671981,0.7623602627601219,0.0,1.0,0,0,1,0.0,1,0.016792692
2047-05-30,69.03728213257928,0.9593777531381328,0,134.13835350349856,13.112240474960885,0,14.266409402471655,89.7322273320459,0.46237532731648817,0,114.37296118493026,0.9454910416246722,0,76.14198407787514,0.6878146528647744,0,23.285869786023095,40.99987942050124,0.22489401902173006,0,272.9587482114966,-0.06394788235698921,1,152.43942923737055,0.018307458603655093,0,49.8144986482927,0.035935294793301216,0,336.7544336172837,0.0029886425646521507,0,286.4507334740755,0.026042835456490488,0,Jupiter,Ketu,1.5,CLEAR,985.081492113766,1.5130470931037507,0,0,10.0,327.7922061357856,0,136.85575043679611,0.20240461711955707,-0.057553094121290296,0.7565961181512519,0.0,1.0,0,0,1,0.0,1,0.014361992
2047-06-06,75.7437448880014,0.9569086253541046,0,233.65788436059088,14.959180383346782,0,-22.68521751524004,91.08256811539715,-0.07448719480511151,1,120.77840000072375,0.8820560778820391,0,80.93818953352607,0.6826202074498423,0,23.756659487863843,42.55342899505141,0.218879180621445,0,272.4927744879965,-0.06886362528925949,1,152.58823963101224,0.024210564088667175,0,50.06148377869748,0.03462429149911043,0,336.76519508279364,0.00014050996381940277,0,286.23860814490115,-0.0681765610389848,1,Jupiter,Ketu,1.5,CLEAR,986.7835076778392,1.7020155640732355,0,0,10.0,327.7922061357856,0,137.568709290701,0.19699126255930052,-0.061977262760333544,0.7508822281948266,0.31665948786384135,1.0,0,0,1,0.0,1,0.015443914
2047-06-13,82.43661145489311,0.9554955941237834,0,331.5950922916507,12.660057277953316,0,-7.407304036393931,88.9636752876172,-0.4886954715130053,1,126.68189500930741,0.8015039871935569,0,85.69960465635447,0.6778325745462981,0,24.05291813576237,44.061897338535054,0.211909045315297,0,271.99810154166,-0.07223854959157869,1,152.7774418814769,0.029765574961989248,0,50.29820512286418,0.03291607555042881,0,336.756263789683,-0.0027280578623864855,1,286.17300263177634,0.024865941168890546,0,Jupiter,Ketu,1.5,CLEAR,988.6425633459962,1.8590556681569979,0,0,130.0,327.7922061357856,0,138.30010358120418,0.1907181407837673,-0.06501469463242082,0.745615832000928,0.6129181357623672,1.0,0,0,1,0.0,2,0.014840353
2047-06-20,89.12246827682412,0.9548028252132384,0,55.967719251628985,12.002884265042825,0,23.155640788455734,85.13621582297579,-0.5276811416709858,1,131.9480658452223,0.6987574320781188,0,90.428870059173,0.67342788173976,0,24.17527268344218,45.51782216222521,0.2038891426552363,0,271.4858000297512,-0.07380049034320173,1,153.00461997178266,0.03511483679440692,0,50.52180337418192,0.030934867249154056,0,336.72740736564634,-0.005480003758143867,1,286.02304015719375,-0.0440277312003849,1,Jupiter,Ketu,1.5,CLEAR,990.6264319011341,1.9838685551378603,0,0,30.0,327.7922061357856,0,139.03600334443072,0.18350022838971267,-0.06642044130888156,0.7407706699137361,0.7352726834421794,1.0,0,0,1,0.0,2,0.015954211
2047-06-27,95.80344865479411,0.9539613303676725,0,144.38337774762599,13.384481977025454,0,10.290595578958856,82.56611091974126,-0.15360952739391248,1,136.39140525684206,0.5646137099451956,0,95.12725167090629,0.6689426672630322,0,24.126343040249246,46.91321173776161,0.19454732599284916,0,270.96917443343654,-0.07351710253625901,1,153.26803515269978,0.04004293443046847,0,50.730314900788976,0.02854984091587509,0,336.67965885511563,-0.008172812435878288,1,285.96183100371366,0.016435189127021937,0,Jupiter,Ketu,1.5,CLEAR,992.6990335298731,2.072601628738994,0,0,90.0,327.7922061357856,0,139.76114046735245,0.17509259339356426,-0.06616539228263311,0.7358369339893355,0.6863430402492448,1.0,0,0,1,0.0,2,0.014632615
2047-07-04,102.4779327643869,0.9531483575688847,0,243.11018098659972,14.521949749212043,0,-24.302128798658103,83.40854645339819,0.40510884560282107,0,139.75449171847757,0.38858093612966543,0,99.79422102833038,0.664548484274783,0,23.910338902953647,48.23893391609986,0.18409356705020344,0,270.4611664255641,-0.07129039547695293,1,153.56435371896893,0.04458187888512795,0,50.92100120101657,0.025929896147857342,0,336.6135683613754,-0.010635775632653666,1,285.97232239806306,-0.005914495356633614,1,Jupiter,Ketu,1.5,CLEAR,994.821240266092,2.1222067362189136,0,0,-30.0,327.7922061357856,0,140.45983477545246,0.1656842103451831,-0.06416135592925763,0.7310033327022614,0.470338902953646,1.0,0,0,1,0.0,2,0.014374004
2047-07-11,109.14973146697922,0.9532671373183539,0,339.57499766794837,12.682688697168887,0,-4.032387459368668,88.23588951821435,0.9680784925527018,0,141.72061549646313,0.16545688522139235,0,104.43167922326109,0.6605047525572001,0,23.533237351535934,49.48761190533894,0.17244409143716172,0,269.97453510283594,-0.0675084440877096,1,153.89073206419647,0.04857312814861396,0,51.092358435322346,0.022961481538575506,0,336.5308234423645,-0.013001604676144049,1,285.9552997376677,-0.0013504258105826602,1,Jupiter,Ketu,1.5,CLEAR,996.9554639086366,2.1342236425446117,0,0,-30.0,327.7922061357856,0,141.1178233324864,0.15519968229344555,-0.060757599678938644,0.7265552278129201,0.09323735153593304,1.0,0,0,1,0.0,2,0.013487829
2047-07-18,115.8260821080926,0.9543482129072725,0,64.14099322789777,12.062974371634471,0,24.431223090223785,96.84948923303348,1.4827467334434208,0,141.97555922882842,-0.09774212186145294,1,109.04251959675763,0.6569237738665905,0,23.001435749617574,50.65033475169583,0.1595358565675735,0,269.520156969449,-0.06202794525239251,1,154.2437565898549,0.05223384519933666,0,51.24223272736997,0.019836022696883674,0,336.43236764220933,-0.015070999747569078,1,285.9625491617489,0.015647843680178405,0,Jupiter,Ketu,1.5,CLEAR,999.0669294111333,2.111465502496685,0,0,-30.0,327.7922061357856,0,141.722075757921,0.14358227091081616,-0.05582515072715326,0.7226161512532496,0.0,1.0,0,0,1,0.0,2,0.014090894
2047-07-25,122.51046664765924,0.9553902444873564,0,154.47738777703907,13.79671460371964,0,6.193120026103227,108.76639176398719,1.8958979042053123,0,140.32968346278633,-0.369056099747866,1,113.62839329127499,0.653273244370149,0,22.32304164953643,51.71732618437651,0.1450373976915955,0,269.10952367619524,-0.05507827219462248,1,154.62060050029822,0.05531533859819156,0,51.36924445485549,0.016386010944751447,0,336.3201904488001,-0.01696038969903988,1,285.92854401465473,-0.03948145235128228,1,Jupiter,Ketu,1.5,CLEAR,1001.8164251193589,2.749495708225595,0,0,-190.0,327.7922061357856,0,142.25972077866027,0.13053365792243593,-0.049570444975160236,0.7186005688071639,0.0,1.0,0,0,1,0.0,2,0.015223853
2047-08-01,129.20128130854013,0.9563297055165072,0,253.34900241537366,14.100131038370224,0,-25.198280665526188,122.86404995641671,2.086985856330416,0,136.9615988416038,-0.5737581021030401,1,118.18854017263357,0.6496793898073261,0,21.507288586364343,52.677980439379674,0.1292553029416117,0,268.7525105513089,-0.0467094562845473,1,155.0171929965556,0.05793011892058701,0,51.47157178621684,0.012856725639153492,0,336.195969380332,-0.01844731672874886,1,285.85604228675544,0.02575967201807879,0,Jupiter,Ketu,1.5,CLEAR,1005.4933870085888,3.676961889229915,0,0,-90.0,327.7922061357856,0,142.71906123490794,0.11632977264745052,-0.04203851065609257,0.7146473287880588,0.0,1.0,0,0,1,0.0,2,0.016373163
2047-08-08,135.90068371635502,0.957974461338812,0,347.5928791707628,12.60530821115325,0,-0.6722617461637715,137.41632197263982,2.041062771768595,0,132.67907326810888,-0.617350476152856,1,122.72442379730812,0.6463611219933291,0,20.563890901698773,53.52349651633409,0.11208126768056405,0,268.45734395328054,-0.03749096672092437,1,155.42990641861596,0.059893331962373175,0,51.54849767586341,0.009092503647655225,0,336.0621819678998,-0.019737297538785847,1,285.6663135865384,-0.08053072546599296,1,Jupiter,Ketu,1.5,CLEAR,1008.8677540275394,3.3743670189505792,0,0,-30.0,327.7922061357856,0,143.09115372258287,0.10087314091250764,-0.03374187004883193,0.710997234192662,0.0,1.0,0,0,1,0.0,2,0.016742168
2047-08-15,142.61560888570722,0.9606819392741752,0,72.04966463219856,12.074028562948703,0,25.067057541418638,151.19753963117554,1.8891137156377942,0,128.76152552936935,-0.4750440906739809,1,127.23887595433239,0.6435233259826486,0,19.502131125422274,54.24403468206063,0.09353899822076665,0,268.22997908894035,-0.02732818077765605,1,155.85493002898997,0.061465333188117414,0,51.59901589649632,0.005336773649534567,0,335.9207736754045,-0.020595980160205182,1,285.41009237669175,0.02286787543945238,0,Jupiter,Ketu,1.5,CLEAR,1011.8964238934113,3.0286698658719615,0,0,-30.0,327.7922061357856,0,143.36903680755597,0.08418509839868998,-0.024595362699890447,0.7078756585809135,0.0,1.0,0,0,1,0.0,2,0.021006975
2047-08-22,149.35032366342259,0.96344400184196,0,164.0066284112362,14.263404005289166,0,2.230615014200619,163.83563739369566,1.7226855929510765,0,126.29059226720265,-0.22083425393460165,1,131.73345664171885,0.6405879891452769,0,18.332334495257406,54.829141343870425,0.07336982023973264,0,268.0760803898588,-0.016565326067459894,1,156.28879798785815,0.06237322919771434,0,51.622724158896006,0.001406936074152827,0,335.7743647354852,-0.021193465178337242,1,285.1951317324619,-0.11862882045488449,1,Jupiter,Ketu,1.5,CLEAR,1013.5061219080233,1.6096980146119222,0,0,-30.0,327.7922061357856,0,143.5466437690372,0.06603283821575938,-0.014908793460713905,0.7046467880598046,0.0,1.0,0,0,1,0.0,2,0.005025397
2047-08-29,156.1031503926234,0.9659192476315445,0,264.04575628900625,13.808848561354539,0,-25.11951509252353,175.33769731869427,1.5650291428798322,0,125.71408455468564,0.05407433875238093,0,136.207164023354,0.6376312723842614,0,17.06543999604079,55.268849876619576,0.052111159800082664,0,267.9995203833723,-0.00526216594059007,1,156.72719704762147,0.06275697450096633,0,51.61919737320217,-0.002393523912364687,1,335.6254183773367,-0.021285989621527484,1,284.7881425158081,0.018353877843455057,0,Jupiter,Ketu,1.5,CLEAR,1014.5386589864944,1.0325370784711367,0,0,-150.0,327.7922061357856,0,143.61967698982983,0.0469000438200744,-0.004735949346531063,0.7013943996226877,0.0,1.0,0,0,1,0.0,3,0.0047581163
2047-09-05,162.87403627570345,0.9687855778620764,0,355.9525244598904,12.43861899570908,0,2.8054037705968304,185.75128418809177,1.4092634378418982,0,126.9768517052676,0.2997255411441051,0,140.66056145665144,0.634843240552274,0,15.712064585294074,55.55613044002171,0.029824322054995096,0,268.00211934230043,0.006013579177861221,0,157.1657889898239,0.06248398640912284,0,51.58891339754566,-0.006239449847294408,1,335.47670761753113,-0.02113957083137481,1,284.2768343644904,-0.17654318153955337,1,Jupiter,Ketu,1.5,CLEAR,1015.1080221954426,0.5693632089481753,0,0,-180.0,327.7922061357856,0,143.58679405524524,0.026841889849495586,0.0054122212600750995,0.6983275646075014,0.0,1.0,0,0,1,0.0,2,0.004477842
2047-09-12,169.6687080803375,0.9726569027378408,0,79.98877790415315,12.03676144366506,0,25.082931754033165,195.02243478440315,1.2335363769495324,0,129.80174998877865,0.4994272085933914,0,145.0961438212468,0.6324942733157759,0,14.281669109098562,55.684756701775875,0.00680197712519173,0,268.08413774671754,0.017420511867248353,0,157.60097225369364,0.061764236347617726,0,51.53248243731846,-0.009859734104739873,1,335.33068886712687,-0.02051598424698971,1,283.5217725569198,-0.002053469195132462,1,Jupiter,Ketu,1.5,CLEAR,1015.2012379101166,0.09321571467398826,0,0,-300.0,327.7922061357856,0,143.44834469060092,0.0061217794126725575,0.015678460680523518,0.6957437006473536,0.0,1.0,0,0,1,0.0,2,0.0047770333
2047-09-19,176.4914671786432,0.9766387576980836,0,172.7652513624846,14.646968480918812,0,-1.4586394159421188,202.8753694646263,0.9942155226713435,0,133.86287232308777,0.6539287321376491,0,149.5150561475922,0.6299935444397127,0,12.784405144629943,55.6497292050088,-0.016862734125152986,1,268.2454898973651,0.028641990837613852,0,158.02876345297176,0.06034329876961034,0,51.45088600890023,-0.0134345054864281,1,335.19000980779606,-0.019628054106861765,1,283.08367593119254,-0.17648780834029448,1,Jupiter,Ketu,1.5,CLEAR,1014.8084786152874,-0.3927592948291476,0,0,-465.0,327.7922061357856,0,143.20539611153515,-0.015176460712637688,0.025777791753852468,0.692992898883684,0.0,1.0,0,0,1,0.0,3,0.0050823945
2047-09-26,183.3405157557386,0.9801255381037517,0,274.67751740318937,13.710685702574203,0,-24.02593137388517,208.60333503858868,0.6078696463716431,0,138.87221565138557,0.7722334297485868,0,153.91581997682786,0.6273371795630956,0,11.230940069901582,55.44978175433701,-0.04015192000606881,1,268.48496076754094,0.03969163928204172,0,158.44479670642653,0.0584105615963569,0,51.34550538508915,-0.016632697914755776,1,335.0572962591544,-0.018240439894986336,1,282.35446507867397,0.0008707344205895032,0,Jupiter,Ketu,1.5,CLEAR,1013.929641973592,-0.8788366416954432,0,0,-210.0,327.7922061357856,0,142.86054461754821,-0.03613672800546193,0.035722475353837546,0.6900708975194053,0.0,1.0,0,0,1,0.0,3,0.007872914
2047-10-03,190.2131536782546,0.9836082031571921,0,4.7451478201756325,12.233665253338387,0,6.432732219070551,210.73460813337672,-0.05495128520649626,1,144.61469453859377,0.8648815867544569,0,158.29775885752085,0.6247141872181105,0,9.631360453856743,55.0894619013472,-0.0625789551530828,1,268.7994764636959,0.05009854491615842,0,158.84473462955765,0.05578617702815395,0,51.218313755683134,-0.019635035547275095,1,334.93491705664974,-0.016658428080098025,1,281.61868466087304,-0.22731802099677387,1,Jupiter,Ketu,1.5,CLEAR,1012.5799708753025,-1.349671098289491,0,0,-470.0,327.7922061357856,0,142.41883729198724,-0.05632105963777452,0.04508869042454258,0.6871856059399215,0.0,1.0,0,0,1,0.0,3,0.008891797
2047-10-10,197.1130989186002,0.9878936739777411,0,88.2807632963397,11.998310163336402,0,24.497836457454344,207.22467645233365,-0.942719811676724,1,150.93621057352593,0.9384021044200855,0,162.66274372989906,0.6224318905299332,0,7.994284394065786,54.57743838021057,-0.08341814697708388,1,269.1854909644863,0.06009954583250252,0,159.22492172624504,0.05274190126072483,0,51.07176778602174,-0.022180431100399686,1,334.8251397854421,-0.01466565862089342,1,280.5610110670299,-0.01673350473965839,1,Jupiter,Ketu,1.5,CLEAR,1010.7838948314486,-1.7960760438538728,0,0,-590.0,327.7922061357856,0,141.88627682153543,-0.0750763322793755,0.05408959124925227,0.6846750795829266,0.0,1.0,0,0,1,0.0,3,0.00886871
2047-10-17,204.04390939241057,0.9922914956451713,0,180.94004252181136,14.798943751861339,0,-4.922271669528998,199.26238892286023,-1.0866035748529386,1,157.71603293894682,0.9963489773288473,0,167.01117947719132,0.6199122152810893,0,6.328968933870974,53.92650263065866,-0.10210182298256762,1,269.63925791770106,0.06944872439020737,0,159.58144395950754,0.04902055997083254,0,50.9083428179747,-0.024442716713859357,1,334.7299202124432,-0.012497090877137886,1,280.1246008955886,-0.17124086763478774,1,Jupiter,Ketu,1.5,CLEAR,1008.5744894259151,-2.2094054055335164,0,0,-382.0,327.7922061357856,0,141.26908490027364,-0.09189164068431085,0.06250385195118663,0.6819034368091983,0.0,1.0,0,0,1,0.0,3,0.008756718
2047-10-24,211.00367144259926,0.9960116360285634,0,284.68099865137754,13.807106902556576,0,-22.157876147664215,195.26172161238293,0.05145930072842519,0,164.85680714170914,1.0421606881620762,0,171.3408391816444,0.6170458244946695,0,4.645333827551128,53.15653044017697,-0.11725200138652299,1,270.1566713883738,0.07821757039309814,0,159.91034467948762,0.044830935209138736,0,50.73120836208147,-0.026108524368520857,1,334.6513427297184,-0.009945966775960149,1,279.37335799307664,0.0038046056810318377,0,Jupiter,Ketu,1.5,CLEAR,1005.9997181036065,-2.5747713223086066,0,0,-142.0,327.7922061357856,0,140.57453697370767,-0.10552680124787069,0.07039581335378832,0.6787504069441365,0.0,1.0,0,0,1,0.0,3,0.009213535
2047-10-31,217.9869521183937,0.999276133278482,0,13.809263872570567,12.051479457720664,0,10.08517733323421,199.5456213733207,1.0655845409063822,0,172.28735881925783,1.079758460085516,0,175.64944099401663,0.614036159670736,0,2.952799804741628,52.29443908782813,-0.1283025827465315,1,270.7319413171869,0.086037909504968,0,160.20756699103381,0.040044458811860424,0,50.5436445358346,-0.027367103175751157,1,334.590705637921,-0.007326583272929807,1,278.804716561624,-0.19081221256938397,1,Jupiter,Ketu,1.5,CLEAR,1003.1249955412825,-2.8747225623239956,0,0,154.0,327.7922061357856,0,139.8117032186477,-0.11547232447187836,0.0774341185544712,0.6754397756378097,0.0,1.0,0,0,1,0.0,3,0.010755975
2047-11-07,224.99485507618434,1.0030366028869684,0,97.0854733885907,12.029558564348278,0,23.320686795397954,208.73285365072553,1.4811039258741912,0,179.95943099313,1.111280849765793,0,179.9378809472954,0.6112110345938465,0,1.2591949746692068,51.37117326858454,-0.1347125281356832,1,271.3596852420903,0.09317747032885682,0,160.4702555112123,0.03492343440238827,0,50.34955697385916,-0.02801382075285679,1,334.54943928760883,-0.004458613069264772,1,277.941197693398,-0.0017189628722941986,1,Jupiter,Ketu,1.5,CLEAR,1000.0229760529885,-3.1020194882939904,0,0,145.0,327.7922061357856,0,138.9898717317689,-0.1212412753221149,0.08385972329597113,0.6723321380532312,0.0,1.0,0,0,1,0.0,3,0.009207591
2047-11-14,232.02961897799904,1.0068677050089299,0,189.15036580433744,14.66729326844624,0,-8.349525834441518,219.57488558005278,1.5878617098804682,0,187.8319452238158,1.1370875687258706,0,184.20547080499844,0.6080187838504018,0,-0.42698623061345764,50.419677814694936,-0.13626755887540515,1,272.034323703046,0.09945534745645826,0,160.69514756394915,0.02926856054288109,0,50.152362471565596,-0.028223870349932168,1,334.5282501692126,-0.0015693766448417524,1,277.7798643134094,-0.10598986308310553,1,Jupiter,Ketu,1.5,CLEAR,996.7707082232978,-3.252267829690709,0,0,45.0,327.7922061357856,0,138.11803876851957,-0.12264080298786463,0.08950981271081243,0.668820662235442,0.0,1.0,0,0,1,0.0,3,0.009458352
2047-11-21,239.0893169315305,1.0099158746208332,0,293.67336730408454,14.01793857462978,0,-19.91570993246684,230.7385575460269,1.5940840595763117,0,195.8665545501058,1.1576909315946289,0,188.44884643436282,0.6042203257429266,0,-2.096465585279335,49.47653258513277,-0.1323326382612825,1,272.750475163494,0.10495202832450068,0,160.87950874463036,0.02330522826183775,0,49.95625363113773,-0.027750160982606527,1,334.52817627067145,0.0015097378743633922,0,277.33215232983537,0.01611604588676434,0,Jupiter,Ketu,1.5,CLEAR,994.4115569352873,-2.35915128801048,0,0,-30.0,327.7922061357856,0,137.2057784676437,-0.11909937443515425,0.09445682549205062,0.6646423583172193,0.0,1.0,0,0,1,0.0,2,0.009392058
2047-11-28,246.16628276888522,1.0120727132160994,0,22.81133373292912,11.933761975560655,0,13.517182294400275,241.84709794812971,1.5794618414611663,0,204.03128654355737,1.1746650399136584,0,192.6636549189296,0.6000337775973106,0,-3.7403318002723775,48.57870340632565,-0.12336696272854444,1,273.50108079394676,0.1093872938711155,0,161.02053685599586,0.01699070569740146,0,49.764902878250375,-0.02679592474001171,1,334.54907763837423,0.004490751545269642,0,277.1757916728362,-0.09086507446590512,1,Jupiter,Ketu,1.5,CLEAR,992.5276441686071,-1.8839127666801687,0,0,-150.0,327.7922061357856,0,136.26382208430363,-0.11103026645569,0.09844856448400395,0.6600371553570417,0.0,1.0,0,0,1,0.0,2,0.009175586
2047-12-05,253.25880324470268,1.0143774818050773,0,106.27330843907356,12.183729971639657,0,21.581019433943624,252.8654935057217,1.5704772146115575,0,212.30630097380998,1.1892013393395213,0,196.84928998561708,0.5958010629073146,0,-5.351405241931159,47.75978732995724,-0.10995803203544981,1,274.28005309892114,0.11301272072099129,0,161.11718508208097,0.010576305942932789,0,49.58252876789268,-0.025248440245089043,1,334.5912063821715,0.007513702637319216,0,276.7991296720366,0.013604017072952125,0,Jupiter,Ketu,1.5,CLEAR,990.604951337943,-1.9226928306641184,0,0,-150.0,327.7922061357856,0,135.30247566897154,-0.09896222883190482,0.10171144864889216,0.6553811691980461,0.0,1.0,0,0,1,0.0,2,0.008518614
2047-12-12,260.36766446164387,1.0167203865354406,0,198.12602494453233,14.368964425198394,0,-11.88160933112606,263.8622730464267,1.5735272317652305,0,220.67412253184008,1.2011788912939363,0,201.0034802170763,0.5909968050038534,0,-6.921939385369507,47.04775590932565,-0.09287190649164673,1,275.08100198182774,0.11570693176647016,0,161.16800748207126,0.003948513944816809,0,49.41229822875752,-0.023282689637949387,1,334.6538429935783,0.010391034306684671,0,276.86418798445646,-0.02916498876111251,1,Jupiter,Ketu,1.5,CLEAR,988.6625924938596,-1.942358844083401,0,0,-310.0,327.7922061357856,0,134.33129624692978,-0.08358471584248206,0.10413623858982315,0.6500964855042388,0.0,1.0,0,0,1,0.0,2,0.008577003
2047-12-19,267.4912840200722,1.0182976579543939,0,301.73772161497766,14.17420967184836,0,-17.584205759752265,274.9167945843888,1.5855425344820824,0,229.11642889279437,1.2103907186605958,0,205.12103845834307,0.5852144007653441,0,-8.443496677083287,46.467537250733265,-0.07247978496920486,1,275.8980833146418,0.11751914682198299,0,161.17268300138787,-0.002658082781214438,1,49.2580940160698,-0.020746742663846025,1,334.7368499348413,0.013248124733895566,0,276.7605421976184,0.009588591820975797,0,Jupiter,Ketu,1.5,CLEAR,986.7200214028559,-1.9425710910037424,0,0,-214.0,327.7922061357856,0,133.36001070142802,-0.06523180647228438,0.10576723213978469,0.6437358408418786,0.0,1.0,0,0,1,0.0,3,0.008822789
2047-12-26,274.6209319905883,1.018680602360611,0,31.42737897855091,11.89013080254662,0,16.47710778817762,286.04683528558706,1.5911154674574899,0,237.614829280525,1.2175362525879108,0,209.19475229636353,0.5786718521915594,0,-9.908064184743441,46.0380123743564,-0.049939782765616454,1,276.72373827569993,0.1182688350861094,0,161.13097261125162,-0.009183820861094203,1,49.12268002620522,-0.0178411781631699,1,334.83870184636686,0.015857492585245082,0,276.7918863702507,-0.0015033948037377022,1,Jupiter,Ketu,1.5,CLEAR,984.7978835010106,-1.9221379018453035,0,0,-150.0,327.7922061357856,0,132.3989417505053,-0.04494580448905481,0.10644195157749846,0.6365390374107154,0.0,1.0,0,0,1,0.0,3,0.008822789
2048-01-02,281.7525111439082,1.0188970693202317,0,115.45948863443775,12.45621602421453,0,19.37309466565316,297.0771466920407,1.5446934773849164,0,246.15958788139102,1.2236398911154798,0,213.22153003096298,0.5717140837897781,0,-11.309635033559958,45.7711047158429,-0.026224430308789036,1,277.5515399489807,0.11811899496149485,0,161.0448266889755,-0.015407361318474375,1,49.00922598184711,-0.014549676205654968,1,334.95853090593107,0.0183172283694557,0,276.78714682430325,-0.005498087989676716,1,Jupiter,Ketu,1.5,CLEAR,982.915372065733,-1.8825114352775927,0,0,-70.0,327.7922061357856,0,131.45768603286643,-0.023601987277910134,0.10630709546534536,0.6288854921687559,0.0,1.0,0,0,1,0.0,3,0.008822789
2048-01-09,288.88571113187425,1.0191912425453613,0,208.1932146064781,14.115027400807303,0,-15.417772744355958,307.2599524766815,1.3154166017692421,0,254.7433956291679,1.2287138248400913,0,217.1965390747087,0.563820940054195,0,-12.64200625523509,45.67176149792767,-0.002078497441742289,1,278.3750292633862,0.11704926666361012,0,160.9158131558865,-0.021359909807972064,1,48.9194494555589,-0.011020636118437496,1,335.0944234961967,0.020506080844806394,0,276.708867547041,0.009201845013085633,0,Jupiter,Ketu,1.5,CLEAR,981.0888403843455,-1.8265316813874506,0,0,-70.0,327.7922061357856,0,130.5444201921727,-0.00187064769756806,0.10534433999724911,0.6202030340596146,0.0,1.0,0,0,1,0.0,3,0.008795198
2048-01-16,296.01994825450424,1.018882638342261,0,309.51536146058567,14.108597781731895,0,-15.114692612064678,314.3963535456507,0.6155295296086097,0,263.3582960210859,1.2323489591041985,0,221.11131869594453,0.5543390214524735,0,-13.898712895477255,45.74245480605566,0.02219100274576744,0,279.1881681021624,0.11504709018196671,0,160.74699680708088,-0.026837569702190804,1,48.855752345481214,-0.007194752210009972,1,335.2452931031295,0.0224988905840089,0,276.7367430069409,-0.03780790475716792,1,Jupiter,Ketu,1.5,CLEAR,979.3351684866375,-1.7536718977080454,0,0,-270.0,327.7922061357856,0,129.6675842433188,0.019971902471190694,0.10354238116377004,0.6097729235977208,0.0,1.0,0,0,1,0.0,2,0.008856538
2048-01-23,303.1469933196018,1.0173080560223156,0,39.54457093307498,11.895707434263855,0,18.83532379736033,314.409658415473,-0.655357399160181,1,271.9933618655359,1.234727878889765,0,224.95406864034038,0.543448091845908,0,-15.07412107132158,45.980945896766116,0.045820854324965035,0,279.983286064586,0.11200886465338789,0,160.54155541195962,-0.0317038318061377,1,48.819075559336504,-0.003228258341166313,1,335.4086288421871,0.024155715191963696,0,276.4759112163003,0.016876275535724423,0,Jupiter,Ketu,1.5,CLEAR,977.6715789895011,-1.6635894971363996,0,0,-238.0,327.7922061357856,0,128.8357894947505,0.04123876889246853,0.1008079781880491,0.5977929010304989,0.0,1.0,0,0,1,0.0,2,0.009233234
2048-01-30,310.2614042081048,1.0153451559064604,0,124.23172320397192,12.77085786440773,0,16.84103410025003,306.83769895798264,-1.240840667972152,1,280.64355728167635,1.2366888418932096,0,228.71704978494483,0.5314517347099853,0,-16.165063157758055,46.38118121903583,0.06828146741776885,0,280.7542295505313,0.10808820488327281,0,160.30486894458974,-0.03582530362971523,1,48.81073157353149,0.000819970100653252,0,335.58280207457034,0.025528576656130137,0,276.519800329059,-0.05909735120941296,1,Jupiter,Ketu,1.5,CLEAR,976.1130040460005,-1.5585749435006164,0,0,-366.0,327.7922061357856,0,128.05650202300018,0.06145332067599196,0.09727938439494553,0.5845969081809839,0.0,1.0,0,0,1,0.0,1,0.009427415
2048-02-06,317.362378822869,1.013589481830965,0,219.03759656903878,14.066484309201059,0,-18.612552078247628,300.4701471314806,-0.46034259658207705,1,289.306592810774,1.2384541698327791,0,232.39048696119247,0.5177698616748007,0,-17.16885104608152,46.933668100013854,0.08939826682076113,0,281.4944627305884,0.10330332115746493,0,160.04167695145512,-0.03919980300496411,1,48.83048658986193,0.004866956228995325,0,335.76520054521,0.026577795525352072,0,275.9482422560704,-0.01654371699523419,1,Jupiter,Ketu,1.5,CLEAR,974.672047718547,-1.4409563274534776,0,0,-174.0,327.7922061357856,0,127.33602385927352,0.08045844013868501,0.09297298904171844,0.5695468478422808,0.0,1.0,0,0,1,0.0,1,0.010814378
2048-02-13,324.45105060828394,1.0115283951074014,0,317.8094938922839,13.798711654069747,0,-12.220564676019478,300.41099226552177,0.3862562234525336,0,297.9803531798643,1.2395413143365528,0,235.95930446383426,0.5013378554418033,0,-18.08333935472907,47.629797439110156,0.1092142297199138,0,282.198300850342,0.0975771912427244,0,159.75805931912248,-0.041729367407068826,1,48.8788645756233,0.008896914841342632,0,335.95421019521405,0.027317609639118685,0,275.84892427948387,-0.11028672932615068,1,Jupiter,Ketu,1.5,CLEAR,973.3611274505627,-1.3109202679843293,0,0,10.0,327.7922061357856,0,126.68056372528133,0.09829280674792243,0.08781947211845197,0.5514716409859837,0.0,1.0,0,0,1,0.0,1,0.24635823
2048-02-20,331.52114697768985,1.0083755982518208,0,47.35461296775816,11.904328807133654,0,20.634692129109748,305.0478107064904,0.8899738348589838,0,306.65823642443155,1.2397942548444538,0,239.40300946434667,0.482205589659015,0,-18.907959258848237,48.45906669693171,0.12746227223909623,0,282.8584473746907,0.0909254869466724,0,159.45988056556718,-0.043262079579224046,1,48.954912140509705,0.012839672319343371,0,336.14689170703775,0.02771072406682334,0,274.97451787323206,-0.03375804092941809,1,Jupiter,Ketu,1.5,CLEAR,972.1929295316381,-1.168197918924534,0,0,10.0,327.7922061357856,0,126.09646476581901,0.1147160450151866,0.08183293825200516,0.5304261486249165,0.0,1.0,0,0,1,0.0,1,0.23476426
2048-02-27,338.56716313764645,1.0047290268498485,0,132.43955998062114,13.016663356649353,0,14.091910861950963,312.3782285439972,1.1805264749008946,0,315.3368289571673,1.2397681763056771,0,242.70425365847265,0.46051991530392744,0,-19.645149955127504,49.410074055639356,0.14393302543973188,0,283.4693205337167,0.08345477983524653,0,159.15462093288608,-0.043824637928293275,1,49.058120857008724,0.016583795400502085,0,336.3413244271332,0.027757747840295974,0,274.82777829800784,-0.11128149557125286,1,Jupiter,Ketu,1.5,CLEAR,971.8815070438452,-0.3114224877929246,0,0,-30.0,327.7922061357856,0,125.58880032329202,0.12953972289575869,0.07510930185172188,0.5065719068343202,0.0,1.0,0,0,1,0.0,1,0.23364279
2048-03-05,345.5883183029805,1.001461338731235,0,229.9309678070263,14.260511995775738,0,-21.0917423351717,321.35029820453775,1.3727543289299873,0,324.0154030053381,1.2398915963984507,0,245.84258688659588,0.4354844530909717,0,-20.298595770892312,50.47034906394943,0.1588020248911564,0,284.0251528154908,0.07527536046247292,0,158.84851648852023,-0.04343720092426837,1,49.186607984377076,0.020136824044918587,0,336.53476490850267,0.027505019961779936,0,273.7847065646437,-0.06325986511753517,1,Jupiter,Ketu,1.5,CLEAR,972.8903924969172,1.0088854530720255,0,0,-130.0,327.7922061357856,0,125.16145516888628,0.14292182240204077,0.06774782441622564,0.4790328984000689,0.0,1.0,0,0,1,0.0,1,0.19823034
2048-03-12,352.58784572795463,0.9982714931256723,0,326.9962357844925,13.380316559470895,0,-8.710770097262282,331.50681449307325,1.5255283742628545,0,332.6946099135647,1.2397345585651414,0,248.7888261935107,0.40532628800983606,0,-20.87348677372429,51.62989320075535,0.17221612899569064,0,284.5211234988657,0.06625205272140872,0,158.54849495277506,-0.04216312901384809,1,49.33935243707917,0.0234211328227639,0,336.7255171804838,0.026896849380839766,0,273.4787902466889,-0.15907012000230716,1,Jupiter,Ketu,1.5,CLEAR,974.2175394037793,1.3271469068620263,0,0,158.0,327.7922061357856,0,124.81822893821351,0.15499451609612158,0.05962684744926785,0.4458589168108197,0.0,1.0,0,0,1,0.0,1,0.20548254
2048-03-19,359.5623529843308,0.994332563158568,0,55.224605359818916,11.882074094067502,0,22.00590150081462,342.6867910155355,1.668859593394725,0,341.3703460339573,1.2389840898082762,0,251.50477244895623,0.3698128906232991,0,-21.37724341541898,52.87802488581234,0.1841506666222035,0,284.95118289104,0.0565422498066985,0,158.2607285400216,-0.03987333433214465,1,49.51406612167928,0.026469635084478818,0,336.9107565851924,0.026001195437700426,0,272.1746026656303,-0.08371348800457735,1,Jupiter,Ketu,1.5,CLEAR,975.8536839895446,1.6361445857653507,0,0,98.0,327.7922061357856,0,124.56288323063927,0.16573559995998316,0.05088802482602865,0.40679417968562903,0.0,1.0,0,0,1,0.0,1,0.3073765
2048-03-26,6.507300677781072,0.9898953124871134,0,140.32185755576307,13.119137929543701,0,11.135036398928184,354.88589776564675,1.8181662332383877,0,350.0395904402101,1.2379056377064588,0,253.95341212908042,0.3288062021895926,0,-21.820270866914093,54.2041503010662,0.19446009860729618,0,285.3112700145874,0.04623280575662303,0,157.99211711840874,-0.036769437682152004,1,49.708970251169305,0.029129882812628835,0,337.088700301106,0.024763221594134792,0,271.9157381098388,-0.11411753831789552,1,Jupiter,Ketu,1.5,CLEAR,977.7857605729578,1.9320765834131635,0,0,-30.0,327.7922061357856,0,124.3977002365819,0.17501408874656657,0.04160952518096073,0.3616868224085519,0.0,1.0,0,0,1,0.0,1,0.306138
2048-04-02,13.422156603938475,0.9859731375458168,0,240.17511914809586,14.618519856863138,0,-22.69668520832332,8.155136554743427,1.9721973655643739,0,358.7017197892868,1.2370972620679075,0,256.0928101181841,0.281169416867948,0,-22.214064927571336,55.597381956571,0.20344787148354337,0,285.59759839343803,0.0355481587678725,0,157.74776332895473,-0.03289222626416116,1,49.92122192455357,0.03150166492296711,0,337.25695336222907,0.02330895390386389,0,270.8159313201091,-0.07033680036340915,1,Jupiter,Ketu,1.5,CLEAR,979.9995671262659,2.2138065533081317,0,0,-30.0,327.7922061357856,0,124.32362353111554,0.18310308433518904,0.03199334289108525,0.30928635855474285,0.0,1.0,0,0,1,0.0,1,0.048982274
2048-04-09,20.312038628613884,0.9825240849626937,0,336.84919782150615,13.01730418995552,0,-4.700571090426292,22.412481947859696,2.087213737124572,0,7.358908937867951,1.2363093883206195,0,257.86783444348174,0.22433562094183385,0,-22.571290305286755,57.049453025207974,0.21120607421744858,0,285.80751302081404,0.02432780021229171,0,157.53280170321125,-0.028443756265201722,1,50.148867342095855,0.03345155068830676,0,337.41410642365076,0.02151463930681737,0,270.5317938624141,-0.14201343781889306,1,Jupiter,Ketu,1.5,CLEAR,982.483880008788,2.48431288252209,0,0,-30.0,327.7922061357856,0,124.34135432128181,0.19008546679570373,0.02189502019106254,0.24676918303601725,0.0,1.0,0,0,1,0.0,1,0.07289354
2048-04-16,27.17671777405351,0.9787277136705527,0,63.44031860292414,11.832126674385632,0,23.022303784662583,37.00982734623299,2.044953028566348,0,16.009388007558364,1.2352024786205635,0,259.21228808535795,0.15837192494825875,0,-22.904966483016977,58.55168183904764,0.21780121634522384,0,285.9378245445387,0.012896330218817116,0,157.35133614155689,-0.02329373343649641,1,50.388990807924785,0.03510520023954164,0,337.55789023149185,0.019541642425739556,0,269.36048067248265,-0.07600606615065342,1,Jupiter,Ketu,1.5,CLEAR,984.814606409148,2.3307264003600494,0,0,166.0,327.7922061357856,0,124.45116626338606,0.19602109471070145,0.011606697196935405,0.17420911744308465,0.0,1.0,0,0,1,0.0,1,0.074629836
2048-04-23,34.01312226990796,0.9744907600655086,0,148.35635538744012,13.09250139933422,0,7.915773474776836,50.42879336981875,1.7481833076013515,0,24.650937742740613,1.2337774814722282,0,260.06575162874867,0.0841646976754826,0,-23.226964625457597,60.0954419539763,0.2230436946099219,0,285.9877598899561,0.0013616028370356508,0,157.20752899332257,-0.01775622682035961,1,50.6391502814203,0.03627604933500527,0,337.68699035744766,0.017285607356029766,0,269.24876941640235,-0.06428039714785908,1,Jupiter,Ketu,1.5,CLEAR,987.2564413997902,2.441834990642178,0,0,66.0,327.7922061357856,0,124.65139039146419,0.20073932514892973,0.0012254425533320859,0.09258116744303087,0.0,1.0,0,0,1,0.0,1,0.06876225
2048-04-30,40.820950527536375,0.9708175670827915,0,249.4561751816525,14.98534600192458,0,-23.528147165071935,61.066624058890774,1.2723380156046091,0,33.2831250743596,1.2326924211219723,0,260.3733830456031,0.0024896701750323174,0,-23.544351735462087,61.67197386660231,0.22727352135920456,0,285.9575355400792,-0.009926875989347135,1,157.10367926886224,-0.011839338379523537,1,50.89619838931756,0.03714167615963923,0,337.7997522709388,0.01494128656103909,0,268.5257191797447,-0.04207728338282586,1,Jupiter,Ketu,1.5,CLEAR,990.036730648893,2.7802892491027933,0,0,-8.0,327.7922061357856,0,124.93866284923834,0.2045461692232841,-0.008934188390412422,0.0027386371925355495,0.10435173546208532,1.0,0,0,1,0.0,2,0.0662544
2048-05-07,47.606464617026894,0.9679497059371037,0,346.8320869733885,12.79869574984302,0,-0.5316140606669718,68.06478214729339,0.7179368245131442,0,41.90925354281385,1.2319181810031878,0,260.08363347297455,-0.08603647409332754,1,-23.857602458083058,63.274743299830746,0.23048983535963666,0,285.8487422588752,-0.021122604762740062,1,157.04181938332516,-0.005810155682542525,1,51.15779328903458,0.03752231272226335,0,337.89534125057963,0.012324529455152751,0,268.4605941105945,-0.07343491381313011,1,Jupiter,Venus,0.0,CLEAR,993.1449583474023,3.1082276985092676,0,0,-308.0,327.7922061357856,0,125.3090510301594,0.207440851823673,-0.019010344286466058,-0.09464012150266031,0.4176024580830564,1.0,0,0,1,0.0,2,0.063819654
2048-05-14,54.372383724324365,0.965115885790635,0,72.04749363547408,11.789305380056259,0,23.636631972549313,71.02906776487565,0.12813518629799067,0,50.53006027856261,1.2311367307338388,0,259.1694371749743,-0.17428769888216178,1,-24.157083122383497,64.89681663273291,0.23278478792410198,0,285.6632992922547,-0.031744522872014715,1,157.02315871616565,0.0005050580040160884,0,51.42085815070776,0.037604365108931045,0,337.9723712593378,0.00966925788152944,0,267.82676835625665,-0.03375357663210993,1,Jupiter,Venus,0.0,CLEAR,996.5686095946121,3.4236512472098184,0,0,-180.0,327.7922061357856,0,125.75755885845308,0.2095063091316918,-0.028570070584813242,-0.19171646877037798,0.7170831223834959,1.0,0,0,1,0.0,1,0.060245503
2048-05-21,61.117137144959294,0.9619192711800042,0,156.96298055819102,13.02290736681831,0,4.396332039106262,70.03071190493893,-0.38173820171608014,1,59.14445148519956,1.230086131624002,0,257.6681184671152,-0.25199854777495745,1,-24.42281562881869,66.53090960530959,0.23390624602698334,0,285.40590018994084,-0.041659112369220326,1,157.0486709982135,0.0067583133081963965,0,51.682889934895165,0.03717687718861823,0,338.0302445377381,0.006835532493699907,0,267.9017182874352,-0.013156453750936157,1,Jupiter,Venus,0.0,CLEAR,1000.2868717516885,3.718262157076424,0,0,180.0,327.7922061357856,0,126.27698974495434,0.210515621424285,-0.037493201132298294,-0.2771984025524532,0.9828156288186882,1.0,0,0,1,0.0,1,0.035672285
2048-05-28,67.840505172487,0.9592411270855928,0,257.9657178004275,15.192857125093886,0,-23.772597822695282,66.45855666131122,-0.5642417034875493,1,67.75202071338164,1.229496419487923,0,255.69033984697177,-0.3089621644239909,1,-24.628867826780755,68.16968304355947,0.23410377523789647,0,285.08281578690594,-0.05044750338217543,1,157.11786697666093,0.01301335836912223,0,51.940806512492784,0.036481104119499494,0,338.06833925064177,0.004070057166267371,0,267.6526807349988,-0.010823641073800157,1,Jupiter,Venus,0.0,CLEAR,1004.2727899653453,3.9859182136567597,0,0,380.0,327.7922061357856,0,126.85799072558683,0.21069339771410683,-0.04540275304395788,-0.33985838086639,1.1888678267807542,1.0,0,0,1,0.0,1,0.035494085
2048-06-04,74.54892170256893,0.9575794003948821,0,356.4520036391038,12.730881752637943,0,3.4345519023453863,63.196873202670986,-0.304135506911942,1,76.35627199098379,1.2290403461369075,0,253.4082750711461,-0.3374760310481975,1,-24.7543923539908,69.80722921221592,0.2335700615644065,0,284.7015438894258,-0.05828927757351214,1,157.22996958659223,0.018997403208087564,0,52.19224015703651,0.035297609131737503,0,338.08661171750776,0.0011447288862553226,0,267.70731626674234,-0.01760003659692205,1,Jupiter,Venus,0.0,CLEAR,1008.4980863837493,4.225296418404014,0,0,84.0,327.7922061357856,0,127.4906962676107,0.21021305540796584,-0.05246034981616093,-0.3712236341530173,1.3143923539907973,1.0,0,0,1,0.0,1,0.034869555
2048-06-11,81.2475170489873,0.9562783531499494,0,80.8718141721725,11.789559096209382,0,23.73783986816491,62.754933813785335,0.1942407760469493,0,84.95925739572962,1.2289257681893864,0,251.05363124574654,-0.32870612074777833,1,-24.79420918840911,71.43770653154131,0.2321077430486308,0,284.2703460429033,-0.06465664699812908,1,157.38386796471204,0.024935550235290076,0,52.43450790636168,0.0338566646981124,0,338.08479596081526,-0.0016616093450245218,1,267.58829395477875,-0.00275268643798622,1,Jupiter,Venus,0.0,CLEAR,1012.9328649850697,4.434778601320431,0,0,40.0,327.7922061357856,0,128.16416186345836,0.20889696874376773,-0.05819098229831617,-0.3615767328225562,1.3542091884091079,1.0,0,0,1,0.0,2,0.03429357
2048-06-18,87.93601759692112,0.9546841852876088,0,166.3080316850771,13.008278426924164,0,0.6106489190661368,65.93446867136977,0.7067679034486606,0,93.56037102197247,1.2284849816014378,0,248.89468219613914,-0.28240853624320555,1,-24.76788638227622,73.05398913690613,0.22950668865216703,0,283.79986556115,-0.06948684777511559,1,157.5780939273645,0.030491457386349886,0,52.66504843992442,0.03194295864522627,0,338.0631879474894,-0.0045070559603445125,1,267.61304740445934,-0.005660244321722333,1,Jupiter,Venus,0.0,CLEAR,1017.5380591112623,4.6051941261926,0,0,-60.0,327.7922061357856,0,128.86518287877442,0.20655601978695032,-0.06253816299760404,-0.31064938986752616,1.327886382276219,1.0,0,0,1,0.0,2,0.03360882
2048-06-25,94.61407735692107,0.9534869138350753,0,266.26288902359903,15.144145088093643,0,-23.507003921753963,72.52173810070113,1.1669079541774996,0,102.1582711725574,1.228107440181847,0,247.16624358557814,-0.20790703421600845,1,-24.714384377371655,74.64903406360928,0.22609593686208138,0,283.3020319697995,-0.07245284130681878,1,157.8102837882548,0.03579512783832987,0,52.881368158597,0.029825841348364066,0,338.0223859376221,-0.007116369063953963,1,267.63559974326404,0.0006841158273741391,0,Jupiter,Venus,0.0,CLEAR,1022.269799888885,4.73174077762269,0,0,220.0,327.7922061357856,0,129.57933618879753,0.20348634317587325,-0.06520755717613691,-0.2286977376376093,1.2743843773716534,1.0,0,0,1,0.0,2,0.04908304
2048-07-02,101.28738765498466,0.9533678034306643,0,5.445314121125548,12.763089806645336,0,6.9661634015935086,82.17692763498533,1.5856171567798856,0,110.75448410282833,1.2280375146554776,0,246.01882480084723,-0.11802980514904135,1,-24.677283867065608,76.21690705158427,0.22173319456937823,0,282.7888240902038,-0.07387533937528036,1,158.07779415472146,0.04059588105478184,0,53.08135037153989,0.027277363804537907,0,337.96325650967674,-0.009741946021993906,1,267.5412712259811,-0.013838922026048008,1,Jupiter,Venus,0.0,CLEAR,1026.856165922761,4.586366033875947,0,0,220.0,327.7922061357856,0,130.2925262813361,0.19955987511244042,-0.06648780543775233,-0.1298327856639455,1.2372838670656066,1.0,0,0,1,0.0,2,0.0543409
2048-07-09,107.96273085937348,0.9538689787959189,0,89.64480154611441,11.841941184720044,0,23.24742330346386,94.5881613965256,1.943665508732988,0,119.3513332322345,1.2281594399891667,0,245.53229651250874,-0.020359617290111445,1,-24.691284951349182,77.75126543162548,0.21645706774732168,0,282.2724179638421,-0.07336268771555926,1,158.3781565003629,0.04514311418679777,0,53.26292226535151,0.02454023963753838,0,337.88676131067746,-0.012092181272895611,1,267.63864781491867,-0.0026814617892646562,1,Jupiter,Venus,0.0,CLEAR,1030.9576949355667,4.101529012805713,0,0,220.0,327.7922061357856,0,130.99050430150942,0.19481136097258953,-0.06602641894400334,-0.02239557901912259,1.2512849513491808,1.0,0,0,1,0.0,2,0.0543409
2048-07-16,114.64087415905723,0.954129065286267,0,176.27465743426495,13.118949680166752,0,-3.3181399837323684,108.99116004296097,2.132766689578973,0,127.9475017586002,1.2278040527914504,0,245.73315801435723,0.07710601425726578,0,-24.77693665834354,79.24428238356262,0.20992682495075612,0,281.7658682835524,-0.07105215378608115,1,158.70840221187805,0.04912906824567496,0,53.4239258995781,0.021417798873424345,0,337.7941409785201,-0.014328403837587775,1,267.31144927959645,-0.0500866035994729,1,Jupiter,Venus,0.0,CLEAR,1034.9568282000205,3.9991332644538033,0,0,316.0,327.7922061357856,0,131.65805761602573,0.18893414245568052,-0.06394693840747304,0.08481661568299237,1.3369366583435394,1.0,0,0,1,0.0,2,0.06504162
2048-07-23,121.32109590582361,0.9545995610523891,0,274.9681377400883,14.86268662716682,0,-22.64441003990808,123.89395402226152,2.0925520038709697,0,136.53999848146543,1.2271576444581973,0,246.59556594231722,0.16765458160045876,0,-24.937032021844452,80.68817395923153,0.20244691656526953,0,281.28226875399605,-0.06685175667045377,1,159.0651827683481,0.052717195434109625,0,53.562693364776905,0.01819496598839571,0,337.68722023841735,-0.01617717003278441,1,267.31752185061873,-0.012425556458936303,1,Jupiter,Venus,0.0,CLEAR,1038.811810410471,3.854982210450544,0,0,220.0,327.7922061357856,0,132.28042461078087,0.18220222490874258,-0.060166581003408395,0.18442003976050467,1.4970320218444506,1.0,0,0,1,0.0,2,0.059664316
2048-07-30,128.00760718192544,0.9560635112438276,0,13.8268989008278,12.813697253779807,0,10.015285176297281,137.99855713851417,1.9276089670405419,0,145.12765549757856,1.2265414499009082,0,248.0556093826672,0.2479569996995552,0,-25.15957805943982,82.07575204935284,0.19384815551598944,0,280.8329069198369,-0.06126548761280044,1,159.4447891419827,0.05569339381615417,0,53.67770634302779,0.01466237483527567,0,337.5677116954721,-0.017896212471963567,1,266.8138788306239,-0.061164437509193266,1,Jupiter,Venus,0.0,CLEAR,1042.4856902590318,3.673879848560773,0,0,280.0,327.7922061357856,0,132.84479942319092,0.1744633399643905,-0.0551389388515204,0.27275269966951077,1.7195780594398187,1.0,0,0,1,0.0,2,0.05829453
2048-08-06,134.70790561390396,0.958321140032,0,98.1350363216146,11.923956216982226,0,22.170772724720514,150.8333944061426,1.739727761503859,0,153.71207129107867,1.226096543094385,0,250.04749937278046,0.31977696848624493,0,-25.42335969735789,83.39944467943843,0.18410624726472696,0,280.4283181883492,-0.054106991227572517,1,159.84410379667267,0.058293361655129404,0,53.76786643166684,0.01105320110817843,0,337.4376864267819,-0.0192165216997851,1,266.80825871768934,-0.02699906586514674,1,Jupiter,Venus,0.0,CLEAR,1045.9422529821784,3.4565627231465896,0,0,60.0,327.7922061357856,0,133.33954824331767,0.16569562253825426,-0.04869629210481526,0.35175466533486943,1.983359697357887,1.0,0,0,1,0.0,2,0.057704657
2048-08-13,141.42353131645658,0.9603763790375971,0,186.51473718061723,13.382984018607475,0,-7.18673177425456,162.36997824027887,1.5573231110294234,0,162.29170310667143,1.2251294028253201,0,252.51316462658357,0.3833098422184119,0,-25.7028649183479,84.64967030087865,0.1728781190047174,0,280.07828496678474,-0.045684046806422185,1,160.25930253656045,0.060247198268354264,0,53.83182377830045,0.007214143465474933,0,337.2991504245833,-0.020292361470122394,1,265.9806189784012,-0.12066582328580173,1,Jupiter,Venus,0.0,CLEAR,1049.1427706681877,3.2005176860093343,0,0,-160.0,327.7922061357856,0,133.7535388115157,0.15559030710424565,-0.04111564212577997,0.42164082644025314,2.2628649183478977,1.0,0,0,1,0.0,2,0.054358236
2048-08-20,148.15313059316605,0.9623902630156775,0,284.47495138334773,14.465717882952775,0,-21.021666622076097,172.63058316916897,1.3720992609249816,0,170.86270134593025,1.223622123721817,0,255.39350630580893,0.43808460677222216,0,-25.96944801504804,85.81708773768037,0.16044673108584281,0,279.7916323782027,-0.03609470279955986,1,160.6865839602506,0.06171512409649192,0,53.86914531848501,0.0034256633339098948,0,337.1548753809744,-0.02088731489456527,1,265.77411815262263,-0.03960697787627024,1,Jupiter,Venus,0.0,CLEAR,1052.0509107189553,2.9081400507675426,0,0,24.0,327.7922061357856,0,134.07751294028233,0.14440205797725852,-0.03248523251960388,0.48189306744944443,2.5294480150480396,1.0,0,0,1,0.0,2,0.026829999
2048-08-27,154.89884429980634,0.9651886471037718,0,21.84758506429919,12.802595684306773,0,12.685781962515053,181.5137907470225,1.1581804537503557,0,179.42189094005494,1.2219422822912502,0,258.62624412512093,0.48443217268331173,0,-26.19407701870515,86.89266212868614,0.14666965894152206,0,279.57420269717267,-0.025883973659055048,1,161.121643893698,0.06253771657391954,0,53.87935365055046,-0.0004743122482161388,1,337.0070806083694,-0.021246598691136306,1,264.8092497832762,-0.1279879561191631,1,Jupiter,Venus,0.0,CLEAR,1054.636918863027,2.586008144071684,0,0,60.0,327.7922061357856,0,134.3051509533778,0.13200269304736986,-0.023295576293149545,0.532875389951643,2.75407701870515,1.0,0,0,1,0.0,3,0.03391816
2048-09-03,161.66784510196152,0.968837205403783,0,106.25123338676997,11.992719840180504,0,20.58628796849839,188.67149830472226,0.8686386120014513,0,187.97057055029737,1.2205088938553241,0,262.16259541662714,0.5251003226206973,0,-26.348647518308955,87.86717622461757,0.13147343421347818,0,279.4309626904837,-0.014968938557924123,1,161.56103046962136,0.06270514219889202,0,53.86276117753304,-0.004282844574053932,1,336.8585192216695,-0.02115840494310281,1,264.5706452862264,-0.04659765486611991,1,Jupiter,Venus,0.0,CLEAR,1056.8724270682678,2.235508205240876,0,0,140.0,327.7922061357856,0,134.43179848704935,0.11832609079213037,-0.013472044702131711,0.577610354882767,2.9086475183089533,1.0,0,0,1,0.0,3,0.033397567
2048-09-10,168.46210247119836,0.9723158303087697,0,196.54058704881714,13.77596618928306,0,-10.758051368590838,193.30973207787756,0.42162584983990103,0,196.50814158562173,1.218723494924956,0,265.9664319865542,0.5609432198990518,0,-26.40739809117766,88.72925475485965,0.11459146285827232,0,279.3654871744957,-0.0036596396587139676,1,162.0005277614517,0.06258841520998835,0,53.819307351395125,-0.008091617472463966,1,336.7114929848497,-0.020761465070288317,1,263.4267184104217,-0.16737619253552047,1,Jupiter,Venus,0.0,CLEAR,1058.727535160728,1.8551080924601138,0,0,40.0,327.7922061357856,0,134.45382017689946,0.10313231657244509,-0.003293675692842571,0.6170375418889571,2.9673980911776603,1.0,0,0,1,0.0,3,0.01899922
2048-09-17,175.27943937340663,0.9754397337259278,0,294.80320056950063,14.098688949410148,0,-18.550389259632745,193.98442181515622,-0.27135028690032004,1,205.03124244873968,1.2162927126392413,0,270.0041080010526,0.5917211555648335,0,-26.347182850853304,89.46844225500011,0.0963558956195528,0,279.3804500198512,0.00789534764389354,0,162.4361099752127,0.06172718952796007,0,53.75021504232945,-0.011649568414593773,1,336.56913002572924,-0.019888493970315658,1,263.07151537757426,-0.05440302390562377,1,Jupiter,Venus,0.0,CLEAR,1060.1759844702979,1.4484493095699236,0,0,50.0,327.7922061357856,0,134.36976502247825,0.08672030605759752,0.007105812879504186,0.6508932711213169,2.907182850853303,1.0,0,0,1,0.0,2,0.019070715
2048-09-24,182.1194213201492,0.9790389482359904,0,29.876377502189495,12.683552447753625,0,15.135116579719423,189.32378517619753,-1.009998042443878,1,213.53536169554494,1.213518463147104,0,274.2386053580229,0.6175020010967592,0,-26.149058027832027,90.07505216925117,0.07677756753450035,0,279.475503511425,0.019278705495194053,0,162.86315451993892,0.06023492233401921,0,53.65647860032919,-0.015054988426320552,1,336.43355613091654,-0.018753881362905754,1,261.928948402891,-0.15598816953924846,1,Jupiter,Venus,0.0,CLEAR,1061.1990973156524,1.0231128453544898,0,0,50.0,327.7922061357856,0,134.18097508890418,0.06909981078105032,0.01735083494567465,0.6792522012064353,2.7090580278320253,1.0,0,0,1,0.0,2,0.005517648
2048-10-01,188.98787377696053,0.9834045137086366,0,114.1140005727018,12.013018476628654,0,18.595702530221864,181.94755827692055,-0.8740727028476687,1,222.02113820865046,1.210975368097579,0,278.6420037137399,0.6401474532156296,0,-25.797285042181162,90.54016069657786,0.055849745242918365,0,279.6501561584012,0.03056671069448706,0,163.2782392957937,0.058236992842230786,0,53.54015168767005,-0.018161056872419284,1,336.3075183027023,-0.017228194094667963,1,261.6280588523071,-0.02795452015317159,1,Jupiter,Venus,1.0,CLEAR,1061.7800090763533,0.5809117607009284,0,0,-86.0,327.7922061357856,0,133.88999552926884,0.05026477071862653,0.027510039625038354,0.7041621985371926,2.357285042181161,1.0,0,0,1,0.0,2,0.0051793517
2048-10-08,195.88672611480828,0.9876264845931061,0,205.875090633642,14.208187166808948,0,-13.84495953990641,179.56764416315443,0.2600672820009258,0,230.48847480898297,1.2082055872004724,0,283.19481867930176,0.6602713090376855,0,-25.27982591237263,90.85372134967022,0.03358148400037206,0,279.9026957279409,0.041561408476535076,0,163.676874907856,0.055583188529678966,0,53.40278309966969,-0.02099629936243934,1,336.1929490710979,-0.015423171743190746,1,260.64381228279166,-0.15112005559290229,1,Jupiter,Venus,1.0,CLEAR,1061.9020512434586,0.12204216710529181,0,0,10.0,327.7922061357856,0,133.5000873717288,0.030223335600334852,0.03740526762888157,0.7262984399414542,1.8398259123726284,1.0,0,0,1,0.0,2,0.0064230585
2048-10-15,202.8129508103876,0.991152137262562,0,305.59824722299214,13.881958610076971,0,-15.344394254168874,185.04415806097242,1.20671921655743,0,238.93392749723992,1.2045327541014645,0,287.87905136919966,0.6774460551485306,0,-24.589079035944525,91.00866757721826,0.010564981159195656,0,280.23112527394335,0.05212533616335881,0,164.05518714937253,0.052362573907833505,0,53.247396695474805,-0.023372727915069755,1,336.0925801843291,-0.01325914469665758,1,260.3912310743204,-0.02560813850271737,1,Jupiter,Venus,0.0,CLEAR,1061.5550846065498,-0.3469666369087463,0,0,10.0,327.7922061357856,0,133.01627142153146,0.009508483043276091,0.04691280254702293,0.7451906606633838,1.1490790359445242,1.0,0,0,1,0.0,2,0.0061489027
2048-10-22,209.76318225330172,0.9947668407278457,0,38.2321364750008,12.466909867531987,0,17.449524640462812,195.1014026302281,1.5903182430398757,0,247.34986497386143,1.1999809023350225,0,292.67144476931384,0.6914129020000638,0,-23.723249926847593,91.00087198625074,-0.012786992871376577,1,280.63087604844264,0.06202343159547421,0,164.40866700729177,0.04858724528495162,0,53.076536527470864,-0.02533130289287799,1,336.0077696503406,-0.010900363668117396,1,259.5406511685739,-0.11596299075839892,1,Jupiter,Venus,0.0,CLEAR,1060.7399918756162,-0.8150927309336566,0,0,88.0,327.7922061357856,0,132.44566047902822,-0.01150829358423892,0.055821088435926786,0.7605541922000703,0.2832499268475921,1.0,0,0,1,0.0,3,0.007717091
2048-10-29,216.74107084353395,0.998936176582133,0,122.03172091276573,11.991829552517679,0,16.27167961998469,206.60409235466838,1.6672785501234548,0,255.7329421634233,1.1950911605548205,0,297.5543256034457,0.703408849552793,0,-22.683696042327398,90.82952140753939,-0.036168384044779595,1,281.0980719503507,0.07133224988303478,0,164.7342487572167,0.04432092369485844,0,52.89384603418077,-0.026813608970405623,1,335.9405312691581,-0.008307399062057942,1,259.4154659512112,0.01624304790847432,0,Jupiter,Venus,0.0,CLEAR,1059.4628989143775,-1.2770929612386226,0,0,168.0,327.7922061357856,0,131.79577408383008,-0.03255154564030164,0.06419902489473131,0.7737497345080724,0.0,1.0,0,0,1,0.0,3,0.009073656
2048-11-05,223.74801983072282,1.0029820857428922,0,214.3126339360458,14.52315415304542,0,-16.393248461917125,218.2226449135775,1.645262552875054,0,264.07958997829155,1.1895272657869824,0,302.5158906157084,0.7139866555088921,0,-21.474548070198455,90.49567100604663,-0.05901700541121116,1,281.6279463450025,0.07997924755768303,0,165.02782937286065,0.039505138900741546,0,52.70224518025122,-0.027802556150308428,1,335.8918186426784,-0.005548780874536975,1,258.9548065144447,-0.08090594423277273,1,Jupiter,Venus,0.0,CLEAR,1057.7354493220882,-1.7274495922893038,0,0,0.0,327.7922061357856,0,131.07429883524873,-0.053115304870090044,0.07198132280191473,0.7853853210597813,0.0,1.0,0,0,1,0.0,3,0.00993639
2048-11-12,230.78038733080606,1.0060357589269875,0,316.24936618919406,13.880316633452034,0,-11.743861023792958,229.60015916319014,1.605448722214691,0,272.38218271639226,1.182175166506783,0,307.5459623708463,0.7227151457100882,0,-20.103394424502145,90.00706128169084,-0.0802803830946326,1,282.2159736561175,0.08782209584531844,0,165.28622897214393,0.03419636799212594,0,52.50604565730954,-0.028210610086757352,1,335.86333115063826,-0.0026326365022054394,1,258.8956656320174,0.011902350406815065,0,Jupiter,Venus,0.0,CLEAR,1055.5821752511465,-2.153274070941734,0,0,-200.0,327.7922061357856,0,130.29007200119202,-0.07225234478516934,0.0790398862607866,0.7949866602810971,0.0,1.0,0,0,1,0.0,3,0.009717617
2048-11-19,237.83191576077797,1.0087538815392818,0,47.01758279201574,12.21405657479248,0,19.555276210909298,240.71836735900703,1.5732483546547993,0,280.62459790037695,1.1724813230406037,0,312.6285944561287,0.7291865253961297,0,-18.58263610760953,89.37761261857409,-0.09907406341808891,1,282.85546629024884,0.09478267458930109,0,165.5058254250569,0.02852389144520596,0,52.308712795060174,-0.028045299536604458,1,335.8551881885967,0.0003443790271789451,0,258.5928058373814,-0.04300460511113035,1,Jupiter,Venus,0.0,CLEAR,1053.0442926566502,-2.5378825944962955,0,0,-168.0,327.7922061357856,0,129.45324650481132,-0.08916665707628002,0.08530440713037099,0.8021051779357428,0.0,1.0,0,0,1,0.0,2,0.0098222615
2048-11-26,244.90364465461772,1.0117466750395057,0,130.3400720971274,11.982610183422132,0,13.636480266649414,251.6559959417787,1.5537439124515742,0,288.79216731959946,1.1607349586602755,0,317.75131748179257,0.7342510424137784,0,-16.925910531979802,88.62696358301524,-0.11486104799471016,1,283.5409513209555,0.10090944347608795,0,165.68470881651297,0.02250419856274298,0,52.11457074857492,-0.02736150271071971,1,335.86818410237044,0.003342185351510624,0,258.6108685696129,0.024951675957903888,0,Jupiter,Venus,0.0,CLEAR,1050.1720245241195,-2.872268132530735,0,0,-219.0,327.7922061357856,0,128.5736194276194,-0.10337494319523914,0.09081849912847915,0.8076761466551563,0.0,1.0,0,0,1,0.0,2,0.009875799
2048-12-03,251.99621280488,1.0146479048057537,0,222.1953016908879,14.57511420383313,0,-18.48568572186425,262.4898097752979,1.5420347913198202,0,296.8693586231125,1.146594321734252,0,322.90623118115343,0.7384936594644995,0,-15.147229605539,87.77844223061834,-0.12682150307015838,1,284.26630504175824,0.10622947886032982,0,165.82016779220473,0.01618861394320354,0,51.92693159216143,-0.026117830897823765,1,335.9019964837943,0.006352235202877326,0,258.5755737364733,-0.010165522113328381,1,Jupiter,Venus,0.0,CLEAR,1047.0242743777203,-3.1477501463991757,0,0,229.0,327.7922061357856,0,127.66062655040318,-0.11413935276314255,0.09560653097429685,0.8123430254109495,0.0,1.0,0,0,1,0.0,2,0.009510884
2048-12-10,259.10592190706893,1.016402552730944,0,326.12241681588233,14.075742498458986,0,-8.188870045542632,273.2233338891596,1.5203863540166112,0,304.8351552489328,1.1284042021041354,0,328.08763776314095,0.7415702416633743,0,-13.26168500443699,86.8625730495168,-0.1340478816214712,1,285.0258870431945,0.11056730958357068,0,165.91075522774784,0.009617287124485988,0,51.75017751473484,-0.024347305603479585,1,335.9570079197403,0.00929172188201756,0,258.56595285480057,-0.004014339083615428,1,Jupiter,Venus,0.0,CLEAR,1043.6733720126447,-3.350902365075626,0,0,280.0,327.7922061357856,0,126.72429047154037,-0.12064309345932407,0.09951057862521362,0.8157272658297118,0.0,1.0,0,0,1,0.0,2,0.009056253
2048-12-17,266.224353276871,1.017433521715312,0,56.05835107863889,12.00102937499572,0,21.241810927876784,283.6467575760342,1.4411194466127917,0,312.6536253480758,1.1044731410898734,0,333.28444092418107,0.743023188293552,0,-11.287306582975273,85.9140732453196,-0.1360789369661616,1,285.81218530034323,0.11396156471950314,0,165.95495878272476,0.003040106788433473,0,51.5874624116078,-0.022040787658910366,1,336.03202022543513,0.012142965966151562,0,258.60839407434554,0.011579409354960973,0,Jupiter,Venus,0.0,CLEAR,1040.2037758899528,-3.4695961226918826,0,0,160.0,327.7922061357856,0,125.77527711126459,-0.12247104326954544,0.10256540824755282,0.8173255071229072,0.0,1.0,0,0,1,0.0,2,0.009101127
2048-12-24,273.3500554166471,1.0184785371711202,0,139.17791774345403,12.051679939780795,0,10.691532552711747,292.9745365952944,1.1738973448436782,0,320.28310088125704,1.0742450111885882,0,338.4874954768723,0.7434263457813458,0,-9.241712297773601,84.96893469254867,-0.13316254383452467,1,286.6191028175125,0.11641682319678948,0,165.95319608638442,-0.0035595359486474787,1,51.44240473160954,-0.01936170428000791,1,336.1265222503491,0.014806729141848734,0,258.49849788738743,-0.037182397572673144,1,Jupiter,Venus,0.0,CLEAR,1036.6996637500722,-3.50411213988059,0,0,500.0,327.7922061357856,0,124.82330191409704,-0.1198462894510722,0.10477514087711053,0.8177689803594804,0.0,1.0,0,0,1,0.0,3,0.009892051
2048-12-31,280.483138536035,1.0195187093512275,0,230.33589857534903,14.36798156854262,0,-20.221952155028745,298.96818491413336,0.42840200484135665,0,327.6760090110031,1.036659451253821,0,343.6914937166464,0.7434112811009238,0,-7.141226113432055,84.06130032863256,-0.1253161058270234,1,287.4400886057361,0.1180360237764723,0,165.90543842478812,-0.01002508156327271,1,51.31741875496958,-0.016246440562053786,1,336.2390282523118,0.01734522101742656,0,258.4563782656869,0.01940586368648432,0,Jupiter,Venus,0.0,CLEAR,1033.242423445793,-3.4572403042791393,0,0,536.0,327.7922061357856,0,123.8773301492335,-0.11278449524432106,0.10623242139882508,0.8177524092110162,0.0,1.0,0,0,1,0.0,3,0.009985701
2049-01-07,287.62068442685455,1.0194681377073624,0,334.9090955100132,14.336433736568388,0,-4.9689009934601875,297.5156012706579,-0.8711215167356102,1,334.77203251983065,0.9885394452214189,0,348.89377761156715,0.7427249878476484,0,-5.001651769712286,83.2254467413255,-0.11279119189584316,1,288.26921629497366,0.11877193592006412,0,165.81315717061455,-0.016332922516994305,1,51.21561628924933,-0.012834048474998846,1,336.3687187710002,0.019617850393119068,0,258.2457165348341,-0.07162816337887389,1,Jupiter,Venus,0.0,CLEAR,1029.9124608927038,-3.329962553089217,0,0,301.0,327.7922061357856,0,122.94639999427568,-0.10151207270625885,0.1068947423280577,0.8169974866324133,0.0,1.0,0,0,1,0.0,3,0.0103326375
2049-01-14,294.7535624522571,1.0184404360296646,0,65.00360910815195,11.880493731948485,0,22.298506727602593,289.0302930135172,-1.2367099501553005,1,341.47980935606074,0.9251114876380845,0,354.08708646516163,0.740920986338212,0,-2.840566634143895,82.4918131629112,-0.09623958471503864,1,289.09834412908776,0.11822010361990065,0,165.67813886229428,-0.022145372320826896,1,51.13869683314583,-0.009090709912496362,1,336.513382733316,0.021687884059156618,0,258.1908256616171,0.022135817708418354,0,Jupiter,Venus,0.0,CLEAR,1026.7869380676468,-3.1255228250570326,0,0,333.0,327.7922061357856,0,122.04035270405808,-0.08661562624353478,0.1063980932579106,0.8150130849720333,0.0,1.0,0,0,1,0.0,3,0.010261113
2049-01-21,301.8784849287201,1.0172525616291694,0,148.3648251602613,12.231059478653279,0,7.483585929816857,283.5685963671256,-0.25224366411205335,1,347.67856116259765,0.8423576845548555,0,359.2648134927639,0.7383399289727489,0,-0.6747166124645126,81.88456156328593,-0.07687109074770196,1,289.92174361790296,0.11687227821253188,0,165.50404304854868,-0.02752734516777443,1,51.0884869498254,-0.005251016509803159,1,336.6714783246978,0.02341803681603176,0,257.6939507855376,-0.14271764690976044,1,Jupiter,Venus,0.0,CLEAR,1023.925635890766,-2.8613021768808267,0,0,308.0,327.7922061357856,0,121.16674333192245,-0.06918398167293177,0.10518505039127869,0.8121739218700239,0.0,1.0,0,0,1,0.0,3,0.009396331
2049-01-28,308.99563888317016,1.0162347661341697,0,239.45814096001362,14.078970617299502,0,-21.56548899638643,284.9766774401734,0.5780175597122258,0,353.21616967480657,0.7352150162382644,0,4.423675334463943,0.7356485395216205,0,1.4808332488689182,81.420779999403,-0.05529732382185202,1,290.732721472469,0.1147161071748107,0,165.2942874312981,-0.032266215301106134,1,51.06568455267617,-0.0012114894948428176,1,336.8407807355196,0.02494099347431325,0,257.25222307965174,0.014464039135936095,0,Jupiter,Venus,0.0,CLEAR,1021.376117053868,-2.5495188368979598,0,0,20.0,327.7922061357856,0,120.33296308020718,-0.04976759143966682,0.10324449645732964,0.8092133934737825,0.0,1.0,0,0,1,0.0,3,0.009924932
2049-02-04,316.1037748764659,1.014389977785776,0,342.91598637033405,14.454387354134752,0,-2.022795663576807,290.7377260210515,1.0194797184313609,0,357.8945261141674,0.5948498468630146,0,9.563220324202286,0.7326571578104393,0,3.612090304470876,81.1137675178013,-0.03225727417912291,1,291.5251531438985,0.11148345060675327,0,165.0536328867245,-0.03639343871839508,1,51.071421173860756,0.002821415512285126,0,337.0196520575331,0.026072430193351134,0,256.6890453732062,-0.15817679114652464,1,Jupiter,Venus,0.0,CLEAR,1019.1772287478059,-2.1988883060621447,0,0,120.0,327.7922061357856,0,119.54626802996228,-0.029031546761210624,0.10033510554607794,0.8059228735914833,0.0,1.0,0,0,1,0.0,2,0.009834424
2049-02-11,323.19478362144946,1.0115194731232025,0,73.54071073158917,11.857469147936918,0,22.658885687659208,298.7861507201262,1.2588151257929256,0,1.437694473535265,0.4090983467033395,0,14.679336891230786,0.728972310734512,0,5.703832415540123,80.9710379497675,-0.00849804616871888,1,292.29163495103836,0.10737057435247674,0,164.78724099469414,-0.03956070669465941,1,51.10555104300002,0.006926381109523596,0,337.2053925153314,0.0269495163951188,0,256.26175950139964,0.003921413861050608,0,Jupiter,Venus,0.0,CLEAR,1017.3588059974583,-1.8184227503476222,0,0,120.0,327.7922061357856,0,118.81391609196166,-0.007648241551846992,0.09663351691722907,0.8018695418079632,0.0,1.0,0,0,1,0.0,2,0.009417623
2049-02-18,330.2644887423784,1.0084129159460398,0,157.50417513430114,12.49246108639503,0,4.137422738869841,308.1686437707232,1.4136331645943268,0,3.499575373829771,0.17141067342031427,0,19.767459902658178,0.7247256131315872,0,7.741477264503171,80.9939577687224,0.014951983056888957,0,293.02607022688517,0.1023171731362445,0,164.50155485529578,-0.04192992801685488,1,51.167862153906654,0.010843176887506944,0,337.3958912553356,0.02741285669693304,0,255.4145206467059,-0.22200073982593374,1,Jupiter,Venus,0.0,CLEAR,1015.9357750836743,-1.4230309137839185,0,0,195.0,327.7922061357856,0,118.14179192702147,0.013456784751200062,0.09208545582262005,0.797198174444746,0.0,1.0,0,0,1,0.0,1,0.009020843
2049-02-25,337.3137295319533,1.0057233498542608,0,249.67372364282622,13.914631110257968,0,-22.3238398992737,318.51019436553497,1.5388645473699374,0,3.7356248474858718,-0.10885082503549073,1,24.825891318881553,0.7205989207738046,0,9.711860881999252,81.17922858561433,0.03789286131920579,0,293.7224499927173,0.09652951475992053,0,164.20258958164584,-0.0433121883319978,1,51.257356306699315,0.014729318392037748,0,337.5887219599647,0.027654534960145957,0,254.59612564773127,0.0007414311840134713,0,Jupiter,Venus,0.0,CLEAR,1014.913557185794,-1.0222178978802958,0,0,195.0,327.7922061357856,0,117.53490631398199,0.03410357518728521,0.08687656328392848,0.7926588128511851,0.0,1.0,0,0,1,0.0,1,0.00906745
2049-03-04,344.3435531707646,1.0026101506836882,0,350.9191511503492,14.294414934692275,0,0.9691657166750857,329.7037026573208,1.6598596298218322,0,1.9672163346933762,-0.3911873484626267,1,29.855741647603647,0.7164445059751312,0,11.603000273096804,81.52228392336472,0.05994711731337816,0,294.37492497549397,0.08971386470602198,0,163.89700853785067,-0.04384600306953564,1,51.373309118580124,0.018348081011898082,0,337.781896250019,0.027459036284741577,0,253.8507065238729,-0.20615769520124877,1,Jupiter,Venus,0.0,CLEAR,1014.2947178957415,-0.6188392900525059,0,0,120.0,327.7922061357856,0,116.99838414308616,0.05395240558204034,0.08074247823541979,0.7880889565726444,0.0,1.0,0,0,1,0.0,1,0.0074241934
2049-03-11,351.34825661603566,0.9986232619595721,0,81.60395594622649,11.888834022172299,0,22.42775310828847,341.76776348111605,1.7887620405367786,0,358.4475212191229,-0.5918158247584142,1,34.855394461757655,0.7119392346384253,0,13.402118912570874,82.01602568262868,0.0808713286971512,0,294.97685087058585,0.08213426253205201,0,163.5915911763513,-0.043251310065218124,1,51.51410220098443,0.021830181149580886,0,337.97277852275033,0.027021796613055933,0,253.20471825783403,-0.0009489323347718463,1,Jupiter,Venus,0.0,CLEAR,1014.0783496240855,-0.21636827165605155,0,0,120.0,327.7922061357856,0,116.53725133039859,0.07278419582743609,0.07392083627884681,0.7831331581022679,0.0,1.0,0,0,1,0.0,1,0.0077414587
2049-03-18,358.3236768306116,0.9943886411585557,0,166.2383303160538,12.759978708979054,0,0.8109106623866185,354.76249008787715,1.9235472842563779,0,354.1045778780303,-0.6144022912314013,1,39.821892278288125,0.7070374312888442,0,15.097012945583968,82.65049480952867,0.10013187111167397,0,295.5228163654164,0.07373623005731789,0,163.29336241650094,-0.041815377724629774,1,51.67793223014338,0.024921477938134,0,338.1591628482441,0.026174155220471187,0,252.42183049772163,-0.213758027301656,1,Jupiter,Venus,0.0,CLEAR,1014.2553568882245,0.17700726413897883,0,0,-76.0,327.7922061357856,0,116.15511586472695,0.09011868400050657,0.0663626070515861,0.7777411744177287,0.0,1.0,0,0,1,0.0,1,0.116492316
2049-03-25,5.271467019771006,0.99081640197531,0,260.49722045341144,13.979396478563965,0,-22.31146414312027,8.63041536329931,2.026800553709421,0,350.3034514134672,-0.44501002712106785,1,44.75469109966071,0.7024082203026264,0,16.676617719482962,83.41466130551314,0.1179765136906618,0,296.00795866671433,0.0647722240018357,0,163.0085129588071,-0.039419436041323044,1,51.862680570366095,0.0278281209940186,0,338.3389172767042,0.025148931393379648,0,251.6571730509637,0.007877990916250112,0,Jupiter,Venus,0.0,CLEAR,1014.8134052775977,0.558048389373198,0,0,-166.0,327.7922061357856,0,115.85472190365175,0.10617886232159562,0.05829500160165213,0.7726490423328891,0.0,1.0,0,0,1,0.0,1,0.0977863
2049-04-01,12.195080781515824,0.9872702771769325,0,359.59193403118996,13.90465258317988,0,4.250696870833697,22.803324506493794,1.984811515749488,0,348.1135726230839,-0.17303460185800112,1,49.6559116576133,0.6979459266346193,0,18.131204502845126,84.29851968652615,0.13431682717615753,0,296.427436472428,0.05495636544961635,0,162.742974363661,-0.036307996196078815,1,52.066353379979645,0.030306964668259623,0,338.510113579704,0.023709857676423304,0,251.09759411541532,-0.1711470804335146,1,Jupiter,Venus,0.0,CLEAR,1015.7421664281964,0.9287611505986888,0,0,158.0,327.7922061357856,0,115.63891690755167,0.12088514445854179,0.049460728904654715,0.7677405192980813,0.0,1.0,0,0,1,0.0,1,0.10340381
2049-04-08,19.091851894780316,0.9831245390890465,0,89.41650749619023,11.91552241401484,0,21.76923614207998,35.7453586081374,1.6622236208259256,0,347.89017258923866,0.10491739420788393,0,54.52581044832297,0.6933880353338364,0,19.45091322926953,85.291859186688,0.14920437620206436,0,296.77631925727104,0.04463126373265194,0,162.50250453211564,-0.03228674317625439,1,52.286537411663154,0.032526442858385615,0,338.67062163162734,0.022092129042094302,0,250.60975984097482,0.019035686976287935,0,Jupiter,Venus,0.0,CLEAR,1017.0310798588339,1.2889134306375354,0,0,38.0,327.7922061357856,0,115.5102181543921,0.13428393858185794,0.04016813735938675,0.7627268388672201,0.0,1.0,0,0,1,0.0,1,0.09185703
2049-04-15,25.95822856383521,0.9787421329379054,0,174.47390309446385,12.94768385980596,0,-2.383054453874116,45.491194527289615,1.0930540730142129,0,349.48769436207107,0.34345727409938664,0,59.36263012058773,0.6885583416665645,0,20.626873633313497,86.38321750398536,0.1623475123680178,0,297.0510029963255,0.0337935752727579,0,162.2921383624339,-0.02772374663866331,1,52.52050003560809,0.03425612506059733,0,338.81853903589956,0.020131695639146532,0,250.259335751709,-0.12660859447599743,1,Jupiter,Venus,0.0,CLEAR,1018.6644290153197,1.6333491564857923,0,0,-90.0,327.7922061357856,0,115.46949703928257,0.14611276113121605,0.03041421774548211,0.757414175833221,0.0,1.0,0,0,1,0.0,1,0.021009067
2049-04-22,32.79637790383305,0.9751804104793829,0,271.2313709008588,14.262504568865511,0,-21.526877986268257,50.79319951139604,0.41327279921109467,0,352.58393020817863,0.5331415227557541,0,64.16659107508006,0.6840799213028783,0,21.651396251004336,87.56171775204142,0.17414896728488313,0,297.24909986706774,0.022751416584042367,0,162.1159243548832,-0.022548182094941433,1,52.765661396928046,0.03572902893438188,0,338.9524093649774,0.018080164816743755,0,249.84833344152545,0.02454595866114512,0,Jupiter,Venus,0.0,CLEAR,1020.6252357699475,1.9608067546278107,0,0,20.0,327.7922061357856,0,115.5165615298603,0.15673407055639482,0.02047627492563813,0.7524879134331662,0.0,1.0,0,0,1,0.0,1,0.0258052
2049-04-29,39.61173470111649,0.9720685450629147,0,9.080068444352083,13.44876018614762,0,7.767517966156855,51.33071240785559,-0.2381447604486433,1,356.8445806344864,0.6771974765788453,0,68.94036292675838,0.6799068429949245,0,22.518464125609928,88.81799880540082,0.1845972335706651,0,297.36828909177274,0.011277688158229616,0,161.97704034790502,-0.017042341026742513,1,53.01937452494723,0.03671166122662033,0,339.07070868944845,0.0156979217972645,0,249.65781765260843,-0.08347451346765887,1,Jupiter,Venus,0.0,CLEAR,1022.8994194272561,2.2741836573086402,0,0,80.0,327.7922061357856,0,115.6510854331745,0.1661375102135986,0.010149919342406655,0.747897527294417,0.0,1.0,0,0,1,0.0,1,0.027417496
2049-05-06,46.404632366437774,0.9686599401405354,0,97.32819162997521,11.903613940185023,0,20.77182081167682,48.11994348030842,-0.6058889508586559,1,1.979783971984635,0.7848527362185316,0,73.68554104875442,0.6758095597606404,0,23.22278784923482,90.14329396016589,0.19380449891998483,0,297.4071147838524,-0.00019165570577403887,1,161.87857168477228,-0.011061845911980218,1,53.279021016175264,0.03738380603905888,0,339.1721416453977,0.013234778057970704,0,249.47417900017288,0.02643629095009394,0,Jupiter,Venus,0.0,CLEAR,1025.472358352627,2.572938925370863,0,0,80.0,327.7922061357856,0,115.87190623232283,0.17442404902798636,-0.000172490135196635,0.7433905157367044,0.0,1.0,0,0,1,0.0,2,0.024279
2049-05-13,53.17239838970949,0.9650315428504374,0,182.4396771968144,13.00713579020429,0,-5.418433216792567,44.04803547285531,-0.4759373032360557,1,7.772309192376887,0.8665974503833699,0,78.40120259811731,0.6715341971709302,0,23.7607873096235,91.52777690883501,0.20155252302009818,0,297.3657645156343,-0.011565044679288872,1,161.8223595034222,-0.004969741294184589,1,53.54147749272228,0.03751197654300398,0,339.255421696598,0.01054792920204461,0,249.47389540432152,-0.03001327339244982,1,Jupiter,Venus,0.0,CLEAR,1028.3240247864014,2.851666433774426,0,0,120.0,327.7922061357856,0,116.17571297708798,0.18139727071808837,-0.010408540211359984,0.7386876168880233,0.32078730962349766,1.0,0,0,1,0.0,2,0.02748762
2049-05-20,59.91722788416521,0.9622482908578365,0,281.32348819215366,14.672125142607118,0,-20.15742923871951,42.2596815953979,-0.006158902896369114,1,14.070833288864828,0.9304065793777391,0,83.0880178325978,0.6676264142677634,0,24.130240330930818,92.96268341607087,0.2082354673698921,0,297.2464286727297,-0.022483517311508182,1,161.8095482955671,0.0013002030627917243,0,53.80416930800111,0.03744398609985872,0,339.32004519222386,0.007885328959459785,0,249.3789926223267,0.012932848537123209,0,Jupiter,Venus,0.0,CLEAR,1031.4325094866824,3.1084847002809965,0,0,270.0,327.7922061357856,0,116.55774063527144,0.18741192063290288,-0.020235165580357366,0.7343890556945397,0.6902403309308163,1.0,0,0,1,0.0,1,0.018871598
2049-05-27,66.64575299495272,0.9602702040633985,0,19.06878429728943,13.069914807935504,0,11.232154327729228,44.05141651293895,0.5097242614404998,0,20.764482720751342,0.9799020096843125,0,87.74883484096722,0.6641208495172197,0,24.33073270524395,94.44043029376616,0.21384238812817563,0,297.05150972868427,-0.033085665644726286,1,161.84022679036616,0.007502672114248244,0,54.064334923948394,0.036855702218002585,0,339.36517176195076,0.005023431989322583,0,249.39135441685048,-0.0038205402701161476,1,Jupiter,Venus,0.0,CLEAR,1034.7778411301638,3.3453316434813587,0,0,270.0,327.7922061357856,0,117.01282519526413,0.19245814931535807,-0.02977709908025366,0.7305329344689417,0.8907327052439484,1.0,0,0,1,0.0,1,0.017823612
2049-06-03,73.36090774900552,0.9582642171374864,0,105.59544706514284,11.86334751422415,0,19.412025185496418,49.2104331373454,0.9503591666107145,0,27.763160259557765,1.0181090439066196,0,92.3861555094046,0.6607906644420234,0,24.363086523453305,95.9541786390677,0.21843987194825992,0,296.78520538477085,-0.042870892557640046,1,161.91479016334347,0.013760118726338163,0,54.31947594771203,0.035950035463656216,0,339.39056159543225,0.002201432020628646,0,249.37448009733345,-0.010227241326409326,1,Jupiter,Venus,0.0,CLEAR,1038.3379465085936,3.560105378429853,0,0,370.0,327.7922061357856,0,117.53427056294117,0.19659588475343392,-0.038583803301876045,0.7268697308862258,0.9230865234533034,1.0,0,0,1,0.0,1,0.014508685
2049-06-10,80.06090236622956,0.9560542893248317,0,190.54784366202296,12.957249946993727,0,-8.332028273699775,57.19878362770697,1.3241036085474351,0,34.99975057459598,1.0484613602107253,0,96.99957782386707,0.6573504208829573,0,24.23018536652511,97.49572016249877,0.22183579206132922,0,296.453566430719,-0.05167149183853564,1,162.03224556028314,0.019776474667765616,0,54.566505630276,0.03458423538498601,0,339.39579384031424,-0.0006852467085691392,1,249.33482497955015,0.01782239266295273,0,Jupiter,Venus,0.0,CLEAR,1042.0843074635595,3.746360954965894,0,0,270.0,327.7922061357856,0,118.11293919955702,0.1996522128551963,-0.046504342654682077,0.7230854629712531,0.7901853665251082,1.0,0,0,1,0.0,2,0.014716094
2049-06-17,86.74750754449961,0.9545794606023783,0,290.5624629375074,15.06495342039199,0,-18.425590285562716,67.67871960894115,1.6669498374347156,0,42.43052430783013,1.073923030472747,0,101.58996961580696,0.6542453548737134,0,23.936016395870965,99.05797600315081,0.2243562126843391,0,296.06503098505686,-0.059159778792327755,1,162.1914103779658,0.025625844968454933,0,54.80322608763073,0.032969085411152156,0,339.38150172903437,-0.003415418420807395,1,249.3441518100605,-0.03177269262850409,1,Jupiter,Venus,0.0,CLEAR,1045.985890036188,3.901582572628513,0,0,142.0,327.7922061357856,0,118.73819510257385,0.2019205914159052,-0.05324380091309498,0.7196698903610848,0.4960163958709636,1.0,0,0,1,0.0,2,0.015241857
2049-06-24,93.42758567935935,0.9541607414108512,0,29.078902856708808,12.837490660848417,0,14.314550032557356,80.46767983529013,1.9770118830808356,0,50.024916594627655,1.0952196575340498,0,106.16006902460676,0.6516047977593099,0,23.485817732290087,100.63454102519161,0.22598850817669286,0,295.6279454447822,-0.06544496854077428,1,162.390080600293,0.03113759771785862,0,55.02695866821599,0.03093817399985735,0,339.347738064974,-0.006178628722604374,1,249.2370715548689,0.02710123587662271,0,Jupiter,Venus,0.0,CLEAR,1050.0131911608187,4.02730112463064,0,0,150.0,327.7922061357856,0,119.3990132234338,0.2033896573590236,-0.058900471686696855,0.716765277535241,0.0458177322900859,1.0,0,0,1,0.0,2,0.01439737
2049-07-01,100.10610738479151,0.9539253878422421,0,114.25538002095185,11.832566956572768,0,17.622538095540637,95.07076541284056,2.1633277805753544,0,57.75446429497057,1.112623884108804,0,110.71293742768013,0.6491845720142587,0,22.885763086441397,102.21971329677554,0.2267258080703532,0,295.15264135754984,-0.07009496394834627,1,162.62679138651708,0.03640749034768166,0,55.23569183261751,0.028615855735287198,0,339.2954274754657,-0.008771319219690165,1,249.141407231097,-0.08807393087041884,1,Jupiter,Venus,0.0,CLEAR,1054.1341438784514,4.12095271763269,0,0,110.0,327.7922061357856,0,120.08305047506767,0.20405322726331787,-0.06308546755351165,0.7141030292156847,0.0,1.0,0,0,1,0.0,2,0.016716432
2049-07-08,106.7820043314352,0.9534911566897709,0,199.17349662056122,12.871463279300869,0,-11.158705859180392,110.23158488089406,2.13342136728554,0,65.59518296835361,1.12725814380023,0,115.24844394865737,0.6466982416559788,0,22.14376174567114,103.80584528878016,0.22636026556713765,0,294.6506743886935,-0.0729941453156754,1,162.89869214017187,0.04122694061878465,0,55.426688690147486,0.025928492008024998,0,339.22516348585003,-0.01124853254036236,1,248.68261560307326,0.007194619153703142,0,Jupiter,Venus,0.0,CLEAR,1058.3103418001733,4.1761979217219505,0,0,240.0,327.7922061357856,0,120.77601430145398,0.20372423901042389,-0.06569473078410785,0.7113680658215767,0.0,1.0,0,0,1,0.0,2,0.01553668
2049-07-15,113.45626690685953,0.9535771148831697,0,299.1327491344588,15.289117399522992,0,-16.432743818563207,124.59841120431084,1.9583234749224963,0,73.53322899238164,1.1405902649183526,0,119.76743895805612,0.6444791708328047,0,21.268095897942082,105.38673199035365,0.22515490583243522,0,294.13525183261424,-0.07401574407618637,1,163.20319135281238,0.0456601393262672,0,55.598378862656254,0.023049517746512743,0,339.13875554265746,-0.013439698180540988,1,248.57039592448723,-0.09661627348477525,1,Jupiter,Venus,0.0,CLEAR,1062.502960315479,4.1926185153056394,0,0,320.0,327.7922061357856,0,121.46312703004202,0.2026394152491917,-0.06661416966856773,0.7089270879160853,0.0,1.0,0,0,1,0.0,2,0.015569375
2049-07-22,120.13502164636995,0.9548331555391867,0,38.684995950502234,12.756765956226372,0,16.7864799410028,137.5731626392741,1.748053865643715,0,81.56124480622042,1.1529389693524488,0,124.27234149863214,0.6427557709297156,0,20.267311350810395,106.95602535597611,0.22311499145503189,0,293.6182158876213,-0.07336681548184869,1,163.53674552768308,0.049619156385165564,0,55.74859839686904,0.019873904634009863,0,339.03721461711274,-0.01548826362761971,1,248.10560889529293,0.011745889476222697,0,Jupiter,Venus,0.0,CLEAR,1066.6756189367097,4.172658621230767,0,0,320.0,327.7922061357856,0,122.13038250924774,0.2008034923095287,-0.06603013393366382,0.7070313480226872,0.0,1.0,0,0,1,0.0,2,0.01457353
2049-07-29,126.82460504516067,0.9564286124214962,0,123.1391928623855,11.842336473260106,0,15.38482394140051,149.0769878249563,1.5389321695917402,0,89.670781578444,1.163797094447874,0,128.76649096665304,0.6412605552081565,0,19.15016445304161,108.5080297086285,0.2201068425593027,0,293.11245914963615,-0.07084905501565508,1,163.89683320857338,0.053152312871824155,0,55.87605983649892,0.016478424126323124,0,338.9225556662638,-0.017250208522664807,1,247.76359886509255,-0.17097460199579262,1,Jupiter,Venus,0.0,CLEAR,1070.7911411179848,4.115522181275082,0,0,320.0,327.7922061357856,0,122.76360068686276,0.19809615830337243,-0.06376414951408958,0.7053866107289722,0.0,1.0,0,0,1,0.0,2,0.015949823
2049-08-05,133.5244638388432,0.9578099401890696,0,208.48644023757987,12.842398309826223,0,-13.870216995329857,159.09962656173332,1.32126159559674,0,97.85154221973156,1.1734378083194037,0,133.24977723314748,0.6396992959600631,0,17.926683970981824,110.03490493761362,0.21599013118467272,0,292.6305570516662,-0.06651653586532295,1,164.2795738930421,0.056136336903851065,0,55.97877918433859,0.01287105117521141,0,338.7963339641023,-0.018729393823747244,1,246.76149170996726,-0.031229718851038656,1,Jupiter,Venus,0.0,CLEAR,1074.808695771895,4.017554653910111,0,0,320.0,327.7922061357856,0,123.34822213267239,0.19439111806620546,-0.05986488227879066,0.7036692255560695,0.0,1.0,0,0,1,0.0,2,0.016061887
2049-08-12,140.23450255742497,0.9594224204734508,0,307.53085156248375,15.248472589389088,0,-14.119528587366245,167.48481207975777,1.0644493680021776,0,106.09804414878614,1.182662920298657,0,137.72291945916544,0.638346570851373,0,16.606460473300086,111.52973106115486,0.21090852307349528,0,292.18518435805066,-0.060534822184210156,1,164.68162114446346,0.0586007073217845,0,56.05615853547428,0.009179222444813903,0,338.66132891094725,-0.01982989719739225,1,246.45827703118624,-0.14854365991939353,1,Jupiter,Venus,0.0,CLEAR,1078.6890934062085,3.8803976343135673,0,0,680.0,327.7922061357856,0,123.87097417742362,0.18981767076614575,-0.05448133996578914,0.7021812279365104,0.0,1.0,0,0,1,0.0,2,0.016136013
2049-08-19,146.95926553471662,0.9621592143217428,0,47.63324886349467,12.783749289513477,0,18.587647930322362,173.79575851288894,0.7183725504170378,0,114.40894260249271,1.1918588548820848,0,142.18784864903654,0.6374701001203701,0,15.198912168765448,112.98546637317565,0.20488910640950608,0,291.7861111761898,-0.053220884406305353,1,165.0987437799923,0.060539679255059896,0,56.10700054359241,0.0053754283953023,0,338.51932008906385,-0.020643488823846243,1,245.64668798080504,-0.012600195300423597,1,Jupiter,Venus,0.0,CLEAR,1080.0,1.3109065937915148,0,0,725.0,327.7922061357856,0,124.3208893674026,0.18440019576855549,-0.04789879596567482,0.7012171101324072,0.0,1.0,0,0,1,0.0,2,0.0149201285
2049-08-26,153.70562285713626,0.9653351435425587,0,131.9674026097582,11.89672855124272,0,12.776579452358423,177.16512241325876,0.21147931544834875,0,122.78218649159935,1.2003130061979896,0,146.64789249055477,0.6368033274262052,0,13.712945049053374,114.39533324866123,0.1976920234080367,0,291.44305331549594,-0.044613753796297895,1,165.52783919475854,0.06193726233374122,0,56.13113059264428,0.00148537467714022,0,338.37306205788474,-0.02110670814501712,1,245.15160532303497,-0.20223337049106432,1,Jupiter,Venus,0.0,CLEAR,1080.0,0.0,0,0,565.0,327.7922061357856,0,124.68807727714835,0.17792282106723303,-0.040152378416668105,0.7004836601688257,0.0,1.0,0,0,1,0.0,2,0.018094782
2049-09-02,160.47333441170125,0.9682577398984241,0,218.37548385141469,12.94819994358667,0,-16.348993830185304,176.30829111072075,-0.4760136537471751,1,131.21122206638168,1.207872585738124,0,151.1029651715443,0.6360876684617891,0,12.158524261137739,115.75015170852086,0.18921324704083112,0,291.1641799430232,-0.034870809117174675,1,165.96449890113465,0.06275060128066434,0,56.12781326404675,-0.002395666523875275,1,338.2247239697559,-0.021178485365420704,1,243.90292261872733,-0.04923051974529873,1,Jupiter,Venus,0.0,CLEAR,1080.0,0.0,0,0,365.0,327.7922061357856,0,124.96363332102354,0.170291922336748,-0.031383728205457206,0.6996964353079681,0.0,1.0,0,0,1,0.0,3,0.018471401
2049-09-09,167.26091558473078,0.9710633058264138,0,316.35327662765985,14.958124883231047,0,-11.34586640073283,170.83570426433832,-0.9960496556675348,1,139.69120441138458,1.2149079288640974,0,155.55325061446132,0.6354216054392188,0,10.54522392283791,117.04151358904738,0.17951381851784567,0,290.9567449247406,-0.02434268379158733,1,166.40483216781968,0.06296383300897118,0,56.097838936206614,-0.006193067838028435,1,338.07753875145795,-0.02085719677296558,1,243.57122019249368,-0.14707157042929075,1,Jupiter,Venus,0.0,CLEAR,1080.0,0.0,0,0,360.0,327.7922061357856,0,125.14109401146604,0.1615624366660611,-0.0219084154124286,0.6989637659831407,0.0,1.0,0,0,1,0.0,3,0.023094691
2049-09-16,174.07064426020605,0.9747887794913822,0,55.91225906569942,12.840663386769048,0,19.813668677254487,164.57465446514263,-0.6115881886406817,1,148.2201718826431,1.2219490704350813,0,160.00011135702874,0.6352249215478988,0,8.88189012880142,118.2607710442621,0.16866970222639496,0,290.8245782001033,-0.013305667588590593,1,166.84458435623614,0.06262551810653207,0,56.041476298108435,-0.009851633472244208,1,337.9335667393861,-0.020181027479574603,1,242.72100288293737,-0.012128792033488779,1,Jupiter,Venus,0.0,CLEAR,1080.0,0.0,0,0,100.0,327.7922061357856,0,125.21689809800512,0.15180273200375546,-0.011975100829731534,0.6987474137026887,0.0,1.0,0,0,1,0.0,3,0.019109968
2049-09-23,180.9089332993485,0.9789805596062479,0,140.47323897835633,11.968598357459971,0,9.956200043685726,163.96158414020897,0.46891041769497305,0,156.79691153604344,1.2283778742889666,0,164.4466843994557,0.6351996834173284,0,7.17682743520859,119.39930999161069,0.1563474898770696,0,290.7712516496111,-0.0018955170160731111,1,167.2800971832578,0.06168276581124613,0,55.96006088872854,-0.013400531124798613,1,337.7956703170223,-0.01917907086745103,1,242.3895034629336,-0.15464359290524526,1,Jupiter,Venus,0.0,CLEAR,1080.0000000000002,2.2737367544323206e-13,0,0,160.0,327.7922061357856,0,125.18880923911746,0.14071274088936264,-0.0017059653144658,0.6987196517590613,0.0,1.0,0,0,1,0.0,3,0.02046312
2049-09-30,187.77566779559578,0.9828672736570666,0,228.46203982511466,13.225117936687706,0,-18.420665790860586,170.57689844600588,1.3368030673893816,0,165.41527587342247,1.2338669466363457,0,168.89274560140248,0.6351015363960273,0,5.439436660798299,120.44610241282226,0.14250950349364694,0,290.79869769935794,0.009783291612122933,0,167.70679976070505,0.06015658601822366,0,55.85454352119471,-0.016667659592094406,1,337.66602083265894,-0.017773304040393987,1,241.41025508024842,-0.028705905080123478,1,Jupiter,Venus,0.0,CLEAR,1080.0,-2.2737367544323206e-13,0,0,-120.0,327.7922061357856,0,125.05584582183675,0.12825855314428225,0.00880496245091064,0.6986116900356301,0.0,1.0,0,0,1,0.0,2,0.020393101
2049-10-07,194.66775346726064,0.986242411573039,0,326.01373751755693,14.5424332529116,0,-8.027943441517516,181.44392718047115,1.6942203741434554,0,174.0689701384216,1.2384914715832864,0,173.33782686553337,0.634906532355702,0,3.6789017539916804,121.39097106068911,0.1271907562447983,0,290.907928280405,0.021345276955490995,0,168.12074163432206,0.057974658127911194,0,55.72738477458925,-0.019644204283546754,1,337.5475651211706,-0.016063513657610173,1,241.2803525391355,-0.09315343969574554,1,Jupiter,Venus,0.0,CLEAR,1080.0,0.0,0,0,-328.0,327.7922061357856,0,124.81945649418427,0.11447168062031848,0.019210749259941897,0.6983971855912723,0.0,1.0,0,0,1,0.0,2,0.019628216
2049-10-14,201.58470622706074,0.9902044638886133,0,63.77795259476785,12.838257298751792,0,20.62859401253303,193.59010722124856,1.7465360750180878,0,182.75400799976623,1.2429512561326406,0,177.78261440987507,0.6351307745244363,0,1.9037326774525674,122.2239041192211,0.11057704645166529,0,291.09708024853114,0.0326790764200816,0,168.51742095855252,0.055301977462799794,0,55.580594295774254,-0.022207187582985236,1,337.4419804310653,-0.014032296361296439,1,240.73397121352687,0.005779238131895345,0,Jupiter,Venus,0.0,CLEAR,1080.0,0.0,0,0,208.0,327.7922061357856,0,124.48351404724312,0.09951934180649875,0.029411168778073444,0.6986438519768801,0.0,1.0,0,0,1,0.0,2,0.018877016
2049-10-21,208.53148897000665,0.9945700294824481,0,148.55140704178018,12.013276261391072,0,7.093612895180152,205.6704803355133,1.6980629059685772,0,191.4689709475279,1.246898291097809,0,182.22982403140256,0.6354754390820722,0,0.1218846007786389,122.93508970755852,0.09233124014331183,0,291.3644874987029,0.043649506839019754,0,168.8933786919678,0.05199838489425455,0,55.417101471135396,-0.024451942280467213,1,337.3514930870103,-0.011797044177500157,1,240.72800350049727,-0.06531624389114787,1,Jupiter,Venus,0.0,CLEAR,1080.0,0.0,0,0,400.0,327.7922061357856,0,124.05261397243251,0.08309811612898065,0.03928455615511778,0.6990229829902794,0.0,1.0,0,0,1,0.0,2,0.055673435
2049-10-28,215.50793798539382,0.9985912169902655,0,238.2036117609095,13.644052016073172,0,-19.940154483934524,217.33076091293717,1.6338948582645327,0,200.2087257619946,1.2500309000994596,0,186.67904595327838,0.6357085084815157,0,-1.6574834776462448,123.51307510751298,0.07259327362578379,0,291.7074156516731,0.054273781064913686,0,169.24421131792803,0.04816977131000213,0,55.23955518609713,-0.02616098377627304,1,337.277610231183,-0.009247061370825822,1,240.290305062748,-0.00283474761690975,1,Jupiter,Venus,0.0,CLEAR,1080.0,0.0,0,0,380.0,327.7922061357856,0,123.53213953442403,0.0653339462632054,0.04884640295842232,0.6992793593296673,0.0,1.0,0,0,1,0.0,2,0.00723364
2049-11-04,222.50940381915353,1.0016990654301832,0,336.52044839146276,14.170424158849219,0,-4.254530338450056,228.56705797094114,1.5785967681304443,0,208.96696184095134,1.2521844366763517,0,191.1289927288937,0.6356778333149259,0,-3.4251610866590103,123.9482431972428,0.05153909879626451,0,292.1225738390358,0.0641862486902275,0,169.56620491924843,0.04371243650928599,0,55.05184815574485,-0.027411293234081854,1,337.2222834434313,-0.006572112219440351,1,240.34966050459224,-0.026646376009584236,1,Jupiter,Venus,0.0,CLEAR,1080.0,0.0,0,0,180.0,327.7922061357856,0,122.92927431670904,0.04638518891663806,0.057767623821204754,0.6992456166464185,0.0,1.0,0,0,1,0.0,2,0.0074717137
2049-11-11,229.53242406702924,1.0049867957352836,0,71.67675771195852,12.71772328050862,0,21.13448088690707,239.461753095944,1.5360589957105544,0,217.739175058459,1.25417638452976,0,195.57959544007934,0.6359978242503843,0,-5.172455621813255,124.23281356733776,0.029628527881805946,0,292.6046428478499,0.07344730280336985,0,169.8554870482164,0.03888312475690767,0,54.857378904820145,-0.028048669428333593,1,337.18623016131056,-0.003697379426879691,1,240.1962288287542,0.008083718115987236,0,Jupiter,Venus,0.0,CLEAR,1080.0,0.0,0,0,180.0,327.7922061357856,0,122.25273605697024,0.02666567509362535,0.06610257252303287,0.6995976066754228,0.0,1.0,0,0,1,0.0,2,0.0074308203
2049-11-18,236.5798076213484,1.0085373997550087,0,156.36438283116885,12.004653655484182,0,4.283031927912013,250.08660960924826,1.4994980666048816,0,226.52479599558544,1.2559321972650876,0,200.03300863525538,0.6363814218745176,0,-6.891225138659947,124.36060988432861,0.006744655105408005,0,293.1489302180187,0.08193553409534525,0,170.10918855346353,0.03351450588292827,0,54.660065664765455,-0.02824695601496919,1,337.1704641812534,-0.0008064123253696633,1,240.26380285134292,-0.0041875202950024315,1,Jupiter,Venus,0.0,CLEAR,1080.0,0.0,0,0,451.0,327.7922061357856,0,121.51113544674678,0.006070189594867204,0.07374198068581073,0.7000195640619694,0.0,1.0,0,0,1,0.0,2,0.0077862367
2049-11-25,243.6512642634728,1.011751970605888,0,247.13063446850532,14.086448261383557,0,-20.867307121621344,260.4249109272156,1.44922403820304,0,235.3213128215372,1.2572634416204278,0,204.48862883026788,0.6366073234277568,0,-8.572147491680722,124.32628991231492,-0.01655610165664727,1,293.750280362312,0.08976861331148665,0,170.323919037825,0.027792066020218078,0,54.463518063400876,-0.027785377343194115,1,337.17538759361963,0.00224366355659666,0,240.25256466589175,-0.0014789687762174215,1,Jupiter,Venus,0.0,CLEAR,1080.0,0.0,0,0,547.0,327.7922061357856,0,120.71323770108884,-0.014900491490982545,0.08079175198033799,0.7002680557705325,0.0,1.0,0,0,1,0.0,2,0.0077862367
2049-12-02,250.7411307303594,1.0137302755121465,0,347.4339956791782,13.980472682692096,0,-0.3150822042031237,270.23041464641705,1.3343070875285579,0,244.12424919601102,1.2577403123448991,0,208.9442561946455,0.6363903687949689,0,-10.20571665208141,124.12909539252828,-0.03968298378766566,1,294.40319270737814,0.09659390363708709,0,170.497063070959,0.0216109317734964,0,54.27207509978637,-0.026838676682323148,1,337.2015530334281,0.005200392180928628,0,240.19736077263414,0.0033519486078834285,0,Jupiter,Venus,0.0,CLEAR,1080.0,0.0,0,0,611.0,327.7922061357856,0,119.86888239240824,-0.0357146854088991,0.08693451327337838,0.7000294056744658,0.0,1.0,0,0,1,0.0,2,0.007667532
2049-12-09,257.84323589913765,1.0154799828114165,0,80.01459265957446,12.49263116798633,0,21.279125815507186,278.6631413409472,1.0240239540109886,0,252.92972596271548,1.258133625959112,0,213.39898864601764,0.6364400532366561,0,-11.782846081360654,123.77349368089502,-0.06171300323567394,1,295.1008360790293,0.1025904060444339,0,170.62640058987748,0.015315254300044687,0,54.08942819173646,-0.025259841429318353,1,337.2484691001309,0.00819289373834189,0,240.25312824879836,-0.02477112910168463,1,Jupiter,Venus,0.0,CLEAR,1080.0,0.0,0,0,301.0,327.7922061357856,0,118.98859211270715,-0.05554170291210655,0.09233136543999051,0.7000840585603217,0.0,1.0,0,0,1,0.0,2,0.0070206225
2049-12-16,264.9580954199384,1.0173335082353008,0,164.28546387317155,11.962801439175442,0,1.49795641410812,283.4505481116536,0.23497470215569025,0,261.7380879426197,1.25853785714097,0,217.85435703340445,0.6364995539399066,0,-13.295129855520521,123.26818188726229,-0.08236350698871998,1,295.83716005144515,0.10764216387092136,0,170.71071931199765,0.0087438683102469,0,53.9192249814357,-0.023294222928558445,1,337.31574014948154,0.011005780800613558,0,239.9215196401072,-0.02211839097067673,1,Jupiter,Venus,0.0,CLEAR,1080.0,0.0,0,0,221.0,327.7922061357856,0,118.08206492999054,-0.07412715628984799,0.09687794748382923,0.7001495093338974,0.0,1.0,0,0,1,0.0,2,0.0069346866
2049-12-23,272.08546527187104,1.0189406511786518,0,255.2078792432013,14.370565691649924,0,-21.249157260111698,280.6182724643567,-1.046272951155343,1,270.5492099535549,1.2588772019201626,0,222.30957929027497,0.6363506041435091,0,-14.73327827040799,122.62602944094398,-0.10062241700402294,1,296.60610750197196,0.11192155889584735,0,170.74884174716928,0.0021554813050258183,0,53.76474191799062,-0.020744946298119345,1,337.4026150149897,0.013811622980336804,0,239.99063774577223,-0.029115827001514164,1,Jupiter,Venus,0.0,CLEAR,1080.0,0.0,0,0,416.0,327.7922061357856,0,117.15863441601866,-0.09056017530362065,0.10072940300626261,0.69998566455786,0.0,1.0,0,0,1,0.0,2,0.0075396122
2049-12-30,279.21972093025886,1.0191787470704181,0,358.0390045343724,14.028321021682503,0,3.398001225581644,271.6598940924863,-1.1684625661456876,1,279.3604758147544,1.2585177271342098,0,226.76149870959952,0.6355718653569549,0,-16.088034908810705,121.86694644177862,-0.11561245785606886,1,297.40125584836426,0.11508024415398976,0,170.74047939736542,-0.004530538495549691,1,53.629394021577134,-0.01786625570919665,1,337.50826726514856,0.01632939885782847,0,239.50302813393293,-0.02549608344657043,1,Jupiter,Venus,0.0,CLEAR,1080.0,0.0,0,0,488.0,327.7922061357856,0,116.22813817321287,-0.10405121207046197,0.10357221973859079,0.6991290518926504,0.0,1.0,0,0,1,0.0,3,0.0076021994
