Price,Close,High,Low,Open,Volume
Ticker,^BKX,^BKX,^BKX,^BKX,^BKX
Date,,,,,
1993-02-22,26.861000061035156,26.88800048828125,26.483999252319336,26.5,0
1993-02-23,26.562000274658203,27.02899932861328,26.562000274658203,26.93600082397461,0
1993-02-24,26.95599937438965,26.95599937438965,26.597999572753906,26.597999572753906,0
1993-02-25,27.198999404907227,27.198999404907227,26.895000457763672,26.94499969482422,0
1993-02-26,27.08799934387207,27.218000411987305,27.017000198364258,27.204999923706055,0
1993-03-01,27.21500015258789,27.31399917602539,27.06399917602539,27.06399917602539,0
1993-03-02,27.28700065612793,27.28700065612793,27.06399917602539,27.20199966430664,0
1993-03-03,27.55500030517578,27.59000015258789,27.29199981689453,27.30699920654297,0
1993-03-04,27.327999114990234,27.593000411987305,27.312999725341797,27.593000411987305,0
1993-03-05,27.187999725341797,27.365999221801758,27.16200065612793,27.334999084472656,0
1993-03-08,27.763999938964844,27.76799964904785,27.209999084472656,27.209999084472656,0
1993-03-09,28.14900016784668,28.14900016784668,27.763999938964844,27.790000915527344,0
1993-03-10,28.70800018310547,28.714000701904297,28.125,28.148000717163086,0
1993-03-11,28.621999740600586,28.836999893188477,28.58300018310547,28.66900062561035,0
1993-03-12,28.378999710083008,28.43899917602539,28.143999099731445,28.43899917602539,0
1993-03-15,28.31399917602539,28.429000854492188,28.23699951171875,28.386999130249023,0
1993-03-16,28.34000015258789,28.45599937438965,28.28499984741211,28.28499984741211,0
1993-03-17,28.083999633789062,28.33799934387207,28.034000396728516,28.33799934387207,0
1993-03-18,28.14299964904785,28.291000366210938,28.114999771118164,28.114999771118164,0
1993-03-19,27.92099952697754,28.25,27.92099952697754,28.22100067138672,0
1993-03-22,28.141000747680664,28.141000747680664,27.66900062561035,27.850000381469727,0
1993-03-23,27.996000289916992,28.243999481201172,27.985000610351562,28.14900016784668,0
1993-03-24,27.740999221801758,28.089000701904297,27.702999114990234,27.9689998626709,0
1993-03-25,27.91900062561035,27.965999603271484,27.715999603271484,27.7450008392334,0
1993-03-26,27.788999557495117,28.04199981689453,27.783000946044922,27.930999755859375,0
1993-03-29,28.033000946044922,28.104999542236328,27.92799949645996,27.940000534057617,0
1993-03-30,27.945999145507812,28.11199951171875,27.92799949645996,28.05299949645996,0
1993-03-31,27.992000579833984,28.05900001525879,27.950000762939453,27.97599983215332,0
1993-04-01,28.062999725341797,28.158000946044922,27.98900032043457,28.0049991607666,0
1993-04-02,27.520999908447266,28.0,27.45800018310547,27.99799919128418,0
1993-04-05,27.68199920654297,27.714000701904297,27.395999908447266,27.540000915527344,0
1993-04-06,27.738000869750977,27.81999969482422,27.674999237060547,27.718000411987305,0
1993-04-07,28.229999542236328,28.23200035095215,27.76300048828125,27.76799964904785,0
1993-04-08,28.572999954223633,28.60300064086914,28.329999923706055,28.329999923706055,0
1993-04-12,29.253999710083008,29.27899932861328,28.65399932861328,28.65399932861328,0
1993-04-13,29.665000915527344,29.695999145507812,29.264999389648438,29.26799964904785,0
1993-04-14,29.341999053955078,29.760000228881836,29.320999145507812,29.697999954223633,0
1993-04-15,29.11199951171875,29.368000030517578,28.86199951171875,29.33799934387207,0
1993-04-16,29.160999298095703,29.179000854492188,29.058000564575195,29.111000061035156,0
1993-04-19,28.660999298095703,29.128000259399414,28.608999252319336,29.128000259399414,0
1993-04-20,27.993999481201172,28.641000747680664,27.638999938964844,28.641000747680664,0
1993-04-21,27.408000946044922,28.06800079345703,27.408000946044922,28.014999389648438,0
1993-04-22,27.15999984741211,27.676000595092773,27.107999801635742,27.368000030517578,0
1993-04-23,26.59600067138672,27.108999252319336,26.56100082397461,27.108999252319336,0
1993-04-26,25.55900001525879,26.503999710083008,25.36199951171875,26.503999710083008,0
1993-04-27,26.177000045776367,26.194000244140625,25.656999588012695,25.656999588012695,0
1993-04-28,26.381000518798828,26.53700065612793,26.315000534057617,26.315000534057617,0
1993-04-29,26.30900001525879,26.44300079345703,26.09000015258789,26.420000076293945,0
1993-04-30,26.413000106811523,26.583999633789062,26.34600067138672,26.36199951171875,0
1993-05-03,26.441999435424805,26.45400047302246,26.26300048828125,26.39900016784668,0
1993-05-04,26.937000274658203,26.937000274658203,26.44700050354004,26.44700050354004,0
1993-05-05,26.41699981689453,27.163000106811523,26.41699981689453,26.979000091552734,0
1993-05-06,26.2549991607666,26.538000106811523,26.184999465942383,26.45800018310547,0
1993-05-07,26.011999130249023,26.28700065612793,25.97800064086914,26.284000396728516,0
1993-05-10,26.107999801635742,26.23900032043457,26.020000457763672,26.038000106811523,0
1993-05-11,26.658000946044922,26.679000854492188,26.040000915527344,26.118000030517578,0
1993-05-12,26.591999053955078,26.694000244140625,26.434999465942383,26.593000411987305,0
1993-05-13,25.844999313354492,26.388999938964844,25.843000411987305,26.388999938964844,0
1993-05-14,25.323999404907227,25.80500030517578,25.219999313354492,25.80500030517578,0
1993-05-17,25.323999404907227,25.381000518798828,25.01799964904785,25.341999053955078,0
1993-05-18,25.434999465942383,25.68899917602539,25.347999572753906,25.35700035095215,0
1993-05-19,25.996999740600586,26.055999755859375,25.023000717163086,25.461000442504883,0
1993-05-20,26.114999771118164,26.292999267578125,26.016000747680664,26.06800079345703,0
1993-05-21,25.67799949645996,26.115999221801758,25.604000091552734,26.049999237060547,0
1993-05-24,25.775999069213867,25.81599998474121,25.665000915527344,25.66900062561035,0
1993-05-25,25.93600082397461,25.97100067138672,25.785999298095703,25.860000610351562,0
1993-05-26,26.60099983215332,26.62700080871582,26.006999969482422,26.01099967956543,0
1993-05-27,26.36400032043457,26.68000030517578,26.280000686645508,26.624000549316406,0
1993-05-28,26.20199966430664,26.33300018310547,26.042999267578125,26.327999114990234,0
1993-06-01,26.277999877929688,26.37700080871582,26.16699981689453,26.22800064086914,0
1993-06-02,26.19099998474121,26.326000213623047,26.099000930786133,26.275999069213867,0
1993-06-03,26.10300064086914,26.155000686645508,26.02400016784668,26.152999877929688,0
1993-06-04,25.52199935913086,26.020000457763672,25.461999893188477,26.020000457763672,0
1993-06-07,24.729000091552734,25.516000747680664,24.70199966430664,25.516000747680664,0
1993-06-08,24.815000534057617,24.98900032043457,24.691999435424805,24.71500015258789,0
1993-06-09,25.099000930786133,25.2450008392334,24.871000289916992,24.875,0
1993-06-10,25.156999588012695,25.229000091552734,24.993000030517578,25.113000869750977,0
1993-06-11,25.687000274658203,25.695999145507812,25.38800048828125,25.38800048828125,0
1993-06-14,25.863000869750977,25.89299964904785,25.71500015258789,25.724000930786133,0
1993-06-15,25.947999954223633,26.139999389648438,25.94099998474121,25.950000762939453,0
1993-06-16,25.87299919128418,26.003999710083008,25.749000549316406,25.993999481201172,0
1993-06-17,26.077999114990234,26.107999801635742,25.871000289916992,25.871000289916992,0
1993-06-18,26.003000259399414,26.134000778198242,25.996000289916992,26.05299949645996,0
1993-06-21,26.31800079345703,26.31999969482422,26.013999938964844,26.034000396728516,0
1993-06-22,26.687999725341797,26.690000534057617,26.325000762939453,26.34000015258789,0
1993-06-23,26.326000213623047,26.597999572753906,26.326000213623047,26.597999572753906,0
1993-06-24,26.774999618530273,26.805999755859375,26.319000244140625,26.319000244140625,0
1993-06-25,26.79400062561035,26.87299919128418,26.739999771118164,26.780000686645508,0
1993-06-28,27.52400016784668,27.534000396728516,26.864999771118164,26.864999771118164,0
1993-06-29,27.23200035095215,27.527999877929688,27.2189998626709,27.527999877929688,0
1993-06-30,27.406999588012695,27.43000030517578,27.23200035095215,27.23200035095215,0
1993-07-01,27.524999618530273,27.554000854492188,27.41900062561035,27.461000442504883,0
1993-07-02,27.268999099731445,27.475000381469727,27.219999313354492,27.475000381469727,0
1993-07-06,27.41699981689453,27.58799934387207,27.365999221801758,27.430999755859375,0
1993-07-07,27.506999969482422,27.5939998626709,27.450000762939453,27.457000732421875,0
1993-07-08,28.135000228881836,28.139999389648438,27.51099967956543,27.516000747680664,0
1993-07-09,28.010000228881836,28.128000259399414,27.982999801635742,28.128000259399414,0
1993-07-12,28.03700065612793,28.131000518798828,28.01799964904785,28.040000915527344,0
1993-07-13,27.625,28.06399917602539,27.625,28.06399917602539,0
1993-07-14,27.280000686645508,27.64900016784668,27.243999481201172,27.60700035095215,0
1993-07-15,27.506999969482422,27.510000228881836,27.238000869750977,27.256000518798828,0
1993-07-16,27.541000366210938,27.621999740600586,27.518999099731445,27.524999618530273,0
1993-07-19,27.652000427246094,27.72599983215332,27.569000244140625,27.618999481201172,0
1993-07-20,27.427000045776367,27.71500015258789,27.41699981689453,27.652999877929688,0
1993-07-21,27.47100067138672,27.47100067138672,27.26799964904785,27.408000946044922,0
1993-07-22,27.256999969482422,27.520999908447266,27.20400047302246,27.476999282836914,0
1993-07-23,27.316999435424805,27.332000732421875,27.170000076293945,27.198999404907227,0
1993-07-26,27.613000869750977,27.632999420166016,27.315000534057617,27.315000534057617,0
1993-07-27,27.66699981689453,27.7450008392334,27.53700065612793,27.618999481201172,0
1993-07-28,27.611000061035156,27.65999984741211,27.53700065612793,27.65999984741211,0
1993-07-29,27.885000228881836,27.934999465942383,27.645999908447266,27.649999618530273,0
1993-07-30,27.697999954223633,27.916000366210938,27.628999710083008,27.909000396728516,0
1993-08-02,27.687000274658203,27.753999710083008,27.652000427246094,27.68899917602539,0
1993-08-03,27.6299991607666,27.819000244140625,27.601999282836914,27.7450008392334,0
1993-08-04,27.733999252319336,27.781999588012695,27.57900047302246,27.64299964904785,0
1993-08-05,27.774999618530273,27.913000106811523,27.733999252319336,27.812000274658203,0
1993-08-06,27.808000564575195,27.816999435424805,27.722999572753906,27.797000885009766,0
1993-08-09,28.02199935913086,28.06800079345703,27.81399917602539,27.823999404907227,0
1993-08-10,27.95199966430664,28.031999588012695,27.915000915527344,27.981000900268555,0
1993-08-11,28.00200080871582,28.075000762939453,27.96500015258789,27.9689998626709,0
1993-08-12,28.020999908447266,28.108999252319336,27.886999130249023,28.041000366210938,0
1993-08-13,28.006000518798828,28.086999893188477,27.966999053955078,28.06599998474121,0
1993-08-16,27.73900032043457,28.06399917602539,27.707000732421875,28.003999710083008,0
1993-08-17,27.416000366210938,27.726999282836914,27.37299919128418,27.726999282836914,0
1993-08-18,27.499000549316406,27.636999130249023,27.458999633789062,27.499000549316406,0
1993-08-19,27.395999908447266,27.51799964904785,27.356000900268555,27.511999130249023,0
1993-08-20,27.378000259399414,27.476999282836914,27.365999221801758,27.408000946044922,0
1993-08-23,27.381000518798828,27.381000518798828,27.27199935913086,27.3700008392334,0
1993-08-24,27.781999588012695,27.791000366210938,27.30699920654297,27.375,0
1993-08-25,27.88599967956543,28.02400016784668,27.774999618530273,27.780000686645508,0
1993-08-26,27.965999603271484,28.101999282836914,27.756000518798828,27.891000747680664,0
1993-08-27,27.816999435424805,27.93199920654297,27.7450008392334,27.93199920654297,0
1993-08-30,27.732999801635742,27.875999450683594,27.679000854492188,27.822999954223633,0
1993-08-31,27.78499984741211,27.78499984741211,27.615999221801758,27.70199966430664,0
1993-09-01,27.687999725341797,27.760000228881836,27.625999450683594,27.760000228881836,0
1993-09-02,27.520999908447266,27.73699951171875,27.507999420166016,27.69499969482422,0
1993-09-03,27.766000747680664,27.812999725341797,27.43000030517578,27.520999908447266,0
1993-09-07,27.819000244140625,28.031999588012695,27.79400062561035,27.79400062561035,0
1993-09-08,27.937999725341797,27.958999633789062,27.750999450683594,27.82699966430664,0
1993-09-09,28.56100082397461,28.566999435424805,27.812000274658203,27.86199951171875,0
1993-09-10,28.966999053955078,28.97800064086914,28.621000289916992,28.621000289916992,0
1993-09-13,28.71299934387207,29.05900001525879,28.658000946044922,28.992000579833984,0
1993-09-14,28.334999084472656,28.545000076293945,28.283000946044922,28.541000366210938,0
1993-09-15,28.138999938964844,28.268999099731445,27.979000091552734,28.267000198364258,0
1993-09-16,28.009000778198242,28.141000747680664,27.94700050354004,28.11199951171875,0
1993-09-17,27.958999633789062,27.964000701904297,27.80900001525879,27.886999130249023,0
1993-09-20,27.94499969482422,28.229999542236328,27.92799949645996,27.979000091552734,0
1993-09-21,27.52400016784668,28.018999099731445,27.386999130249023,27.966999053955078,0
1993-09-22,27.83099937438965,27.867000579833984,27.63599967956543,27.63599967956543,0
1993-09-23,27.87700080871582,27.96500015258789,27.801000595092773,27.874000549316406,0
1993-09-24,28.19300079345703,28.256000518798828,27.84600067138672,27.858999252319336,0
1993-09-27,28.676000595092773,28.69300079345703,28.229000091552734,28.229000091552734,0
1993-09-28,28.823999404907227,28.843000411987305,28.650999069213867,28.655000686645508,0
1993-09-29,28.85300064086914,29.014999389648438,28.777999877929688,28.781999588012695,0
1993-09-30,28.860000610351562,28.961999893188477,28.83799934387207,28.857999801635742,0
1993-10-01,29.038000106811523,29.038999557495117,28.809999465942383,28.857999801635742,0
1993-10-04,29.0939998626709,29.176000595092773,29.038999557495117,29.04400062561035,0
1993-10-05,28.93600082397461,29.19499969482422,28.857999801635742,29.1299991607666,0
1993-10-06,28.98200035095215,29.148000717163086,28.958999633789062,28.958999633789062,0
1993-10-07,28.922000885009766,29.023000717163086,28.9060001373291,28.968000411987305,0
1993-10-08,28.996000289916992,29.1299991607666,28.791000366210938,28.990999221801758,0
1993-10-11,28.97100067138672,29.076000213623047,28.893999099731445,29.047000885009766,0
1993-10-12,29.222999572753906,29.23699951171875,29.030000686645508,29.030000686645508,0
1993-10-13,29.44700050354004,29.44700050354004,29.225000381469727,29.22800064086914,0
1993-10-14,28.926000595092773,29.48200035095215,28.82699966430664,29.441999435424805,0
1993-10-15,28.47599983215332,28.999000549316406,28.351999282836914,28.96299934387207,0
1993-10-18,27.481000900268555,28.527000427246094,27.354999542236328,28.503999710083008,0
1993-10-19,27.239999771118164,27.79599952697754,27.179000854492188,27.482999801635742,0
1993-10-20,27.371000289916992,27.593000411987305,27.31999969482422,27.368000030517578,0
1993-10-21,27.55299949645996,27.575000762939453,27.358999252319336,27.405000686645508,0
1993-10-22,27.485000610351562,27.83300018310547,27.4060001373291,27.61400032043457,0
1993-10-25,27.305999755859375,27.56100082397461,27.218000411987305,27.510000228881836,0
1993-10-26,27.01300048828125,27.323999404907227,26.805999755859375,27.31599998474121,0
1993-10-27,26.83300018310547,27.065000534057617,26.729999542236328,26.975000381469727,0
1993-10-28,26.82699966430664,27.05699920654297,26.729999542236328,26.81100082397461,0
1993-10-29,26.781999588012695,26.91699981689453,26.68199920654297,26.839000701904297,0
1993-11-01,27.054000854492188,27.12700080871582,26.73699951171875,26.749000549316406,0
1993-11-02,26.746000289916992,27.017000198364258,26.68199920654297,27.017000198364258,0
1993-11-03,26.141000747680664,26.718000411987305,26.027000427246094,26.718000411987305,0
1993-11-04,25.53499984741211,26.240999221801758,25.51300048828125,26.152999877929688,0
1993-11-05,26.19700050354004,26.204999923706055,25.506999969482422,25.58300018310547,0
1993-11-08,26.110000610351562,26.26799964904785,25.979999542236328,26.239999771118164,0
1993-11-09,26.259000778198242,26.56999969482422,26.216999053955078,26.357999801635742,0
1993-11-10,26.309999465942383,26.309999465942383,26.075000762939453,26.268999099731445,0
1993-11-11,26.014999389648438,26.361000061035156,25.976999282836914,26.28700065612793,0
1993-11-12,26.239999771118164,26.290000915527344,26.076000213623047,26.100000381469727,0
1993-11-15,25.992000579833984,26.273000717163086,25.957000732421875,26.266000747680664,0
1993-11-16,26.17300033569336,26.19099998474121,25.89900016784668,26.051000595092773,0
1993-11-17,25.937999725341797,26.277999877929688,25.83300018310547,26.20400047302246,0
1993-11-18,25.84000015258789,25.95199966430664,25.718000411987305,25.948999404907227,0
1993-11-19,25.743000030517578,25.78499984741211,25.538000106811523,25.78499984741211,0
1993-11-22,25.527999877929688,25.70400047302246,25.384000778198242,25.69700050354004,0
1993-11-23,25.958999633789062,25.97100067138672,25.586000442504883,25.586000442504883,0
1993-11-24,25.923999786376953,26.072999954223633,25.923999786376953,26.000999450683594,0
1993-11-26,26.059999465942383,26.062999725341797,25.96299934387207,25.96299934387207,0
1993-11-29,26.30299949645996,26.42099952697754,26.108999252319336,26.108999252319336,0
1993-11-30,26.281999588012695,26.444000244140625,26.216999053955078,26.30299949645996,0
1993-12-01,26.426000595092773,26.57900047302246,26.398000717163086,26.398000717163086,0
1993-12-02,26.530000686645508,26.547000885009766,26.398000717163086,26.458999633789062,0
1993-12-03,26.606000900268555,26.606000900268555,26.378000259399414,26.555999755859375,0
1993-12-06,26.891000747680664,26.9060001373291,26.645000457763672,26.645000457763672,0
1993-12-07,26.937000274658203,26.940000534057617,26.84000015258789,26.895999908447266,0
1993-12-08,27.070999145507812,27.08300018310547,26.857999801635742,26.886999130249023,0
1993-12-09,26.85700035095215,27.104000091552734,26.81599998474121,27.10099983215332,0
1993-12-10,26.687999725341797,26.882999420166016,26.573999404907227,26.864999771118164,0
1993-12-13,26.700000762939453,26.700000762939453,26.43400001525879,26.62299919128418,0
1993-12-14,26.634000778198242,26.704999923706055,26.527000427246094,26.697999954223633,0
1993-12-15,26.52899932861328,26.687000274658203,26.52199935913086,26.615999221801758,0
1993-12-16,27.062999725341797,27.07900047302246,26.61199951171875,26.61199951171875,0
1993-12-17,27.475000381469727,27.475000381469727,27.200000762939453,27.20400047302246,0
1993-12-20,27.677000045776367,27.759000778198242,27.4060001373291,27.43000030517578,0
1993-12-21,27.457000732421875,27.631999969482422,27.341999053955078,27.631999969482422,0
1993-12-22,27.461000442504883,27.475000381469727,27.27400016784668,27.45800018310547,0
1993-12-23,27.5310001373291,27.67099952697754,27.41900062561035,27.43400001525879,0
1993-12-27,27.70599937438965,27.70599937438965,27.554000854492188,27.576000213623047,0
1993-12-28,27.764999389648438,27.773000717163086,27.645000457763672,27.67300033569336,0
1993-12-29,27.547000885009766,27.805999755859375,27.507999420166016,27.767000198364258,0
1993-12-30,27.45199966430664,27.488000869750977,27.344999313354492,27.488000869750977,0
1993-12-31,27.267000198364258,27.569000244140625,27.267000198364258,27.42300033569336,0
1994-01-03,27.083999633789062,27.297000885009766,26.961000442504883,27.229999542236328,0
1994-01-04,27.09000015258789,27.155000686645508,27.02400016784668,27.06999969482422,0
1994-01-05,27.0310001373291,27.118000030517578,26.893999099731445,27.099000930786133,0
1994-01-06,26.871000289916992,27.17099952697754,26.867000579833984,27.094999313354492,0
1994-01-07,27.48900032043457,27.5,26.888999938964844,26.888999938964844,0
1994-01-10,27.7549991607666,27.767000198364258,27.457000732421875,27.472999572753906,0
1994-01-11,27.68899917602539,27.799999237060547,27.577999114990234,27.738000869750977,0
1994-01-12,27.69099998474121,27.832000732421875,27.5049991607666,27.718000411987305,0
1994-01-13,27.840999603271484,27.840999603271484,27.513999938964844,27.655000686645508,0
1994-01-14,28.097999572753906,28.10099983215332,27.847000122070312,27.847000122070312,0
1994-01-17,27.944000244140625,28.097999572753906,27.79199981689453,28.083999633789062,0
1994-01-18,27.77400016784668,28.000999450683594,27.716999053955078,27.95199966430664,0
1994-01-19,27.375,27.753999710083008,27.27400016784668,27.740999221801758,0
1994-01-20,27.381999969482422,27.381999969482422,27.246000289916992,27.363000869750977,0
1994-01-21,27.34000015258789,27.374000549316406,27.21299934387207,27.3439998626709,0
1994-01-24,27.23900032043457,27.38599967956543,27.156999588012695,27.329999923706055,0
1994-01-25,27.055999755859375,27.236000061035156,27.03499984741211,27.229999542236328,0
1994-01-26,27.483999252319336,27.5310001373291,27.033000946044922,27.05299949645996,0
1994-01-27,27.915000915527344,27.934999465942383,27.516000747680664,27.516000747680664,0
1994-01-28,28.20800018310547,28.219999313354492,28.025999069213867,28.025999069213867,0
1994-01-31,28.415000915527344,28.559999465942383,28.253999710083008,28.253999710083008,0
1994-02-01,28.253999710083008,28.37700080871582,28.13800048828125,28.37700080871582,0
1994-02-02,28.323999404907227,28.3439998626709,28.222999572753906,28.26300048828125,0
1994-02-03,27.98900032043457,28.277999877929688,27.913999557495117,28.277999877929688,0
1994-02-04,27.20599937438965,28.13800048828125,27.13599967956543,27.983999252319336,0
1994-02-07,27.2450008392334,27.28499984741211,27.013999938964844,27.118000030517578,0
1994-02-08,27.08099937438965,27.295000076293945,27.065000534057617,27.246000289916992,0
1994-02-09,27.312999725341797,27.31599998474121,27.090999603271484,27.104999542236328,0
1994-02-10,27.101999282836914,27.336999893188477,27.051000595092773,27.312999725341797,0
1994-02-11,27.093000411987305,27.261999130249023,26.941999435424805,27.100000381469727,0
1994-02-14,27.0049991607666,27.1560001373291,26.93000030517578,27.131999969482422,0
1994-02-15,27.007999420166016,27.06599998474121,26.927000045776367,26.990999221801758,0
1994-02-16,27.016000747680664,27.09000015258789,26.93600082397461,27.038000106811523,0
1994-02-17,26.922000885009766,27.235000610351562,26.822999954223633,27.097999572753906,0
1994-02-18,26.819000244140625,27.014999389648438,26.70800018310547,26.961999893188477,0
1994-02-22,27.208999633789062,27.214000701904297,26.839000701904297,26.867000579833984,0
1994-02-23,27.216999053955078,27.381000518798828,27.12299919128418,27.225000381469727,0
1994-02-24,26.85300064086914,27.263999938964844,26.85300064086914,27.11199951171875,0
1994-02-25,27.20199966430664,27.23699951171875,26.8799991607666,26.913000106811523,0
1994-02-28,27.19499969482422,27.3439998626709,27.18400001525879,27.256000518798828,0
1994-03-01,26.958999633789062,27.183000564575195,26.792999267578125,27.177000045776367,0
1994-03-02,26.69700050354004,26.763999938964844,26.382999420166016,26.74799919128418,0
1994-03-03,26.43899917602539,26.704999923706055,26.398000717163086,26.66699981689453,0
1994-03-04,26.55500030517578,26.735000610351562,26.347999572753906,26.4689998626709,0
1994-03-07,26.393999099731445,26.77400016784668,26.37700080871582,26.65399932861328,0
1994-03-08,26.445999145507812,26.481000900268555,26.350000381469727,26.41699981689453,0
1994-03-09,26.413000106811523,26.466999053955078,26.26300048828125,26.45400047302246,0
1994-03-10,26.32699966430664,26.44300079345703,26.222000122070312,26.426000595092773,0
1994-03-11,26.73900032043457,26.81100082397461,26.216999053955078,26.316999435424805,0
1994-03-14,27.01099967956543,27.051000595092773,26.781999588012695,26.797000885009766,0
1994-03-15,27.183000564575195,27.239999771118164,27.01300048828125,27.018999099731445,0
1994-03-16,27.674999237060547,27.722000122070312,27.100000381469727,27.180999755859375,0
1994-03-17,27.523000717163086,27.663999557495117,27.49799919128418,27.65999984741211,0
1994-03-18,27.38599967956543,27.51300048828125,27.291000366210938,27.51300048828125,0
1994-03-21,27.33799934387207,27.375999450683594,27.156999588012695,27.375999450683594,0
1994-03-22,27.44099998474121,27.604999542236328,27.25200080871582,27.295000076293945,0
1994-03-23,27.440000534057617,27.697999954223633,27.440000534057617,27.441999435424805,0
1994-03-24,27.29400062561035,27.391000747680664,27.13800048828125,27.389999389648438,0
1994-03-25,26.94300079345703,27.27400016784668,26.94300079345703,27.27400016784668,0
1994-03-28,26.988000869750977,27.073999404907227,26.768999099731445,26.983999252319336,0
1994-03-29,26.565000534057617,27.01300048828125,26.545000076293945,27.0049991607666,0
1994-03-30,26.10300064086914,26.507999420166016,26.10300064086914,26.507999420166016,0
1994-03-31,26.31800079345703,26.427000045776367,25.783000946044922,26.12700080871582,0
1994-04-04,25.829999923706055,26.097000122070312,25.695999145507812,26.097000122070312,0
1994-04-05,26.40399932861328,26.40399932861328,25.98900032043457,25.989999771118164,0
1994-04-06,26.617000579833984,26.642000198364258,26.229000091552734,26.41699981689453,0
1994-04-07,27.145999908447266,27.165000915527344,26.48200035095215,26.65999984741211,0
1994-04-08,27.316999435424805,27.375,26.97100067138672,27.07900047302246,0
1994-04-11,27.898000717163086,28.04800033569336,27.325000762939453,27.326000213623047,0
1994-04-12,27.899999618530273,27.954999923706055,27.690000534057617,27.886999130249023,0
1994-04-13,27.570999145507812,27.915000915527344,27.448999404907227,27.915000915527344,0
1994-04-14,27.83099937438965,27.83099937438965,27.29800033569336,27.517000198364258,0
1994-04-15,27.878000259399414,28.006000518798828,27.687000274658203,27.78700065612793,0
1994-04-18,27.69700050354004,28.03700065612793,27.538999557495117,27.906999588012695,0
1994-04-19,27.719999313354492,27.75200080871582,27.457000732421875,27.71500015258789,0
1994-04-20,27.430999755859375,27.847999572753906,27.36400032043457,27.70199966430664,0
1994-04-21,27.64299964904785,27.656999588012695,27.274999618530273,27.447999954223633,0
1994-04-22,27.334999084472656,27.677000045776367,27.31999969482422,27.648000717163086,0
1994-04-25,27.31100082397461,27.458999633789062,27.15399932861328,27.339000701904297,0
1994-04-26,27.15999984741211,27.375,27.132999420166016,27.327999114990234,0
1994-04-28,26.924999237060547,27.163999557495117,26.902999877929688,27.142000198364258,0
1994-04-29,27.240999221801758,27.240999221801758,26.85300064086914,26.924999237060547,0
1994-05-02,27.34600067138672,27.458999633789062,27.066999435424805,27.240999221801758,0
1994-05-03,27.447999954223633,27.514999389648438,27.343000411987305,27.34600067138672,0
1994-05-04,27.490999221801758,27.527000427246094,27.209999084472656,27.447999954223633,0
1994-05-05,27.57699966430664,27.59000015258789,27.47800064086914,27.490999221801758,0
1994-05-06,27.25,27.57699966430664,27.156999588012695,27.57699966430664,0
1994-05-09,27.025999069213867,27.257999420166016,27.009000778198242,27.25,0
1994-05-10,27.452999114990234,27.549999237060547,27.025999069213867,27.025999069213867,0
1994-05-11,27.270000457763672,27.45599937438965,27.22100067138672,27.452999114990234,0
1994-05-12,27.288999557495117,27.413999557495117,27.270000457763672,27.270000457763672,0
1994-05-13,27.44700050354004,27.527999877929688,27.091999053955078,27.288999557495117,0
1994-05-16,27.649999618530273,27.656999588012695,27.41200065612793,27.44700050354004,0
1994-05-17,28.184999465942383,28.19099998474121,27.674999237060547,27.676000595092773,0
1994-05-18,28.66900062561035,28.701000213623047,28.280000686645508,28.280000686645508,0
1994-05-19,28.68400001525879,28.72599983215332,28.476999282836914,28.642000198364258,0
1994-05-20,28.406999588012695,28.597999572753906,28.395000457763672,28.597999572753906,0
1994-05-23,28.31100082397461,28.391000747680664,28.18899917602539,28.38800048828125,0
1994-05-24,28.61199951171875,28.77199935913086,28.354000091552734,28.354000091552734,0
1994-05-25,28.6299991607666,28.643999099731445,28.371999740600586,28.538999557495117,0
1994-05-26,28.648000717163086,28.7549991607666,28.62700080871582,28.634000778198242,0
1994-05-27,28.7450008392334,28.7450008392334,28.46500015258789,28.59000015258789,0
1994-05-31,28.849000930786133,28.929000854492188,28.58099937438965,28.695999145507812,0
1994-06-01,29.253999710083008,29.29599952697754,28.746000289916992,28.841999053955078,0
1994-06-02,29.27199935913086,29.30699920654297,29.18000030517578,29.25,0
1994-06-03,29.402000427246094,29.482999801635742,29.108999252319336,29.253999710083008,0
1994-06-06,29.593000411987305,29.638999938964844,29.49799919128418,29.49799919128418,0
1994-06-07,29.429000854492188,29.6299991607666,29.417999267578125,29.554000854492188,0
1994-06-08,29.39299964904785,29.542999267578125,29.297000885009766,29.47800064086914,0
1994-06-09,29.38800048828125,29.444000244140625,29.323999404907227,29.413000106811523,0
1994-06-10,29.506000518798828,29.562000274658203,29.386999130249023,29.405000686645508,0
1994-06-13,29.86400032043457,29.871000289916992,29.469999313354492,29.496000289916992,0
1994-06-14,29.797000885009766,29.976999282836914,29.770999908447266,29.86400032043457,0
1994-06-15,29.599000930786133,29.836000442504883,29.530000686645508,29.81399917602539,0
1994-06-16,29.28700065612793,29.58799934387207,29.229000091552734,29.58799934387207,0
1994-06-17,28.961000442504883,29.371000289916992,28.94499969482422,29.36199951171875,0
1994-06-20,28.610000610351562,28.847000122070312,28.53700065612793,28.847000122070312,0
1994-06-21,28.305999755859375,28.593000411987305,28.145000457763672,28.569000244140625,0
1994-06-22,28.54599952697754,28.649999618530273,28.386999130249023,28.409000396728516,0
1994-06-23,28.261999130249023,28.542999267578125,28.232999801635742,28.542999267578125,0
1994-06-24,27.80299949645996,28.187999725341797,27.756999969482422,28.18000030517578,0
1994-06-27,28.27899932861328,28.33799934387207,27.604000091552734,27.767000198364258,0
1994-06-28,28.08099937438965,28.305999755859375,27.857999801635742,28.29400062561035,0
1994-06-29,28.28700065612793,28.430999755859375,28.079999923706055,28.121999740600586,0
1994-06-30,28.04199981689453,28.327999114990234,27.95599937438965,28.29800033569336,0
1994-07-01,28.18000030517578,28.183000564575195,27.992000579833984,28.083999633789062,0
1994-07-05,28.20199966430664,28.323999404907227,28.075000762939453,28.145000457763672,0
1994-07-06,28.259000778198242,28.260000228881836,27.986000061035156,28.17799949645996,0
1994-07-07,28.360000610351562,28.400999069213867,28.266000747680664,28.340999603271484,0
1994-07-08,28.20800018310547,28.28499984741211,28.097999572753906,28.273000717163086,0
1994-07-11,28.079999923706055,28.256999969482422,27.90999984741211,28.204999923706055,0
1994-07-12,28.07200050354004,28.124000549316406,27.916000366210938,28.073999404907227,0
1994-07-13,28.172000885009766,28.224000930786133,28.089000701904297,28.089000701904297,0
1994-07-14,28.62299919128418,28.642000198364258,28.21500015258789,28.229999542236328,0
1994-07-15,28.632999420166016,28.635000228881836,28.506000518798828,28.586999893188477,0
1994-07-18,28.759000778198242,28.777000427246094,28.555999755859375,28.628999710083008,0
1994-07-19,28.2810001373291,28.7549991607666,28.2810001373291,28.7549991607666,0
1994-07-20,27.979999542236328,28.298999786376953,27.85300064086914,28.292999267578125,0
1994-07-21,28.163999557495117,28.194000244140625,27.841999053955078,27.996999740600586,0
1994-07-22,28.104999542236328,28.280000686645508,28.027000427246094,28.216999053955078,0
1994-07-25,28.158000946044922,28.224000930786133,28.077999114990234,28.08099937438965,0
1994-07-26,28.257999420166016,28.273000717163086,28.03700065612793,28.152000427246094,0
1994-07-27,28.121000289916992,28.222999572753906,28.009000778198242,28.222999572753906,0
1994-07-28,28.33300018310547,28.395999908447266,28.04800033569336,28.07200050354004,0
1994-07-29,28.60700035095215,28.722000122070312,28.413999557495117,28.413999557495117,0
1994-08-01,28.71500015258789,28.715999603271484,28.458999633789062,28.58099937438965,0
1994-08-02,28.60300064086914,28.823999404907227,28.60099983215332,28.73900032043457,0
1994-08-03,28.625999450683594,28.625999450683594,28.461000442504883,28.566999435424805,0
1994-08-04,28.527000427246094,28.601999282836914,28.493000030517578,28.600000381469727,0
1994-08-05,28.440000534057617,28.496000289916992,28.340999603271484,28.496000289916992,0
1994-08-08,28.47100067138672,28.48900032043457,28.413999557495117,28.465999603271484,0
1994-08-09,28.52400016784668,28.540000915527344,28.400999069213867,28.469999313354492,0
1994-08-10,28.655000686645508,28.66900062561035,28.47599983215332,28.52199935913086,0
1994-08-11,28.665000915527344,28.767000198364258,28.520999908447266,28.643999099731445,0
1994-08-12,28.871000289916992,28.934999465942383,28.665000915527344,28.672000885009766,0
1994-08-15,28.850000381469727,28.945999145507812,28.788999557495117,28.8799991607666,0
1994-08-16,29.176000595092773,29.19099998474121,28.816999435424805,28.858999252319336,0
1994-08-17,29.07900047302246,29.202999114990234,29.04199981689453,29.179000854492188,0
1994-08-18,28.94300079345703,29.04599952697754,28.863000869750977,29.04599952697754,0
1994-08-19,28.95599937438965,29.027000427246094,28.882999420166016,28.972000122070312,0
1994-08-22,29.079999923706055,29.183000564575195,28.841999053955078,28.922000885009766,0
1994-08-23,29.238000869750977,29.400999069213867,29.100000381469727,29.100000381469727,0
1994-08-24,29.382999420166016,29.392000198364258,29.16699981689453,29.263999938964844,0
1994-08-25,29.18899917602539,29.40999984741211,29.165000915527344,29.357999801635742,0
1994-08-26,29.513999938964844,29.558000564575195,29.225000381469727,29.225000381469727,0
1994-08-29,29.570999145507812,29.746000289916992,29.54400062561035,29.552000045776367,0
1994-08-30,29.558000564575195,29.617000579833984,29.482999801635742,29.56399917602539,0
1994-08-31,29.601999282836914,29.6299991607666,29.440000534057617,29.542999267578125,0
1994-09-01,29.43400001525879,29.55699920654297,29.35700035095215,29.55699920654297,0
1994-09-02,29.333999633789062,29.538999557495117,29.304000854492188,29.4689998626709,0
1994-09-06,29.308000564575195,29.336000442504883,29.14299964904785,29.33099937438965,0
1994-09-07,29.20400047302246,29.290000915527344,29.143999099731445,29.288000106811523,0
1994-09-08,29.264999389648438,29.33799934387207,29.201000213623047,29.201000213623047,0
1994-09-09,28.844999313354492,29.145999908447266,28.716999053955078,29.145999908447266,0
1994-09-12,28.695999145507812,28.849000930786133,28.665000915527344,28.834999084472656,0
1994-09-13,28.709999084472656,28.86400032043457,28.632999420166016,28.75,0
1994-09-14,28.78700065612793,28.79599952697754,28.69300079345703,28.701000213623047,0
1994-09-15,29.014999389648438,29.014999389648438,28.764999389648438,28.77400016784668,0
1994-09-16,28.804000854492188,28.93400001525879,28.68000030517578,28.93400001525879,0
1994-09-19,28.510000228881836,28.864999771118164,28.48200035095215,28.798999786376953,0
1994-09-20,27.94700050354004,28.40999984741211,27.94700050354004,28.40999984741211,0
1994-09-21,28.01300048828125,28.045000076293945,27.804000854492188,27.961000442504883,0
1994-09-22,27.895999908447266,28.14900016784668,27.87700080871582,28.06399917602539,0
1994-09-23,27.70800018310547,27.93000030517578,27.663000106811523,27.885000228881836,0
1994-09-26,27.608999252319336,27.732999801635742,27.499000549316406,27.69700050354004,0
1994-09-27,27.485000610351562,27.719999313354492,27.472000122070312,27.57900047302246,0
1994-09-28,27.499000549316406,27.650999069213867,27.475000381469727,27.5,0
1994-09-29,27.37299919128418,27.548999786376953,27.27899932861328,27.489999771118164,0
1994-09-30,27.288999557495117,27.437999725341797,27.263999938964844,27.375,0
1994-10-03,27.128000259399414,27.36199951171875,27.107999801635742,27.297000885009766,0
1994-10-04,26.639999389648438,27.226999282836914,26.586000442504883,27.156999588012695,0
1994-10-05,26.618000030517578,26.643999099731445,26.23200035095215,26.607999801635742,0
1994-10-06,26.604000091552734,26.718000411987305,26.54400062561035,26.64900016784668,0
1994-10-07,26.82200050354004,26.89699935913086,26.590999603271484,26.60700035095215,0
1994-10-10,26.979999542236328,27.009000778198242,26.854000091552734,26.854000091552734,0
1994-10-11,27.225000381469727,27.35700035095215,27.066999435424805,27.070999145507812,0
1994-10-12,27.41699981689453,27.483999252319336,27.2189998626709,27.26799964904785,0
1994-10-13,27.586000442504883,27.875999450683594,27.582000732421875,27.639999389648438,0
1994-10-14,27.759000778198242,27.79599952697754,27.52400016784668,27.642000198364258,0
1994-10-17,27.65399932861328,27.82200050354004,27.638999938964844,27.7189998626709,0
1994-10-18,27.64699935913086,27.75,27.54199981689453,27.70199966430664,0
1994-10-19,27.801000595092773,27.871999740600586,27.469999313354492,27.621000289916992,0
1994-10-20,27.53700065612793,27.764999389648438,27.437000274658203,27.746999740600586,0
1994-10-21,27.288000106811523,27.53700065612793,27.277999877929688,27.53700065612793,0
1994-10-24,26.843000411987305,27.36199951171875,26.839000701904297,27.283000946044922,0
1994-10-25,26.81999969482422,26.91200065612793,26.66699981689453,26.795000076293945,0
1994-10-26,27.027999877929688,27.0310001373291,26.801000595092773,26.913999557495117,0
1994-10-27,27.385000228881836,27.385000228881836,27.11199951171875,27.11199951171875,0
1994-10-28,27.881999969482422,27.881999969482422,27.37299919128418,27.39299964904785,0
1994-10-31,27.863000869750977,27.961999893188477,27.78499984741211,27.889999389648438,0
1994-11-01,27.384000778198242,27.81399917602539,27.334999084472656,27.812000274658203,0
1994-11-02,27.232999801635742,27.485000610351562,27.187000274658203,27.33799934387207,0
1994-11-03,27.437999725341797,27.547000885009766,27.266000747680664,27.27400016784668,0
1994-11-04,27.160999298095703,27.523000717163086,27.156999588012695,27.510000228881836,0
1994-11-07,27.104999542236328,27.163000106811523,27.030000686645508,27.156999588012695,0
1994-11-08,27.24799919128418,27.347999572753906,27.018999099731445,27.111000061035156,0
1994-11-09,27.158000946044922,27.575000762939453,27.082000732421875,27.395000457763672,0
1994-11-10,27.079999923706055,27.320999145507812,27.01300048828125,27.184999465942383,0
1994-11-11,26.797000885009766,27.042999267578125,26.757999420166016,27.042999267578125,0
1994-11-14,26.906999588012695,26.98200035095215,26.84600067138672,26.84600067138672,0
1994-11-15,26.891000747680664,27.08799934387207,26.819000244140625,26.9060001373291,0
1994-11-16,26.56100082397461,26.982999801635742,26.53700065612793,26.885000228881836,0
1994-11-17,26.13800048828125,26.577999114990234,25.9689998626709,26.55500030517578,0
1994-11-18,25.809999465942383,26.118000030517578,25.67300033569336,26.118000030517578,0
1994-11-21,25.395999908447266,25.90999984741211,25.361000061035156,25.839000701904297,0
1994-11-22,24.961000442504883,25.534000396728516,24.927000045776367,25.378000259399414,0
1994-11-23,25.72599983215332,25.73699951171875,24.819000244140625,24.929000854492188,0
1994-11-25,25.920000076293945,25.990999221801758,25.72100067138672,25.76300048828125,0
1994-11-28,25.766000747680664,25.900999069213867,25.54199981689453,25.889999389648438,0
1994-11-29,25.959999084472656,25.993000030517578,25.621999740600586,25.71299934387207,0
1994-11-30,25.76799964904785,26.083999633789062,25.697999954223633,26.000999450683594,0
1994-12-01,25.485000610351562,25.799999237060547,25.42799949645996,25.767000198364258,0
1994-12-02,25.795000076293945,25.795000076293945,25.457000732421875,25.46500015258789,0
1994-12-05,25.9060001373291,26.05500030517578,25.829999923706055,25.829999923706055,0
1994-12-06,25.945999145507812,25.965999603271484,25.7189998626709,25.871999740600586,0
1994-12-07,25.815000534057617,25.975000381469727,25.761999130249023,25.860000610351562,0
1994-12-08,25.219999313354492,25.816999435424805,25.148000717163086,25.79800033569336,0
1994-12-09,25.386999130249023,25.43899917602539,25.11199951171875,25.21299934387207,0
1994-12-12,25.520000457763672,25.5310001373291,25.277000427246094,25.341999053955078,0
1994-12-13,25.96299934387207,26.16900062561035,25.56399917602539,25.565000534057617,0
1994-12-14,26.235000610351562,26.593000411987305,25.979000091552734,25.98200035095215,0
1994-12-15,26.10099983215332,26.304000854492188,26.10099983215332,26.267000198364258,0
1994-12-16,26.134000778198242,26.180999755859375,26.07699966430664,26.139999389648438,0
1994-12-19,26.259000778198242,26.31999969482422,26.04199981689453,26.108999252319336,0
1994-12-20,26.086999893188477,26.246999740600586,26.069000244140625,26.20599937438965,0
1994-12-21,25.97100067138672,26.253000259399414,25.97100067138672,26.077999114990234,0
1994-12-22,25.57900047302246,26.014999389648438,25.54599952697754,26.014999389648438,0
1994-12-23,25.68899917602539,25.756999969482422,25.614999771118164,25.614999771118164,0
1994-12-27,25.593000411987305,25.84000015258789,25.53700065612793,25.7549991607666,0
1994-12-28,25.558000564575195,25.613000869750977,25.389999389648438,25.573999404907227,0
1994-12-29,25.684999465942383,25.729000091552734,25.517000198364258,25.527000427246094,0
1994-12-30,25.475000381469727,25.714000701904297,25.474000930786133,25.676000595092773,0
1995-01-03,25.739999771118164,25.739999771118164,25.415000915527344,25.485000610351562,0
1995-01-04,25.983999252319336,25.983999252319336,25.780000686645508,25.780000686645508,0
1995-01-05,26.00200080871582,26.038999557495117,25.892000198364258,25.947999954223633,0
1995-01-06,26.062000274658203,26.22100067138672,25.999000549316406,26.006999969482422,0
1995-01-09,25.981000900268555,26.075000762939453,25.941999435424805,26.027999877929688,0
1995-01-10,26.027000427246094,26.18199920654297,25.979000091552734,25.996999740600586,0
1995-01-11,25.851999282836914,26.16200065612793,25.56800079345703,26.091999053955078,0
1995-01-12,25.791000366210938,25.875999450683594,25.70199966430664,25.858999252319336,0
1995-01-13,26.618000030517578,26.642000198364258,25.900999069213867,25.900999069213867,0
1995-01-16,27.138999938964844,27.28700065612793,26.628999710083008,26.649999618530273,0
1995-01-17,26.840999603271484,27.09600067138672,26.709999084472656,27.091999053955078,0
1995-01-18,26.445999145507812,26.784000396728516,26.408000946044922,26.775999069213867,0
1995-01-19,26.106000900268555,26.375999450683594,26.055999755859375,26.374000549316406,0
1995-01-20,25.97100067138672,26.107999801635742,25.87299919128418,26.099000930786133,0
1995-01-23,26.36400032043457,26.382999420166016,25.73200035095215,25.88800048828125,0
1995-01-24,26.339000701904297,26.506999969482422,26.30500030517578,26.361000061035156,0
1995-01-25,26.726999282836914,26.9060001373291,26.225000381469727,26.30500030517578,0
1995-01-26,26.87700080871582,26.884000778198242,26.674999237060547,26.73699951171875,0
1995-01-27,27.158000946044922,27.225000381469727,26.96500015258789,26.96500015258789,0
1995-01-30,27.006000518798828,27.159000396728516,26.927000045776367,27.145999908447266,0
1995-01-31,26.976999282836914,27.086000442504883,26.812999725341797,27.009000778198242,0
1995-02-01,26.906999588012695,27.141000747680664,26.832000732421875,27.02899932861328,0
1995-02-02,27.201000213623047,27.201000213623047,26.864999771118164,26.895999908447266,0
1995-02-03,27.99799919128418,28.118999481201172,27.322999954223633,27.322999954223633,0
1995-02-06,28.277999877929688,28.33099937438965,27.93000030517578,27.989999771118164,0
1995-02-07,28.152999877929688,28.42099952697754,28.124000549316406,28.298999786376953,0
1995-02-08,28.125999450683594,28.291000366210938,28.05900001525879,28.150999069213867,0
1995-02-09,27.92300033569336,28.17799949645996,27.922000885009766,28.143999099731445,0
1995-02-10,27.91900062561035,27.94700050354004,27.777999877929688,27.93400001525879,0
1995-02-13,27.979999542236328,28.048999786376953,27.899999618530273,27.910999298095703,0
1995-02-14,28.124000549316406,28.131000518798828,28.030000686645508,28.052000045776367,0
1995-02-15,28.239999771118164,28.44700050354004,28.089000701904297,28.159000396728516,0
1995-02-16,28.19499969482422,28.290000915527344,28.121000289916992,28.250999450683594,0
1995-02-17,28.108999252319336,28.235000610351562,28.107999801635742,28.19499969482422,0
1995-02-21,28.05299949645996,28.266000747680664,28.024999618530273,28.13599967956543,0
1995-02-22,28.23699951171875,28.33300018310547,28.05500030517578,28.05900001525879,0
1995-02-23,28.582000732421875,28.673999786376953,28.358999252319336,28.358999252319336,0
1995-02-24,28.7189998626709,28.7189998626709,28.457000732421875,28.562000274658203,0
1995-02-27,28.459999084472656,28.702999114990234,28.450000762939453,28.649999618530273,0
1995-02-28,28.716999053955078,28.716999053955078,28.445999145507812,28.464000701904297,0
1995-03-01,28.584999084472656,28.801000595092773,28.5310001373291,28.674999237060547,0
1995-03-02,28.60300064086914,28.60300064086914,28.454999923706055,28.586000442504883,0
1995-03-03,28.385000228881836,28.542999267578125,28.277000427246094,28.542999267578125,0
1995-03-06,28.179000854492188,28.323999404907227,27.986000061035156,28.323999404907227,0
1995-03-07,27.702999114990234,28.158000946044922,27.56999969482422,28.118999481201172,0
1995-03-08,27.618999481201172,27.90399932861328,27.55299949645996,27.738000869750977,0
1995-03-09,27.604999542236328,27.65399932861328,27.39900016784668,27.60700035095215,0
1995-03-10,28.069000244140625,28.179000854492188,27.582000732421875,27.6299991607666,0
1995-03-13,27.73200035095215,27.996999740600586,27.583999633789062,27.996999740600586,0
1995-03-14,27.85700035095215,27.913000106811523,27.71500015258789,27.774999618530273,0
1995-03-15,27.993000030517578,28.020999908447266,27.709999084472656,27.79599952697754,0
1995-03-16,28.170000076293945,28.19300079345703,27.93400001525879,27.950000762939453,0
1995-03-17,27.95599937438965,28.179000854492188,27.89699935913086,28.17300033569336,0
1995-03-20,27.922000885009766,27.97100067138672,27.82699966430664,27.948999404907227,0
1995-03-21,27.67099952697754,27.913999557495117,27.601999282836914,27.905000686645508,0
1995-03-22,27.775999069213867,27.802000045776367,27.607999801635742,27.69700050354004,0
1995-03-23,27.823999404907227,27.886999130249023,27.6560001373291,27.749000549316406,0
1995-03-24,28.042999267578125,28.062999725341797,27.833999633789062,27.840999603271484,0
1995-03-27,28.26300048828125,28.26300048828125,28.045000076293945,28.05299949645996,0
1995-03-28,28.395000457763672,28.395000457763672,28.19499969482422,28.246000289916992,0
1995-03-29,28.423999786376953,28.808000564575195,28.312999725341797,28.358999252319336,0
1995-03-30,28.357999801635742,28.621999740600586,28.291000366210938,28.51099967956543,0
1995-03-31,28.256000518798828,28.284000396728516,27.96299934387207,28.253999710083008,0
1995-04-03,28.422000885009766,28.44099998474121,28.256999969482422,28.26300048828125,0
1995-04-04,28.746999740600586,28.746999740600586,28.454999923706055,28.454999923706055,0
1995-04-05,28.93400001525879,28.93400001525879,28.635000228881836,28.729999542236328,0
1995-04-06,29.5,29.527000427246094,28.95400047302246,28.95400047302246,0
1995-04-07,29.591999053955078,29.636999130249023,29.388999938964844,29.527000427246094,0
1995-04-10,29.327999114990234,29.499000549316406,29.275999069213867,29.499000549316406,0
1995-04-11,29.149999618530273,29.43000030517578,29.114999771118164,29.350000381469727,0
1995-04-12,29.108999252319336,29.184999465942383,29.027999877929688,29.115999221801758,0
1995-04-13,29.35700035095215,29.3799991607666,29.16900062561035,29.16900062561035,0
1995-04-17,29.329999923706055,29.593000411987305,29.302000045776367,29.417999267578125,0
1995-04-18,29.490999221801758,29.499000549316406,29.315000534057617,29.398000717163086,0
1995-04-19,29.429000854492188,29.493999481201172,29.320999145507812,29.490999221801758,0
1995-04-20,29.280000686645508,29.402000427246094,29.23200035095215,29.395999908447266,0
1995-04-21,29.36199951171875,29.42300033569336,29.29400062561035,29.356000900268555,0
1995-04-24,29.513999938964844,29.520000457763672,29.209999084472656,29.298999786376953,0
1995-04-25,29.46299934387207,29.506999969482422,29.39699935913086,29.500999450683594,0
1995-04-26,29.53499984741211,29.55699920654297,29.343000411987305,29.43000030517578,0
1995-04-27,29.558000564575195,29.56999969482422,29.45199966430664,29.503999710083008,0
1995-04-28,29.402000427246094,29.541000366210938,29.222999572753906,29.5310001373291,0
1995-05-01,29.347999572753906,29.389999389648438,29.277000427246094,29.389999389648438,0
1995-05-02,29.445999145507812,29.47800064086914,29.30500030517578,29.32699966430664,0
1995-05-03,29.77199935913086,29.77199935913086,29.461999893188477,29.483999252319336,0
1995-05-04,30.16900062561035,30.427000045776367,29.836000442504883,29.836000442504883,0
1995-05-05,30.452999114990234,30.520999908447266,30.21500015258789,30.243000030517578,0
1995-05-08,30.777000427246094,30.804000854492188,30.299999237060547,30.41699981689453,0
1995-05-09,30.836999893188477,31.020999908447266,30.656999588012695,30.8439998626709,0
1995-05-10,30.875,30.96500015258789,30.708999633789062,30.878000259399414,0
1995-05-11,30.715999603271484,30.90999984741211,30.715999603271484,30.847999572753906,0
1995-05-12,30.89699935913086,30.982999801635742,30.656999588012695,30.677000045776367,0
1995-05-15,31.2810001373291,31.283000946044922,30.878000259399414,30.905000686645508,0
1995-05-16,31.395999908447266,31.476999282836914,31.30500030517578,31.320999145507812,0
1995-05-17,31.295000076293945,31.417999267578125,31.222999572753906,31.381999969482422,0
1995-05-18,31.011999130249023,31.26799964904785,30.986000061035156,31.249000549316406,0
1995-05-19,30.768999099731445,30.85099983215332,30.639999389648438,30.841999053955078,0
1995-05-22,31.158000946044922,31.18400001525879,30.777999877929688,30.805999755859375,0
1995-05-23,31.8439998626709,31.8439998626709,31.211000442504883,31.222000122070312,0
1995-05-24,31.961000442504883,32.14799880981445,31.791000366210938,31.920000076293945,0
1995-05-25,31.950000762939453,31.950000762939453,31.62299919128418,31.947999954223633,0
1995-05-26,31.660999298095703,31.843000411987305,31.579999923706055,31.843000411987305,0
1995-05-30,31.777999877929688,31.777999877929688,31.569000244140625,31.687999725341797,0
1995-05-31,32.308998107910156,32.308998107910156,31.643999099731445,31.71299934387207,0
1995-06-01,32.39400100708008,32.44300079345703,32.196998596191406,32.28799819946289,0
1995-06-02,32.85200119018555,33.071998596191406,32.23699951171875,32.35200119018555,0
1995-06-05,32.97800064086914,33.172000885009766,32.90399932861328,32.92499923706055,0
1995-06-06,32.650001525878906,33.00899887084961,32.641998291015625,32.94300079345703,0
1995-06-07,32.224998474121094,32.60200119018555,32.14899826049805,32.60200119018555,0
1995-06-08,31.743999481201172,32.202999114990234,31.704999923706055,32.19900131225586,0
1995-06-09,31.32699966430664,31.716999053955078,31.027000427246094,31.716999053955078,0
1995-06-12,31.424999237060547,31.611000061035156,31.31599998474121,31.31599998474121,0
1995-06-13,32.17599868774414,32.17599868774414,31.586000442504883,31.586000442504883,0
1995-06-14,32.119998931884766,32.2130012512207,31.961000442504883,32.14899826049805,0
1995-06-15,32.02000045776367,32.17100143432617,31.972999572753906,32.0890007019043,0
1995-06-16,31.906999588012695,32.11000061035156,31.868000030517578,32.09299850463867,0
1995-06-19,32.608001708984375,32.63999938964844,31.976999282836914,31.979999542236328,0
1995-06-20,32.97800064086914,33.05099868774414,32.54399871826172,32.60100173950195,0
1995-06-21,33.111000061035156,33.279998779296875,33.05799865722656,33.05799865722656,0
1995-06-22,33.43199920654297,33.50600051879883,33.154998779296875,33.154998779296875,0
1995-06-23,33.13999938964844,33.35300064086914,33.069000244140625,33.35300064086914,0
1995-06-26,32.816001892089844,33.090999603271484,32.78499984741211,33.090999603271484,0
1995-06-27,32.52899932861328,32.96099853515625,32.52899932861328,32.803001403808594,0
1995-06-28,32.95100021362305,33.012001037597656,32.41999816894531,32.571998596191406,0
1995-06-29,32.55099868774414,32.95399856567383,32.43199920654297,32.95399856567383,0
1995-06-30,32.388999938964844,32.784000396728516,32.38399887084961,32.63199996948242,0
1995-07-03,32.470001220703125,32.47200012207031,32.375999450683594,32.40700149536133,0
1995-07-05,32.619998931884766,32.70199966430664,32.422000885009766,32.49300003051758,0
1995-07-06,33.03499984741211,33.06100082397461,32.292999267578125,32.63399887084961,0
1995-07-07,33.35599899291992,33.513999938964844,32.992000579833984,33.02399826049805,0
1995-07-10,33.71099853515625,33.720001220703125,33.354000091552734,33.354000091552734,0
1995-07-11,33.49300003051758,33.65599822998047,33.382999420166016,33.65599822998047,0
1995-07-12,33.91400146484375,33.952999114990234,33.4370002746582,33.4900016784668,0
1995-07-13,34.21500015258789,34.21500015258789,33.86199951171875,33.9370002746582,0
1995-07-14,33.869998931884766,34.124000549316406,33.73400115966797,34.124000549316406,0
1995-07-17,33.42100143432617,33.941001892089844,33.36399841308594,33.89400100708008,0
1995-07-18,33.44200134277344,33.529998779296875,32.97700119018555,33.43899917602539,0
1995-07-19,33.132999420166016,33.50299835205078,32.38399887084961,33.349998474121094,0
1995-07-20,33.428001403808594,33.4640007019043,32.94300079345703,33.150001525878906,0
1995-07-21,33.00199890136719,33.39500045776367,32.95899963378906,33.39500045776367,0
1995-07-24,33.244998931884766,33.303001403808594,32.992000579833984,33.0359992980957,0
1995-07-25,33.60499954223633,33.6619987487793,33.176998138427734,33.28099822998047,0
1995-07-26,33.641998291015625,33.867000579833984,33.573001861572266,33.62799835205078,0
1995-07-27,33.8380012512207,33.87200164794922,33.68600082397461,33.68600082397461,0
1995-07-28,33.86399841308594,33.888999938964844,33.715999603271484,33.85900115966797,0
1995-07-31,33.80500030517578,33.880001068115234,33.70899963378906,33.82699966430664,0
1995-08-01,33.59199905395508,33.81800079345703,33.45600128173828,33.810001373291016,0
1995-08-02,33.7760009765625,34.08000183105469,33.7140007019043,33.742000579833984,0
1995-08-03,33.92900085449219,33.92900085449219,33.507999420166016,33.702999114990234,0
1995-08-04,33.97999954223633,34.005001068115234,33.84700012207031,33.99300003051758,0
1995-08-07,34.17300033569336,34.17300033569336,33.9640007019043,34.000999450683594,0
1995-08-08,34.39500045776367,34.4119987487793,34.21200180053711,34.21699905395508,0
1995-08-09,34.15399932861328,34.382999420166016,34.12799835205078,34.382999420166016,0
1995-08-10,34.16400146484375,34.38399887084961,34.0880012512207,34.154998779296875,0
1995-08-11,33.84700012207031,34.24700164794922,33.742000579833984,34.17100143432617,0
1995-08-14,33.94200134277344,33.95500183105469,33.81100082397461,33.83599853515625,0
1995-08-15,33.935001373291016,33.987998962402344,33.80699920654297,33.902000427246094,0
1995-08-16,34.178001403808594,34.178001403808594,33.9379997253418,33.9379997253418,0
1995-08-17,34.06800079345703,34.19300079345703,33.944000244140625,34.18000030517578,0
1995-08-18,34.28300094604492,34.42900085449219,34.19200134277344,34.19200134277344,0
1995-08-21,34.435001373291016,34.66999816894531,34.33399963378906,34.33399963378906,0
1995-08-22,34.51100158691406,34.525001525878906,34.28499984741211,34.404998779296875,0
1995-08-23,34.32699966430664,34.513999938964844,34.32699966430664,34.50400161743164,0
1995-08-24,34.45500183105469,34.48099899291992,34.222999572753906,34.369998931884766,0
1995-08-25,34.94200134277344,35.007999420166016,34.5099983215332,34.5099983215332,0
1995-08-28,36.012001037597656,36.012001037597656,35.055999755859375,35.055999755859375,0
1995-08-29,35.90999984741211,35.98899841308594,35.808998107910156,35.98899841308594,0
1995-08-30,36.047000885009766,36.047000885009766,35.861000061035156,35.87099838256836,0
1995-08-31,35.78200149536133,36.020999908447266,35.78200149536133,36.01100158691406,0
1995-09-01,35.933998107910156,35.933998107910156,35.650001525878906,35.757999420166016,0
1995-09-05,36.17399978637695,36.17399978637695,35.95000076293945,35.95899963378906,0
1995-09-06,36.24700164794922,36.347999572753906,36.16600036621094,36.176998138427734,0
1995-09-07,36.125999450683594,36.28499984741211,36.02299880981445,36.27899932861328,0
1995-09-08,36.45600128173828,36.45600128173828,36.178001403808594,36.19499969482422,0
1995-09-11,36.61199951171875,36.638999938964844,36.3849983215332,36.45899963378906,0
1995-09-12,36.882999420166016,36.882999420166016,36.597999572753906,36.64799880981445,0
1995-09-13,37.01100158691406,37.10499954223633,36.81100082397461,36.8380012512207,0
1995-09-14,37.4900016784668,37.4900016784668,37.07400131225586,37.07400131225586,0
1995-09-15,37.71799850463867,37.73099899291992,37.446998596191406,37.555999755859375,0
1995-09-18,37.28300094604492,37.55500030517578,37.141998291015625,37.520999908447266,0
1995-09-19,37.7869987487793,37.7869987487793,37.244998931884766,37.279998779296875,0
1995-09-20,37.856998443603516,37.87799835205078,37.68000030517578,37.79499816894531,0
1995-09-21,37.27899932861328,37.803001403808594,37.18000030517578,37.790000915527344,0
1995-09-22,37.09000015258789,37.117000579833984,36.92599868774414,37.117000579833984,0
1995-09-25,37.060001373291016,37.13600158691406,36.928001403808594,37.11399841308594,0
1995-09-26,37.11800003051758,37.17300033569336,37.00299835205078,37.07899856567383,0
1995-09-27,37.51300048828125,37.51499938964844,36.84199905395508,37.00899887084961,0
1995-09-28,37.76499938964844,37.76499938964844,37.428001403808594,37.49399948120117,0
1995-09-29,37.73400115966797,37.981998443603516,37.71099853515625,37.7599983215332,0
1995-10-02,37.79899978637695,37.941001892089844,37.66699981689453,37.72999954223633,0
1995-10-03,38.202999114990234,38.229000091552734,37.7869987487793,37.814998626708984,0
1995-10-04,38.70199966430664,38.78300094604492,38.12699890136719,38.17300033569336,0
1995-10-05,38.64699935913086,38.85200119018555,38.59299850463867,38.702999114990234,0
1995-10-06,38.869998931884766,38.96200180053711,38.54499816894531,38.57400131225586,0
1995-10-09,38.77799987792969,38.854000091552734,38.569000244140625,38.8120002746582,0
1995-10-10,38.72200012207031,38.762001037597656,38.40399932861328,38.59600067138672,0
1995-10-11,39.01300048828125,39.0359992980957,38.70500183105469,38.73099899291992,0
1995-10-12,39.41299819946289,39.41299819946289,39.06700134277344,39.06999969482422,0
1995-10-13,39.4630012512207,39.66899871826172,39.4630012512207,39.50299835205078,0
1995-10-16,39.50400161743164,39.67100143432617,39.37900161743164,39.49700164794922,0
1995-10-17,39.59000015258789,39.632999420166016,39.415000915527344,39.513999938964844,0
1995-10-18,40.04999923706055,40.340999603271484,39.66299819946289,39.67300033569336,0
1995-10-19,39.48699951171875,40.0620002746582,39.4109992980957,40.0620002746582,0
1995-10-20,38.845001220703125,39.50899887084961,38.77399826049805,39.48500061035156,0
1995-10-23,38.89899826049805,38.987998962402344,38.638999938964844,38.82600021362305,0
1995-10-24,38.28200149536133,39.02000045776367,38.242000579833984,38.96500015258789,0
1995-10-25,37.22700119018555,38.38999938964844,37.05799865722656,38.314998626708984,0
1995-10-26,36.84199905395508,37.21699905395508,35.992000579833984,37.20800018310547,0
1995-10-27,37.553001403808594,37.60100173950195,36.4370002746582,36.78099822998047,0
1995-10-30,37.17100143432617,37.64699935913086,36.766998291015625,37.60499954223633,0
1995-10-31,36.87300109863281,37.38199996948242,36.87300109863281,37.21799850463867,0
1995-11-01,37.53499984741211,37.558998107910156,36.69200134277344,36.83300018310547,0
1995-11-02,38.165000915527344,38.22700119018555,37.555999755859375,37.5989990234375,0
1995-11-03,37.801998138427734,38.14500045776367,37.66600036621094,38.141998291015625,0
1995-11-06,37.79499816894531,38.09700012207031,37.71699905395508,37.737998962402344,0
1995-11-07,37.650001525878906,37.763999938964844,37.5,37.763999938964844,0
1995-11-08,38.27199935913086,38.27199935913086,37.680999755859375,37.70100021362305,0
1995-11-09,38.65999984741211,38.672000885009766,38.191001892089844,38.2869987487793,0
1995-11-10,38.652000427246094,38.676998138427734,38.35599899291992,38.46200180053711,0
1995-11-13,38.28499984741211,38.624000549316406,38.266998291015625,38.61899948120117,0
1995-11-14,37.606998443603516,38.21099853515625,37.57899856567383,38.20600128173828,0
1995-11-15,37.66899871826172,37.68299865722656,37.428001403808594,37.53900146484375,0
1995-11-16,38.20500183105469,38.24700164794922,37.709999084472656,37.709999084472656,0
1995-11-17,38.54800033569336,38.54800033569336,38.257999420166016,38.257999420166016,0
1995-11-20,38.46699905395508,38.63399887084961,38.388999938964844,38.55099868774414,0
1995-11-21,38.85599899291992,38.86000061035156,38.4379997253418,38.4379997253418,0
1995-11-22,38.8650016784668,38.98899841308594,38.8380012512207,38.854000091552734,0
1995-11-24,38.840999603271484,38.880001068115234,38.82600021362305,38.867000579833984,0
1995-11-27,39.132999420166016,39.28099822998047,38.895999908447266,38.895999908447266,0
1995-11-28,39.43199920654297,39.43199920654297,38.94599914550781,39.11800003051758,0
1995-11-29,39.44599914550781,39.5890007019043,39.32400131225586,39.4010009765625,0
1995-11-30,39.50899887084961,39.7400016784668,39.481998443603516,39.50899887084961,0
1995-12-01,39.97100067138672,40.04800033569336,39.558998107910156,39.5629997253418,0
1995-12-04,40.72800064086914,40.770999908447266,39.98400115966797,39.98400115966797,0
1995-12-05,40.70899963378906,40.823001861572266,40.56700134277344,40.696998596191406,0
1995-12-06,41.196998596191406,41.202999114990234,40.86800003051758,40.86800003051758,0
1995-12-07,40.25899887084961,41.06800079345703,40.20399856567383,41.04199981689453,0
1995-12-08,40.46799850463867,40.5260009765625,40.17900085449219,40.37200164794922,0
1995-12-11,40.12699890136719,40.48099899291992,40.08100128173828,40.474998474121094,0
1995-12-12,39.85599899291992,40.01599884033203,39.82600021362305,39.992000579833984,0
1995-12-13,39.77899932861328,40.042999267578125,39.75899887084961,39.862998962402344,0
1995-12-14,39.08700180053711,39.7869987487793,38.99300003051758,39.77199935913086,0
1995-12-15,39.202999114990234,39.32099914550781,39.090999603271484,39.11600112915039,0
1995-12-18,38.61199951171875,39.08000183105469,38.540000915527344,39.08000183105469,0
1995-12-19,39.4109992980957,39.492000579833984,38.584999084472656,38.58599853515625,0
1995-12-20,39.06100082397461,39.606998443603516,39.06100082397461,39.46200180053711,0
1995-12-21,39.025001525878906,39.27299880981445,38.77000045776367,39.222999572753906,0
1995-12-22,38.986000061035156,39.178001403808594,38.917999267578125,39.15599822998047,0
1995-12-26,39.18899917602539,39.18899917602539,38.992000579833984,39.007999420166016,0
1995-12-27,39.28799819946289,39.391998291015625,39.1879997253418,39.196998596191406,0
1995-12-28,39.37699890136719,39.49700164794922,39.1619987487793,39.22800064086914,0
1995-12-29,39.3849983215332,39.446998596191406,39.249000549316406,39.4010009765625,0
1996-01-02,39.54100036621094,39.54100036621094,39.11399841308594,39.16999816894531,0
1996-01-03,39.58599853515625,39.80500030517578,39.44200134277344,39.57099914550781,0
1996-01-04,38.4010009765625,39.52000045776367,38.233001708984375,39.52000045776367,0
1996-01-05,38.016998291015625,38.26100158691406,37.54100036621094,38.26100158691406,0
1996-01-08,38.07600021362305,38.08399963378906,37.965999603271484,38.00899887084961,0
1996-01-09,37.34199905395508,38.141998291015625,37.23500061035156,38.07899856567383,0
1996-01-10,36.665000915527344,37.16699981689453,36.46699905395508,37.16699981689453,0
1996-01-11,36.83599853515625,36.92599868774414,36.66999816894531,36.88399887084961,0
1996-01-12,37.39099884033203,37.45199966430664,36.641998291015625,36.948001861572266,0
1996-01-15,37.05799865722656,37.30500030517578,36.86199951171875,37.292999267578125,0
1996-01-16,38.229000091552734,38.24100112915039,37.23699951171875,37.23699951171875,0
1996-01-17,38.26900100708008,38.60200119018555,38.12099838256836,38.22200012207031,0
1996-01-18,37.95899963378906,38.39500045776367,37.82699966430664,38.36000061035156,0
1996-01-19,38.435001373291016,38.5,37.85499954223633,37.8849983215332,0
1996-01-22,38.72600173950195,38.72800064086914,38.28900146484375,38.4109992980957,0
1996-01-23,38.72200012207031,38.77199935913086,38.54899978637695,38.625999450683594,0
1996-01-24,38.987998962402344,38.987998962402344,38.64799880981445,38.803001403808594,0
1996-01-25,39.064998626708984,39.178001403808594,38.95199966430664,38.99399948120117,0
1996-01-26,39.095001220703125,39.16699981689453,38.948001861572266,38.9900016784668,0
1996-01-29,39.5369987487793,39.53799819946289,38.88999938964844,39.05400085449219,0
1996-01-30,39.89500045776367,39.95500183105469,39.494998931884766,39.55699920654297,0
1996-01-31,40.55500030517578,40.55500030517578,39.797000885009766,39.82699966430664,0
1996-02-01,40.28300094604492,40.50600051879883,40.21099853515625,40.50600051879883,0
1996-02-02,40.3129997253418,40.564998626708984,40.13600158691406,40.255001068115234,0
1996-02-05,40.61199951171875,40.69900131225586,40.0369987487793,40.20600128173828,0
1996-02-06,40.95800018310547,41.0629997253418,40.553001403808594,40.5629997253418,0
1996-02-07,41.38800048828125,41.38800048828125,40.96900177001953,40.96900177001953,0
1996-02-08,42.082000732421875,42.229000091552734,41.30099868774414,41.36399841308594,0
1996-02-09,41.92499923706055,42.303001403808594,41.78499984741211,41.96699905395508,0
1996-02-12,42.138999938964844,42.27899932861328,41.95000076293945,41.97600173950195,0
1996-02-13,42.2869987487793,42.55699920654297,42.007999420166016,42.06800079345703,0
1996-02-14,42.07400131225586,42.3849983215332,42.0260009765625,42.22200012207031,0
1996-02-15,42.09600067138672,42.44300079345703,41.91600036621094,41.983001708984375,0
1996-02-16,41.94200134277344,42.0890007019043,41.85200119018555,42.0880012512207,0
1996-02-20,41.191001892089844,41.66299819946289,41.104000091552734,41.64699935913086,0
1996-02-21,42.02399826049805,42.03200149536133,41.268001556396484,41.268001556396484,0
1996-02-22,42.46500015258789,42.70399856567383,42.104000091552734,42.137001037597656,0
1996-02-23,42.88600158691406,42.88600158691406,42.36399841308594,42.606998443603516,0
1996-02-26,42.50600051879883,42.97600173950195,42.49599838256836,42.779998779296875,0
1996-02-27,42.37099838256836,42.54100036621094,42.10900115966797,42.53799819946289,0
1996-02-28,42.5359992980957,43.16600036621094,42.52399826049805,42.60499954223633,0
1996-02-29,42.474998474121094,42.80500030517578,42.29899978637695,42.37300109863281,0
1996-03-01,43.04100036621094,43.04600143432617,42.38199996948242,42.7140007019043,0
1996-03-04,43.361000061035156,43.483001708984375,43.095001220703125,43.13600158691406,0
1996-03-05,43.97200012207031,44.034000396728516,43.202999114990234,43.237998962402344,0
1996-03-06,43.54800033569336,43.99100112915039,43.492000579833984,43.92599868774414,0
1996-03-07,43.236000061035156,43.573001861572266,42.999000549316406,43.505001068115234,0
1996-03-08,41.52299880981445,42.691001892089844,41.11800003051758,42.691001892089844,0
1996-03-11,41.25400161743164,41.57600021362305,40.92499923706055,41.417999267578125,0
1996-03-12,41.01300048828125,41.25400161743164,40.17300033569336,41.07099914550781,0
1996-03-13,41.05400085449219,41.34600067138672,40.880001068115234,41.17100143432617,0
1996-03-14,41.61000061035156,41.801998138427734,41.29499816894531,41.29899978637695,0
1996-03-15,41.54899978637695,41.63399887084961,41.35300064086914,41.63399887084961,0
1996-03-18,42.516998291015625,42.57899856567383,41.85900115966797,41.867000579833984,0
1996-03-19,42.57099914550781,42.87900161743164,42.49100112915039,42.82899856567383,0
1996-03-20,42.78799819946289,42.93600082397461,42.47700119018555,42.70899963378906,0
1996-03-21,42.409000396728516,42.80099868774414,42.37099838256836,42.757999420166016,0
1996-03-22,42.803001403808594,42.803001403808594,42.57600021362305,42.57899856567383,0
1996-03-25,43.25699996948242,43.395999908447266,43.12699890136719,43.12699890136719,0
1996-03-26,43.358001708984375,43.448001861572266,43.15299987792969,43.172000885009766,0
1996-03-27,43.2239990234375,43.643001556396484,43.13800048828125,43.395999908447266,0
1996-03-28,43.25600051879883,43.41899871826172,43.02000045776367,43.099998474121094,0
1996-03-29,43.41999816894531,43.869998931884766,43.28799819946289,43.3489990234375,0
1996-04-01,44.36199951171875,44.36399841308594,43.60599899291992,43.611000061035156,0
1996-04-02,44.494998931884766,44.494998931884766,44.29100036621094,44.37799835205078,0
1996-04-03,44.38800048828125,44.39099884033203,44.08700180053711,44.39099884033203,0
1996-04-04,44.22700119018555,44.48899841308594,44.16999816894531,44.347999572753906,0
1996-04-08,42.95899963378906,43.47999954223633,42.47999954223633,43.47999954223633,0
1996-04-09,42.80099868774414,43.18299865722656,42.68299865722656,43.02299880981445,0
1996-04-10,41.611000061035156,42.73400115966797,41.43600082397461,42.676998138427734,0
1996-04-11,41.31100082397461,41.91899871826172,40.731998443603516,41.70800018310547,0
1996-04-12,42.20800018310547,42.32899856567383,41.4119987487793,41.41299819946289,0
1996-04-15,42.606998443603516,42.65999984741211,42.349998474121094,42.37799835205078,0
1996-04-16,42.196998596191406,42.67300033569336,42.027000427246094,42.63800048828125,0
1996-04-17,42.04199981689453,42.20600128173828,41.7130012512207,42.108001708984375,0
1996-04-18,42.29100036621094,42.41699981689453,41.92100143432617,42.10100173950195,0
1996-04-19,42.22200012207031,42.54600143432617,42.14899826049805,42.393001556396484,0
1996-04-22,42.39500045776367,42.60900115966797,42.279998779296875,42.42900085449219,0
1996-04-23,42.435001373291016,42.58599853515625,42.3120002746582,42.38600158691406,0
1996-04-24,42.33300018310547,42.555999755859375,42.25899887084961,42.5,0
1996-04-25,42.53900146484375,42.5989990234375,41.948001861572266,42.32699966430664,0
1996-04-26,42.87300109863281,42.935001373291016,42.45100021362305,42.51100158691406,0
1996-04-29,42.65700149536133,42.70800018310547,42.54600143432617,42.643001556396484,0
1996-04-30,42.74399948120117,42.75,42.45000076293945,42.60200119018555,0
1996-05-01,42.755001068115234,42.83000183105469,42.54499816894531,42.61899948120117,0
1996-05-02,41.540000915527344,42.55500030517578,41.479000091552734,42.55500030517578,0
1996-05-03,41.38199996948242,41.979000091552734,41.3380012512207,41.707000732421875,0
1996-05-06,41.00299835205078,41.50400161743164,40.665000915527344,41.46500015258789,0
1996-05-07,41.09700012207031,41.32600021362305,40.7599983215332,40.952999114990234,0
1996-05-08,41.941001892089844,42.01499938964844,40.604000091552734,40.83399963378906,0
1996-05-09,41.909000396728516,42.367000579833984,41.763999938964844,41.939998626708984,0
1996-05-10,42.75600051879883,42.87799835205078,42.26300048828125,42.26300048828125,0
1996-05-13,43.198001861572266,43.25,42.72700119018555,42.75899887084961,0
1996-05-14,43.58000183105469,43.784000396728516,43.4630012512207,43.4630012512207,0
1996-05-15,43.37699890136719,43.91400146484375,43.314998626708984,43.53499984741211,0
1996-05-16,43.26599884033203,43.507999420166016,43.03900146484375,43.198001861572266,0
1996-05-17,43.768001556396484,43.834999084472656,43.47800064086914,43.486000061035156,0
1996-05-20,44.066001892089844,44.15800094604492,43.78799819946289,43.89699935913086,0
1996-05-21,44.04899978637695,44.2239990234375,44.00199890136719,44.018001556396484,0
1996-05-22,44.74100112915039,44.74100112915039,43.92399978637695,43.979000091552734,0
1996-05-23,44.284000396728516,44.79199981689453,44.143001556396484,44.71099853515625,0
1996-05-24,44.47999954223633,44.61600112915039,44.31700134277344,44.31700134277344,0
1996-05-28,43.96500015258789,44.60599899291992,43.939998626708984,44.54199981689453,0
1996-05-29,43.65800094604492,44.20199966430664,43.49700164794922,44.007999420166016,0
1996-05-30,43.95800018310547,44.20800018310547,43.36199951171875,43.5890007019043,0
1996-05-31,43.68600082397461,44.11399841308594,43.564998626708984,43.91699981689453,0
1996-06-03,43.641998291015625,43.64799880981445,43.3489990234375,43.54999923706055,0
1996-06-04,44.20600128173828,44.38100051879883,43.79800033569336,43.79800033569336,0
1996-06-05,44.939998626708984,44.94900131225586,44.16400146484375,44.178001403808594,0
1996-06-06,44.641998291015625,45.12799835205078,44.606998443603516,45.01599884033203,0
1996-06-07,44.073001861572266,44.0989990234375,43.457000732421875,44.05500030517578,0
1996-06-10,43.82699966430664,44.138999938964844,43.75699996948242,44.058998107910156,0
1996-06-11,43.92599868774414,44.207000732421875,43.808998107910156,43.893001556396484,0
1996-06-12,43.808998107910156,44.1870002746582,43.75699996948242,43.94200134277344,0
1996-06-13,43.96500015258789,44.15800094604492,43.5890007019043,43.821998596191406,0
1996-06-14,43.84600067138672,44.01499938964844,43.79199981689453,43.992000579833984,0
1996-06-17,43.79199981689453,44.018001556396484,43.698001861572266,43.86000061035156,0
1996-06-18,43.702999114990234,43.983001708984375,43.66699981689453,43.7859992980957,0
1996-06-19,43.14099884033203,43.97600173950195,43.13800048828125,43.70800018310547,0
1996-06-20,42.57099914550781,43.11899948120117,42.29499816894531,43.11600112915039,0
1996-06-21,42.41999816894531,42.729000091552734,42.26900100708008,42.67399978637695,0
1996-06-24,42.875999450683594,43.22700119018555,42.558998107910156,42.558998107910156,0
1996-06-25,43.150001525878906,43.244998931884766,42.99100112915039,42.994998931884766,0
1996-06-26,42.82099914550781,43.222999572753906,42.819000244140625,43.058998107910156,0
1996-06-27,43.18899917602539,43.374000549316406,42.62200164794922,42.75699996948242,0
1996-06-28,43.119998931884766,43.40800094604492,43.10100173950195,43.26900100708008,0
1996-07-01,43.84299850463867,43.84299850463867,43.209999084472656,43.209999084472656,0
1996-07-02,43.619998931884766,43.832000732421875,43.5099983215332,43.832000732421875,0
1996-07-03,43.83599853515625,43.8380012512207,43.433998107910156,43.57600021362305,0
1996-07-05,42.470001220703125,43.42499923706055,42.457000732421875,43.42499923706055,0
1996-07-08,41.63999938964844,42.292999267578125,41.56999969482422,42.255001068115234,0
1996-07-09,42.090999603271484,42.2760009765625,41.75699996948242,41.805999755859375,0
1996-07-10,42.525001525878906,42.56700134277344,41.94499969482422,42.22999954223633,0
1996-07-11,41.90700149536133,42.45000076293945,41.5260009765625,42.45000076293945,0
1996-07-12,42.12900161743164,42.231998443603516,41.75600051879883,41.88999938964844,0
1996-07-15,41.42499923706055,42.17499923706055,41.42499923706055,42.09299850463867,0
1996-07-16,41.5260009765625,41.74700164794922,39.98899841308594,41.590999603271484,0
1996-07-17,41.88100051879883,42.138999938964844,41.78499984741211,41.887001037597656,0
1996-07-18,42.62300109863281,42.80400085449219,41.82600021362305,41.96799850463867,0
1996-07-19,42.4010009765625,42.55500030517578,42.090999603271484,42.551998138427734,0
1996-07-22,42.444000244140625,42.67100143432617,42.104000091552734,42.33000183105469,0
1996-07-23,42.23899841308594,42.65700149536133,42.10100173950195,42.481998443603516,0
1996-07-24,42.14899826049805,42.38100051879883,41.66699981689453,41.840999603271484,0
1996-07-25,42.50899887084961,42.72200012207031,42.30099868774414,42.30099868774414,0
1996-07-26,42.80500030517578,42.88600158691406,42.5,42.604000091552734,0
1996-07-29,42.58000183105469,42.82099914550781,42.57400131225586,42.680999755859375,0
1996-07-30,43.06800079345703,43.06800079345703,42.73699951171875,42.750999450683594,0
1996-07-31,43.28099822998047,43.314998626708984,42.92100143432617,42.986000061035156,0
1996-08-01,44.016998291015625,44.084999084472656,43.26100158691406,43.31399917602539,0
1996-08-02,45.46699905395508,45.50199890136719,44.374000549316406,44.374000549316406,0
1996-08-05,44.974998474121094,45.375,44.90999984741211,45.375,0
1996-08-06,44.974998474121094,45.064998626708984,44.76300048828125,44.89899826049805,0
1996-08-07,44.922000885009766,45.08100128173828,44.729000091552734,45.0099983215332,0
1996-08-08,45.02000045776367,45.03900146484375,44.81999969482422,44.85599899291992,0
1996-08-09,45.37300109863281,45.415000915527344,45.066001892089844,45.07099914550781,0
1996-08-12,45.720001220703125,45.74399948120117,45.34400177001953,45.35900115966797,0
1996-08-13,45.417999267578125,45.68199920654297,45.374000549316406,45.55699920654297,0
1996-08-14,45.6349983215332,45.66400146484375,45.319000244140625,45.37699890136719,0
1996-08-15,45.7400016784668,45.85300064086914,45.492000579833984,45.55699920654297,0
1996-08-16,46.358001708984375,46.395999908447266,45.82400131225586,45.84600067138672,0
1996-08-19,46.590999603271484,46.608001708984375,46.316001892089844,46.327999114990234,0
1996-08-20,46.78200149536133,46.915000915527344,46.573001861572266,46.573001861572266,0
1996-08-21,46.698001861572266,46.79999923706055,46.520999908447266,46.6609992980957,0
1996-08-22,47.21099853515625,47.21099853515625,46.71799850463867,46.72200012207031,0
1996-08-23,46.71099853515625,46.95600128173828,46.569000244140625,46.944000244140625,0
1996-08-26,46.41899871826172,46.63199996948242,46.27399826049805,46.63199996948242,0
1996-08-27,46.446998596191406,46.53099822998047,46.3849983215332,46.44200134277344,0
1996-08-28,46.202999114990234,46.479000091552734,46.20100021362305,46.42599868774414,0
1996-08-29,45.65299987792969,46.125999450683594,45.52000045776367,46.125999450683594,0
1996-08-30,45.05099868774414,45.64500045776367,45.02299880981445,45.595001220703125,0
1996-09-03,45.26300048828125,45.34199905395508,44.27000045776367,44.54600143432617,0
1996-09-04,45.222999572753906,45.28900146484375,45.07699966430664,45.20199966430664,0
1996-09-05,44.823001861572266,45.099998474121094,44.750999450683594,45.05699920654297,0
1996-09-06,45.43899917602539,45.74100112915039,44.87300109863281,44.875,0
1996-09-09,45.96099853515625,46.034000396728516,45.51599884033203,45.51599884033203,0
1996-09-10,46.08399963378906,46.34000015258789,45.95600128173828,45.987998962402344,0
1996-09-11,46.49700164794922,46.64099884033203,45.979000091552734,46.0369987487793,0
1996-09-12,46.78900146484375,46.96799850463867,46.62200164794922,46.625999450683594,0
1996-09-13,47.5369987487793,47.56100082397461,47.05799865722656,47.05799865722656,0
1996-09-16,47.75600051879883,47.88199996948242,47.60200119018555,47.60200119018555,0
1996-09-17,47.1150016784668,47.72600173950195,47.04399871826172,47.724998474121094,0
1996-09-18,46.986000061035156,47.09400177001953,46.69499969482422,47.013999938964844,0
1996-09-19,46.792999267578125,46.900001525878906,46.63800048828125,46.83700180053711,0
1996-09-20,46.82099914550781,47.00600051879883,46.79199981689453,46.89899826049805,0
1996-09-23,47.36000061035156,47.375,46.62799835205078,46.68899917602539,0
1996-09-24,47.316001892089844,47.78799819946289,47.099998474121094,47.29999923706055,0
1996-09-25,47.474998474121094,47.56399917602539,47.36899948120117,47.40800094604492,0
1996-09-26,47.731998443603516,47.9379997253418,47.51499938964844,47.57899856567383,0
1996-09-27,47.80799865722656,47.83000183105469,47.64500045776367,47.78099822998047,0
1996-09-30,47.80400085449219,48.0,47.73099899291992,47.7859992980957,0
1996-10-01,48.124000549316406,48.18899917602539,47.77199935913086,47.85300064086914,0
1996-10-02,48.32699966430664,48.44499969482422,48.20500183105469,48.23500061035156,0
1996-10-03,48.32600021362305,48.43299865722656,48.152000427246094,48.3380012512207,0
1996-10-04,49.025001525878906,49.137001037597656,48.571998596191406,48.571998596191406,0
1996-10-07,49.04199981689453,49.04499816894531,48.79999923706055,48.97100067138672,0
1996-10-08,48.83599853515625,49.12799835205078,48.75600051879883,48.957000732421875,0
1996-10-09,48.50299835205078,48.893001556396484,48.222999572753906,48.85300064086914,0
1996-10-10,48.356998443603516,48.439998626708984,48.0989990234375,48.35900115966797,0
1996-10-11,48.775001525878906,48.775001525878906,48.56100082397461,48.577999114990234,0
1996-10-14,49.0,49.12200164794922,48.81100082397461,48.8120002746582,0
1996-10-15,48.987998962402344,49.2239990234375,48.814998626708984,49.095001220703125,0
1996-10-16,48.880001068115234,49.018001556396484,48.58399963378906,49.00199890136719,0
1996-10-17,49.26599884033203,49.29600143432617,48.95100021362305,48.95100021362305,0
1996-10-18,49.85300064086914,49.85900115966797,49.30400085449219,49.37900161743164,0
1996-10-21,50.39099884033203,50.39099884033203,49.79399871826172,49.867000579833984,0
1996-10-22,49.93299865722656,50.303001403808594,49.84700012207031,50.29600143432617,0
1996-10-23,50.02000045776367,50.0260009765625,49.56399917602539,49.777000427246094,0
1996-10-24,49.90999984741211,50.28499984741211,49.89099884033203,49.96500015258789,0
1996-10-25,49.99599838256836,50.08399963378906,49.77899932861328,49.875,0
1996-10-28,49.790000915527344,50.198001861572266,49.78900146484375,50.03499984741211,0
1996-10-29,50.69200134277344,50.78499984741211,49.83399963378906,49.930999755859375,0
1996-10-30,51.117000579833984,51.20100021362305,50.75400161743164,50.75400161743164,0
1996-10-31,51.49300003051758,51.69200134277344,51.09000015258789,51.14500045776367,0
1996-11-01,51.04999923706055,51.79899978637695,50.96699905395508,51.55799865722656,0
1996-11-04,51.49399948120117,51.53300094604492,51.03799819946289,51.11199951171875,0
1996-11-05,52.43199920654297,52.597999572753906,51.76100158691406,51.76100158691406,0
1996-11-06,52.79899978637695,52.8390007019043,52.34400177001953,52.41400146484375,0
1996-11-07,52.72999954223633,52.797000885009766,52.20500183105469,52.53900146484375,0
1996-11-08,52.61399841308594,52.689998626708984,52.41899871826172,52.67499923706055,0
1996-11-11,52.46900177001953,52.57400131225586,52.465999603271484,52.529998779296875,0
1996-11-12,52.19200134277344,52.5369987487793,52.15700149536133,52.53499984741211,0
1996-11-13,51.882999420166016,52.125999450683594,51.61600112915039,52.117000579833984,0
1996-11-14,52.79800033569336,52.82699966430664,51.641998291015625,51.76499938964844,0
1996-11-15,53.08399963378906,53.51300048828125,52.89400100708008,52.92499923706055,0
1996-11-18,53.308998107910156,53.42100143432617,52.999000549316406,53.112998962402344,0
1996-11-19,54.435001373291016,54.470001220703125,53.28900146484375,53.3120002746582,0
1996-11-20,54.380001068115234,54.638999938964844,54.14899826049805,54.417999267578125,0
1996-11-21,54.000999450683594,54.52399826049805,53.93199920654297,54.435001373291016,0
1996-11-22,54.8390007019043,54.95399856567383,53.97999954223633,53.987998962402344,0
1996-11-25,56.310001373291016,56.31399917602539,54.81999969482422,54.81999969482422,0
1996-11-26,55.95899963378906,56.597999572753906,55.80400085449219,56.297000885009766,0
1996-11-27,56.18000030517578,56.32699966430664,55.82400131225586,56.04800033569336,0
1996-11-29,56.56700134277344,56.67499923706055,56.207000732421875,56.207000732421875,0
1996-12-02,56.01300048828125,56.47700119018555,55.744998931884766,56.47700119018555,0
1996-12-03,55.000999450683594,56.55400085449219,54.91400146484375,56.09000015258789,0
1996-12-04,54.52399826049805,54.805999755859375,53.82699966430664,54.805999755859375,0
1996-12-05,53.63800048828125,54.41400146484375,53.63800048828125,54.41400146484375,0
1996-12-06,54.05699920654297,54.23400115966797,52.19900131225586,53.09700012207031,0
1996-12-09,54.645999908447266,54.69200134277344,54.32099914550781,54.32099914550781,0
1996-12-10,54.4640007019043,54.768001556396484,54.382999420166016,54.5989990234375,0
1996-12-11,53.573001861572266,54.01499938964844,53.10499954223633,54.01499938964844,0
1996-12-12,52.0099983215332,54.01900100708008,51.97200012207031,53.840999603271484,0
1996-12-13,52.17900085449219,52.500999450683594,51.40599822998047,51.92900085449219,0
1996-12-16,51.75899887084961,52.638999938964844,51.71099853515625,52.29100036621094,0
1996-12-17,53.30799865722656,53.35599899291992,51.36600112915039,51.49399948120117,0
1996-12-18,52.933998107910156,53.494998931884766,52.78099822998047,53.448001861572266,0
1996-12-19,54.62699890136719,54.66999816894531,53.189998626708984,53.189998626708984,0
1996-12-20,55.29800033569336,55.4739990234375,54.98099899291992,54.98500061035156,0
1996-12-23,54.915000915527344,55.45000076293945,54.654998779296875,55.27199935913086,0
1996-12-24,55.12900161743164,55.13199996948242,54.888999938964844,54.891998291015625,0
1996-12-26,55.57400131225586,55.71500015258789,55.21900177001953,55.21900177001953,0
1996-12-27,55.53499984741211,55.94900131225586,55.31700134277344,55.78900146484375,0
1996-12-30,55.60200119018555,55.935001373291016,55.513999938964844,55.66600036621094,0
1996-12-31,53.768001556396484,55.518001556396484,53.768001556396484,55.51100158691406,0
1997-01-02,53.21099853515625,54.040000915527344,52.529998779296875,53.93000030517578,0
1997-01-03,54.02299880981445,54.051998138427734,53.28200149536133,53.459999084472656,0
1997-01-06,53.69200134277344,54.2859992980957,53.44300079345703,54.112998962402344,0
1997-01-07,53.55799865722656,53.56800079345703,53.12900161743164,53.55400085449219,0
1997-01-08,53.8380012512207,54.7140007019043,53.68899917602539,53.69200134277344,0
1997-01-09,53.986000061035156,54.34700012207031,53.94200134277344,53.979000091552734,0
1997-01-10,53.720001220703125,53.75400161743164,53.02199935913086,53.61000061035156,0
1997-01-13,54.196998596191406,54.57099914550781,53.9370002746582,54.03499984741211,0
1997-01-14,55.65999984741211,55.893001556396484,54.57400131225586,54.57400131225586,0
1997-01-15,55.909000396728516,56.11399841308594,55.14799880981445,55.571998596191406,0
1997-01-16,55.75899887084961,55.972999572753906,55.34700012207031,55.904998779296875,0
1997-01-17,56.275001525878906,56.37300109863281,55.474998474121094,55.52000045776367,0
1997-01-20,56.3650016784668,56.61000061035156,56.25,56.430999755859375,0
1997-01-21,56.827999114990234,56.832000732421875,55.922000885009766,56.14099884033203,0
1997-01-22,57.650001525878906,57.70800018310547,56.54399871826172,56.77799987792969,0
1997-01-23,56.85499954223633,58.08599853515625,56.80799865722656,57.75600051879883,0
1997-01-24,55.95199966430664,56.81999969482422,55.733001708984375,56.81999969482422,0
1997-01-27,55.90299987792969,56.48400115966797,55.5369987487793,55.86199951171875,0
1997-01-28,55.78900146484375,57.03799819946289,55.60300064086914,56.45899963378906,0
1997-01-29,56.624000549316406,56.672000885009766,55.8489990234375,55.8489990234375,0
1997-01-30,57.61800003051758,57.61800003051758,56.79899978637695,56.79899978637695,0
1997-01-31,57.98099899291992,58.42599868774414,57.7869987487793,57.7869987487793,0
1997-02-03,58.50600051879883,58.54399871826172,57.777000427246094,57.987998962402344,0
1997-02-04,59.0099983215332,59.0099983215332,58.37300109863281,58.492000579833984,0
1997-02-05,58.242000579833984,59.310001373291016,58.090999603271484,59.01900100708008,0
1997-02-06,58.65800094604492,58.65800094604492,58.117000579833984,58.22100067138672,0
1997-02-07,60.012001037597656,60.03300094604492,58.89799880981445,58.89799880981445,0
1997-02-10,59.69499969482422,60.29399871826172,59.61399841308594,59.84700012207031,0
1997-02-11,60.00400161743164,60.00400161743164,59.426998138427734,59.810001373291016,0
1997-02-12,60.7599983215332,60.7599983215332,59.85499954223633,60.012001037597656,0
1997-02-13,62.275001525878906,62.422000885009766,60.83599853515625,60.83599853515625,0
1997-02-14,62.57600021362305,62.75899887084961,62.29899978637695,62.395999908447266,0
1997-02-18,63.37200164794922,63.37200164794922,62.34400177001953,62.61899948120117,0
1997-02-19,63.013999938964844,63.590999603271484,62.93899917602539,63.224998474121094,0
1997-02-20,61.904998779296875,62.900001525878906,61.76599884033203,62.742000579833984,0
1997-02-21,61.92100143432617,62.22200012207031,61.76300048828125,61.880001068115234,0
1997-02-24,62.85499954223633,62.95199966430664,61.54199981689453,61.611000061035156,0
1997-02-25,63.52199935913086,63.654998779296875,63.06399917602539,63.14099884033203,0
1997-02-26,62.597999572753906,63.52299880981445,61.84400177001953,63.520999908447266,0
1997-02-27,61.62300109863281,62.654998779296875,61.62300109863281,62.53300094604492,0
1997-02-28,60.63199996948242,61.441001892089844,60.625,61.43000030517578,0
1997-03-03,61.55699920654297,61.56700134277344,60.08100128173828,60.38199996948242,0
1997-03-04,61.53900146484375,62.22600173950195,61.417999267578125,61.56399917602539,0
1997-03-05,62.481998443603516,62.632999420166016,61.62699890136719,61.62699890136719,0
1997-03-06,62.637001037597656,63.180999755859375,62.51100158691406,62.736000061035156,0
1997-03-07,64.20500183105469,64.34200286865234,62.7130012512207,62.71699905395508,0
1997-03-10,64.91600036621094,64.91600036621094,63.87900161743164,64.21700286865234,0
1997-03-11,64.05400085449219,64.97899627685547,64.03399658203125,64.89900207519531,0
1997-03-12,62.9640007019043,64.02400207519531,62.768001556396484,63.99599838256836,0
1997-03-13,60.73699951171875,62.5880012512207,60.729000091552734,62.582000732421875,0
1997-03-14,60.7140007019043,61.387001037597656,60.45399856567383,61.0099983215332,0
1997-03-17,60.87300109863281,60.900001525878906,59.26100158691406,60.51499938964844,0
1997-03-18,59.590999603271484,60.974998474121094,59.26499938964844,60.928001403808594,0
1997-03-19,60.03499984741211,60.345001220703125,59.303001403808594,59.49300003051758,0
1997-03-20,59.755001068115234,60.30500030517578,59.38999938964844,60.14500045776367,0
1997-03-21,60.20100021362305,60.595001220703125,59.86399841308594,59.875,0
1997-03-24,61.65700149536133,61.71500015258789,60.32500076293945,60.32500076293945,0
1997-03-25,61.04600143432617,62.369998931884766,61.04600143432617,61.672000885009766,0
1997-03-26,59.930999755859375,60.994998931884766,59.65999984741211,60.98699951171875,0
1997-03-27,58.09299850463867,60.176998138427734,57.38999938964844,60.01100158691406,0
1997-03-31,56.08599853515625,57.676998138427734,55.94300079345703,57.57400131225586,0
1997-04-01,57.06999969482422,57.104000091552734,55.487998962402344,55.861000061035156,0
1997-04-02,55.72600173950195,56.64400100708008,55.415000915527344,56.64400100708008,0
1997-04-03,56.220001220703125,56.54600143432617,55.30799865722656,55.67399978637695,0
1997-04-04,56.564998626708984,56.720001220703125,55.345001220703125,55.63399887084961,0
1997-04-07,57.06999969482422,57.38199996948242,56.78300094604492,56.78300094604492,0
1997-04-08,58.29100036621094,58.31999969482422,56.900001525878906,57.027000427246094,0
1997-04-09,57.38100051879883,58.6349983215332,57.275001525878906,58.474998474121094,0
1997-04-10,56.83000183105469,57.358001708984375,56.75400161743164,57.358001708984375,0
1997-04-11,54.50699996948242,56.04999923706055,54.470001220703125,56.04999923706055,0
1997-04-14,54.99100112915039,55.077999114990234,54.17300033569336,54.52199935913086,0
1997-04-15,55.808998107910156,56.31399917602539,55.10100173950195,55.770999908447266,0
1997-04-16,55.2869987487793,55.50699996948242,54.5620002746582,55.50699996948242,0
1997-04-17,55.9109992980957,56.625,55.22700119018555,55.263999938964844,0
1997-04-18,55.26499938964844,56.16899871826172,55.20100021362305,55.96200180053711,0
1997-04-21,54.72100067138672,55.51900100708008,54.516998291015625,55.277000427246094,0
1997-04-22,56.08700180053711,56.19300079345703,54.52899932861328,54.74399948120117,0
1997-04-23,55.56800079345703,56.207000732421875,55.45100021362305,56.04999923706055,0
1997-04-24,55.465999603271484,56.19200134277344,55.45399856567383,55.702999114990234,0
1997-04-25,55.374000549316406,55.71500015258789,55.23699951171875,55.46500015258789,0
1997-04-28,56.59299850463867,56.85100173950195,55.301998138427734,55.323001861572266,0
1997-04-29,58.529998779296875,58.80699920654297,57.44300079345703,57.44499969482422,0
1997-04-30,59.16299819946289,59.61000061035156,58.25699996948242,58.36600112915039,0
1997-05-01,59.02899932861328,59.51499938964844,58.68299865722656,59.12799835205078,0
1997-05-02,60.54899978637695,60.64400100708008,59.09600067138672,59.09600067138672,0
1997-05-05,60.95399856567383,61.06100082397461,59.94300079345703,60.435001373291016,0
1997-05-06,61.481998443603516,61.90399932861328,60.724998474121094,60.87699890136719,0
1997-05-07,59.54899978637695,61.49700164794922,59.46900177001953,61.362998962402344,0
1997-05-08,59.79100036621094,60.685001373291016,59.21500015258789,59.560001373291016,0
1997-05-09,60.654998779296875,60.93299865722656,59.8120002746582,60.1879997253418,0
1997-05-12,61.62900161743164,61.75899887084961,60.75199890136719,60.75199890136719,0
1997-05-13,60.95100021362305,61.61899948120117,60.7140007019043,61.56999969482422,0
1997-05-14,61.88800048828125,62.30099868774414,61.56100082397461,61.56100082397461,0
1997-05-15,61.70100021362305,61.77799987792969,61.18600082397461,61.672000885009766,0
1997-05-16,60.284000396728516,61.65399932861328,60.15800094604492,61.643001556396484,0
1997-05-19,59.89699935913086,60.63100051879883,59.8380012512207,60.31999969482422,0
1997-05-20,61.233001708984375,61.32500076293945,59.22600173950195,59.58599853515625,0
1997-05-21,59.92300033569336,61.43199920654297,59.6609992980957,61.37300109863281,0
1997-05-22,60.058998107910156,60.292999267578125,59.57400131225586,60.112998962402344,0
1997-05-23,60.86899948120117,60.987998962402344,60.18000030517578,60.18000030517578,0
1997-05-27,59.630001068115234,60.47600173950195,59.58000183105469,60.47600173950195,0
1997-05-28,59.599998474121094,60.37699890136719,59.30799865722656,59.74700164794922,0
1997-05-29,59.202999114990234,59.98699951171875,59.08100128173828,59.76900100708008,0
1997-05-30,60.65299987792969,60.9379997253418,58.665000915527344,58.8650016784668,0
1997-06-02,60.16699981689453,61.19599914550781,60.0890007019043,60.849998474121094,0
1997-06-03,61.2760009765625,61.70000076293945,60.11600112915039,60.340999603271484,0
1997-06-04,60.99800109863281,61.32600021362305,60.81399917602539,61.02199935913086,0
1997-06-05,61.52899932861328,61.95600128173828,61.13100051879883,61.159000396728516,0
1997-06-06,62.742000579833984,63.064998626708984,61.61199951171875,61.61199951171875,0
1997-06-09,62.32099914550781,63.3489990234375,62.05699920654297,62.77299880981445,0
1997-06-10,63.10499954223633,63.11899948120117,62.45000076293945,62.50299835205078,0
1997-06-11,63.41400146484375,63.46900177001953,62.922000885009766,63.13600158691406,0
1997-06-12,64.3740005493164,64.7020034790039,63.917999267578125,63.917999267578125,0
1997-06-13,65.13600158691406,65.18800354003906,64.41100311279297,64.55999755859375,0
1997-06-16,65.6050033569336,65.61900329589844,64.9739990234375,65.14399719238281,0
1997-06-17,65.6510009765625,66.0479965209961,64.89199829101562,65.46099853515625,0
1997-06-18,65.86599731445312,65.91500091552734,65.24800109863281,65.47699737548828,0
1997-06-19,66.39800262451172,66.67500305175781,65.81999969482422,65.87699890136719,0
1997-06-20,66.14700317382812,66.69400024414062,66.13899993896484,66.46499633789062,0
1997-06-23,64.42900085449219,66.04900360107422,64.42900085449219,65.85700225830078,0
1997-06-24,65.88800048828125,65.95700073242188,64.52899932861328,64.76499938964844,0
1997-06-25,64.94200134277344,66.21900177001953,64.6500015258789,65.81199645996094,0
1997-06-26,64.20700073242188,65.47899627685547,64.12799835205078,64.8489990234375,0
1997-06-27,64.33799743652344,64.94100189208984,64.29299926757812,64.39099884033203,0
1997-06-30,63.323001861572266,64.50700378417969,63.323001861572266,64.4990005493164,0
1997-07-01,64.47699737548828,64.84600067138672,63.297000885009766,63.37900161743164,0
1997-07-02,65.91100311279297,65.9209976196289,64.54399871826172,64.54900360107422,0
1997-07-03,67.08499908447266,67.35700225830078,66.70099639892578,66.7040023803711,0
1997-07-07,66.36399841308594,67.18499755859375,66.2969970703125,67.18199920654297,0
1997-07-08,66.47200012207031,66.60700225830078,66.14099884033203,66.38200378417969,0
1997-07-09,65.322998046875,66.49800109863281,65.00599670410156,66.49800109863281,0
1997-07-10,65.87200164794922,66.072998046875,65.25299835205078,65.47000122070312,0
1997-07-11,66.11499786376953,66.45600128173828,65.84700012207031,65.8499984741211,0
1997-07-14,65.98799896240234,66.4739990234375,65.5719985961914,66.20999908447266,0
1997-07-15,65.85800170898438,66.15899658203125,65.36499786376953,66.01899719238281,0
1997-07-16,66.94599914550781,67.13300323486328,66.05000305175781,66.05000305175781,0
1997-07-17,66.53399658203125,66.93800354003906,66.3489990234375,66.93000030517578,0
1997-07-18,65.41500091552734,66.47699737548828,65.35800170898438,66.44300079345703,0
1997-07-21,65.5530014038086,65.73899841308594,64.91999816894531,65.35399627685547,0
1997-07-22,67.09300231933594,67.09400177001953,65.625,65.625,0
1997-07-23,67.08899688720703,67.69499969482422,67.08899688720703,67.20500183105469,0
1997-07-24,68.0199966430664,68.05400085449219,66.7979965209961,67.16100311279297,0
1997-07-25,67.83200073242188,68.43199920654297,67.81900024414062,68.1240005493164,0
1997-07-28,67.88899993896484,68.63600158691406,67.85099792480469,67.96900177001953,0
1997-07-29,69.36699676513672,69.38600158691406,67.7249984741211,67.86499786376953,0
1997-07-30,71.01799774169922,71.25700378417969,69.41899871826172,69.4280014038086,0
1997-07-31,71.38700103759766,71.68599700927734,71.00700378417969,71.12100219726562,0
1997-08-01,70.3489990234375,71.25800323486328,69.65899658203125,71.21299743652344,0
1997-08-04,70.48999786376953,70.77799987792969,70.03500366210938,70.2699966430664,0
1997-08-05,69.9219970703125,70.37300109863281,69.80699920654297,70.37100219726562,0
1997-08-06,71.08699798583984,71.30000305175781,70.06600189208984,70.0770034790039,0
1997-08-07,69.64800262451172,71.49500274658203,69.64800262451172,71.23500061035156,0
1997-08-08,67.83599853515625,68.9520034790039,67.16799926757812,68.94499969482422,0
1997-08-11,68.9530029296875,69.23799896240234,67.8759994506836,67.99299621582031,0
1997-08-12,67.86599731445312,69.43399810791016,67.81300354003906,69.06700134277344,0
1997-08-13,68.07599639892578,69.11100006103516,67.72699737548828,68.38200378417969,0
1997-08-14,68.48300170898438,68.91300201416016,67.94100189208984,68.47599792480469,0
1997-08-15,67.24299621582031,68.322998046875,67.22899627685547,68.322998046875,0
1997-08-18,67.93099975585938,68.00299835205078,66.37899780273438,67.34500122070312,0
1997-08-19,68.58899688720703,68.73300170898438,67.78700256347656,68.0199966430664,0
1997-08-20,69.78900146484375,69.8239974975586,68.53299713134766,68.55000305175781,0
1997-08-21,68.72699737548828,69.86199951171875,68.39399719238281,69.76300048828125,0
1997-08-22,68.37000274658203,68.37000274658203,67.46499633789062,68.14900207519531,0
1997-08-25,68.19200134277344,69.00599670410156,67.90799713134766,68.39199829101562,0
1997-08-26,67.76300048828125,68.56500244140625,67.67400360107422,67.98799896240234,0
1997-08-27,67.76399993896484,68.16400146484375,67.49700164794922,67.76399993896484,0
1997-08-28,67.0530014038086,67.87000274658203,66.53199768066406,67.64600372314453,0
1997-08-29,67.02799987792969,67.73500061035156,66.66799926757812,66.8239974975586,0
1997-09-02,69.03800201416016,69.04000091552734,66.88099670410156,67.09100341796875,0
1997-09-03,68.78299713134766,69.47899627685547,68.7229995727539,69.04499816894531,0
1997-09-04,69.18199920654297,69.26300048828125,68.43099975585938,68.73999786376953,0
1997-09-05,68.97200012207031,70.01200103759766,68.77400207519531,69.3499984741211,0
1997-09-08,70.21099853515625,70.23899841308594,69.22899627685547,69.22899627685547,0
1997-09-09,70.56700134277344,70.9729995727539,69.70600128173828,70.12699890136719,0
1997-09-10,69.08499908447266,70.36699676513672,69.03099822998047,70.35900115966797,0
1997-09-11,68.2750015258789,68.93299865722656,67.4020004272461,68.93299865722656,0
1997-09-12,69.05000305175781,69.15299987792969,67.91200256347656,68.59700012207031,0
1997-09-15,69.03700256347656,69.4800033569336,68.95700073242188,69.072998046875,0
1997-09-16,70.9990005493164,71.11900329589844,69.61199951171875,69.61199951171875,0
1997-09-17,71.3219985961914,71.7490005493164,71.08399963378906,71.08399963378906,0
1997-09-18,71.54499816894531,72.46499633789062,71.4469985961914,71.49700164794922,0
1997-09-19,71.69999694824219,72.2750015258789,71.36399841308594,71.43199920654297,0
1997-09-22,72.21199798583984,72.83100128173828,71.93499755859375,71.93499755859375,0
1997-09-23,71.86699676513672,72.41600036621094,71.63800048828125,72.15699768066406,0
1997-09-24,71.802001953125,72.81700134277344,71.79199981689453,71.89700317382812,0
1997-09-25,70.7959976196289,71.74299621582031,70.76000213623047,71.74299621582031,0
1997-09-26,71.85700225830078,72.19000244140625,71.30799865722656,71.30799865722656,0
1997-09-29,72.49199676513672,72.49700164794922,71.28099822998047,71.6709976196289,0
1997-09-30,71.81400299072266,72.9229965209961,71.81400299072266,72.45899963378906,0
1997-10-01,72.72200012207031,72.87200164794922,72.24800109863281,72.24800109863281,0
1997-10-02,73.46299743652344,73.66500091552734,72.61799621582031,72.68000030517578,0
1997-10-03,74.822998046875,75.44499969482422,73.89399719238281,74.29499816894531,0
1997-10-06,75.96499633789062,76.12300109863281,75.23899841308594,75.24800109863281,0
1997-10-07,76.5770034790039,76.5770034790039,75.71299743652344,76.03500366210938,0
1997-10-08,75.84100341796875,76.52100372314453,75.1989974975586,76.52100372314453,0
1997-10-09,75.61799621582031,75.70700073242188,74.65399932861328,75.26399993896484,0
1997-10-10,74.32499694824219,75.06999969482422,74.06199645996094,75.05599975585938,0
1997-10-13,74.76300048828125,74.88700103759766,74.39299774169922,74.39399719238281,0
1997-10-14,75.27400207519531,75.5530014038086,74.77400207519531,75.197998046875,0
1997-10-15,74.51399993896484,74.86100006103516,74.3010025024414,74.86100006103516,0
1997-10-16,74.49299621582031,75.78399658203125,73.9800033569336,75.26899719238281,0
1997-10-17,73.45600128173828,74.2020034790039,72.41400146484375,74.2020034790039,0
1997-10-20,73.68099975585938,73.76300048828125,73.08200073242188,73.677001953125,0
1997-10-21,75.60299682617188,75.61199951171875,74.02100372314453,74.02100372314453,0
1997-10-22,75.09500122070312,75.552001953125,74.7229995727539,75.552001953125,0
1997-10-23,73.8270034790039,74.22000122070312,73.25199890136719,74.18599700927734,0
1997-10-24,73.625,74.76200103759766,73.36199951171875,74.44200134277344,0
1997-10-27,68.08300018310547,73.37300109863281,68.0770034790039,73.37300109863281,0
1997-10-28,71.02999877929688,71.14299774169922,66.27300262451172,67.25900268554688,0
1997-10-29,71.58999633789062,72.75,71.13300323486328,71.13300323486328,0
1997-10-30,69.31500244140625,71.03700256347656,69.31500244140625,70.81700134277344,0
1997-10-31,70.30999755859375,70.81900024414062,69.4729995727539,70.06900024414062,0
1997-11-03,72.15599822998047,72.1989974975586,71.4229965209961,71.45899963378906,0
1997-11-04,72.1989974975586,72.25700378417969,71.40399932861328,72.02100372314453,0
1997-11-05,72.48200225830078,73.09100341796875,72.06800079345703,72.3030014038086,0
1997-11-06,72.43199920654297,72.61000061035156,71.94599914550781,72.4280014038086,0
1997-11-07,71.31500244140625,71.73600006103516,70.12799835205078,71.73600006103516,0
1997-11-10,70.3239974975586,72.03800201416016,70.26599884033203,71.46600341796875,0
1997-11-11,69.81800079345703,70.77300262451172,69.49800109863281,70.46299743652344,0
1997-11-12,67.78600311279297,69.64199829101562,67.74299621582031,69.41300201416016,0
1997-11-13,68.61199951171875,68.90499877929688,67.43099975585938,67.95500183105469,0
1997-11-14,68.86499786376953,69.33100128173828,68.40399932861328,68.72699737548828,0
1997-11-17,71.21299743652344,71.38600158691406,69.93599700927734,69.99700164794922,0
1997-11-18,70.75,71.48300170898438,70.67500305175781,71.25800323486328,0
1997-11-19,72.09200286865234,72.29000091552734,70.5979995727539,70.8270034790039,0
1997-11-20,73.25800323486328,73.5479965209961,72.32099914550781,72.32099914550781,0
1997-11-21,73.40299987792969,74.06099700927734,72.72699737548828,73.53500366210938,0
1997-11-24,71.90599822998047,73.16100311279297,71.81700134277344,73.16100311279297,0
1997-11-25,72.55899810791016,72.6449966430664,71.45899963378906,72.05599975585938,0
1997-11-26,72.35299682617188,73.28399658203125,72.35099792480469,72.88700103759766,0
1997-11-28,72.67500305175781,72.82099914550781,72.43499755859375,72.43499755859375,0
1997-12-01,75.65399932861328,75.69000244140625,73.13300323486328,73.1449966430664,0
1997-12-02,75.68699645996094,75.96399688720703,75.45800018310547,75.552001953125,0
1997-12-03,76.08300018310547,76.54900360107422,75.63400268554688,75.92500305175781,0
1997-12-04,76.66600036621094,77.78099822998047,76.23500061035156,76.24299621582031,0
1997-12-05,77.6259994506836,77.7699966430664,75.87300109863281,76.16300201416016,0
1997-12-08,78.12200164794922,78.14700317382812,77.66600036621094,77.73400115966797,0
1997-12-09,78.09500122070312,78.68000030517578,77.68299865722656,78.00399780273438,0
1997-12-10,76.7760009765625,78.1989974975586,76.31800079345703,77.94000244140625,0
1997-12-11,75.57599639892578,76.25299835205078,74.8949966430664,76.24800109863281,0
1997-12-12,75.84600067138672,76.43199920654297,74.81199645996094,75.89700317382812,0
1997-12-15,77.37899780273438,77.66300201416016,75.99600219726562,76.00199890136719,0
1997-12-16,76.53099822998047,77.95099639892578,76.43800354003906,77.79199981689453,0
1997-12-17,76.91999816894531,77.12699890136719,76.5469970703125,76.83499908447266,0
1997-12-18,76.18499755859375,76.86900329589844,75.65899658203125,76.86900329589844,0
1997-12-19,74.927001953125,75.48799896240234,73.51499938964844,75.48799896240234,0
1997-12-22,74.90699768066406,75.71099853515625,74.43599700927734,75.08499908447266,0
1997-12-23,73.68699645996094,75.00199890136719,73.61599731445312,74.96700286865234,0
1997-12-24,72.39700317382812,73.69000244140625,72.32499694824219,73.68399810791016,0
1997-12-26,73.05599975585938,73.2969970703125,72.57499694824219,72.57499694824219,0
1997-12-29,74.23600006103516,74.46600341796875,73.43800354003906,73.43800354003906,0
1997-12-30,75.24400329589844,75.24400329589844,74.4739990234375,74.60099792480469,0
1997-12-31,75.53500366210938,75.56800079345703,75.0719985961914,75.26100158691406,0
1998-01-02,75.78199768066406,75.78199768066406,74.85099792480469,75.4280014038086,0
1998-01-05,76.23500061035156,76.81999969482422,75.75800323486328,75.93499755859375,0
1998-01-06,74.0459976196289,75.73999786376953,73.74600219726562,75.73999786376953,0
1998-01-07,73.00599670410156,73.75499725341797,71.68599700927734,73.75499725341797,0
1998-01-08,71.2979965209961,72.94000244140625,71.2979965209961,72.89199829101562,0
1998-01-09,69.46299743652344,71.35099792480469,69.13300323486328,71.27999877929688,0
1998-01-12,69.20600128173828,69.31600189208984,68.0009994506836,68.57599639892578,0
1998-01-13,70.33100128173828,70.37899780273438,69.72599792480469,69.79900360107422,0
1998-01-14,71.89099884033203,71.99800109863281,70.99800109863281,70.99800109863281,0
1998-01-15,71.48200225830078,71.87100219726562,71.3239974975586,71.85099792480469,0
1998-01-16,72.37899780273438,72.72599792480469,71.89199829101562,71.89199829101562,0
1998-01-20,73.06500244140625,73.11399841308594,72.15499877929688,72.697998046875,0
1998-01-21,71.28800201416016,72.87000274658203,70.87300109863281,72.7229995727539,0
1998-01-22,70.47699737548828,70.9739990234375,70.22799682617188,70.9739990234375,0
1998-01-23,69.4489974975586,70.77200317382812,68.81500244140625,70.56900024414062,0
1998-01-26,69.70099639892578,70.43299865722656,69.572998046875,69.572998046875,0
1998-01-27,71.43800354003906,71.59400177001953,69.70899963378906,69.71099853515625,0
1998-01-28,71.72200012207031,72.33999633789062,71.13999938964844,71.46199798583984,0
1998-01-29,72.5739974975586,73.29199981689453,71.68099975585938,71.697998046875,0
1998-01-30,72.16699981689453,72.7490005493164,72.14900207519531,72.7030029296875,0
1998-02-02,73.87000274658203,73.99099731445312,72.8270034790039,72.8270034790039,0
1998-02-03,75.1729965209961,75.21900177001953,73.66799926757812,73.73500061035156,0
1998-02-04,74.96499633789062,75.08100128173828,74.2030029296875,74.9489974975586,0
1998-02-05,75.23600006103516,75.5459976196289,74.59500122070312,75.30599975585938,0
1998-02-06,76.39399719238281,76.83999633789062,75.37699890136719,75.37699890136719,0
1998-02-09,76.9280014038086,76.9280014038086,76.19000244140625,76.62200164794922,0
1998-02-10,77.11199951171875,77.34700012207031,76.7490005493164,76.98799896240234,0
1998-02-11,77.375,77.40399932861328,77.0270004272461,77.0459976196289,0
1998-02-12,77.25,77.40499877929688,76.30899810791016,77.05400085449219,0
1998-02-13,76.57099914550781,76.90599822998047,76.32499694824219,76.85399627685547,0
1998-02-17,77.11799621582031,77.33999633789062,76.84400177001953,76.9260025024414,0
1998-02-18,77.85800170898438,77.9000015258789,77.31400299072266,77.31400299072266,0
1998-02-19,77.03500366210938,77.8290023803711,76.93499755859375,77.8290023803711,0
1998-02-20,77.09600067138672,77.23200225830078,76.33999633789062,77.2030029296875,0
1998-02-23,77.87300109863281,78.0469970703125,77.24600219726562,77.24600219726562,0
1998-02-24,77.28299713134766,77.86499786376953,77.14700317382812,77.75299835205078,0
1998-02-25,78.56500244140625,78.76000213623047,77.62300109863281,77.62300109863281,0
1998-02-26,78.88099670410156,79.02100372314453,78.19100189208984,78.45700073242188,0
1998-02-27,79.25800323486328,79.33699798583984,78.31400299072266,78.81400299072266,0
1998-03-02,79.09600067138672,79.47799682617188,78.96800231933594,79.2040023803711,0
1998-03-03,79.8949966430664,79.8949966430664,78.70700073242188,78.96800231933594,0
1998-03-04,79.12200164794922,79.72100067138672,79.03700256347656,79.6709976196289,0
1998-03-05,78.47000122070312,78.9749984741211,78.13999938964844,78.5739974975586,0
1998-03-06,79.96299743652344,79.96299743652344,78.63600158691406,78.63600158691406,0
1998-03-09,79.6719970703125,80.15499877929688,79.42400360107422,79.56199645996094,0
1998-03-10,80.9260025024414,81.01300048828125,79.88300323486328,79.88300323486328,0
1998-03-11,81.56199645996094,81.5999984741211,80.86199951171875,80.91999816894531,0
1998-03-12,81.79499816894531,82.0199966430664,81.16799926757812,81.48899841308594,0
1998-03-13,81.53800201416016,82.07499694824219,81.22100067138672,81.97599792480469,0
1998-03-16,83.3489990234375,83.3550033569336,81.8949966430664,81.8949966430664,0
1998-03-17,84.39099884033203,84.41300201416016,83.00700378417969,83.4219970703125,0
1998-03-18,85.06500244140625,85.10199737548828,84.24800109863281,84.33000183105469,0
1998-03-19,85.9729995727539,85.9729995727539,84.89800262451172,85.05699920654297,0
1998-03-20,86.04199981689453,86.43699645996094,85.90499877929688,86.3489990234375,0
1998-03-23,84.6969985961914,85.75800323486328,84.69200134277344,85.7040023803711,0
1998-03-24,85.86199951171875,86.20099639892578,84.81900024414062,84.81900024414062,0
1998-03-25,84.76300048828125,86.6050033569336,83.81700134277344,86.24500274658203,0
1998-03-26,84.89700317382812,85.45800018310547,84.25299835205078,84.54000091552734,0
1998-03-27,84.45899963378906,85.55999755859375,84.00700378417969,85.25299835205078,0
1998-03-30,83.36000061035156,84.71900177001953,82.9520034790039,84.46199798583984,0
1998-03-31,84.81400299072266,85.50599670410156,83.84400177001953,83.85600280761719,0
1998-04-01,84.7509994506836,84.80599975585938,83.8030014038086,84.74500274658203,0
1998-04-02,85.76799774169922,85.83499908447266,84.68199920654297,84.7229995727539,0
1998-04-03,86.26699829101562,86.74800109863281,85.69300079345703,85.91500091552734,0
1998-04-06,89.68099975585938,89.80999755859375,86.93699645996094,86.93699645996094,0
1998-04-07,88.1520004272461,89.75399780273438,87.427001953125,89.74600219726562,0
1998-04-08,86.83300018310547,88.31999969482422,86.55000305175781,88.23100280761719,0
1998-04-09,88.30000305175781,88.30000305175781,86.76499938964844,87.00900268554688,0
1998-04-13,90.98500061035156,91.33899688720703,88.82499694824219,88.94599914550781,0
1998-04-14,91.05699920654297,91.24199676513672,90.81300354003906,91.0719985961914,0
1998-04-15,90.67900085449219,90.94100189208984,90.35700225830078,90.86499786376953,0
1998-04-16,88.79199981689453,90.4489974975586,88.40699768066406,90.43599700927734,0
1998-04-17,89.86499786376953,89.86499786376953,88.36399841308594,88.78700256347656,0
1998-04-20,89.05000305175781,89.91999816894531,88.58399963378906,89.8290023803711,0
1998-04-21,88.55799865722656,89.22000122070312,88.27300262451172,88.9280014038086,0
1998-04-22,89.9520034790039,89.97000122070312,88.97200012207031,88.97699737548828,0
1998-04-23,88.41400146484375,89.63099670410156,88.41400146484375,89.60099792480469,0
1998-04-24,87.08999633789062,88.68399810791016,86.83100128173828,88.43000030517578,0
1998-04-27,84.29900360107422,86.21399688720703,83.2249984741211,86.20700073242188,0
1998-04-28,84.50599670410156,85.48200225830078,84.20899963378906,85.18199920654297,0
1998-04-29,84.93699645996094,85.20500183105469,84.3239974975586,84.68900299072266,0
1998-04-30,86.48600006103516,87.46800231933594,85.77200317382812,85.77200317382812,0
1998-05-01,88.3550033569336,88.3550033569336,86.85299682617188,86.85299682617188,0
1998-05-04,87.1709976196289,88.69000244140625,87.1500015258789,88.34700012207031,0
1998-05-05,86.06900024414062,86.91699981689453,85.5260009765625,86.91699981689453,0
1998-05-06,84.62300109863281,86.32499694824219,82.71900177001953,86.15799713134766,0
1998-05-07,83.77400207519531,84.67400360107422,83.73799896240234,84.67400360107422,0
1998-05-08,84.35199737548828,85.25800323486328,83.8290023803711,83.8290023803711,0
1998-05-11,84.45800018310547,85.3759994506836,83.96399688720703,84.45999908447266,0
1998-05-12,85.74600219726562,85.80899810791016,83.86599731445312,84.4739990234375,0
1998-05-13,85.3479995727539,85.83799743652344,84.83499908447266,85.73500061035156,0
1998-05-14,85.10800170898438,85.74700164794922,84.74500274658203,85.18499755859375,0
1998-05-15,85.29399871826172,85.4530029296875,84.77300262451172,85.13099670410156,0
1998-05-18,85.04499816894531,85.67500305175781,84.80699920654297,85.08799743652344,0
1998-05-19,85.7249984741211,86.07599639892578,85.4000015258789,85.48300170898438,0
1998-05-20,87.04299926757812,87.0719985961914,86.1760025024414,86.44000244140625,0
1998-05-21,86.93099975585938,87.74199676513672,86.91400146484375,86.91400146484375,0
1998-05-22,86.697998046875,87.19300079345703,86.46199798583984,87.125,0
1998-05-26,85.16100311279297,87.09700012207031,85.15299987792969,86.95999908447266,0
1998-05-27,83.79000091552734,84.74299621582031,82.31500244140625,84.74299621582031,0
1998-05-28,84.2699966430664,84.40899658203125,83.59700012207031,83.83799743652344,0
1998-05-29,83.7030029296875,84.79000091552734,83.68800354003906,84.63400268554688,0
1998-06-01,83.98699951171875,84.60600280761719,83.31300354003906,83.49800109863281,0
1998-06-02,84.47000122070312,84.90299987792969,84.26699829101562,84.52799987792969,0
1998-06-03,83.25,84.54299926757812,83.11799621582031,84.44400024414062,0
1998-06-04,83.8489990234375,83.95800018310547,82.36699676513672,83.10099792480469,0
1998-06-05,85.0260009765625,85.0719985961914,83.77400207519531,84.10900115966797,0
1998-06-08,85.71800231933594,85.92400360107422,85.05699920654297,85.20999908447266,0
1998-06-09,85.20500183105469,85.66999816894531,84.85700225830078,85.59700012207031,0
1998-06-10,85.4990005493164,86.22699737548828,84.88899993896484,85.06300354003906,0
1998-06-11,84.45999908447266,86.02100372314453,84.43000030517578,85.54900360107422,0
1998-06-12,84.05400085449219,84.49500274658203,83.0739974975586,84.48200225830078,0
1998-06-15,82.61499786376953,83.58200073242188,82.61499786376953,83.33100128173828,0
1998-06-16,82.41500091552734,83.08000183105469,81.68099975585938,82.96900177001953,0
1998-06-17,84.22599792480469,84.69000244140625,82.75,82.75,0
1998-06-18,84.0270004272461,84.57499694824219,83.84100341796875,84.25499725341797,0
1998-06-19,83.69200134277344,84.1729965209961,83.5780029296875,83.92900085449219,0
1998-06-22,82.90399932861328,83.70600128173828,82.90399932861328,83.5530014038086,0
1998-06-23,83.2249984741211,83.49400329589844,83.00800323486328,83.02999877929688,0
1998-06-24,85.6240005493164,85.87300109863281,82.92900085449219,83.24099731445312,0
1998-06-25,85.70500183105469,86.71399688720703,85.56500244140625,85.6520004272461,0
1998-06-26,85.81999969482422,86.26699829101562,85.73100280761719,85.822998046875,0
1998-06-29,86.28500366210938,86.88999938964844,86.10800170898438,86.10800170898438,0
1998-06-30,85.35700225830078,86.2959976196289,85.28199768066406,86.28700256347656,0
1998-07-01,87.5530014038086,87.55899810791016,85.79900360107422,85.79900360107422,0
1998-07-02,88.08899688720703,88.16100311279297,87.22100067138672,87.38300323486328,0
1998-07-06,89.04399871826172,89.04399871826172,87.83100128173828,88.11399841308594,0
1998-07-07,89.24800109863281,89.66400146484375,88.57599639892578,88.96199798583984,0
1998-07-08,91.31500244140625,91.31500244140625,89.39600372314453,89.40699768066406,0
1998-07-09,90.53900146484375,91.2760009765625,90.36699676513672,91.18299865722656,0
1998-07-10,91.54499816894531,91.70700073242188,90.09300231933594,90.55500030517578,0
1998-07-13,91.58699798583984,92.25900268554688,90.97000122070312,91.71600341796875,0
1998-07-14,93.16699981689453,93.16699981689453,91.92400360107422,91.92400360107422,0
1998-07-15,91.96700286865234,93.34100341796875,91.96700286865234,93.3239974975586,0
1998-07-16,92.37100219726562,92.37200164794922,91.12100219726562,91.97599792480469,0
1998-07-17,92.6729965209961,95.31999969482422,92.06400299072266,95.31999969482422,0
1998-07-20,92.01200103759766,92.94200134277344,91.77799987792969,92.72599792480469,0
1998-07-21,88.70600128173828,92.19200134277344,88.54499816894531,91.97000122070312,0
1998-07-22,88.88899993896484,89.54399871826172,88.62200164794922,88.75,0
1998-07-23,87.9520034790039,89.4260025024414,87.9520034790039,88.89700317382812,0
1998-07-24,87.25599670410156,88.5260009765625,86.08999633789062,88.16899871826172,0
1998-07-27,87.58699798583984,87.6520004272461,85.58100128173828,87.0009994506836,0
1998-07-28,85.87699890136719,87.3740005493164,85.09300231933594,87.3740005493164,0
1998-07-29,85.71600341796875,86.73799896240234,85.30999755859375,85.9990005493164,0
1998-07-30,86.88999938964844,87.10600280761719,85.91699981689453,85.94999694824219,0
1998-07-31,86.27799987792969,87.40899658203125,85.6500015258789,86.78199768066406,0
1998-08-03,84.84100341796875,86.16799926757812,84.81400299072266,86.14700317382812,0
1998-08-04,80.11100006103516,85.37000274658203,80.11100006103516,85.26499938964844,0
1998-08-05,81.68000030517578,82.22100067138672,79.43900299072266,80.44400024414062,0
1998-08-06,81.91200256347656,82.08499908447266,80.79900360107422,81.31099700927734,0
1998-08-07,80.78099822998047,82.33999633789062,80.677001953125,81.9739990234375,0
1998-08-10,79.58899688720703,80.77999877929688,79.5510025024414,80.697998046875,0
1998-08-11,76.94100189208984,78.61599731445312,75.39700317382812,78.61599731445312,0
1998-08-12,78.7229995727539,79.26599884033203,77.54299926757812,77.54299926757812,0
1998-08-13,77.4260025024414,79.11000061035156,77.12100219726562,78.65399932861328,0
1998-08-14,76.37699890136719,78.80500030517578,75.87999725341797,77.9280014038086,0
1998-08-17,78.11199951171875,78.11199951171875,75.3759994506836,76.26499938964844,0
1998-08-18,80.01899719238281,80.18299865722656,78.15499877929688,78.15499877929688,0
1998-08-19,78.64900207519531,80.59300231933594,78.40699768066406,80.30699920654297,0
1998-08-20,76.90499877929688,78.46900177001953,76.87799835205078,78.4520034790039,0
1998-08-21,75.06700134277344,76.08499908447266,72.91000366210938,76.08499908447266,0
1998-08-24,75.30400085449219,76.73400115966797,74.8759994506836,75.50800323486328,0
1998-08-25,75.10399627685547,77.20099639892578,74.68599700927734,76.09500122070312,0
1998-08-26,74.24099731445312,74.79499816894531,73.22599792480469,74.14900207519531,0
1998-08-27,69.9010009765625,73.08100128173828,68.4530029296875,73.08100128173828,0
1998-08-28,68.10399627685547,71.56600189208984,67.82099914550781,70.26599884033203,0
1998-08-31,64.16400146484375,69.46499633789062,63.999000549316406,68.73600006103516,0
1998-09-01,66.3479995727539,66.6719970703125,62.178001403808594,64.6520004272461,0
1998-09-02,67.39299774169922,70.052001953125,66.50199890136719,66.55999755859375,0
1998-09-03,65.23400115966797,66.9000015258789,63.89099884033203,66.76699829101562,0
1998-09-04,62.74300003051758,65.80500030517578,61.624000549316406,65.625,0
1998-09-08,67.10099792480469,67.39199829101562,65.10600280761719,65.11699676513672,0
1998-09-09,65.21499633789062,67.28500366210938,64.72599792480469,67.0009994506836,0
1998-09-10,62.38100051879883,63.698001861572266,60.87200164794922,63.698001861572266,0
1998-09-11,66.25900268554688,66.25900268554688,60.59199905395508,61.8489990234375,0
1998-09-14,67.97699737548828,69.11199951171875,67.00700378417969,67.00700378417969,0
1998-09-15,69.3239974975586,69.46600341796875,66.572998046875,67.52899932861328,0
1998-09-16,70.94100189208984,71.25599670410156,69.56500244140625,69.56500244140625,0
1998-09-17,68.32599639892578,69.39900207519531,67.8550033569336,69.39900207519531,0
1998-09-18,67.41699981689453,68.66000366210938,66.91600036621094,68.19999694824219,0
1998-09-21,67.26200103759766,67.33999633789062,64.77999877929688,66.16999816894531,0
1998-09-22,67.98999786376953,68.30699920654297,67.18800354003906,67.72899627685547,0
1998-09-23,72.02400207519531,72.02400207519531,68.14199829101562,68.14199829101562,0
1998-09-24,68.38600158691406,71.59600067138672,67.54399871826172,71.42500305175781,0
1998-09-25,68.40899658203125,68.86900329589844,66.35600280761719,67.41200256347656,0
1998-09-28,68.60800170898438,70.88500213623047,67.88600158691406,69.0790023803711,0
1998-09-29,67.70500183105469,69.83899688720703,67.35199737548828,68.90699768066406,0
1998-09-30,65.30000305175781,67.13899993896484,64.75299835205078,67.12200164794922,0
1998-10-01,63.11600112915039,65.10399627685547,62.808998107910156,64.5459976196289,0
1998-10-02,65.552001953125,66.11000061035156,62.15399932861328,63.34600067138672,0
1998-10-05,62.66400146484375,64.94300079345703,61.10300064086914,64.94300079345703,0
1998-10-06,61.41699981689453,64.68299865722656,60.323001861572266,63.5890007019043,0
1998-10-07,59.387001037597656,62.09299850463867,57.80699920654297,61.37799835205078,0
1998-10-08,59.196998596191406,59.527000427246094,54.573001861572266,58.297000885009766,0
1998-10-09,63.900001525878906,63.94300079345703,59.1349983215332,59.779998779296875,0
1998-10-12,64.02100372314453,66.5459976196289,63.981998443603516,65.19100189208984,0
1998-10-13,64.2969970703125,65.53600311279297,63.50899887084961,63.81700134277344,0
1998-10-14,64.08499908447266,64.52899932861328,62.305999755859375,64.14600372314453,0
1998-10-15,68.31300354003906,69.09200286865234,63.02799987792969,63.683998107910156,0
1998-10-16,70.51300048828125,71.62200164794922,69.09200286865234,69.4540023803711,0
1998-10-19,71.75900268554688,72.0199966430664,70.05999755859375,70.40899658203125,0
1998-10-20,74.33899688720703,75.7699966430664,72.90299987792969,72.91400146484375,0
1998-10-21,72.75299835205078,74.41799926757812,72.47699737548828,74.34300231933594,0
1998-10-22,73.8499984741211,73.99199676513672,71.76200103759766,72.7020034790039,0
1998-10-23,73.0469970703125,73.77100372314453,72.5459976196289,73.66200256347656,0
1998-10-26,72.9800033569336,73.77899932861328,72.35800170898438,73.18399810791016,0
1998-10-27,70.61900329589844,73.49099731445312,70.3740005493164,73.33100128173828,0
1998-10-28,71.48899841308594,72.0009994506836,69.97899627685547,70.56900024414062,0
1998-10-29,73.02300262451172,73.06400299072266,70.9540023803711,71.40699768066406,0
1998-10-30,74.3239974975586,74.9729995727539,73.48699951171875,73.48699951171875,0
1998-11-02,74.73899841308594,75.24099731445312,74.15699768066406,74.16500091552734,0
1998-11-03,74.61199951171875,74.96600341796875,74.16100311279297,74.6510009765625,0
1998-11-04,76.4990005493164,76.93000030517578,75.44000244140625,75.46700286865234,0
1998-11-05,78.91300201416016,78.99700164794922,75.93199920654297,76.33100128173828,0
1998-11-06,78.87200164794922,79.64600372314453,78.5530014038086,78.85099792480469,0
1998-11-09,76.697998046875,78.52899932861328,76.46399688720703,78.52899932861328,0
1998-11-10,75.4540023803711,76.3759994506836,75.39900207519531,76.36599731445312,0
1998-11-11,74.03600311279297,76.06300354003906,73.83200073242188,75.77899932861328,0
1998-11-12,73.50399780273438,74.71800231933594,73.19200134277344,73.79900360107422,0
1998-11-13,75.29299926757812,75.39800262451172,73.80899810791016,73.81900024414062,0
1998-11-16,76.38200378417969,76.9010009765625,75.60199737548828,76.21099853515625,0
1998-11-17,77.9729995727539,79.19999694824219,75.9489974975586,76.26499938964844,0
1998-11-18,77.15899658203125,78.1780014038086,76.45500183105469,78.01699829101562,0
1998-11-19,77.68499755859375,77.93399810791016,76.83599853515625,77.29399871826172,0
1998-11-20,78.62999725341797,78.93800354003906,78.0469970703125,78.052001953125,0
1998-11-23,81.25800323486328,81.32599639892578,79.46800231933594,79.46800231933594,0
1998-11-24,80.927001953125,82.0250015258789,80.88999938964844,81.01000213623047,0
1998-11-25,81.7699966430664,81.7699966430664,81.08499908447266,81.11699676513672,0
1998-11-27,81.46499633789062,81.84300231933594,81.4469985961914,81.75499725341797,0
1998-11-30,78.8479995727539,81.19200134277344,78.83999633789062,81.13899993896484,0
1998-12-01,78.9530029296875,79.1729965209961,77.5790023803711,78.42400360107422,0
1998-12-02,79.82599639892578,80.36599731445312,78.46099853515625,78.6510009765625,0
1998-12-03,77.5479965209961,79.51399993896484,77.51300048828125,79.45999908447266,0
1998-12-04,80.2969970703125,80.2969970703125,78.41000366210938,78.64399719238281,0
1998-12-07,79.86799621582031,80.33200073242188,79.6259994506836,80.27400207519531,0
1998-12-08,78.39099884033203,79.79499816894531,78.38400268554688,79.75599670410156,0
1998-12-09,78.1709976196289,79.31500244140625,77.63200378417969,78.71499633789062,0
1998-12-10,76.9469985961914,78.19000244140625,76.83100128173828,78.19000244140625,0
1998-12-11,75.99600219726562,76.70099639892578,75.12000274658203,76.70099639892578,0
1998-12-14,74.42500305175781,75.53299713134766,73.99199676513672,75.51300048828125,0
1998-12-15,76.10700225830078,76.12300109863281,74.31199645996094,74.66300201416016,0
1998-12-16,75.76899719238281,76.16200256347656,75.0250015258789,75.95899963378906,0
1998-12-17,79.50700378417969,79.54299926757812,76.34100341796875,76.34100341796875,0
1998-12-18,79.43499755859375,79.89900207519531,79.11599731445312,79.7040023803711,0
1998-12-21,80.6969985961914,80.90399932861328,79.27200317382812,79.3489990234375,0
1998-12-22,79.78299713134766,80.66799926757812,79.7229995727539,80.66799926757812,0
1998-12-23,81.08799743652344,81.20099639892578,79.78600311279297,79.97200012207031,0
1998-12-24,80.93000030517578,81.37200164794922,80.7760009765625,80.95700073242188,0
1998-12-28,80.51699829101562,81.38099670410156,80.39800262451172,81.13400268554688,0
1998-12-29,81.33200073242188,81.33200073242188,79.93000030517578,80.58599853515625,0
1998-12-30,81.6510009765625,81.97000122070312,80.8270034790039,81.14700317382812,0
1998-12-31,80.52100372314453,81.62100219726562,80.48300170898438,81.552001953125,0
1999-01-04,80.83000183105469,81.98400115966797,80.01799774169922,80.85900115966797,0
1999-01-05,81.77300262451172,81.77300262451172,80.7239990234375,80.88300323486328,0
1999-01-06,84.18800354003906,84.41100311279297,82.24500274658203,82.24500274658203,0
1999-01-07,86.40799713134766,86.49700164794922,83.2229995727539,83.56300354003906,0
1999-01-08,86.88500213623047,87.31199645996094,85.83399963378906,86.8280029296875,0
1999-01-11,86.05000305175781,86.60700225830078,85.37100219726562,86.47699737548828,0
1999-01-12,83.52899932861328,85.32499694824219,83.3949966430664,85.28500366210938,0
1999-01-13,81.85900115966797,82.8550033569336,78.70999908447266,80.0,0
1999-01-14,78.82099914550781,81.7020034790039,78.74400329589844,81.69599914550781,0
1999-01-15,81.50900268554688,81.50900268554688,79.26799774169922,79.28399658203125,0
1999-01-19,80.80400085449219,82.05699920654297,79.5979995727539,81.66100311279297,0
1999-01-20,81.7020034790039,82.67900085449219,80.1989974975586,81.1259994506836,0
1999-01-21,80.58599853515625,81.66899871826172,80.48300170898438,81.45800018310547,0
1999-01-22,79.25,79.99099731445312,79.06600189208984,79.75499725341797,0
1999-01-25,80.25,80.26300048828125,78.87000274658203,79.66200256347656,0
1999-01-26,80.44100189208984,80.62999725341797,79.45800018310547,80.26799774169922,0
1999-01-27,77.93499755859375,80.45899963378906,77.91999816894531,80.4530029296875,0
1999-01-28,79.91899871826172,79.95099639892578,78.58399963378906,78.58999633789062,0
1999-01-29,81.50700378417969,81.51100158691406,79.30400085449219,80.22100067138672,0
1999-02-01,79.86299896240234,81.50599670410156,79.75399780273438,81.44499969482422,0
1999-02-02,78.7020034790039,79.79100036621094,77.875,79.7699966430664,0
1999-02-03,79.37899780273438,80.01200103759766,77.89600372314453,78.45999908447266,0
1999-02-04,77.32099914550781,79.20800018310547,77.29900360107422,79.14199829101562,0
1999-02-05,77.3010025024414,77.54900360107422,76.68800354003906,77.33300018310547,0
1999-02-08,76.572998046875,77.70099639892578,76.35700225830078,77.62799835205078,0
1999-02-09,75.49099731445312,77.28399658203125,75.12999725341797,76.62799835205078,0
1999-02-10,76.53299713134766,76.53299713134766,75.12300109863281,75.4739990234375,0
1999-02-11,79.1449966430664,79.30999755859375,76.33200073242188,76.63999938964844,0
1999-02-12,77.79299926757812,79.34600067138672,77.42400360107422,78.81600189208984,0
1999-02-16,79.55899810791016,79.81199645996094,78.677001953125,78.86299896240234,0
1999-02-17,79.70999908447266,81.30400085449219,78.94599914550781,78.9749984741211,0
1999-02-18,80.58300018310547,80.96099853515625,79.54100036621094,79.96399688720703,0
1999-02-19,80.46099853515625,81.45099639892578,80.39299774169922,80.48400115966797,0
1999-02-22,82.95800018310547,83.01399993896484,80.30400085449219,80.30500030517578,0
1999-02-23,83.48100280761719,84.14399719238281,82.7509994506836,82.7509994506836,0
1999-02-24,80.91000366210938,84.34600067138672,80.8030014038086,83.61499786376953,0
1999-02-25,81.50599670410156,81.50599670410156,79.66100311279297,80.6240005493164,0
1999-02-26,82.29100036621094,82.78800201416016,80.95500183105469,81.64700317382812,0
1999-03-01,83.7229995727539,83.74500274658203,81.9229965209961,82.36599731445312,0
1999-03-02,83.09500122070312,84.29299926757812,82.64600372314453,83.81700134277344,0
1999-03-03,82.65499877929688,83.53500366210938,82.10700225830078,83.07099914550781,0
1999-03-04,84.13800048828125,84.14800262451172,82.71700286865234,82.77799987792969,0
1999-03-05,86.03600311279297,86.45999908447266,85.20899963378906,85.63700103759766,0
1999-03-08,85.85299682617188,86.16600036621094,85.30000305175781,85.85399627685547,0
1999-03-09,86.5510025024414,87.10600280761719,85.3280029296875,85.63800048828125,0
1999-03-10,88.13999938964844,88.14299774169922,86.44200134277344,86.97100067138672,0
1999-03-11,88.99800109863281,89.73500061035156,87.8489990234375,88.08899688720703,0
1999-03-12,88.66600036621094,89.4530029296875,88.43299865722656,89.21299743652344,0
1999-03-15,89.29499816894531,89.36299896240234,88.47799682617188,88.8030014038086,0
1999-03-16,87.43299865722656,89.44000244140625,87.4219970703125,89.24500274658203,0
1999-03-17,86.11100006103516,87.31999969482422,85.73200225830078,87.31999969482422,0
1999-03-18,88.76200103759766,88.77400207519531,86.2959976196289,86.2959976196289,0
1999-03-19,87.2249984741211,89.4010009765625,87.2249984741211,88.99600219726562,0
1999-03-22,87.05799865722656,87.33999633789062,86.43199920654297,87.1780014038086,0
1999-03-23,84.41999816894531,86.75,83.94200134277344,86.75,0
1999-03-24,83.86399841308594,84.71199798583984,83.62999725341797,84.4990005493164,0
1999-03-25,85.43199920654297,85.87100219726562,84.4489974975586,84.4489974975586,0
1999-03-26,84.63999938964844,85.49700164794922,84.56999969482422,85.21600341796875,0
1999-03-29,86.28900146484375,86.55699920654297,85.13099670410156,85.13099670410156,0
1999-03-30,85.06500244140625,85.96900177001953,85.06500244140625,85.96900177001953,0
1999-03-31,84.59500122070312,86.06999969482422,84.14700317382812,85.56999969482422,0
1999-04-01,84.36399841308594,84.76499938964844,83.83899688720703,84.68099975585938,0
1999-04-05,85.96600341796875,85.96600341796875,84.95099639892578,84.9520034790039,0
1999-04-06,85.50900268554688,86.62799835205078,85.32499694824219,85.9010009765625,0
1999-04-07,88.60800170898438,88.65499877929688,86.10399627685547,86.1709976196289,0
1999-04-08,90.59400177001953,90.76000213623047,88.94400024414062,88.9520034790039,0
1999-04-09,90.64700317382812,91.00399780273438,89.45899963378906,90.18299865722656,0
1999-04-12,91.86699676513672,91.9260025024414,89.97699737548828,90.19400024414062,0
1999-04-13,91.74400329589844,92.31500244140625,91.36399841308594,91.9540023803711,0
1999-04-14,90.89399719238281,93.5770034790039,90.77999877929688,92.2760009765625,0
1999-04-15,90.38500213623047,91.46399688720703,90.0250015258789,90.71499633789062,0
1999-04-16,90.76799774169922,90.83899688720703,89.13300323486328,90.5270004272461,0
1999-04-19,90.71099853515625,94.12899780273438,90.65399932861328,91.47799682617188,0
1999-04-20,91.75299835205078,92.16000366210938,90.45600128173828,91.68699645996094,0
1999-04-21,92.12200164794922,92.12200164794922,90.48899841308594,91.60700225830078,0
1999-04-22,92.75800323486328,92.75800323486328,91.45099639892578,91.93800354003906,0
1999-04-23,92.21900177001953,92.9800033569336,91.95099639892578,92.68399810791016,0
1999-04-26,90.6729965209961,92.1050033569336,90.54199981689453,92.1050033569336,0
1999-04-27,93.48100280761719,93.48600006103516,90.96800231933594,91.18399810791016,0
1999-04-28,92.58799743652344,93.6719970703125,92.52400207519531,93.31900024414062,0
1999-04-29,93.21700286865234,94.43199920654297,92.83799743652344,92.86100006103516,0
1999-04-30,92.08899688720703,93.58899688720703,90.68599700927734,93.08399963378906,0
1999-05-03,93.09100341796875,93.09100341796875,91.28500366210938,91.76200103759766,0
1999-05-04,90.58899688720703,92.84700012207031,90.52400207519531,92.84700012207031,0
1999-05-05,91.14299774169922,91.45099639892578,89.18699645996094,90.79199981689453,0
1999-05-06,89.30500030517578,90.49700164794922,88.76799774169922,90.0459976196289,0
1999-05-07,89.98400115966797,90.37100219726562,89.18000030517578,89.46099853515625,0
1999-05-10,89.60399627685547,90.34400177001953,89.36900329589844,90.19499969482422,0
1999-05-11,90.41600036621094,91.16899871826172,89.70899963378906,89.8949966430664,0
1999-05-12,91.18900299072266,91.44999694824219,88.44300079345703,90.24299621582031,0
1999-05-13,92.68599700927734,93.36100006103516,91.60299682617188,91.60299682617188,0
1999-05-14,89.62000274658203,91.52400207519531,88.96900177001953,91.4000015258789,0
1999-05-17,88.24400329589844,89.27999877929688,87.2020034790039,89.21700286865234,0
1999-05-18,87.86199951171875,89.18000030517578,86.80999755859375,88.18800354003906,0
1999-05-19,89.07099914550781,89.07099914550781,88.04000091552734,88.25700378417969,0
1999-05-20,88.06999969482422,89.375,87.97699737548828,89.13099670410156,0
1999-05-21,87.4209976196289,87.96299743652344,86.81700134277344,87.87000274658203,0
1999-05-24,85.3290023803711,86.79900360107422,84.4020004272461,86.79900360107422,0
1999-05-25,82.24400329589844,85.21900177001953,82.21900177001953,85.0009994506836,0
1999-05-26,85.27799987792969,85.27799987792969,81.9530029296875,82.41300201416016,0
1999-05-27,82.4749984741211,84.5719985961914,82.35099792480469,84.5719985961914,0
1999-05-28,84.44499969482422,84.4530029296875,82.5739974975586,82.5739974975586,0
1999-06-01,83.12200164794922,84.24099731445312,82.16500091552734,84.1050033569336,0
1999-06-02,82.26699829101562,83.13300323486328,81.15599822998047,83.0459976196289,0
1999-06-03,82.98799896240234,83.23300170898438,82.18099975585938,82.90299987792969,0
1999-06-04,83.97100067138672,84.00599670410156,82.59400177001953,83.36699676513672,0
1999-06-07,85.25900268554688,85.59700012207031,84.0,84.0,0
1999-06-08,84.26499938964844,85.13700103759766,83.84600067138672,85.13700103759766,0
1999-06-09,84.04900360107422,85.03099822998047,83.66000366210938,84.33399963378906,0
1999-06-10,82.61299896240234,83.5270004272461,81.59500122070312,83.5270004272461,0
1999-06-11,82.9020004272461,83.80999755859375,82.2699966430664,82.61499786376953,0
1999-06-14,82.24400329589844,82.85399627685547,82.09200286865234,82.85399627685547,0
1999-06-15,83.32099914550781,83.61799621582031,82.36399841308594,82.36399841308594,0
1999-06-16,85.83999633789062,86.11100006103516,84.4540023803711,84.45800018310547,0
1999-06-17,87.47200012207031,87.89399719238281,85.4229965209961,85.68299865722656,0
1999-06-18,87.47200012207031,87.8280029296875,87.16300201416016,87.55599975585938,0
1999-06-21,88.12300109863281,88.48400115966797,87.30899810791016,87.822998046875,0
1999-06-22,87.58799743652344,88.35700225830078,87.44100189208984,87.8949966430664,0
1999-06-23,86.21600341796875,87.12100219726562,85.4530029296875,87.12100219726562,0
1999-06-24,84.11000061035156,85.89800262451172,83.802001953125,85.86399841308594,0
1999-06-25,85.21900177001953,85.70899963378906,84.375,84.375,0
1999-06-28,87.25900268554688,87.79000091552734,86.0260009765625,86.08399963378906,0
1999-06-29,88.13899993896484,88.36199951171875,87.07499694824219,87.11900329589844,0
1999-06-30,89.58899688720703,90.37999725341797,86.72100067138672,88.08799743652344,0
1999-07-01,90.41500091552734,90.66300201416016,88.47899627685547,89.51799774169922,0
1999-07-02,90.91300201416016,91.16899871826172,90.33899688720703,90.3759994506836,0
1999-07-06,91.072998046875,91.85900115966797,90.3030014038086,90.49600219726562,0
1999-07-07,91.0270004272461,91.2699966430664,90.52899932861328,90.93199920654297,0
1999-07-08,90.51699829101562,91.34100341796875,90.16999816894531,90.80799865722656,0
1999-07-09,90.86199951171875,91.11499786376953,90.3219985961914,90.6719970703125,0
1999-07-12,89.88999938964844,91.17500305175781,89.8239974975586,91.06600189208984,0
1999-07-13,88.78199768066406,89.19200134277344,88.44300079345703,89.19200134277344,0
1999-07-14,88.24500274658203,89.19100189208984,87.87999725341797,88.91100311279297,0
1999-07-15,89.20700073242188,89.48300170898438,88.74800109863281,88.91600036621094,0
1999-07-16,90.11699676513672,90.12100219726562,88.65499877929688,89.18199920654297,0
1999-07-19,89.79499816894531,90.83100128173828,89.56199645996094,90.38999938964844,0
1999-07-20,88.322998046875,89.98400115966797,88.3010025024414,89.7020034790039,0
1999-07-21,86.93800354003906,88.89600372314453,86.73400115966797,88.65699768066406,0
1999-07-22,87.47799682617188,88.2020034790039,86.78299713134766,87.08000183105469,0
1999-07-23,86.4229965209961,87.66200256347656,85.49800109863281,87.4000015258789,0
1999-07-26,86.88800048828125,87.48699951171875,85.73600006103516,86.11100006103516,0
1999-07-27,87.46800231933594,87.93499755859375,87.1240005493164,87.44599914550781,0
1999-07-28,86.95600128173828,87.71399688720703,86.72899627685547,87.00900268554688,0
1999-07-29,85.12200164794922,85.88500213623047,84.7239990234375,85.87300109863281,0
1999-07-30,82.88700103759766,85.11199951171875,82.86799621582031,85.10399627685547,0
1999-08-02,82.81700134277344,84.51200103759766,82.68499755859375,83.39700317382812,0
1999-08-03,82.61299896240234,83.28500366210938,81.80799865722656,83.19100189208984,0
1999-08-04,81.30799865722656,83.64199829101562,81.23600006103516,82.72100067138672,0
1999-08-05,81.2249984741211,81.56700134277344,79.48799896240234,81.50700378417969,0
1999-08-06,78.91799926757812,80.84300231933594,78.71900177001953,80.79499816894531,0
1999-08-09,79.64700317382812,80.34400177001953,78.73500061035156,78.85399627685547,0
1999-08-10,78.33799743652344,79.77400207519531,77.5479965209961,79.5979995727539,0
1999-08-11,80.47699737548828,80.53700256347656,78.74400329589844,78.74400329589844,0
1999-08-12,79.68599700927734,81.12000274658203,79.68599700927734,80.36499786376953,0
1999-08-13,83.08000183105469,83.19499969482422,80.7030029296875,80.7030029296875,0
1999-08-16,83.16799926757812,83.18499755859375,82.5199966430664,82.95500183105469,0
1999-08-17,85.49700164794922,85.49700164794922,84.05400085449219,84.05400085449219,0
1999-08-18,85.05899810791016,85.34200286865234,83.89199829101562,85.31900024414062,0
1999-08-19,83.61699676513672,84.51100158691406,83.447998046875,84.50299835205078,0
1999-08-20,84.83000183105469,84.83000183105469,83.34600067138672,83.50599670410156,0
1999-08-23,87.11399841308594,87.19499969482422,85.28500366210938,85.28500366210938,0
1999-08-24,87.43900299072266,88.69200134277344,86.53500366210938,86.822998046875,0
1999-08-25,85.39600372314453,86.41400146484375,82.99500274658203,86.41400146484375,0
1999-08-26,83.16600036621094,85.7509994506836,83.13999938964844,85.72200012207031,0
1999-08-27,82.45899963378906,83.4229965209961,82.34100341796875,83.31900024414062,0
1999-08-30,79.36599731445312,82.68599700927734,79.33399963378906,82.62699890136719,0
1999-08-31,79.47599792480469,80.3740005493164,78.31700134277344,79.81099700927734,0
1999-09-01,79.78800201416016,79.85399627685547,78.87799835205078,79.51200103759766,0
1999-09-02,78.14800262451172,78.84500122070312,77.41999816894531,78.84500122070312,0
1999-09-03,81.53600311279297,81.95600128173828,79.44599914550781,79.44599914550781,0
1999-09-07,79.12200164794922,81.54100036621094,78.9739990234375,81.52200317382812,0
1999-09-08,78.70500183105469,79.72000122070312,78.09700012207031,78.77300262451172,0
1999-09-09,77.60700225830078,78.60600280761719,76.79100036621094,78.60600280761719,0
1999-09-10,77.78500366210938,78.4520034790039,77.29399871826172,78.01899719238281,0
1999-09-13,77.22000122070312,77.677001953125,76.95099639892578,77.677001953125,0
1999-09-14,75.68599700927734,76.77799987792969,75.05999755859375,76.77799987792969,0
1999-09-15,75.5479965209961,76.93000030517578,75.4520034790039,76.55500030517578,0
1999-09-16,75.41400146484375,75.69599914550781,74.4000015258789,75.67900085449219,0
1999-09-17,75.88899993896484,76.45600128173828,75.5780029296875,75.75299835205078,0
1999-09-20,75.62000274658203,76.13600158691406,75.47899627685547,75.947998046875,0
1999-09-21,73.73300170898438,74.81999969482422,73.43499755859375,74.77300262451172,0
1999-09-22,73.92900085449219,74.47100067138672,73.27799987792969,73.7490005493164,0
1999-09-23,73.83399963378906,75.74099731445312,73.64399719238281,74.29399871826172,0
1999-09-24,75.28500366210938,75.49800109863281,73.83300018310547,73.84300231933594,0
1999-09-27,73.71499633789062,75.71099853515625,73.71499633789062,75.51100158691406,0
1999-09-28,74.24500274658203,74.51899719238281,73.072998046875,73.57499694824219,0
1999-09-29,73.25900268554688,74.3270034790039,73.25900268554688,74.3270034790039,0
1999-09-30,75.26399993896484,75.88400268554688,73.58799743652344,73.64399719238281,0
1999-10-01,74.58300018310547,75.01599884033203,73.58599853515625,74.7229995727539,0
1999-10-04,77.11399841308594,77.12699890136719,74.91100311279297,74.91100311279297,0
1999-10-05,77.02899932861328,78.99600219726562,75.89900207519531,77.13700103759766,0
1999-10-06,78.7770004272461,78.93900299072266,77.25499725341797,77.25499725341797,0
1999-10-07,77.54299926757812,78.93900299072266,77.41000366210938,78.73500061035156,0
1999-10-08,79.17400360107422,79.17400360107422,76.84700012207031,77.38500213623047,0
1999-10-11,77.91899871826172,79.13300323486328,77.91899871826172,78.98100280761719,0
1999-10-12,76.86299896240234,77.7760009765625,76.72899627685547,77.72599792480469,0
1999-10-13,74.33100128173828,76.69300079345703,73.75299835205078,76.64900207519531,0
1999-10-14,74.17500305175781,74.74500274658203,72.8550033569336,74.125,0
1999-10-15,70.98500061035156,72.75499725341797,70.9540023803711,72.75499725341797,0
1999-10-18,72.8740005493164,72.87899780273438,71.11100006103516,71.11100006103516,0
1999-10-19,75.49199676513672,76.57499694824219,73.76699829101562,73.76699829101562,0
1999-10-20,77.53800201416016,77.5780029296875,76.45099639892578,77.04100036621094,0
1999-10-21,77.80400085449219,77.83200073242188,76.51300048828125,77.20800018310547,0
1999-10-22,80.86799621582031,81.30000305175781,78.41500091552734,78.41500091552734,0
1999-10-25,79.75299835205078,80.55000305175781,79.18699645996094,80.55000305175781,0
1999-10-26,79.53800201416016,81.13800048828125,79.4990005493164,79.77300262451172,0
1999-10-27,83.5469970703125,83.55599975585938,79.83399963378906,79.83399963378906,0
1999-10-28,88.83999633789062,88.85800170898438,84.94999694824219,84.94999694824219,0
1999-10-29,88.41899871826172,90.16999816894531,87.84500122070312,89.3740005493164,0
1999-11-01,87.35099792480469,88.1989974975586,87.14700317382812,88.1989974975586,0
1999-11-02,87.65299987792969,89.08300018310547,87.21499633789062,87.42900085449219,0
1999-11-03,86.1760025024414,88.0999984741211,86.10099792480469,88.01300048828125,0
1999-11-04,87.43800354003906,88.42500305175781,86.85099792480469,86.85099792480469,0
1999-11-05,88.65499877929688,90.01200103759766,88.50399780273438,88.5770034790039,0
1999-11-08,88.5719985961914,89.0770034790039,88.31800079345703,88.43499755859375,0
1999-11-09,86.55599975585938,88.81300354003906,86.0510025024414,88.71800231933594,0
1999-11-10,85.27400207519531,86.15899658203125,85.21700286865234,85.81199645996094,0
1999-11-11,84.81900024414062,85.27799987792969,84.3270034790039,85.27799987792969,0
1999-11-12,88.72599792480469,88.83000183105469,85.44599914550781,85.47799682617188,0
1999-11-15,88.88700103759766,88.96199798583984,87.89399719238281,88.56900024414062,0
1999-11-16,90.83000183105469,90.86799621582031,89.0,89.072998046875,0
1999-11-17,88.31199645996094,89.8219985961914,88.23400115966797,89.5780029296875,0
1999-11-18,87.8239974975586,88.85800170898438,87.10900115966797,88.73300170898438,0
1999-11-19,86.90599822998047,88.20999908447266,86.90399932861328,87.60600280761719,0
1999-11-22,86.052001953125,86.7750015258789,85.60900115966797,86.76200103759766,0
1999-11-23,84.71099853515625,86.03299713134766,84.43499755859375,86.03299713134766,0
1999-11-24,83.54900360107422,84.44000244140625,83.51499938964844,84.42400360107422,0
1999-11-26,84.00199890136719,84.50900268554688,83.81099700927734,83.87699890136719,0
1999-11-29,81.81800079345703,83.58399963378906,81.66999816894531,83.58399963378906,0
1999-11-30,82.79900360107422,83.75900268554688,81.8030014038086,81.90399932861328,0
1999-12-01,82.66400146484375,83.14099884033203,82.06400299072266,82.36799621582031,0
1999-12-02,82.23600006103516,83.30799865722656,81.47599792480469,82.94999694824219,0
1999-12-03,84.5790023803711,85.9530029296875,83.08000183105469,83.0979995727539,0
1999-12-06,80.93800354003906,84.06600189208984,80.65499877929688,83.98799896240234,0
1999-12-07,79.29900360107422,81.15299987792969,79.29900360107422,81.0260009765625,0
1999-12-08,77.40499877929688,79.34200286865234,77.31800079345703,79.30899810791016,0
1999-12-09,78.02300262451172,78.60199737548828,76.92900085449219,77.88600158691406,0
1999-12-10,79.61399841308594,80.18900299072266,78.677001953125,78.70500183105469,0
1999-12-13,78.71299743652344,79.3550033569336,78.40899658203125,79.34600067138672,0
1999-12-14,77.27400207519531,78.28399658203125,77.1729965209961,77.83100128173828,0
1999-12-15,76.61599731445312,77.45800018310547,76.60299682617188,77.3239974975586,0
1999-12-16,75.3239974975586,76.86299896240234,74.73799896240234,76.78700256347656,0
1999-12-17,74.90499877929688,75.8010025024414,74.65899658203125,75.23300170898438,0
1999-12-20,74.50900268554688,75.93000030517578,74.36000061035156,75.01499938964844,0
1999-12-21,76.50399780273438,77.34200286865234,74.20999908447266,74.25299835205078,0
1999-12-22,76.197998046875,76.80999755859375,75.95899963378906,76.61199951171875,0
1999-12-23,77.4219970703125,77.6760025024414,76.82599639892578,76.8270034790039,0
1999-12-27,75.94200134277344,78.2229995727539,75.94200134277344,77.45999908447266,0
1999-12-28,76.46199798583984,76.62300109863281,76.05799865722656,76.18399810791016,0
1999-12-29,76.81800079345703,77.06800079345703,76.44400024414062,76.65399932861328,0
1999-12-30,77.21900177001953,77.45999908447266,76.47100067138672,76.69000244140625,0
1999-12-31,76.99500274658203,77.22100067138672,76.60800170898438,77.09200286865234,0
2000-01-03,73.45600128173828,76.9209976196289,73.322998046875,76.9209976196289,0
2000-01-04,70.2959976196289,72.74199676513672,69.68199920654297,72.74199676513672,0
2000-01-05,70.3280029296875,71.30500030517578,69.08999633789062,70.46299743652344,0
2000-01-06,73.68499755859375,74.00800323486328,70.70800018310547,70.70800018310547,0
2000-01-07,74.59700012207031,74.78900146484375,73.22899627685547,73.96900177001953,0
2000-01-10,72.6500015258789,74.66100311279297,72.49299621582031,74.66100311279297,0
2000-01-11,71.31600189208984,72.30500030517578,71.21600341796875,72.19499969482422,0
2000-01-12,72.7760009765625,73.0790023803711,71.5009994506836,71.5009994506836,0
2000-01-13,74.87100219726562,75.18299865722656,73.08999633789062,73.11000061035156,0
2000-01-14,77.51300048828125,78.11299896240234,75.9229965209961,75.9229965209961,0
2000-01-18,75.33000183105469,77.27100372314453,75.24299621582031,77.27100372314453,0
2000-01-19,75.14900207519531,77.20800018310547,75.09700012207031,75.56600189208984,0
2000-01-20,73.14299774169922,75.51200103759766,73.11299896240234,75.44100189208984,0
2000-01-21,72.53900146484375,73.6510009765625,72.36000061035156,73.61399841308594,0
2000-01-24,71.4000015258789,73.31400299072266,70.91100311279297,73.04399871826172,0
2000-01-25,72.46199798583984,73.17500305175781,71.73699951171875,71.89600372314453,0
2000-01-26,75.39600372314453,75.64099884033203,72.66600036621094,72.70700073242188,0
2000-01-27,76.6259994506836,77.06800079345703,75.5739974975586,75.89700317382812,0
2000-01-28,73.59300231933594,75.95999908447266,73.55899810791016,75.93299865722656,0
2000-01-31,76.51300048828125,76.51300048828125,73.71399688720703,73.83200073242188,0
2000-02-01,77.26499938964844,77.58100128173828,76.23200225830078,76.56600189208984,0
2000-02-02,75.83799743652344,77.16699981689453,75.81099700927734,76.97000122070312,0
2000-02-03,75.37000274658203,76.6989974975586,73.94000244140625,76.10399627685547,0
2000-02-04,73.4229965209961,75.93399810791016,73.3759994506836,75.59400177001953,0
2000-02-07,73.03900146484375,73.7300033569336,72.6520004272461,73.60600280761719,0
2000-02-08,74.7040023803711,74.9209976196289,73.74800109863281,73.74800109863281,0
2000-02-09,72.47599792480469,74.44000244140625,72.45600128173828,74.44000244140625,0
2000-02-10,71.13500213623047,72.91699981689453,70.74400329589844,72.69100189208984,0
2000-02-11,71.22899627685547,72.97799682617188,70.86199951171875,71.55899810791016,0
2000-02-14,69.91699981689453,71.87999725341797,69.71900177001953,71.49400329589844,0
2000-02-15,71.60900115966797,72.07499694824219,69.7490005493164,70.197998046875,0
2000-02-16,70.44100189208984,72.04499816894531,70.2699966430664,71.49800109863281,0
2000-02-17,68.89199829101562,71.4520034790039,68.59300231933594,71.06300354003906,0
2000-02-18,66.677001953125,68.81900024414062,66.06600189208984,68.81900024414062,0
2000-02-22,67.61299896240234,68.28399658203125,65.91200256347656,66.81400299072266,0
2000-02-23,66.86799621582031,67.80699920654297,66.75199890136719,67.30999755859375,0
2000-02-24,65.62799835205078,66.93099975585938,64.68900299072266,66.71900177001953,0
2000-02-25,64.87200164794922,67.22000122070312,64.47899627685547,65.57499694824219,0
2000-02-28,66.95800018310547,67.78600311279297,65.29199981689453,65.31300354003906,0
2000-02-29,67.58699798583984,67.94499969482422,66.56400299072266,67.3280029296875,0
2000-03-01,67.9800033569336,68.35700225830078,66.93399810791016,68.052001953125,0
2000-03-02,67.41999816894531,67.91300201416016,66.40799713134766,67.8290023803711,0
2000-03-03,68.1709976196289,68.86699676513672,67.85800170898438,68.5009994506836,0
2000-03-06,67.7239990234375,68.71299743652344,67.22899627685547,68.40699768066406,0
2000-03-07,65.47899627685547,67.7979965209961,65.3280029296875,67.7979965209961,0
2000-03-08,64.78600311279297,65.5510025024414,64.24800109863281,65.4489974975586,0
2000-03-09,65.35399627685547,65.35399627685547,64.15699768066406,64.56900024414062,0
2000-03-10,64.53800201416016,65.62300109863281,63.77000045776367,65.14399719238281,0
2000-03-13,65.3550033569336,66.09400177001953,63.51499938964844,63.99300003051758,0
2000-03-14,65.06999969482422,66.08699798583984,65.06999969482422,65.71199798583984,0
2000-03-15,69.9489974975586,70.00900268554688,64.83499908447266,65.01899719238281,0
2000-03-16,76.37000274658203,76.37000274658203,70.78399658203125,70.78399658203125,0
2000-03-17,76.1050033569336,77.57599639892578,75.83100128173828,76.1760025024414,0
2000-03-20,74.13600158691406,75.79100036621094,73.24299621582031,75.65499877929688,0
2000-03-21,77.41200256347656,77.41200256347656,73.88500213623047,74.16200256347656,0
2000-03-22,78.27799987792969,78.30400085449219,76.80000305175781,77.48200225830078,0
2000-03-23,81.6780014038086,81.6780014038086,77.6520004272461,78.1050033569336,0
2000-03-24,80.572998046875,82.14099884033203,80.12999725341797,81.375,0
2000-03-27,79.80599975585938,81.02999877929688,78.18399810791016,80.41899871826172,0
2000-03-28,80.69499969482422,81.45999908447266,78.9010009765625,78.9010009765625,0
2000-03-29,79.49600219726562,80.77400207519531,78.88200378417969,80.48500061035156,0
2000-03-30,78.11000061035156,79.64199829101562,78.0739974975586,79.47599792480469,0
2000-03-31,79.53900146484375,80.14299774169922,77.7490005493164,78.56099700927734,0
2000-04-03,84.10900115966797,84.2979965209961,79.8239974975586,79.8239974975586,0
2000-04-04,81.3280029296875,84.98500061035156,78.76599884033203,83.98899841308594,0
2000-04-05,80.427001953125,81.86000061035156,80.33899688720703,80.93199920654297,0
2000-04-06,79.95800018310547,81.0999984741211,79.38800048828125,80.9219970703125,0
2000-04-07,78.40399932861328,80.1989974975586,78.31800079345703,80.1510009765625,0
2000-04-10,80.63800048828125,81.08799743652344,77.90699768066406,78.2699966430664,0
2000-04-11,81.10199737548828,81.38099670410156,79.94300079345703,80.49600219726562,0
2000-04-12,82.7030029296875,84.99800109863281,81.75399780273438,81.75399780273438,0
2000-04-13,80.95800018310547,82.5739974975586,80.9280014038086,82.43800354003906,0
2000-04-14,75.22000122070312,79.68299865722656,74.30500030517578,79.59200286865234,0
2000-04-17,76.5530014038086,76.57599639892578,74.20700073242188,75.16699981689453,0
2000-04-18,79.21399688720703,79.31999969482422,76.31999969482422,76.31999969482422,0
2000-04-19,77.19100189208984,78.90599822998047,75.96199798583984,78.85399627685547,0
2000-04-20,78.29399871826172,78.29399871826172,77.49299621582031,77.7509994506836,0
2000-04-24,79.38899993896484,79.62699890136719,77.5780029296875,77.9489974975586,0
2000-04-25,81.99800109863281,82.34300231933594,79.7229995727539,79.72599792480469,0
2000-04-26,80.14199829101562,81.69999694824219,79.86699676513672,81.51599884033203,0
2000-04-27,78.2509994506836,78.73799896240234,77.20099639892578,78.73799896240234,0
2000-04-28,76.05000305175781,78.77799987792969,75.94200134277344,78.68199920654297,0
2000-05-01,77.3239974975586,78.83799743652344,75.85700225830078,76.01799774169922,0
2000-05-02,77.68499755859375,78.25900268554688,76.9530029296875,77.00499725341797,0
2000-05-03,76.20700073242188,78.80599975585938,76.08799743652344,77.53500366210938,0
2000-05-04,74.49600219726562,76.48500061035156,74.30699920654297,76.41100311279297,0
2000-05-05,74.74800109863281,75.1780014038086,73.77200317382812,74.49600219726562,0
2000-05-08,76.38300323486328,76.88300323486328,74.31099700927734,74.4209976196289,0
2000-05-09,76.15499877929688,77.83000183105469,75.75900268554688,76.60600280761719,0
2000-05-10,74.41300201416016,75.9469985961914,74.36799621582031,75.74199676513672,0
2000-05-11,76.51200103759766,77.06800079345703,75.26300048828125,75.26300048828125,0
2000-05-12,78.27300262451172,78.88400268554688,76.08799743652344,76.31400299072266,0
2000-05-15,80.48899841308594,80.55799865722656,78.43399810791016,78.43399810791016,0
2000-05-16,79.24800109863281,81.0999984741211,79.07099914550781,80.88200378417969,0
2000-05-17,78.75,79.46800231933594,78.27400207519531,78.8280029296875,0
2000-05-18,79.71800231933594,80.9520034790039,79.13200378417969,79.13200378417969,0
2000-05-19,78.31999969482422,79.4219970703125,77.6520004272461,79.10900115966797,0
2000-05-22,79.57599639892578,79.71299743652344,77.84300231933594,78.61499786376953,0
2000-05-23,81.20099639892578,81.99099731445312,79.55599975585938,79.55999755859375,0
2000-05-24,82.3290023803711,83.26100158691406,81.30799865722656,81.34700012207031,0
2000-05-25,80.30899810791016,82.18399810791016,79.48999786376953,81.8479995727539,0
2000-05-26,80.67500305175781,81.09400177001953,79.89800262451172,80.052001953125,0
2000-05-30,82.0739974975586,82.08300018310547,80.99400329589844,81.25499725341797,0
2000-05-31,82.98300170898438,83.35199737548828,81.74299621582031,82.0739974975586,0
2000-06-01,85.20700073242188,85.77400207519531,83.16100311279297,83.3030014038086,0
2000-06-02,89.25900268554688,89.25900268554688,86.20600128173828,86.20600128173828,0
2000-06-05,86.91600036621094,88.50399780273438,86.35399627685547,88.50399780273438,0
2000-06-06,84.7699966430664,86.17900085449219,83.87999725341797,86.15799713134766,0
2000-06-07,86.04199981689453,86.48699951171875,84.57499694824219,85.12000274658203,0
2000-06-08,84.12899780273438,85.89800262451172,83.79399871826172,85.83999633789062,0
2000-06-09,82.19100189208984,84.8759994506836,81.90899658203125,84.45800018310547,0
2000-06-12,82.6760025024414,83.19400024414062,82.4209976196289,82.61399841308594,0
2000-06-13,82.93399810791016,83.13200378417969,81.7040023803711,82.6050033569336,0
2000-06-14,83.98200225830078,84.49600219726562,82.80799865722656,83.01799774169922,0
2000-06-15,79.99199676513672,83.61499786376953,79.5459976196289,83.56800079345703,0
2000-06-16,75.50599670410156,79.74600219726562,74.7959976196289,79.71299743652344,0
2000-06-19,77.74600219726562,78.31500244140625,75.55699920654297,75.62100219726562,0
2000-06-20,77.58399963378906,78.73200225830078,77.14800262451172,78.11299896240234,0
2000-06-21,75.85800170898438,77.06800079345703,75.42400360107422,77.06700134277344,0
2000-06-22,76.36000061035156,76.4489974975586,75.10299682617188,75.79299926757812,0
2000-06-23,76.24199676513672,77.45800018310547,76.11499786376953,76.7239990234375,0
2000-06-26,77.78399658203125,77.89199829101562,76.59500122070312,76.70600128173828,0
2000-06-27,77.75800323486328,78.68499755859375,77.75599670410156,78.01599884033203,0
2000-06-28,77.41500091552734,78.99800109863281,77.02799987792969,77.94000244140625,0
2000-06-29,76.23500061035156,77.02400207519531,76.125,76.98300170898438,0
2000-06-30,73.26100158691406,76.11699676513672,73.21800231933594,76.0250015258789,0
2000-07-03,76.23699951171875,76.43599700927734,73.81199645996094,73.81199645996094,0
2000-07-05,77.0469970703125,78.35600280761719,76.65699768066406,76.65699768066406,0
2000-07-06,77.61399841308594,77.93099975585938,75.5999984741211,77.0770034790039,0
2000-07-07,79.65599822998047,80.09200286865234,77.9520034790039,77.9729995727539,0
2000-07-10,79.36799621582031,80.32599639892578,79.36799621582031,79.6969985961914,0
2000-07-11,79.82599639892578,80.7040023803711,79.16300201416016,79.62899780273438,0
2000-07-12,80.0739974975586,81.63700103759766,80.02100372314453,80.54499816894531,0
2000-07-13,79.20500183105469,80.5790023803711,79.00199890136719,80.24199676513672,0
2000-07-14,80.88099670410156,81.02200317382812,79.31900024414062,79.3280029296875,0
2000-07-17,79.67500305175781,81.25299835205078,79.15799713134766,81.09500122070312,0
2000-07-18,79.01399993896484,79.27999877929688,78.33999633789062,79.2490005493164,0
2000-07-19,79.78700256347656,80.15599822998047,79.21199798583984,79.21199798583984,0
2000-07-20,82.70800018310547,82.81800079345703,80.0999984741211,80.0999984741211,0
2000-07-21,81.98300170898438,83.47899627685547,81.44599914550781,82.5250015258789,0
2000-07-24,81.96800231933594,82.89099884033203,81.06600189208984,81.75700378417969,0
2000-07-25,82.04100036621094,82.29100036621094,81.61900329589844,82.2249984741211,0
2000-07-26,79.822998046875,81.73799896240234,79.822998046875,81.73799896240234,0
2000-07-27,80.31199645996094,81.19999694824219,79.66699981689453,80.05999755859375,0
2000-07-28,78.84600067138672,80.19200134277344,78.54399871826172,80.08599853515625,0
2000-07-31,80.05699920654297,80.14800262451172,78.42500305175781,79.00700378417969,0
2000-08-01,80.81700134277344,81.14900207519531,80.05500030517578,80.51599884033203,0
2000-08-02,80.8489990234375,81.5260009765625,80.36199951171875,80.89700317382812,0
2000-08-03,83.3270034790039,83.56700134277344,80.52899932861328,80.68399810791016,0
2000-08-04,86.50800323486328,86.51000213623047,83.66999816894531,83.66999816894531,0
2000-08-07,86.69400024414062,86.8239974975586,84.94400024414062,86.46299743652344,0
2000-08-08,86.2979965209961,86.35299682617188,85.48200225830078,86.33300018310547,0
2000-08-09,86.23200225830078,87.0989990234375,84.60900115966797,85.8949966430664,0
2000-08-10,85.86699676513672,87.25800323486328,85.7750015258789,86.31999969482422,0
2000-08-11,86.67900085449219,86.9209976196289,85.58899688720703,85.89099884033203,0
2000-08-14,87.89900207519531,87.95600128173828,85.72599792480469,86.8740005493164,0
2000-08-15,87.12000274658203,87.71199798583984,86.80599975585938,87.59100341796875,0
2000-08-16,85.59200286865234,87.76799774169922,85.47799682617188,87.22699737548828,0
2000-08-17,86.51399993896484,86.91999816894531,85.70600128173828,85.74700164794922,0
2000-08-18,86.0719985961914,86.69400024414062,86.01499938964844,86.60600280761719,0
2000-08-21,87.16200256347656,87.18199920654297,86.13600158691406,86.15399932861328,0
2000-08-22,88.6259994506836,89.03399658203125,87.02899932861328,87.15699768066406,0
2000-08-23,88.21099853515625,88.97200012207031,87.85900115966797,88.4000015258789,0
2000-08-24,87.76200103759766,88.43000030517578,87.7249984741211,88.30400085449219,0
2000-08-25,86.89399719238281,88.52999877929688,86.88400268554688,87.91300201416016,0
2000-08-28,87.46700286865234,88.44400024414062,86.8949966430664,86.9209976196289,0
2000-08-29,86.69999694824219,87.61599731445312,86.01300048828125,87.5719985961914,0
2000-08-30,86.81999969482422,87.93099975585938,86.56999969482422,86.58300018310547,0
2000-08-31,89.55699920654297,89.99800109863281,86.98500061035156,86.99199676513672,0
2000-09-01,88.5459976196289,90.18299865722656,88.33499908447266,90.01399993896484,0
2000-09-05,89.0459976196289,89.64399719238281,88.05899810791016,88.38899993896484,0
2000-09-06,88.83699798583984,89.6520004272461,88.22899627685547,88.79900360107422,0
2000-09-07,88.9739990234375,89.0260009765625,88.33699798583984,88.90899658203125,0
2000-09-08,90.98699951171875,90.98799896240234,88.72899627685547,88.76200103759766,0
2000-09-11,91.80899810791016,92.23999786376953,91.03700256347656,91.11900329589844,0
2000-09-12,91.572998046875,92.1969985961914,90.91600036621094,92.16600036621094,0
2000-09-13,90.5979995727539,91.61399841308594,90.20999908447266,91.38800048828125,0
2000-09-14,90.14800262451172,91.35600280761719,90.00599670410156,90.9520034790039,0
2000-09-15,88.6240005493164,90.46700286865234,88.6240005493164,90.16500091552734,0
2000-09-18,85.98400115966797,88.58599853515625,85.8489990234375,88.5,0
2000-09-19,87.36900329589844,87.53199768066406,86.072998046875,86.24400329589844,0
2000-09-20,86.37300109863281,87.27400207519531,84.65699768066406,87.27400207519531,0
2000-09-21,85.33699798583984,86.30799865722656,84.10199737548828,86.26899719238281,0
2000-09-22,86.49700164794922,86.62300109863281,84.6500015258789,85.06700134277344,0
2000-09-25,87.81300354003906,88.6050033569336,86.74500274658203,86.8239974975586,0
2000-09-26,87.10600280761719,88.3270034790039,87.10600280761719,87.59500122070312,0
2000-09-27,87.18599700927734,87.68499755859375,86.09500122070312,87.30899810791016,0
2000-09-28,89.54199981689453,90.10299682617188,87.23999786376953,87.39600372314453,0
2000-09-29,88.77300262451172,90.09400177001953,88.77300262451172,89.33799743652344,0
2000-10-02,90.38099670410156,90.38800048828125,87.75199890136719,88.89299774169922,0
2000-10-03,91.36000061035156,91.9520034790039,90.46299743652344,90.61599731445312,0
2000-10-04,89.61900329589844,91.6969985961914,89.14600372314453,90.9739990234375,0
2000-10-05,90.2509994506836,91.12699890136719,89.70999908447266,89.70999908447266,0
2000-10-06,86.97599792480469,90.52899932861328,85.95899963378906,90.41799926757812,0
2000-10-09,85.72799682617188,87.04900360107422,85.5530014038086,87.00399780273438,0
2000-10-10,82.86100006103516,85.90699768066406,82.11499786376953,85.74600219726562,0
2000-10-11,80.8759994506836,82.4229965209961,78.95099639892578,82.4229965209961,0
2000-10-12,76.68299865722656,81.0780029296875,75.99500274658203,80.9219970703125,0
2000-10-13,80.76000213623047,81.3499984741211,76.9020004272461,76.9020004272461,0
2000-10-16,81.63600158691406,82.15899658203125,80.10900115966797,80.43900299072266,0
2000-10-17,78.7699966430664,82.86000061035156,78.18699645996094,82.10900115966797,0
2000-10-18,78.22200012207031,79.56600189208984,74.98600006103516,75.5989990234375,0
2000-10-19,80.9000015258789,81.65899658203125,79.26799774169922,79.33699798583984,0
2000-10-20,80.09200286865234,81.7040023803711,80.05000305175781,80.74299621582031,0
2000-10-23,79.58100128173828,80.15899658203125,79.22799682617188,80.03099822998047,0
2000-10-24,81.93499755859375,82.43000030517578,80.08599853515625,80.13300323486328,0
2000-10-25,81.39199829101562,83.86699676513672,81.3270034790039,82.0459976196289,0
2000-10-26,80.00399780273438,81.94599914550781,78.37300109863281,81.69599914550781,0
2000-10-27,82.43199920654297,82.78199768066406,80.33399963378906,80.60700225830078,0
2000-10-30,85.63600158691406,85.93499755859375,82.84500122070312,82.84500122070312,0
2000-10-31,87.05599975585938,87.2969970703125,85.06199645996094,85.99099731445312,0
2000-11-01,86.44999694824219,86.74800109863281,85.47000122070312,86.59700012207031,0
2000-11-02,87.52300262451172,88.52899932861328,86.73899841308594,86.79000091552734,0
2000-11-03,87.84200286865234,88.31400299072266,86.98999786376953,87.46399688720703,0
2000-11-06,89.197998046875,89.46600341796875,88.36699676513672,88.36699676513672,0
2000-11-07,88.61399841308594,89.12799835205078,88.33499908447266,88.91999816894531,0
2000-11-08,87.11900329589844,88.38600158691406,86.30999755859375,88.38600158691406,0
2000-11-09,87.87200164794922,88.08399963378906,86.10800170898438,86.7699966430664,0
2000-11-10,86.33000183105469,88.41400146484375,86.33000183105469,87.6050033569336,0
2000-11-13,84.7020034790039,86.11399841308594,83.06500244140625,85.30599975585938,0
2000-11-14,84.4280014038086,86.25299835205078,83.41799926757812,85.36900329589844,0
2000-11-15,81.81300354003906,83.76599884033203,81.22000122070312,83.76599884033203,0
2000-11-16,82.09300231933594,82.8489990234375,81.41200256347656,81.59200286865234,0
2000-11-17,80.98400115966797,82.98699951171875,80.21800231933594,81.91600036621094,0
2000-11-20,78.82599639892578,80.98899841308594,77.85199737548828,80.91300201416016,0
2000-11-21,79.63200378417969,79.97699737548828,77.29199981689453,78.74600219726562,0
2000-11-22,77.48100280761719,78.87999725341797,76.89700317382812,78.8499984741211,0
2000-11-24,78.13999938964844,78.66500091552734,77.98999786376953,78.16500091552734,0
2000-11-27,78.79900360107422,79.27200317382812,78.63600158691406,78.89800262451172,0
2000-11-28,79.7760009765625,80.76699829101562,78.54299926757812,78.54299926757812,0
2000-11-29,82.33000183105469,82.33599853515625,79.70500183105469,79.74099731445312,0
2000-11-30,82.37999725341797,83.66799926757812,80.09200286865234,82.01100158691406,0
2000-12-01,81.68599700927734,83.6969985961914,81.53399658203125,82.9540023803711,0
2000-12-04,80.552001953125,81.13800048828125,79.82499694824219,81.12200164794922,0
2000-12-05,84.6760025024414,84.77200317382812,80.4280014038086,81.06600189208984,0
2000-12-06,82.70600128173828,87.43499755859375,81.427001953125,84.58899688720703,0
2000-12-07,83.29199981689453,84.13899993896484,82.06400299072266,82.06400299072266,0
2000-12-08,85.00299835205078,85.80999755859375,84.26599884033203,84.2760009765625,0
2000-12-11,87.3759994506836,87.51899719238281,85.21399688720703,85.45700073242188,0
2000-12-12,86.95700073242188,87.07099914550781,86.06300354003906,87.07099914550781,0
2000-12-13,86.947998046875,88.29900360107422,86.177001953125,87.41899871826172,0
2000-12-14,84.97100067138672,85.5250015258789,83.48899841308594,85.5250015258789,0
2000-12-15,83.48699951171875,84.77200317382812,83.13899993896484,84.35600280761719,0
2000-12-18,86.9020004272461,87.25900268554688,84.69499969482422,84.69499969482422,0
2000-12-19,87.37899780273438,89.29399871826172,86.5530014038086,86.74299621582031,0
2000-12-20,85.96700286865234,86.70099639892578,85.41799926757812,86.70099639892578,0
2000-12-21,88.29499816894531,88.53299713134766,85.41100311279297,86.02300262451172,0
2000-12-22,89.57499694824219,89.89800262451172,88.29499816894531,88.94200134277344,0
2000-12-26,90.60600280761719,90.75199890136719,89.57499694824219,89.57499694824219,0
2000-12-27,91.0719985961914,91.21600341796875,89.9469985961914,89.9469985961914,0
2000-12-28,91.59200286865234,92.2229995727539,91.04199981689453,91.1719970703125,0
2000-12-29,90.14199829101562,92.33000183105469,90.0530014038086,91.74500274658203,0
2001-01-02,88.86299896240234,90.51899719238281,88.27899932861328,90.51899719238281,0
2001-01-03,94.42900085449219,94.43900299072266,87.40599822998047,88.56300354003906,0
2001-01-04,95.61299896240234,97.72599792480469,94.23400115966797,94.23400115966797,0
2001-01-05,92.3010025024414,94.47000122070312,91.68900299072266,94.47000122070312,0
2001-01-08,91.56700134277344,92.11100006103516,90.60700225830078,92.11100006103516,0
2001-01-09,89.84700012207031,92.19000244140625,89.6719970703125,91.6709976196289,0
2001-01-10,92.15399932861328,92.51300048828125,89.49600219726562,89.72699737548828,0
2001-01-11,93.16699981689453,93.86499786376953,92.14199829101562,92.28900146484375,0
2001-01-12,90.93699645996094,92.89800262451172,89.91300201416016,92.89800262451172,0
2001-01-16,92.91200256347656,93.3489990234375,89.95800018310547,90.45099639892578,0
2001-01-17,92.02899932861328,93.33499908447266,91.58399963378906,92.57499694824219,0
2001-01-18,90.76399993896484,92.02400207519531,90.12999725341797,91.99500274658203,0
2001-01-19,90.2750015258789,91.14299774169922,89.4749984741211,90.87699890136719,0
2001-01-22,91.4540023803711,92.41100311279297,90.4209976196289,90.64199829101562,0
2001-01-23,92.81500244140625,93.06300354003906,91.34600067138672,91.46099853515625,0
2001-01-24,94.052001953125,94.13899993896484,92.43800354003906,92.95999908447266,0
2001-01-25,93.8270034790039,94.68299865722656,92.55899810791016,94.03199768066406,0
2001-01-26,95.0739974975586,95.33300018310547,93.427001953125,93.86499786376953,0
2001-01-29,95.75700378417969,96.57599639892578,94.59200286865234,95.39900207519531,0
2001-01-30,96.81600189208984,96.90899658203125,94.90599822998047,95.8759994506836,0
2001-01-31,95.81700134277344,97.1729965209961,95.51799774169922,97.01899719238281,0
2001-02-01,95.5199966430664,96.20899963378906,94.54100036621094,95.56099700927734,0
2001-02-02,95.04900360107422,96.21299743652344,94.88800048828125,95.33200073242188,0
2001-02-05,95.80000305175781,95.92900085449219,94.61100006103516,95.37699890136719,0
2001-02-06,93.5999984741211,95.11199951171875,93.43399810791016,95.11199951171875,0
2001-02-07,93.08499908447266,94.30799865722656,92.77899932861328,93.74500274658203,0
2001-02-08,92.697998046875,93.88899993896484,92.59200286865234,93.2750015258789,0
2001-02-09,93.08799743652344,93.46199798583984,92.35399627685547,92.875,0
2001-02-12,94.46800231933594,94.46800231933594,93.31900024414062,93.34400177001953,0
2001-02-13,93.52200317382812,95.1520004272461,93.39399719238281,94.5250015258789,0
2001-02-14,92.83899688720703,93.9489974975586,92.72699737548828,93.85199737548828,0
2001-02-15,92.51599884033203,93.375,92.2490005493164,93.03099822998047,0
2001-02-16,93.19100189208984,94.18299865722656,92.05400085449219,92.06700134277344,0
2001-02-20,89.79900360107422,93.427001953125,89.44300079345703,93.23899841308594,0
2001-02-21,86.91899871826172,89.58699798583984,86.82499694824219,89.23400115966797,0
2001-02-22,86.9530029296875,87.1760025024414,83.34500122070312,87.14099884033203,0
2001-02-23,86.94400024414062,87.77200317382812,84.18800354003906,86.36000061035156,0
2001-02-26,89.48100280761719,89.48200225830078,86.20600128173828,87.41899871826172,0
2001-02-27,89.5999984741211,91.11000061035156,88.1500015258789,89.18699645996094,0
2001-02-28,88.23899841308594,89.79100036621094,86.70500183105469,89.79100036621094,0
2001-03-01,87.87000274658203,87.88700103759766,86.0979995727539,87.51899719238281,0
2001-03-02,87.76799774169922,89.38800048828125,86.9749984741211,87.36000061035156,0
2001-03-05,87.5270004272461,88.27799987792969,86.23300170898438,87.92400360107422,0
2001-03-06,88.00800323486328,89.41799926757812,87.58499908447266,88.73400115966797,0
2001-03-07,90.64800262451172,90.65899658203125,88.08699798583984,88.29499816894531,0
2001-03-08,91.04100036621094,91.48400115966797,89.99099731445312,90.33799743652344,0
2001-03-09,88.75199890136719,90.50299835205078,88.0989990234375,90.50299835205078,0
2001-03-12,84.36699676513672,87.56500244140625,83.8499984741211,87.56500244140625,0
2001-03-13,86.9489974975586,86.95999908447266,83.89299774169922,84.86900329589844,0
2001-03-14,82.25700378417969,84.48799896240234,81.28800201416016,84.37000274658203,0
2001-03-15,84.9000015258789,85.04000091552734,83.40899658203125,83.50599670410156,0
2001-03-16,83.4530029296875,85.26899719238281,83.28600311279297,84.54399871826172,0
2001-03-19,84.70500183105469,85.0,81.89299774169922,83.73100280761719,0
2001-03-20,81.83799743652344,85.11799621582031,81.83200073242188,84.86699676513672,0
2001-03-21,78.99299621582031,82.4209976196289,78.65799713134766,81.75499725341797,0
2001-03-22,76.56199645996094,78.7969970703125,73.96199798583984,78.7969970703125,0
2001-03-23,80.73999786376953,80.74299621582031,77.34100341796875,77.34100341796875,0
2001-03-26,82.29900360107422,83.04000091552734,81.31999969482422,81.39800262451172,0
2001-03-27,85.51599884033203,85.51599884033203,81.10900115966797,82.26599884033203,0
2001-03-28,84.71399688720703,85.03600311279297,83.30799865722656,84.81600189208984,0
2001-03-29,83.98600006103516,84.697998046875,83.36699676513672,84.16300201416016,0
2001-03-30,85.8290023803711,85.8290023803711,83.92900085449219,84.01899719238281,0
2001-04-02,85.98799896240234,87.49299621582031,84.75199890136719,85.0999984741211,0
2001-04-03,83.28500366210938,85.69599914550781,82.62000274658203,85.45899963378906,0
2001-04-04,80.82599639892578,83.18399810791016,79.7509994506836,82.66300201416016,0
2001-04-05,83.9219970703125,83.99400329589844,81.65899658203125,81.802001953125,0
2001-04-06,81.4260025024414,84.28900146484375,80.572998046875,82.98100280761719,0
2001-04-09,82.06700134277344,83.24700164794922,81.45600128173828,81.80799865722656,0
2001-04-10,84.59600067138672,85.36199951171875,83.08300018310547,83.08300018310547,0
2001-04-11,85.27300262451172,86.68900299072266,85.09300231933594,85.09300231933594,0
2001-04-12,86.13700103759766,86.52999877929688,84.91699981689453,85.08999633789062,0
2001-04-16,85.5979995727539,87.2239990234375,84.7249984741211,86.4990005493164,0
2001-04-17,85.53600311279297,85.73799896240234,84.54199981689453,85.23999786376953,0
2001-04-18,89.25399780273438,90.3499984741211,86.1780014038086,86.1780014038086,0
2001-04-19,89.63099670410156,90.22100067138672,88.75199890136719,89.22000122070312,0
2001-04-20,88.26100158691406,89.35399627685547,87.62300109863281,89.35399627685547,0
2001-04-23,87.15599822998047,88.18299865722656,86.66400146484375,88.18000030517578,0
2001-04-24,87.08799743652344,88.25900268554688,87.0270004272461,87.4739990234375,0
2001-04-25,87.36699676513672,87.60600280761719,86.03500366210938,86.93000030517578,0
2001-04-26,87.23500061035156,88.24099731445312,87.03399658203125,87.38500213623047,0
2001-04-27,89.3759994506836,89.3759994506836,87.875,88.04100036621094,0
2001-04-30,87.51799774169922,89.9209976196289,87.34700012207031,89.7239990234375,0
2001-05-01,88.56199645996094,88.56400299072266,87.00700378417969,87.55599975585938,0
2001-05-02,88.93399810791016,89.34500122070312,87.98200225830078,88.41999816894531,0
2001-05-03,89.22200012207031,89.22200012207031,87.58000183105469,88.46600341796875,0
2001-05-04,89.98799896240234,90.06900024414062,87.83200073242188,88.18000030517578,0
2001-05-07,89.21299743652344,89.53099822998047,88.4020004272461,89.53099822998047,0
2001-05-08,87.9729995727539,89.07099914550781,87.81900024414062,89.01699829101562,0
2001-05-09,87.73600006103516,87.77100372314453,87.23300170898438,87.77100372314453,0
2001-05-10,88.16200256347656,88.78500366210938,87.8499984741211,88.48999786376953,0
2001-05-11,87.04900360107422,88.7509994506836,86.86799621582031,88.34400177001953,0
2001-05-14,88.10700225830078,88.12799835205078,86.99099731445312,87.16200256347656,0
2001-05-15,88.7239990234375,89.1709976196289,88.0270004272461,88.19599914550781,0
2001-05-16,90.88999938964844,91.02300262451172,87.97200012207031,88.51300048828125,0
2001-05-17,90.29199981689453,91.15699768066406,90.08599853515625,90.42900085449219,0
2001-05-18,90.35299682617188,90.6969985961914,89.73400115966797,90.43599700927734,0
2001-05-21,90.89900207519531,90.95999908447266,89.64299774169922,90.29000091552734,0
2001-05-22,92.65599822998047,93.1259994506836,90.90399932861328,90.9800033569336,0
2001-05-23,92.16200256347656,92.43499755859375,91.5780029296875,92.26200103759766,0
2001-05-24,92.60800170898438,93.1719970703125,92.25800323486328,92.30400085449219,0
2001-05-25,91.55500030517578,92.74500274658203,91.51799774169922,92.57499694824219,0
2001-05-29,91.7300033569336,92.09100341796875,91.06999969482422,91.90699768066406,0
2001-05-30,90.9540023803711,92.40299987792969,90.80999755859375,91.44100189208984,0
2001-05-31,91.72899627685547,91.85800170898438,90.47699737548828,91.15899658203125,0
2001-06-01,91.82099914550781,92.25900268554688,90.94999694824219,91.75199890136719,0
2001-06-04,92.79900360107422,92.80599975585938,91.58000183105469,92.01599884033203,0
2001-06-05,93.23999786376953,93.60099792480469,92.7020034790039,92.7249984741211,0
2001-06-06,92.1989974975586,92.52400207519531,91.35900115966797,92.52400207519531,0
2001-06-07,91.49500274658203,91.72200012207031,90.09100341796875,91.72000122070312,0
2001-06-08,90.37100219726562,91.08000183105469,89.79199981689453,91.0770034790039,0
2001-06-11,89.80799865722656,90.68800354003906,89.4990005493164,90.25299835205078,0
2001-06-12,89.48699951171875,89.83899688720703,88.07099914550781,89.09200286865234,0
2001-06-13,89.09700012207031,90.3740005493164,88.88899993896484,89.48200225830078,0
2001-06-14,87.41000366210938,88.8499984741211,87.38899993896484,88.8499984741211,0
2001-06-15,87.8550033569336,88.28299713134766,86.47599792480469,86.86900329589844,0
2001-06-18,88.33300018310547,88.6780014038086,87.07599639892578,88.03700256347656,0
2001-06-19,89.29399871826172,89.81900024414062,88.89099884033203,89.0719985961914,0
2001-06-20,89.99800109863281,90.97599792480469,89.2760009765625,89.36299896240234,0
2001-06-21,93.14900207519531,93.14900207519531,90.0479965209961,90.06300354003906,0
2001-06-22,92.36299896240234,93.06199645996094,91.8759994506836,93.01100158691406,0
2001-06-25,91.06800079345703,92.62300109863281,90.67400360107422,92.49600219726562,0
2001-06-26,90.16600036621094,90.5469970703125,89.36900329589844,89.55500030517578,0
2001-06-27,89.83699798583984,91.5009994506836,89.83699798583984,90.04100036621094,0
2001-06-28,90.99099731445312,91.71399688720703,90.18800354003906,90.19300079345703,0
2001-06-29,90.99700164794922,91.0510025024414,89.81400299072266,90.79199981689453,0
2001-07-02,92.23699951171875,92.23699951171875,90.54399871826172,91.11699676513672,0
2001-07-03,91.79100036621094,92.4229965209961,91.572998046875,92.4229965209961,0
2001-07-05,91.11100006103516,92.22699737548828,90.99400329589844,91.43399810791016,0
2001-07-06,89.10099792480469,90.79000091552734,89.02999877929688,90.78500366210938,0
2001-07-09,89.43499755859375,89.63600158691406,88.68099975585938,89.13500213623047,0
2001-07-10,87.05000305175781,89.34400177001953,86.96399688720703,89.34200286865234,0
2001-07-11,86.63099670410156,87.05799865722656,85.39700317382812,86.98300170898438,0
2001-07-12,88.38200378417969,88.6989974975586,87.23600006103516,87.30899810791016,0
2001-07-13,89.2979965209961,89.46399688720703,88.1760025024414,88.31199645996094,0
2001-07-16,88.2040023803711,90.72599792480469,88.06999969482422,90.09400177001953,0
2001-07-17,90.42500305175781,90.43499755859375,87.88099670410156,88.38200378417969,0
2001-07-18,91.16799926757812,91.16799926757812,89.61000061035156,89.84600067138672,0
2001-07-19,90.36299896240234,91.66100311279297,89.54000091552734,91.62799835205078,0
2001-07-20,89.90899658203125,90.12799835205078,89.38400268554688,89.72799682617188,0
2001-07-23,89.48600006103516,90.4739990234375,89.32499694824219,89.81900024414062,0
2001-07-24,88.46700286865234,89.69100189208984,88.34700012207031,89.4540023803711,0
2001-07-25,89.16899871826172,89.25700378417969,87.87300109863281,88.58899688720703,0
2001-07-26,89.79299926757812,89.91100311279297,88.71099853515625,89.02400207519531,0
2001-07-27,90.50399780273438,90.76000213623047,89.7030029296875,89.7239990234375,0
2001-07-30,90.1729965209961,90.4260025024414,89.78700256347656,90.27100372314453,0
2001-07-31,90.83399963378906,91.69100189208984,90.2760009765625,90.427001953125,0
2001-08-01,91.2020034790039,91.85800170898438,90.64900207519531,90.97799682617188,0
2001-08-02,91.73999786376953,92.13300323486328,91.51599884033203,91.59700012207031,0
2001-08-03,91.80599975585938,91.80799865722656,91.177001953125,91.80699920654297,0
2001-08-06,91.0510025024414,92.1760025024414,90.81400299072266,91.87200164794922,0
2001-08-07,91.63099670410156,91.72599792480469,90.89900207519531,91.17500305175781,0
2001-08-08,90.5510025024414,91.71399688720703,90.49199676513672,91.1449966430664,0
2001-08-09,90.4800033569336,90.58200073242188,89.84500122070312,90.57599639892578,0
2001-08-10,90.78099822998047,90.97799682617188,89.45700073242188,90.59300231933594,0
2001-08-13,90.8759994506836,91.0530014038086,90.16400146484375,90.78299713134766,0
2001-08-14,90.50800323486328,91.51000213623047,90.15299987792969,91.19400024414062,0
2001-08-15,90.31500244140625,90.9540023803711,90.02400207519531,90.59100341796875,0
2001-08-16,90.1259994506836,90.1449966430664,88.96600341796875,89.97599792480469,0
2001-08-17,88.85299682617188,90.01300048828125,88.49800109863281,90.01300048828125,0
2001-08-20,89.75700378417969,89.75700378417969,88.88500213623047,88.91500091552734,0
2001-08-21,89.28099822998047,91.24199676513672,89.23799896240234,89.92900085449219,0
2001-08-22,89.81500244140625,90.14099884033203,88.86799621582031,89.84100341796875,0
2001-08-23,89.26599884033203,89.84500122070312,89.15899658203125,89.73600006103516,0
2001-08-24,89.18499755859375,89.57099914550781,88.71900177001953,89.13300323486328,0
2001-08-27,88.22699737548828,89.125,87.99800109863281,89.1050033569336,0
2001-08-28,87.0510025024414,88.59200286865234,86.95899963378906,88.26200103759766,0
2001-08-29,85.53500366210938,87.322998046875,85.39700317382812,87.10199737548828,0
2001-08-30,85.02400207519531,85.77899932861328,84.46499633789062,85.3489990234375,0
2001-08-31,85.58000183105469,86.46199798583984,84.875,85.05500030517578,0
2001-09-04,85.73799896240234,86.94599914550781,84.54100036621094,85.5199966430664,0
2001-09-05,84.6240005493164,85.56999969482422,83.93000030517578,85.50700378417969,0
2001-09-06,82.47100067138672,84.15899658203125,81.96399688720703,84.15899658203125,0
2001-09-07,81.09300231933594,82.41100311279297,80.2760009765625,81.5260009765625,0
2001-09-10,80.66999816894531,81.30500030517578,79.39099884033203,80.18299865722656,0
2001-09-17,76.87200164794922,78.63500213623047,74.91500091552734,78.59700012207031,0
2001-09-18,77.05699920654297,77.66500091552734,75.95600128173828,76.85399627685547,0
2001-09-19,75.69000244140625,77.96299743652344,73.52799987792969,77.25,0
2001-09-20,72.41100311279297,74.93699645996094,72.37999725341797,74.84500122070312,0
2001-09-21,71.26300048828125,72.74199676513672,69.1449966430664,72.41100311279297,0
2001-09-24,75.177001953125,75.71299743652344,72.96600341796875,72.9729995727539,0
2001-09-25,76.11399841308594,76.5009994506836,74.63400268554688,74.98500061035156,0
2001-09-26,76.18000030517578,77.13200378417969,75.41799926757812,76.6510009765625,0
2001-09-27,77.5,77.53900146484375,75.73999786376953,76.37100219726562,0
2001-09-28,79.27899932861328,79.61499786376953,77.93199920654297,78.01200103759766,0
2001-10-01,79.70099639892578,80.15399932861328,78.83599853515625,79.34300231933594,0
2001-10-02,80.822998046875,80.94499969482422,79.19100189208984,80.09500122070312,0
2001-10-03,81.58200073242188,81.95800018310547,80.30699920654297,80.49099731445312,0
2001-10-04,80.2760009765625,82.21800231933594,79.83300018310547,82.15699768066406,0
2001-10-05,77.4520034790039,80.6709976196289,76.73699951171875,80.25599670410156,0
2001-10-08,75.13700103759766,76.76799774169922,74.822998046875,76.76799774169922,0
2001-10-09,75.18599700927734,76.01399993896484,74.85199737548828,75.0739974975586,0
2001-10-10,76.85700225830078,77.56099700927734,74.91100311279297,75.33499908447266,0
2001-10-11,77.76399993896484,78.4739990234375,77.15499877929688,77.23600006103516,0
2001-10-12,76.43199920654297,76.91000366210938,75.45999908447266,76.697998046875,0
2001-10-15,76.88600158691406,77.15499877929688,75.29499816894531,76.05899810791016,0
2001-10-16,78.23400115966797,79.19499969482422,77.23100280761719,77.23100280761719,0
2001-10-17,77.8010025024414,80.03299713134766,77.73799896240234,79.13700103759766,0
2001-10-18,77.28700256347656,77.9020004272461,77.04299926757812,77.72100067138672,0
2001-10-19,76.76799774169922,77.27999877929688,75.55699920654297,77.26000213623047,0
2001-10-22,78.6780014038086,78.93299865722656,76.67900085449219,76.67900085449219,0
2001-10-23,79.17900085449219,80.00900268554688,78.97200012207031,79.41999816894531,0
2001-10-24,79.55899810791016,80.05599975585938,79.11599731445312,79.26399993896484,0
2001-10-25,81.14199829101562,81.31700134277344,78.21900177001953,78.96800231933594,0
2001-10-26,81.48899841308594,81.947998046875,80.81700134277344,80.96099853515625,0
2001-10-29,78.81999969482422,81.05999755859375,78.81900024414062,80.99800109863281,0
2001-10-30,78.02300262451172,78.68000030517578,76.85399627685547,78.21299743652344,0
2001-10-31,77.5250015258789,79.05000305175781,77.48699951171875,78.69499969482422,0
2001-11-01,78.75800323486328,78.91899871826172,76.56800079345703,77.802001953125,0
2001-11-02,79.10399627685547,79.29299926757812,77.88200378417969,78.60700225830078,0
2001-11-05,80.56700134277344,81.01300048828125,79.67900085449219,79.67900085449219,0
2001-11-06,82.11000061035156,82.1729965209961,80.39900207519531,80.46700286865234,0
2001-11-07,82.90899658203125,83.75499725341797,81.79900360107422,81.9010009765625,0
2001-11-08,83.3239974975586,84.50599670410156,83.09500122070312,83.09500122070312,0
2001-11-09,83.21900177001953,83.62899780273438,82.54299926757812,83.04199981689453,0
2001-11-12,82.94300079345703,83.28399658203125,81.13899993896484,81.83499908447266,0
2001-11-13,84.50299835205078,84.67500305175781,83.81600189208984,83.81600189208984,0
2001-11-14,84.77999877929688,85.2760009765625,84.06999969482422,84.86699676513672,0
2001-11-15,84.4990005493164,85.28800201416016,84.16200256347656,84.53700256347656,0
2001-11-16,83.51499938964844,84.56199645996094,82.81600189208984,84.53800201416016,0
2001-11-19,85.01899719238281,85.01899719238281,83.91999816894531,83.94999694824219,0
2001-11-20,84.4520034790039,85.05699920654297,84.4010009765625,84.697998046875,0
2001-11-21,83.97200012207031,84.67900085449219,83.72599792480469,84.28600311279297,0
2001-11-23,85.5999984741211,85.5999984741211,84.1449966430664,84.18599700927734,0
2001-11-26,86.39299774169922,86.44200134277344,85.36399841308594,85.53900146484375,0
2001-11-27,85.7760009765625,86.59200286865234,85.11599731445312,86.0999984741211,0
2001-11-28,83.08699798583984,85.65899658203125,83.072998046875,85.38099670410156,0
2001-11-29,84.06400299072266,84.10800170898438,82.73699951171875,83.25900268554688,0
2001-11-30,83.29000091552734,84.08799743652344,83.27300262451172,84.06199645996094,0
2001-12-03,82.03500366210938,82.4010009765625,81.45899963378906,82.4010009765625,0
2001-12-04,83.34600067138672,83.34600067138672,81.9209976196289,82.40799713134766,0
2001-12-05,84.98899841308594,85.60700225830078,83.5790023803711,83.5790023803711,0
2001-12-06,86.0979995727539,86.3740005493164,85.08399963378906,85.08399963378906,0
2001-12-07,85.8949966430664,86.16300201416016,85.32599639892578,85.86199951171875,0
2001-12-10,84.4749984741211,85.70700073242188,84.41300201416016,85.64700317382812,0
2001-12-11,84.84100341796875,85.76399993896484,84.04299926757812,84.51100158691406,0
2001-12-12,84.59700012207031,85.23999786376953,83.7509994506836,84.8290023803711,0
2001-12-13,83.24700164794922,83.80999755859375,82.9729995727539,83.74099731445312,0
2001-12-14,82.38999938964844,83.12100219726562,81.98600006103516,82.83799743652344,0
2001-12-17,83.3290023803711,83.61499786376953,82.28299713134766,82.56300354003906,0
2001-12-18,84.3290023803711,84.48500061035156,83.59700012207031,83.6449966430664,0
2001-12-19,86.00499725341797,86.4000015258789,84.4469985961914,84.50900268554688,0
2001-12-20,85.59100341796875,86.35700225830078,85.48300170898438,85.71099853515625,0
2001-12-21,85.27200317382812,85.73200225830078,84.66100311279297,85.68399810791016,0
2001-12-24,85.19200134277344,85.54299926757812,85.19200134277344,85.33399963378906,0
2001-12-26,85.4489974975586,86.06999969482422,85.24400329589844,85.2699966430664,0
2001-12-27,85.97200012207031,86.15599822998047,85.44200134277344,85.48699951171875,0
2001-12-28,86.71299743652344,86.95800018310547,86.08799743652344,86.09400177001953,0
2001-12-31,86.01399993896484,86.8759994506836,86.00499725341797,86.5530014038086,0
2002-01-02,86.0,86.0,84.8479995727539,85.56600189208984,0
2002-01-03,86.49700164794922,86.73600006103516,85.74199676513672,85.89700317382812,0
2002-01-04,88.08200073242188,88.08200073242188,86.99600219726562,86.99600219726562,0
2002-01-07,87.86399841308594,88.54100036621094,87.70999908447266,87.93800354003906,0
2002-01-08,86.22200012207031,87.64800262451172,85.9229965209961,87.61299896240234,0
2002-01-09,86.27200317382812,87.33499908447266,86.10600280761719,86.71099853515625,0
2002-01-10,86.69400024414062,86.91799926757812,86.1729965209961,86.33599853515625,0
2002-01-11,85.36199951171875,86.98799896240234,85.36199951171875,86.94499969482422,0
2002-01-14,84.58399963378906,85.32599639892578,84.56400299072266,85.32599639892578,0
2002-01-15,86.16100311279297,86.17900085449219,85.00299835205078,85.01699829101562,0
2002-01-16,84.98500061035156,85.96800231933594,84.62100219726562,85.52899932861328,0
2002-01-17,85.96499633789062,86.12200164794922,85.58699798583984,85.81199645996094,0
2002-01-18,85.64099884033203,86.2770004272461,85.43399810791016,85.66899871826172,0
2002-01-22,85.77400207519531,86.2979965209961,85.5979995727539,85.96099853515625,0
2002-01-23,86.39199829101562,86.83200073242188,85.20800018310547,85.84600067138672,0
2002-01-24,87.19400024414062,87.62999725341797,86.71600341796875,86.802001953125,0
2002-01-25,87.09700012207031,87.53700256347656,86.7509994506836,87.03800201416016,0
2002-01-28,86.71399688720703,87.24600219726562,85.91100311279297,87.10199737548828,0
2002-01-29,82.35900115966797,87.15899658203125,81.81300354003906,86.73699951171875,0
2002-01-30,83.58100128173828,83.83200073242188,80.55500030517578,82.31900024414062,0
2002-01-31,84.65399932861328,84.65399932861328,83.11399841308594,83.84300231933594,0
2002-02-01,83.32599639892578,84.4000015258789,82.9000015258789,84.38400268554688,0
2002-02-04,80.2770004272461,82.8280029296875,80.13800048828125,82.8270034790039,0
2002-02-05,79.69100189208984,80.33699798583984,78.56700134277344,80.0739974975586,0
2002-02-06,78.73400115966797,80.05899810791016,77.9520034790039,79.49400329589844,0
2002-02-07,79.25399780273438,80.99099731445312,78.65499877929688,78.88099670410156,0
2002-02-08,81.0770034790039,81.19100189208984,79.77799987792969,79.77799987792969,0
2002-02-11,82.0469970703125,82.0770034790039,80.42500305175781,81.11900329589844,0
2002-02-12,81.5469970703125,82.03600311279297,81.36499786376953,81.93599700927734,0
2002-02-13,82.1240005493164,83.08100128173828,81.56800079345703,81.74199676513672,0
2002-02-14,82.3010025024414,82.8219985961914,81.11499786376953,82.03199768066406,0
2002-02-15,80.98200225830078,82.03700256347656,80.91600036621094,81.96399688720703,0
2002-02-19,78.3550033569336,80.20899963378906,78.31999969482422,80.20899963378906,0
2002-02-20,79.78800201416016,79.91100311279297,77.59600067138672,78.62699890136719,0
2002-02-21,79.00299835205078,80.54199981689453,78.88800048828125,79.81500244140625,0
2002-02-22,78.97799682617188,79.05599975585938,77.572998046875,78.61699676513672,0
2002-02-25,81.07599639892578,81.16899871826172,79.16000366210938,79.16100311279297,0
2002-02-26,81.37000274658203,81.802001953125,80.43099975585938,81.09400177001953,0
2002-02-27,81.80799865722656,82.99099731445312,81.21099853515625,81.76000213623047,0
2002-02-28,82.34300231933594,83.20600128173828,81.97899627685547,82.08699798583984,0
2002-03-01,83.52200317382812,83.52200317382812,82.38800048828125,82.61000061035156,0
2002-03-04,86.6500015258789,86.6500015258789,84.02100372314453,84.02100372314453,0
2002-03-05,86.33300018310547,87.53299713134766,86.20899963378906,86.3030014038086,0
2002-03-06,88.20700073242188,88.51000213623047,86.66400146484375,86.78700256347656,0
2002-03-07,88.0199966430664,89.28800201416016,87.52100372314453,88.50399780273438,0
2002-03-08,88.5510025024414,89.45999908447266,88.1240005493164,88.83399963378906,0
2002-03-11,89.49600219726562,89.802001953125,88.23600006103516,88.33999633789062,0
2002-03-12,89.78600311279297,89.89299774169922,88.32099914550781,88.93900299072266,0
2002-03-13,88.89800262451172,89.66000366210938,88.23799896240234,89.29399871826172,0
2002-03-14,88.87200164794922,89.08100128173828,88.322998046875,88.71700286865234,0
2002-03-15,91.02799987792969,91.03199768066406,89.40899658203125,89.4260025024414,0
2002-03-18,90.6500015258789,91.53399658203125,90.18299865722656,91.19200134277344,0
2002-03-19,91.3030014038086,91.5999984741211,90.94499969482422,91.14900207519531,0
2002-03-20,89.69400024414062,90.81400299072266,89.68399810791016,90.43800354003906,0
2002-03-21,89.6240005493164,89.85700225830078,88.46700286865234,89.66799926757812,0
2002-03-22,90.08899688720703,90.79900360107422,89.0790023803711,89.48699951171875,0
2002-03-25,88.73899841308594,90.33100128173828,88.73799896240234,89.927001953125,0
2002-03-26,89.66799926757812,90.41899871826172,88.83899688720703,88.83899688720703,0
2002-03-27,90.53800201416016,90.7490005493164,89.53900146484375,89.80799865722656,0
2002-03-28,89.77200317382812,91.15799713134766,89.63500213623047,90.3949966430664,0
2002-04-01,89.36299896240234,89.63400268554688,88.25299835205078,89.40599822998047,0
2002-04-02,89.43199920654297,89.81600189208984,88.79000091552734,88.8489990234375,0
2002-04-03,88.25199890136719,89.2969970703125,88.06500244140625,89.28199768066406,0
2002-04-04,88.3239974975586,88.83100128173828,87.91799926757812,88.26000213623047,0
2002-04-05,88.69499969482422,89.51100158691406,88.62799835205078,88.66799926757812,0
2002-04-08,89.0739974975586,89.28399658203125,87.80599975585938,87.96700286865234,0
2002-04-09,89.60299682617188,89.947998046875,89.197998046875,89.2300033569336,0
2002-04-10,89.94100189208984,90.0790023803711,89.43099975585938,89.70500183105469,0
2002-04-11,87.62200164794922,89.85399627685547,87.40899658203125,89.83899688720703,0
2002-04-12,88.66600036621094,88.86399841308594,87.9260025024414,87.98799896240234,0
2002-04-15,87.36900329589844,89.18499755859375,86.96199798583984,88.66600036621094,0
2002-04-16,89.76899719238281,90.05699920654297,88.07499694824219,88.07499694824219,0
2002-04-17,90.38999938964844,90.52899932861328,89.0979995727539,89.85800170898438,0
2002-04-18,89.98500061035156,90.76699829101562,88.7300033569336,90.3270034790039,0
2002-04-19,90.00599670410156,90.43800354003906,89.77100372314453,90.30500030517578,0
2002-04-22,88.44499969482422,89.6520004272461,88.33200073242188,89.53700256347656,0
2002-04-23,88.41999816894531,89.2030029296875,87.9219970703125,88.5009994506836,0
2002-04-24,88.1719970703125,89.14600372314453,88.11799621582031,88.68499755859375,0
2002-04-25,87.5459976196289,87.81700134277344,86.68299865722656,87.81300354003906,0
2002-04-26,86.83699798583984,88.1520004272461,86.83499908447266,87.7040023803711,0
2002-04-29,86.2030029296875,87.44100189208984,86.0999984741211,86.7699966430664,0
2002-04-30,87.48500061035156,88.10700225830078,85.98300170898438,86.4729995727539,0
2002-05-01,87.96299743652344,88.18399810791016,86.38400268554688,87.48799896240234,0
2002-05-02,89.4000015258789,89.4000015258789,87.98200225830078,88.01200103759766,0
2002-05-03,88.76599884033203,89.3030014038086,88.1989974975586,89.16799926757812,0
2002-05-06,86.3550033569336,89.16300201416016,86.302001953125,88.61199951171875,0
2002-05-07,86.35199737548828,87.73100280761719,86.35199737548828,87.08300018310547,0
2002-05-08,89.08599853515625,89.29399871826172,88.05699920654297,88.05699920654297,0
2002-05-09,88.13099670410156,88.79100036621094,87.97200012207031,88.6050033569336,0
2002-05-10,86.77300262451172,88.51200103759766,86.73100280761719,88.46900177001953,0
2002-05-13,88.37000274658203,88.38800048828125,86.52300262451172,86.76200103759766,0
2002-05-14,90.10700225830078,90.12000274658203,89.19999694824219,89.27899932861328,0
2002-05-15,90.35900115966797,91.50199890136719,89.68399810791016,89.74099731445312,0
2002-05-16,91.01000213623047,91.20700073242188,90.45600128173828,90.5250015258789,0
2002-05-17,91.52400207519531,91.85399627685547,90.96299743652344,91.55699920654297,0
2002-05-20,89.9800033569336,91.26899719238281,89.85399627685547,91.26899719238281,0
2002-05-21,89.77899932861328,91.3010025024414,89.6760025024414,90.94599914550781,0
2002-05-22,89.4209976196289,89.79100036621094,88.68499755859375,89.51300048828125,0
2002-05-23,90.49800109863281,90.53399658203125,89.58399963378906,89.6449966430664,0
2002-05-24,89.56099700927734,90.8239974975586,89.4520034790039,90.43599700927734,0
2002-05-28,88.48600006103516,89.87799835205078,88.2249984741211,89.87799835205078,0
2002-05-29,88.31300354003906,88.75199890136719,88.09100341796875,88.15499877929688,0
2002-05-30,87.96800231933594,88.53399658203125,87.03600311279297,87.90399932861328,0
2002-05-31,88.13999938964844,88.93599700927734,87.78700256347656,87.95800018310547,0
2002-06-03,86.43699645996094,88.78500366210938,86.31099700927734,88.38700103759766,0
2002-06-04,85.82099914550781,86.64299774169922,85.38700103759766,86.38500213623047,0
2002-06-05,86.13600158691406,86.7020034790039,85.40599822998047,85.94200134277344,0
2002-06-06,84.18000030517578,86.22100067138672,83.79900360107422,86.22100067138672,0
2002-06-07,84.22599792480469,84.61699676513672,82.9229965209961,83.4739990234375,0
2002-06-10,84.83999633789062,85.25199890136719,83.85199737548828,83.99600219726562,0
2002-06-11,83.59300231933594,85.90799713134766,83.572998046875,85.0979995727539,0
2002-06-12,84.13400268554688,84.40499877929688,82.47000122070312,83.572998046875,0
2002-06-13,82.31999969482422,84.11499786376953,82.19499969482422,83.9219970703125,0
2002-06-14,83.04900360107422,83.43099975585938,80.19100189208984,81.66999816894531,0
2002-06-17,86.76100158691406,86.76100158691406,83.53900146484375,83.53900146484375,0
2002-06-18,86.98400115966797,87.18900299072266,85.86399841308594,86.1760025024414,0
2002-06-19,85.77200317382812,86.88099670410156,85.67500305175781,86.46800231933594,0
2002-06-20,83.97799682617188,85.78199768066406,83.69200134277344,85.5510025024414,0
2002-06-21,82.97699737548828,84.1709976196289,82.72200012207031,83.25299835205078,0
2002-06-24,82.7229995727539,83.58200073242188,81.14099884033203,82.81400299072266,0
2002-06-25,82.22200012207031,84.2750015258789,82.08699798583984,83.23799896240234,0
2002-06-26,80.0260009765625,80.61299896240234,78.66300201416016,80.10399627685547,0
2002-06-27,82.4540023803711,82.46099853515625,80.1969985961914,80.60800170898438,0
2002-06-28,82.96199798583984,83.8030014038086,82.46099853515625,82.46299743652344,0
2002-07-01,81.53900146484375,83.54900360107422,81.41999816894531,82.85900115966797,0
2002-07-02,80.41600036621094,81.60900115966797,80.05400085449219,81.38700103759766,0
2002-07-03,79.40899658203125,80.46600341796875,78.33799743652344,79.91899871826172,0
2002-07-05,82.77200317382812,82.77200317382812,79.40899658203125,80.34200286865234,0
2002-07-08,82.59100341796875,83.2750015258789,80.26000213623047,80.28399658203125,0
2002-07-09,80.53399658203125,83.11699676513672,80.40399932861328,82.54199981689453,0
2002-07-10,78.07499694824219,81.04199981689453,77.85199737548828,80.66000366210938,0
2002-07-11,78.6510009765625,79.10600280761719,76.31999969482422,77.822998046875,0
2002-07-12,77.57099914550781,79.08200073242188,76.96399688720703,78.91000366210938,0
2002-07-15,77.32499694824219,77.32499694824219,74.21299743652344,76.90899658203125,0
2002-07-16,75.99400329589844,77.52799987792969,75.302001953125,76.73899841308594,0
2002-07-17,75.96600341796875,77.88099670410156,75.24600219726562,77.29499816894531,0
2002-07-18,73.4489974975586,76.39399719238281,73.27300262451172,75.97699737548828,0
2002-07-19,71.48400115966797,72.66999816894531,71.0739974975586,72.46499633789062,0
2002-07-22,68.4000015258789,71.38400268554688,67.89399719238281,70.0770034790039,0
2002-07-23,63.612998962402344,67.94200134277344,62.492000579833984,67.83799743652344,0
2002-07-24,67.75199890136719,67.9209976196289,60.356998443603516,62.314998626708984,0
2002-07-25,67.83300018310547,69.5469970703125,65.4469985961914,67.42500305175781,0
2002-07-26,69.47599792480469,69.51000213623047,67.69000244140625,68.30500030517578,0
2002-07-29,74.22599792480469,74.26499938964844,71.01799774169922,71.01799774169922,0
2002-07-30,74.32599639892578,74.83100128173828,72.25700378417969,73.73100280761719,0
2002-07-31,75.6500015258789,75.6500015258789,73.5,74.21199798583984,0
2002-08-01,73.50599670410156,75.33399963378906,73.04900360107422,75.33399963378906,0
2002-08-02,71.68099975585938,73.5009994506836,70.8239974975586,73.5009994506836,0
2002-08-05,68.70800018310547,71.22899627685547,68.66699981689453,71.1449966430664,0
2002-08-06,71.53900146484375,73.3290023803711,69.79000091552734,69.81099700927734,0
2002-08-07,72.96199798583984,73.20700073242188,71.36599731445312,72.30799865722656,0
2002-08-08,76.90399932861328,76.91799926757812,73.7490005493164,73.75199890136719,0
2002-08-09,77.43299865722656,77.83000183105469,75.1449966430664,76.39900207519531,0
2002-08-12,76.72699737548828,77.0770034790039,75.37200164794922,76.3219985961914,0
2002-08-13,74.86900329589844,77.76200103759766,74.8280029296875,76.4530029296875,0
2002-08-14,77.6500015258789,77.68000030517578,73.65799713134766,74.98200225830078,0
2002-08-15,78.50499725341797,78.80999755859375,77.56600189208984,77.83699798583984,0
2002-08-16,77.6989974975586,78.4000015258789,76.92400360107422,77.78800201416016,0
2002-08-19,79.91300201416016,79.93599700927734,77.60700225830078,77.76799774169922,0
2002-08-20,78.51100158691406,79.56099700927734,78.04499816894531,79.56099700927734,0
2002-08-21,79.43000030517578,79.83599853515625,77.7239990234375,79.03900146484375,0
2002-08-22,80.36199951171875,80.69000244140625,78.73100280761719,79.18800354003906,0
2002-08-23,78.56500244140625,80.01599884033203,77.93199920654297,80.01599884033203,0
2002-08-26,79.84100341796875,80.11799621582031,78.13999938964844,78.78800201416016,0
2002-08-27,79.81900024414062,80.66799926757812,79.27100372314453,80.03600311279297,0
2002-08-28,78.16500091552734,79.302001953125,77.67400360107422,79.27100372314453,0
2002-08-29,78.38600158691406,78.90299987792969,76.62000274658203,77.29399871826172,0
2002-08-30,78.63700103759766,80.02400207519531,77.96199798583984,78.1520004272461,0
2002-09-03,74.36799621582031,76.97000122070312,74.28299713134766,76.90799713134766,0
2002-09-04,75.73899841308594,76.00299835205078,74.06800079345703,74.48699951171875,0
2002-09-05,74.75800323486328,75.39299774169922,73.31400299072266,74.76100158691406,0
2002-09-06,76.11499786376953,76.63300323486328,75.6729965209961,75.9260025024414,0
2002-09-09,76.91500091552734,77.25900268554688,74.68000030517578,75.57599639892578,0
2002-09-10,76.125,77.01100158691406,75.45700073242188,76.96700286865234,0
2002-09-11,75.49199676513672,77.2979965209961,75.29900360107422,76.93800354003906,0
2002-09-12,73.02400207519531,75.30799865722656,72.73300170898438,75.30799865722656,0
2002-09-13,73.61499786376953,73.88600158691406,72.46600341796875,72.70899963378906,0
2002-09-16,73.76799774169922,73.76799774169922,72.46900177001953,73.22699737548828,0
2002-09-17,72.86699676513672,75.15599822998047,72.63999938964844,74.63500213623047,0
2002-09-18,71.48799896240234,72.24400329589844,70.4520034790039,71.8219985961914,0
2002-09-19,68.6500015258789,70.50299835205078,68.54499816894531,70.50299835205078,0
2002-09-20,68.65399932861328,69.18499755859375,67.89199829101562,68.81099700927734,0
2002-09-23,68.9540023803711,69.28399658203125,66.84400177001953,67.9489974975586,0
2002-09-24,67.38500213623047,69.5979995727539,67.10199737548828,68.28099822998047,0
2002-09-25,69.10700225830078,69.51599884033203,67.09200286865234,68.36699676513672,0
2002-09-26,71.21700286865234,71.31900024414062,69.33200073242188,69.7020034790039,0
2002-09-27,69.51799774169922,72.06999969482422,69.24500274658203,71.10700225830078,0
2002-09-30,69.70899963378906,70.75299835205078,67.14199829101562,68.65499877929688,0
2002-10-01,72.48999786376953,72.56300354003906,69.29100036621094,70.18399810791016,0
2002-10-02,69.2770004272461,72.0739974975586,69.06800079345703,71.77899932861328,0
2002-10-03,65.57599639892578,68.87799835205078,65.427001953125,68.86599731445312,0
2002-10-04,63.823001861572266,66.31600189208984,63.0620002746582,66.0459976196289,0
2002-10-07,61.21099853515625,63.8489990234375,60.94499969482422,63.290000915527344,0
2002-10-08,63.85300064086914,64.93699645996094,61.87799835205078,62.00699996948242,0
2002-10-09,61.11199951171875,62.87300109863281,61.005001068115234,62.86800003051758,0
2002-10-10,64.41699981689453,64.88899993896484,60.8650016784668,60.94300079345703,0
2002-10-11,67.58300018310547,69.0,65.66000366210938,65.66000366210938,0
2002-10-14,68.11599731445312,68.96700286865234,66.81199645996094,66.96499633789062,0
2002-10-15,73.25599670410156,73.25599670410156,69.12899780273438,69.14299774169922,0
2002-10-16,72.69100189208984,72.7979965209961,71.73699951171875,72.35800170898438,0
2002-10-17,74.58899688720703,75.05699920654297,73.71700286865234,73.71700286865234,0
2002-10-18,74.74299621582031,75.73699951171875,73.4800033569336,73.80799865722656,0
2002-10-21,75.87999725341797,76.03399658203125,73.53700256347656,74.2490005493164,0
2002-10-22,75.36900329589844,75.75,74.75299835205078,75.33499908447266,0
2002-10-23,75.76300048828125,75.79000091552734,73.06800079345703,74.50599670410156,0
2002-10-24,74.31300354003906,76.66400146484375,74.08599853515625,76.12899780273438,0
2002-10-25,76.1709976196289,76.25399780273438,73.64299774169922,74.02999877929688,0
2002-10-28,76.33899688720703,77.7020034790039,75.83399963378906,77.33399963378906,0
2002-10-29,75.77200317382812,76.33100128173828,74.41500091552734,76.23799896240234,0
2002-10-30,76.88700103759766,77.16899871826172,75.87200164794922,76.08999633789062,0
2002-10-31,76.34300231933594,77.37899780273438,75.66400146484375,76.89399719238281,0
2002-11-01,77.86399841308594,78.0979995727539,75.46399688720703,75.7020034790039,0
2002-11-04,77.73799896240234,79.73100280761719,77.62000274658203,78.63400268554688,0
2002-11-05,78.24700164794922,78.58499908447266,77.30699920654297,77.58699798583984,0
2002-11-06,77.61199951171875,78.47699737548828,76.12699890136719,78.47699737548828,0
2002-11-07,74.73500061035156,76.87799835205078,74.37999725341797,76.80999755859375,0
2002-11-08,74.23799896240234,75.8949966430664,73.7239990234375,74.73899841308594,0
2002-11-11,73.2750015258789,74.28500366210938,72.8239974975586,73.83100128173828,0
2002-11-12,74.38300323486328,75.43599700927734,73.6520004272461,73.66799926757812,0
2002-11-13,73.8010025024414,74.96299743652344,72.57099914550781,73.84200286865234,0
2002-11-14,75.88500213623047,75.9010009765625,74.79000091552734,74.79000091552734,0
2002-11-15,76.4260025024414,76.46900177001953,74.44200134277344,75.01499938964844,0
2002-11-18,74.87200164794922,76.97100067138672,74.75199890136719,76.80899810791016,0
2002-11-19,75.11699676513672,75.73300170898438,74.23400115966797,74.74700164794922,0
2002-11-20,77.40699768066406,77.5719985961914,75.29900360107422,75.29900360107422,0
2002-11-21,79.47599792480469,79.71199798583984,77.79499816894531,77.79499816894531,0
2002-11-22,79.10900115966797,79.99800109863281,78.95099639892578,79.47599792480469,0
2002-11-25,79.0510025024414,79.83899688720703,78.13500213623047,79.11900329589844,0
2002-11-26,76.93399810791016,78.41300201416016,76.89800262451172,78.41300201416016,0
2002-11-27,79.31900024414062,79.45899963378906,76.93399810791016,76.93399810791016,0
2002-11-29,78.60700225830078,79.58899688720703,78.56099700927734,79.51699829101562,0
2002-12-02,78.3740005493164,79.98799896240234,77.7509994506836,79.59300231933594,0
2002-12-03,77.14800262451172,78.01399993896484,77.08399963378906,77.74199676513672,0
2002-12-04,77.26799774169922,78.072998046875,76.26699829101562,76.57099914550781,0
2002-12-05,75.87799835205078,77.49500274658203,75.8759994506836,77.49299621582031,0
2002-12-06,76.76899719238281,77.26799774169922,74.96399688720703,75.13300323486328,0
2002-12-09,75.14900207519531,76.3550033569336,75.12899780273438,76.31199645996094,0
2002-12-10,76.6240005493164,76.62899780273438,75.27899932861328,75.54000091552734,0
2002-12-11,76.36399841308594,76.8290023803711,76.02400207519531,76.21399688720703,0
2002-12-12,76.10399627685547,76.78700256347656,75.73999786376953,76.37999725341797,0
2002-12-13,75.03700256347656,76.01699829101562,74.80000305175781,75.60099792480469,0
2002-12-16,77.40799713134766,77.4219970703125,75.03700256347656,75.46399688720703,0
2002-12-17,76.94999694824219,77.9020004272461,76.94999694824219,77.2040023803711,0
2002-12-18,75.60800170898438,76.43199920654297,75.36100006103516,76.43199920654297,0
2002-12-19,75.33100128173828,76.69000244140625,74.78900146484375,75.47599792480469,0
2002-12-20,77.13700103759766,77.14600372314453,75.80999755859375,75.83599853515625,0
2002-12-23,76.73300170898438,77.19499969482422,76.31700134277344,76.51599884033203,0
2002-12-24,75.77200317382812,76.46099853515625,75.63200378417969,76.40399932861328,0
2002-12-26,75.71499633789062,76.96800231933594,75.43199920654297,75.87999725341797,0
2002-12-27,74.35800170898438,75.72200012207031,74.20899963378906,75.57599639892578,0
2002-12-30,75.02899932861328,75.28199768066406,73.9990005493164,74.56400299072266,0
2002-12-31,74.7969970703125,75.0530014038086,73.75399780273438,74.9010009765625,0
2003-01-02,77.28900146484375,77.28900146484375,74.83699798583984,75.26399993896484,0
2003-01-03,77.06500244140625,77.47699737548828,76.62899780273438,77.19100189208984,0
2003-01-06,79.50499725341797,79.77999877929688,77.06500244140625,77.08300018310547,0
2003-01-07,78.97000122070312,79.78900146484375,78.65599822998047,79.26399993896484,0
2003-01-08,78.11000061035156,78.96299743652344,77.88200378417969,78.37000274658203,0
2003-01-09,79.15599822998047,79.58000183105469,78.53900146484375,78.53900146484375,0
2003-01-10,79.04900360107422,79.68900299072266,78.22899627685547,78.65599822998047,0
2003-01-13,79.072998046875,80.07099914550781,78.86599731445312,79.38999938964844,0
2003-01-14,79.9000015258789,79.9000015258789,78.69400024414062,79.08799743652344,0
2003-01-15,78.60800170898438,79.47000122070312,78.36599731445312,79.47000122070312,0
2003-01-16,78.00399780273438,79.14099884033203,77.71900177001953,78.72799682617188,0
2003-01-17,77.9520034790039,78.36799621582031,77.43299865722656,77.65899658203125,0
2003-01-21,76.66400146484375,78.42400360107422,76.65599822998047,78.14800262451172,0
2003-01-22,75.76599884033203,76.55500030517578,75.66100311279297,76.26499938964844,0
2003-01-23,76.81999969482422,77.03099822998047,75.49600219726562,76.17400360107422,0
2003-01-24,74.56900024414062,76.43299865722656,74.33200073242188,76.43299865722656,0
2003-01-27,73.52999877929688,75.18499755859375,73.02799987792969,74.34500122070312,0
2003-01-28,74.1719970703125,74.37200164794922,73.67900085449219,74.00499725341797,0
2003-01-29,74.33599853515625,74.83799743652344,72.66000366210938,73.6240005493164,0
2003-01-30,72.74800109863281,74.427001953125,72.625,74.0780029296875,0
2003-01-31,73.86900329589844,74.0199966430664,72.25599670410156,72.47599792480469,0
2003-02-03,74.12699890136719,74.62200164794922,73.59700012207031,73.87200164794922,0
2003-02-04,72.7239990234375,73.4260025024414,72.21700286865234,73.4260025024414,0
2003-02-05,72.06800079345703,73.99299621582031,71.90599822998047,73.00800323486328,0
2003-02-06,71.71199798583984,72.1520004272461,71.04499816894531,71.83899688720703,0
2003-02-07,71.16400146484375,72.66300201416016,70.82099914550781,72.12100219726562,0
2003-02-10,71.66799926757812,71.7040023803711,70.52100372314453,71.39299774169922,0
2003-02-11,70.63899993896484,72.34300231933594,70.25299835205078,72.01499938964844,0
2003-02-12,69.81199645996094,71.15799713134766,69.77999877929688,70.68800354003906,0
2003-02-13,70.13300323486328,70.43499755859375,69.02300262451172,69.8030014038086,0
2003-02-14,71.57499694824219,71.5790023803711,69.64299774169922,70.26000213623047,0
2003-02-18,72.70099639892578,73.01200103759766,72.13500213623047,72.13500213623047,0
2003-02-19,72.29499816894531,72.65599822998047,71.72100067138672,72.65599822998047,0
2003-02-20,71.77400207519531,72.50700378417969,71.61399841308594,72.38999938964844,0
2003-02-21,72.64600372314453,73.12100219726562,71.26100158691406,71.92500305175781,0
2003-02-24,70.93499755859375,72.30799865722656,70.74500274658203,72.30799865722656,0
2003-02-25,71.45600128173828,71.51799774169922,69.63099670410156,70.40399932861328,0
2003-02-26,70.43699645996094,71.1969985961914,70.17900085449219,71.12799835205078,0
2003-02-27,71.53099822998047,72.05400085449219,70.3499984741211,70.80500030517578,0
2003-02-28,71.85800170898438,72.57099914550781,71.54000091552734,71.81900024414062,0
2003-03-03,71.3949966430664,73.18699645996094,71.14800262451172,72.47100067138672,0
2003-03-04,70.44599914550781,71.45999908447266,70.41400146484375,71.45999908447266,0
2003-03-05,71.33499908447266,71.3759994506836,70.27300262451172,70.34100341796875,0
2003-03-06,70.30899810791016,71.27100372314453,70.28900146484375,70.99800109863281,0
2003-03-07,70.99299621582031,71.24500274658203,69.49400329589844,69.5979995727539,0
2003-03-10,68.6780014038086,70.43599700927734,68.54399871826172,70.43599700927734,0
2003-03-11,67.5790023803711,69.15799713134766,67.45700073242188,68.71900177001953,0
2003-03-12,67.43599700927734,67.52999877929688,65.7509994506836,67.3949966430664,0
2003-03-13,70.06400299072266,70.07599639892578,68.1500015258789,68.56099700927734,0
2003-03-14,70.04000091552734,70.77300262451172,69.49500274658203,70.26300048828125,0
2003-03-17,72.05400085449219,72.06600189208984,69.46600341796875,69.7760009765625,0
2003-03-18,72.2509994506836,72.6780014038086,71.6729965209961,72.32599639892578,0
2003-03-19,73.27400207519531,73.31300354003906,72.16000366210938,72.30899810791016,0
2003-03-20,73.61199951171875,73.90799713134766,71.79499816894531,72.89399719238281,0
2003-03-21,75.2959976196289,75.2959976196289,73.21800231933594,74.03900146484375,0
2003-03-24,72.68000030517578,74.2509994506836,72.53600311279297,74.24600219726562,0
2003-03-25,73.4000015258789,73.86799621582031,72.49700164794922,72.75399780273438,0
2003-03-26,72.88999938964844,73.39399719238281,72.53500366210938,73.28199768066406,0
2003-03-27,72.63400268554688,73.09200286865234,71.86100006103516,72.29900360107422,0
2003-03-28,72.35800170898438,72.76799774169922,71.9280014038086,72.05799865722656,0
2003-03-31,70.74400329589844,71.6520004272461,70.72899627685547,71.6520004272461,0
2003-04-01,72.2699966430664,72.4219970703125,70.8499984741211,71.10399627685547,0
2003-04-02,74.37300109863281,74.79199981689453,73.28800201416016,73.28800201416016,0
2003-04-03,73.44599914550781,74.66000366210938,73.41600036621094,74.4219970703125,0
2003-04-04,74.36900329589844,74.43800354003906,73.72100067138672,73.80000305175781,0
2003-04-07,74.2979965209961,76.7490005493164,74.28700256347656,75.8550033569336,0
2003-04-08,74.84700012207031,75.26599884033203,74.04299926757812,74.34700012207031,0
2003-04-09,73.62799835205078,75.58300018310547,73.62799835205078,75.04900360107422,0
2003-04-10,74.35600280761719,74.58799743652344,73.75299835205078,73.77999877929688,0
2003-04-11,74.46299743652344,75.63800048828125,74.17400360107422,74.79399871826172,0
2003-04-14,76.01899719238281,76.04399871826172,74.71299743652344,74.80500030517578,0
2003-04-15,77.27400207519531,77.37300109863281,75.85700225830078,75.94499969482422,0
2003-04-16,76.0479965209961,77.81500244140625,75.78600311279297,77.51200103759766,0
2003-04-17,77.27200317382812,77.3010025024414,75.71600341796875,76.11100006103516,0
2003-04-21,76.98999786376953,77.51200103759766,76.75,77.46399688720703,0
2003-04-22,79.03700256347656,79.0719985961914,76.36199951171875,76.66899871826172,0
2003-04-23,79.81500244140625,79.96900177001953,78.6500015258789,78.75399780273438,0
2003-04-24,78.44400024414062,79.14099884033203,77.98500061035156,79.0009994506836,0
2003-04-25,77.65499877929688,78.66400146484375,77.54399871826172,78.3489990234375,0
2003-04-28,79.03399658203125,79.42400360107422,77.87200164794922,77.87200164794922,0
2003-04-29,79.02799987792969,79.7490005493164,78.37000274658203,79.28199768066406,0
2003-04-30,79.23799896240234,79.69999694824219,78.53800201416016,79.02999877929688,0
2003-05-01,79.20099639892578,79.63600158691406,77.77300262451172,78.947998046875,0
2003-05-02,80.67400360107422,80.8030014038086,78.9800033569336,79.10900115966797,0
2003-05-05,80.16899871826172,80.93299865722656,79.98300170898438,80.69300079345703,0
2003-05-06,80.95500183105469,81.38500213623047,80.13099670410156,80.13600158691406,0
2003-05-07,80.85900115966797,81.27100372314453,80.08200073242188,80.57499694824219,0
2003-05-08,79.45099639892578,80.58499908447266,79.4489974975586,80.41799926757812,0
2003-05-09,79.87799835205078,80.01599884033203,79.00399780273438,79.83599853515625,0
2003-05-12,80.96099853515625,81.1449966430664,79.51599884033203,79.69400024414062,0
2003-05-13,80.9469985961914,81.35600280761719,80.55400085449219,80.70500183105469,0
2003-05-14,80.48999786376953,81.28500366210938,80.20500183105469,81.2509994506836,0
2003-05-15,81.19599914550781,81.39600372314453,80.51799774169922,80.9010009765625,0
2003-05-16,81.3280029296875,81.73600006103516,80.5780029296875,80.9800033569336,0
2003-05-19,79.32499694824219,80.99700164794922,79.18900299072266,80.99700164794922,0
2003-05-20,79.41500091552734,79.927001953125,78.75299835205078,79.43199920654297,0
2003-05-21,79.88700103759766,80.0479965209961,78.95700073242188,79.2239990234375,0
2003-05-22,79.8489990234375,80.48699951171875,79.60399627685547,79.84100341796875,0
2003-05-23,80.53900146484375,80.72899627685547,79.82099914550781,79.8479995727539,0
2003-05-27,82.25399780273438,82.3499984741211,79.91999816894531,80.14299774169922,0
2003-05-28,82.83899688720703,83.48500061035156,82.3239974975586,82.3239974975586,0
2003-05-29,82.14199829101562,83.31800079345703,81.93000030517578,82.93800354003906,0
2003-05-30,83.45800018310547,83.69000244140625,82.33999633789062,82.33999633789062,0
2003-06-02,84.11599731445312,85.26100158691406,83.73500061035156,83.87899780273438,0
2003-06-03,85.05799865722656,85.09200286865234,83.9990005493164,84.16400146484375,0
2003-06-04,86.64800262451172,86.73500061035156,84.91000366210938,84.91000366210938,0
2003-06-05,87.25299835205078,87.40699768066406,86.10299682617188,86.23699951171875,0
2003-06-06,87.14600372314453,88.81900024414062,86.91999816894531,87.83999633789062,0
2003-06-09,85.5739974975586,86.58000183105469,85.2979965209961,86.55699920654297,0
2003-06-10,86.55400085449219,86.55599975585938,85.55699920654297,85.81099700927734,0
2003-06-11,88.13600158691406,88.1969985961914,86.40699768066406,86.4749984741211,0
2003-06-12,88.08499908447266,88.63899993896484,87.29100036621094,88.41799926757812,0
2003-06-13,87.72100067138672,88.50900268554688,87.16100311279297,88.27799987792969,0
2003-06-16,89.55699920654297,89.55699920654297,88.1240005493164,88.2229995727539,0
2003-06-17,89.55999755859375,89.75499725341797,89.16400146484375,89.48799896240234,0
2003-06-18,88.80899810791016,89.25599670410156,88.3270034790039,89.01300048828125,0
2003-06-19,87.02200317382812,88.93299865722656,86.94599914550781,88.76399993896484,0
2003-06-20,87.37999725341797,88.01799774169922,87.17400360107422,87.49199676513672,0
2003-06-23,85.92900085449219,87.33899688720703,85.58200073242188,87.25499725341797,0
2003-06-24,86.21700286865234,86.51100158691406,85.73699951171875,85.9000015258789,0
2003-06-25,85.8550033569336,87.24800109863281,85.8290023803711,86.26799774169922,0
2003-06-26,86.85299682617188,87.02300262451172,85.59700012207031,85.83799743652344,0
2003-06-27,86.072998046875,87.12899780273438,85.9489974975586,86.8030014038086,0
2003-06-30,85.75599670410156,86.73400115966797,85.75,86.26599884033203,0
2003-07-01,86.8550033569336,86.90899658203125,84.79199981689453,85.39900207519531,0
2003-07-02,87.52400207519531,87.52400207519531,86.75900268554688,86.95800018310547,0
2003-07-03,86.77400207519531,87.6719970703125,86.69400024414062,87.13899993896484,0
2003-07-07,88.44100189208984,88.7030029296875,87.46800231933594,87.46800231933594,0
2003-07-08,88.87799835205078,89.03700256347656,88.07499694824219,88.1780014038086,0
2003-07-09,89.03199768066406,89.64900207519531,88.6240005493164,88.96199798583984,0
2003-07-10,88.10900115966797,88.76000213623047,87.61900329589844,88.52999877929688,0
2003-07-11,89.3740005493164,89.53299713134766,88.41100311279297,88.41100311279297,0
2003-07-14,91.36399841308594,92.30899810791016,91.01499938964844,91.01499938964844,0
2003-07-15,90.65799713134766,91.76599884033203,90.21299743652344,91.7030029296875,0
2003-07-16,89.5270004272461,91.03500366210938,89.08999633789062,90.9219970703125,0
2003-07-17,88.20999908447266,89.2760009765625,88.01499938964844,88.88899993896484,0
2003-07-18,89.66500091552734,89.66500091552734,88.41999816894531,88.50800323486328,0
2003-07-21,88.53099822998047,89.53800201416016,88.09300231933594,89.53800201416016,0
2003-07-22,89.61000061035156,89.92400360107422,88.24800109863281,88.83899688720703,0
2003-07-23,89.61499786376953,89.74199676513672,88.8949966430664,89.63700103759766,0
2003-07-24,88.71299743652344,90.36199951171875,88.65399932861328,89.93499755859375,0
2003-07-25,90.4990005493164,90.5479965209961,88.60600280761719,89.01899719238281,0
2003-07-28,90.00499725341797,90.43399810791016,89.6240005493164,90.37799835205078,0
2003-07-29,89.51200103759766,90.33899688720703,89.03399658203125,90.06400299072266,0
2003-07-30,89.33599853515625,89.91600036621094,89.16300201416016,89.85299682617188,0
2003-07-31,88.84100341796875,90.39399719238281,88.79499816894531,89.86799621582031,0
2003-08-01,86.90299987792969,88.85299682617188,86.86199951171875,88.85299682617188,0
2003-08-04,87.38800048828125,87.5,85.16000366210938,86.71099853515625,0
2003-08-05,85.71800231933594,87.31300354003906,85.63500213623047,87.17400360107422,0
2003-08-06,86.46499633789062,87.21900177001953,85.66999816894531,85.76599884033203,0
2003-08-07,87.08599853515625,87.14299774169922,85.6500015258789,86.40299987792969,0
2003-08-08,87.60900115966797,87.81099700927734,87.1760025024414,87.41200256347656,0
2003-08-11,87.49500274658203,88.02899932861328,86.89299774169922,87.65399932861328,0
2003-08-12,88.62999725341797,88.62999725341797,87.68900299072266,87.72799682617188,0
2003-08-13,87.99500274658203,88.87200164794922,87.7030029296875,88.87000274658203,0
2003-08-14,88.7760009765625,88.88099670410156,87.60600280761719,88.16000366210938,0
2003-08-15,88.41500091552734,88.66300201416016,88.0999984741211,88.66300201416016,0
2003-08-18,88.50199890136719,88.75399780273438,88.1989974975586,88.62300109863281,0
2003-08-19,88.49700164794922,88.75800323486328,87.73200225830078,88.73100280761719,0
2003-08-20,88.50599670410156,88.80599975585938,88.16999816894531,88.24700164794922,0
2003-08-21,88.26300048828125,89.27799987792969,87.93800354003906,88.71299743652344,0
2003-08-22,86.54100036621094,88.7490005493164,86.41500091552734,88.6709976196289,0
2003-08-25,86.48999786376953,86.62000274658203,85.87000274658203,86.51799774169922,0
2003-08-26,86.71299743652344,86.83999633789062,85.56400299072266,86.16600036621094,0
2003-08-27,86.21900177001953,86.52100372314453,86.14299774169922,86.31900024414062,0
2003-08-28,86.78600311279297,86.95500183105469,85.73899841308594,86.44599914550781,0
2003-08-29,87.27899932861328,87.3280029296875,86.447998046875,86.69000244140625,0
2003-09-02,88.41200256347656,88.5780029296875,87.10600280761719,87.41200256347656,0
2003-09-03,88.5250015258789,88.7490005493164,87.98600006103516,88.48699951171875,0
2003-09-04,88.00399780273438,88.41600036621094,87.63600158691406,88.33899688720703,0
2003-09-05,87.59600067138672,88.5260009765625,87.41300201416016,87.72699737548828,0
2003-09-08,88.197998046875,88.56300354003906,87.78099822998047,87.78099822998047,0
2003-09-09,87.677001953125,87.91300201416016,87.34100341796875,87.89199829101562,0
2003-09-10,86.04299926757812,87.34700012207031,85.83899688720703,87.34700012207031,0
2003-09-11,86.4739990234375,87.0510025024414,86.44000244140625,86.46199798583984,0
2003-09-12,86.81600189208984,87.08999633789062,86.12899780273438,86.36199951171875,0
2003-09-15,86.79900360107422,87.00800323486328,86.3740005493164,86.8499984741211,0
2003-09-16,87.80000305175781,87.8280029296875,86.91100311279297,86.91100311279297,0
2003-09-17,87.92400360107422,88.18199920654297,87.65699768066406,87.65699768066406,0
2003-09-18,90.2969970703125,90.48799896240234,88.27300262451172,88.32099914550781,0
2003-09-19,90.26100158691406,90.50800323486328,89.80799865722656,90.36799621582031,0
2003-09-22,89.17400360107422,89.5530014038086,88.74500274658203,89.5530014038086,0
2003-09-23,89.79299926757812,89.93399810791016,88.97599792480469,89.26499938964844,0
2003-09-24,88.65599822998047,90.04900360107422,88.46600341796875,89.86799621582031,0
2003-09-25,88.12100219726562,89.20999908447266,88.08999633789062,88.80400085449219,0
2003-09-26,87.7239990234375,88.2699966430664,87.46600341796875,88.00599670410156,0
2003-09-29,88.572998046875,88.6760025024414,87.70800018310547,87.7979965209961,0
2003-09-30,87.77200317382812,88.5250015258789,87.2770004272461,88.4219970703125,0
2003-10-01,90.21499633789062,90.21499633789062,88.20899963378906,88.20899963378906,0
2003-10-02,90.08000183105469,90.27400207519531,89.60099792480469,90.06500244140625,0
2003-10-03,90.45999908447266,91.49800109863281,90.3949966430664,90.8479995727539,0
2003-10-06,91.18099975585938,91.54000091552734,90.3030014038086,90.57599639892578,0
2003-10-07,91.9229965209961,91.9489974975586,90.46199798583984,90.84600067138672,0
2003-10-08,91.5530014038086,91.91799926757812,91.28099822998047,91.88899993896484,0
2003-10-09,92.04399871826172,92.875,91.81500244140625,92.0250015258789,0
2003-10-10,92.1500015258789,92.51399993896484,91.90299987792969,92.10900115966797,0
2003-10-13,93.55699920654297,93.59700012207031,92.65899658203125,92.65899658203125,0
2003-10-14,94.125,94.12899780273438,93.28800201416016,93.40299987792969,0
2003-10-15,93.68399810791016,94.27999877929688,93.34100341796875,94.24700164794922,0
2003-10-16,94.0260009765625,94.34200286865234,93.52300262451172,93.62000274658203,0
2003-10-17,93.24299621582031,94.05400085449219,92.85099792480469,93.97699737548828,0
2003-10-20,93.2969970703125,93.43900299072266,92.51100158691406,92.96700286865234,0
2003-10-21,93.06099700927734,93.53600311279297,92.8489990234375,93.21600341796875,0
2003-10-22,92.19499969482422,92.58599853515625,91.8949966430664,92.48799896240234,0
2003-10-23,93.04399871826172,93.27799987792969,91.92900085449219,92.09200286865234,0
2003-10-24,92.73799896240234,92.89199829101562,91.94599914550781,92.7969970703125,0
2003-10-27,92.36399841308594,93.7020034790039,92.16300201416016,93.31199645996094,0
2003-10-28,93.3030014038086,93.3030014038086,92.38500213623047,92.55899810791016,0
2003-10-29,93.74700164794922,93.87300109863281,92.88999938964844,92.99700164794922,0
2003-10-30,94.01200103759766,94.22899627685547,93.43000030517578,94.08899688720703,0
2003-10-31,94.18599700927734,94.49600219726562,93.99400329589844,94.14800262451172,0
2003-11-03,95.12200164794922,95.33200073242188,94.36900329589844,94.4229965209961,0
2003-11-04,94.95700073242188,95.3030014038086,94.45800018310547,94.79199981689453,0
2003-11-05,94.93800354003906,94.96600341796875,94.21600341796875,94.5510025024414,0
2003-11-06,95.50700378417969,95.50900268554688,94.23500061035156,94.76000213623047,0
2003-11-07,94.71700286865234,95.73100280761719,94.6709976196289,95.64099884033203,0
2003-11-10,94.46700286865234,94.83599853515625,94.23799896240234,94.61699676513672,0
2003-11-11,94.38200378417969,94.5780029296875,94.18800354003906,94.22599792480469,0
2003-11-12,94.70700073242188,94.83699798583984,94.28600311279297,94.41200256347656,0
2003-11-13,94.59500122070312,94.83100128173828,94.31999969482422,94.5739974975586,0
2003-11-14,93.60299682617188,94.59300231933594,93.37000274658203,94.5009994506836,0
2003-11-17,93.2979965209961,93.60299682617188,92.48999786376953,93.60299682617188,0
2003-11-18,92.18299865722656,93.4729995727539,92.15299987792969,93.4020004272461,0
2003-11-19,92.7959976196289,92.96199798583984,91.89199829101562,92.12300109863281,0
2003-11-20,92.35399627685547,93.60099792480469,91.89199829101562,92.375,0
2003-11-21,93.05000305175781,93.20500183105469,92.51799774169922,92.6989974975586,0
2003-11-24,93.93199920654297,94.07099914550781,93.4489974975586,93.4489974975586,0
2003-11-25,94.20700073242188,94.5,93.64600372314453,93.94300079345703,0
2003-11-26,94.53399658203125,94.63800048828125,93.88500213623047,94.42400360107422,0
2003-11-28,94.43900299072266,94.74199676513672,94.4219970703125,94.54000091552734,0
2003-12-01,95.30599975585938,95.31300354003906,94.59200286865234,94.76200103759766,0
2003-12-02,95.19599914550781,95.61199951171875,94.89099884033203,95.33999633789062,0
2003-12-03,94.8280029296875,95.375,94.7249984741211,95.25900268554688,0
2003-12-04,94.802001953125,95.02799987792969,94.45700073242188,94.802001953125,0
2003-12-05,93.90899658203125,94.73699951171875,93.72100067138672,94.5780029296875,0
2003-12-08,95.13500213623047,95.19599914550781,93.81400299072266,93.82499694824219,0
2003-12-09,93.93800354003906,95.16400146484375,93.72799682617188,95.16200256347656,0
2003-12-10,93.64399719238281,93.95099639892578,93.16999816894531,93.95099639892578,0
2003-12-11,94.35099792480469,94.62799835205078,93.71499633789062,93.71499633789062,0
2003-12-12,94.48600006103516,94.5999984741211,94.09200286865234,94.40699768066406,0
2003-12-15,93.96600341796875,95.16999816894531,93.9540023803711,95.04299926757812,0
2003-12-16,94.85800170898438,94.96499633789062,93.97000122070312,93.97000122070312,0
2003-12-17,94.6520004272461,94.7490005493164,94.13800048828125,94.71600341796875,0
2003-12-18,95.55699920654297,95.57499694824219,94.35700225830078,94.5989990234375,0
2003-12-19,95.9280014038086,95.93299865722656,95.41699981689453,95.53299713134766,0
2003-12-22,96.11499786376953,96.11499786376953,95.6520004272461,95.74400329589844,0
2003-12-23,96.24700164794922,96.5270004272461,96.00199890136719,96.02100372314453,0
2003-12-24,96.02100372314453,96.28099822998047,96.01699829101562,96.13800048828125,0
2003-12-26,96.1709976196289,96.29399871826172,96.05000305175781,96.11699676513672,0
2003-12-29,97.13800048828125,97.13999938964844,96.427001953125,96.46299743652344,0
2003-12-30,97.37699890136719,97.43699645996094,96.90299987792969,97.08799743652344,0
2003-12-31,97.47799682617188,97.55500030517578,96.90399932861328,97.4530029296875,0
2004-01-02,96.875,97.88700103759766,96.55000305175781,97.58799743652344,0
2004-01-05,97.66999816894531,97.73799896240234,97.0199966430664,97.36399841308594,0
2004-01-06,97.82099914550781,97.88700103759766,97.46399688720703,97.62699890136719,0
2004-01-07,97.75199890136719,97.75199890136719,97.21900177001953,97.73699951171875,0
2004-01-08,98.01599884033203,98.0270004272461,97.43099975585938,97.75900268554688,0
2004-01-09,97.63300323486328,98.50199890136719,97.57099914550781,97.74600219726562,0
2004-01-12,97.62300109863281,97.6760025024414,97.26399993896484,97.48300170898438,0
2004-01-13,96.96900177001953,97.61599731445312,96.3759994506836,97.52999877929688,0
2004-01-14,97.75700378417969,97.79199981689453,97.18399810791016,97.18399810791016,0
2004-01-15,98.51499938964844,99.23999786376953,97.92400360107422,97.94999694824219,0
2004-01-16,98.8290023803711,98.89299774169922,98.35299682617188,98.60600280761719,0
2004-01-20,98.84300231933594,99.13700103759766,98.5,98.88099670410156,0
2004-01-21,100.30400085449219,100.30400085449219,98.5989990234375,98.77799987792969,0
2004-01-22,100.23300170898438,100.81099700927734,100.00599670410156,100.30400085449219,0
2004-01-23,99.85600280761719,100.83000183105469,99.4530029296875,100.3949966430664,0
2004-01-26,101.28600311279297,101.28600311279297,99.54399871826172,99.61799621582031,0
2004-01-27,100.47100067138672,101.30999755859375,100.4229965209961,101.22899627685547,0
2004-01-28,98.7699966430664,101.11399841308594,98.64299774169922,100.70899963378906,0
2004-01-29,99.18599700927734,99.25599670410156,98.03800201416016,99.12300109863281,0
2004-01-30,99.26899719238281,99.62100219726562,98.79399871826172,98.84600067138672,0
2004-02-02,99.32099914550781,100.052001953125,98.927001953125,99.34200286865234,0
2004-02-03,99.125,99.26300048828125,98.66600036621094,99.09300231933594,0
2004-02-04,98.62300109863281,99.19300079345703,98.51599884033203,98.67900085449219,0
2004-02-05,98.33899688720703,98.81600189208984,98.01799774169922,98.62300109863281,0
2004-02-06,99.90299987792969,99.90499877929688,98.46600341796875,98.4729995727539,0
2004-02-09,99.48799896240234,99.90699768066406,99.41200256347656,99.74400329589844,0
2004-02-10,99.53399658203125,99.71099853515625,99.20899963378906,99.41600036621094,0
2004-02-11,100.73300170898438,100.81700134277344,99.00499725341797,99.40899658203125,0
2004-02-12,100.3949966430664,100.79499816894531,100.19300079345703,100.48200225830078,0
2004-02-13,100.2229995727539,101.05799865722656,99.9990005493164,100.47699737548828,0
2004-02-17,100.86900329589844,101.29100036621094,100.64199829101562,100.64199829101562,0
2004-02-18,100.29399871826172,100.88700103759766,100.19499969482422,100.81300354003906,0
2004-02-19,100.35399627685547,101.14600372314453,100.2969970703125,100.64399719238281,0
2004-02-20,99.92400360107422,100.51100158691406,99.48200225830078,100.2969970703125,0
2004-02-23,100.10900115966797,100.4800033569336,99.81800079345703,100.18000030517578,0
2004-02-24,99.9990005493164,100.48600006103516,99.63899993896484,99.93699645996094,0
2004-02-25,100.51799774169922,100.68599700927734,99.91699981689453,100.12699890136719,0
2004-02-26,100.71800231933594,100.79900360107422,100.19100189208984,100.3740005493164,0
2004-02-27,101.18699645996094,101.48699951171875,100.6240005493164,100.75900268554688,0
2004-03-01,101.72899627685547,102.08100128173828,101.40499877929688,101.4729995727539,0
2004-03-02,101.23200225830078,101.89700317382812,101.18699645996094,101.68000030517578,0
2004-03-03,101.80599975585938,102.00800323486328,100.99500274658203,101.08999633789062,0
2004-03-04,101.7760009765625,102.01899719238281,101.6259994506836,101.74700164794922,0
2004-03-05,102.75199890136719,103.36499786376953,101.59300231933594,101.7030029296875,0
2004-03-08,102.36599731445312,103.19300079345703,102.35900115966797,102.69400024414062,0
2004-03-09,101.76799774169922,102.16600036621094,101.4800033569336,102.16600036621094,0
2004-03-10,100.3740005493164,101.75,100.29900360107422,101.66300201416016,0
2004-03-11,98.86100006103516,100.7979965209961,98.802001953125,100.24600219726562,0
2004-03-12,100.02200317382812,100.16699981689453,99.08200073242188,99.08200073242188,0
2004-03-15,98.91999816894531,99.9800033569336,98.72599792480469,99.96499633789062,0
2004-03-16,100.14199829101562,100.2979965209961,99.48300170898438,99.55899810791016,0
2004-03-17,101.32499694824219,101.57599639892578,100.5270004272461,100.53399658203125,0
2004-03-18,101.23600006103516,101.49500274658203,100.48400115966797,100.91300201416016,0
2004-03-19,99.86799621582031,101.28500366210938,99.73200225830078,101.2020034790039,0
2004-03-22,98.62000274658203,99.41000366210938,98.12999725341797,99.41000366210938,0
2004-03-23,98.56999969482422,99.22000122070312,98.48999786376953,99.08999633789062,0
2004-03-24,98.12000274658203,98.6500015258789,97.73999786376953,98.63999938964844,0
2004-03-25,99.37999725341797,99.55999755859375,98.22000122070312,98.55000305175781,0
2004-03-26,99.1500015258789,99.63999938964844,98.94000244140625,99.06999969482422,0
2004-03-29,100.62999725341797,100.79000091552734,99.83999633789062,99.83999633789062,0
2004-03-30,101.0199966430664,101.11000061035156,100.45999908447266,100.62000274658203,0
2004-03-31,100.68000030517578,101.22000122070312,100.47000122070312,101.02999877929688,0
2004-04-01,101.41999816894531,101.69999694824219,100.86000061035156,100.86000061035156,0
2004-04-02,100.19999694824219,102.0999984741211,99.8499984741211,101.87000274658203,0
2004-04-05,100.68000030517578,100.69000244140625,99.66999816894531,100.2699966430664,0
2004-04-06,100.97000122070312,100.97000122070312,100.33000183105469,100.43000030517578,0
2004-04-07,100.36000061035156,100.98999786376953,100.11000061035156,100.98999786376953,0
2004-04-08,100.0,100.93000030517578,99.69000244140625,100.83000183105469,0
2004-04-12,100.69000244140625,100.9800033569336,100.33999633789062,100.33999633789062,0
2004-04-13,98.4800033569336,100.66000366210938,98.25,100.63999938964844,0
2004-04-14,97.16999816894531,98.19000244140625,96.25,97.76000213623047,0
2004-04-15,96.33000183105469,97.45999908447266,95.45999908447266,97.02999877929688,0
2004-04-16,97.37999725341797,97.7300033569336,96.62000274658203,96.62000274658203,0
2004-04-19,97.16999816894531,97.33000183105469,96.73999786376953,97.26000213623047,0
2004-04-20,95.88999938964844,97.58999633789062,95.87999725341797,97.36000061035156,0
2004-04-21,95.91000366210938,96.2699966430664,95.37999725341797,95.8499984741211,0
2004-04-22,97.33999633789062,97.69000244140625,95.87000274658203,95.94999694824219,0
2004-04-23,97.0199966430664,97.22000122070312,96.37000274658203,97.22000122070312,0
2004-04-26,96.83999633789062,97.43000030517578,96.66999816894531,97.08999633789062,0
2004-04-27,97.1500015258789,97.91999816894531,96.91999816894531,96.98999786376953,0
2004-04-28,95.69999694824219,96.93000030517578,95.66000366210938,96.93000030517578,0
2004-04-29,95.44999694824219,96.77999877929688,94.94000244140625,95.94000244140625,0
2004-04-30,95.37999725341797,96.0199966430664,95.23999786376953,95.58000183105469,0
2004-05-03,96.12999725341797,96.1500015258789,95.36000061035156,95.44000244140625,0
2004-05-04,96.72000122070312,97.41999816894531,95.98999786376953,96.0199966430664,0
2004-05-05,96.77999877929688,97.37999725341797,96.5999984741211,96.5999984741211,0
2004-05-06,95.5,96.5,94.97000122070312,96.5,0
2004-05-07,93.23999786376953,95.3499984741211,93.11000061035156,95.16000366210938,0
2004-05-10,91.70999908447266,92.6500015258789,90.62000274658203,92.6500015258789,0
2004-05-11,92.0999984741211,92.30999755859375,91.5199966430664,91.94000244140625,0
2004-05-12,93.31999969482422,93.33999633789062,91.18000030517578,92.12999725341797,0
2004-05-13,93.41999816894531,94.58000183105469,92.94000244140625,92.95999908447266,0
2004-05-14,93.5,94.12999725341797,93.02999877929688,93.52999877929688,0
2004-05-17,92.5199966430664,93.25,92.0,92.69999694824219,0
2004-05-18,93.47000122070312,93.69000244140625,92.83999633789062,92.94999694824219,0
2004-05-19,93.5,95.05000305175781,93.48999786376953,93.91000366210938,0
2004-05-20,94.01000213623047,94.29000091552734,93.51000213623047,93.52999877929688,0
2004-05-21,94.73999786376953,95.19000244140625,94.08000183105469,94.33999633789062,0
2004-05-24,95.01000213623047,95.33999633789062,94.66999816894531,94.95999908447266,0
2004-05-25,96.45999908447266,96.55000305175781,94.4800033569336,94.87999725341797,0
2004-05-26,97.05999755859375,97.20999908447266,96.16999816894531,96.33000183105469,0
2004-05-27,96.97000122070312,97.5999984741211,96.26000213623047,97.45999908447266,0
2004-05-28,96.94999694824219,97.22000122070312,96.7300033569336,97.0,0
2004-06-01,96.91000366210938,97.02999877929688,96.12000274658203,96.83000183105469,0
2004-06-02,97.2300033569336,97.47000122070312,96.47000122070312,97.0999984741211,0
2004-06-03,96.41000366210938,97.0999984741211,96.37999725341797,97.0999984741211,0
2004-06-04,96.94000244140625,97.5199966430664,96.77999877929688,96.87000274658203,0
2004-06-07,98.3499984741211,98.37000274658203,97.44999694824219,97.54000091552734,0
2004-06-08,98.2699966430664,98.33000183105469,97.80000305175781,98.01000213623047,0
2004-06-09,97.25,98.25,97.2300033569336,98.12000274658203,0
2004-06-10,97.75,97.75,97.19999694824219,97.38999938964844,0
2004-06-14,96.25,97.33000183105469,96.19000244140625,97.33000183105469,0
2004-06-15,96.8499984741211,97.41999816894531,96.6500015258789,96.70999908447266,0
2004-06-16,96.77999877929688,97.20999908447266,96.62999725341797,96.91999816894531,0
2004-06-17,96.72000122070312,97.0199966430664,96.30999755859375,96.66000366210938,0
2004-06-18,97.20999908447266,97.55000305175781,96.86000061035156,96.86000061035156,0
2004-06-21,96.94000244140625,97.52999877929688,96.86000061035156,97.33999633789062,0
2004-06-22,96.97000122070312,97.12000274658203,96.41000366210938,96.73999786376953,0
2004-06-23,97.56999969482422,97.66000366210938,96.5999984741211,96.91999816894531,0
2004-06-24,97.5199966430664,98.04000091552734,97.5199966430664,97.81999969482422,0
2004-06-25,96.73999786376953,98.22000122070312,96.73999786376953,97.58999633789062,0
2004-06-28,96.83999633789062,97.63999938964844,96.7300033569336,96.9800033569336,0
2004-06-29,96.27999877929688,96.66000366210938,96.05000305175781,96.66000366210938,0
2004-06-30,96.66999816894531,97.05999755859375,95.9000015258789,96.38999938964844,0
2004-07-01,95.80999755859375,96.8499984741211,95.36000061035156,96.5999984741211,0
2004-07-02,96.06999969482422,96.58000183105469,95.70999908447266,95.83999633789062,0
2004-07-06,95.30000305175781,95.83000183105469,95.06999969482422,95.7300033569336,0
2004-07-07,95.5,95.86000061035156,95.22000122070312,95.2699966430664,0
2004-07-08,94.83000183105469,95.56999969482422,94.75,95.41999816894531,0
2004-07-09,94.7300033569336,95.2300033569336,94.52999877929688,95.0199966430664,0
2004-07-12,95.33999633789062,95.44999694824219,94.80999755859375,94.83999633789062,0
2004-07-13,95.62999725341797,95.72000122070312,95.23999786376953,95.30999755859375,0
2004-07-14,94.98999786376953,95.93000030517578,94.61000061035156,95.37999725341797,0
2004-07-15,94.0199966430664,95.20999908447266,93.87000274658203,95.08999633789062,0
2004-07-16,93.94000244140625,94.76000213623047,93.88999938964844,94.58000183105469,0
2004-07-19,94.55000305175781,94.98999786376953,94.08000183105469,94.12999725341797,0
2004-07-20,94.94999694824219,94.9800033569336,93.75,94.45999908447266,0
2004-07-21,94.37999725341797,95.93000030517578,94.33999633789062,95.13999938964844,0
2004-07-22,94.80000305175781,95.08000183105469,93.55999755859375,94.08999633789062,0
2004-07-23,94.30999755859375,94.79000091552734,94.08000183105469,94.62000274658203,0
2004-07-26,94.18000030517578,94.41999816894531,93.76000213623047,94.30999755859375,0
2004-07-27,94.66999816894531,94.86000061035156,94.06999969482422,94.29000091552734,0
2004-07-28,94.62000274658203,94.9000015258789,93.75,94.54000091552734,0
2004-07-29,95.12000274658203,95.3499984741211,94.6500015258789,94.80999755859375,0
2004-07-30,94.86000061035156,95.08999633789062,94.44000244140625,94.93000030517578,0
2004-08-02,95.4000015258789,95.61000061035156,94.19999694824219,94.37999725341797,0
2004-08-03,94.91999816894531,95.52999877929688,94.77999877929688,95.25,0
2004-08-04,95.16999816894531,95.43000030517578,94.27999877929688,94.56999969482422,0
2004-08-05,93.69000244140625,95.1500015258789,93.61000061035156,95.08999633789062,0
2004-08-06,93.0199966430664,94.0999984741211,92.86000061035156,93.43000030517578,0
2004-08-09,93.08999633789062,93.43000030517578,93.04000091552734,93.13999938964844,0
2004-08-10,94.5,94.5,93.37999725341797,93.38999938964844,0
2004-08-11,94.8499984741211,94.8499984741211,93.86000061035156,94.18000030517578,0
2004-08-12,94.2300033569336,94.8499984741211,94.19999694824219,94.8499984741211,0
2004-08-13,94.29000091552734,94.44000244140625,93.8499984741211,94.36000061035156,0
2004-08-16,95.70999908447266,95.70999908447266,94.37000274658203,94.38999938964844,0
2004-08-17,96.26000213623047,96.54000091552734,95.80999755859375,95.81999969482422,0
2004-08-18,97.16000366210938,97.16000366210938,96.11000061035156,96.12000274658203,0
2004-08-19,96.80000305175781,97.04000091552734,96.33000183105469,96.80000305175781,0
2004-08-20,97.66000366210938,97.75,96.66999816894531,96.7300033569336,0
2004-08-23,97.4800033569336,97.9000015258789,97.37000274658203,97.5999984741211,0
2004-08-24,97.83999633789062,98.05000305175781,97.5,97.79000091552734,0
2004-08-25,98.54000091552734,98.66000366210938,97.75,97.86000061035156,0
2004-08-26,98.6500015258789,98.91000366210938,98.2300033569336,98.4000015258789,0
2004-08-27,98.97000122070312,99.06999969482422,98.41000366210938,98.69999694824219,0
2004-08-30,98.45999908447266,99.0199966430664,98.45999908447266,98.8499984741211,0
2004-08-31,99.16000366210938,99.16000366210938,98.2300033569336,98.66000366210938,0
2004-09-01,98.43000030517578,99.0999984741211,98.01000213623047,98.8499984741211,0
2004-09-02,99.2300033569336,99.3499984741211,98.11000061035156,98.5999984741211,0
2004-09-03,99.12999725341797,99.66999816894531,99.0999984741211,99.29000091552734,0
2004-09-07,99.9000015258789,100.18000030517578,99.37999725341797,99.37999725341797,0
2004-09-08,99.05000305175781,99.86000061035156,99.05000305175781,99.68000030517578,0
2004-09-09,99.13999938964844,99.38999938964844,98.76000213623047,99.30000305175781,0
2004-09-10,99.61000061035156,99.81999969482422,98.9000015258789,99.0,0
2004-09-13,99.33999633789062,99.63999938964844,99.16000366210938,99.58000183105469,0
2004-09-14,99.48999786376953,99.80999755859375,99.26000213623047,99.27999877929688,0
2004-09-15,99.0,99.5,98.9800033569336,99.31999969482422,0
2004-09-16,99.66999816894531,99.87000274658203,99.22000122070312,99.25,0
2004-09-17,99.7699966430664,100.0,99.55999755859375,99.87999725341797,0
2004-09-20,98.48999786376953,99.12999725341797,98.2699966430664,99.05000305175781,0
2004-09-21,99.13999938964844,99.33000183105469,98.38999938964844,98.66999816894531,0
2004-09-22,97.7699966430664,98.30999755859375,97.63999938964844,98.26000213623047,0
2004-09-23,96.75,97.7699966430664,96.75,97.73999786376953,0
2004-09-24,97.41000366210938,97.5999984741211,96.76000213623047,96.83000183105469,0
2004-09-27,96.75,97.41000366210938,96.68000030517578,97.33000183105469,0
2004-09-28,97.41999816894531,97.4800033569336,96.44000244140625,96.73999786376953,0
2004-09-29,97.7300033569336,97.7300033569336,96.70999908447266,97.08999633789062,0
2004-09-30,97.58000183105469,97.77999877929688,97.1500015258789,97.75,0
2004-10-01,99.11000061035156,99.16999816894531,97.87999725341797,97.88999938964844,0
2004-10-04,98.91999816894531,99.47000122070312,98.87000274658203,99.37999725341797,0
2004-10-05,98.80999755859375,99.0999984741211,98.58999633789062,98.8499984741211,0
2004-10-06,99.51000213623047,99.51000213623047,98.79000091552734,98.83999633789062,0
2004-10-07,99.33000183105469,99.68000030517578,99.2300033569336,99.41000366210938,0
2004-10-08,99.16000366210938,99.91000366210938,98.87000274658203,99.36000061035156,0
2004-10-11,99.5,99.6500015258789,99.37999725341797,99.38999938964844,0
2004-10-12,99.30999755859375,99.4800033569336,98.51000213623047,98.87000274658203,0
2004-10-13,98.37000274658203,99.56999969482422,98.05999755859375,99.55000305175781,0
2004-10-14,97.05000305175781,98.5,96.75,98.41999816894531,0
2004-10-15,98.19999694824219,98.66000366210938,97.47000122070312,97.47000122070312,0
2004-10-18,98.62999725341797,98.70999908447266,97.69000244140625,98.12999725341797,0
2004-10-19,97.1500015258789,98.83000183105469,97.05999755859375,98.55000305175781,0
2004-10-20,96.37000274658203,96.62999725341797,95.43000030517578,96.62999725341797,0
2004-10-21,96.55999755859375,97.08000183105469,95.7699966430664,96.36000061035156,0
2004-10-22,95.91000366210938,96.9000015258789,95.86000061035156,96.61000061035156,0
2004-10-25,95.86000061035156,95.97000122070312,95.12999725341797,95.75,0
2004-10-26,97.37000274658203,97.37000274658203,95.93000030517578,95.93000030517578,0
2004-10-27,98.55999755859375,98.6500015258789,96.7300033569336,97.11000061035156,0
2004-10-28,99.08999633789062,99.2699966430664,98.02999877929688,98.30999755859375,0
2004-10-29,99.41999816894531,99.41999816894531,98.62999725341797,98.63999938964844,0
2004-11-01,99.56999969482422,99.76000213623047,99.31999969482422,99.5,0
2004-11-02,99.83999633789062,100.48999786376953,99.41000366210938,99.56999969482422,0
2004-11-03,100.7300033569336,101.05999755859375,100.37000274658203,100.48999786376953,0
2004-11-04,102.6500015258789,102.6500015258789,100.51000213623047,100.7300033569336,0
2004-11-05,102.44999694824219,103.13999938964844,102.06999969482422,102.76000213623047,0
2004-11-08,102.19999694824219,102.4000015258789,102.05000305175781,102.4000015258789,0
2004-11-09,101.91000366210938,102.54000091552734,101.80000305175781,102.25,0
2004-11-10,102.05999755859375,102.05999755859375,100.97000122070312,102.05000305175781,0
2004-11-11,102.98999786376953,103.08000183105469,102.22000122070312,102.22000122070312,0
2004-11-12,103.7300033569336,103.7300033569336,102.58999633789062,102.9000015258789,0
2004-11-15,103.58000183105469,103.72000122070312,103.33000183105469,103.58999633789062,0
2004-11-16,102.58999633789062,103.5,102.58999633789062,103.5,0
2004-11-17,102.66999816894531,103.56999969482422,102.41999816894531,102.79000091552734,0
2004-11-18,102.19000244140625,102.83000183105469,102.0999984741211,102.62000274658203,0
2004-11-19,100.76000213623047,102.27999877929688,100.68000030517578,102.25,0
2004-11-22,101.51000213623047,101.58999633789062,100.63999938964844,100.7699966430664,0
2004-11-23,101.68000030517578,101.7699966430664,101.04000091552734,101.5199966430664,0
2004-11-24,101.93000030517578,102.16000366210938,101.75,101.76000213623047,0
2004-11-26,101.91999816894531,102.23999786376953,101.88999938964844,101.88999938964844,0
2004-11-29,101.44000244140625,102.1500015258789,101.02999877929688,101.94000244140625,0
2004-11-30,101.16999816894531,101.3499984741211,100.72000122070312,101.25,0
2004-12-01,102.94999694824219,102.94999694824219,101.27999877929688,101.27999877929688,0
2004-12-02,102.70999908447266,103.13999938964844,102.56999969482422,102.77999877929688,0
2004-12-03,101.8499984741211,102.48999786376953,101.55999755859375,102.26000213623047,0
2004-12-06,101.88999938964844,102.0,101.37999725341797,101.7699966430664,0
2004-12-07,100.73999786376953,101.9000015258789,100.7300033569336,101.87999725341797,0
2004-12-08,101.11000061035156,101.29000091552734,100.87000274658203,100.94000244140625,0
2004-12-09,101.5,101.62000274658203,100.54000091552734,100.91999816894531,0
2004-12-10,101.51000213623047,101.9000015258789,101.06999969482422,101.36000061035156,0
2004-12-13,102.4800033569336,102.52999877929688,101.80999755859375,101.80999755859375,0
2004-12-14,102.7300033569336,102.93000030517578,102.38999938964844,102.44000244140625,0
2004-12-15,103.18000030517578,103.37000274658203,102.79000091552734,102.81999969482422,0
2004-12-16,102.8499984741211,103.06999969482422,102.33999633789062,103.06999969482422,0
2004-12-17,102.08000183105469,102.69000244140625,102.06999969482422,102.30000305175781,0
2004-12-20,102.33999633789062,103.69999694824219,102.33999633789062,103.1500015258789,0
2004-12-21,103.62000274658203,103.68000030517578,102.48999786376953,102.48999786376953,0
2004-12-22,104.2300033569336,104.36000061035156,103.5199966430664,103.5199966430664,0
2004-12-23,104.41000366210938,104.7699966430664,104.31999969482422,104.31999969482422,0
2004-12-27,103.91000366210938,104.70999908447266,103.91000366210938,104.5199966430664,0
2004-12-28,104.43000030517578,104.55000305175781,103.95999908447266,103.9800033569336,0
2004-12-29,104.12999725341797,104.38999938964844,103.94999694824219,104.2699966430664,0
2004-12-30,104.05999755859375,104.41000366210938,104.04000091552734,104.12000274658203,0
2004-12-31,104.11000061035156,104.61000061035156,104.01000213623047,104.12000274658203,0
2005-01-03,103.52999877929688,104.58000183105469,103.33000183105469,104.38999938964844,0
2005-01-04,102.5199966430664,103.91999816894531,102.25,103.5999984741211,0
2005-01-05,102.25,103.08999633789062,102.23999786376953,102.5199966430664,0
2005-01-06,102.68000030517578,102.94999694824219,102.36000061035156,102.38999938964844,0
2005-01-07,102.08999633789062,102.9800033569336,102.06999969482422,102.69000244140625,0
2005-01-10,102.13999938964844,102.45999908447266,101.73999786376953,101.94999694824219,0
2005-01-11,101.72000122070312,102.16000366210938,101.43000030517578,102.01000213623047,0
2005-01-12,101.12000274658203,101.68000030517578,100.62000274658203,101.63999938964844,0
2005-01-13,99.94000244140625,101.18000030517578,99.83000183105469,101.11000061035156,0
2005-01-14,100.12000274658203,100.30000305175781,99.7300033569336,100.12999725341797,0
2005-01-18,101.86000061035156,101.87999725341797,99.62000274658203,100.1500015258789,0
2005-01-19,100.8499984741211,101.81999969482422,100.83999633789062,101.68000030517578,0
2005-01-20,100.55999755859375,100.9000015258789,100.30000305175781,100.5999984741211,0
2005-01-21,100.08999633789062,100.83999633789062,100.02999877929688,100.55999755859375,0
2005-01-24,100.19000244140625,100.95999908447266,100.16000366210938,100.23999786376953,0
2005-01-25,100.19999694824219,100.81999969482422,100.16000366210938,100.41999816894531,0
2005-01-26,100.48999786376953,100.62999725341797,100.19999694824219,100.33999633789062,0
2005-01-27,100.06999969482422,100.61000061035156,99.80000305175781,100.30000305175781,0
2005-01-28,99.75,100.13999938964844,99.37999725341797,100.0,0
2005-01-31,101.08000183105469,101.11000061035156,100.22000122070312,100.22000122070312,0
2005-02-01,102.08999633789062,102.3499984741211,101.22000122070312,101.26000213623047,92381600
2005-02-02,101.98999786376953,102.04000091552734,101.55999755859375,101.93000030517578,83532800
2005-02-03,102.68000030517578,103.19000244140625,102.30999755859375,103.19000244140625,74970700
2005-02-04,103.63999938964844,103.63999938964844,102.68000030517578,102.68000030517578,71181300
2005-02-07,103.73999786376953,103.87999725341797,103.36000061035156,103.63999938964844,64610700
2005-02-08,103.44999694824219,103.8499984741211,103.33000183105469,103.73999786376953,61887900
2005-02-09,102.63999938964844,103.56999969482422,102.63999938964844,103.44999694824219,58485700
2005-02-10,102.62999725341797,103.12000274658203,102.56999969482422,102.63999938964844,66109100
2005-02-11,102.93000030517578,103.2300033569336,102.22000122070312,102.62999725341797,68274400
2005-02-14,102.97000122070312,103.08000183105469,102.7300033569336,102.93000030517578,57751900
2005-02-15,103.11000061035156,103.16999816894531,102.79000091552734,102.97000122070312,69908600
2005-02-16,102.5199966430664,103.11000061035156,102.30000305175781,103.11000061035156,64404000
2005-02-17,101.58999633789062,102.55999755859375,101.58000183105469,102.5199966430664,84446300
2005-02-18,100.62000274658203,101.58999633789062,100.56999969482422,101.58999633789062,90674400
2005-02-22,99.19999694824219,100.62000274658203,99.19999694824219,100.62000274658203,101721500
2005-02-23,100.26000213623047,100.4800033569336,99.19999694824219,99.19999694824219,80804700
2005-02-24,100.62999725341797,100.81999969482422,100.06999969482422,100.26000213623047,78467400
2005-02-25,101.31999969482422,101.66999816894531,100.37999725341797,100.62999725341797,75722200
2005-02-28,100.61000061035156,101.38999938964844,100.30999755859375,101.31999969482422,88624600
2005-03-01,101.45999908447266,101.83999633789062,100.61000061035156,100.61000061035156,77137100
2005-03-02,101.16999816894531,101.83999633789062,100.73999786376953,101.45999908447266,70510000
2005-03-03,100.87000274658203,101.55999755859375,100.36000061035156,101.16999816894531,65897100
2005-03-04,102.18000030517578,102.48999786376953,100.87000274658203,100.87000274658203,77960900
2005-03-07,102.23999786376953,102.62999725341797,102.12000274658203,102.18000030517578,65799100
2005-03-08,101.87999725341797,102.23999786376953,101.44999694824219,102.23999786376953,74568500
2005-03-09,100.4000015258789,101.87999725341797,100.25,101.87999725341797,98745900
2005-03-10,100.80999755859375,101.20999908447266,100.4000015258789,100.4000015258789,75504100
2005-03-11,100.05000305175781,101.0199966430664,99.7300033569336,100.80999755859375,68786400
2005-03-14,100.88999938964844,100.88999938964844,100.02999877929688,100.05000305175781,73937200
2005-03-15,100.06999969482422,101.41000366210938,100.06999969482422,100.88999938964844,70102100
2005-03-16,99.16999816894531,100.06999969482422,98.98999786376953,100.06999969482422,85136500
2005-03-17,98.44000244140625,98.68000030517578,97.91000366210938,98.43000030517578,0
2005-03-18,98.12999725341797,98.58999633789062,97.58999633789062,98.5199966430664,2685700
2005-03-21,97.2300033569336,98.05000305175781,96.81999969482422,98.04000091552734,2600900
2005-03-22,95.5199966430664,97.62999725341797,95.5199966430664,97.30999755859375,2592800
2005-03-23,95.6500015258789,96.23999786376953,95.12999725341797,95.4800033569336,2640700
2005-03-24,95.30000305175781,96.45999908447266,95.30000305175781,95.76000213623047,2638800
2005-03-28,95.70999908447266,96.30000305175781,95.52999877929688,95.52999877929688,2672600
2005-03-29,95.16999816894531,96.12999725341797,95.08000183105469,95.62999725341797,2621800
2005-03-30,96.44000244140625,96.45999908447266,95.19000244140625,95.19999694824219,2668400
2005-03-31,96.55000305175781,97.19000244140625,96.47000122070312,96.5199966430664,2615400
2005-04-01,95.83999633789062,97.8499984741211,95.33000183105469,96.55000305175781,2603200
2005-04-04,95.91000366210938,96.18000030517578,94.83000183105469,95.75,2639000
2005-04-05,96.33000183105469,96.83000183105469,96.02999877929688,96.12000274658203,2590300
2005-04-06,97.12999725341797,97.52999877929688,96.55999755859375,96.55999755859375,2678800
2005-04-07,97.30000305175781,97.83999633789062,96.94999694824219,97.18000030517578,2607400
2005-04-08,96.58999633789062,97.51000213623047,96.56999969482422,97.41000366210938,2648200
2005-04-11,96.83000183105469,97.06999969482422,96.5,96.70999908447266,2609300
2005-04-12,97.95999908447266,98.29000091552734,96.0999984741211,96.7300033569336,2615500
2005-04-13,96.69999694824219,97.98999786376953,96.44000244140625,97.94000244140625,2598100
2005-04-14,95.36000061035156,96.70999908447266,95.33999633789062,96.69999694824219,2602100
2005-04-15,94.54000091552734,96.12000274658203,94.4800033569336,95.37999725341797,2692800
2005-04-18,95.7300033569336,95.9800033569336,94.77999877929688,94.77999877929688,2669800
2005-04-19,96.13999938964844,96.6500015258789,95.91999816894531,95.98999786376953,2473400
2005-04-20,94.76000213623047,96.20999908447266,94.70999908447266,96.0,2513600
2005-04-21,95.23999786376953,95.5199966430664,93.55000305175781,95.13999938964844,2464600
2005-04-22,95.16000366210938,95.80999755859375,94.38999938964844,94.98999786376953,2483000
2005-04-25,96.23999786376953,96.30000305175781,95.33000183105469,95.3499984741211,2501200
2005-04-26,95.87000274658203,96.76000213623047,95.83000183105469,96.08000183105469,2258000
2005-04-27,97.08999633789062,97.30000305175781,95.37999725341797,95.7300033569336,2605300
2005-04-28,96.11000061035156,97.05000305175781,96.06999969482422,96.83000183105469,2579200
2005-04-29,97.38999938964844,97.4000015258789,95.54000091552734,96.27999877929688,2624700
2005-05-02,97.95999908447266,98.13999938964844,97.01000213623047,97.4800033569336,2593600
2005-05-03,97.93000030517578,98.68000030517578,97.5,97.94999694824219,2622900
2005-05-04,99.26000213623047,99.33000183105469,97.58999633789062,97.94000244140625,2613400
2005-05-05,98.68000030517578,99.61000061035156,97.97000122070312,99.20999908447266,2610900
2005-05-06,97.69000244140625,98.86000061035156,97.55999755859375,98.73999786376953,2625500
2005-05-09,98.55000305175781,98.58000183105469,97.63999938964844,97.63999938964844,2613300
2005-05-10,97.44999694824219,98.16000366210938,97.19000244140625,98.16000366210938,2611600
2005-05-11,97.8499984741211,98.08999633789062,96.94000244140625,97.5,2673500
2005-05-12,97.02999877929688,98.41000366210938,96.91000366210938,97.87999725341797,2642800
2005-05-13,96.37000274658203,97.31999969482422,95.77999877929688,97.08999633789062,2587000
2005-05-16,98.12000274658203,98.19000244140625,96.48999786376953,96.48999786376953,2691600
2005-05-17,98.75,98.87000274658203,97.44999694824219,97.88999938964844,2674400
2005-05-18,100.12999725341797,100.29000091552734,99.0199966430664,99.02999877929688,2680500
2005-05-19,100.02999877929688,100.19999694824219,99.44000244140625,100.12000274658203,2645300
2005-05-20,99.62999725341797,100.0199966430664,99.18000030517578,100.01000213623047,2616400
2005-05-23,99.4800033569336,99.80999755859375,99.33000183105469,99.55999755859375,2611600
2005-05-24,99.18000030517578,99.37000274658203,98.7300033569336,99.19999694824219,2501800
2005-05-25,98.79000091552734,99.0,98.41999816894531,99.0,2581400
2005-05-26,99.19000244140625,99.31999969482422,98.7300033569336,98.93000030517578,2643200
2005-05-27,99.05000305175781,99.29000091552734,98.94000244140625,99.13999938964844,2615200
2005-05-31,98.48999786376953,99.04000091552734,98.48999786376953,99.0199966430664,2621400
2005-06-01,99.4800033569336,100.13999938964844,98.30000305175781,98.3499984741211,2646900
2005-06-02,99.27999877929688,99.4000015258789,97.94000244140625,99.4000015258789,2603900
2005-06-03,98.62000274658203,99.4000015258789,98.48999786376953,99.19999694824219,2655700
2005-06-06,98.66999816894531,98.73999786376953,98.11000061035156,98.5999984741211,2630500
2005-06-07,98.37999725341797,99.48999786376953,98.3499984741211,98.76000213623047,2620100
2005-06-08,98.55000305175781,99.02999877929688,98.47000122070312,98.48999786376953,2632000
2005-06-09,98.52999877929688,98.94000244140625,98.20999908447266,98.4800033569336,2620200
2005-06-10,98.30000305175781,98.72000122070312,97.9000015258789,98.62000274658203,2695000
2005-06-13,98.2300033569336,98.75,97.83000183105469,98.13999938964844,2690700
2005-06-14,98.2699966430664,98.58999633789062,98.06999969482422,98.16000366210938,2617900
2005-06-15,98.9800033569336,98.9800033569336,98.44999694824219,98.45999908447266,2610200
2005-06-16,99.19000244140625,99.30999755859375,98.73999786376953,98.95999908447266,2621500
2005-06-17,99.70999908447266,99.80000305175781,99.23999786376953,99.5999984741211,2630600
2005-06-20,99.62000274658203,99.86000061035156,99.0,99.5,2424600
2005-06-21,99.62000274658203,99.7699966430664,99.25,99.58000183105469,2621100
2005-06-22,99.93000030517578,100.29000091552734,99.76000213623047,99.79000091552734,2681700
2005-06-23,98.77999877929688,99.95999908447266,98.7699966430664,99.91000366210938,2640400
2005-06-24,98.62999725341797,99.13999938964844,98.62000274658203,98.73999786376953,2619100
2005-06-27,98.33999633789062,98.63999938964844,98.20999908447266,98.55000305175781,0
2005-06-28,99.3499984741211,99.37999725341797,98.4800033569336,98.54000091552734,2621100
2005-06-29,99.47000122070312,99.81999969482422,99.37999725341797,99.4000015258789,2645800
2005-06-30,99.05999755859375,100.45999908447266,99.0199966430664,99.61000061035156,2636200
2005-07-01,98.91000366210938,99.63999938964844,98.7699966430664,99.1500015258789,2611300
2005-07-05,99.47000122070312,99.63999938964844,98.55000305175781,98.9000015258789,2641100
2005-07-06,98.55000305175781,99.41000366210938,98.54000091552734,99.37999725341797,2501000
2005-07-07,98.55999755859375,98.56999969482422,97.45999908447266,98.1500015258789,2491600
2005-07-08,99.61000061035156,99.70999908447266,98.36000061035156,98.5199966430664,2544200
2005-07-11,100.08000183105469,100.22000122070312,99.66999816894531,99.69000244140625,2617300
2005-07-12,100.5,100.77999877929688,99.93000030517578,100.0999984741211,2615900
2005-07-13,101.05999755859375,101.23999786376953,100.58999633789062,100.58999633789062,2566800
2005-07-14,101.51000213623047,101.63999938964844,101.05999755859375,101.12000274658203,2608700
2005-07-15,101.88999938964844,101.9800033569336,101.2300033569336,101.5,2571100
2005-07-18,100.75,101.55000305175781,100.73999786376953,101.55000305175781,2600000
2005-07-19,100.58000183105469,101.04000091552734,100.4000015258789,100.87999725341797,2614000
2005-07-20,101.23999786376953,101.47000122070312,100.47000122070312,100.61000061035156,2693000
2005-07-21,100.88999938964844,101.33999633789062,100.6500015258789,101.19999694824219,2586100
2005-07-22,101.41999816894531,101.41999816894531,100.70999908447266,101.01000213623047,2619400
2005-07-25,101.0999984741211,101.7300033569336,100.97000122070312,101.45999908447266,0
2005-07-26,101.26000213623047,101.44000244140625,101.04000091552734,101.20999908447266,0
2005-07-27,100.80000305175781,101.23999786376953,100.52999877929688,101.23999786376953,0
2005-07-28,100.91000366210938,101.0999984741211,100.58999633789062,100.77999877929688,0
2005-07-29,99.87999725341797,100.88999938964844,99.83999633789062,100.8499984741211,0
2005-08-01,100.08999633789062,100.4000015258789,99.9000015258789,99.9000015258789,0
2005-08-02,100.66000366210938,100.69999694824219,100.16000366210938,100.16000366210938,0
2005-08-03,100.66999816894531,100.66999816894531,100.18000030517578,100.6500015258789,0
2005-08-04,99.94999694824219,100.62999725341797,99.77999877929688,100.62999725341797,0
2005-08-05,98.87999725341797,99.93000030517578,98.7699966430664,99.93000030517578,0
2005-08-08,98.58000183105469,99.16000366210938,98.48999786376953,98.91999816894531,0
2005-08-09,98.97000122070312,99.33000183105469,98.66999816894531,98.68000030517578,0
2005-08-10,98.61000061035156,99.88999938964844,98.38999938964844,99.0199966430664,0
2005-08-11,99.19000244140625,99.19999694824219,98.45999908447266,98.62999725341797,0
2005-08-12,98.88999938964844,99.26000213623047,98.47000122070312,99.16000366210938,0
2005-08-15,99.63999938964844,99.8499984741211,98.54000091552734,98.87000274658203,0
2005-08-16,99.0999984741211,100.0,99.05999755859375,99.63999938964844,0
2005-08-17,99.16999816894531,99.63999938964844,98.80999755859375,99.06999969482422,0
2005-08-18,99.36000061035156,99.55000305175781,98.8499984741211,99.16000366210938,0
2005-08-19,99.6500015258789,99.94000244140625,99.45999908447266,99.45999908447266,0
2005-08-22,99.91000366210938,100.36000061035156,99.44999694824219,99.69000244140625,0
2005-08-23,99.05999755859375,99.88999938964844,98.91999816894531,99.88999938964844,0
2005-08-24,98.08999633789062,99.37999725341797,98.08999633789062,99.05999755859375,0
2005-08-25,98.37000274658203,98.5199966430664,98.0,98.0,0
2005-08-26,97.13999938964844,98.41000366210938,97.12999725341797,98.3499984741211,0
2005-08-29,97.87000274658203,98.08000183105469,96.56999969482422,97.08999633789062,0
2005-08-30,97.20999908447266,97.83999633789062,96.7300033569336,97.83999633789062,0
2005-08-31,98.16999816894531,98.16999816894531,96.68000030517578,97.2300033569336,0
2005-09-01,98.52999877929688,99.01000213623047,97.02999877929688,98.12000274658203,0
2005-09-02,98.38999938964844,98.94999694824219,98.37999725341797,98.62000274658203,0
2005-09-06,99.36000061035156,99.52999877929688,98.44999694824219,98.45999908447266,0
2005-09-07,99.26000213623047,99.41000366210938,98.88999938964844,99.33000183105469,0
2005-09-08,98.55000305175781,99.29000091552734,98.37999725341797,99.2699966430664,0
2005-09-09,98.91999816894531,99.2300033569336,98.55000305175781,98.55000305175781,0
2005-09-12,98.80000305175781,99.25,98.63999938964844,98.94999694824219,0
2005-09-13,98.0,98.80999755859375,97.9800033569336,98.80999755859375,0
2005-09-14,97.80000305175781,98.22000122070312,97.73999786376953,97.98999786376953,0
2005-09-15,97.47000122070312,97.80000305175781,97.20999908447266,97.68000030517578,0
2005-09-16,99.31999969482422,99.33000183105469,97.61000061035156,97.61000061035156,0
2005-09-19,98.31999969482422,99.29000091552734,98.06999969482422,99.29000091552734,0
2005-09-20,97.75,99.23999786376953,97.56999969482422,98.33000183105469,0
2005-09-21,96.19999694824219,97.7300033569336,96.16999816894531,97.7300033569336,0
2005-09-22,96.55999755859375,96.7300033569336,95.30000305175781,96.18000030517578,0
2005-09-23,96.7300033569336,97.05999755859375,96.05000305175781,96.55000305175781,0
2005-09-26,96.23999786376953,97.30999755859375,96.12000274658203,96.8499984741211,0
2005-09-27,96.23999786376953,96.6500015258789,95.87999725341797,96.25,0
2005-09-28,95.5999984741211,96.5999984741211,95.30000305175781,96.31999969482422,0
2005-09-29,96.76000213623047,96.7699966430664,95.05000305175781,95.58000183105469,0
2005-09-30,96.1500015258789,96.79000091552734,95.94000244140625,96.76000213623047,0
2005-10-03,96.2300033569336,96.75,95.94999694824219,96.1500015258789,0
2005-10-04,95.05999755859375,96.83999633789062,95.0199966430664,96.25,0
2005-10-05,94.54000091552734,95.41999816894531,94.4800033569336,95.05000305175781,0
2005-10-06,94.91999816894531,95.62999725341797,94.29000091552734,94.55000305175781,0
2005-10-07,95.12000274658203,95.51000213623047,94.88999938964844,94.95999908447266,0
2005-10-10,94.25,95.19000244140625,94.22000122070312,95.13999938964844,0
2005-10-11,93.66000366210938,94.52999877929688,93.5,94.23999786376953,0
2005-10-12,93.2699966430664,94.29000091552734,92.86000061035156,93.56999969482422,0
2005-10-13,93.95999908447266,94.04000091552734,92.94000244140625,93.16999816894531,0
2005-10-14,95.2300033569336,95.26000213623047,94.04000091552734,94.04000091552734,0
2005-10-17,95.0999984741211,95.93000030517578,94.55999755859375,95.30999755859375,0
2005-10-18,94.55999755859375,95.38999938964844,94.55000305175781,95.06999969482422,0
2005-10-19,96.45999908447266,96.48999786376953,94.02999877929688,94.55000305175781,0
2005-10-20,95.87000274658203,97.16999816894531,95.41999816894531,96.47000122070312,0
2005-10-21,96.4000015258789,96.81999969482422,95.94000244140625,95.97000122070312,0
2005-10-24,97.81999969482422,97.81999969482422,96.4800033569336,96.4800033569336,0
2005-10-25,97.33000183105469,97.94999694824219,96.77999877929688,97.80000305175781,0
2005-10-26,97.70999908447266,98.33999633789062,97.05999755859375,97.12000274658203,0
2005-10-27,97.44000244140625,98.19000244140625,97.44000244140625,97.45999908447266,0
2005-10-28,99.23999786376953,99.23999786376953,97.80000305175781,97.80000305175781,0
2005-10-31,99.5,99.94000244140625,99.26000213623047,99.41000366210938,0
2005-11-01,99.0199966430664,99.47000122070312,98.75,99.36000061035156,0
2005-11-02,99.68000030517578,99.94000244140625,98.94000244140625,98.94000244140625,0
2005-11-03,99.29000091552734,99.91999816894531,99.05000305175781,99.8499984741211,0
2005-11-04,99.80000305175781,99.83000183105469,99.2699966430664,99.70999908447266,0
2005-11-07,100.73999786376953,100.73999786376953,99.98999786376953,100.16000366210938,0
2005-11-08,100.33000183105469,100.4800033569336,100.05000305175781,100.20999908447266,0
2005-11-09,101.0199966430664,101.29000091552734,100.29000091552734,100.38999938964844,0
2005-11-10,103.11000061035156,103.18000030517578,101.25,101.26000213623047,0
2005-11-11,103.58000183105469,103.6500015258789,102.88999938964844,103.0999984741211,0
2005-11-14,103.26000213623047,103.30000305175781,102.94999694824219,103.0,0
2005-11-15,102.30999755859375,103.22000122070312,102.0199966430664,103.12000274658203,0
2005-11-16,101.87000274658203,102.72000122070312,101.47000122070312,102.69999694824219,0
2005-11-17,103.05000305175781,103.05999755859375,101.61000061035156,101.86000061035156,0
2005-11-18,103.69000244140625,103.87000274658203,102.95999908447266,103.87000274658203,0
2005-11-21,104.22000122070312,104.3499984741211,103.41000366210938,103.51000213623047,0
2005-11-22,104.87999725341797,104.9800033569336,103.48999786376953,103.75,0
2005-11-23,105.58000183105469,106.04000091552734,104.5999984741211,104.63999938964844,0
2005-11-25,105.83999633789062,105.83999633789062,105.55999755859375,105.7300033569336,0
2005-11-28,105.45999908447266,106.19999694824219,105.44999694824219,105.81999969482422,0
2005-11-29,105.31999969482422,105.95999908447266,105.2300033569336,105.5999984741211,0
2005-11-30,103.62000274658203,105.30999755859375,103.55999755859375,105.30999755859375,0
2005-12-01,104.3499984741211,104.79000091552734,104.2300033569336,104.2699966430664,0
2005-12-02,104.47000122070312,104.6500015258789,104.0199966430664,104.0199966430664,0
2005-12-05,104.43000030517578,104.58000183105469,103.52999877929688,104.08000183105469,0
2005-12-06,104.41999816894531,105.62000274658203,104.30999755859375,105.36000061035156,0
2005-12-07,103.41000366210938,104.2300033569336,102.87000274658203,104.20999908447266,0
2005-12-08,103.1500015258789,103.94999694824219,102.7300033569336,103.30000305175781,0
2005-12-09,104.12000274658203,104.7300033569336,103.18000030517578,103.29000091552734,0
2005-12-12,103.63999938964844,104.33000183105469,103.20999908447266,104.27999877929688,0
2005-12-13,105.0,105.4000015258789,103.38999938964844,103.38999938964844,0
2005-12-14,105.77999877929688,105.91000366210938,104.9000015258789,104.9000015258789,0
2005-12-15,105.31999969482422,105.79000091552734,105.19999694824219,105.61000061035156,0
2005-12-16,105.79000091552734,106.2699966430664,105.61000061035156,105.91999816894531,0
2005-12-19,104.91999816894531,105.69000244140625,104.69999694824219,105.2300033569336,0
2005-12-20,104.93000030517578,105.2699966430664,104.66999816894531,105.06999969482422,0
2005-12-21,105.4800033569336,106.12000274658203,105.18000030517578,105.43000030517578,0
2005-12-22,105.8499984741211,105.8499984741211,105.18000030517578,105.6500015258789,0
2005-12-23,105.98999786376953,106.12000274658203,105.86000061035156,106.0,0
2005-12-27,105.11000061035156,106.55000305175781,105.11000061035156,106.18000030517578,0
2005-12-28,104.69999694824219,105.26000213623047,104.68000030517578,105.08000183105469,0
2005-12-29,104.31999969482422,104.95999908447266,104.27999877929688,104.69999694824219,0
2005-12-30,103.83999633789062,104.19999694824219,103.41999816894531,103.93000030517578,0
2006-01-03,105.54000091552734,105.68000030517578,103.19000244140625,104.08999633789062,0
2006-01-04,105.2699966430664,105.87000274658203,104.87999725341797,105.2699966430664,0
2006-01-05,105.54000091552734,105.63999938964844,105.08999633789062,105.16999816894531,0
2006-01-06,105.93000030517578,106.12000274658203,105.0199966430664,105.94999694824219,0
2006-01-09,106.20999908447266,106.37999725341797,105.73999786376953,105.87000274658203,0
2006-01-10,106.02999877929688,106.02999877929688,105.37999725341797,105.8499984741211,0
2006-01-11,106.18000030517578,106.2300033569336,105.75,105.9800033569336,0
2006-01-12,105.16000366210938,105.86000061035156,105.12000274658203,105.8499984741211,0
2006-01-13,105.4800033569336,105.70999908447266,105.13999938964844,105.47000122070312,0
2006-01-17,104.51000213623047,104.7300033569336,104.19000244140625,104.63999938964844,0
2006-01-18,104.55000305175781,105.2699966430664,103.91000366210938,104.12999725341797,0
2006-01-19,103.55000305175781,104.6500015258789,103.38999938964844,104.62999725341797,0
2006-01-20,101.44000244140625,103.30000305175781,101.37000274658203,103.16000366210938,0
2006-01-23,101.66999816894531,102.20999908447266,101.48999786376953,101.51000213623047,0
2006-01-24,101.9800033569336,102.56999969482422,101.79000091552734,101.98999786376953,0
2006-01-25,102.58999633789062,102.7300033569336,101.91000366210938,102.06999969482422,0
2006-01-26,104.22000122070312,104.66999816894531,103.36000061035156,103.37999725341797,0
2006-01-27,104.16000366210938,104.66999816894531,103.54000091552734,104.0199966430664,0
2006-01-30,103.75,104.16999816894531,103.61000061035156,104.16000366210938,0
2006-01-31,103.36000061035156,103.87000274658203,103.26000213623047,103.73999786376953,0
2006-02-01,103.13999938964844,103.43000030517578,102.62999725341797,103.16999816894531,0
2006-02-02,102.25,102.88999938964844,102.01000213623047,102.87000274658203,0
2006-02-03,101.80000305175781,102.69000244140625,101.2300033569336,101.70999908447266,0
2006-02-06,101.93000030517578,102.08999633789062,101.62999725341797,101.70999908447266,0
2006-02-07,101.58999633789062,102.12000274658203,101.4800033569336,101.87000274658203,0
2006-02-08,102.4000015258789,102.41000366210938,101.45999908447266,101.6500015258789,0
2006-02-09,102.58999633789062,103.31999969482422,102.13999938964844,102.30000305175781,0
2006-02-10,103.18000030517578,103.30000305175781,101.87999725341797,102.55999755859375,0
2006-02-13,102.88999938964844,103.36000061035156,102.4800033569336,102.97000122070312,0
2006-02-14,104.29000091552734,104.69000244140625,102.98999786376953,103.0999984741211,0
2006-02-15,104.93000030517578,105.33000183105469,104.11000061035156,104.20999908447266,0
2006-02-16,105.80000305175781,105.80000305175781,104.7300033569336,104.98999786376953,0
2006-02-17,105.44999694824219,105.80999755859375,104.9800033569336,105.77999877929688,0
2006-02-21,105.06999969482422,105.77999877929688,104.94000244140625,105.5,0
2006-02-22,107.33000183105469,107.44000244140625,105.37999725341797,105.37999725341797,0
2006-02-23,107.0,107.7699966430664,106.38999938964844,107.05000305175781,0
2006-02-24,107.33999633789062,107.5999984741211,106.6500015258789,106.94000244140625,0
2006-02-27,107.26000213623047,107.72000122070312,107.26000213623047,107.2699966430664,0
2006-02-28,106.29000091552734,107.08999633789062,106.01000213623047,106.97000122070312,0
2006-03-01,106.77999877929688,106.8499984741211,106.30000305175781,106.33999633789062,0
2006-03-02,106.11000061035156,106.30999755859375,105.62000274658203,106.25,0
2006-03-03,105.6500015258789,106.33999633789062,105.41000366210938,105.70999908447266,0
2006-03-06,105.20999908447266,105.73999786376953,105.19999694824219,105.62000274658203,0
2006-03-07,105.83000183105469,105.9000015258789,104.80999755859375,104.9000015258789,0
2006-03-08,106.0199966430664,106.23999786376953,105.20999908447266,105.69999694824219,0
2006-03-09,105.18000030517578,106.33999633789062,105.12999725341797,106.04000091552734,0
2006-03-10,106.11000061035156,106.31999969482422,105.18000030517578,105.30000305175781,0
2006-03-13,106.4000015258789,107.05000305175781,106.25,106.4800033569336,0
2006-03-14,107.45999908447266,107.61000061035156,106.30000305175781,106.45999908447266,0
2006-03-15,107.56999969482422,107.73999786376953,106.91000366210938,107.33000183105469,0
2006-03-16,107.93000030517578,108.36000061035156,107.83000183105469,107.9000015258789,0
2006-03-17,108.2300033569336,108.36000061035156,108.01000213623047,108.1500015258789,0
2006-03-20,108.29000091552734,108.37999725341797,107.62999725341797,108.16000366210938,0
2006-03-21,107.61000061035156,108.55000305175781,107.48999786376953,108.16999816894531,0
2006-03-22,108.43000030517578,108.55999755859375,107.44999694824219,107.52999877929688,0
2006-03-23,107.91999816894531,108.2699966430664,107.62000274658203,108.13999938964844,0
2006-03-24,107.87000274658203,108.2300033569336,107.4800033569336,107.8499984741211,0
2006-03-27,107.73999786376953,107.83000183105469,107.36000061035156,107.52999877929688,0
2006-03-28,106.6500015258789,108.05999755859375,106.56999969482422,107.45999908447266,0
2006-03-29,106.70999908447266,107.08000183105469,106.01000213623047,106.7300033569336,0
2006-03-30,106.08999633789062,107.0999984741211,105.88999938964844,106.7300033569336,0
2006-03-31,106.2300033569336,106.80999755859375,106.16000366210938,106.47000122070312,0
2006-04-03,106.2300033569336,106.2300033569336,106.2300033569336,106.2300033569336,0
2006-04-04,107.5199966430664,107.79000091552734,106.29000091552734,106.41000366210938,0
2006-04-05,107.81999969482422,108.02999877929688,107.33999633789062,107.81999969482422,0
2006-04-06,107.55000305175781,107.83000183105469,107.11000061035156,107.72000122070312,0
2006-04-07,106.80000305175781,108.11000061035156,106.47000122070312,107.69000244140625,0
2006-04-10,106.9800033569336,107.6500015258789,106.70999908447266,107.13999938964844,0
2006-04-11,106.2699966430664,107.33000183105469,106.0199966430664,107.16000366210938,0
2006-04-12,106.33000183105469,106.73999786376953,106.11000061035156,106.51000213623047,0
2006-04-13,106.76000213623047,106.93000030517578,106.19999694824219,106.31999969482422,0
2006-04-17,106.69000244140625,107.06999969482422,106.27999877929688,106.72000122070312,0
2006-04-18,108.94999694824219,109.11000061035156,106.77999877929688,106.80000305175781,0
2006-04-19,108.51000213623047,108.91999816894531,108.30999755859375,108.62000274658203,0
2006-04-20,108.61000061035156,109.2699966430664,108.31999969482422,108.33000183105469,0
2006-04-21,108.51000213623047,109.01000213623047,108.16000366210938,109.01000213623047,0
2006-04-24,108.33999633789062,108.5199966430664,107.86000061035156,108.44999694824219,0
2006-04-25,107.88999938964844,108.41000366210938,107.66999816894531,108.33999633789062,0
2006-04-26,108.55000305175781,108.61000061035156,108.0,108.08999633789062,0
2006-04-27,110.69000244140625,111.08999633789062,108.13999938964844,108.16999816894531,0
2006-04-28,112.80000305175781,112.94000244140625,110.7300033569336,110.77999877929688,0
2006-05-01,112.80000305175781,112.80000305175781,112.80000305175781,112.80000305175781,0
2006-05-02,110.73999786376953,110.9000015258789,110.29000091552734,110.29000091552734,0
2006-05-03,111.4000015258789,111.80999755859375,111.31999969482422,111.31999969482422,0
2006-05-04,111.9000015258789,112.16000366210938,111.19000244140625,111.72000122070312,0
2006-05-05,113.29000091552734,113.3499984741211,112.31999969482422,112.31999969482422,0
2006-05-08,112.9800033569336,113.7300033569336,112.88999938964844,113.36000061035156,0
2006-05-09,112.94999694824219,113.1500015258789,112.63999938964844,112.83999633789062,0
2006-05-10,112.87000274658203,113.19000244140625,112.23999786376953,112.62999725341797,0
2006-05-11,111.54000091552734,112.83999633789062,111.0999984741211,112.83999633789062,0
2006-05-12,110.52999877929688,111.70999908447266,110.44999694824219,111.33000183105469,0
2006-05-15,111.33999633789062,111.61000061035156,110.52999877929688,110.52999877929688,0
2006-05-16,111.0999984741211,111.61000061035156,110.73999786376953,111.38999938964844,0
2006-05-17,109.11000061035156,110.26000213623047,108.75,110.23999786376953,0
2006-05-18,108.11000061035156,109.41999816894531,108.08999633789062,109.16000366210938,0
2006-05-19,108.7699966430664,109.33999633789062,108.29000091552734,108.77999877929688,0
2006-05-22,108.94999694824219,109.52999877929688,108.19000244140625,108.55999755859375,0
2006-05-23,108.47000122070312,109.51000213623047,108.43000030517578,109.3499984741211,0
2006-05-24,108.66000366210938,109.38999938964844,107.97000122070312,108.25,0
2006-05-25,109.19999694824219,109.47000122070312,108.54000091552734,109.20999908447266,0
2006-05-26,109.66999816894531,109.76000213623047,109.13999938964844,109.30999755859375,0
2006-05-30,108.08999633789062,109.1500015258789,108.08999633789062,109.13999938964844,0
2006-05-31,108.62000274658203,108.91000366210938,107.68000030517578,108.44999694824219,0
2006-06-01,110.19000244140625,110.2300033569336,108.68000030517578,108.69000244140625,0
2006-06-02,110.72000122070312,111.06999969482422,110.1500015258789,110.5999984741211,0
2006-06-05,108.98999786376953,110.5,108.91999816894531,110.36000061035156,0
2006-06-06,108.81999969482422,109.5,107.79000091552734,109.3499984741211,0
2006-06-07,109.37000274658203,110.26000213623047,108.66000366210938,108.91000366210938,0
2006-06-08,109.94000244140625,110.13999938964844,108.26000213623047,108.87000274658203,0
2006-06-09,109.58999633789062,110.33999633789062,109.3499984741211,109.87000274658203,0
2006-06-12,108.62999725341797,109.70999908447266,108.62000274658203,109.6500015258789,0
2006-06-13,106.62999725341797,108.94999694824219,106.30999755859375,108.30000305175781,0
2006-06-14,105.5,106.95999908447266,104.2300033569336,106.55000305175781,0
2006-06-15,107.52999877929688,107.69999694824219,105.73999786376953,105.94000244140625,0
2006-06-16,106.81999969482422,107.5999984741211,106.55999755859375,107.3499984741211,0
2006-06-19,106.12999725341797,107.5,105.95999908447266,107.19000244140625,0
2006-06-20,106.29000091552734,106.88999938964844,106.12999725341797,106.19999694824219,0
2006-06-21,106.77999877929688,107.2699966430664,106.2300033569336,106.30999755859375,0
2006-06-22,106.47000122070312,106.8499984741211,106.19000244140625,106.66000366210938,0
2006-06-23,105.4800033569336,106.08000183105469,105.06999969482422,105.9000015258789,0
2006-06-26,106.41000366210938,106.47000122070312,105.41000366210938,105.6500015258789,0
2006-06-27,105.33999633789062,106.62000274658203,105.33999633789062,106.30000305175781,0
2006-06-28,106.02999877929688,106.16999816894531,105.4000015258789,105.9000015258789,0
2006-06-29,108.1500015258789,108.22000122070312,106.19999694824219,106.55000305175781,0
2006-06-30,107.3499984741211,108.55000305175781,107.3499984741211,108.4000015258789,0
2006-07-03,108.33000183105469,108.41000366210938,107.5,107.6500015258789,0
2006-07-05,107.25,107.73999786376953,106.95999908447266,107.73999786376953,0
2006-07-06,107.58000183105469,107.91999816894531,107.13999938964844,107.48999786376953,0
2006-07-07,107.36000061035156,108.27999877929688,107.25,107.41999816894531,0
2006-07-10,107.79000091552734,108.04000091552734,107.56999969482422,107.69000244140625,0
2006-07-11,108.05999755859375,108.1500015258789,106.79000091552734,107.4800033569336,0
2006-07-12,106.9000015258789,108.30999755859375,106.83999633789062,108.01000213623047,0
2006-07-13,105.61000061035156,106.76000213623047,105.48999786376953,106.44999694824219,0
2006-07-14,105.87999725341797,106.08999633789062,105.12000274658203,105.83000183105469,0
2006-07-17,106.3499984741211,106.66999816894531,105.22000122070312,105.77999877929688,0
2006-07-18,106.55000305175781,106.97000122070312,105.81999969482422,106.47000122070312,0
2006-07-19,109.73999786376953,109.73999786376953,107.48999786376953,107.48999786376953,0
2006-07-20,109.3499984741211,110.08999633789062,109.19999694824219,109.63999938964844,0
2006-07-21,108.88999938964844,109.4800033569336,108.38999938964844,109.4800033569336,0
2006-07-24,109.87000274658203,109.91000366210938,109.16000366210938,109.16999816894531,0
2006-07-25,110.12000274658203,110.47000122070312,109.45999908447266,109.80999755859375,0
2006-07-26,110.1500015258789,110.5999984741211,109.69999694824219,109.87000274658203,0
2006-07-27,109.16000366210938,110.5999984741211,109.08000183105469,110.37000274658203,0
2006-07-28,111.38999938964844,111.58000183105469,109.69000244140625,109.69999694824219,0
2006-07-31,110.9000015258789,111.04000091552734,110.6500015258789,110.97000122070312,0
2006-08-01,110.9000015258789,111.05000305175781,110.25,110.7699966430664,0
2006-08-02,111.19000244140625,111.37999725341797,110.58000183105469,111.0199966430664,0
2006-08-03,111.91999816894531,112.1500015258789,110.87000274658203,110.87000274658203,0
2006-08-04,112.37000274658203,113.33999633789062,111.91000366210938,112.79000091552734,0
2006-08-07,112.12999725341797,112.4800033569336,111.93000030517578,112.20999908447266,0
2006-08-08,111.5199966430664,112.87999725341797,111.3499984741211,112.55000305175781,0
2006-08-09,110.12999725341797,112.31999969482422,110.05999755859375,112.1500015258789,0
2006-08-10,110.19000244140625,110.27999877929688,109.27999877929688,110.0,0
2006-08-11,109.69000244140625,109.97000122070312,109.16000366210938,109.93000030517578,0
2006-08-14,109.4800033569336,110.52999877929688,109.26000213623047,110.44999694824219,0
2006-08-15,111.30000305175781,111.37999725341797,110.6500015258789,110.6500015258789,0
2006-08-16,111.68000030517578,111.88999938964844,111.13999938964844,111.80000305175781,0
2006-08-17,111.54000091552734,111.66000366210938,111.18000030517578,111.44999694824219,0
2006-08-18,111.69999694824219,111.7699966430664,111.2699966430664,111.72000122070312,0
2006-08-21,111.12999725341797,111.44999694824219,111.0,111.38999938964844,0
2006-08-22,111.12000274658203,111.5199966430664,110.95999908447266,111.12000274658203,0
2006-08-23,110.86000061035156,111.29000091552734,110.62000274658203,111.20999908447266,0
2006-08-24,111.12000274658203,111.30000305175781,110.94000244140625,111.0999984741211,0
2006-08-25,110.2300033569336,110.87999725341797,110.05999755859375,110.86000061035156,0
2006-08-28,111.0,111.2300033569336,110.1500015258789,110.29000091552734,0
2006-08-29,110.58999633789062,110.91000366210938,109.9800033569336,110.91000366210938,0
2006-08-30,110.48999786376953,110.91000366210938,110.36000061035156,110.41000366210938,0
2006-08-31,110.2699966430664,110.61000061035156,110.08000183105469,110.5199966430664,0
2006-09-01,110.48999786376953,110.7699966430664,110.0999984741211,110.63999938964844,0
2006-09-05,110.79000091552734,111.13999938964844,110.41999816894531,110.56999969482422,0
2006-09-06,110.58999633789062,111.0,110.2699966430664,110.37000274658203,0
2006-09-07,109.47000122070312,110.54000091552734,109.37999725341797,110.38999938964844,0
2006-09-08,110.08999633789062,110.20999908447266,109.05999755859375,109.72000122070312,0
2006-09-11,110.08000183105469,110.20999908447266,109.76000213623047,109.97000122070312,0
2006-09-12,111.2300033569336,111.33000183105469,109.95999908447266,110.19000244140625,0
2006-09-13,111.6500015258789,111.8499984741211,110.81999969482422,111.08999633789062,0
2006-09-14,111.69999694824219,111.73999786376953,111.25,111.51000213623047,0
2006-09-15,112.30999755859375,112.58999633789062,112.08000183105469,112.08000183105469,0
2006-09-18,112.06999969482422,112.47000122070312,111.5999984741211,112.01000213623047,0
2006-09-19,112.13999938964844,112.16999816894531,111.58000183105469,112.16999816894531,0
2006-09-20,113.13999938964844,113.33000183105469,112.4000015258789,112.41999816894531,0
2006-09-21,112.48999786376953,113.4800033569336,112.11000061035156,113.19000244140625,0
2006-09-22,112.43000030517578,112.66999816894531,112.05999755859375,112.45999908447266,0
2006-09-25,113.37000274658203,113.66000366210938,112.31999969482422,112.87000274658203,0
2006-09-26,113.66999816894531,113.70999908447266,112.80000305175781,113.37999725341797,0
2006-09-27,113.44000244140625,113.94000244140625,113.19000244140625,113.55000305175781,0
2006-09-28,113.73999786376953,113.86000061035156,113.33999633789062,113.58999633789062,0
2006-09-29,113.25,114.0,113.18000030517578,113.8499984741211,0
2006-10-02,112.83999633789062,113.33999633789062,112.41000366210938,113.33000183105469,0
2006-10-03,113.83000183105469,114.08000183105469,113.0199966430664,113.02999877929688,0
2006-10-04,114.91000366210938,114.91000366210938,113.38999938964844,113.63999938964844,0
2006-10-05,114.69000244140625,114.79000091552734,114.3499984741211,114.63999938964844,0
2006-10-06,114.12000274658203,114.37000274658203,113.81999969482422,114.37000274658203,0
2006-10-09,114.33000183105469,114.36000061035156,113.5199966430664,113.86000061035156,0
2006-10-10,114.27999877929688,114.7300033569336,114.08000183105469,114.54000091552734,0
2006-10-11,114.30000305175781,114.45999908447266,113.5199966430664,113.69999694824219,0
2006-10-12,114.66000366210938,114.83000183105469,114.36000061035156,114.61000061035156,0
2006-10-13,114.69999694824219,114.83999633789062,114.37999725341797,114.62000274658203,0
2006-10-16,114.05000305175781,114.44999694824219,113.83999633789062,114.44999694824219,0
2006-10-17,114.0199966430664,114.2699966430664,113.13999938964844,113.72000122070312,0
2006-10-18,113.9800033569336,114.29000091552734,113.3499984741211,114.2300033569336,0
2006-10-19,113.12999725341797,113.19000244140625,112.66999816894531,113.16000366210938,0
2006-10-20,113.20999908447266,113.37999725341797,112.87000274658203,113.29000091552734,0
2006-10-23,113.83999633789062,113.94000244140625,112.80000305175781,112.80000305175781,0
2006-10-24,113.5999984741211,113.5999984741211,113.01000213623047,113.41999816894531,0
2006-10-25,113.83000183105469,113.91000366210938,113.2300033569336,113.72000122070312,0
2006-10-26,114.3499984741211,114.36000061035156,113.43000030517578,113.80999755859375,0
2006-10-27,113.5199966430664,114.0999984741211,113.45999908447266,113.94999694824219,0
2006-10-30,113.83000183105469,114.11000061035156,113.44000244140625,113.69000244140625,0
2006-10-31,113.80999755859375,114.48999786376953,113.7300033569336,114.23999786376953,0
2006-11-01,113.02999877929688,114.23999786376953,112.93000030517578,114.05999755859375,0
2006-11-02,112.44000244140625,112.83999633789062,112.18000030517578,112.80999755859375,0
2006-11-03,112.22000122070312,113.0,111.98999786376953,112.91000366210938,0
2006-11-06,113.48999786376953,113.52999877929688,112.62000274658203,112.68000030517578,0
2006-11-07,113.7300033569336,114.08000183105469,113.37000274658203,113.48999786376953,0
2006-11-08,114.04000091552734,114.30000305175781,113.47000122070312,113.63999938964844,0
2006-11-09,113.62999725341797,114.01000213623047,113.52999877929688,114.01000213623047,0
2006-11-10,113.91000366210938,114.05999755859375,113.47000122070312,113.62999725341797,0
2006-11-13,113.8499984741211,114.44999694824219,113.47000122070312,113.62999725341797,0
2006-11-14,114.19999694824219,114.44999694824219,113.0999984741211,114.0199966430664,0
2006-11-15,113.8499984741211,114.33999633789062,113.66000366210938,114.13999938964844,0
2006-11-16,114.55000305175781,114.72000122070312,114.22000122070312,114.26000213623047,0
2006-11-17,114.31999969482422,114.51000213623047,114.12000274658203,114.30999755859375,0
2006-11-20,114.45999908447266,114.62000274658203,114.16999816894531,114.27999877929688,0
2006-11-21,113.91999816894531,114.37999725341797,113.79000091552734,114.3499984741211,0
2006-11-22,113.91999816894531,114.30000305175781,113.62999725341797,113.94999694824219,0
2006-11-24,113.52999877929688,113.83000183105469,113.27999877929688,113.4800033569336,0
2006-11-27,112.25,113.37999725341797,112.16000366210938,113.37000274658203,0
2006-11-28,112.16000366210938,112.44999694824219,111.70999908447266,112.06999969482422,0
2006-11-29,113.08999633789062,113.2300033569336,112.44000244140625,112.54000091552734,0
2006-11-30,112.63999938964844,113.11000061035156,112.04000091552734,113.0999984741211,0
2006-12-01,112.4000015258789,112.93000030517578,111.58000183105469,112.75,0
2006-12-04,114.30999755859375,114.55999755859375,113.33999633789062,113.36000061035156,0
2006-12-05,114.56999969482422,114.61000061035156,113.94000244140625,114.25,0
2006-12-06,114.45999908447266,114.6500015258789,114.19999694824219,114.5199966430664,0
2006-12-07,114.1500015258789,114.94000244140625,114.05999755859375,114.56999969482422,0
2006-12-08,114.16000366210938,114.5199966430664,113.5999984741211,113.91999816894531,0
2006-12-11,114.95999908447266,115.06999969482422,114.27999877929688,114.31999969482422,0
2006-12-12,115.30999755859375,115.43000030517578,114.58000183105469,114.63999938964844,0
2006-12-13,115.69000244140625,115.80000305175781,115.33999633789062,115.58000183105469,0
2006-12-14,116.43000030517578,116.52999877929688,115.41999816894531,115.62999725341797,0
2006-12-15,117.08999633789062,117.2300033569336,116.80000305175781,116.80999755859375,0
2006-12-18,117.44000244140625,117.62000274658203,117.0199966430664,117.13999938964844,0
2006-12-19,117.47000122070312,117.66000366210938,117.0,117.25,0
2006-12-20,117.7699966430664,117.83000183105469,117.45999908447266,117.4800033569336,0
2006-12-21,117.7300033569336,118.13999938964844,117.52999877929688,117.95999908447266,0
2006-12-22,117.30000305175781,117.83999633789062,117.04000091552734,117.83999633789062,0
2006-12-26,118.12999725341797,118.2300033569336,117.30999755859375,117.30999755859375,0
2006-12-27,118.9800033569336,119.05000305175781,118.5,118.56999969482422,0
2006-12-28,118.5199966430664,118.95999908447266,118.2300033569336,118.88999938964844,0
2006-12-29,117.5199966430664,118.43000030517578,117.31999969482422,118.30000305175781,0
2007-01-03,117.88999938964844,118.66999816894531,117.20999908447266,117.77999877929688,0
2007-01-04,117.80999755859375,118.02999877929688,117.0199966430664,117.7699966430664,0
2007-01-05,116.63999938964844,117.44999694824219,116.36000061035156,117.4000015258789,0
2007-01-08,116.88999938964844,117.0,115.77999877929688,116.41000366210938,0
2007-01-09,116.73999786376953,117.47000122070312,116.05000305175781,117.19999694824219,0
2007-01-10,116.7699966430664,116.86000061035156,116.1500015258789,116.31999969482422,0
2007-01-11,116.91999816894531,117.13999938964844,116.61000061035156,116.80999755859375,0
2007-01-12,117.0,117.19000244140625,116.66000366210938,116.77999877929688,0
2007-01-16,117.23999786376953,117.26000213623047,116.80000305175781,117.16000366210938,0
2007-01-17,116.83000183105469,117.33999633789062,116.61000061035156,117.18000030517578,0
2007-01-18,117.05000305175781,117.54000091552734,116.83999633789062,116.91999816894531,0
2007-01-19,117.16000366210938,117.37999725341797,116.79000091552734,117.16999816894531,0
2007-01-22,117.02999877929688,117.33999633789062,116.81999969482422,117.11000061035156,0
2007-01-23,117.16999816894531,117.29000091552734,116.55000305175781,117.0199966430664,0
2007-01-24,117.95999908447266,117.95999908447266,117.16999816894531,117.30999755859375,0
2007-01-25,116.7699966430664,117.9800033569336,116.62999725341797,117.88999938964844,0
2007-01-26,116.98999786376953,117.08999633789062,116.4000015258789,116.87999725341797,0
2007-01-29,116.38999938964844,116.87999725341797,116.25,116.72000122070312,0
2007-01-30,117.05999755859375,117.06999969482422,116.19999694824219,116.51000213623047,0
2007-01-31,117.9000015258789,118.13999938964844,116.54000091552734,116.79000091552734,0
2007-02-01,118.23999786376953,118.37999725341797,117.8499984741211,117.98999786376953,0
2007-02-02,118.55000305175781,118.70999908447266,118.18000030517578,118.38999938964844,0
2007-02-05,118.41999816894531,118.70999908447266,117.98999786376953,118.43000030517578,0
2007-02-06,119.05000305175781,119.33000183105469,118.48999786376953,118.48999786376953,0
2007-02-07,119.44999694824219,119.58000183105469,119.04000091552734,119.1500015258789,0
2007-02-08,118.86000061035156,118.9800033569336,118.37000274658203,118.75,0
2007-02-09,118.18000030517578,119.23999786376953,117.79000091552734,119.05000305175781,0
2007-02-12,118.4800033569336,118.69999694824219,118.2300033569336,118.52999877929688,0
2007-02-13,119.44999694824219,119.4800033569336,118.66999816894531,118.66999816894531,0
2007-02-14,120.13999938964844,120.44000244140625,119.44999694824219,119.52999877929688,0
2007-02-15,120.29000091552734,120.58999633789062,120.06999969482422,120.25,0
2007-02-16,120.5199966430664,120.55999755859375,120.18000030517578,120.22000122070312,0
2007-02-20,121.05999755859375,121.16000366210938,120.16999816894531,120.5999984741211,0
2007-02-21,120.69000244140625,120.88999938964844,120.38999938964844,120.56999969482422,0
2007-02-22,120.5999984741211,120.93000030517578,120.11000061035156,120.87000274658203,0
2007-02-23,119.61000061035156,120.6500015258789,119.0199966430664,120.62999725341797,0
2007-02-26,118.91000366210938,119.87999725341797,118.37000274658203,119.87999725341797,0
2007-02-27,115.06999969482422,118.3499984741211,114.26000213623047,118.30999755859375,0
2007-02-28,115.5,116.2699966430664,114.33999633789062,115.12000274658203,0
2007-03-01,115.36000061035156,115.80999755859375,113.30000305175781,113.72000122070312,0
2007-03-02,114.36000061035156,115.41999816894531,114.30000305175781,114.83999633789062,0
2007-03-05,112.5,114.33000183105469,112.43000030517578,114.33000183105469,0
2007-03-06,114.68000030517578,114.9000015258789,112.5,112.51000213623047,87798800
2007-03-07,113.63999938964844,114.69000244140625,113.61000061035156,114.68000030517578,63405800
2007-03-08,114.4800033569336,115.38999938964844,113.66000366210938,113.66000366210938,62534400
2007-03-09,114.56999969482422,115.2300033569336,114.19999694824219,114.4800033569336,56101200
2007-03-12,114.48999786376953,114.61000061035156,113.91999816894531,114.55999755859375,45890800
2007-03-13,110.76000213623047,114.4800033569336,110.7300033569336,114.4800033569336,115367000
2007-03-14,111.44999694824219,111.69999694824219,109.08999633789062,110.77999877929688,119806700
2007-03-15,112.52999877929688,113.19999694824219,111.29000091552734,111.43000030517578,80195400
2007-03-16,111.98999786376953,113.30999755859375,111.69000244140625,112.51000213623047,0
2007-03-19,113.1500015258789,113.3499984741211,111.98999786376953,111.98999786376953,57247400
2007-03-20,114.08999633789062,114.2300033569336,113.0199966430664,113.13999938964844,54156000
2007-03-21,116.8499984741211,117.2300033569336,113.75,114.08000183105469,78302000
2007-03-22,115.87000274658203,116.86000061035156,115.6500015258789,116.86000061035156,64413800
2007-03-23,116.05000305175781,116.62999725341797,115.72000122070312,115.88999938964844,49650400
2007-03-26,115.69999694824219,116.05000305175781,114.5,116.05000305175781,53695800
2007-03-27,114.87000274658203,115.68000030517578,114.69999694824219,115.68000030517578,59222400
2007-03-28,113.38999938964844,114.83000183105469,113.19000244140625,114.83000183105469,73881400
2007-03-29,114.3499984741211,114.62000274658203,113.4000015258789,113.4000015258789,55313400
2007-03-30,113.86000061035156,114.83999633789062,112.91000366210938,114.33999633789062,67192400
2007-04-02,112.1500015258789,113.86000061035156,111.70999908447266,113.86000061035156,82558600
2007-04-03,113.63999938964844,113.83999633789062,112.16999816894531,112.16999816894531,69275800
2007-04-04,113.16999816894531,113.80000305175781,112.94000244140625,113.6500015258789,55478800
2007-04-05,113.5199966430664,113.66999816894531,112.76000213623047,113.16000366210938,48441400
2007-04-09,113.11000061035156,113.55000305175781,112.77999877929688,113.5199966430664,47185800
2007-04-10,113.47000122070312,113.5999984741211,113.05000305175781,113.0999984741211,55890400
2007-04-11,112.51000213623047,113.5,112.29000091552734,113.47000122070312,72926000
2007-04-12,112.33000183105469,112.51000213623047,111.62000274658203,112.51000213623047,60096800
2007-04-13,113.13999938964844,113.16000366210938,111.95999908447266,112.33000183105469,63551000
2007-04-16,115.36000061035156,115.8499984741211,113.1500015258789,113.1500015258789,89728800
2007-04-17,115.30000305175781,115.88999938964844,115.05999755859375,115.38999938964844,78265200
2007-04-18,116.97000122070312,117.33000183105469,115.29000091552734,115.30000305175781,103183500
2007-04-19,116.83000183105469,117.18000030517578,116.08000183105469,116.95999908447266,77609800
2007-04-20,117.16000366210938,117.54000091552734,116.62000274658203,116.76000213623047,113916300
2007-04-23,116.16999816894531,117.26000213623047,116.04000091552734,117.2300033569336,61475600
2007-04-24,115.73999786376953,116.31999969482422,115.16999816894531,116.16999816894531,62876200
2007-04-25,117.19999694824219,117.27999877929688,115.73999786376953,115.73999786376953,72919000
2007-04-26,117.04000091552734,117.48999786376953,116.41000366210938,117.20999908447266,67426000
2007-04-27,116.87999725341797,117.12000274658203,116.2300033569336,117.04000091552734,57474000
2007-04-30,116.05999755859375,117.27999877929688,116.04000091552734,116.87999725341797,76257200
2007-05-01,116.29000091552734,116.62999725341797,115.41000366210938,116.06999969482422,64257000
2007-05-02,116.63999938964844,116.83999633789062,116.18000030517578,116.30000305175781,54357000
2007-05-03,117.19999694824219,117.2300033569336,116.52999877929688,116.6500015258789,103894400
2007-05-04,117.37999725341797,117.72000122070312,117.12000274658203,117.19999694824219,51698000
2007-05-07,117.77999877929688,117.9800033569336,117.37000274658203,117.38999938964844,42270600
2007-05-08,117.4000015258789,117.79000091552734,117.05000305175781,117.79000091552734,45066600
2007-05-09,118.16999816894531,118.3499984741211,117.22000122070312,117.38999938964844,61911000
2007-05-10,116.4000015258789,118.16999816894531,116.4000015258789,118.16999816894531,58282600
2007-05-11,117.1500015258789,117.4000015258789,116.37999725341797,116.4000015258789,54418200
2007-05-14,116.41999816894531,117.37999725341797,116.0199966430664,117.1500015258789,49664000
2007-05-15,116.37000274658203,117.55999755859375,116.33999633789062,116.41000366210938,61781000
2007-05-16,117.87000274658203,117.87999725341797,116.36000061035156,116.37000274658203,77207200
2007-05-17,117.69999694824219,117.93000030517578,117.29000091552734,117.87000274658203,55958600
2007-05-18,118.05999755859375,118.33000183105469,117.69999694824219,117.69999694824219,67836200
2007-05-21,117.91000366210938,118.16999816894531,117.43000030517578,118.05999755859375,50214200
2007-05-22,117.93000030517578,118.31999969482422,117.44999694824219,117.91999816894531,57500600
2007-05-23,117.66999816894531,118.44999694824219,117.6500015258789,117.9800033569336,0
2007-05-24,116.79000091552734,118.2300033569336,116.58000183105469,117.70999908447266,0
2007-05-25,117.06999969482422,117.13999938964844,116.44000244140625,116.86000061035156,0
2007-05-29,117.0,117.41000366210938,116.62999725341797,117.08000183105469,0
2007-05-30,117.41999816894531,117.45999908447266,116.31999969482422,116.98999786376953,0
2007-05-31,117.04000091552734,117.81999969482422,116.91000366210938,117.41000366210938,0
2007-06-01,117.62000274658203,117.80000305175781,117.22000122070312,117.22000122070312,0
2007-06-04,117.29000091552734,117.61000061035156,117.16000366210938,117.61000061035156,0
2007-06-05,116.4000015258789,117.27999877929688,116.18000030517578,117.27999877929688,0
2007-06-06,115.3499984741211,116.38999938964844,115.19000244140625,116.37000274658203,60775200
2007-06-07,113.87000274658203,115.38999938964844,113.86000061035156,115.36000061035156,0
2007-06-08,115.2300033569336,115.23999786376953,113.73999786376953,113.87999725341797,0
2007-06-11,115.69000244140625,116.12000274658203,114.80000305175781,115.23999786376953,0
2007-06-12,114.13999938964844,115.7300033569336,114.12999725341797,115.5,0
2007-06-13,116.19999694824219,116.20999908447266,114.66999816894531,114.76000213623047,0
2007-06-14,116.0,116.58999633789062,115.86000061035156,116.20999908447266,0
2007-06-15,116.61000061035156,117.37000274658203,116.02999877929688,116.02999877929688,0
2007-06-18,116.79000091552734,116.97000122070312,116.43000030517578,116.73999786376953,0
2007-06-19,117.30999755859375,117.44000244140625,116.69000244140625,116.77999877929688,0
2007-06-20,115.4800033569336,117.5199966430664,115.44000244140625,117.30999755859375,61821200
2007-06-21,115.56999969482422,115.80000305175781,114.37000274658203,115.47000122070312,0
2007-06-22,113.55999755859375,113.55999755859375,113.55999755859375,113.55999755859375,0
2007-06-25,113.1500015258789,114.77999877929688,112.77999877929688,113.56999969482422,78060400
2007-06-26,113.02999877929688,114.12999725341797,112.91000366210938,113.16000366210938,77944200
2007-06-27,113.83000183105469,113.86000061035156,112.18000030517578,113.0199966430664,0
2007-06-28,113.91000366210938,114.62999725341797,113.0,113.81999969482422,0
2007-06-29,112.88999938964844,114.55000305175781,112.18000030517578,114.01000213623047,0
2007-07-02,114.30000305175781,114.37999725341797,113.11000061035156,113.11000061035156,0
2007-07-03,114.93000030517578,115.31999969482422,114.31999969482422,114.31999969482422,0
2007-07-05,114.23999786376953,114.91000366210938,113.83999633789062,114.91000366210938,0
2007-07-06,114.37000274658203,114.52999877929688,113.69000244140625,114.20999908447266,0
2007-07-09,113.62000274658203,114.37999725341797,113.52999877929688,114.37999725341797,0
2007-07-10,111.52999877929688,113.58000183105469,111.45999908447266,113.58000183105469,0
2007-07-11,111.9800033569336,112.3499984741211,111.19999694824219,111.45999908447266,0
2007-07-12,114.80999755859375,114.81999969482422,112.01000213623047,112.01000213623047,0
2007-07-13,115.05000305175781,115.38999938964844,114.33000183105469,114.77999877929688,0
2007-07-16,114.95999908447266,115.86000061035156,114.75,115.02999877929688,0
2007-07-17,115.45999908447266,116.16000366210938,114.94999694824219,114.94999694824219,0
2007-07-18,113.94000244140625,115.44000244140625,112.69999694824219,115.44000244140625,0
2007-07-19,113.19999694824219,114.72000122070312,112.58999633789062,113.9800033569336,0
2007-07-20,111.47000122070312,113.4800033569336,110.94999694824219,113.16000366210938,0
2007-07-23,111.25,112.37000274658203,111.12999725341797,111.51000213623047,0
2007-07-24,107.94000244140625,111.19999694824219,107.56999969482422,111.19999694824219,0
2007-07-25,108.79000091552734,109.61000061035156,107.20999908447266,107.95999908447266,0
2007-07-26,106.20999908447266,108.77999877929688,104.87000274658203,108.77999877929688,0
2007-07-27,105.56999969482422,107.5999984741211,105.56999969482422,106.20999908447266,132460800
2007-07-30,107.27999877929688,107.7300033569336,104.80999755859375,105.55000305175781,0
2007-07-31,105.12000274658203,108.79000091552734,105.05000305175781,107.2699966430664,0
2007-08-01,103.5199966430664,105.52999877929688,103.5199966430664,105.08999633789062,0
2007-08-02,106.16000366210938,107.19999694824219,105.19000244140625,105.79000091552734,0
2007-08-03,102.77999877929688,106.27999877929688,102.63999938964844,106.1500015258789,0
2007-08-06,107.30000305175781,107.30000305175781,101.51000213623047,101.8499984741211,0
2007-08-07,108.19999694824219,109.04000091552734,105.86000061035156,107.29000091552734,0
2007-08-08,110.11000061035156,111.56999969482422,107.5,108.20999908447266,0
2007-08-09,105.76000213623047,109.86000061035156,105.4000015258789,109.86000061035156,0
2007-08-10,105.91999816894531,107.29000091552734,103.81999969482422,105.7699966430664,0
2007-08-13,104.70999908447266,107.5,104.62999725341797,105.97000122070312,0
2007-08-14,102.47000122070312,104.9000015258789,102.37000274658203,104.69999694824219,0
2007-08-15,101.5999984741211,104.8499984741211,101.30999755859375,102.44999694824219,0
2007-08-16,106.41000366210938,106.93000030517578,100.33999633789062,101.41000366210938,0
2007-08-17,110.16999816894531,111.23999786376953,106.45999908447266,106.45999908447266,0
2007-08-20,108.58000183105469,110.83999633789062,106.94000244140625,110.16000366210938,0
2007-08-21,109.02999877929688,110.08000183105469,107.86000061035156,108.41000366210938,0
2007-08-22,109.18000030517578,110.23999786376953,107.58999633789062,109.04000091552734,0
2007-08-23,108.51000213623047,109.66999816894531,107.75,109.16999816894531,0
2007-08-24,109.08999633789062,109.12000274658203,107.52999877929688,108.5,0
2007-08-27,107.68000030517578,109.0999984741211,107.68000030517578,109.0999984741211,0
2007-08-28,104.29000091552734,107.55999755859375,104.26000213623047,107.55999755859375,0
2007-08-29,105.91999816894531,105.93000030517578,103.5999984741211,104.31999969482422,0
2007-08-30,104.6500015258789,105.91000366210938,104.16999816894531,105.91000366210938,0
2007-08-31,106.04000091552734,106.77999877929688,104.69000244140625,104.69000244140625,0
2007-09-04,106.83999633789062,107.52999877929688,105.72000122070312,106.04000091552734,0
2007-09-05,104.79000091552734,106.81999969482422,104.3499984741211,106.81999969482422,0
2007-09-06,104.83999633789062,105.08000183105469,103.61000061035156,104.80999755859375,0
2007-09-07,103.2699966430664,104.77999877929688,102.88999938964844,104.77999877929688,0
2007-09-10,102.97000122070312,104.12999725341797,101.83000183105469,103.4000015258789,0
2007-09-11,104.5,105.1500015258789,103.0,103.0,0
2007-09-12,104.29000091552734,104.81999969482422,103.4800033569336,104.37999725341797,0
2007-09-13,105.62999725341797,105.87000274658203,104.33000183105469,104.33000183105469,0
2007-09-14,106.0,106.12000274658203,104.66000366210938,105.63999938964844,0
2007-09-17,105.61000061035156,105.9800033569336,104.9800033569336,105.9800033569336,0
2007-09-18,110.45999908447266,110.4800033569336,105.54000091552734,105.63999938964844,0
2007-09-19,110.76000213623047,112.19000244140625,110.08000183105469,110.48999786376953,0
2007-09-20,108.66000366210938,110.77999877929688,108.30000305175781,110.77999877929688,0
2007-09-21,108.4800033569336,109.19000244140625,107.81999969482422,108.77999877929688,0
2007-09-24,106.72000122070312,108.45999908447266,106.58999633789062,108.45999908447266,0
2007-09-25,106.30000305175781,106.77999877929688,105.58000183105469,106.70999908447266,0
2007-09-26,106.26000213623047,107.0999984741211,105.7300033569336,106.2699966430664,0
2007-09-27,106.91000366210938,106.98999786376953,106.08000183105469,106.30000305175781,0
2007-09-28,106.0,106.94000244140625,105.76000213623047,106.93000030517578,0
2007-10-01,108.30000305175781,108.52999877929688,105.70999908447266,106.02999877929688,0
2007-10-02,108.83999633789062,109.22000122070312,108.0999984741211,108.3499984741211,0
2007-10-03,109.1500015258789,109.87999725341797,108.44000244140625,108.83000183105469,0
2007-10-04,109.44999694824219,110.04000091552734,109.16000366210938,109.16000366210938,0
2007-10-05,110.5,111.19000244140625,109.55999755859375,109.55999755859375,0
2007-10-08,109.76000213623047,110.4800033569336,109.55999755859375,110.4800033569336,0
2007-10-09,110.16000366210938,110.19000244140625,108.98999786376953,109.7699966430664,0
2007-10-10,108.93000030517578,110.1500015258789,108.51000213623047,110.1500015258789,0
2007-10-11,108.76000213623047,110.23999786376953,108.37000274658203,108.97000122070312,0
2007-10-12,107.97000122070312,109.06999969482422,107.7699966430664,108.73999786376953,0
2007-10-15,106.22000122070312,108.04000091552734,105.4000015258789,108.01000213623047,0
2007-10-16,103.9800033569336,106.22000122070312,103.80999755859375,106.22000122070312,0
2007-10-17,103.87000274658203,105.04000091552734,102.23999786376953,103.9800033569336,0
2007-10-18,102.87000274658203,103.86000061035156,101.80999755859375,103.86000061035156,0
2007-10-19,100.41999816894531,103.0999984741211,100.37999725341797,102.8499984741211,0
2007-10-22,101.18000030517578,101.80000305175781,99.58999633789062,100.43000030517578,0
2007-10-23,101.7699966430664,102.0,100.62999725341797,101.19000244140625,0
2007-10-24,101.18000030517578,101.68000030517578,98.5999984741211,101.68000030517578,0
2007-10-25,100.86000061035156,102.5,99.43000030517578,101.19000244140625,0
2007-10-26,103.5,103.61000061035156,100.7300033569336,100.87999725341797,0
2007-10-29,103.0,104.01000213623047,102.62000274658203,103.54000091552734,0
2007-10-30,102.73999786376953,103.2300033569336,102.05000305175781,102.94000244140625,0
2007-10-31,103.33999633789062,104.04000091552734,101.69000244140625,102.76000213623047,0
2007-11-01,97.80000305175781,103.33000183105469,97.76000213623047,103.33000183105469,0
2007-11-02,96.54000091552734,97.97000122070312,95.02999877929688,97.80000305175781,0
2007-11-05,95.68000030517578,96.51000213623047,94.18000030517578,96.51000213623047,0
2007-11-06,97.58000183105469,97.63999938964844,95.30000305175781,95.68000030517578,0
2007-11-07,91.93000030517578,97.56999969482422,91.87000274658203,97.56999969482422,0
2007-11-08,93.12000274658203,93.44000244140625,90.02999877929688,91.94000244140625,0
2007-11-09,93.61000061035156,95.72000122070312,90.4800033569336,93.02999877929688,0
2007-11-12,94.70999908447266,97.19000244140625,93.63999938964844,93.69000244140625,0
2007-11-13,99.27999877929688,99.33000183105469,94.72000122070312,94.72000122070312,0
2007-11-14,97.69999694824219,100.93000030517578,97.31999969482422,99.2699966430664,0
2007-11-15,94.22000122070312,97.69000244140625,93.55999755859375,97.69000244140625,0
2007-11-16,93.41999816894531,94.58000183105469,92.44000244140625,94.16000366210938,0
2007-11-19,91.19999694824219,93.41000366210938,89.97000122070312,93.41000366210938,0
2007-11-20,90.81999969482422,92.98999786376953,88.30999755859375,91.26000213623047,0
2007-11-21,89.43000030517578,91.47000122070312,88.68000030517578,90.72000122070312,0
2007-11-23,92.2699966430664,92.7300033569336,89.4800033569336,89.4800033569336,0
2007-11-26,88.12000274658203,92.29000091552734,88.04000091552734,92.2699966430664,0
2007-11-27,90.41000366210938,90.83000183105469,88.18000030517578,88.18000030517578,0
2007-11-28,95.18000030517578,95.41000366210938,90.45999908447266,90.45999908447266,0
2007-11-29,94.20999908447266,95.16999816894531,92.76000213623047,95.16999816894531,0
2007-11-30,97.16999816894531,98.70999908447266,94.2300033569336,94.2300033569336,155765000
2007-12-03,96.16999816894531,97.38999938964844,95.76000213623047,97.20999908447266,0
2007-12-04,94.5999984741211,95.43000030517578,94.2300033569336,95.1500015258789,0
2007-12-05,96.0199966430664,96.26000213623047,94.58000183105469,94.62999725341797,0
2007-12-06,97.83999633789062,97.86000061035156,95.0999984741211,95.95999908447266,0
2007-12-07,96.4800033569336,98.37999725341797,96.29000091552734,97.88999938964844,0
2007-12-10,99.1500015258789,99.58000183105469,96.48999786376953,96.48999786376953,0
2007-12-11,93.97000122070312,99.30000305175781,93.87000274658203,99.05000305175781,0
2007-12-12,92.30000305175781,96.47000122070312,90.44999694824219,94.0,0
2007-12-13,91.7699966430664,92.27999877929688,89.61000061035156,92.27999877929688,0
2007-12-14,89.81999969482422,92.08000183105469,89.7699966430664,91.76000213623047,0
2007-12-17,89.0,90.58000183105469,88.38999938964844,89.77999877929688,0
2007-12-18,88.88999938964844,89.55999755859375,87.22000122070312,88.98999786376953,0
2007-12-19,88.79000091552734,90.41000366210938,88.19999694824219,88.87999725341797,101816000
2007-12-20,88.33000183105469,89.63999938964844,87.05000305175781,88.80000305175781,0
2007-12-21,90.16999816894531,90.23999786376953,87.93000030517578,88.37000274658203,186139300
2007-12-24,91.30999755859375,91.7699966430664,90.18000030517578,90.18000030517578,0
2007-12-26,90.83999633789062,91.27999877929688,90.22000122070312,91.27999877929688,0
2007-12-27,88.70999908447266,90.80000305175781,88.5999984741211,90.80000305175781,0
2007-12-28,88.31999969482422,89.48999786376953,87.81999969482422,88.7300033569336,0
2007-12-31,88.5999984741211,89.55000305175781,87.22000122070312,88.29000091552734,0
2008-01-02,86.38999938964844,88.80999755859375,86.1500015258789,88.58999633789062,0
2008-01-03,86.12999725341797,87.36000061035156,86.05999755859375,86.41999816894531,0
2008-01-04,83.25,86.0999984741211,83.02999877929688,86.0999984741211,0
2008-01-07,83.97000122070312,85.11000061035156,82.37999725341797,83.2699966430664,0
2008-01-08,80.58999633789062,84.81999969482422,80.45999908447266,83.9800033569336,0
2008-01-09,82.0199966430664,82.05999755859375,78.4800033569336,80.58999633789062,0
2008-01-10,83.7699966430664,85.19999694824219,79.95999908447266,82.01000213623047,0
2008-01-11,84.04000091552734,85.81999969482422,82.16999816894531,83.73999786376953,0
2008-01-14,84.2300033569336,84.58999633789062,83.0,84.01000213623047,0
2008-01-15,80.69000244140625,84.20999908447266,80.29000091552734,84.20999908447266,0
2008-01-16,82.63999938964844,84.1500015258789,80.66999816894531,80.66999816894531,0
2008-01-17,78.75,82.95999908447266,78.45999908447266,82.6500015258789,0
2008-01-18,77.58999633789062,79.79000091552734,76.31999969482422,78.75,0
2008-01-22,80.13999938964844,82.41000366210938,74.83999633789062,77.52999877929688,0
2008-01-23,86.56999969482422,87.87999725341797,77.83999633789062,80.08999633789062,273961200
2008-01-24,88.18000030517578,88.79000091552734,86.4800033569336,86.61000061035156,0
2008-01-25,86.45999908447266,90.12000274658203,85.33000183105469,88.22000122070312,0
2008-01-28,89.58999633789062,89.6500015258789,85.29000091552734,86.5,0
2008-01-29,91.38999938964844,91.51000213623047,88.87999725341797,89.58999633789062,0
2008-01-30,91.1500015258789,94.5,90.08000183105469,91.4000015258789,0
2008-01-31,94.38999938964844,95.0999984741211,88.47000122070312,91.11000061035156,0
2008-02-01,96.11000061035156,96.48999786376953,94.12000274658203,94.38999938964844,0
2008-02-04,92.16000366210938,95.75,91.80000305175781,95.75,0
2008-02-05,88.7300033569336,92.11000061035156,88.70999908447266,92.11000061035156,0
2008-02-06,88.30999755859375,90.44000244140625,87.56999969482422,88.75,0
2008-02-07,90.08999633789062,90.7300033569336,87.52999877929688,88.30000305175781,0
2008-02-08,88.0199966430664,90.05000305175781,86.61000061035156,90.05000305175781,0
2008-02-11,87.04000091552734,88.02999877929688,86.06999969482422,88.0199966430664,0
2008-02-12,88.33999633789062,89.72000122070312,87.05999755859375,87.05999755859375,0
2008-02-13,88.86000061035156,89.55000305175781,86.87999725341797,88.37999725341797,0
2008-02-14,86.87000274658203,89.04000091552734,86.68000030517578,88.87000274658203,0
2008-02-15,87.52999877929688,87.54000091552734,85.33000183105469,86.87000274658203,0
2008-02-19,86.44999694824219,89.05999755859375,85.66000366210938,87.55999755859375,0
2008-02-20,87.83999633789062,88.30999755859375,85.0999984741211,86.38999938964844,0
2008-02-21,86.16999816894531,88.66999816894531,85.83000183105469,87.83999633789062,0
2008-02-22,87.66999816894531,87.76000213623047,84.43000030517578,86.16000366210938,0
2008-02-25,88.3499984741211,88.68000030517578,85.66999816894531,87.66999816894531,0
2008-02-26,88.44000244140625,89.63999938964844,87.16999816894531,88.31999969482422,111973900
2008-02-27,88.72000122070312,89.91999816894531,87.08999633789062,88.44000244140625,0
2008-02-28,85.6500015258789,88.69999694824219,85.56999969482422,88.69999694824219,0
2008-02-29,82.06999969482422,85.58000183105469,81.66999816894531,85.58000183105469,0
2008-03-03,80.80000305175781,82.06999969482422,79.88999938964844,82.06999969482422,0
2008-03-04,80.26000213623047,80.76000213623047,77.66000366210938,80.76000213623047,0
2008-03-05,79.5199966430664,82.02999877929688,78.79000091552734,80.2699966430664,0
2008-03-06,76.6500015258789,79.47000122070312,76.58999633789062,79.47000122070312,0
2008-03-07,77.08000183105469,79.30000305175781,75.27999877929688,76.62999725341797,0
2008-03-10,75.30999755859375,78.31999969482422,75.01000213623047,77.05999755859375,0
2008-03-11,82.12999725341797,82.12999725341797,75.3499984741211,75.3499984741211,0
2008-03-12,80.08999633789062,84.86000061035156,80.02999877929688,82.0999984741211,0
2008-03-13,80.41000366210938,81.11000061035156,76.54000091552734,80.02999877929688,0
2008-03-14,77.01000213623047,81.70999908447266,76.08000183105469,80.44000244140625,0
2008-03-17,75.81999969482422,77.37999725341797,73.22000122070312,76.95999908447266,0
2008-03-18,81.30999755859375,81.30999755859375,75.9000015258789,75.9000015258789,0
2008-03-19,79.93000030517578,83.66000366210938,79.66999816894531,81.30999755859375,0
2008-03-20,85.8499984741211,86.12999725341797,79.95999908447266,79.95999908447266,0
2008-03-24,86.20999908447266,89.54000091552734,85.80000305175781,85.8499984741211,0
2008-03-25,85.83000183105469,86.62000274658203,84.0999984741211,86.20999908447266,0
2008-03-26,82.38999938964844,85.80000305175781,82.08000183105469,85.80000305175781,0
2008-03-27,80.63999938964844,83.0999984741211,80.30000305175781,82.41000366210938,0
2008-03-28,78.66000366210938,81.44000244140625,78.5199966430664,80.6500015258789,0
2008-03-31,78.94000244140625,80.66999816894531,78.12999725341797,78.6500015258789,0
2008-04-01,84.83999633789062,84.87000274658203,78.9800033569336,78.9800033569336,0
2008-04-02,84.06999969482422,86.4800033569336,83.58000183105469,84.8499984741211,0
2008-04-03,84.31999969482422,84.93000030517578,82.69000244140625,84.05999755859375,0
2008-04-04,82.44999694824219,84.37000274658203,82.23999786376953,84.31999969482422,0
2008-04-07,83.75,85.44999694824219,82.4800033569336,82.4800033569336,0
2008-04-08,81.94999694824219,83.7300033569336,81.5,83.7300033569336,0
2008-04-09,80.45999908447266,82.55999755859375,80.41999816894531,81.91999816894531,100798000
2008-04-10,80.2300033569336,81.56999969482422,79.2300033569336,80.44000244140625,0
2008-04-11,78.91999816894531,81.05000305175781,78.88999938964844,80.19999694824219,0
2008-04-14,75.58000183105469,78.91000366210938,75.41000366210938,78.9000015258789,0
2008-04-15,76.58000183105469,77.94999694824219,75.33999633789062,75.58999633789062,125926100
2008-04-16,79.16999816894531,79.2699966430664,76.62999725341797,76.66999816894531,0
2008-04-17,80.48999786376953,80.81999969482422,77.80000305175781,79.16999816894531,112589900
2008-04-18,81.62999725341797,83.79000091552734,80.55999755859375,80.55999755859375,0
2008-04-21,79.38999938964844,81.62999725341797,79.0199966430664,81.62999725341797,0
2008-04-22,79.30999755859375,79.8499984741211,78.3499984741211,79.36000061035156,0
2008-04-23,78.62999725341797,79.94000244140625,78.04000091552734,79.31999969482422,0
2008-04-24,82.05999755859375,82.51000213623047,78.62999725341797,78.62999725341797,0
2008-04-25,84.08000183105469,84.27999877929688,81.55000305175781,82.05000305175781,0
2008-04-28,84.25,85.08999633789062,83.12999725341797,84.08999633789062,0
2008-04-29,83.61000061035156,84.66000366210938,83.20999908447266,84.25,0
2008-04-30,82.81999969482422,84.58000183105469,82.56999969482422,83.5999984741211,120843300
2008-05-01,86.44999694824219,86.88999938964844,82.72000122070312,82.83999633789062,108474300
2008-05-02,86.29000091552734,88.66999816894531,85.63999938964844,86.45999908447266,0
2008-05-05,85.31999969482422,86.31999969482422,84.9800033569336,86.2699966430664,0
2008-05-06,85.93000030517578,86.51000213623047,83.58000183105469,85.31999969482422,90748600
2008-05-07,82.88999938964844,86.0199966430664,82.70999908447266,85.94000244140625,0
2008-05-08,81.63999938964844,83.25,80.91999816894531,82.9000015258789,0
2008-05-09,81.02999877929688,82.80000305175781,80.77999877929688,81.61000061035156,76491400
2008-05-12,82.68000030517578,82.75,81.04000091552734,81.04000091552734,70032200
2008-05-13,80.91999816894531,82.86000061035156,80.72000122070312,82.68000030517578,78825600
2008-05-14,81.51000213623047,81.97000122070312,80.91999816894531,80.91999816894531,0
2008-05-15,82.5999984741211,82.62000274658203,80.77999877929688,81.5,0
2008-05-16,80.7300033569336,82.5999984741211,80.02999877929688,82.5999984741211,0
2008-05-19,80.4000015258789,82.16999816894531,80.16000366210938,80.72000122070312,75799800
2008-05-20,78.52999877929688,80.4000015258789,78.30000305175781,80.4000015258789,0
2008-05-21,76.72000122070312,78.9800033569336,76.4800033569336,78.5199966430664,0
2008-05-22,77.69000244140625,78.58999633789062,76.48999786376953,76.72000122070312,0
2008-05-23,76.19999694824219,77.69000244140625,76.19999694824219,77.66999816894531,0
2008-05-27,76.94999694824219,77.3499984741211,75.91999816894531,76.20999908447266,90766200
2008-05-28,75.63999938964844,77.12000274658203,74.31999969482422,76.94999694824219,0
2008-05-29,76.83999633789062,77.38999938964844,75.38999938964844,75.62000274658203,0
2008-05-30,75.87000274658203,77.12000274658203,75.69000244140625,76.83999633789062,0
2008-06-02,74.4800033569336,75.87999725341797,73.62000274658203,75.87000274658203,0
2008-06-03,73.55000305175781,75.19999694824219,72.58000183105469,74.4800033569336,0
2008-06-04,72.4800033569336,74.08000183105469,71.94000244140625,73.54000091552734,0
2008-06-05,73.4800033569336,73.80999755859375,72.51000213623047,72.5199966430664,104798600
2008-06-06,69.62000274658203,73.47000122070312,69.51000213623047,73.41999816894531,0
2008-06-09,67.37000274658203,70.02999877929688,66.48999786376953,69.62000274658203,171303200
2008-06-10,68.33000183105469,69.87000274658203,66.76000213623047,67.36000061035156,0
2008-06-11,65.86000061035156,68.66000366210938,65.79000091552734,68.31999969482422,0
2008-06-12,66.52999877929688,68.43000030517578,65.6500015258789,65.86000061035156,0
2008-06-13,66.62999725341797,67.47000122070312,64.7300033569336,66.45999908447266,158977500
2008-06-16,67.58999633789062,68.55000305175781,65.87999725341797,66.63999938964844,0
2008-06-17,65.0999984741211,68.7300033569336,65.05000305175781,67.58000183105469,130353700
2008-06-18,63.209999084472656,65.08999633789062,62.36000061035156,65.08999633789062,0
2008-06-19,63.470001220703125,63.5,61.029998779296875,63.209999084472656,194509400
2008-06-20,62.720001220703125,64.37999725341797,61.11000061035156,63.369998931884766,0
2008-06-23,60.869998931884766,62.9900016784668,60.75,62.75,0
2008-06-24,62.38999938964844,63.22999954223633,60.0099983215332,60.86000061035156,144350600
2008-06-25,62.619998931884766,65.44000244140625,62.290000915527344,62.45000076293945,0
2008-06-26,60.20000076293945,62.52000045776367,60.130001068115234,62.52000045776367,0
2008-06-27,59.27000045776367,60.95000076293945,58.529998779296875,60.209999084472656,0
2008-06-30,58.130001068115234,59.45000076293945,57.63999938964844,59.2599983215332,173125800
2008-07-01,59.25,59.349998474121094,56.43000030517578,58.099998474121094,174337900
2008-07-02,57.97999954223633,61.09000015258789,57.93000030517578,59.2599983215332,0
2008-07-03,57.29999923706055,58.95000076293945,56.619998931884766,58.0,0
2008-07-07,55.16999816894531,58.189998626708984,54.02000045776367,57.29999923706055,0
2008-07-08,59.380001068115234,59.4900016784668,54.619998931884766,55.18000030517578,0
2008-07-09,55.9900016784668,59.9900016784668,55.75,59.369998931884766,0
2008-07-10,55.91999816894531,57.060001373291016,54.779998779296875,55.9900016784668,0
2008-07-11,54.66999816894531,56.279998779296875,53.34000015258789,55.88999938964844,0
2008-07-14,50.0099983215332,56.31999969482422,49.900001525878906,54.599998474121094,0
2008-07-15,48.470001220703125,51.720001220703125,46.52000045776367,50.0,0
2008-07-16,56.84000015258789,56.84000015258789,48.47999954223633,48.47999954223633,0
2008-07-17,62.189998626708984,62.790000915527344,56.86000061035156,56.86000061035156,0
2008-07-18,62.779998779296875,63.939998626708984,60.58000183105469,62.15999984741211,0
2008-07-21,62.13999938964844,65.23999786376953,61.939998626708984,62.75,0
2008-07-22,67.69000244140625,67.98999786376953,58.869998931884766,62.119998931884766,0
2008-07-23,68.38999938964844,71.52999877929688,66.70999908447266,67.69000244140625,0
2008-07-24,63.810001373291016,68.87999725341797,63.45000076293945,68.37999725341797,0
2008-07-25,63.20000076293945,65.30999755859375,61.95000076293945,63.84000015258789,0
2008-07-28,60.33000183105469,64.61000061035156,60.0099983215332,63.20000076293945,0
2008-07-29,65.58000183105469,65.58000183105469,59.88999938964844,60.36000061035156,0
2008-07-30,67.18000030517578,68.47000122070312,64.80999755859375,65.61000061035156,0
2008-07-31,66.1500015258789,67.83000183105469,65.37000274658203,67.12999725341797,0
2008-08-01,67.22000122070312,67.66999816894531,64.76000213623047,66.18000030517578,0
2008-08-04,66.25,67.48999786376953,64.61000061035156,67.2300033569336,0
2008-08-05,69.87999725341797,70.02999877929688,66.27999877929688,66.27999877929688,0
2008-08-06,69.51000213623047,70.19999694824219,67.69999694824219,69.87000274658203,0
2008-08-07,66.02999877929688,69.7699966430664,65.29000091552734,69.5,0
2008-08-08,68.30999755859375,68.95999908447266,65.5999984741211,66.0199966430664,0
2008-08-11,70.47000122070312,71.66000366210938,67.80000305175781,68.30999755859375,0
2008-08-12,65.93000030517578,70.43000030517578,65.30999755859375,70.43000030517578,0
2008-08-13,63.220001220703125,65.94000244140625,62.310001373291016,65.94000244140625,0
2008-08-14,65.22000122070312,65.86000061035156,62.9900016784668,63.22999954223633,0
2008-08-15,66.16999816894531,67.41000366210938,65.2300033569336,65.2300033569336,0
2008-08-18,63.58000183105469,66.16999816894531,63.369998931884766,66.12999725341797,0
2008-08-19,61.41999816894531,63.560001373291016,60.7400016784668,63.560001373291016,0
2008-08-20,62.81999969482422,62.95000076293945,60.04999923706055,61.439998626708984,0
2008-08-21,62.08000183105469,62.779998779296875,61.029998779296875,62.779998779296875,0
2008-08-22,64.04000091552734,64.26000213623047,62.08000183105469,62.08000183105469,0
2008-08-25,61.86000061035156,64.02999877929688,61.79999923706055,64.02999877929688,0
2008-08-26,62.2599983215332,62.88999938964844,61.040000915527344,61.86000061035156,62392200
2008-08-27,63.220001220703125,63.56999969482422,61.7400016784668,62.27000045776367,0
2008-08-28,66.04000091552734,66.04000091552734,63.22999954223633,63.22999954223633,0
2008-08-29,66.02999877929688,66.80999755859375,64.91000366210938,66.02999877929688,0
2008-09-02,67.93000030517578,69.02999877929688,66.06999969482422,66.06999969482422,0
2008-09-03,68.94999694824219,68.98999786376953,66.70999908447266,67.91000366210938,0
2008-09-04,65.66000366210938,68.93000030517578,65.52999877929688,68.93000030517578,0
2008-09-05,68.83000183105469,68.9800033569336,64.4800033569336,65.63999938964844,101016900
2008-09-08,73.5999984741211,74.94000244140625,68.9800033569336,68.9800033569336,0
2008-09-09,69.22000122070312,74.0,69.22000122070312,73.58999633789062,0
2008-09-10,68.23999786376953,70.19000244140625,66.5199966430664,69.20999908447266,0
2008-09-11,70.12000274658203,70.23999786376953,65.4000015258789,68.19999694824219,0
2008-09-12,71.01000213623047,71.75,68.62000274658203,70.08999633789062,0
2008-09-15,65.02999877929688,70.95999908447266,65.02999877929688,70.95999908447266,0
2008-09-16,69.76000213623047,69.94999694824219,63.27000045776367,65.0,0
2008-09-17,64.41000366210938,69.7300033569336,62.86000061035156,69.7300033569336,0
2008-09-18,73.30000305175781,73.86000061035156,58.619998931884766,64.44999694824219,0
2008-09-19,82.55000305175781,83.43000030517578,73.55000305175781,73.55000305175781,0
2008-09-22,73.87999725341797,82.45999908447266,73.87999725341797,82.43000030517578,0
2008-09-23,71.58999633789062,74.80999755859375,71.12999725341797,73.91000366210938,0
2008-09-24,70.4800033569336,72.45999908447266,70.4800033569336,71.62999725341797,0
2008-09-25,72.01000213623047,74.08000183105469,70.55000305175781,70.55000305175781,0
2008-09-26,73.86000061035156,74.16999816894531,68.52999877929688,71.93000030517578,0
2008-09-29,58.47999954223633,73.80999755859375,58.47999954223633,73.80999755859375,0
2008-09-30,67.70999908447266,68.5199966430664,58.560001373291016,58.560001373291016,0
2008-10-01,72.4000015258789,72.73999786376953,66.61000061035156,67.69999694824219,0
2008-10-02,70.11000061035156,72.81999969482422,69.80999755859375,72.41000366210938,0
2008-10-03,67.52999877929688,73.61000061035156,67.37999725341797,70.43000030517578,0
2008-10-06,63.77000045776367,67.51000213623047,60.7599983215332,67.51000213623047,134965800
2008-10-07,56.970001220703125,64.16000366210938,56.970001220703125,63.790000915527344,0
2008-10-08,55.33000183105469,59.689998626708984,54.369998931884766,56.90999984741211,0
2008-10-09,48.75,57.040000915527344,48.63999938964844,55.33000183105469,0
2008-10-10,52.880001068115234,53.939998626708984,46.68000030517578,48.75,0
2008-10-13,55.58000183105469,56.689998626708984,52.59000015258789,52.91999816894531,0
2008-10-14,62.34000015258789,63.130001068115234,55.709999084472656,55.709999084472656,0
2008-10-15,57.83000183105469,62.31999969482422,57.29999923706055,62.31999969482422,0
2008-10-16,59.33000183105469,59.650001525878906,54.099998474121094,57.86000061035156,0
2008-10-17,57.2400016784668,60.380001068115234,57.130001068115234,59.290000915527344,0
2008-10-20,57.900001525878906,58.11000061035156,55.65999984741211,57.220001220703125,0
2008-10-21,57.560001373291016,59.459999084472656,56.619998931884766,57.869998931884766,0
2008-10-22,54.22999954223633,57.529998779296875,52.720001220703125,57.529998779296875,0
2008-10-23,53.439998626708984,54.90999984741211,50.650001525878906,54.279998779296875,105682900
2008-10-24,51.400001525878906,53.40999984741211,50.08000183105469,53.40999984741211,0
2008-10-27,51.119998931884766,54.0,50.849998474121094,51.400001525878906,116508400
2008-10-28,57.77000045776367,57.79999923706055,50.31999969482422,51.16999816894531,0
2008-10-29,55.689998626708984,58.83000183105469,55.22999954223633,57.7400016784668,0
2008-10-30,56.04999923706055,57.439998626708984,54.9900016784668,55.79999923706055,0
2008-10-31,58.529998779296875,58.529998779296875,55.81999969482422,56.099998474121094,0
2008-11-03,58.900001525878906,59.16999816894531,57.86000061035156,58.5099983215332,0
2008-11-04,61.95000076293945,62.08000183105469,58.900001525878906,58.939998626708984,0
2008-11-05,56.540000915527344,61.939998626708984,56.119998931884766,61.939998626708984,0
2008-11-06,53.209999084472656,57.560001373291016,52.91999816894531,56.529998779296875,0
2008-11-07,53.720001220703125,53.81999969482422,51.97999954223633,53.209999084472656,0
2008-11-10,52.15999984741211,54.93000030517578,51.380001068115234,53.72999954223633,0
2008-11-11,51.20000076293945,52.52000045776367,50.33000183105469,52.130001068115234,0
2008-11-12,47.959999084472656,51.369998931884766,47.869998931884766,51.189998626708984,0
2008-11-13,51.130001068115234,51.43000030517578,45.04999923706055,47.93000030517578,0
2008-11-14,48.400001525878906,51.61000061035156,48.11000061035156,51.060001373291016,0
2008-11-17,46.119998931884766,48.43000030517578,45.90999984741211,48.38999938964844,0
2008-11-18,45.68000030517578,47.130001068115234,43.369998931884766,46.08000183105469,0
2008-11-19,40.619998931884766,45.709999084472656,40.56999969482422,45.65999984741211,0
2008-11-20,36.720001220703125,41.029998779296875,36.15999984741211,40.61000061035156,0
2008-11-21,36.90999984741211,37.95000076293945,32.959999084472656,36.72999954223633,0
2008-11-24,43.45000076293945,43.93000030517578,36.91999816894531,36.91999816894531,0
2008-11-25,44.65999984741211,45.5,42.40999984741211,43.4900016784668,0
2008-11-26,46.40999984741211,46.470001220703125,43.16999816894531,44.619998931884766,118383000
2008-11-28,47.869998931884766,47.90999984741211,45.959999084472656,46.41999816894531,74783400
2008-12-01,39.529998779296875,47.83000183105469,39.36000061035156,47.83000183105469,0
2008-12-02,42.630001068115234,42.869998931884766,39.060001373291016,39.58000183105469,0
2008-12-03,44.93000030517578,45.25,40.790000915527344,42.560001373291016,0
2008-12-04,44.34000015258789,47.209999084472656,43.43000030517578,44.900001525878906,0
2008-12-05,47.31999969482422,47.560001373291016,42.93000030517578,44.310001373291016,132306400
2008-12-08,49.93000030517578,50.31999969482422,47.34000015258789,47.34000015258789,144118200
2008-12-09,47.22999954223633,49.91999816894531,46.970001220703125,49.91999816894531,0
2008-12-10,46.7400016784668,47.91999816894531,45.52000045776367,47.22999954223633,0
2008-12-11,42.54999923706055,46.7400016784668,42.369998931884766,46.70000076293945,0
2008-12-12,43.189998626708984,43.5,41.09000015258789,42.5099983215332,0
2008-12-15,41.43000030517578,43.209999084472656,40.709999084472656,43.18000030517578,84107600
2008-12-16,45.72999954223633,45.810001373291016,41.45000076293945,41.45000076293945,0
2008-12-17,44.97999954223633,46.150001525878906,44.36000061035156,45.709999084472656,0
2008-12-18,43.720001220703125,45.83000183105469,43.38999938964844,44.9900016784668,0
2008-12-19,43.31999969482422,44.70000076293945,42.95000076293945,43.720001220703125,0
2008-12-22,41.90999984741211,43.72999954223633,41.619998931884766,43.31999969482422,0
2008-12-23,41.06999969482422,42.33000183105469,41.040000915527344,41.90999984741211,0
2008-12-24,42.09000015258789,42.11000061035156,41.04999923706055,41.08000183105469,0
2008-12-26,41.95000076293945,42.45000076293945,41.4900016784668,42.09000015258789,0
2008-12-29,41.439998626708984,41.97999954223633,40.689998626708984,41.95000076293945,0
2008-12-30,42.939998626708984,43.0,41.459999084472656,41.459999084472656,0
2008-12-31,44.31999969482422,44.66999816894531,42.65999984741211,42.91999816894531,114347900
2009-01-02,45.18000030517578,45.400001525878906,43.29999923706055,44.279998779296875,0
2009-01-05,43.52000045776367,45.18000030517578,43.349998474121094,45.18000030517578,0
2009-01-06,44.11000061035156,44.560001373291016,43.540000915527344,43.540000915527344,0
2009-01-07,41.7599983215332,44.130001068115234,41.59000015258789,44.130001068115234,0
2009-01-08,41.61000061035156,42.22999954223633,41.029998779296875,41.7599983215332,0
2009-01-09,39.849998474121094,41.91999816894531,39.65999984741211,41.619998931884766,0
2009-01-12,37.41999816894531,39.900001525878906,37.0,39.880001068115234,0
2009-01-13,38.099998474121094,38.52000045776367,36.540000915527344,37.400001525878906,0
2009-01-14,35.79999923706055,38.02000045776367,35.619998931884766,38.02000045776367,0
2009-01-15,32.91999816894531,35.81999969482422,31.889999389648438,35.790000915527344,0
2009-01-16,31.559999465942383,34.209999084472656,30.200000762939453,32.95000076293945,0
2009-01-20,25.34000015258789,31.3799991607666,25.329999923706055,31.3700008392334,0
2009-01-21,29.030000686645508,29.100000381469727,25.34000015258789,25.34000015258789,0
2009-01-22,27.309999465942383,29.0,26.389999389648438,29.0,0
2009-01-23,28.440000534057617,28.559999465942383,25.799999237060547,27.290000915527344,0
2009-01-26,27.579999923706055,29.579999923706055,27.190000534057617,28.459999084472656,0
2009-01-27,28.479999542236328,28.610000610351562,27.610000610351562,27.6200008392334,0
2009-01-28,32.58000183105469,32.630001068115234,28.549999237060547,28.549999237060547,0
2009-01-29,29.8799991607666,32.540000915527344,29.799999237060547,32.540000915527344,0
2009-01-30,28.719999313354492,30.799999237060547,28.260000228881836,29.889999389648438,0
2009-02-02,28.520000457763672,28.739999771118164,27.639999389648438,28.700000762939453,0
2009-02-03,27.049999237060547,28.860000610351562,26.540000915527344,28.530000686645508,0
2009-02-04,26.649999618530273,28.15999984741211,26.540000915527344,27.079999923706055,0
2009-02-05,27.1299991607666,28.030000686645508,24.950000762939453,26.65999984741211,0
2009-02-06,30.3700008392334,30.649999618530273,27.139999389648438,27.15999984741211,0
2009-02-09,31.040000915527344,31.790000915527344,30.139999389648438,30.440000534057617,0
2009-02-10,26.739999771118164,31.010000228881836,26.549999237060547,31.010000228881836,0
2009-02-11,28.350000381469727,28.530000686645508,26.75,26.75,0
2009-02-12,27.56999969482422,28.31999969482422,25.770000457763672,28.31999969482422,0
2009-02-13,26.110000610351562,27.559999465942383,26.110000610351562,27.559999465942383,0
2009-02-17,23.489999771118164,26.079999923706055,23.489999771118164,26.079999923706055,205076600
2009-02-18,23.520000457763672,24.1299991607666,22.65999984741211,23.5,0
2009-02-19,21.829999923706055,23.989999771118164,21.780000686645508,23.43000030517578,209444400
2009-02-20,21.700000762939453,22.440000534057617,19.579999923706055,21.81999969482422,0
2009-02-23,21.700000762939453,23.34000015258789,21.440000534057617,21.700000762939453,0
2009-02-24,24.649999618530273,24.649999618530273,21.450000762939453,21.700000762939453,0
2009-02-25,25.25,26.389999389648438,22.780000686645508,24.639999389648438,0
2009-02-26,26.469999313354492,27.989999771118164,25.260000228881836,25.260000228881836,0
2009-02-27,24.15999984741211,26.399999618530273,23.989999771118164,26.399999618530273,0
2009-03-02,22.610000610351562,24.1200008392334,22.549999237060547,24.1200008392334,0
2009-03-03,22.239999771118164,23.459999084472656,21.969999313354492,22.6299991607666,0
2009-03-04,21.510000228881836,23.06999969482422,20.84000015258789,22.260000228881836,0
2009-03-05,18.969999313354492,21.5,18.600000381469727,21.489999771118164,315584400
2009-03-06,18.6200008392334,20.059999465942383,17.75,18.969999313354492,261372900
2009-03-09,19.600000381469727,20.170000076293945,18.260000228881836,18.610000610351562,0
2009-03-10,22.649999618530273,22.649999618530273,19.600000381469727,19.6299991607666,0
2009-03-11,23.34000015258789,24.450000762939453,22.670000076293945,22.68000030517578,0
2009-03-12,25.959999084472656,26.09000015258789,22.729999542236328,23.34000015258789,0
2009-03-13,25.59000015258789,26.389999389648438,24.3799991607666,25.969999313354492,0
2009-03-16,25.549999237060547,27.649999618530273,25.34000015258789,25.610000610351562,476068900
2009-03-17,27.110000610351562,27.110000610351562,24.989999771118164,25.549999237060547,0
2009-03-18,30.1299991607666,30.15999984741211,26.459999084472656,27.09000015258789,0
2009-03-19,27.399999618530273,30.989999771118164,27.229999542236328,30.18000030517578,0
2009-03-20,26.040000915527344,27.520000457763672,25.719999313354492,27.40999984741211,0
2009-03-23,30.8799991607666,31.040000915527344,26.31999969482422,26.31999969482422,0
2009-03-24,28.600000381469727,31.049999237060547,28.59000015258789,30.8700008392334,292249600
2009-03-25,30.010000228881836,30.790000915527344,27.790000915527344,28.920000076293945,0
2009-03-26,30.149999618530273,30.479999542236328,29.170000076293945,30.290000915527344,0
2009-03-27,29.15999984741211,30.5,29.06999969482422,30.079999923706055,0
2009-03-30,26.15999984741211,28.729999542236328,26.110000610351562,28.729999542236328,0
2009-03-31,28.139999389648438,28.530000686645508,26.6200008392334,26.6200008392334,0
2009-04-01,29.15999984741211,29.43000030517578,27.229999542236328,27.899999618530273,0
2009-04-02,29.68000030517578,30.940000534057617,29.1299991607666,29.34000015258789,0
2009-04-03,30.790000915527344,30.790000915527344,28.969999313354492,29.670000076293945,0
2009-04-06,29.610000610351562,30.459999084472656,29.1200008392334,30.459999084472656,0
2009-04-07,28.579999923706055,29.489999771118164,28.520000457763672,29.489999771118164,0
2009-04-08,28.149999618530273,29.030000686645508,27.479999542236328,28.610000610351562,0
2009-04-09,33.810001373291016,33.93000030517578,28.440000534057617,28.440000534057617,0
2009-04-13,36.470001220703125,36.75,32.779998779296875,33.70000076293945,0
2009-04-14,33.5,36.95000076293945,33.369998931884766,36.560001373291016,0
2009-04-15,35.209999084472656,35.369998931884766,32.31999969482422,33.4900016784668,0
2009-04-16,35.959999084472656,36.720001220703125,34.209999084472656,35.27000045776367,0
2009-04-17,37.189998626708984,38.06999969482422,35.119998931884766,35.939998626708984,0
2009-04-20,31.479999542236328,37.189998626708984,31.479999542236328,37.189998626708984,0
2009-04-21,34.040000915527344,34.040000915527344,29.149999618530273,31.31999969482422,0
2009-04-22,32.380001068115234,35.209999084472656,32.220001220703125,34.0099983215332,0
2009-04-23,33.58000183105469,33.84000015258789,32.02000045776367,32.689998626708984,0
2009-04-24,34.54999923706055,35.22999954223633,32.86000061035156,33.7400016784668,0
2009-04-27,32.86000061035156,34.540000915527344,32.70000076293945,34.540000915527344,0
2009-04-28,31.899999618530273,32.790000915527344,31.600000381469727,32.11000061035156,0
2009-04-29,33.5,33.72999954223633,32.16999816894531,32.16999816894531,0
2009-04-30,32.790000915527344,34.31999969482422,32.619998931884766,33.68000030517578,0
2009-05-01,32.130001068115234,33.29999923706055,31.850000381469727,32.779998779296875,0
2009-05-04,36.849998474121094,37.0,32.150001525878906,32.150001525878906,0
2009-05-05,36.2599983215332,36.970001220703125,35.529998779296875,36.59000015258789,0
2009-05-06,40.41999816894531,41.0099983215332,36.27000045776367,36.27000045776367,0
2009-05-07,39.02000045776367,43.400001525878906,38.25,40.66999816894531,0
2009-05-08,43.7400016784668,43.75,39.040000915527344,39.040000915527344,0
2009-05-11,40.63999938964844,43.720001220703125,40.63999938964844,43.720001220703125,0
2009-05-12,38.939998626708984,41.369998931884766,37.81999969482422,40.65999984741211,0
2009-05-13,36.40999984741211,38.310001373291016,36.2599983215332,38.310001373291016,0
2009-05-14,37.77000045776367,38.02000045776367,35.939998626708984,36.38999938964844,0
2009-05-15,36.650001525878906,38.290000915527344,36.349998474121094,37.75,0
2009-05-18,39.40999984741211,39.540000915527344,36.709999084472656,36.709999084472656,237413300
2009-05-19,38.060001373291016,40.08000183105469,38.04999923706055,39.529998779296875,0
2009-05-20,36.9900016784668,39.25,36.619998931884766,38.06999969482422,0
2009-05-21,36.36000061035156,36.880001068115234,35.66999816894531,36.880001068115234,0
2009-05-22,35.68000030517578,36.720001220703125,35.65999984741211,36.36000061035156,0
2009-05-26,37.11000061035156,37.22999954223633,35.58000183105469,35.66999816894531,0
2009-05-27,35.689998626708984,37.380001068115234,35.689998626708984,37.11000061035156,0
2009-05-28,36.720001220703125,36.72999954223633,35.20000076293945,35.68000030517578,0
2009-05-29,37.41999816894531,37.41999816894531,36.290000915527344,36.720001220703125,0
2009-06-01,37.220001220703125,38.08000183105469,36.900001525878906,37.72999954223633,0
2009-06-02,36.68000030517578,37.220001220703125,36.27000045776367,37.220001220703125,0
2009-06-03,36.13999938964844,37.0099983215332,35.849998474121094,36.56999969482422,0
2009-06-04,37.880001068115234,37.88999938964844,36.209999084472656,36.209999084472656,0
2009-06-05,37.06999969482422,38.52000045776367,36.88999938964844,37.88999938964844,0
2009-06-08,37.54999923706055,37.88999938964844,36.86000061035156,37.04999923706055,0
2009-06-09,37.720001220703125,37.900001525878906,37.290000915527344,37.560001373291016,0
2009-06-10,37.2400016784668,37.95000076293945,36.91999816894531,37.72999954223633,0
2009-06-11,38.189998626708984,38.88999938964844,37.459999084472656,37.4900016784668,0
2009-06-12,38.619998931884766,38.75,38.150001525878906,38.150001525878906,0
2009-06-15,37.63999938964844,38.599998474121094,37.54999923706055,38.58000183105469,0
2009-06-16,36.72999954223633,37.869998931884766,36.709999084472656,37.66999816894531,0
2009-06-17,35.52000045776367,36.72999954223633,34.84000015258789,36.72999954223633,0
2009-06-18,36.56999969482422,36.66999816894531,35.52000045776367,35.52000045776367,0
2009-06-19,37.31999969482422,37.43000030517578,36.310001373291016,36.599998474121094,0
2009-06-22,34.84000015258789,37.310001373291016,34.83000183105469,37.310001373291016,0
2009-06-23,35.18000030517578,35.720001220703125,34.56999969482422,34.88999938964844,0
2009-06-24,35.58000183105469,36.150001525878906,35.189998626708984,35.189998626708984,0
2009-06-25,36.2599983215332,36.2599983215332,35.20000076293945,35.369998931884766,0
2009-06-26,36.40999984741211,36.540000915527344,35.70000076293945,36.15999984741211,0
2009-06-29,36.9900016784668,37.04999923706055,36.0099983215332,36.43000030517578,156464100
2009-06-30,36.45000076293945,37.040000915527344,36.13999938964844,36.97999954223633,0
2009-07-01,36.189998626708984,36.630001068115234,36.13999938964844,36.45000076293945,0
2009-07-02,35.099998474121094,36.150001525878906,35.099998474121094,36.150001525878906,94398200
2009-07-06,35.06999969482422,35.45000076293945,34.43000030517578,35.08000183105469,0
2009-07-07,34.810001373291016,35.560001373291016,34.790000915527344,35.060001373291016,0
2009-07-08,34.09000015258789,35.13999938964844,33.20000076293945,34.810001373291016,0
2009-07-09,34.7400016784668,35.16999816894531,34.099998474121094,34.099998474121094,136384900
2009-07-10,34.279998779296875,34.65999984741211,34.09000015258789,34.65999984741211,0
2009-07-13,36.52000045776367,36.52000045776367,34.310001373291016,34.310001373291016,0
2009-07-14,36.40999984741211,36.619998931884766,35.88999938964844,36.52000045776367,0
2009-07-15,37.959999084472656,38.2599983215332,36.41999816894531,36.41999816894531,0
2009-07-16,37.900001525878906,38.220001220703125,37.25,37.959999084472656,0
2009-07-17,37.08000183105469,38.20000076293945,36.709999084472656,37.88999938964844,0
2009-07-20,37.060001373291016,37.540000915527344,36.709999084472656,37.09000015258789,184075100
2009-07-21,35.90999984741211,37.0,35.439998626708984,37.0,0
2009-07-22,36.25,36.720001220703125,35.189998626708984,35.90999984741211,0
2009-07-23,37.31999969482422,37.54999923706055,36.20000076293945,36.20000076293945,0
2009-07-24,37.31999969482422,37.47999954223633,36.61000061035156,37.310001373291016,0
2009-07-27,38.47999954223633,38.5,37.099998474121094,37.310001373291016,0
2009-07-28,38.52000045776367,38.709999084472656,37.970001220703125,38.470001220703125,0
2009-07-29,38.66999816894531,38.93000030517578,38.18000030517578,38.5099983215332,0
2009-07-30,39.9900016784668,40.209999084472656,38.72999954223633,38.72999954223633,0
2009-07-31,40.439998626708984,40.560001373291016,39.619998931884766,39.84000015258789,0
2009-08-03,41.5,41.5,40.45000076293945,40.45000076293945,0
2009-08-04,42.599998474121094,42.689998626708984,40.81999969482422,41.4900016784668,0
2009-08-05,44.11000061035156,44.27000045776367,42.599998474121094,42.599998474121094,0
2009-08-06,43.88999938964844,45.02000045776367,43.310001373291016,44.119998931884766,0
2009-08-07,45.45000076293945,46.459999084472656,43.939998626708984,43.95000076293945,392452800
2009-08-10,45.529998779296875,46.119998931884766,45.0099983215332,45.43000030517578,0
2009-08-11,43.54999923706055,45.529998779296875,43.22999954223633,45.529998779296875,0
2009-08-12,44.36000061035156,44.619998931884766,43.380001068115234,43.52000045776367,0
2009-08-13,45.7400016784668,45.7400016784668,44.36000061035156,44.36000061035156,0
2009-08-14,45.81999969482422,45.900001525878906,44.65999984741211,45.72999954223633,0
2009-08-17,43.7599983215332,45.68000030517578,43.65999984741211,45.68000030517578,0
2009-08-18,44.720001220703125,45.0,43.7599983215332,43.7599983215332,0
2009-08-19,44.650001525878906,45.20000076293945,43.959999084472656,44.65999984741211,0
2009-08-20,45.93000030517578,45.9900016784668,44.65999984741211,44.65999984741211,0
2009-08-21,47.119998931884766,47.43000030517578,45.959999084472656,45.959999084472656,0
2009-08-24,46.369998931884766,48.15999984741211,46.16999816894531,47.119998931884766,0
2009-08-25,46.650001525878906,47.310001373291016,46.380001068115234,46.380001068115234,0
2009-08-26,46.59000015258789,47.09000015258789,45.959999084472656,46.619998931884766,0
2009-08-27,47.209999084472656,47.310001373291016,46.16999816894531,46.58000183105469,0
2009-08-28,47.52000045776367,47.97999954223633,46.97999954223633,47.22999954223633,0
2009-08-31,47.2599983215332,47.47999954223633,46.36000061035156,47.04999923706055,0
2009-09-01,44.529998779296875,47.52000045776367,44.41999816894531,47.2599983215332,0
2009-09-02,43.52000045776367,44.65999984741211,43.470001220703125,44.529998779296875,0
2009-09-03,44.619998931884766,44.720001220703125,43.86000061035156,43.95000076293945,0
2009-09-04,45.2400016784668,45.2400016784668,44.540000915527344,44.77000045776367,0
2009-09-08,45.09000015258789,45.9900016784668,44.81999969482422,45.25,206139700
2009-09-09,45.709999084472656,45.7599983215332,44.849998474121094,45.099998474121094,0
2009-09-10,45.95000076293945,45.95000076293945,44.9900016784668,45.709999084472656,0
2009-09-11,45.41999816894531,45.95000076293945,45.38999938964844,45.939998626708984,0
2009-09-14,45.790000915527344,45.84000015258789,44.650001525878906,45.40999984741211,0
2009-09-15,46.45000076293945,46.93000030517578,45.34000015258789,45.790000915527344,0
2009-09-16,48.31999969482422,48.529998779296875,46.45000076293945,46.45000076293945,0
2009-09-17,47.86000061035156,48.939998626708984,47.61000061035156,48.34000015258789,0
2009-09-18,47.689998626708984,48.15999984741211,47.439998626708984,47.869998931884766,0
2009-09-21,47.459999084472656,47.72999954223633,47.119998931884766,47.65999984741211,0
2009-09-22,48.54999923706055,48.599998474121094,47.459999084472656,47.459999084472656,0
2009-09-23,47.52000045776367,48.7599983215332,47.52000045776367,48.540000915527344,0
2009-09-24,46.529998779296875,47.9900016784668,46.099998474121094,47.529998779296875,0
2009-09-25,46.119998931884766,46.599998474121094,45.70000076293945,46.529998779296875,0
2009-09-28,47.43000030517578,47.439998626708984,46.130001068115234,46.130001068115234,0
2009-09-29,47.2599983215332,48.099998474121094,47.220001220703125,47.439998626708984,0
2009-09-30,47.20000076293945,47.66999816894531,46.540000915527344,47.279998779296875,0
2009-10-01,44.849998474121094,47.16999816894531,44.81999969482422,47.16999816894531,0
2009-10-02,44.81999969482422,45.58000183105469,43.720001220703125,44.849998474121094,0
2009-10-05,46.2599983215332,46.290000915527344,44.84000015258789,44.84000015258789,0
2009-10-06,46.540000915527344,47.279998779296875,45.91999816894531,46.27000045776367,0
2009-10-07,47.08000183105469,47.08000183105469,46.13999938964844,46.529998779296875,0
2009-10-08,46.959999084472656,47.38999938964844,46.810001373291016,47.20000076293945,0
2009-10-09,47.43000030517578,47.45000076293945,46.72999954223633,46.93000030517578,0
2009-10-12,47.88999938964844,47.939998626708984,47.439998626708984,47.58000183105469,0
2009-10-13,47.68000030517578,47.959999084472656,47.13999938964844,47.880001068115234,0
2009-10-14,49.20000076293945,49.279998779296875,47.720001220703125,47.720001220703125,0
2009-10-15,48.86000061035156,49.13999938964844,48.25,49.13999938964844,0
2009-10-16,47.290000915527344,48.79999923706055,47.290000915527344,48.79999923706055,0
2009-10-19,47.04999923706055,47.5,46.63999938964844,47.29999923706055,0
2009-10-20,46.84000015258789,47.400001525878906,46.63999938964844,46.95000076293945,0
2009-10-21,45.720001220703125,47.56999969482422,45.66999816894531,46.83000183105469,0
2009-10-22,47.25,47.45000076293945,45.709999084472656,45.709999084472656,0
2009-10-23,46.47999954223633,47.439998626708984,46.209999084472656,47.25,0
2009-10-26,44.58000183105469,46.470001220703125,44.290000915527344,46.41999816894531,0
2009-10-27,44.130001068115234,44.810001373291016,43.880001068115234,44.59000015258789,0
2009-10-28,42.68000030517578,44.130001068115234,42.619998931884766,44.130001068115234,0
2009-10-29,44.43000030517578,44.45000076293945,42.689998626708984,42.689998626708984,0
2009-10-30,42.22999954223633,44.41999816894531,41.939998626708984,44.41999816894531,0
2009-11-02,42.61000061035156,43.56999969482422,41.43000030517578,42.2400016784668,0
2009-11-03,42.619998931884766,42.79999923706055,41.70000076293945,42.599998474121094,0
2009-11-04,41.709999084472656,43.459999084472656,41.630001068115234,42.849998474121094,0
2009-11-05,42.939998626708984,42.970001220703125,41.72999954223633,41.72999954223633,0
2009-11-06,42.84000015258789,43.0,42.150001525878906,42.91999816894531,126533200
2009-11-09,44.36000061035156,44.36000061035156,42.86000061035156,42.86000061035156,148320900
2009-11-10,43.72999954223633,44.369998931884766,43.369998931884766,44.349998474121094,0
2009-11-11,44.220001220703125,44.900001525878906,43.7400016784668,43.7400016784668,122100500
2009-11-12,43.29999923706055,44.4900016784668,43.2400016784668,44.209999084472656,97743800
2009-11-13,43.13999938964844,43.599998474121094,42.81999969482422,43.310001373291016,105269400
2009-11-16,43.61000061035156,44.31999969482422,43.150001525878906,43.150001525878906,155887700
2009-11-17,44.06999969482422,44.16999816894531,43.369998931884766,43.599998474121094,100335200
2009-11-18,44.66999816894531,44.779998779296875,43.91999816894531,44.06999969482422,149609500
2009-11-19,43.779998779296875,44.650001525878906,43.59000015258789,44.650001525878906,134942900
2009-11-20,43.66999816894531,43.93000030517578,43.470001220703125,43.77000045776367,118555900
2009-11-23,44.59000015258789,44.84000015258789,43.689998626708984,43.689998626708984,0
2009-11-24,44.29999923706055,44.58000183105469,43.869998931884766,44.58000183105469,0
2009-11-25,44.220001220703125,44.540000915527344,44.040000915527344,44.310001373291016,91372400
2009-11-27,43.040000915527344,44.20000076293945,42.9900016784668,44.20000076293945,99307200
2009-11-30,44.47999954223633,44.540000915527344,43.040000915527344,43.04999923706055,134699400
2009-12-01,44.47999954223633,44.869998931884766,44.099998474121094,44.47999954223633,112086600
2009-12-02,44.63999938964844,44.86000061035156,44.31999969482422,44.47999954223633,105789400
2009-12-03,43.290000915527344,45.459999084472656,43.20000076293945,44.68000030517578,222563600
2009-12-04,44.2400016784668,44.29999923706055,43.310001373291016,43.310001373291016,389946400
2009-12-07,43.52000045776367,44.31999969482422,43.349998474121094,44.25,135838500
2009-12-08,43.4900016784668,43.77000045776367,43.11000061035156,43.5099983215332,177051500
2009-12-09,43.52000045776367,43.79999923706055,43.290000915527344,43.5,149437300
2009-12-10,43.150001525878906,43.810001373291016,42.970001220703125,43.52000045776367,127529600
2009-12-11,43.59000015258789,43.599998474121094,43.099998474121094,43.15999984741211,110741200
2009-12-14,43.79999923706055,43.81999969482422,43.189998626708984,43.599998474121094,165840700
2009-12-15,42.529998779296875,43.79999923706055,42.400001525878906,43.79999923706055,259585600
2009-12-16,42.349998474121094,42.9900016784668,42.16999816894531,42.540000915527344,258119400
2009-12-17,41.70000076293945,42.4900016784668,41.70000076293945,42.34000015258789,810685000
2009-12-18,42.65999984741211,42.66999816894531,41.709999084472656,41.709999084472656,1105641400
2009-12-21,43.310001373291016,43.310001373291016,42.66999816894531,42.66999816894531,0
2009-12-22,43.36000061035156,43.439998626708984,43.119998931884766,43.310001373291016,0
2009-12-23,42.869998931884766,43.459999084472656,42.810001373291016,43.369998931884766,108800400
2009-12-24,43.34000015258789,43.34000015258789,42.880001068115234,42.880001068115234,39539600
2009-12-28,43.02000045776367,43.38999938964844,42.79999923706055,43.33000183105469,0
2009-12-29,42.90999984741211,43.15999984741211,42.880001068115234,43.09000015258789,0
2009-12-30,42.79999923706055,42.90999984741211,42.560001373291016,42.900001525878906,76355000
2009-12-31,42.709999084472656,43.08000183105469,42.709999084472656,42.83000183105469,0
2010-01-04,43.68000030517578,43.77000045776367,42.709999084472656,42.709999084472656,138520900
2010-01-05,44.65999984741211,44.720001220703125,43.63999938964844,43.68000030517578,192173100
2010-01-06,45.22999954223633,45.380001068115234,44.38999938964844,44.65999984741211,172558400
2010-01-07,47.09000015258789,47.470001220703125,45.130001068115234,45.22999954223633,242661100
2010-01-08,47.0,47.29999923706055,46.5099983215332,47.06999969482422,165713400
2010-01-11,47.029998779296875,47.38999938964844,46.779998779296875,47.0,128119600
2010-01-12,46.22999954223633,47.0099983215332,45.970001220703125,47.0099983215332,0
2010-01-13,46.939998626708984,47.16999816894531,45.7599983215332,46.22999954223633,142859500
2010-01-14,47.709999084472656,47.91999816894531,46.86000061035156,46.93000030517578,111925200
2010-01-15,46.68000030517578,47.720001220703125,46.5099983215332,47.720001220703125,209586400
2010-01-19,47.15999984741211,47.16999816894531,46.029998779296875,46.68000030517578,198948500
2010-01-20,47.81999969482422,48.06999969482422,47.04999923706055,47.13999938964844,176829000
2010-01-21,47.58000183105469,48.84000015258789,47.58000183105469,47.849998474121094,371503800
2010-01-22,46.31999969482422,47.63999938964844,46.099998474121094,47.58000183105469,0
2010-01-25,46.400001525878906,47.130001068115234,45.619998931884766,46.34000015258789,196357200
2010-01-26,45.380001068115234,46.88999938964844,45.349998474121094,46.47999954223633,214243800
2010-01-27,46.70000076293945,46.90999984741211,45.36000061035156,45.380001068115234,214644200
2010-01-28,46.84000015258789,47.41999816894531,46.31999969482422,46.75,0
2010-01-29,46.540000915527344,47.470001220703125,46.43000030517578,46.849998474121094,329102100
2010-02-01,47.20000076293945,47.220001220703125,46.540000915527344,46.540000915527344,115496700
2010-02-02,47.310001373291016,47.560001373291016,46.86000061035156,47.209999084472656,0
2010-02-03,46.20000076293945,47.29999923706055,46.040000915527344,47.29999923706055,160190100
2010-02-04,44.209999084472656,46.189998626708984,44.20000076293945,46.189998626708984,222886000
2010-02-05,44.79999923706055,45.02000045776367,43.29999923706055,44.220001220703125,191730500
2010-02-08,44.13999938964844,45.16999816894531,44.119998931884766,44.79999923706055,0
2010-02-09,44.58000183105469,45.099998474121094,44.06999969482422,44.16999816894531,144005200
2010-02-10,45.040000915527344,45.560001373291016,44.43000030517578,44.58000183105469,104906400
2010-02-11,45.06999969482422,45.33000183105469,44.61000061035156,45.029998779296875,82636200
2010-02-12,44.689998626708984,45.060001373291016,44.189998626708984,45.060001373291016,145242900
2010-02-16,46.0,46.08000183105469,44.689998626708984,44.689998626708984,142685800
2010-02-17,45.9900016784668,46.380001068115234,45.65999984741211,46.0,182264100
2010-02-18,46.06999969482422,46.279998779296875,45.7400016784668,45.9900016784668,141166600
2010-02-19,46.65999984741211,46.75,45.970001220703125,46.06999969482422,155282500
2010-02-22,47.54999923706055,47.84000015258789,46.650001525878906,46.65999984741211,129946400
2010-02-23,46.43000030517578,47.54999923706055,46.25,47.540000915527344,128868800
2010-02-24,47.4900016784668,47.599998474121094,46.45000076293945,46.45000076293945,131951900
2010-02-25,47.029998779296875,47.47999954223633,46.220001220703125,47.47999954223633,174956000
2010-02-26,47.45000076293945,47.619998931884766,46.849998474121094,47.029998779296875,184122500
2010-03-01,47.2400016784668,47.689998626708984,46.95000076293945,47.470001220703125,95434400
2010-03-02,47.54999923706055,48.06999969482422,47.22999954223633,47.22999954223633,108017400
2010-03-03,47.36000061035156,47.880001068115234,47.22999954223633,47.560001373291016,92688200
2010-03-04,47.43000030517578,47.56999969482422,47.220001220703125,47.36000061035156,106384400
2010-03-05,48.61000061035156,48.68000030517578,47.45000076293945,47.45000076293945,135973000
2010-03-08,48.689998626708984,48.959999084472656,48.56999969482422,48.61000061035156,120142100
2010-03-09,49.0,49.380001068115234,48.04999923706055,48.689998626708984,232250100
2010-03-10,50.060001373291016,50.599998474121094,49.0099983215332,49.0099983215332,276419800
2010-03-11,50.91999816894531,50.91999816894531,50.029998779296875,50.08000183105469,218776600
2010-03-12,50.459999084472656,51.47999954223633,50.2400016784668,50.91999816894531,240416200
2010-03-15,50.560001373291016,50.66999816894531,49.86000061035156,50.43000030517578,0
2010-03-16,51.40999984741211,51.41999816894531,50.560001373291016,50.560001373291016,141573400
2010-03-17,52.27000045776367,52.540000915527344,51.40999984741211,51.40999984741211,140761500
2010-03-18,51.630001068115234,52.279998779296875,51.22999954223633,52.27000045776367,107774500
2010-03-19,51.130001068115234,51.970001220703125,50.900001525878906,51.630001068115234,286187000
2010-03-22,51.709999084472656,51.77000045776367,50.5,51.09000015258789,125151900
2010-03-23,52.119998931884766,52.15999984741211,51.41999816894531,51.720001220703125,129328300
2010-03-24,52.34000015258789,52.650001525878906,51.939998626708984,52.119998931884766,140484700
2010-03-25,52.43000030517578,53.880001068115234,52.36000061035156,52.36000061035156,219134300
2010-03-26,52.29999923706055,53.25,51.95000076293945,52.43000030517578,143960600
2010-03-29,52.16999816894531,52.790000915527344,51.709999084472656,52.310001373291016,172229200
2010-03-30,51.75,52.369998931884766,51.560001373291016,52.16999816894531,133621700
2010-03-31,52.0,52.27000045776367,51.400001525878906,51.72999954223633,157598200
2010-04-01,52.439998626708984,52.56999969482422,52.0,52.0,87901000
2010-04-05,53.439998626708984,53.45000076293945,52.47999954223633,52.47999954223633,99207600
2010-04-06,54.7400016784668,54.880001068115234,53.33000183105469,53.43000030517578,127743300
2010-04-07,54.529998779296875,55.470001220703125,54.18000030517578,54.75,179248300
2010-04-08,55.060001373291016,55.22999954223633,53.88999938964844,54.529998779296875,146662200
2010-04-09,55.310001373291016,55.470001220703125,54.900001525878906,55.060001373291016,125247700
2010-04-12,55.970001220703125,56.18000030517578,55.310001373291016,55.310001373291016,114332900
2010-04-13,55.349998474121094,55.959999084472656,55.02000045776367,55.959999084472656,134407900
2010-04-14,57.22999954223633,57.25,55.349998474121094,55.349998474121094,223712900
2010-04-15,56.709999084472656,57.619998931884766,56.529998779296875,57.22999954223633,250580700
2010-04-16,54.75,56.7400016784668,53.279998779296875,56.709999084472656,405014800
2010-04-19,55.290000915527344,55.70000076293945,53.93000030517578,54.75,284024600
2010-04-20,56.77000045776367,56.81999969482422,55.279998779296875,55.31999969482422,224191900
2010-04-21,57.27000045776367,58.83000183105469,56.459999084472656,56.77000045776367,253725500
2010-04-22,57.72999954223633,57.88999938964844,56.380001068115234,57.2599983215332,208297800
2010-04-23,57.95000076293945,58.119998931884766,57.369998931884766,57.72999954223633,193344200
2010-04-26,56.150001525878906,58.0,56.0,57.95000076293945,245799700
2010-04-27,54.41999816894531,56.38999938964844,54.290000915527344,56.13999938964844,316522400
2010-04-28,55.15999984741211,55.849998474121094,54.459999084472656,54.459999084472656,260233400
2010-04-29,56.5,56.939998626708984,55.16999816894531,55.16999816894531,178558700
2010-04-30,55.720001220703125,56.72999954223633,55.59000015258789,56.5099983215332,240187100
2010-05-03,56.66999816894531,56.689998626708984,55.7400016784668,55.75,124756600
2010-05-04,54.9900016784668,56.65999984741211,54.630001068115234,56.65999984741211,223119200
2010-05-05,54.9900016784668,55.90999984741211,53.599998474121094,54.93000030517578,225770600
2010-05-06,52.5,55.439998626708984,49.90999984741211,54.970001220703125,451900300
2010-05-07,51.70000076293945,53.380001068115234,50.88999938964844,52.4900016784668,320449000
2010-05-10,54.90999984741211,55.470001220703125,51.709999084472656,51.709999084472656,303544200
2010-05-11,55.08000183105469,56.04999923706055,53.95000076293945,54.86000061035156,198907300
2010-05-12,55.88999938964844,56.0099983215332,55.09000015258789,55.09000015258789,182340600
2010-05-13,55.029998779296875,56.04999923706055,55.0099983215332,55.88999938964844,144540100
2010-05-14,53.279998779296875,55.0,52.599998474121094,55.0,252779200
2010-05-17,53.220001220703125,53.709999084472656,51.83000183105469,53.290000915527344,219473800
2010-05-18,51.2400016784668,53.86000061035156,50.7400016784668,53.220001220703125,244673600
2010-05-19,51.060001373291016,52.0,50.20000076293945,51.2400016784668,248503900
2010-05-20,48.459999084472656,50.9900016784668,48.439998626708984,50.9900016784668,306421600
2010-05-21,50.38999938964844,50.439998626708984,47.869998931884766,48.459999084472656,367926900
2010-05-24,48.72999954223633,50.470001220703125,48.66999816894531,50.38999938964844,210591500
2010-05-25,49.22999954223633,49.290000915527344,46.970001220703125,48.709999084472656,248159300
2010-05-26,49.130001068115234,50.38999938964844,48.84000015258789,49.279998779296875,282719700
2010-05-27,51.09000015258789,51.130001068115234,49.13999938964844,49.13999938964844,183571700
2010-05-28,49.939998626708984,51.119998931884766,49.70000076293945,51.099998474121094,187718200
2010-06-01,48.650001525878906,50.2599983215332,48.599998474121094,49.90999984741211,160755300
2010-06-02,50.22999954223633,50.2599983215332,48.65999984741211,48.65999984741211,147665600
2010-06-03,49.84000015258789,50.630001068115234,49.439998626708984,50.22999954223633,152377300
2010-06-04,47.630001068115234,49.81999969482422,47.400001525878906,49.81999969482422,258653800
2010-06-07,46.529998779296875,48.15999984741211,46.459999084472656,47.63999938964844,212936900
2010-06-08,47.58000183105469,47.66999816894531,46.040000915527344,46.540000915527344,233632700
2010-06-09,47.18000030517578,48.29999923706055,47.0099983215332,47.61000061035156,386012600
2010-06-10,48.91999816894531,48.970001220703125,47.20000076293945,47.20000076293945,181771000
2010-06-11,48.93000030517578,49.0,48.0,48.90999984741211,102615600
2010-06-14,48.54999923706055,49.54999923706055,48.52000045776367,48.959999084472656,116148900
2010-06-15,49.869998931884766,49.93000030517578,48.560001373291016,48.560001373291016,114193100
2010-06-16,49.880001068115234,50.22999954223633,49.40999984741211,49.869998931884766,111685500
2010-06-17,49.66999816894531,50.119998931884766,49.08000183105469,49.880001068115234,156971000
2010-06-18,50.04999923706055,50.099998474121094,49.38999938964844,49.66999816894531,259243100
2010-06-21,49.97999954223633,50.72999954223633,49.75,50.08000183105469,0
2010-06-22,49.22999954223633,50.310001373291016,49.189998626708984,49.97999954223633,124139000
2010-06-23,48.88999938964844,49.709999084472656,48.630001068115234,49.2400016784668,137423800
2010-06-24,47.79999923706055,48.88999938964844,47.66999816894531,48.88999938964844,168194300
2010-06-25,49.189998626708984,49.5099983215332,47.810001373291016,47.810001373291016,280678900
2010-06-28,49.0099983215332,49.380001068115234,48.7599983215332,49.189998626708984,126459400
2010-06-29,46.84000015258789,49.0,46.61000061035156,49.0,221015800
2010-06-30,46.119998931884766,47.65999984741211,46.029998779296875,46.83000183105469,0
2010-07-01,45.689998626708984,46.650001525878906,44.400001525878906,46.11000061035156,0
2010-07-02,44.970001220703125,46.119998931884766,44.56999969482422,45.689998626708984,113660600
2010-07-06,45.5099983215332,46.31999969482422,44.939998626708984,45.0,139816100
2010-07-07,48.06999969482422,48.150001525878906,45.529998779296875,45.529998779296875,151574700
2010-07-08,48.2400016784668,48.779998779296875,47.439998626708984,48.099998474121094,134247600
2010-07-09,49.38999938964844,49.41999816894531,48.0099983215332,48.2400016784668,118821400
2010-07-12,49.470001220703125,49.66999816894531,48.790000915527344,49.38999938964844,97639200
2010-07-13,50.970001220703125,51.15999984741211,49.470001220703125,49.470001220703125,166906300
2010-07-14,50.150001525878906,50.959999084472656,49.56999969482422,50.959999084472656,125111600
2010-07-15,49.90999984741211,50.369998931884766,48.7599983215332,50.150001525878906,159933800
2010-07-16,47.060001373291016,49.900001525878906,46.91999816894531,49.900001525878906,265195600
2010-07-19,47.040000915527344,47.459999084472656,46.11000061035156,47.060001373291016,157989200
2010-07-20,46.959999084472656,47.040000915527344,45.88999938964844,47.029998779296875,147474100
2010-07-21,45.849998474121094,47.900001525878906,45.7599983215332,46.970001220703125,147372200
2010-07-22,47.63999938964844,47.83000183105469,45.849998474121094,45.849998474121094,0
2010-07-23,47.93000030517578,48.060001373291016,46.900001525878906,47.63999938964844,108889400
2010-07-26,49.18000030517578,49.20000076293945,47.709999084472656,47.93000030517578,134959100
2010-07-27,49.38999938964844,50.33000183105469,49.189998626708984,49.189998626708984,138771200
2010-07-28,48.7400016784668,49.4900016784668,48.540000915527344,49.38999938964844,94895000
2010-07-29,48.75,49.34000015258789,48.27000045776367,48.77000045776367,122002800
2010-07-30,48.63999938964844,48.95000076293945,48.08000183105469,48.7400016784668,78835400
2010-08-02,50.16999816894531,50.18000030517578,48.650001525878906,48.650001525878906,101316200
2010-08-03,49.52000045776367,50.16999816894531,49.400001525878906,50.15999984741211,82461400
2010-08-04,49.400001525878906,49.849998474121094,49.15999984741211,49.52000045776367,79085400
2010-08-05,49.119998931884766,49.38999938964844,48.65999984741211,49.38999938964844,75275600
2010-08-06,48.43000030517578,49.099998474121094,47.70000076293945,49.099998474121094,94735200
2010-08-09,48.7400016784668,48.83000183105469,47.939998626708984,48.439998626708984,82294600
2010-08-10,48.34000015258789,48.790000915527344,47.959999084472656,48.5,0
2010-08-11,46.25,48.33000183105469,46.25,48.33000183105469,147469500
2010-08-12,46.04999923706055,46.36000061035156,45.7599983215332,46.2400016784668,102109300
2010-08-13,45.95000076293945,46.59000015258789,45.939998626708984,46.040000915527344,87499600
2010-08-16,45.900001525878906,45.9900016784668,45.56999969482422,45.93000030517578,75293400
2010-08-17,46.06999969482422,46.540000915527344,45.84000015258789,45.90999984741211,104673300
2010-08-18,46.189998626708984,46.61000061035156,45.869998931884766,46.06999969482422,125316300
2010-08-19,45.0,46.279998779296875,44.91999816894531,46.18000030517578,144488400
2010-08-20,44.81999969482422,45.0,44.25,44.9900016784668,171858700
2010-08-23,44.54999923706055,45.40999984741211,44.52000045776367,44.84000015258789,96733000
2010-08-24,43.59000015258789,44.5099983215332,43.5,44.5099983215332,142882800
2010-08-25,43.40999984741211,43.599998474121094,42.70000076293945,43.59000015258789,145567100
2010-08-26,43.099998474121094,44.220001220703125,43.029998779296875,43.41999816894531,114844300
2010-08-27,44.189998626708984,44.189998626708984,42.91999816894531,43.099998474121094,145826800
2010-08-30,42.97999954223633,44.189998626708984,42.95000076293945,44.189998626708984,117997800
2010-08-31,43.45000076293945,43.689998626708984,42.70000076293945,42.970001220703125,247132500
2010-09-01,45.25,45.290000915527344,43.47999954223633,43.47999954223633,171694900
2010-09-02,45.779998779296875,45.79999923706055,45.15999984741211,45.25,0
2010-09-03,46.630001068115234,46.86000061035156,45.790000915527344,45.790000915527344,0
2010-09-07,45.150001525878906,46.56999969482422,45.13999938964844,46.56999969482422,0
2010-09-08,45.90999984741211,46.27000045776367,45.15999984741211,45.15999984741211,0
2010-09-09,46.63999938964844,47.22999954223633,45.95000076293945,45.95000076293945,0
2010-09-10,46.560001373291016,46.91999816894531,46.470001220703125,46.650001525878906,0
2010-09-13,47.97999954223633,48.16999816894531,46.630001068115234,46.630001068115234,0
2010-09-14,47.33000183105469,47.97999954223633,47.04999923706055,47.97999954223633,0
2010-09-15,47.38999938964844,47.5,46.650001525878906,47.33000183105469,0
2010-09-16,47.08000183105469,47.25,46.75,47.25,0
2010-09-17,46.84000015258789,47.459999084472656,46.84000015258789,47.099998474121094,0
2010-09-20,47.900001525878906,48.060001373291016,46.849998474121094,46.849998474121094,0
2010-09-21,47.220001220703125,48.2400016784668,47.189998626708984,47.970001220703125,0
2010-09-22,46.349998474121094,47.439998626708984,46.290000915527344,47.209999084472656,0
2010-09-23,45.4900016784668,46.66999816894531,45.45000076293945,46.31999969482422,0
2010-09-24,46.939998626708984,46.939998626708984,45.5,45.5,134079800
2010-09-27,46.060001373291016,46.970001220703125,46.029998779296875,46.939998626708984,103630300
2010-09-28,46.2599983215332,46.34000015258789,45.61000061035156,46.130001068115234,0
2010-09-29,46.06999969482422,46.47999954223633,45.77000045776367,46.189998626708984,0
2010-09-30,46.20000076293945,47.06999969482422,46.08000183105469,46.08000183105469,0
2010-10-01,46.720001220703125,46.97999954223633,46.20000076293945,46.220001220703125,0
2010-10-04,46.459999084472656,47.099998474121094,46.279998779296875,46.709999084472656,0
2010-10-05,47.91999816894531,48.119998931884766,46.470001220703125,46.470001220703125,0
2010-10-06,47.7400016784668,48.099998474121094,47.56999969482422,47.9900016784668,0
2010-10-07,47.45000076293945,48.18000030517578,47.11000061035156,47.75,0
2010-10-08,47.369998931884766,47.66999816894531,47.099998474121094,47.45000076293945,0
2010-10-11,47.34000015258789,47.540000915527344,47.11000061035156,47.439998626708984,0
2010-10-12,48.06999969482422,48.099998474121094,47.02000045776367,47.22999954223633,0
2010-10-13,47.59000015258789,48.5099983215332,47.5,48.09000015258789,0
2010-10-14,46.34000015258789,47.59000015258789,45.75,47.59000015258789,247402200
2010-10-15,45.2400016784668,46.630001068115234,44.77000045776367,46.45000076293945,0
2010-10-18,46.59000015258789,46.61000061035156,45.22999954223633,45.22999954223633,0
2010-10-19,46.029998779296875,47.130001068115234,45.79999923706055,46.45000076293945,0
2010-10-20,45.79999923706055,45.90999984741211,45.02000045776367,45.869998931884766,0
2010-10-21,45.84000015258789,46.540000915527344,45.4900016784668,45.97999954223633,0
2010-10-22,45.9900016784668,46.20000076293945,45.66999816894531,45.95000076293945,0
2010-10-25,45.5099983215332,46.439998626708984,45.40999984741211,46.0099983215332,0
2010-10-26,45.529998779296875,45.650001525878906,45.11000061035156,45.4900016784668,0
2010-10-27,45.70000076293945,45.93000030517578,45.290000915527344,45.5099983215332,0
2010-10-28,45.540000915527344,46.099998474121094,45.2599983215332,45.849998474121094,0
2010-10-29,45.4900016784668,45.619998931884766,45.36000061035156,45.52000045776367,0
2010-11-01,45.220001220703125,45.709999084472656,44.65999984741211,45.59000015258789,0
2010-11-02,45.119998931884766,45.58000183105469,44.959999084472656,45.22999954223633,0
2010-11-03,45.9900016784668,45.9900016784668,45.130001068115234,45.18000030517578,0
2010-11-04,47.650001525878906,47.72999954223633,46.0,46.0,0
2010-11-05,48.68000030517578,49.63999938964844,47.59000015258789,47.650001525878906,0
2010-11-08,48.38999938964844,48.75,47.91999816894531,48.689998626708984,0
2010-11-09,47.439998626708984,48.66999816894531,47.34000015258789,48.400001525878906,0
2010-11-10,48.33000183105469,48.36000061035156,47.130001068115234,47.439998626708984,0
2010-11-11,48.02000045776367,48.279998779296875,47.599998474121094,48.18000030517578,0
2010-11-12,47.060001373291016,48.0099983215332,46.869998931884766,48.0099983215332,150756400
2010-11-15,47.380001068115234,47.970001220703125,47.06999969482422,47.06999969482422,0
2010-11-16,46.43000030517578,47.36000061035156,45.95000076293945,47.36000061035156,0
2010-11-17,45.779998779296875,46.529998779296875,45.59000015258789,46.43000030517578,0
2010-11-18,46.119998931884766,46.619998931884766,45.779998779296875,45.779998779296875,0
2010-11-19,46.0,46.119998931884766,45.58000183105469,46.119998931884766,0
2010-11-22,45.29999923706055,46.0,44.97999954223633,46.0,0
2010-11-23,44.52000045776367,45.290000915527344,44.5099983215332,45.290000915527344,0
2010-11-24,45.040000915527344,45.11000061035156,44.4900016784668,44.65999984741211,0
2010-11-26,44.61000061035156,45.040000915527344,44.59000015258789,45.029998779296875,0
2010-11-29,45.08000183105469,45.189998626708984,44.36000061035156,44.599998474121094,0
2010-11-30,44.7599983215332,45.060001373291016,44.56999969482422,45.060001373291016,200210200
2010-12-01,45.849998474121094,45.86000061035156,44.810001373291016,44.810001373291016,0
2010-12-02,47.630001068115234,47.63999938964844,45.849998474121094,45.849998474121094,0
2010-12-03,48.029998779296875,48.119998931884766,47.02000045776367,47.61000061035156,0
2010-12-06,47.849998474121094,48.029998779296875,47.56999969482422,48.029998779296875,0
2010-12-07,47.810001373291016,48.61000061035156,47.70000076293945,47.86000061035156,0
2010-12-08,49.220001220703125,49.2400016784668,47.79999923706055,47.79999923706055,0
2010-12-09,50.31999969482422,50.41999816894531,49.220001220703125,49.220001220703125,0
2010-12-10,50.91999816894531,50.959999084472656,50.15999984741211,50.34000015258789,0
2010-12-13,50.70000076293945,51.0099983215332,50.189998626708984,50.77000045776367,0
2010-12-14,49.93000030517578,50.810001373291016,49.779998779296875,50.70000076293945,0
2010-12-15,49.38999938964844,50.29999923706055,49.36000061035156,49.93000030517578,0
2010-12-16,49.47999954223633,50.09000015258789,49.22999954223633,49.52000045776367,0
2010-12-17,50.08000183105469,50.25,49.7599983215332,49.90999984741211,0
2010-12-20,50.34000015258789,50.529998779296875,50.08000183105469,50.08000183105469,0
2010-12-21,51.279998779296875,51.310001373291016,50.34000015258789,50.34000015258789,0
2010-12-22,52.2599983215332,52.540000915527344,51.290000915527344,51.290000915527344,0
2010-12-23,51.77000045776367,52.2599983215332,51.63999938964844,52.2599983215332,0
2010-12-27,52.2599983215332,52.290000915527344,51.5,51.77000045776367,0
2010-12-28,52.5,52.599998474121094,52.2599983215332,52.2599983215332,0
2010-12-29,52.36000061035156,52.619998931884766,52.31999969482422,52.5099983215332,0
2010-12-30,52.209999084472656,52.38999938964844,52.08000183105469,52.36000061035156,0
2010-12-31,52.209999084472656,52.369998931884766,52.06999969482422,52.20000076293945,0
2011-01-03,53.400001525878906,53.47999954223633,52.220001220703125,52.220001220703125,0
2011-01-04,53.22999954223633,53.63999938964844,52.66999816894531,53.38999938964844,0
2011-01-05,53.95000076293945,54.060001373291016,53.0,53.189998626708984,0
2011-01-06,53.380001068115234,54.22999954223633,53.31999969482422,53.95000076293945,0
2011-01-07,52.880001068115234,53.65999984741211,52.09000015258789,53.47999954223633,0
2011-01-10,52.709999084472656,52.88999938964844,52.20000076293945,52.880001068115234,0
2011-01-11,53.04999923706055,53.41999816894531,52.72999954223633,52.72999954223633,0
2011-01-12,53.86000061035156,53.939998626708984,53.02000045776367,53.04999923706055,139856800
2011-01-13,53.470001220703125,54.02000045776367,53.27000045776367,53.86000061035156,0
2011-01-14,54.70000076293945,54.869998931884766,53.439998626708984,53.470001220703125,0
2011-01-18,54.06999969482422,54.709999084472656,53.79999923706055,54.689998626708984,0
2011-01-19,52.779998779296875,54.04999923706055,52.70000076293945,54.04999923706055,0
2011-01-20,52.72999954223633,52.95000076293945,52.150001525878906,52.720001220703125,0
2011-01-21,53.58000183105469,53.779998779296875,52.7400016784668,52.7400016784668,0
2011-01-24,53.060001373291016,53.58000183105469,52.86000061035156,53.58000183105469,0
2011-01-25,52.97999954223633,53.189998626708984,52.29999923706055,53.04999923706055,0
2011-01-26,52.75,53.220001220703125,52.75,52.97999954223633,0
2011-01-27,53.290000915527344,53.29999923706055,52.630001068115234,52.75,0
2011-01-28,52.40999984741211,53.81999969482422,52.400001525878906,53.290000915527344,0
2011-01-31,53.0,53.13999938964844,52.41999816894531,52.41999816894531,0
2011-02-01,54.369998931884766,54.41999816894531,53.02000045776367,53.02000045776367,0
2011-02-02,53.97999954223633,54.349998474121094,53.869998931884766,54.349998474121094,0
2011-02-03,54.11000061035156,54.209999084472656,53.619998931884766,53.97999954223633,0
2011-02-04,54.13999938964844,54.20000076293945,53.689998626708984,54.04999923706055,0
2011-02-07,54.900001525878906,55.0099983215332,54.150001525878906,54.150001525878906,0
2011-02-08,55.310001373291016,55.400001525878906,54.689998626708984,54.90999984741211,0
2011-02-09,54.7599983215332,55.34000015258789,54.310001373291016,55.310001373291016,0
2011-02-10,54.560001373291016,54.7599983215332,54.290000915527344,54.75,0
2011-02-11,55.560001373291016,55.810001373291016,54.130001068115234,54.54999923706055,0
2011-02-14,55.630001068115234,55.689998626708984,55.310001373291016,55.560001373291016,0
2011-02-15,55.45000076293945,55.880001068115234,55.34000015258789,55.52000045776367,0
2011-02-16,55.540000915527344,55.70000076293945,55.27000045776367,55.439998626708984,0
2011-02-17,55.13999938964844,55.52000045776367,55.02000045776367,55.52000045776367,0
2011-02-18,55.20000076293945,55.27000045776367,54.97999954223633,55.130001068115234,0
2011-02-22,53.27000045776367,55.20000076293945,53.119998931884766,55.20000076293945,0
2011-02-23,53.099998474121094,53.79999923706055,52.380001068115234,53.310001373291016,0
2011-02-24,52.81999969482422,53.18000030517578,52.22999954223633,53.099998474121094,0
2011-02-25,53.560001373291016,53.75,52.970001220703125,52.970001220703125,0
2011-02-28,53.40999984741211,53.880001068115234,53.150001525878906,53.56999969482422,0
2011-03-01,52.189998626708984,53.41999816894531,52.16999816894531,53.41999816894531,0
2011-03-02,52.029998779296875,52.529998779296875,51.83000183105469,52.189998626708984,0
2011-03-03,53.040000915527344,53.150001525878906,52.04999923706055,52.04999923706055,144435000
2011-03-04,52.27000045776367,53.02000045776367,51.81999969482422,53.02000045776367,0
2011-03-07,51.86000061035156,52.58000183105469,51.619998931884766,52.27000045776367,0
2011-03-08,53.2599983215332,53.33000183105469,51.86000061035156,51.86000061035156,0
2011-03-09,53.310001373291016,53.630001068115234,52.84000015258789,53.2599983215332,0
2011-03-10,52.04999923706055,53.290000915527344,52.0,53.290000915527344,0
2011-03-11,52.54999923706055,52.72999954223633,51.93000030517578,52.029998779296875,106834800
2011-03-14,52.119998931884766,52.529998779296875,51.529998779296875,52.529998779296875,0
2011-03-15,51.65999984741211,52.099998474121094,50.84000015258789,52.099998474121094,0
2011-03-16,50.81999969482422,51.869998931884766,50.66999816894531,51.66999816894531,0
2011-03-17,51.54999923706055,51.63999938964844,50.79999923706055,50.83000183105469,121524000
2011-03-18,52.09000015258789,52.650001525878906,51.599998474121094,51.599998474121094,0
2011-03-21,52.0099983215332,52.790000915527344,51.7599983215332,52.119998931884766,0
2011-03-22,51.709999084472656,52.09000015258789,51.70000076293945,52.02000045776367,0
2011-03-23,51.400001525878906,51.540000915527344,50.869998931884766,51.540000915527344,0
2011-03-24,51.560001373291016,51.58000183105469,50.869998931884766,51.40999984741211,0
2011-03-25,51.81999969482422,52.130001068115234,51.54999923706055,51.56999969482422,0
2011-03-28,51.630001068115234,52.11000061035156,51.630001068115234,51.81999969482422,0
2011-03-29,51.790000915527344,51.790000915527344,51.36000061035156,51.630001068115234,0
2011-03-30,52.130001068115234,52.33000183105469,51.810001373291016,51.810001373291016,0
2011-03-31,51.91999816894531,52.119998931884766,51.709999084472656,52.119998931884766,0
2011-04-01,52.43000030517578,52.75,51.959999084472656,51.959999084472656,0
2011-04-04,52.38999938964844,52.7400016784668,52.18000030517578,52.45000076293945,0
2011-04-05,52.369998931884766,52.540000915527344,52.20000076293945,52.310001373291016,0
2011-04-06,53.16999816894531,53.22999954223633,52.38999938964844,52.38999938964844,0
2011-04-07,52.88999938964844,53.400001525878906,52.75,53.16999816894531,0
2011-04-08,52.41999816894531,53.20000076293945,52.310001373291016,52.91999816894531,0
2011-04-11,52.369998931884766,52.72999954223633,52.29999923706055,52.41999816894531,0
2011-04-12,52.33000183105469,52.650001525878906,52.0099983215332,52.36000061035156,0
2011-04-13,51.77000045776367,52.72999954223633,51.630001068115234,52.36000061035156,0
2011-04-14,51.209999084472656,51.619998931884766,51.029998779296875,51.619998931884766,0
2011-04-15,51.130001068115234,51.63999938964844,51.029998779296875,51.220001220703125,0
2011-04-18,50.470001220703125,51.119998931884766,50.290000915527344,51.119998931884766,0
2011-04-19,50.5,50.880001068115234,50.2400016784668,50.459999084472656,0
2011-04-20,50.2599983215332,50.779998779296875,50.02000045776367,50.5099983215332,0
2011-04-21,50.470001220703125,50.4900016784668,49.880001068115234,50.279998779296875,0
2011-04-25,50.47999954223633,50.70000076293945,50.43000030517578,50.459999084472656,0
2011-04-26,50.90999984741211,50.93000030517578,50.4900016784668,50.4900016784668,0
2011-04-27,51.400001525878906,51.5,50.91999816894531,50.91999816894531,0
2011-04-28,51.650001525878906,51.68000030517578,51.220001220703125,51.400001525878906,0
2011-04-29,51.529998779296875,51.65999984741211,51.310001373291016,51.65999984741211,0
2011-05-02,51.33000183105469,51.77000045776367,51.279998779296875,51.54999923706055,0
2011-05-03,51.810001373291016,51.84000015258789,51.189998626708984,51.27000045776367,0
2011-05-04,51.310001373291016,51.81999969482422,51.150001525878906,51.81999969482422,81222000
2011-05-05,50.630001068115234,50.939998626708984,50.400001525878906,50.880001068115234,0
2011-05-06,50.72999954223633,51.189998626708984,50.58000183105469,50.650001525878906,0
2011-05-09,50.54999923706055,50.68000030517578,50.2400016784668,50.68000030517578,0
2011-05-10,51.02000045776367,51.15999984741211,50.59000015258789,50.61000061035156,0
2011-05-11,50.52000045776367,51.0099983215332,50.43000030517578,50.95000076293945,0
2011-05-12,50.400001525878906,50.5099983215332,49.83000183105469,50.5099983215332,0
2011-05-13,49.5099983215332,50.40999984741211,49.470001220703125,50.369998931884766,0
2011-05-16,49.56999969482422,50.20000076293945,49.290000915527344,49.5099983215332,0
2011-05-17,50.38999938964844,50.400001525878906,49.439998626708984,49.560001373291016,0
2011-05-18,50.54999923706055,50.58000183105469,50.15999984741211,50.38999938964844,0
2011-05-19,50.599998474121094,50.720001220703125,50.369998931884766,50.560001373291016,0
2011-05-20,49.689998626708984,50.65999984741211,49.65999984741211,50.599998474121094,0
2011-05-23,48.970001220703125,49.68000030517578,48.95000076293945,49.68000030517578,0
2011-05-24,48.91999816894531,49.15999984741211,48.540000915527344,48.970001220703125,0
2011-05-25,48.880001068115234,49.130001068115234,48.68000030517578,48.90999984741211,0
2011-05-26,49.04999923706055,49.209999084472656,48.689998626708984,48.880001068115234,0
2011-05-27,49.720001220703125,49.83000183105469,49.04999923706055,49.04999923706055,0
2011-05-31,50.099998474121094,50.279998779296875,49.63999938964844,50.16999816894531,0
2011-06-01,48.040000915527344,49.880001068115234,48.0,49.880001068115234,0
2011-06-02,48.119998931884766,48.43000030517578,47.59000015258789,48.099998474121094,0
2011-06-03,47.689998626708984,48.349998474121094,47.47999954223633,47.66999816894531,0
2011-06-06,46.720001220703125,47.459999084472656,46.619998931884766,47.380001068115234,0
2011-06-07,46.63999938964844,47.380001068115234,46.630001068115234,46.9900016784668,0
2011-06-08,46.369998931884766,46.9900016784668,46.2599983215332,46.52000045776367,0
2011-06-09,46.91999816894531,47.18000030517578,46.310001373291016,46.47999954223633,0
2011-06-10,46.72999954223633,47.119998931884766,45.84000015258789,46.68000030517578,0
2011-06-13,47.18000030517578,47.310001373291016,46.459999084472656,46.869998931884766,0
2011-06-14,47.45000076293945,47.869998931884766,47.349998474121094,47.470001220703125,0
2011-06-15,46.68000030517578,47.150001525878906,46.22999954223633,47.099998474121094,0
2011-06-16,46.939998626708984,47.2599983215332,46.40999984741211,46.650001525878906,0
2011-06-17,47.45000076293945,47.54999923706055,47.16999816894531,47.189998626708984,0
2011-06-20,47.220001220703125,47.56999969482422,46.93000030517578,47.27000045776367,0
2011-06-21,47.72999954223633,47.810001373291016,47.09000015258789,47.40999984741211,0
2011-06-22,47.290000915527344,48.0,47.290000915527344,47.529998779296875,0
2011-06-23,46.790000915527344,46.91999816894531,46.349998474121094,46.86000061035156,0
2011-06-24,46.31999969482422,46.95000076293945,46.220001220703125,46.849998474121094,0
2011-06-27,46.959999084472656,47.15999984741211,46.36000061035156,46.36000061035156,0
2011-06-28,47.060001373291016,47.130001068115234,46.630001068115234,47.09000015258789,0
2011-06-29,48.18000030517578,48.2599983215332,47.22999954223633,47.540000915527344,0
2011-06-30,48.31999969482422,48.4900016784668,47.93000030517578,48.27000045776367,0
2011-07-01,49.220001220703125,49.29999923706055,48.290000915527344,48.290000915527344,0
2011-07-05,48.650001525878906,49.11000061035156,48.310001373291016,49.11000061035156,0
2011-07-06,48.31999969482422,48.41999816894531,47.91999816894531,48.41999816894531,0
2011-07-07,49.119998931884766,49.349998474121094,48.779998779296875,48.779998779296875,0
2011-07-08,48.34000015258789,48.689998626708984,48.13999938964844,48.689998626708984,0
2011-07-11,46.970001220703125,47.97999954223633,46.84000015258789,47.97999954223633,0
2011-07-12,46.86000061035156,47.529998779296875,46.81999969482422,46.83000183105469,0
2011-07-13,47.0,47.68000030517578,46.88999938964844,47.11000061035156,0
2011-07-14,46.41999816894531,47.40999984741211,46.349998474121094,47.29999923706055,0
2011-07-15,46.290000915527344,46.7400016784668,45.959999084472656,46.61000061035156,0
2011-07-18,45.630001068115234,46.15999984741211,45.11000061035156,46.11000061035156,0
2011-07-19,46.25,46.33000183105469,45.45000076293945,45.7599983215332,0
2011-07-20,46.91999816894531,47.189998626708984,46.33000183105469,46.33000183105469,79944600
2011-07-21,48.0099983215332,48.119998931884766,47.27000045776367,47.27000045776367,0
2011-07-22,47.81999969482422,48.02000045776367,47.5,48.02000045776367,0
2011-07-25,47.56999969482422,47.72999954223633,47.04999923706055,47.4900016784668,0
2011-07-26,47.400001525878906,47.7400016784668,47.220001220703125,47.56999969482422,0
2011-07-27,46.290000915527344,47.209999084472656,46.2400016784668,47.209999084472656,0
2011-07-28,46.20000076293945,46.810001373291016,46.130001068115234,46.34000015258789,0
2011-07-29,46.0099983215332,46.45000076293945,45.54999923706055,45.77000045776367,0
2011-08-01,45.91999816894531,46.689998626708984,45.52000045776367,46.5,0
2011-08-02,44.439998626708984,45.75,44.439998626708984,45.75,0
2011-08-03,44.709999084472656,44.810001373291016,43.66999816894531,44.459999084472656,0
2011-08-04,42.34000015258789,44.310001373291016,42.310001373291016,44.25,0
2011-08-05,41.41999816894531,43.099998474121094,40.7599983215332,42.529998779296875,0
2011-08-08,36.9900016784668,40.93000030517578,36.54999923706055,40.650001525878906,0
2011-08-09,39.58000183105469,39.59000015258789,36.56999969482422,37.68000030517578,0
2011-08-10,36.33000183105469,39.11000061035156,36.279998779296875,39.11000061035156,0
2011-08-11,38.560001373291016,39.029998779296875,36.720001220703125,36.90999984741211,0
2011-08-12,37.720001220703125,39.81999969482422,37.5,38.86000061035156,0
2011-08-15,39.29999923706055,39.310001373291016,38.15999984741211,38.15999984741211,0
2011-08-16,38.45000076293945,39.15999984741211,38.189998626708984,38.91999816894531,0
2011-08-17,38.7400016784668,39.380001068115234,38.38999938964844,38.61000061035156,0
2011-08-18,36.560001373291016,38.349998474121094,36.25,38.349998474121094,0
2011-08-19,35.4900016784668,37.040000915527344,35.43000030517578,36.16999816894531,0
2011-08-22,35.099998474121094,36.380001068115234,35.040000915527344,36.130001068115234,0
2011-08-23,36.5099983215332,36.5099983215332,34.56999969482422,35.2400016784668,0
2011-08-24,37.72999954223633,37.79999923706055,36.36000061035156,36.41999816894531,0
2011-08-25,37.650001525878906,40.08000183105469,37.15999984741211,38.650001525878906,0
2011-08-26,38.119998931884766,38.47999954223633,36.720001220703125,37.40999984741211,0
2011-08-29,39.849998474121094,39.849998474121094,38.56999969482422,38.56999969482422,0
2011-08-30,39.470001220703125,39.83000183105469,38.91999816894531,39.61000061035156,0
2011-08-31,39.95000076293945,40.290000915527344,39.52000045776367,39.75,0
2011-09-01,38.7400016784668,40.08000183105469,38.72999954223633,39.880001068115234,0
2011-09-02,37.0,37.84000015258789,36.869998931884766,37.84000015258789,0
2011-09-06,36.380001068115234,36.459999084472656,35.56999969482422,36.25,0
2011-09-07,38.52000045776367,38.59000015258789,36.90999984741211,36.90999984741211,0
2011-09-08,37.4900016784668,38.38999938964844,37.31999969482422,38.20000076293945,0
2011-09-09,36.22999954223633,37.470001220703125,36.20000076293945,37.13999938964844,0
2011-09-12,36.900001525878906,36.93000030517578,35.720001220703125,35.81999969482422,0
2011-09-13,37.34000015258789,37.900001525878906,36.93000030517578,37.09000015258789,0
2011-09-14,37.97999954223633,38.43000030517578,36.9900016784668,37.619998931884766,0
2011-09-15,38.849998474121094,38.86000061035156,38.02000045776367,38.31999969482422,0
2011-09-16,38.689998626708984,39.150001525878906,37.959999084472656,38.869998931884766,0
2011-09-19,37.59000015258789,38.150001525878906,37.25,38.150001525878906,0
2011-09-20,37.459999084472656,38.150001525878906,37.459999084472656,37.810001373291016,0
2011-09-21,35.400001525878906,37.619998931884766,35.38999938964844,37.5099983215332,0
2011-09-22,34.45000076293945,34.95000076293945,33.81999969482422,34.939998626708984,0
2011-09-23,35.0,35.209999084472656,34.209999084472656,34.29999923706055,0
2011-09-26,36.849998474121094,36.900001525878906,35.29999923706055,35.36000061035156,0
2011-09-27,36.83000183105469,38.08000183105469,36.529998779296875,37.279998779296875,0
2011-09-28,35.560001373291016,37.0099983215332,35.529998779296875,36.86000061035156,0
2011-09-29,36.7400016784668,36.939998626708984,35.599998474121094,36.2400016784668,0
2011-09-30,35.34000015258789,36.34000015258789,35.33000183105469,36.33000183105469,0
2011-10-03,33.650001525878906,35.77000045776367,33.630001068115234,35.20000076293945,0
2011-10-04,35.16999816894531,35.189998626708984,32.560001373291016,33.45000076293945,0
2011-10-05,35.540000915527344,35.720001220703125,34.310001373291016,34.95000076293945,0
2011-10-06,37.15999984741211,37.2400016784668,34.90999984741211,35.439998626708984,91368600
2011-10-07,35.560001373291016,37.220001220703125,35.41999816894531,37.220001220703125,0
2011-10-10,37.45000076293945,37.459999084472656,36.130001068115234,36.130001068115234,0
2011-10-11,37.689998626708984,37.970001220703125,36.7599983215332,36.97999954223633,0
2011-10-12,38.93000030517578,39.7599983215332,37.9900016784668,37.9900016784668,0
2011-10-13,37.790000915527344,38.40999984741211,37.099998474121094,38.40999984741211,0
2011-10-14,38.0,38.5099983215332,37.16999816894531,38.16999816894531,0
2011-10-17,36.5099983215332,37.689998626708984,36.439998626708984,37.689998626708984,0
2011-10-18,38.7400016784668,39.16999816894531,36.709999084472656,36.970001220703125,0
2011-10-19,37.599998474121094,39.11000061035156,37.5099983215332,38.720001220703125,0
2011-10-20,38.310001373291016,38.45000076293945,37.119998931884766,37.709999084472656,0
2011-10-21,38.90999984741211,39.029998779296875,38.369998931884766,38.630001068115234,0
2011-10-24,40.04999923706055,40.2599983215332,39.0,39.029998779296875,0
2011-10-25,38.779998779296875,39.72999954223633,38.689998626708984,39.72999954223633,0
2011-10-26,39.58000183105469,39.83000183105469,38.779998779296875,39.279998779296875,0
2011-10-27,41.970001220703125,42.27000045776367,40.72999954223633,40.7599983215332,0
2011-10-28,41.81999969482422,42.099998474121094,41.209999084472656,41.79999923706055,0
2011-10-31,40.09000015258789,41.349998474121094,40.08000183105469,41.349998474121094,0
2011-11-01,38.130001068115234,39.310001373291016,38.06999969482422,39.310001373291016,0
2011-11-02,39.380001068115234,39.540000915527344,38.540000915527344,38.540000915527344,0
2011-11-03,40.099998474121094,40.29999923706055,38.68000030517578,39.849998474121094,0
2011-11-04,39.5,39.709999084472656,38.970001220703125,39.650001525878906,0
2011-11-07,39.880001068115234,39.88999938964844,39.15999984741211,39.439998626708984,0
2011-11-08,40.84000015258789,40.970001220703125,39.84000015258789,40.220001220703125,0
2011-11-09,38.43000030517578,40.369998931884766,38.29999923706055,40.369998931884766,0
2011-11-10,38.72999954223633,39.189998626708984,38.36000061035156,38.939998626708984,0
2011-11-11,39.540000915527344,39.779998779296875,39.08000183105469,39.08000183105469,0
2011-11-14,38.56999969482422,39.290000915527344,38.290000915527344,39.27000045776367,0
2011-11-15,38.7599983215332,39.04999923706055,38.119998931884766,38.33000183105469,0
2011-11-16,38.0099983215332,39.06999969482422,37.95000076293945,38.369998931884766,0
2011-11-17,37.29999923706055,38.41999816894531,37.119998931884766,38.06999969482422,0
2011-11-18,37.52000045776367,37.68000030517578,37.22999954223633,37.47999954223633,0
2011-11-21,36.400001525878906,36.939998626708984,36.2599983215332,36.939998626708984,0
2011-11-22,35.939998626708984,36.59000015258789,35.83000183105469,36.31999969482422,0
2011-11-23,34.720001220703125,35.720001220703125,34.720001220703125,35.720001220703125,0
2011-11-25,34.900001525878906,35.52000045776367,34.77000045776367,34.77000045776367,0
2011-11-28,35.849998474121094,36.349998474121094,35.41999816894531,35.72999954223633,0
2011-11-29,35.630001068115234,36.15999984741211,35.40999984741211,35.79999923706055,0
2011-11-30,38.20000076293945,38.220001220703125,36.31999969482422,36.31999969482422,0
2011-12-01,37.880001068115234,38.060001373291016,37.310001373291016,37.970001220703125,0
2011-12-02,38.59000015258789,39.2599983215332,38.27000045776367,38.27000045776367,0
2011-12-05,39.630001068115234,39.9900016784668,38.79999923706055,38.79999923706055,83172400
2011-12-06,39.27000045776367,39.529998779296875,38.97999954223633,39.380001068115234,0
2011-12-07,39.650001525878906,39.790000915527344,38.58000183105469,38.939998626708984,0
2011-12-08,38.09000015258789,39.31999969482422,37.95000076293945,39.31999969482422,0
2011-12-09,39.130001068115234,39.27000045776367,38.29999923706055,38.29999923706055,0
2011-12-12,38.16999816894531,38.66999816894531,37.81999969482422,38.66999816894531,0
2011-12-13,37.58000183105469,38.66999816894531,37.130001068115234,38.439998626708984,0
2011-12-14,37.38999938964844,37.900001525878906,37.18000030517578,37.310001373291016,0
2011-12-15,37.5,38.130001068115234,37.45000076293945,37.720001220703125,0
2011-12-16,37.709999084472656,38.349998474121094,37.54999923706055,37.630001068115234,0
2011-12-19,36.689998626708984,37.79999923706055,36.529998779296875,37.7400016784668,0
2011-12-20,38.20000076293945,38.400001525878906,37.119998931884766,37.119998931884766,0
2011-12-21,38.59000015258789,38.630001068115234,37.84000015258789,38.209999084472656,0
2011-12-22,39.68000030517578,39.86000061035156,38.75,38.75,0
2011-12-23,39.939998626708984,40.02000045776367,39.5099983215332,39.88999938964844,0
2011-12-27,39.59000015258789,40.02000045776367,39.59000015258789,39.75,0
2011-12-28,38.880001068115234,39.619998931884766,38.810001373291016,39.599998474121094,0
2011-12-29,39.70000076293945,39.709999084472656,38.97999954223633,39.0,0
2011-12-30,39.380001068115234,39.59000015258789,39.349998474121094,39.54999923706055,0
2012-01-03,40.66999816894531,41.040000915527344,39.790000915527344,39.790000915527344,0
2012-01-04,40.810001373291016,40.95000076293945,40.029998779296875,40.380001068115234,0
2012-01-05,41.709999084472656,42.09000015258789,40.310001373291016,40.4900016784668,0
2012-01-06,41.59000015258789,41.81999969482422,41.13999938964844,41.7400016784668,0
2012-01-09,42.08000183105469,42.20000076293945,41.630001068115234,41.77000045776367,0
2012-01-10,42.86000061035156,42.970001220703125,42.47999954223633,42.5,0
2012-01-11,43.380001068115234,43.40999984741211,42.41999816894531,42.66999816894531,0
2012-01-12,43.61000061035156,43.7400016784668,42.86000061035156,43.61000061035156,0
2012-01-13,43.439998626708984,43.470001220703125,42.5,42.95000076293945,0
2012-01-17,42.83000183105469,43.779998779296875,42.70000076293945,43.380001068115234,0
2012-01-18,43.310001373291016,43.310001373291016,42.31999969482422,42.79999923706055,83352200
2012-01-19,43.189998626708984,43.810001373291016,43.040000915527344,43.68000030517578,0
2012-01-20,43.5,43.5,42.66999816894531,43.02000045776367,0
2012-01-23,43.599998474121094,44.0099983215332,43.36000061035156,43.47999954223633,0
2012-01-24,43.470001220703125,43.599998474121094,42.72999954223633,43.599998474121094,0
2012-01-25,43.529998779296875,43.66999816894531,43.08000183105469,43.470001220703125,0
2012-01-26,42.560001373291016,43.84000015258789,42.31999969482422,43.529998779296875,0
2012-01-27,42.869998931884766,43.0099983215332,42.349998474121094,42.400001525878906,0
2012-01-30,42.400001525878906,42.59000015258789,42.0099983215332,42.5,0
2012-01-31,42.56999969482422,42.880001068115234,42.31999969482422,42.63999938964844,0
2012-02-01,43.29999923706055,43.61000061035156,42.86000061035156,42.86000061035156,0
2012-02-02,43.619998931884766,43.86000061035156,43.13999938964844,43.380001068115234,0
2012-02-03,45.04999923706055,45.060001373291016,43.79999923706055,43.79999923706055,90498600
2012-02-06,44.70000076293945,44.97999954223633,44.4900016784668,44.97999954223633,54531600
2012-02-07,44.70000076293945,44.97999954223633,44.43000030517578,44.61000061035156,61635000
2012-02-08,45.22999954223633,45.279998779296875,44.70000076293945,44.70000076293945,75223000
2012-02-09,45.11000061035156,45.56999969482422,44.90999984741211,45.47999954223633,0
2012-02-10,44.529998779296875,44.81999969482422,44.310001373291016,44.81999969482422,65012400
2012-02-13,44.900001525878906,45.119998931884766,44.72999954223633,44.91999816894531,0
2012-02-14,44.31999969482422,44.79999923706055,43.93000030517578,44.79999923706055,78122200
2012-02-15,44.20000076293945,44.900001525878906,44.11000061035156,44.40999984741211,80402800
2012-02-16,45.150001525878906,45.150001525878906,43.91999816894531,44.11000061035156,0
2012-02-17,45.59000015258789,45.61000061035156,45.15999984741211,45.20000076293945,0
2012-02-21,45.540000915527344,45.959999084472656,45.34000015258789,45.689998626708984,0
2012-02-22,44.61000061035156,45.41999816894531,44.540000915527344,45.41999816894531,0
2012-02-23,45.099998474121094,45.15999984741211,44.40999984741211,44.63999938964844,56923200
2012-02-24,44.70000076293945,45.20000076293945,44.59000015258789,45.119998931884766,0
2012-02-27,45.29999923706055,45.400001525878906,44.2400016784668,44.630001068115234,86005200
2012-02-28,45.560001373291016,45.66999816894531,45.099998474121094,45.310001373291016,61852600
2012-02-29,45.310001373291016,46.060001373291016,45.209999084472656,45.599998474121094,94900000
2012-03-01,45.790000915527344,46.0,45.45000076293945,45.45000076293945,69814400
2012-03-02,45.59000015258789,45.939998626708984,45.54999923706055,45.79999923706055,0
2012-03-05,45.0099983215332,45.470001220703125,44.790000915527344,45.470001220703125,57226400
2012-03-06,43.79999923706055,44.77000045776367,43.68000030517578,44.77000045776367,75630600
2012-03-07,44.630001068115234,44.709999084472656,43.93000030517578,43.93000030517578,115804400
2012-03-08,45.27000045776367,45.310001373291016,44.720001220703125,44.869998931884766,49597800
2012-03-09,45.720001220703125,46.06999969482422,45.279998779296875,45.349998474121094,0
2012-03-12,45.40999984741211,45.59000015258789,44.97999954223633,45.59000015258789,0
2012-03-13,47.4900016784668,47.56999969482422,45.59000015258789,45.59000015258789,115982800
2012-03-14,48.11000061035156,48.29999923706055,47.29999923706055,47.709999084472656,142266600
2012-03-15,49.41999816894531,49.540000915527344,47.900001525878906,48.290000915527344,0
2012-03-16,49.7400016784668,49.900001525878906,49.27000045776367,49.56999969482422,189754000
2012-03-19,49.970001220703125,50.689998626708984,49.43000030517578,49.7599983215332,0
2012-03-20,50.18000030517578,50.29999923706055,49.439998626708984,49.79999923706055,0
2012-03-21,49.900001525878906,50.439998626708984,49.7599983215332,50.369998931884766,0
2012-03-22,49.09000015258789,49.65999984741211,48.84000015258789,49.65999984741211,80856200
2012-03-23,49.529998779296875,49.56999969482422,48.77000045776367,49.02000045776367,83046800
2012-03-26,50.2599983215332,50.2599983215332,49.5099983215332,49.540000915527344,68704400
2012-03-27,49.599998474121094,50.38999938964844,49.56999969482422,50.2599983215332,71036200
2012-03-28,50.119998931884766,50.130001068115234,49.41999816894531,49.61000061035156,70379000
2012-03-29,49.58000183105469,49.939998626708984,49.040000915527344,49.939998626708984,72752000
2012-03-30,49.7400016784668,49.849998474121094,49.18000030517578,49.83000183105469,0
2012-04-02,50.029998779296875,50.25,49.16999816894531,49.66999816894531,59074600
2012-04-03,49.900001525878906,49.97999954223633,49.31999969482422,49.97999954223633,69915200
2012-04-04,49.0,49.66999816894531,48.70000076293945,49.66999816894531,73575400
2012-04-05,48.869998931884766,49.2400016784668,48.63999938964844,48.84000015258789,66064000
2012-04-09,47.93000030517578,48.279998779296875,47.59000015258789,48.279998779296875,0
2012-04-10,46.83000183105469,48.119998931884766,46.75,47.869998931884766,0
2012-04-11,47.79999923706055,47.95000076293945,47.38999938964844,47.38999938964844,0
2012-04-12,48.689998626708984,48.72999954223633,47.81999969482422,47.880001068115234,0
2012-04-13,47.16999816894531,48.470001220703125,47.150001525878906,48.470001220703125,0
2012-04-16,47.65999984741211,48.04999923706055,47.130001068115234,47.630001068115234,0
2012-04-17,48.4900016784668,48.689998626708984,47.91999816894531,47.91999816894531,0
2012-04-18,48.189998626708984,48.7599983215332,48.13999938964844,48.41999816894531,0
2012-04-19,47.83000183105469,48.5099983215332,47.47999954223633,48.36000061035156,0
2012-04-20,47.560001373291016,48.09000015258789,47.4900016784668,48.02000045776367,0
2012-04-23,47.279998779296875,47.400001525878906,46.720001220703125,46.88999938964844,0
2012-04-24,47.83000183105469,47.880001068115234,47.34000015258789,47.34000015258789,0
2012-04-25,48.33000183105469,48.52000045776367,47.779998779296875,48.150001525878906,0
2012-04-26,48.709999084472656,48.75,48.09000015258789,48.119998931884766,0
2012-04-27,48.84000015258789,48.90999984741211,48.369998931884766,48.869998931884766,0
2012-04-30,48.279998779296875,48.7599983215332,47.9900016784668,48.7400016784668,0
2012-05-01,48.88999938964844,49.29999923706055,48.2599983215332,48.27000045776367,0
2012-05-02,48.439998626708984,48.63999938964844,48.060001373291016,48.599998474121094,0
2012-05-03,48.13999938964844,48.59000015258789,47.93000030517578,48.4900016784668,0
2012-05-04,47.18000030517578,48.0,47.060001373291016,47.88999938964844,0
2012-05-07,47.630001068115234,47.81999969482422,46.9900016784668,46.9900016784668,0
2012-05-08,47.2400016784668,47.529998779296875,46.779998779296875,47.349998474121094,0
2012-05-09,46.5,46.86000061035156,46.11000061035156,46.81999969482422,0
2012-05-10,46.939998626708984,47.470001220703125,46.77000045776367,46.939998626708984,0
2012-05-11,46.400001525878906,46.83000183105469,45.810001373291016,46.11000061035156,0
2012-05-14,45.20000076293945,45.95000076293945,45.20000076293945,45.90999984741211,0
2012-05-15,44.83000183105469,45.61000061035156,44.75,45.22999954223633,0
2012-05-16,44.27000045776367,45.540000915527344,44.2599983215332,45.16999816894531,0
2012-05-17,43.5,44.41999816894531,43.4900016784668,44.22999954223633,0
2012-05-18,43.08000183105469,43.7400016784668,42.900001525878906,43.47999954223633,0
2012-05-21,43.33000183105469,43.75,42.779998779296875,43.130001068115234,0
2012-05-22,43.81999969482422,44.5,43.52000045776367,43.52000045776367,0
2012-05-23,44.15999984741211,44.220001220703125,43.029998779296875,43.65999984741211,0
2012-05-24,44.189998626708984,44.38999938964844,43.68000030517578,44.2400016784668,0
2012-05-25,44.08000183105469,44.52000045776367,43.93000030517578,44.119998931884766,0
2012-05-29,44.720001220703125,44.72999954223633,44.2400016784668,44.38999938964844,0
2012-05-30,43.619998931884766,44.36000061035156,43.459999084472656,44.36000061035156,0
2012-05-31,44.08000183105469,44.439998626708984,43.18000030517578,43.63999938964844,0
2012-06-01,41.93000030517578,43.599998474121094,41.810001373291016,43.599998474121094,0
2012-06-04,41.0,42.0,40.86000061035156,41.970001220703125,76404400
2012-06-05,41.61000061035156,41.849998474121094,40.93000030517578,40.97999954223633,0
2012-06-06,42.86000061035156,42.86000061035156,41.81999969482422,42.08000183105469,0
2012-06-07,42.900001525878906,43.70000076293945,42.83000183105469,43.349998474121094,0
2012-06-08,43.61000061035156,43.61000061035156,42.31999969482422,42.83000183105469,0
2012-06-11,42.61000061035156,44.22999954223633,42.58000183105469,43.9900016784668,0
2012-06-12,43.4900016784668,43.5,42.209999084472656,42.66999816894531,0
2012-06-13,43.41999816894531,44.08000183105469,43.15999984741211,43.20000076293945,0
2012-06-14,44.04999923706055,44.25,43.5,43.56999969482422,0
2012-06-15,44.720001220703125,44.7400016784668,43.880001068115234,44.11000061035156,0
2012-06-18,44.52000045776367,44.970001220703125,44.25,44.58000183105469,0
2012-06-19,45.40999984741211,45.66999816894531,44.75,44.75,0
2012-06-20,45.54999923706055,45.81999969482422,44.97999954223633,45.47999954223633,0
2012-06-21,44.4900016784668,45.88999938964844,44.43000030517578,45.630001068115234,0
2012-06-22,45.09000015258789,45.29999923706055,44.7400016784668,44.7400016784668,0
2012-06-25,43.88999938964844,44.72999954223633,43.689998626708984,44.72999954223633,0
2012-06-26,44.13999938964844,44.40999984741211,43.720001220703125,44.04999923706055,0
2012-06-27,44.75,44.84000015258789,44.0,44.349998474121094,0
2012-06-28,44.59000015258789,44.61000061035156,43.709999084472656,44.36000061035156,0
2012-06-29,45.790000915527344,45.79999923706055,45.029998779296875,45.029998779296875,0
2012-07-02,46.08000183105469,46.189998626708984,45.41999816894531,46.04999923706055,0
2012-07-03,46.2400016784668,46.400001525878906,45.90999984741211,46.0,0
2012-07-05,45.529998779296875,46.2400016784668,45.5,46.2400016784668,52803800
2012-07-06,45.189998626708984,45.369998931884766,44.939998626708984,45.279998779296875,42550200
2012-07-09,44.95000076293945,45.27000045776367,44.630001068115234,45.119998931884766,43426600
2012-07-10,44.54999923706055,45.439998626708984,44.310001373291016,45.18000030517578,47773000
2012-07-11,45.09000015258789,45.20000076293945,44.5,44.5,56568400
2012-07-12,44.459999084472656,44.90999984741211,44.36000061035156,44.90999984741211,50378800
2012-07-13,45.90999984741211,45.970001220703125,44.54999923706055,44.54999923706055,62529000
2012-07-16,45.849998474121094,46.15999984741211,45.68000030517578,45.880001068115234,0
2012-07-17,46.33000183105469,46.33000183105469,45.439998626708984,46.099998474121094,0
2012-07-18,45.9900016784668,46.38999938964844,45.86000061035156,46.09000015258789,0
2012-07-19,45.75,46.45000076293945,45.56999969482422,46.060001373291016,0
2012-07-20,44.869998931884766,45.43000030517578,44.81999969482422,45.43000030517578,0
2012-07-23,44.45000076293945,44.54999923706055,43.959999084472656,44.439998626708984,0
2012-07-24,44.459999084472656,44.75,44.029998779296875,44.61000061035156,0
2012-07-25,44.65999984741211,44.900001525878906,44.45000076293945,44.630001068115234,0
2012-07-26,45.400001525878906,45.47999954223633,45.06999969482422,45.119998931884766,0
2012-07-27,46.099998474121094,46.380001068115234,45.369998931884766,45.56999969482422,0
2012-07-30,45.720001220703125,46.11000061035156,45.63999938964844,46.0099983215332,0
2012-07-31,45.52000045776367,45.77000045776367,45.41999816894531,45.63999938964844,0
2012-08-01,45.290000915527344,45.84000015258789,45.25,45.650001525878906,0
2012-08-02,44.689998626708984,45.130001068115234,44.2599983215332,45.029998779296875,0
2012-08-03,46.060001373291016,46.2599983215332,45.13999938964844,45.15999984741211,0
2012-08-06,46.119998931884766,46.54999923706055,46.099998474121094,46.2400016784668,0
2012-08-07,46.47999954223633,46.93000030517578,46.290000915527344,46.290000915527344,0
2012-08-08,46.529998779296875,46.720001220703125,46.13999938964844,46.2599983215332,0
2012-08-09,46.58000183105469,46.689998626708984,46.290000915527344,46.439998626708984,0
2012-08-10,46.61000061035156,46.650001525878906,46.220001220703125,46.459999084472656,0
2012-08-13,46.54999923706055,46.61000061035156,46.20000076293945,46.4900016784668,0
2012-08-14,46.540000915527344,46.959999084472656,46.41999816894531,46.720001220703125,0
2012-08-15,46.72999954223633,46.83000183105469,46.43000030517578,46.5,0
2012-08-16,46.97999954223633,47.09000015258789,46.560001373291016,46.7599983215332,0
2012-08-17,47.2400016784668,47.25,46.97999954223633,46.97999954223633,0
2012-08-20,47.380001068115234,47.439998626708984,47.099998474121094,47.130001068115234,0
2012-08-21,47.470001220703125,48.119998931884766,47.34000015258789,47.5099983215332,0
2012-08-22,47.400001525878906,47.79999923706055,47.209999084472656,47.43000030517578,0
2012-08-23,46.88999938964844,47.43000030517578,46.84000015258789,47.41999816894531,0
2012-08-24,47.16999816894531,47.310001373291016,46.68000030517578,46.7599983215332,0
2012-08-27,47.16999816894531,47.40999984741211,47.029998779296875,47.29999923706055,0
2012-08-28,47.099998474121094,47.40999984741211,46.959999084472656,47.04999923706055,0
2012-08-29,47.36000061035156,47.470001220703125,47.150001525878906,47.16999816894531,0
2012-08-30,47.029998779296875,47.15999984741211,46.72999954223633,47.13999938964844,0
2012-08-31,47.189998626708984,47.459999084472656,47.0,47.25,0
2012-09-04,47.2400016784668,47.41999816894531,46.970001220703125,47.150001525878906,0
2012-09-05,47.130001068115234,47.34000015258789,47.040000915527344,47.2400016784668,0
2012-09-06,48.5099983215332,48.540000915527344,47.34000015258789,47.34000015258789,64006800
2012-09-07,49.27000045776367,49.40999984741211,48.650001525878906,48.650001525878906,62731800
2012-09-10,48.88999938964844,49.52000045776367,48.86000061035156,49.27000045776367,0
2012-09-11,49.290000915527344,49.36000061035156,48.77000045776367,48.869998931884766,0
2012-09-12,49.630001068115234,49.84000015258789,49.43000030517578,49.43000030517578,0
2012-09-13,51.02000045776367,51.220001220703125,49.34000015258789,49.599998474121094,0
2012-09-14,51.63999938964844,52.11000061035156,51.220001220703125,51.220001220703125,0
2012-09-17,50.77000045776367,51.4900016784668,50.66999816894531,51.4900016784668,54574200
2012-09-18,50.540000915527344,50.79999923706055,50.36000061035156,50.560001373291016,0
2012-09-19,50.790000915527344,51.09000015258789,50.470001220703125,50.560001373291016,0
2012-09-20,50.45000076293945,50.619998931884766,49.959999084472656,50.619998931884766,0
2012-09-21,50.220001220703125,50.91999816894531,50.189998626708984,50.720001220703125,0
2012-09-24,50.41999816894531,50.650001525878906,49.880001068115234,49.97999954223633,0
2012-09-25,49.58000183105469,50.7599983215332,49.58000183105469,50.529998779296875,0
2012-09-26,49.20000076293945,49.5,49.060001373291016,49.5,0
2012-09-27,49.7599983215332,49.97999954223633,49.33000183105469,49.33000183105469,0
2012-09-28,49.58000183105469,49.79999923706055,49.349998474121094,49.52000045776367,0
2012-10-01,49.709999084472656,50.369998931884766,49.630001068115234,49.68000030517578,0
2012-10-02,49.869998931884766,50.029998779296875,49.58000183105469,49.86000061035156,0
2012-10-03,50.45000076293945,50.560001373291016,49.7400016784668,49.91999816894531,0
2012-10-04,51.439998626708984,51.459999084472656,50.619998931884766,50.630001068115234,0
2012-10-05,51.38999938964844,52.040000915527344,51.15999984741211,51.72999954223633,0
2012-10-08,51.16999816894531,51.29999923706055,50.970001220703125,51.08000183105469,0
2012-10-09,50.849998474121094,51.380001068115234,50.720001220703125,51.209999084472656,0
2012-10-10,50.90999984741211,51.099998474121094,50.560001373291016,50.86000061035156,0
2012-10-11,51.27000045776367,51.58000183105469,51.20000076293945,51.369998931884766,0
2012-10-12,50.0099983215332,50.88999938964844,49.79999923706055,50.88999938964844,0
2012-10-15,50.5,50.5099983215332,49.95000076293945,50.18000030517578,0
2012-10-16,50.27000045776367,50.77000045776367,50.04999923706055,50.599998474121094,0
2012-10-17,51.04999923706055,51.15999984741211,50.34000015258789,50.34000015258789,0
2012-10-18,50.790000915527344,51.130001068115234,50.59000015258789,51.09000015258789,64534200
2012-10-19,50.439998626708984,50.779998779296875,50.20000076293945,50.75,95789000
2012-10-22,50.41999816894531,50.540000915527344,49.9900016784668,50.38999938964844,0
2012-10-23,49.54999923706055,49.84000015258789,49.2400016784668,49.84000015258789,0
2012-10-24,49.40999984741211,49.93000030517578,49.34000015258789,49.72999954223633,0
2012-10-25,49.70000076293945,49.95000076293945,49.2599983215332,49.630001068115234,0
2012-10-26,49.25,49.68000030517578,49.0,49.619998931884766,0
2012-10-31,49.599998474121094,49.66999816894531,49.119998931884766,49.41999816894531,0
2012-11-01,50.45000076293945,50.45000076293945,49.439998626708984,49.63999938964844,0
2012-11-02,50.09000015258789,50.72999954223633,50.02000045776367,50.630001068115234,0
2012-11-05,49.95000076293945,50.040000915527344,49.38999938964844,49.95000076293945,0
2012-11-06,50.70000076293945,50.790000915527344,50.08000183105469,50.08000183105469,0
2012-11-07,48.38999938964844,50.06999969482422,48.38999938964844,50.06999969482422,0
2012-11-08,48.09000015258789,49.13999938964844,48.09000015258789,48.599998474121094,0
2012-11-09,48.130001068115234,48.65999984741211,47.849998474121094,48.040000915527344,0
2012-11-12,48.209999084472656,48.40999984741211,48.04999923706055,48.2599983215332,0
2012-11-13,47.65999984741211,48.470001220703125,47.650001525878906,47.91999816894531,0
2012-11-14,46.68000030517578,47.95000076293945,46.540000915527344,47.75,0
2012-11-15,46.849998474121094,47.220001220703125,46.56999969482422,46.70000076293945,0
2012-11-16,47.150001525878906,47.189998626708984,46.400001525878906,46.970001220703125,0
2012-11-19,48.20000076293945,48.2599983215332,47.529998779296875,47.529998779296875,0
2012-11-20,48.54999923706055,48.79999923706055,47.900001525878906,48.099998474121094,0
2012-11-21,48.41999816894531,48.619998931884766,48.119998931884766,48.61000061035156,0
2012-11-23,49.16999816894531,49.16999816894531,48.560001373291016,48.560001373291016,22993400
2012-11-26,48.959999084472656,48.97999954223633,48.56999969482422,48.97999954223633,0
2012-11-27,48.34000015258789,48.9900016784668,48.29999923706055,48.849998474121094,0
2012-11-28,48.5,48.5099983215332,47.58000183105469,48.13999938964844,0
2012-11-29,48.65999984741211,48.95000076293945,48.47999954223633,48.689998626708984,0
2012-11-30,48.560001373291016,48.779998779296875,48.29999923706055,48.65999984741211,0
2012-12-03,48.15999984741211,48.810001373291016,48.099998474121094,48.7400016784668,0
2012-12-04,47.84000015258789,48.2400016784668,47.52000045776367,48.16999816894531,0
2012-12-05,48.63999938964844,48.90999984741211,48.0,48.0099983215332,0
2012-12-06,48.790000915527344,48.790000915527344,48.45000076293945,48.68000030517578,0
2012-12-07,49.33000183105469,49.33000183105469,48.86000061035156,48.86000061035156,60477600
2012-12-10,49.29999923706055,49.619998931884766,48.95000076293945,49.220001220703125,0
2012-12-11,49.5099983215332,49.83000183105469,49.369998931884766,49.459999084472656,0
2012-12-12,49.709999084472656,50.18000030517578,49.619998931884766,49.650001525878906,0
2012-12-13,49.41999816894531,49.7400016784668,49.29999923706055,49.63999938964844,0
2012-12-14,49.2599983215332,49.470001220703125,49.189998626708984,49.40999984741211,44179200
2012-12-17,50.619998931884766,50.63999938964844,49.4900016784668,49.4900016784668,0
2012-12-18,51.599998474121094,51.619998931884766,50.720001220703125,50.869998931884766,0
2012-12-19,51.220001220703125,51.849998474121094,51.209999084472656,51.66999816894531,0
2012-12-20,51.900001525878906,51.900001525878906,51.20000076293945,51.25,0
2012-12-21,51.279998779296875,51.7400016784668,50.939998626708984,51.7400016784668,151390600
2012-12-24,51.06999969482422,51.2400016784668,50.95000076293945,51.209999084472656,0
2012-12-26,51.150001525878906,51.380001068115234,50.90999984741211,51.150001525878906,0
2012-12-27,50.95000076293945,51.310001373291016,50.20000076293945,51.220001220703125,0
2012-12-28,50.59000015258789,50.959999084472656,50.41999816894531,50.56999969482422,38897600
2012-12-31,51.279998779296875,51.310001373291016,50.43000030517578,50.47999954223633,0
2013-01-02,52.93000030517578,52.93000030517578,52.0,52.0,0
2013-01-03,52.84000015258789,52.88999938964844,52.470001220703125,52.86000061035156,0
2013-01-04,53.72999954223633,53.7599983215332,52.83000183105469,52.86000061035156,0
2013-01-07,53.54999923706055,53.630001068115234,53.209999084472656,53.630001068115234,0
2013-01-08,53.2599983215332,53.4900016784668,52.970001220703125,53.4900016784668,0
2013-01-09,52.88999938964844,53.650001525878906,52.72999954223633,53.279998779296875,0
2013-01-10,53.599998474121094,53.619998931884766,53.060001373291016,53.20000076293945,0
2013-01-11,53.18000030517578,53.36000061035156,52.7599983215332,53.36000061035156,0
2013-01-14,52.95000076293945,53.2400016784668,52.61000061035156,53.220001220703125,0
2013-01-15,53.310001373291016,53.380001068115234,52.619998931884766,52.79999923706055,0
2013-01-16,53.540000915527344,53.630001068115234,53.060001373291016,53.25,0
2013-01-17,53.619998931884766,53.790000915527344,53.29999923706055,53.56999969482422,0
2013-01-18,53.47999954223633,53.75,53.04999923706055,53.70000076293945,0
2013-01-22,53.900001525878906,53.900001525878906,53.369998931884766,53.459999084472656,0
2013-01-23,53.72999954223633,53.91999816894531,53.5,53.90999984741211,0
2013-01-24,53.95000076293945,54.2599983215332,53.70000076293945,53.7400016784668,0
2013-01-25,54.119998931884766,54.290000915527344,53.81999969482422,53.9900016784668,0
2013-01-28,53.88999938964844,54.11000061035156,53.63999938964844,54.11000061035156,0
2013-01-29,53.91999816894531,54.02000045776367,53.7400016784668,53.86000061035156,0
2013-01-30,53.939998626708984,54.09000015258789,53.63999938964844,53.849998474121094,0
2013-01-31,53.83000183105469,53.95000076293945,53.459999084472656,53.869998931884766,0
2013-02-01,54.72999954223633,54.790000915527344,54.029998779296875,54.029998779296875,0
2013-02-04,54.060001373291016,54.59000015258789,53.97999954223633,54.59000015258789,0
2013-02-05,54.900001525878906,55.060001373291016,54.27000045776367,54.27000045776367,0
2013-02-06,55.040000915527344,55.04999923706055,54.5099983215332,54.7400016784668,0
2013-02-07,54.84000015258789,55.15999984741211,54.439998626708984,55.060001373291016,0
2013-02-08,55.0,55.02000045776367,54.7599983215332,54.90999984741211,0
2013-02-11,55.130001068115234,55.25,54.77000045776367,54.939998626708984,0
2013-02-12,55.709999084472656,55.790000915527344,55.029998779296875,55.18000030517578,0
2013-02-13,55.380001068115234,55.849998474121094,55.209999084472656,55.7599983215332,0
2013-02-14,55.470001220703125,55.560001373291016,55.130001068115234,55.25,0
2013-02-15,55.11000061035156,55.560001373291016,54.900001525878906,55.52000045776367,0
2013-02-19,55.459999084472656,55.58000183105469,55.13999938964844,55.16999816894531,0
2013-02-20,54.540000915527344,55.40999984741211,54.5,55.40999984741211,0
2013-02-21,53.869998931884766,54.4900016784668,53.70000076293945,54.4900016784668,0
2013-02-22,54.5,54.5099983215332,54.08000183105469,54.08000183105469,0
2013-02-25,53.02000045776367,54.86000061035156,53.02000045776367,54.58000183105469,0
2013-02-26,53.279998779296875,53.41999816894531,52.709999084472656,53.15999984741211,0
2013-02-27,54.029998779296875,54.13999938964844,53.18000030517578,53.2400016784668,0
2013-02-28,53.97999954223633,54.439998626708984,53.75,53.970001220703125,0
2013-03-01,54.150001525878906,54.349998474121094,53.22999954223633,53.779998779296875,0
2013-03-04,54.790000915527344,54.79999923706055,53.97999954223633,54.029998779296875,0
2013-03-05,55.0,55.4900016784668,54.91999816894531,54.91999816894531,0
2013-03-06,55.59000015258789,55.779998779296875,55.16999816894531,55.16999816894531,0
2013-03-07,56.27000045776367,56.310001373291016,55.63999938964844,55.63999938964844,0
2013-03-08,56.59000015258789,56.79999923706055,56.20000076293945,56.4900016784668,0
2013-03-11,57.11000061035156,57.220001220703125,56.4900016784668,56.560001373291016,0
2013-03-12,56.689998626708984,57.09000015258789,56.52000045776367,57.09000015258789,0
2013-03-13,56.95000076293945,56.970001220703125,56.560001373291016,56.70000076293945,0
2013-03-14,57.27000045776367,57.33000183105469,56.97999954223633,57.060001373291016,0
2013-03-15,57.52000045776367,57.599998474121094,57.06999969482422,57.34000015258789,0
2013-03-18,56.97999954223633,57.220001220703125,56.630001068115234,57.220001220703125,0
2013-03-19,56.84000015258789,57.369998931884766,56.529998779296875,57.16999816894531,0
2013-03-20,57.119998931884766,57.33000183105469,57.029998779296875,57.029998779296875,0
2013-03-21,56.470001220703125,57.08000183105469,56.400001525878906,56.9900016784668,0
2013-03-22,56.619998931884766,56.72999954223633,56.36000061035156,56.59000015258789,0
2013-03-25,56.439998626708984,56.959999084472656,56.18000030517578,56.7400016784668,0
2013-03-26,56.630001068115234,56.72999954223633,56.310001373291016,56.560001373291016,0
2013-03-27,56.310001373291016,56.369998931884766,56.0,56.33000183105469,0
2013-03-28,56.279998779296875,56.38999938964844,56.040000915527344,56.29999923706055,0
2013-04-01,55.83000183105469,56.38999938964844,55.65999984741211,56.279998779296875,0
2013-04-02,55.810001373291016,56.040000915527344,55.66999816894531,55.869998931884766,0
2013-04-03,54.68000030517578,55.81999969482422,54.470001220703125,55.81999969482422,0
2013-04-04,55.15999984741211,55.189998626708984,54.66999816894531,54.709999084472656,0
2013-04-05,55.13999938964844,55.22999954223633,54.16999816894531,54.90999984741211,0
2013-04-08,55.7400016784668,55.7400016784668,54.77000045776367,55.16999816894531,0
2013-04-09,56.099998474121094,56.36000061035156,55.7400016784668,55.849998474121094,0
2013-04-10,56.869998931884766,56.93000030517578,56.2400016784668,56.2400016784668,0
2013-04-11,56.84000015258789,57.08000183105469,56.45000076293945,56.81999969482422,0
2013-04-12,56.209999084472656,56.689998626708984,55.970001220703125,56.689998626708984,0
2013-04-15,54.900001525878906,56.29999923706055,54.900001525878906,56.20000076293945,0
2013-04-16,55.63999938964844,55.68000030517578,55.029998779296875,55.029998779296875,0
2013-04-17,54.52000045776367,55.459999084472656,54.040000915527344,55.459999084472656,0
2013-04-18,54.029998779296875,54.599998474121094,53.70000076293945,54.59000015258789,0
2013-04-19,54.849998474121094,54.88999938964844,54.11000061035156,54.11000061035156,0
2013-04-22,54.83000183105469,54.9900016784668,54.31999969482422,54.869998931884766,0
2013-04-23,55.79999923706055,55.83000183105469,55.029998779296875,55.029998779296875,0
2013-04-24,56.439998626708984,56.5099983215332,55.869998931884766,55.880001068115234,0
2013-04-25,56.72999954223633,57.099998474121094,56.599998474121094,56.630001068115234,0
2013-04-26,56.58000183105469,56.810001373291016,56.279998779296875,56.689998626708984,0
2013-04-29,56.779998779296875,56.88999938964844,56.630001068115234,56.66999816894531,0
2013-04-30,56.880001068115234,56.880001068115234,56.439998626708984,56.75,0
2013-05-01,56.09000015258789,56.790000915527344,56.0099983215332,56.779998779296875,0
2013-05-02,56.439998626708984,56.540000915527344,56.0099983215332,56.15999984741211,0
2013-05-03,56.939998626708984,57.220001220703125,56.75,56.75,0
2013-05-06,57.68000030517578,57.70000076293945,56.90999984741211,56.90999984741211,0
2013-05-07,58.279998779296875,58.470001220703125,57.650001525878906,57.77000045776367,0
2013-05-08,58.75,58.849998474121094,58.0099983215332,58.18000030517578,0
2013-05-09,58.33000183105469,58.7599983215332,58.220001220703125,58.75,0
2013-05-10,58.529998779296875,58.560001373291016,58.220001220703125,58.41999816894531,0
2013-05-13,58.790000915527344,58.97999954223633,58.29999923706055,58.470001220703125,0
2013-05-14,59.849998474121094,59.880001068115234,58.84000015258789,58.84000015258789,0
2013-05-15,60.5099983215332,60.7400016784668,59.709999084472656,59.790000915527344,0
2013-05-16,60.15999984741211,60.7599983215332,60.060001373291016,60.43000030517578,0
2013-05-17,61.130001068115234,61.20000076293945,60.29999923706055,60.29999923706055,0
2013-05-20,61.43000030517578,61.70000076293945,61.0099983215332,61.040000915527344,0
2013-05-21,61.529998779296875,61.83000183105469,61.380001068115234,61.43000030517578,0
2013-05-22,60.91999816894531,62.4900016784668,60.75,61.560001373291016,0
2013-05-23,60.68000030517578,61.029998779296875,59.970001220703125,60.779998779296875,0
2013-05-24,60.880001068115234,60.880001068115234,60.220001220703125,60.5,0
2013-05-28,61.68000030517578,62.09000015258789,61.27000045776367,61.27000045776367,0
2013-05-29,61.79999923706055,62.06999969482422,61.20000076293945,61.5,0
2013-05-30,62.63999938964844,62.91999816894531,61.779998779296875,61.81999969482422,0
2013-05-31,61.599998474121094,62.72999954223633,61.599998474121094,62.56999969482422,0
2013-06-03,61.59000015258789,61.90999984741211,60.5099983215332,61.68000030517578,0
2013-06-04,61.0,62.09000015258789,60.81999969482422,61.58000183105469,0
2013-06-05,59.95000076293945,61.11000061035156,59.7400016784668,60.880001068115234,0
2013-06-06,60.63999938964844,60.650001525878906,59.45000076293945,59.869998931884766,0
2013-06-07,61.58000183105469,61.65999984741211,60.709999084472656,60.88999938964844,0
2013-06-10,61.93000030517578,62.08000183105469,61.5,61.7400016784668,0
2013-06-11,60.90999984741211,61.72999954223633,60.86000061035156,61.72999954223633,0
2013-06-12,60.27000045776367,61.36000061035156,60.11000061035156,61.130001068115234,0
2013-06-13,61.13999938964844,61.209999084472656,60.09000015258789,60.189998626708984,0
2013-06-14,60.15999984741211,61.119998931884766,60.0099983215332,61.119998931884766,0
2013-06-17,60.619998931884766,60.88999938964844,60.29999923706055,60.400001525878906,0
2013-06-18,61.11000061035156,61.2599983215332,60.61000061035156,60.650001525878906,0
2013-06-19,60.560001373291016,61.349998474121094,60.529998779296875,61.099998474121094,0
2013-06-20,59.97999954223633,60.540000915527344,59.779998779296875,60.27000045776367,0
2013-06-21,60.150001525878906,60.47999954223633,59.45000076293945,60.06999969482422,0
2013-06-24,59.189998626708984,60.0,58.72999954223633,60.0,0
2013-06-25,60.47999954223633,60.7400016784668,59.540000915527344,59.540000915527344,0
2013-06-26,61.04999923706055,61.310001373291016,60.689998626708984,60.720001220703125,0
2013-06-27,61.79999923706055,61.91999816894531,61.20000076293945,61.20000076293945,0
2013-06-28,61.40999984741211,61.720001220703125,61.02000045776367,61.720001220703125,0
2013-07-01,61.959999084472656,62.61000061035156,61.59000015258789,61.59000015258789,0
2013-07-02,62.29999923706055,62.79999923706055,61.939998626708984,61.95000076293945,0
2013-07-03,62.310001373291016,62.400001525878906,61.709999084472656,62.29999923706055,0
2013-07-05,63.939998626708984,63.939998626708984,62.63999938964844,62.63999938964844,0
2013-07-08,64.29000091552734,64.4800033569336,64.0199966430664,64.0999984741211,0
2013-07-09,64.56999969482422,64.66999816894531,63.95000076293945,64.47000122070312,0
2013-07-10,63.93000030517578,64.55999755859375,63.56999969482422,64.55999755859375,0
2013-07-11,63.66999816894531,64.55999755859375,63.290000915527344,64.16999816894531,0
2013-07-12,64.48999786376953,64.48999786376953,63.779998779296875,63.779998779296875,0
2013-07-15,64.8499984741211,65.02999877929688,64.51000213623047,64.66000366210938,0
2013-07-16,64.33000183105469,64.97000122070312,63.810001373291016,64.87999725341797,0
2013-07-17,64.73999786376953,64.91000366210938,64.41000366210938,64.41000366210938,0
2013-07-18,65.86000061035156,65.9000015258789,64.68000030517578,64.76000213623047,0
2013-07-19,66.05000305175781,66.05000305175781,65.52999877929688,65.80999755859375,0
2013-07-22,66.69999694824219,66.69999694824219,65.9800033569336,66.0999984741211,0
2013-07-23,66.70999908447266,66.81999969482422,66.37000274658203,66.63999938964844,0
2013-07-24,66.37999725341797,66.98999786376953,66.29000091552734,66.80999755859375,0
2013-07-25,66.19999694824219,66.37000274658203,65.72000122070312,66.22000122070312,0
2013-07-26,65.9800033569336,66.04000091552734,65.5,66.04000091552734,0
2013-07-29,65.38999938964844,65.87999725341797,65.18000030517578,65.87999725341797,0
2013-07-30,65.44000244140625,65.88999938964844,65.2699966430664,65.52999877929688,0
2013-07-31,65.7699966430664,66.44999694824219,65.61000061035156,65.61000061035156,0
2013-08-01,67.04000091552734,67.11000061035156,66.05000305175781,66.05000305175781,0
2013-08-02,66.94999694824219,66.98999786376953,66.55000305175781,66.88999938964844,0
2013-08-05,66.70999908447266,67.02999877929688,66.55000305175781,66.88999938964844,0
2013-08-06,66.0199966430664,66.6500015258789,65.86000061035156,66.6500015258789,0
2013-08-07,65.4000015258789,65.7300033569336,65.0999984741211,65.7300033569336,0
2013-08-08,65.5999984741211,66.08000183105469,65.16999816894531,65.7300033569336,0
2013-08-09,65.33000183105469,65.76000213623047,65.16999816894531,65.5199966430664,0
2013-08-12,65.16000366210938,65.37000274658203,64.88999938964844,65.12000274658203,0
2013-08-13,65.36000061035156,65.61000061035156,64.76000213623047,65.20999908447266,0
2013-08-14,65.36000061035156,65.80999755859375,65.3499984741211,65.3499984741211,0
2013-08-15,64.55000305175781,65.19999694824219,64.3499984741211,65.19999694824219,0
2013-08-16,64.70999908447266,65.19999694824219,64.38999938964844,64.55999755859375,0
2013-08-19,63.84000015258789,64.61000061035156,63.84000015258789,64.61000061035156,0
2013-08-20,64.5,64.72000122070312,63.709999084472656,63.86000061035156,0
2013-08-21,64.06999969482422,64.66999816894531,63.790000915527344,64.37000274658203,0
2013-08-22,65.02999877929688,65.1500015258789,64.13999938964844,64.13999938964844,0
2013-08-23,64.91000366210938,65.26000213623047,64.5999984741211,65.1500015258789,0
2013-08-26,64.37999725341797,65.12999725341797,64.37999725341797,64.88999938964844,0
2013-08-27,62.369998931884766,64.05000305175781,62.31999969482422,64.05000305175781,0
2013-08-28,62.45000076293945,62.86000061035156,61.970001220703125,62.33000183105469,0
2013-08-29,62.59000015258789,63.04999923706055,62.290000915527344,62.349998474121094,0
2013-08-30,62.209999084472656,62.689998626708984,61.9900016784668,62.65999984741211,0
2013-09-03,62.5,63.4900016784668,62.18000030517578,62.41999816894531,0
2013-09-04,62.939998626708984,63.189998626708984,62.400001525878906,62.470001220703125,0
2013-09-05,63.400001525878906,63.619998931884766,62.939998626708984,62.939998626708984,0
2013-09-06,63.15999984741211,63.66999816894531,62.36000061035156,63.540000915527344,0
2013-09-09,63.47999954223633,63.47999954223633,62.86000061035156,63.209999084472656,0
2013-09-10,64.16000366210938,64.27999877929688,63.689998626708984,63.689998626708984,0
2013-09-11,63.970001220703125,64.2300033569336,63.68000030517578,64.12999725341797,0
2013-09-12,63.56999969482422,64.08999633789062,63.47999954223633,63.9900016784668,0
2013-09-13,63.68000030517578,63.79999923706055,63.31999969482422,63.59000015258789,0
2013-09-16,64.19000244140625,64.48999786376953,64.0,64.0,0
2013-09-17,64.58000183105469,64.69000244140625,64.08000183105469,64.58000183105469,0
2013-09-18,64.68000030517578,65.36000061035156,64.31999969482422,64.68000030517578,0
2013-09-19,63.790000915527344,64.91999816894531,63.61000061035156,64.79000091552734,0
2013-09-20,63.59000015258789,64.0999984741211,63.59000015258789,63.790000915527344,0
2013-09-23,62.54999923706055,63.279998779296875,62.33000183105469,63.279998779296875,0
2013-09-24,62.290000915527344,62.849998474121094,62.11000061035156,62.529998779296875,0
2013-09-25,62.7400016784668,63.0099983215332,61.939998626708984,62.310001373291016,0
2013-09-26,62.529998779296875,63.09000015258789,62.22999954223633,62.75,0
2013-09-27,62.41999816894531,62.720001220703125,62.16999816894531,62.310001373291016,0
2013-09-30,62.25,62.5099983215332,61.4900016784668,62.06999969482422,0
2013-10-01,62.27000045776367,62.27000045776367,62.27000045776367,62.27000045776367,0
2013-10-02,62.5,62.66999816894531,62.15999984741211,62.560001373291016,0
2013-10-03,62.220001220703125,62.4900016784668,61.81999969482422,62.439998626708984,0
2013-10-04,62.97999954223633,63.02000045776367,62.25,62.25,0
2013-10-07,61.880001068115234,62.61000061035156,61.869998931884766,62.61000061035156,0
2013-10-08,61.20000076293945,62.099998474121094,61.18000030517578,61.880001068115234,0
2013-10-09,61.470001220703125,61.720001220703125,61.06999969482422,61.349998474121094,0
2013-10-10,63.29999923706055,63.33000183105469,61.779998779296875,61.779998779296875,0
2013-10-11,63.58000183105469,63.65999984741211,62.7599983215332,63.029998779296875,0
2013-10-14,63.93000030517578,64.02999877929688,63.16999816894531,63.349998474121094,0
2013-10-15,63.369998931884766,64.05999755859375,63.27000045776367,63.880001068115234,0
2013-10-16,63.52000045776367,63.52000045776367,63.52000045776367,63.52000045776367,0
2013-10-17,65.27999877929688,65.33000183105469,64.25,64.5999984741211,0
2013-10-18,65.5199966430664,65.6500015258789,64.83000183105469,65.33000183105469,0
2013-10-21,65.45999908447266,65.6500015258789,65.27999877929688,65.5,0
2013-10-22,65.1500015258789,65.41000366210938,65.05000305175781,65.33999633789062,0
2013-10-23,64.68000030517578,65.02999877929688,64.51000213623047,65.02999877929688,0
2013-10-24,64.66000366210938,64.76000213623047,64.27999877929688,64.68000030517578,0
2013-10-25,64.58000183105469,64.66999816894531,64.58000183105469,64.66999816894531,0
2013-10-28,64.9800033569336,65.23999786376953,64.69000244140625,64.83999633789062,0
2013-10-29,64.80000305175781,65.05999755859375,64.80000305175781,65.05999755859375,0
2013-10-30,64.93000030517578,65.3499984741211,64.83000183105469,65.05999755859375,0
2013-10-31,64.22000122070312,64.87999725341797,64.20999908447266,64.87999725341797,0
2013-11-01,64.33999633789062,64.63999938964844,64.11000061035156,64.25,0
2013-11-04,64.27999877929688,64.5,64.19000244140625,64.44999694824219,0
2013-11-05,64.26000213623047,64.44999694824219,63.880001068115234,64.11000061035156,0
2013-11-06,64.45999908447266,64.45999908447266,64.19999694824219,64.36000061035156,0
2013-11-07,63.7400016784668,64.7699966430664,63.720001220703125,64.58000183105469,0
2013-11-08,65.93000030517578,65.93000030517578,63.75,63.75,0
2013-11-11,65.81999969482422,65.9800033569336,65.58999633789062,65.8499984741211,0
2013-11-12,65.12999725341797,65.80000305175781,64.95999908447266,65.80000305175781,0
2013-11-13,65.70999908447266,65.70999908447266,64.66000366210938,64.98999786376953,0
2013-11-14,66.11000061035156,66.1500015258789,65.56999969482422,65.77999877929688,0
2013-11-15,66.29000091552734,66.38999938964844,66.0999984741211,66.16000366210938,0
2013-11-18,66.23999786376953,66.87000274658203,66.12999725341797,66.4000015258789,0
2013-11-19,66.33000183105469,66.68000030517578,66.11000061035156,66.16000366210938,0
2013-11-20,66.29000091552734,66.68000030517578,66.05999755859375,66.41000366210938,0
2013-11-21,67.29000091552734,67.48999786376953,66.41999816894531,66.41999816894531,0
2013-11-22,67.79000091552734,67.79000091552734,67.0999984741211,67.30000305175781,0
2013-11-25,68.04000091552734,68.44999694824219,67.8499984741211,67.8499984741211,0
2013-11-26,67.87000274658203,68.23999786376953,67.86000061035156,68.04000091552734,0
2013-11-27,68.05000305175781,68.23999786376953,67.80999755859375,67.88999938964844,0
2013-11-29,67.77999877929688,68.2699966430664,67.77999877929688,68.05000305175781,0
2013-12-02,67.6500015258789,68.4000015258789,67.58999633789062,67.80000305175781,0
2013-12-03,66.87999725341797,67.68000030517578,66.4800033569336,67.5199966430664,0
2013-12-04,67.12999725341797,67.5,66.5,66.6500015258789,0
2013-12-05,66.47000122070312,67.05999755859375,66.4000015258789,67.05999755859375,0
2013-12-06,66.86000061035156,66.86000061035156,66.86000061035156,66.86000061035156,0
2013-12-09,67.5999984741211,67.86000061035156,67.51000213623047,67.54000091552734,0
2013-12-10,67.41000366210938,67.86000061035156,67.31999969482422,67.5,0
2013-12-11,66.4800033569336,67.4800033569336,66.38999938964844,67.44999694824219,0
2013-12-12,66.77999877929688,67.11000061035156,66.44000244140625,66.47000122070312,0
2013-12-13,66.62000274658203,67.05999755859375,66.4800033569336,66.86000061035156,0
2013-12-16,67.11000061035156,67.31999969482422,66.79000091552734,66.79000091552734,0
2013-12-17,66.58000183105469,67.05999755859375,66.41000366210938,67.05999755859375,0
2013-12-18,67.98999786376953,68.0199966430664,66.26000213623047,66.62999725341797,0
2013-12-19,68.04000091552734,68.19000244140625,67.5999984741211,67.83000183105469,0
2013-12-20,68.3499984741211,68.56999969482422,68.12000274658203,68.12999725341797,0
2013-12-23,68.95999908447266,69.0999984741211,68.51000213623047,68.51000213623047,0
2013-12-24,69.0999984741211,69.16000366210938,68.95999908447266,68.95999908447266,0
2013-12-26,69.12999725341797,69.30000305175781,69.08999633789062,69.1500015258789,0
2013-12-27,69.08000183105469,69.29000091552734,68.97000122070312,69.11000061035156,0
2013-12-30,68.97000122070312,69.18000030517578,68.8499984741211,69.11000061035156,0
2013-12-31,69.26000213623047,69.33000183105469,69.0,69.04000091552734,0
2014-01-02,68.94999694824219,69.29000091552734,68.83000183105469,69.25,0
2014-01-03,69.47000122070312,69.63999938964844,69.08000183105469,69.08000183105469,0
2014-01-06,69.70999908447266,70.37000274658203,69.61000061035156,69.61000061035156,0
2014-01-07,69.94000244140625,69.94000244140625,69.69999694824219,69.94000244140625,0
2014-01-08,69.9000015258789,69.97000122070312,69.9000015258789,69.97000122070312,0
2014-01-09,71.0199966430664,71.06999969482422,70.5999984741211,70.5999984741211,0
2014-01-10,70.7699966430664,70.97000122070312,70.41999816894531,70.94999694824219,0
2014-01-13,69.66000366210938,70.66999816894531,69.66000366210938,70.66999816894531,0
2014-01-14,70.20999908447266,70.3499984741211,69.73999786376953,69.97000122070312,0
2014-01-15,71.19000244140625,71.2699966430664,70.30000305175781,70.30000305175781,0
2014-01-16,70.55000305175781,71.04000091552734,70.30000305175781,71.04000091552734,0
2014-01-17,70.30999755859375,70.87999725341797,70.19000244140625,70.55999755859375,0
2014-01-21,71.08999633789062,71.19000244140625,70.41999816894531,70.41999816894531,0
2014-01-22,71.4000015258789,71.44999694824219,71.02999877929688,71.18000030517578,0
2014-01-23,69.79000091552734,71.29000091552734,69.79000091552734,71.29000091552734,0
2014-01-24,68.44000244140625,69.91999816894531,68.43000030517578,69.91999816894531,0
2014-01-27,67.94000244140625,68.81999969482422,67.62999725341797,68.4800033569336,0
2014-01-28,68.54000091552734,68.68000030517578,68.06999969482422,68.06999969482422,0
2014-01-29,67.6500015258789,68.44999694824219,67.48999786376953,68.26000213623047,0
2014-01-30,68.36000061035156,68.51000213623047,67.76000213623047,67.80000305175781,0
2014-01-31,67.33000183105469,68.01000213623047,67.25,68.01000213623047,0
2014-02-03,65.5,67.4800033569336,65.38999938964844,67.30000305175781,0
2014-02-04,66.18000030517578,66.58000183105469,65.62000274658203,65.66999816894531,0
2014-02-05,66.11000061035156,66.36000061035156,65.63999938964844,66.08000183105469,0
2014-02-06,67.26000213623047,67.27999877929688,66.20999908447266,66.20999908447266,0
2014-02-07,67.7699966430664,68.02999877929688,67.16999816894531,67.38999938964844,0
2014-02-10,67.83999633789062,67.98999786376953,67.36000061035156,67.83999633789062,0
2014-02-11,68.4800033569336,68.62999725341797,67.68000030517578,67.80999755859375,0
2014-02-12,68.36000061035156,69.0199966430664,68.12000274658203,68.5,0
2014-02-13,68.5199966430664,68.55999755859375,67.81999969482422,68.18000030517578,0
2014-02-14,68.83000183105469,68.95999908447266,68.44999694824219,68.55999755859375,0
2014-02-18,68.7300033569336,69.0199966430664,68.56999969482422,68.86000061035156,0
2014-02-19,67.37000274658203,68.66000366210938,67.30000305175781,68.5199966430664,0
2014-02-20,67.62000274658203,67.7300033569336,66.94999694824219,67.41000366210938,0
2014-02-21,67.86000061035156,68.22000122070312,67.55999755859375,67.66000366210938,0
2014-02-24,68.70999908447266,69.05999755859375,67.87000274658203,67.87000274658203,0
2014-02-25,68.27999877929688,68.70999908447266,68.19000244140625,68.70999908447266,0
2014-02-26,68.4800033569336,68.62000274658203,67.9000015258789,68.37000274658203,0
2014-02-27,68.7300033569336,68.73999786376953,68.08000183105469,68.41999816894531,0
2014-02-28,69.0199966430664,69.44999694824219,68.5,68.69999694824219,0
2014-03-03,68.27999877929688,68.83999633789062,67.93000030517578,68.83999633789062,0
2014-03-04,69.62999725341797,69.7300033569336,68.51000213623047,68.51000213623047,0
2014-03-05,70.13999938964844,70.27999877929688,69.58000183105469,69.62000274658203,0
2014-03-06,70.68000030517578,70.88999938964844,70.2699966430664,70.2699966430664,0
2014-03-07,71.33999633789062,71.81999969482422,70.86000061035156,70.86000061035156,0
2014-03-10,71.37000274658203,71.4000015258789,70.8499984741211,71.27999877929688,0
2014-03-11,70.5999984741211,71.44999694824219,70.5,71.37000274658203,0
2014-03-12,70.5199966430664,70.5199966430664,69.91999816894531,70.44999694824219,0
2014-03-13,69.91999816894531,70.93000030517578,69.75,70.62000274658203,0
2014-03-14,69.54000091552734,70.31999969482422,69.38999938964844,69.86000061035156,0
2014-03-17,70.41000366210938,70.5199966430664,69.81999969482422,69.81999969482422,0
2014-03-18,70.7699966430664,70.7699966430664,70.41000366210938,70.41000366210938,0
2014-03-19,71.31999969482422,71.81999969482422,70.54000091552734,70.77999877929688,0
2014-03-20,72.91000366210938,73.19999694824219,71.2300033569336,71.2300033569336,0
2014-03-21,72.69999694824219,73.9000015258789,72.62999725341797,72.9000015258789,0
2014-03-24,72.62999725341797,73.41000366210938,72.33999633789062,72.7699966430664,0
2014-03-25,72.66000366210938,72.9800033569336,72.38999938964844,72.7699966430664,0
2014-03-26,72.01000213623047,73.05999755859375,72.01000213623047,72.83000183105469,0
2014-03-27,71.06999969482422,72.1500015258789,70.69999694824219,72.0,0
2014-03-28,71.44000244140625,71.87999725341797,71.08999633789062,71.18000030517578,0
2014-03-31,72.29000091552734,72.38999938964844,71.6500015258789,71.6500015258789,0
2014-04-01,72.66000366210938,72.7699966430664,72.30999755859375,72.44000244140625,0
2014-04-02,72.66999816894531,72.83000183105469,72.36000061035156,72.69999694824219,0
2014-04-03,72.69000244140625,72.75,72.20999908447266,72.7300033569336,0
2014-04-04,71.69000244140625,73.08000183105469,71.68000030517578,72.83000183105469,0
2014-04-07,70.56999969482422,71.66999816894531,70.31999969482422,71.66999816894531,0
2014-04-08,70.58999633789062,70.86000061035156,70.01000213623047,70.56999969482422,0
2014-04-09,70.94999694824219,71.08000183105469,70.36000061035156,70.69000244140625,0
2014-04-10,68.86000061035156,70.94999694824219,68.86000061035156,70.94000244140625,0
2014-04-11,68.08999633789062,68.93000030517578,67.38999938964844,68.63999938964844,0
2014-04-14,68.58999633789062,69.20999908447266,67.81999969482422,68.31999969482422,0
2014-04-15,69.12000274658203,69.33000183105469,68.08000183105469,68.5999984741211,0
2014-04-16,69.29000091552734,69.33999633789062,68.6500015258789,69.2699966430664,0
2014-04-17,69.01000213623047,69.23999786376953,68.62999725341797,69.18000030517578,0
2014-04-21,68.97000122070312,69.37000274658203,68.87999725341797,69.05000305175781,0
2014-04-22,69.51000213623047,69.83000183105469,68.69000244140625,68.81999969482422,0
2014-04-23,69.86000061035156,69.9000015258789,69.33000183105469,69.47000122070312,0
2014-04-24,69.37000274658203,70.04000091552734,69.26000213623047,69.93000030517578,0
2014-04-25,68.55000305175781,69.23999786376953,68.5199966430664,69.23999786376953,0
2014-04-28,67.72000122070312,68.61000061035156,67.25,68.61000061035156,0
2014-04-29,68.26000213623047,68.37000274658203,67.87999725341797,67.87999725341797,0
2014-04-30,68.43000030517578,68.58000183105469,67.97000122070312,68.19000244140625,0
2014-05-01,68.19000244140625,68.58999633789062,67.97000122070312,68.48999786376953,0
2014-05-02,68.55000305175781,69.26000213623047,68.25,68.25,0
2014-05-05,68.13999938964844,68.23999786376953,67.62999725341797,68.2300033569336,0
2014-05-06,67.12999725341797,68.04000091552734,67.12000274658203,68.04000091552734,0
2014-05-07,67.94000244140625,67.95999908447266,67.08000183105469,67.26000213623047,0
2014-05-08,68.04000091552734,68.51000213623047,67.80999755859375,67.87000274658203,0
2014-05-09,67.97000122070312,68.06999969482422,67.44999694824219,68.0199966430664,0
2014-05-12,68.9800033569336,69.01000213623047,68.16000366210938,68.16000366210938,0
2014-05-13,68.73999786376953,69.08999633789062,68.69999694824219,68.97000122070312,0
2014-05-14,67.66999816894531,68.6500015258789,67.55999755859375,68.6500015258789,0
2014-05-15,66.95999908447266,67.56999969482422,66.22000122070312,67.56999969482422,0
2014-05-16,66.80999755859375,66.94000244140625,66.3499984741211,66.94000244140625,0
2014-05-19,67.5,67.55000305175781,66.5999984741211,66.69000244140625,0
2014-05-20,67.06999969482422,67.4800033569336,66.77999877929688,67.44999694824219,0
2014-05-21,67.6500015258789,67.95999908447266,67.19000244140625,67.19000244140625,0
2014-05-22,67.93000030517578,67.9800033569336,67.55999755859375,67.66999816894531,0
2014-05-23,68.12000274658203,68.25,67.83000183105469,67.94000244140625,0
2014-05-27,68.70999908447266,69.19000244140625,68.2300033569336,68.2300033569336,0
2014-05-28,68.63999938964844,68.83000183105469,68.37999725341797,68.68000030517578,0
2014-05-29,68.66000366210938,68.81999969482422,68.37000274658203,68.66999816894531,0
2014-05-30,68.91000366210938,69.08999633789062,68.61000061035156,68.61000061035156,0
2014-06-02,69.27999877929688,69.33000183105469,68.52999877929688,68.98999786376953,0
2014-06-03,69.5199966430664,69.66000366210938,68.97000122070312,69.16999816894531,0
2014-06-04,69.55000305175781,69.6500015258789,69.3499984741211,69.43000030517578,0
2014-06-05,70.26000213623047,70.33999633789062,69.31999969482422,69.58999633789062,0
2014-06-06,70.81999969482422,70.95999908447266,70.31999969482422,70.33000183105469,0
2014-06-09,71.8499984741211,71.9000015258789,70.81999969482422,70.81999969482422,0
2014-06-10,71.7699966430664,71.79000091552734,71.36000061035156,71.77999877929688,0
2014-06-11,71.12000274658203,71.5199966430664,70.91999816894531,71.5199966430664,0
2014-06-12,70.66999816894531,71.23999786376953,70.51000213623047,71.05000305175781,0
2014-06-13,70.70999908447266,71.23999786376953,70.5,70.76000213623047,0
2014-06-16,70.20999908447266,70.63999938964844,70.02999877929688,70.63999938964844,0
2014-06-17,71.08999633789062,71.33999633789062,70.08000183105469,70.13999938964844,0
2014-06-18,71.38999938964844,71.44999694824219,70.73999786376953,71.0999984741211,0
2014-06-19,71.13999938964844,71.41000366210938,70.83999633789062,71.41000366210938,0
2014-06-20,71.58000183105469,71.7699966430664,71.2300033569336,71.2300033569336,0
2014-06-23,71.76000213623047,71.79000091552734,71.26000213623047,71.58000183105469,0
2014-06-24,71.1500015258789,72.04000091552734,71.08999633789062,71.63999938964844,0
2014-06-25,71.3499984741211,71.48999786376953,70.48999786376953,71.01000213623047,0
2014-06-26,71.12999725341797,71.2699966430664,70.44999694824219,71.2699966430664,0
2014-06-27,71.30000305175781,71.30999755859375,70.91000366210938,71.05000305175781,0
2014-06-30,71.30999755859375,71.5,71.11000061035156,71.30000305175781,0
2014-07-01,71.75,72.23999786376953,71.47000122070312,71.48999786376953,0
2014-07-02,71.6500015258789,72.06999969482422,71.56999969482422,71.76000213623047,0
2014-07-03,72.37999725341797,72.55000305175781,71.80999755859375,71.80999755859375,0
2014-07-07,71.91000366210938,72.30000305175781,71.75,72.30000305175781,0
2014-07-08,71.08999633789062,71.7300033569336,70.91999816894531,71.7300033569336,0
2014-07-09,71.36000061035156,71.52999877929688,71.1500015258789,71.2699966430664,0
2014-07-10,70.83000183105469,71.05000305175781,70.3499984741211,71.0199966430664,0
2014-07-11,70.97000122070312,71.08000183105469,70.27999877929688,70.62000274658203,0
2014-07-14,71.22000122070312,71.83999633789062,71.16000366210938,71.47000122070312,0
2014-07-15,72.18000030517578,72.2699966430664,71.36000061035156,71.36000061035156,0
2014-07-16,71.52999877929688,72.30999755859375,71.4000015258789,72.23999786376953,0
2014-07-17,70.0,71.25,69.86000061035156,71.25,0
2014-07-18,70.76000213623047,70.88999938964844,70.16000366210938,70.16000366210938,0
2014-07-21,70.51000213623047,70.66000366210938,70.22000122070312,70.66000366210938,0
2014-07-22,70.62999725341797,70.83000183105469,70.52999877929688,70.75,0
2014-07-23,70.86000061035156,70.9800033569336,70.56999969482422,70.68000030517578,0
2014-07-24,71.4800033569336,71.58999633789062,70.94999694824219,70.94999694824219,0
2014-07-25,71.5999984741211,71.66999816894531,71.31999969482422,71.3499984741211,0
2014-07-28,71.0999984741211,71.5999984741211,70.87999725341797,71.51000213623047,0
2014-07-29,70.77999877929688,71.36000061035156,70.77999877929688,71.0999984741211,0
2014-07-30,71.4000015258789,71.66000366210938,70.8499984741211,70.91999816894531,0
2014-07-31,70.13999938964844,71.19000244140625,70.13999938964844,71.19000244140625,0
2014-08-01,69.16000366210938,70.2699966430664,68.87000274658203,70.02999877929688,0
2014-08-04,69.37999725341797,69.55000305175781,68.87999725341797,69.27999877929688,0
2014-08-05,68.7699966430664,69.51000213623047,68.5199966430664,69.16999816894531,0
2014-08-06,68.9000015258789,69.31999969482422,68.61000061035156,68.61000061035156,0
2014-08-07,68.30000305175781,69.30999755859375,68.1500015258789,69.16999816894531,0
2014-08-08,68.83000183105469,68.8499984741211,68.11000061035156,68.3499984741211,0
2014-08-11,68.66000366210938,68.97000122070312,68.56999969482422,68.91000366210938,0
2014-08-12,68.70999908447266,69.02999877929688,68.51000213623047,68.55999755859375,0
2014-08-13,69.12999725341797,69.30000305175781,68.87000274658203,68.87000274658203,0
2014-08-14,69.3499984741211,69.4800033569336,69.16000366210938,69.16000366210938,0
2014-08-15,69.01000213623047,69.72000122070312,68.5999984741211,69.4000015258789,0
2014-08-18,69.83999633789062,69.93000030517578,69.16000366210938,69.16000366210938,0
2014-08-19,69.87999725341797,70.23999786376953,69.8499984741211,69.88999938964844,0
2014-08-20,70.12000274658203,70.22000122070312,69.6500015258789,69.77999877929688,0
2014-08-21,71.19999694824219,71.37000274658203,70.16999816894531,70.19000244140625,0
2014-08-22,71.08999633789062,71.62999725341797,70.94000244140625,71.12000274658203,0
2014-08-25,71.69999694824219,71.9800033569336,71.31999969482422,71.31999969482422,0
2014-08-26,71.91000366210938,72.1500015258789,71.69999694824219,71.69999694824219,0
2014-08-27,71.5199966430664,71.98999786376953,71.38999938964844,71.91000366210938,0
2014-08-28,71.13999938964844,71.37000274658203,70.86000061035156,71.33999633789062,0
2014-08-29,71.48999786376953,71.56999969482422,71.18000030517578,71.23999786376953,0
2014-09-02,71.9000015258789,71.94000244140625,71.4000015258789,71.62000274658203,0
2014-09-03,71.69999694824219,72.23999786376953,71.5199966430664,72.05999755859375,0
2014-09-04,71.80999755859375,72.3499984741211,71.61000061035156,71.75,0
2014-09-05,71.80999755859375,71.83000183105469,71.1500015258789,71.68000030517578,0
2014-09-08,71.81999969482422,72.02999877929688,71.55000305175781,71.7699966430664,0
2014-09-09,71.08999633789062,71.6500015258789,70.94999694824219,71.6500015258789,0
2014-09-10,71.83000183105469,71.95999908447266,71.12999725341797,71.12999725341797,0
2014-09-11,72.19000244140625,72.19999694824219,71.5999984741211,71.69000244140625,0
2014-09-12,72.6500015258789,72.93000030517578,72.20999908447266,72.20999908447266,0
2014-09-15,72.58999633789062,72.80000305175781,72.30000305175781,72.62999725341797,0
2014-09-16,72.58000183105469,72.93000030517578,72.37000274658203,72.4800033569336,0
2014-09-17,73.05000305175781,73.51000213623047,72.58000183105469,72.62999725341797,0
2014-09-18,73.95999908447266,74.16999816894531,73.22000122070312,73.22000122070312,0
2014-09-19,73.69000244140625,74.48999786376953,73.58000183105469,74.08000183105469,0
2014-09-22,73.1500015258789,73.87999725341797,73.08000183105469,73.62000274658203,0
2014-09-23,72.5,73.30999755859375,72.5,73.08000183105469,0
2014-09-24,72.76000213623047,72.77999877929688,72.23999786376953,72.55000305175781,0
2014-09-25,71.61000061035156,72.66000366210938,71.61000061035156,72.66000366210938,0
2014-09-26,72.06999969482422,72.16000366210938,71.5999984741211,71.62999725341797,0
2014-09-29,71.73999786376953,71.93000030517578,71.33999633789062,71.7699966430664,0
2014-09-30,71.55999755859375,72.01000213623047,71.4000015258789,71.77999877929688,0
2014-10-01,70.72000122070312,71.58000183105469,70.5999984741211,71.55999755859375,0
2014-10-02,70.76000213623047,71.02999877929688,69.9800033569336,70.68000030517578,0
2014-10-03,71.77999877929688,71.87999725341797,70.97000122070312,70.97000122070312,0
2014-10-06,71.5199966430664,72.16000366210938,71.44000244140625,71.9800033569336,0
2014-10-07,70.22000122070312,71.30999755859375,70.20999908447266,71.30999755859375,0
2014-10-08,71.47000122070312,71.5,70.13999938964844,70.23999786376953,0
2014-10-09,69.72000122070312,71.41000366210938,69.66000366210938,71.41000366210938,0
2014-10-10,68.94000244140625,70.33999633789062,68.94000244140625,69.7699966430664,0
2014-10-13,68.41999816894531,69.51000213623047,68.41999816894531,68.9800033569336,0
2014-10-14,68.66000366210938,69.18000030517578,68.25,68.66999816894531,0
2014-10-15,66.37000274658203,68.27999877929688,65.05000305175781,68.22000122070312,0
2014-10-16,66.5199966430664,66.94000244140625,65.41000366210938,66.01000213623047,0
2014-10-17,66.80999755859375,67.31999969482422,66.44000244140625,66.69999694824219,0
2014-10-20,67.19999694824219,67.26000213623047,66.7300033569336,66.7300033569336,0
2014-10-21,68.62000274658203,68.69999694824219,67.41000366210938,67.41000366210938,0
2014-10-22,68.11000061035156,69.01000213623047,68.0999984741211,68.62000274658203,0
2014-10-23,68.77999877929688,69.30000305175781,68.38999938964844,68.38999938964844,0
2014-10-24,69.4000015258789,69.41000366210938,68.72000122070312,68.72000122070312,0
2014-10-27,69.4800033569336,69.51000213623047,69.02999877929688,69.2699966430664,0
2014-10-28,70.5,70.5,69.5999984741211,69.5999984741211,0
2014-10-29,71.0199966430664,71.16999816894531,70.22000122070312,70.47000122070312,0
2014-10-30,71.19000244140625,71.52999877929688,70.62999725341797,70.94999694824219,0
2014-10-31,72.13999938964844,72.1500015258789,71.51000213623047,71.51000213623047,0
2014-11-03,72.25,72.5999984741211,72.0199966430664,72.19000244140625,0
2014-11-04,72.19000244140625,72.23999786376953,71.5199966430664,72.1500015258789,0
2014-11-05,72.75,72.75,72.26000213623047,72.44000244140625,0
2014-11-06,73.22000122070312,73.22000122070312,72.52999877929688,72.76000213623047,0
2014-11-07,73.12000274658203,73.36000061035156,72.77999877929688,73.12000274658203,0
2014-11-10,73.4000015258789,73.44999694824219,73.0,73.06999969482422,0
2014-11-11,73.22000122070312,73.5199966430664,73.1500015258789,73.38999938964844,0
2014-11-12,73.18000030517578,73.25,72.6500015258789,72.97000122070312,0
2014-11-13,72.87000274658203,73.23999786376953,72.5999984741211,73.19000244140625,0
2014-11-14,72.70999908447266,73.0999984741211,72.62000274658203,72.83999633789062,0
2014-11-17,72.62999725341797,72.63999938964844,72.22000122070312,72.61000061035156,0
2014-11-18,72.72000122070312,72.98999786376953,72.55000305175781,72.62999725341797,0
2014-11-19,72.5199966430664,72.68000030517578,72.12999725341797,72.68000030517578,0
2014-11-20,72.61000061035156,72.61000061035156,72.01000213623047,72.26000213623047,0
2014-11-21,72.69000244140625,73.41999816894531,72.55000305175781,72.80999755859375,0
2014-11-24,73.3499984741211,73.48999786376953,72.81999969482422,72.81999969482422,0
2014-11-25,73.12000274658203,73.43000030517578,72.94999694824219,73.37000274658203,0
2014-11-26,73.2300033569336,73.25,72.97000122070312,73.13999938964844,0
2014-11-28,72.68000030517578,73.38999938964844,72.5999984741211,73.27999877929688,0
2014-12-01,71.61000061035156,72.51000213623047,71.30999755859375,72.51000213623047,0
2014-12-02,72.5,72.62999725341797,71.66000366210938,71.66000366210938,0
2014-12-03,73.0999984741211,73.16000366210938,72.37999725341797,72.45999908447266,0
2014-12-04,73.19999694824219,73.31999969482422,72.66999816894531,73.04000091552734,0
2014-12-05,74.5999984741211,74.87999725341797,73.45999908447266,73.45999908447266,0
2014-12-08,74.55000305175781,75.05999755859375,74.16000366210938,74.5,0
2014-12-09,74.54000091552734,74.5999984741211,73.37000274658203,74.31999969482422,0
2014-12-10,72.9800033569336,74.62000274658203,72.93000030517578,74.4000015258789,0
2014-12-11,73.13999938964844,73.94000244140625,73.0199966430664,73.16999816894531,0
2014-12-12,71.77999877929688,72.9800033569336,71.77999877929688,72.91000366210938,0
2014-12-15,71.12999725341797,72.37999725341797,70.81999969482422,71.95999908447266,0
2014-12-16,70.51000213623047,71.94000244140625,70.3499984741211,70.9000015258789,0
2014-12-17,72.08000183105469,72.12999725341797,70.58000183105469,70.58000183105469,0
2014-12-18,73.93000030517578,73.94000244140625,72.36000061035156,72.38999938964844,0
2014-12-19,73.87999725341797,74.36000061035156,73.7300033569336,73.9800033569336,0
2014-12-22,74.1500015258789,74.1500015258789,73.6500015258789,73.91999816894531,0
2014-12-23,74.94999694824219,75.19000244140625,74.31999969482422,74.36000061035156,0
2014-12-24,74.83000183105469,75.12000274658203,74.63999938964844,75.08999633789062,0
2014-12-26,74.8499984741211,75.19999694824219,74.83000183105469,74.93000030517578,0
2014-12-29,75.23999786376953,75.61000061035156,74.5999984741211,74.7300033569336,0
2014-12-30,75.12000274658203,75.33000183105469,74.79000091552734,75.0999984741211,0
2014-12-31,74.26000213623047,75.37000274658203,74.26000213623047,75.30999755859375,0
2015-01-02,74.05000305175781,74.80000305175781,73.33999633789062,74.36000061035156,0
2015-01-05,71.87000274658203,73.94999694824219,71.73999786376953,73.94999694824219,0
2015-01-06,69.95999908447266,72.0,69.62999725341797,71.88999938964844,0
2015-01-07,70.55999755859375,70.86000061035156,69.94999694824219,70.08000183105469,0
2015-01-08,71.80000305175781,71.93000030517578,70.6500015258789,70.6500015258789,0
2015-01-09,70.18000030517578,71.81999969482422,70.16999816894531,71.80999755859375,0
2015-01-12,69.44999694824219,70.2699966430664,69.18000030517578,70.18000030517578,0
2015-01-13,68.97000122070312,70.33999633789062,68.4800033569336,69.52999877929688,0
2015-01-14,67.61000061035156,68.87000274658203,66.4800033569336,68.87000274658203,0
2015-01-15,66.4000015258789,67.58999633789062,66.19000244140625,67.58999633789062,0
2015-01-16,67.3499984741211,67.37000274658203,66.16999816894531,66.37000274658203,0
2015-01-20,66.83999633789062,67.76000213623047,66.58000183105469,67.38999938964844,0
2015-01-21,67.2300033569336,67.77999877929688,66.6500015258789,66.80000305175781,0
2015-01-22,69.6500015258789,69.7699966430664,67.2699966430664,67.2699966430664,0
2015-01-23,68.66000366210938,69.7699966430664,68.66000366210938,69.62999725341797,0
2015-01-26,69.23999786376953,69.25,68.29000091552734,68.61000061035156,0
2015-01-27,68.3499984741211,69.05000305175781,67.9000015258789,69.05000305175781,0
2015-01-28,66.68000030517578,68.62000274658203,66.68000030517578,68.38999938964844,0
2015-01-29,67.69999694824219,67.83000183105469,66.52999877929688,66.69999694824219,0
2015-01-30,66.73999786376953,67.79000091552734,66.69999694824219,67.55000305175781,0
2015-02-02,68.18000030517578,68.30999755859375,66.7300033569336,66.83999633789062,0
2015-02-03,69.51000213623047,69.55000305175781,68.22000122070312,68.22000122070312,0
2015-02-04,69.12999725341797,69.76000213623047,69.04000091552734,69.45999908447266,0
2015-02-05,70.05999755859375,70.13999938964844,69.12999725341797,69.12999725341797,0
2015-02-06,71.33000183105469,72.12999725341797,70.19000244140625,70.19000244140625,0
2015-02-09,70.87000274658203,71.31999969482422,70.62999725341797,71.19999694824219,0
2015-02-10,71.3499984741211,71.55000305175781,70.83999633789062,71.0199966430664,0
2015-02-11,71.08000183105469,71.31999969482422,70.66999816894531,71.31999969482422,0
2015-02-12,72.48999786376953,72.58000183105469,71.16000366210938,71.16000366210938,0
2015-02-13,72.54000091552734,73.0,72.19000244140625,72.5199966430664,0
2015-02-17,72.9000015258789,72.95999908447266,72.06999969482422,72.5,0
2015-02-18,71.87999725341797,72.87000274658203,71.73999786376953,72.87000274658203,0
2015-02-19,71.76000213623047,72.05999755859375,71.12000274658203,71.81999969482422,0
2015-02-20,72.43000030517578,72.47000122070312,70.91000366210938,71.7300033569336,0
2015-02-23,72.0999984741211,72.37999725341797,71.69999694824219,72.37999725341797,0
2015-02-24,72.81999969482422,73.12999725341797,72.12000274658203,72.12999725341797,0
2015-02-25,72.8499984741211,73.0,72.56999969482422,72.81999969482422,0
2015-02-26,72.62999725341797,72.83999633789062,72.26000213623047,72.80000305175781,0
2015-02-27,72.29000091552734,72.70999908447266,72.26000213623047,72.58999633789062,0
2015-03-02,73.0199966430664,73.0199966430664,72.04000091552734,72.2699966430664,0
2015-03-03,72.94000244140625,73.08999633789062,72.58999633789062,72.97000122070312,0
2015-03-04,72.54000091552734,72.94000244140625,72.2300033569336,72.94000244140625,0
2015-03-05,72.80999755859375,72.83000183105469,72.02999877929688,72.54000091552734,0
2015-03-06,73.04000091552734,74.30000305175781,72.75,72.75,0
2015-03-09,73.31999969482422,73.47000122070312,72.94999694824219,73.06999969482422,0
2015-03-10,71.5199966430664,73.2300033569336,71.5199966430664,73.2300033569336,0
2015-03-11,72.16999816894531,72.30000305175781,71.52999877929688,71.52999877929688,0
2015-03-12,74.0,74.02999877929688,72.33000183105469,72.33000183105469,0
2015-03-13,73.44999694824219,73.95999908447266,72.86000061035156,73.95999908447266,0
2015-03-16,73.93000030517578,73.97000122070312,73.41000366210938,73.4800033569336,0
2015-03-17,74.08999633789062,74.08999633789062,73.22000122070312,73.77999877929688,0
2015-03-18,73.88999938964844,74.36000061035156,73.4000015258789,74.0199966430664,0
2015-03-19,73.0,73.8499984741211,72.58999633789062,73.8499984741211,0
2015-03-20,73.91000366210938,74.0199966430664,73.0999984741211,73.11000061035156,0
2015-03-23,73.37000274658203,74.16000366210938,73.37000274658203,73.91000366210938,0
2015-03-24,72.69999694824219,73.33999633789062,72.69999694824219,73.33999633789062,0
2015-03-25,71.5,72.72000122070312,71.48999786376953,72.72000122070312,0
2015-03-26,71.69999694824219,71.94999694824219,70.7699966430664,71.45999908447266,0
2015-03-27,71.38999938964844,71.6500015258789,71.04000091552734,71.63999938964844,0
2015-03-30,72.44000244140625,72.77999877929688,71.75,71.75,0
2015-03-31,72.16000366210938,72.4000015258789,71.86000061035156,72.16000366210938,0
2015-04-01,71.94999694824219,72.13999938964844,71.37999725341797,72.02999877929688,0
2015-04-02,72.5,72.5999984741211,71.88999938964844,71.94000244140625,0
2015-04-06,72.25,72.55000305175781,71.2699966430664,71.98999786376953,0
2015-04-07,72.41999816894531,72.79000091552734,72.2300033569336,72.30999755859375,0
2015-04-08,72.55999755859375,73.01000213623047,72.33000183105469,72.48999786376953,0
2015-04-09,72.86000061035156,72.93000030517578,72.18000030517578,72.48999786376953,0
2015-04-10,72.77999877929688,72.94000244140625,72.5,72.80999755859375,0
2015-04-13,73.2699966430664,73.37000274658203,72.77999877929688,72.77999877929688,0
2015-04-14,73.04000091552734,73.33000183105469,72.69000244140625,73.19999694824219,0
2015-04-15,73.5999984741211,73.93000030517578,72.9800033569336,73.0199966430664,0
2015-04-16,73.69999694824219,74.05000305175781,73.08000183105469,73.55000305175781,0
2015-04-17,72.69000244140625,73.55000305175781,72.47000122070312,73.55000305175781,0
2015-04-20,72.97000122070312,73.27999877929688,72.77999877929688,73.0199966430664,0
2015-04-21,72.75,73.51000213623047,72.63999938964844,73.1500015258789,0
2015-04-22,73.4800033569336,73.66999816894531,72.44999694824219,72.81999969482422,0
2015-04-23,73.29000091552734,73.58000183105469,73.06999969482422,73.30999755859375,0
2015-04-24,72.77999877929688,73.23999786376953,72.62999725341797,73.18000030517578,0
2015-04-27,72.58999633789062,73.44999694824219,72.58999633789062,72.8499984741211,0
2015-04-28,73.27999877929688,73.3499984741211,72.36000061035156,72.58999633789062,0
2015-04-29,73.95999908447266,74.30999755859375,73.06999969482422,73.0999984741211,0
2015-04-30,73.69000244140625,74.19000244140625,73.37999725341797,73.88999938964844,0
2015-05-01,73.95999908447266,74.25,73.5999984741211,73.9000015258789,0
2015-05-04,74.9800033569336,75.0,74.05999755859375,74.05999755859375,0
2015-05-05,74.61000061035156,75.5,74.56999969482422,74.7300033569336,0
2015-05-06,74.30999755859375,75.02999877929688,73.7300033569336,74.70999908447266,0
2015-05-07,74.19999694824219,74.4800033569336,73.70999908447266,74.26000213623047,0
2015-05-08,75.08999633789062,75.12000274658203,74.30000305175781,74.51000213623047,0
2015-05-11,75.18000030517578,75.43000030517578,74.94999694824219,75.04000091552734,0
2015-05-12,75.2300033569336,75.41999816894531,74.47000122070312,75.01000213623047,0
2015-05-13,75.62999725341797,75.7300033569336,74.94000244140625,75.13999938964844,0
2015-05-14,75.91999816894531,76.0,75.58000183105469,75.9000015258789,0
2015-05-15,75.12999725341797,75.97000122070312,74.83999633789062,75.97000122070312,0
2015-05-18,75.94000244140625,76.02999877929688,75.12000274658203,75.12999725341797,0
2015-05-19,76.91000366210938,76.94000244140625,76.08999633789062,76.0999984741211,0
2015-05-20,76.31999969482422,76.72000122070312,76.16000366210938,76.72000122070312,0
2015-05-21,76.25,76.4000015258789,76.02999877929688,76.13999938964844,0
2015-05-22,76.13999938964844,76.44000244140625,76.13999938964844,76.19999694824219,0
2015-05-26,75.5999984741211,76.0,75.29000091552734,75.98999786376953,0
2015-05-27,76.3499984741211,76.45999908447266,75.6500015258789,75.76000213623047,0
2015-05-28,76.2300033569336,76.31999969482422,75.81999969482422,76.25,0
2015-05-29,75.51000213623047,76.20999908447266,75.3499984741211,76.19999694824219,0
2015-06-01,75.2300033569336,75.97000122070312,75.0,75.7300033569336,0
2015-06-02,75.9000015258789,76.08000183105469,75.12999725341797,75.29000091552734,0
2015-06-03,76.9000015258789,77.19000244140625,76.13999938964844,76.13999938964844,0
2015-06-04,76.25,76.98999786376953,76.08000183105469,76.7300033569336,0
2015-06-05,77.58999633789062,77.93000030517578,76.7699966430664,76.7699966430664,0
2015-06-08,77.30000305175781,78.0,77.29000091552734,77.5199966430664,0
2015-06-09,77.9800033569336,78.25,77.05999755859375,77.30999755859375,0
2015-06-10,79.01000213623047,79.37999725341797,78.19000244140625,78.20999908447266,0
2015-06-11,78.91999816894531,79.31999969482422,78.66999816894531,78.98999786376953,0
2015-06-12,78.83999633789062,78.94000244140625,78.41999816894531,78.80999755859375,0
2015-06-15,78.5999984741211,78.88999938964844,77.83000183105469,78.37999725341797,0
2015-06-16,79.02999877929688,79.08000183105469,78.33000183105469,78.5,0
2015-06-17,78.41000366210938,79.37999725341797,78.2699966430664,79.19999694824219,0
2015-06-18,78.83999633789062,78.88999938964844,78.01000213623047,78.58999633789062,0
2015-06-19,78.16999816894531,78.86000061035156,78.1500015258789,78.81999969482422,0
2015-06-22,79.13999938964844,79.2699966430664,78.55999755859375,78.55999755859375,0
2015-06-23,79.66999816894531,79.8499984741211,79.33999633789062,79.33999633789062,0
2015-06-24,79.0199966430664,79.70999908447266,78.98999786376953,79.5,0
2015-06-25,78.54000091552734,79.37999725341797,78.4800033569336,79.19000244140625,0
2015-06-26,78.79000091552734,79.12999725341797,78.5999984741211,78.8499984741211,0
2015-06-29,76.81999969482422,78.2300033569336,76.77999877929688,78.18000030517578,0
2015-06-30,77.19000244140625,78.0999984741211,76.7699966430664,77.36000061035156,0
2015-07-01,78.05999755859375,78.26000213623047,77.5999984741211,77.61000061035156,0
2015-07-02,77.36000061035156,77.98999786376953,76.94000244140625,77.98999786376953,0
2015-07-06,77.05000305175781,77.11000061035156,76.25,76.91000366210938,0
2015-07-07,76.44000244140625,76.9800033569336,75.11000061035156,76.9800033569336,0
2015-07-08,74.93000030517578,76.02999877929688,74.91999816894531,76.0199966430664,0
2015-07-09,75.76000213623047,76.36000061035156,75.4800033569336,75.5199966430664,0
2015-07-10,76.7699966430664,77.01000213623047,76.16000366210938,76.18000030517578,0
2015-07-13,77.6500015258789,77.7300033569336,77.1500015258789,77.1500015258789,0
2015-07-14,78.04000091552734,78.05000305175781,77.16999816894531,77.4000015258789,0
2015-07-15,78.95999908447266,79.26000213623047,78.18000030517578,78.26000213623047,0
2015-07-16,79.7300033569336,79.83999633789062,79.2699966430664,79.27999877929688,0
2015-07-17,79.19999694824219,79.5999984741211,78.7699966430664,79.58999633789062,0
2015-07-20,79.5199966430664,79.80000305175781,79.16999816894531,79.30999755859375,0
2015-07-21,79.51000213623047,80.13999938964844,79.30999755859375,79.4000015258789,0
2015-07-22,80.41000366210938,80.66999816894531,79.5,79.54000091552734,0
2015-07-23,79.75,80.87000274658203,79.62999725341797,80.41000366210938,0
2015-07-24,78.41000366210938,79.69000244140625,78.26000213623047,79.6500015258789,0
2015-07-27,77.58000183105469,78.0999984741211,77.26000213623047,78.08999633789062,0
2015-07-28,77.91999816894531,78.05000305175781,77.22000122070312,77.83999633789062,0
2015-07-29,78.55999755859375,78.69999694824219,77.86000061035156,77.94000244140625,0
2015-07-30,78.86000061035156,78.88999938964844,78.29000091552734,78.45999908447266,0
2015-07-31,78.31999969482422,78.8499984741211,78.2300033569336,78.8499984741211,0
2015-08-03,78.18000030517578,78.58000183105469,77.66999816894531,78.3499984741211,0
2015-08-04,78.38999938964844,78.87000274658203,78.13999938964844,78.1500015258789,0
2015-08-05,78.80000305175781,79.5,78.5,78.87999725341797,0
2015-08-06,78.47000122070312,79.11000061035156,78.2699966430664,78.87999725341797,0
2015-08-07,78.22000122070312,78.98999786376953,77.6500015258789,78.4800033569336,0
2015-08-10,79.52999877929688,79.54000091552734,78.62999725341797,78.62999725341797,0
2015-08-11,78.30999755859375,79.12000274658203,77.94999694824219,79.12000274658203,0
2015-08-12,77.06999969482422,77.66999816894531,75.9000015258789,77.6500015258789,0
2015-08-13,77.4800033569336,77.69000244140625,76.9000015258789,77.18000030517578,0
2015-08-14,78.23999786376953,78.25,77.41000366210938,77.5,0
2015-08-17,78.30000305175781,78.58999633789062,77.48999786376953,77.91000366210938,0
2015-08-18,78.37999725341797,78.69999694824219,78.05000305175781,78.27999877929688,0
2015-08-19,77.54000091552734,78.27999877929688,77.41999816894531,78.12000274658203,0
2015-08-20,75.31999969482422,77.1500015258789,75.31999969482422,77.1500015258789,0
2015-08-21,72.98999786376953,74.9800033569336,72.98999786376953,74.95999908447266,0
2015-08-24,69.0199966430664,72.02999877929688,68.62000274658203,72.02999877929688,0
2015-08-25,67.83000183105469,71.12999725341797,67.80000305175781,69.54000091552734,0
2015-08-26,70.86000061035156,70.93000030517578,68.41999816894531,68.41999816894531,0
2015-08-27,72.87999725341797,73.04000091552734,71.16000366210938,71.16000366210938,0
2015-08-28,72.76000213623047,72.94999694824219,72.19999694824219,72.63999938964844,0
2015-08-31,72.55999755859375,72.80000305175781,72.05000305175781,72.37000274658203,0
2015-09-01,69.44999694824219,71.80000305175781,68.94999694824219,71.76000213623047,0
2015-09-02,70.62000274658203,70.76000213623047,69.4800033569336,70.05000305175781,0
2015-09-03,71.25,72.05999755859375,70.77999877929688,70.87000274658203,0
2015-09-04,70.0,70.73999786376953,69.48999786376953,70.7300033569336,0
2015-09-08,71.94000244140625,71.9800033569336,70.5199966430664,70.55999755859375,0
2015-09-09,71.04000091552734,73.05999755859375,70.87000274658203,72.41000366210938,0
2015-09-10,71.5,71.9800033569336,70.6500015258789,70.81999969482422,0
2015-09-11,71.41000366210938,71.41999816894531,70.66999816894531,71.20999908447266,0
2015-09-14,71.4800033569336,71.83999633789062,71.05999755859375,71.37000274658203,0
2015-09-15,72.61000061035156,72.86000061035156,71.61000061035156,71.61000061035156,0
2015-09-16,72.87999725341797,72.9800033569336,71.88999938964844,72.61000061035156,0
2015-09-17,71.19999694824219,73.38999938964844,70.91999816894531,72.86000061035156,0
2015-09-18,69.4800033569336,70.87999725341797,69.26000213623047,70.87999725341797,0
2015-09-21,70.33000183105469,70.61000061035156,69.72000122070312,69.72000122070312,0
2015-09-22,69.41999816894531,69.81999969482422,68.88999938964844,69.77999877929688,0
2015-09-23,69.48999786376953,69.91999816894531,69.05000305175781,69.41000366210938,0
2015-09-24,69.0999984741211,69.19999694824219,68.29000091552734,68.91999816894531,0
2015-09-25,70.4800033569336,70.91999816894531,69.62999725341797,69.62999725341797,0
2015-09-28,68.62000274658203,70.1500015258789,68.51000213623047,70.12999725341797,0
2015-09-29,68.83999633789062,68.9800033569336,68.12000274658203,68.70999908447266,0
2015-09-30,69.81999969482422,69.87000274658203,68.94999694824219,69.27999877929688,0
2015-10-01,69.83999633789062,70.12000274658203,69.01000213623047,69.86000061035156,0
2015-10-02,69.4000015258789,69.45999908447266,66.69999694824219,69.45999908447266,0
2015-10-05,70.91000366210938,71.08999633789062,69.80999755859375,69.80999755859375,0
2015-10-06,70.68000030517578,71.12000274658203,70.41999816894531,70.77999877929688,0
2015-10-07,71.2300033569336,71.70999908447266,70.62000274658203,71.05000305175781,0
2015-10-08,71.5199966430664,71.62999725341797,70.58999633789062,71.0999984741211,0
2015-10-09,70.8499984741211,71.83999633789062,70.56999969482422,71.52999877929688,0
2015-10-12,70.93000030517578,71.12000274658203,70.51000213623047,70.86000061035156,0
2015-10-13,70.44999694824219,71.05999755859375,70.38999938964844,70.68000030517578,0
2015-10-14,69.30999755859375,70.29000091552734,69.08999633789062,70.27999877929688,0
2015-10-15,71.18000030517578,71.19999694824219,69.66999816894531,69.73999786376953,0
2015-10-16,71.02999877929688,71.61000061035156,70.77999877929688,71.23999786376953,0
2015-10-19,70.7300033569336,71.37999725341797,70.66000366210938,70.76000213623047,0
2015-10-20,71.44999694824219,71.73999786376953,70.72000122070312,70.86000061035156,0
2015-10-21,70.47000122070312,71.83000183105469,70.47000122070312,71.58000183105469,0
2015-10-22,71.68000030517578,72.31999969482422,70.73999786376953,70.73999786376953,0
2015-10-23,73.2300033569336,73.26000213623047,71.88999938964844,71.91000366210938,0
2015-10-26,72.75,73.26000213623047,72.36000061035156,73.19999694824219,0
2015-10-27,72.31999969482422,72.62999725341797,71.9800033569336,72.47000122070312,0
2015-10-28,74.86000061035156,74.95999908447266,72.3499984741211,72.36000061035156,0
2015-10-29,73.9800033569336,75.13999938964844,73.81999969482422,74.68000030517578,0
2015-10-30,72.58000183105469,73.9800033569336,72.3499984741211,73.9800033569336,0
2015-11-02,73.72000122070312,73.97000122070312,72.75,72.75,0
2015-11-03,73.88999938964844,74.2300033569336,73.31999969482422,73.62000274658203,0
2015-11-04,73.79000091552734,74.16999816894531,73.62999725341797,74.02999877929688,0
2015-11-05,74.51000213623047,74.79000091552734,73.87999725341797,73.87999725341797,0
2015-11-06,76.55000305175781,77.13999938964844,74.76000213623047,74.76000213623047,0
2015-11-10,75.9800033569336,76.12000274658203,75.19000244140625,75.72000122070312,0
2015-11-11,75.69999694824219,76.45999908447266,75.58999633789062,76.19999694824219,0
2015-11-12,74.4000015258789,75.4000015258789,74.38999938964844,75.38999938964844,0
2015-11-13,73.69000244140625,74.5199966430664,73.44000244140625,74.16999816894531,0
2015-11-16,74.58000183105469,74.58000183105469,73.20999908447266,73.5999984741211,0
2015-11-17,74.44999694824219,75.30999755859375,74.20999908447266,74.66999816894531,0
2015-11-18,76.0,76.02999877929688,74.5999984741211,74.66000366210938,0
2015-11-19,76.0199966430664,76.23999786376953,75.44000244140625,75.94999694824219,0
2015-11-20,75.91000366210938,76.4800033569336,75.69000244140625,76.12000274658203,0
2015-11-23,75.61000061035156,76.2300033569336,75.56999969482422,75.88999938964844,0
2015-11-24,75.62999725341797,75.87000274658203,74.8499984741211,75.27999877929688,0
2015-11-25,75.63999938964844,75.87000274658203,75.37999725341797,75.73999786376953,0
2015-11-27,75.9000015258789,75.94999694824219,75.27999877929688,75.6500015258789,0
2015-11-30,75.75,76.19000244140625,75.6500015258789,75.97000122070312,0
2015-12-01,76.55000305175781,76.68000030517578,75.83000183105469,75.94000244140625,0
2015-12-02,75.69999694824219,76.73999786376953,75.58000183105469,76.66000366210938,0
2015-12-03,74.61000061035156,76.1500015258789,74.4000015258789,75.9000015258789,0
2015-12-04,76.7699966430664,76.91000366210938,74.7300033569336,74.93000030517578,0
2015-12-07,75.76000213623047,76.5999984741211,75.30999755859375,76.5999984741211,0
2015-12-08,74.36000061035156,75.4800033569336,74.16000366210938,75.47000122070312,0
2015-12-09,73.41000366210938,74.83999633789062,72.87999725341797,74.06999969482422,0
2015-12-10,73.80999755859375,74.63999938964844,73.0199966430664,73.38999938964844,0
2015-12-11,72.01000213623047,73.19999694824219,71.55999755859375,73.18000030517578,0
2015-12-14,72.05000305175781,72.75,71.11000061035156,72.22000122070312,0
2015-12-15,74.30000305175781,74.66000366210938,72.54000091552734,72.55000305175781,0
2015-12-16,75.56999969482422,75.7699966430664,73.91999816894531,74.76000213623047,0
2015-12-17,74.08999633789062,75.83000183105469,74.06999969482422,75.70999908447266,0
2015-12-18,71.95999908447266,73.93000030517578,71.94999694824219,73.91999816894531,0
2015-12-21,72.5999984741211,72.91000366210938,71.81999969482422,72.44999694824219,0
2015-12-22,73.05999755859375,73.20999908447266,72.02999877929688,73.04000091552734,0
2015-12-23,74.1500015258789,74.16999816894531,73.30000305175781,73.31999969482422,0
2015-12-24,74.12999725341797,74.4800033569336,73.87000274658203,74.08999633789062,0
2015-12-28,73.77999877929688,73.86000061035156,73.0,73.86000061035156,0
2015-12-29,74.52999877929688,74.69000244140625,74.05999755859375,74.16999816894531,0
2015-12-30,73.70999908447266,74.36000061035156,73.6500015258789,74.3499984741211,0
2015-12-31,73.08000183105469,73.95999908447266,73.04000091552734,73.43000030517578,0
2016-01-04,71.30999755859375,72.3499984741211,70.58999633789062,72.3499984741211,0
2016-01-05,71.2699966430664,71.80999755859375,70.72000122070312,71.37999725341797,0
2016-01-06,70.02999877929688,70.76000213623047,69.72000122070312,70.75,0
2016-01-07,67.72000122070312,69.5199966430664,67.55000305175781,69.5199966430664,0
2016-01-08,66.4000015258789,68.55000305175781,66.27999877929688,68.0199966430664,0
2016-01-11,66.52999877929688,67.06999969482422,65.7699966430664,66.62999725341797,0
2016-01-12,67.08999633789062,67.41999816894531,66.0,66.95999908447266,0
2016-01-13,64.79000091552734,67.58000183105469,64.52999877929688,67.37000274658203,0
2016-01-14,65.5199966430664,66.05000305175781,64.22000122070312,65.13999938964844,0
2016-01-15,63.63999938964844,65.08999633789062,62.56999969482422,65.08999633789062,0
2016-01-19,63.2400016784668,64.58999633789062,62.77000045776367,64.0999984741211,0
2016-01-20,62.11000061035156,62.790000915527344,60.56999969482422,62.63999938964844,0
2016-01-21,61.2599983215332,62.86000061035156,61.15999984741211,62.08000183105469,0
2016-01-22,62.2599983215332,62.599998474121094,61.900001525878906,62.06999969482422,0
2016-01-25,60.099998474121094,62.060001373291016,60.029998779296875,62.04999923706055,0
2016-01-26,61.40999984741211,61.599998474121094,60.209999084472656,60.209999084472656,0
2016-01-27,61.77000045776367,63.18000030517578,61.18000030517578,61.34000015258789,0
2016-01-28,62.18000030517578,62.86000061035156,61.65999984741211,62.08000183105469,0
2016-01-29,63.86000061035156,63.869998931884766,62.369998931884766,62.40999984741211,0
2016-02-01,63.25,63.689998626708984,62.779998779296875,63.66999816894531,0
2016-02-02,61.20000076293945,62.88999938964844,60.90999984741211,62.88999938964844,0
2016-02-03,61.31999969482422,61.56999969482422,59.04999923706055,61.43000030517578,0
2016-02-04,62.16999816894531,62.790000915527344,61.2400016784668,61.2400016784668,0
2016-02-05,61.380001068115234,62.849998474121094,61.150001525878906,62.25,0
2016-02-08,59.45000076293945,61.0099983215332,58.70000076293945,61.0099983215332,0
2016-02-09,59.59000015258789,60.06999969482422,58.41999816894531,59.040000915527344,0
2016-02-10,58.97999954223633,60.709999084472656,58.93000030517578,59.880001068115234,0
2016-02-11,56.5099983215332,58.16999816894531,55.9900016784668,58.130001068115234,0
2016-02-12,59.540000915527344,59.59000015258789,57.189998626708984,57.189998626708984,0
2016-02-16,61.209999084472656,61.709999084472656,60.06999969482422,60.16999816894531,0
2016-02-17,61.61000061035156,62.400001525878906,61.38999938964844,61.66999816894531,0
2016-02-18,60.619998931884766,61.81999969482422,60.20000076293945,61.7599983215332,0
2016-02-19,60.849998474121094,60.97999954223633,59.869998931884766,60.34000015258789,0
2016-02-22,62.150001525878906,62.2400016784668,61.34000015258789,61.34000015258789,0
2016-02-23,60.349998474121094,61.95000076293945,60.08000183105469,61.95000076293945,0
2016-02-24,59.84000015258789,59.959999084472656,58.27000045776367,59.849998474121094,0
2016-02-25,60.65999984741211,60.70000076293945,59.77000045776367,59.93000030517578,0
2016-02-26,61.66999816894531,62.33000183105469,60.79999923706055,60.970001220703125,0
2016-02-29,60.25,61.59000015258789,60.25,61.5099983215332,0
2016-03-01,63.0099983215332,63.0099983215332,60.56999969482422,60.56999969482422,0
2016-03-02,64.16999816894531,64.16999816894531,62.95000076293945,63.02000045776367,0
2016-03-03,64.94999694824219,64.95999908447266,63.83000183105469,64.08000183105469,0
2016-03-04,65.48999786376953,66.06999969482422,65.0,65.29000091552734,0
2016-03-07,65.25,65.4800033569336,64.6500015258789,65.08000183105469,0
2016-03-08,63.599998474121094,64.8499984741211,63.45000076293945,64.8499984741211,0
2016-03-09,63.349998474121094,64.12000274658203,63.130001068115234,63.880001068115234,0
2016-03-10,63.560001373291016,64.31999969482422,62.560001373291016,63.63999938964844,0
2016-03-11,65.37999725341797,65.43000030517578,64.08000183105469,64.08000183105469,0
2016-03-14,65.12999725341797,65.4000015258789,64.5999984741211,65.20999908447266,0
2016-03-15,64.9800033569336,65.0,64.30999755859375,64.72000122070312,0
2016-03-16,64.36000061035156,65.51000213623047,63.81999969482422,64.75,0
2016-03-17,64.69999694824219,64.86000061035156,63.459999084472656,64.19999694824219,0
2016-03-18,65.8499984741211,66.2300033569336,64.83000183105469,64.83000183105469,0
2016-03-21,66.0199966430664,66.47000122070312,65.5199966430664,65.83000183105469,0
2016-03-22,65.81999969482422,66.12999725341797,65.16000366210938,65.79000091552734,0
2016-03-23,65.2300033569336,65.83000183105469,65.19000244140625,65.7699966430664,0
2016-03-24,64.80000305175781,64.80000305175781,63.84000015258789,64.7699966430664,0
2016-03-28,64.6500015258789,64.9800033569336,64.36000061035156,64.93000030517578,0
2016-03-29,64.16000366210938,64.31999969482422,63.34000015258789,64.30999755859375,0
2016-03-30,64.6500015258789,65.33000183105469,64.44000244140625,64.44000244140625,0
2016-03-31,64.2300033569336,64.87000274658203,64.0,64.55999755859375,0
2016-04-01,64.69999694824219,64.7699966430664,63.33000183105469,64.05999755859375,0
2016-04-04,64.55000305175781,65.13999938964844,64.22000122070312,64.61000061035156,0
2016-04-05,63.29999923706055,64.20999908447266,63.22999954223633,64.20999908447266,0
2016-04-06,63.869998931884766,63.93000030517578,62.900001525878906,63.27000045776367,0
2016-04-07,62.04999923706055,63.54999923706055,61.650001525878906,63.54999923706055,0
2016-04-08,62.34000015258789,63.34000015258789,62.18000030517578,62.34000015258789,0
2016-04-11,62.810001373291016,63.56999969482422,62.630001068115234,62.630001068115234,0
2016-04-12,63.91999816894531,64.04000091552734,62.83000183105469,63.0099983215332,0
2016-04-13,66.37999725341797,66.56999969482422,64.43000030517578,64.43000030517578,0
2016-04-14,67.05000305175781,67.81999969482422,66.13999938964844,66.36000061035156,0
2016-04-15,66.69999694824219,67.47000122070312,66.36000061035156,67.12000274658203,0
2016-04-18,67.18000030517578,67.36000061035156,66.19999694824219,66.41000366210938,0
2016-04-19,68.4000015258789,68.41000366210938,67.3499984741211,67.3499984741211,0
2016-04-20,69.61000061035156,69.69999694824219,68.3499984741211,68.48999786376953,0
2016-04-21,69.36000061035156,70.25,69.22000122070312,69.72000122070312,0
2016-04-22,70.16000366210938,70.37000274658203,69.30999755859375,69.30999755859375,0
2016-04-25,69.73999786376953,70.05999755859375,69.13999938964844,69.94000244140625,0
2016-04-26,70.44999694824219,70.51000213623047,69.5199966430664,69.86000061035156,0
2016-04-27,70.55000305175781,71.08999633789062,69.95999908447266,70.4000015258789,0
2016-04-28,69.66999816894531,70.5999984741211,69.41999816894531,70.30999755859375,0
2016-04-29,69.08999633789062,69.68000030517578,68.63999938964844,69.43000030517578,0
2016-05-02,69.69999694824219,69.79000091552734,68.7300033569336,69.36000061035156,0
2016-05-03,68.29000091552734,69.23999786376953,67.6500015258789,69.2300033569336,0
2016-05-04,66.91999816894531,67.83000183105469,66.41999816894531,67.66000366210938,0
2016-05-05,66.70999908447266,67.41000366210938,66.5,67.12000274658203,0
2016-05-06,66.91000366210938,66.94000244140625,66.0999984741211,66.29000091552734,0
2016-05-10,67.79000091552734,67.93000030517578,66.9000015258789,66.9000015258789,0
2016-05-11,67.38999938964844,68.31999969482422,67.38999938964844,67.5199966430664,0
2016-05-12,67.06999969482422,68.26000213623047,66.70999908447266,67.5999984741211,0
2016-05-13,66.0,67.72000122070312,65.80999755859375,67.05000305175781,0
2016-05-16,66.58000183105469,66.91000366210938,65.9000015258789,65.97000122070312,0
2016-05-17,66.4800033569336,67.12000274658203,65.91999816894531,66.33999633789062,0
2016-05-18,69.04000091552734,69.12999725341797,66.5,66.5199966430664,0
2016-05-19,68.47000122070312,69.41999816894531,67.88999938964844,68.75,0
2016-05-20,68.80000305175781,69.3499984741211,68.56999969482422,68.66999816894531,0
2016-05-23,68.62999725341797,69.02999877929688,68.13999938964844,68.7699966430664,0
2016-05-24,69.72000122070312,70.02999877929688,68.93000030517578,69.13999938964844,0
2016-05-25,71.04000091552734,71.52999877929688,70.12000274658203,70.12999725341797,0
2016-05-26,70.38999938964844,71.04000091552734,70.19000244140625,71.02999877929688,0
2016-05-27,71.02999877929688,71.02999877929688,70.38999938964844,70.58000183105469,0
2016-05-31,70.87000274658203,71.45999908447266,70.5199966430664,71.37999725341797,0
2016-06-01,71.12999725341797,71.22000122070312,69.61000061035156,70.5,0
2016-06-02,71.4000015258789,71.4000015258789,70.61000061035156,71.01000213623047,0
2016-06-03,69.79000091552734,70.48999786376953,68.55000305175781,70.48999786376953,0
2016-06-06,70.69000244140625,71.1500015258789,69.8499984741211,69.91999816894531,0
2016-06-07,70.16000366210938,70.86000061035156,70.1500015258789,70.70999908447266,0
2016-06-08,70.22000122070312,70.55999755859375,69.98999786376953,70.08000183105469,0
2016-06-09,69.30999755859375,69.83999633789062,68.7699966430664,69.83000183105469,0
2016-06-10,68.22000122070312,68.80999755859375,67.9800033569336,68.80999755859375,0
2016-06-13,67.5,68.63999938964844,67.48999786376953,67.9000015258789,0
2016-06-14,65.9000015258789,67.7300033569336,65.4800033569336,67.30000305175781,0
2016-06-15,66.02999877929688,67.13999938964844,65.94999694824219,66.19999694824219,0
2016-06-16,65.7300033569336,65.79000091552734,64.66999816894531,65.66000366210938,0
2016-06-17,66.04000091552734,66.43000030517578,65.54000091552734,65.7699966430664,0
2016-06-20,66.44000244140625,67.86000061035156,66.38999938964844,66.80000305175781,0
2016-06-21,66.70999908447266,66.86000061035156,66.05000305175781,66.7300033569336,0
2016-06-22,66.55999755859375,67.44999694824219,66.52999877929688,66.7300033569336,0
2016-06-23,68.5199966430664,68.5199966430664,67.16999816894531,67.18000030517578,0
2016-06-24,63.5099983215332,67.47000122070312,63.5099983215332,67.47000122070312,0
2016-06-27,60.27000045776367,62.79999923706055,59.939998626708984,62.79999923706055,0
2016-06-28,62.130001068115234,62.20000076293945,60.91999816894531,61.11000061035156,0
2016-06-29,63.689998626708984,63.689998626708984,62.40999984741211,62.939998626708984,0
2016-06-30,64.86000061035156,64.87000274658203,63.599998474121094,64.13999938964844,0
2016-07-01,64.19999694824219,64.83000183105469,63.91999816894531,64.5199966430664,0
2016-07-05,62.34000015258789,63.58000183105469,61.95000076293945,63.58000183105469,0
2016-07-06,62.77000045776367,62.83000183105469,61.279998779296875,61.810001373291016,0
2016-07-07,63.27000045776367,63.88999938964844,62.869998931884766,62.869998931884766,0
2016-07-08,64.44999694824219,64.9000015258789,64.12999725341797,64.1500015258789,0
2016-07-11,64.9800033569336,65.44000244140625,64.8499984741211,64.8499984741211,0
2016-07-12,66.22000122070312,66.3499984741211,65.63999938964844,65.63999938964844,0
2016-07-13,66.12000274658203,66.43000030517578,65.69999694824219,66.2300033569336,0
2016-07-14,67.26000213623047,67.54000091552734,67.04000091552734,67.25,0
2016-07-15,67.22000122070312,67.70999908447266,66.81999969482422,67.62000274658203,0
2016-07-18,67.47000122070312,67.62000274658203,67.1500015258789,67.2699966430664,0
2016-07-19,67.43000030517578,67.7300033569336,66.95999908447266,67.2300033569336,0
2016-07-20,67.44999694824219,67.72000122070312,67.08000183105469,67.68000030517578,0
2016-07-21,67.11000061035156,67.83999633789062,67.05000305175781,67.54000091552734,0
2016-07-22,67.5,67.55000305175781,66.79000091552734,67.04000091552734,0
2016-07-25,67.33999633789062,67.55999755859375,67.1500015258789,67.37999725341797,0
2016-07-26,67.75,67.7699966430664,67.19999694824219,67.26000213623047,0
2016-07-27,68.12000274658203,68.58000183105469,67.81999969482422,67.81999969482422,0
2016-07-28,68.20999908447266,68.30999755859375,67.5,67.94999694824219,0
2016-07-29,68.0,68.47000122070312,67.81999969482422,68.0199966430664,0
2016-08-01,67.44000244140625,68.3499984741211,67.31999969482422,68.08000183105469,0
2016-08-02,66.9000015258789,67.58000183105469,66.55999755859375,67.2699966430664,0
2016-08-03,67.88999938964844,67.9000015258789,66.98999786376953,67.04000091552734,0
2016-08-04,67.83999633789062,68.1500015258789,67.70999908447266,67.81999969482422,0
2016-08-05,69.98999786376953,69.98999786376953,68.44000244140625,68.44000244140625,0
2016-08-08,69.98999786376953,70.44999694824219,69.77999877929688,70.08000183105469,0
2016-08-09,69.94000244140625,70.19999694824219,69.76000213623047,69.98999786376953,0
2016-08-10,69.05000305175781,69.9000015258789,68.97000122070312,69.87999725341797,0
2016-08-11,69.36000061035156,69.52999877929688,68.88999938964844,69.22000122070312,0
2016-08-12,69.05000305175781,69.08000183105469,68.56999969482422,68.88999938964844,0
2016-08-15,69.88999938964844,69.9800033569336,69.2699966430664,69.27999877929688,0
2016-08-16,69.9000015258789,70.11000061035156,69.5,69.58000183105469,0
2016-08-17,70.05000305175781,70.16999816894531,69.83000183105469,69.88999938964844,0
2016-08-18,70.11000061035156,70.27999877929688,69.83999633789062,69.98999786376953,0
2016-08-19,70.2300033569336,70.29000091552734,69.68000030517578,70.02999877929688,0
2016-08-22,70.2300033569336,70.31999969482422,69.87999725341797,70.08000183105469,0
2016-08-23,70.27999877929688,70.69000244140625,70.27999877929688,70.41000366210938,0
2016-08-24,70.20999908447266,70.68000030517578,70.0999984741211,70.3499984741211,0
2016-08-25,70.4800033569336,70.55000305175781,70.1500015258789,70.16000366210938,0
2016-08-26,71.0,71.36000061035156,70.5199966430664,70.72000122070312,0
2016-08-29,71.61000061035156,71.88999938964844,71.11000061035156,71.11000061035156,0
2016-08-30,72.4800033569336,72.4800033569336,71.69000244140625,71.69000244140625,0
2016-08-31,72.62000274658203,72.75,71.79000091552734,72.58000183105469,0
2016-09-01,72.19999694824219,72.95999908447266,71.51000213623047,72.75,0
2016-09-02,72.55000305175781,72.6500015258789,71.91999816894531,72.37000274658203,0
2016-09-06,71.77999877929688,72.55000305175781,71.36000061035156,72.55000305175781,0
2016-09-07,71.91999816894531,72.02999877929688,71.29000091552734,71.54000091552734,0
2016-09-08,72.2300033569336,72.47000122070312,71.75,71.98999786376953,0
2016-09-09,71.51000213623047,72.62000274658203,71.51000213623047,72.12000274658203,0
2016-09-12,72.23999786376953,72.4000015258789,70.55000305175781,71.18000030517578,0
2016-09-13,71.08000183105469,71.76000213623047,70.41000366210938,71.73999786376953,0
2016-09-14,70.66999816894531,71.5,70.55000305175781,70.94999694824219,0
2016-09-15,71.13999938964844,71.2699966430664,70.33000183105469,70.41999816894531,0
2016-09-16,70.3499984741211,70.80999755859375,70.0999984741211,70.80999755859375,0
2016-09-19,70.69000244140625,71.33999633789062,70.44000244140625,70.61000061035156,0
2016-09-20,70.80000305175781,71.41000366210938,70.62999725341797,71.16999816894531,0
2016-09-21,71.1500015258789,71.41000366210938,70.5,71.04000091552734,0
2016-09-22,71.30000305175781,71.56999969482422,71.04000091552734,71.37999725341797,0
2016-09-23,71.23999786376953,71.7300033569336,71.05999755859375,71.1500015258789,0
2016-09-26,69.7300033569336,70.87000274658203,69.62999725341797,70.87000274658203,0
2016-09-27,70.43000030517578,70.44999694824219,69.16999816894531,69.4000015258789,0
2016-09-28,70.80000305175781,70.83000183105469,69.97000122070312,70.6500015258789,0
2016-09-29,69.70999908447266,71.29000091552734,69.37000274658203,70.7300033569336,0
2016-09-30,70.8499984741211,71.19999694824219,69.87999725341797,70.08000183105469,0
2016-10-03,70.61000061035156,71.01000213623047,70.31999969482422,70.61000061035156,0
2016-10-04,71.4000015258789,71.94000244140625,70.63999938964844,70.69999694824219,0
2016-10-05,72.79000091552734,73.0199966430664,71.62000274658203,71.62000274658203,0
2016-10-06,72.94999694824219,73.13999938964844,72.36000061035156,72.80999755859375,0
2016-10-07,72.86000061035156,73.12000274658203,72.23999786376953,72.97000122070312,0
2016-10-10,73.19999694824219,73.58000183105469,73.16000366210938,73.31999969482422,0
2016-10-11,72.33000183105469,73.2699966430664,71.94999694824219,73.05000305175781,0
2016-10-12,72.2699966430664,72.8499984741211,72.20999908447266,72.37000274658203,0
2016-10-13,70.9000015258789,71.66000366210938,70.12000274658203,71.6500015258789,0
2016-10-14,71.2300033569336,72.16999816894531,70.9800033569336,71.5,0
2016-10-17,70.93000030517578,71.51000213623047,70.70999908447266,71.43000030517578,0
2016-10-18,71.83000183105469,71.87000274658203,71.1500015258789,71.47000122070312,0
2016-10-19,73.02999877929688,73.19999694824219,71.94999694824219,72.0199966430664,0
2016-10-20,73.48999786376953,73.91999816894531,72.83999633789062,72.9000015258789,0
2016-10-21,73.69000244140625,73.7300033569336,72.86000061035156,73.11000061035156,0
2016-10-24,74.04000091552734,74.37000274658203,73.91000366210938,74.19999694824219,0
2016-10-25,74.08000183105469,74.37999725341797,73.7699966430664,73.95999908447266,0
2016-10-26,74.75,74.87000274658203,73.7699966430664,73.83000183105469,0
2016-10-27,75.0999984741211,75.6500015258789,74.72000122070312,75.12999725341797,0
2016-10-28,74.54000091552734,75.20999908447266,74.02999877929688,75.20999908447266,0
2016-10-31,74.48999786376953,74.94999694824219,74.47000122070312,74.7300033569336,0
2016-11-01,74.5,75.0999984741211,73.66999816894531,74.87999725341797,0
2016-11-02,73.55000305175781,74.1500015258789,73.19999694824219,74.12999725341797,0
2016-11-03,73.47000122070312,74.27999877929688,73.30999755859375,73.72000122070312,0
2016-11-04,73.36000061035156,74.12000274658203,72.87000274658203,73.62999725341797,0
2016-11-07,75.41999816894531,75.44000244140625,74.3499984741211,74.3499984741211,0
2016-11-08,75.13999938964844,75.51000213623047,74.33999633789062,75.0199966430664,0
2016-11-09,78.83000183105469,79.30999755859375,75.66000366210938,75.66999816894531,0
2016-11-10,81.8499984741211,82.5999984741211,79.61000061035156,79.61000061035156,0
2016-11-11,82.66999816894531,82.73999786376953,81.11000061035156,81.51000213623047,0
2016-11-14,85.3499984741211,85.91999816894531,83.55000305175781,83.55000305175781,0
2016-11-15,85.58999633789062,85.5999984741211,83.36000061035156,84.62999725341797,0
2016-11-16,83.9000015258789,84.69000244140625,83.5999984741211,84.63999938964844,0
2016-11-17,85.3499984741211,85.4800033569336,83.81999969482422,83.94000244140625,0
2016-11-18,85.70999908447266,85.94000244140625,85.0199966430664,85.37000274658203,0
2016-11-21,85.86000061035156,86.08999633789062,85.33000183105469,85.86000061035156,0
2016-11-22,86.05000305175781,86.36000061035156,85.5199966430664,86.08000183105469,0
2016-11-23,86.70999908447266,86.81999969482422,85.87999725341797,86.38999938964844,0
2016-11-25,86.91000366210938,86.91000366210938,86.38999938964844,86.80000305175781,0
2016-11-28,85.30000305175781,86.6500015258789,85.12000274658203,86.33999633789062,0
2016-11-29,85.55000305175781,86.08999633789062,85.30000305175781,85.52999877929688,0
2016-11-30,87.2699966430664,87.55999755859375,86.44000244140625,86.5,0
2016-12-01,89.16999816894531,89.5,87.66000366210938,87.66000366210938,0
2016-12-02,88.2300033569336,89.0199966430664,87.81999969482422,89.0199966430664,0
2016-12-05,89.29000091552734,89.7699966430664,88.94000244140625,88.94000244140625,0
2016-12-06,90.41000366210938,90.41999816894531,89.0,89.70999908447266,0
2016-12-07,91.79000091552734,91.79000091552734,90.13999938964844,90.37000274658203,0
2016-12-08,92.95999908447266,93.6500015258789,91.80999755859375,92.12000274658203,0
2016-12-09,92.97000122070312,92.97000122070312,92.05999755859375,92.8499984741211,0
2016-12-12,91.7699966430664,93.25,91.51000213623047,92.8499984741211,0
2016-12-13,91.87999725341797,92.52999877929688,90.91000366210938,92.16999816894531,0
2016-12-14,91.58000183105469,93.22000122070312,90.66000366210938,91.02999877929688,0
2016-12-15,92.79000091552734,93.43000030517578,91.6500015258789,92.16999816894531,0
2016-12-16,91.72000122070312,93.1500015258789,91.61000061035156,92.77999877929688,0
2016-12-19,91.97000122070312,92.08000183105469,90.97000122070312,91.58999633789062,0
2016-12-20,93.30000305175781,93.30999755859375,92.41999816894531,92.44000244140625,0
2016-12-21,92.94999694824219,93.2300033569336,92.62999725341797,93.2300033569336,0
2016-12-22,92.86000061035156,93.08999633789062,92.51000213623047,92.9000015258789,0
2016-12-23,93.13999938964844,93.13999938964844,92.62000274658203,92.88999938964844,0
2016-12-27,93.37999725341797,93.44000244140625,93.11000061035156,93.31999969482422,0
2016-12-28,92.33000183105469,93.4800033569336,92.19000244140625,93.41999816894531,0
2016-12-29,91.3499984741211,92.4800033569336,90.8499984741211,92.33999633789062,0
2016-12-30,91.79000091552734,92.08000183105469,91.22000122070312,91.52999877929688,0
2017-01-03,92.68000030517578,93.73999786376953,91.80999755859375,92.81999969482422,0
2017-01-04,93.70999908447266,93.87000274658203,92.83000183105469,92.83000183105469,0
2017-01-05,92.38999938964844,93.6500015258789,91.61000061035156,93.4800033569336,0
2017-01-06,92.7699966430664,93.13999938964844,92.2699966430664,92.80999755859375,0
2017-01-09,92.12999725341797,92.68000030517578,91.66999816894531,92.31999969482422,0
2017-01-10,92.73999786376953,93.31999969482422,91.95999908447266,92.19000244140625,0
2017-01-11,93.23999786376953,93.23999786376953,92.04000091552734,92.5999984741211,0
2017-01-12,92.30999755859375,93.01000213623047,91.41000366210938,93.01000213623047,0
2017-01-13,93.11000061035156,94.2300033569336,92.58999633789062,92.8499984741211,0
2017-01-17,89.91999816894531,92.25,89.7699966430664,92.25,0
2017-01-18,90.58999633789062,90.63999938964844,89.16999816894531,90.04000091552734,0
2017-01-19,89.94999694824219,90.9800033569336,89.61000061035156,90.73999786376953,0
2017-01-20,90.4800033569336,91.0,90.01000213623047,90.01000213623047,0
2017-01-23,90.08000183105469,90.75,89.62999725341797,90.23999786376953,0
2017-01-24,91.47000122070312,91.83999633789062,90.0199966430664,90.31999969482422,0
2017-01-25,92.95999908447266,93.05999755859375,91.97000122070312,92.0,0
2017-01-26,93.33999633789062,93.58999633789062,92.80999755859375,93.0,0
2017-01-27,92.8499984741211,93.26000213623047,92.66999816894531,93.23999786376953,0
2017-01-30,91.98999786376953,92.16000366210938,90.94999694824219,92.1500015258789,0
2017-01-31,91.41000366210938,92.30999755859375,90.87000274658203,91.69000244140625,0
2017-02-01,91.69000244140625,93.0,91.4800033569336,92.26000213623047,0
2017-02-02,91.0999984741211,91.4800033569336,90.5,91.12000274658203,0
2017-02-03,93.13999938964844,93.25,91.91999816894531,92.11000061035156,0
2017-02-06,92.76000213623047,93.4800033569336,92.4800033569336,92.62999725341797,0
2017-02-07,92.38999938964844,93.27999877929688,92.16999816894531,93.08999633789062,0
2017-02-08,91.5,91.83000183105469,90.94000244140625,91.83000183105469,0
2017-02-09,92.91999816894531,92.9800033569336,91.52999877929688,91.87000274658203,0
2017-02-10,93.13999938964844,93.48999786376953,92.80000305175781,93.2300033569336,0
2017-02-13,94.20999908447266,94.87999725341797,93.70999908447266,93.70999908447266,0
2017-02-14,95.94000244140625,96.06999969482422,94.04000091552734,94.2300033569336,0
2017-02-15,96.88999938964844,97.25,95.91000366210938,96.29000091552734,0
2017-02-16,96.45999908447266,96.83999633789062,95.79000091552734,96.6500015258789,0
2017-02-17,96.26000213623047,96.26000213623047,95.30999755859375,95.80999755859375,0
2017-02-21,96.79000091552734,97.08000183105469,96.36000061035156,96.54000091552734,0
2017-02-22,96.69999694824219,97.12000274658203,96.16000366210938,96.33000183105469,0
2017-02-23,96.7699966430664,97.0,95.98999786376953,96.83000183105469,0
2017-02-24,95.8499984741211,96.04000091552734,95.26000213623047,95.83000183105469,0
2017-02-27,96.43000030517578,96.56999969482422,95.93000030517578,95.94000244140625,0
2017-02-28,96.22000122070312,96.31999969482422,95.61000061035156,96.08000183105469,0
2017-03-01,99.33000183105469,99.7699966430664,97.66000366210938,97.66000366210938,0
2017-03-02,97.2699966430664,99.5199966430664,97.20999908447266,99.43000030517578,0
2017-03-03,97.72000122070312,98.01000213623047,97.2699966430664,97.2699966430664,0
2017-03-06,97.08000183105469,97.31999969482422,96.36000061035156,97.13999938964844,0
2017-03-07,96.75,97.20999908447266,96.45999908447266,97.0199966430664,0
2017-03-08,96.79000091552734,98.37000274658203,96.69999694824219,97.58999633789062,0
2017-03-09,97.0,97.77999877929688,96.66000366210938,97.12999725341797,0
2017-03-10,96.73999786376953,97.56999969482422,95.87999725341797,97.56999969482422,0
2017-03-13,96.63999938964844,97.08999633789062,96.26000213623047,96.72000122070312,0
2017-03-14,96.51000213623047,96.55999755859375,95.48999786376953,96.2300033569336,0
2017-03-15,95.9000015258789,97.06999969482422,95.51000213623047,96.80999755859375,0
2017-03-16,96.38999938964844,96.94000244140625,96.05000305175781,96.12000274658203,0
2017-03-17,95.33999633789062,96.58999633789062,95.18000030517578,96.41000366210938,0
2017-03-20,94.19000244140625,95.33000183105469,94.16000366210938,94.87000274658203,0
2017-03-21,90.5,94.69000244140625,90.30000305175781,94.54000091552734,0
2017-03-22,90.45999908447266,91.05000305175781,88.77999877929688,89.69999694824219,0
2017-03-23,90.79000091552734,92.0199966430664,90.04000091552734,90.4000015258789,0
2017-03-24,90.83999633789062,91.48999786376953,90.02999877929688,91.08999633789062,0
2017-03-27,90.43000030517578,90.52999877929688,88.0999984741211,89.69999694824219,0
2017-03-28,91.93000030517578,92.43000030517578,90.19999694824219,90.19999694824219,0
2017-03-29,91.41999816894531,92.0999984741211,91.22000122070312,91.8499984741211,0
2017-03-30,93.05000305175781,93.38999938964844,91.37999725341797,91.41999816894531,0
2017-03-31,92.05000305175781,92.93000030517578,92.02999877929688,92.62999725341797,0
2017-04-03,91.83000183105469,92.41000366210938,90.5199966430664,92.20999908447266,0
2017-04-04,91.56999969482422,91.8499984741211,91.08000183105469,91.4800033569336,0
2017-04-05,90.62999725341797,92.9800033569336,90.58000183105469,92.36000061035156,0
2017-04-06,91.3499984741211,91.70999908447266,89.9000015258789,90.54000091552734,0
2017-04-07,90.91000366210938,91.5199966430664,90.27999877929688,90.58999633789062,0
2017-04-10,90.33000183105469,91.41000366210938,89.91999816894531,90.8499984741211,0
2017-04-11,90.2699966430664,90.29000091552734,88.94999694824219,89.94999694824219,0
2017-04-12,89.30000305175781,90.23999786376953,89.0199966430664,90.12000274658203,0
2017-04-13,88.0199966430664,90.02999877929688,88.01000213623047,88.91000366210938,0
2017-04-17,89.69000244140625,89.79000091552734,87.80000305175781,88.08999633789062,0
2017-04-18,88.7699966430664,89.62999725341797,88.08999633789062,89.29000091552734,0
2017-04-19,88.72000122070312,89.9000015258789,88.44999694824219,89.22000122070312,0
2017-04-20,90.37999725341797,90.62999725341797,89.0999984741211,89.20999908447266,0
2017-04-21,89.62999725341797,90.69000244140625,89.36000061035156,90.29000091552734,0
2017-04-24,91.9000015258789,92.69999694824219,90.69999694824219,90.70999908447266,0
2017-04-25,92.56999969482422,93.31999969482422,92.30999755859375,92.31999969482422,0
2017-04-26,92.8499984741211,93.66999816894531,92.41000366210938,92.55000305175781,0
2017-04-27,92.20999908447266,92.95999908447266,91.62000274658203,92.95999908447266,0
2017-04-28,91.23999786376953,92.4800033569336,91.20999908447266,91.9800033569336,0
2017-05-01,92.08000183105469,92.66000366210938,91.3499984741211,91.72000122070312,0
2017-05-02,91.76000213623047,92.22000122070312,91.19999694824219,92.1500015258789,0
2017-05-03,92.69000244140625,92.75,91.1500015258789,91.45999908447266,0
2017-05-04,92.91000366210938,93.7300033569336,92.58999633789062,93.16999816894531,0
2017-05-05,92.63999938964844,93.13999938964844,92.25,93.12000274658203,0
2017-05-08,92.94000244140625,93.16999816894531,92.56999969482422,92.62999725341797,0
2017-05-09,92.41999816894531,93.5999984741211,92.0999984741211,93.05000305175781,0
2017-05-10,92.5999984741211,92.69999694824219,92.01000213623047,92.19000244140625,0
2017-05-11,91.88999938964844,92.37000274658203,91.05999755859375,92.2699966430664,0
2017-05-12,91.45999908447266,91.45999908447266,90.51000213623047,91.38999938964844,0
2017-05-15,92.26000213623047,92.41000366210938,91.63999938964844,91.68000030517578,0
2017-05-16,92.69000244140625,92.76000213623047,91.97000122070312,92.36000061035156,0
2017-05-17,88.91000366210938,91.36000061035156,88.37999725341797,91.36000061035156,0
2017-05-18,89.23999786376953,89.87999725341797,88.56999969482422,88.79000091552734,0
2017-05-19,90.0199966430664,90.69999694824219,89.37000274658203,89.37000274658203,0
2017-05-22,90.2300033569336,90.54000091552734,89.51000213623047,90.31999969482422,0
2017-05-23,91.41000366210938,91.75,89.93000030517578,90.29000091552734,0
2017-05-24,91.12999725341797,91.55000305175781,90.6500015258789,91.54000091552734,0
2017-05-25,91.05999755859375,91.77999877929688,90.79000091552734,91.27999877929688,0
2017-05-26,90.83000183105469,91.20999908447266,90.70999908447266,90.87999725341797,0
2017-05-30,89.94000244140625,90.5,89.54000091552734,90.48999786376953,0
2017-05-31,88.87000274658203,90.01000213623047,88.0199966430664,90.01000213623047,0
2017-06-01,90.0,90.01000213623047,88.38999938964844,89.20999908447266,0
2017-06-02,89.37999725341797,89.94999694824219,88.72000122070312,89.20999908447266,0
2017-06-05,89.51000213623047,90.3499984741211,89.45999908447266,89.51000213623047,0
2017-06-06,89.11000061035156,89.47000122070312,88.37999725341797,88.94000244140625,0
2017-06-07,90.1500015258789,90.3499984741211,89.20999908447266,89.37999725341797,0
2017-06-08,91.70999908447266,92.54000091552734,90.0,90.16000366210938,0
2017-06-09,93.79000091552734,94.01000213623047,92.31999969482422,92.31999969482422,0
2017-06-12,93.86000061035156,94.8499984741211,93.23999786376953,93.94000244140625,0
2017-06-13,94.33000183105469,94.93000030517578,94.12000274658203,94.37999725341797,0
2017-06-14,94.44000244140625,94.56999969482422,92.58999633789062,93.63999938964844,0
2017-06-15,93.94000244140625,94.77999877929688,93.66999816894531,93.87999725341797,0
2017-06-16,93.73999786376953,94.16999816894531,93.45999908447266,93.9800033569336,0
2017-06-19,94.58999633789062,95.0,94.25,94.25,0
2017-06-20,93.69000244140625,94.33000183105469,93.66999816894531,94.33000183105469,0
2017-06-21,92.94000244140625,93.79000091552734,92.86000061035156,93.75,0
2017-06-22,92.29000091552734,92.8499984741211,91.93000030517578,92.76000213623047,0
2017-06-23,91.54000091552734,92.72000122070312,91.20999908447266,92.63999938964844,0
2017-06-26,92.13999938964844,92.72000122070312,91.45999908447266,91.79000091552734,0
2017-06-27,92.83000183105469,93.7300033569336,92.47000122070312,92.54000091552734,0
2017-06-28,94.37999725341797,94.66000366210938,93.33000183105469,93.33999633789062,0
2017-06-29,95.5999984741211,97.08999633789062,94.76000213623047,95.81999969482422,0
2017-06-30,95.5999984741211,96.29000091552734,95.19999694824219,95.9800033569336,0
2017-07-03,97.08000183105469,97.73999786376953,96.16999816894531,96.16999816894531,0
2017-07-05,97.41000366210938,97.68000030517578,96.5,97.25,0
2017-07-06,96.58000183105469,97.8499984741211,96.51000213623047,97.41000366210938,0
2017-07-07,97.12999725341797,97.30000305175781,96.37000274658203,97.02999877929688,0
2017-07-10,97.04000091552734,97.44000244140625,96.5999984741211,96.80999755859375,0
2017-07-11,96.44000244140625,97.13999938964844,96.2300033569336,97.08000183105469,0
2017-07-12,96.37000274658203,96.56999969482422,95.87000274658203,96.26000213623047,0
2017-07-13,96.97000122070312,97.0199966430664,96.27999877929688,96.5199966430664,0
2017-07-14,96.29000091552734,96.62999725341797,95.05000305175781,95.81999969482422,0
2017-07-17,96.19000244140625,96.41000366210938,95.69999694824219,96.19000244140625,0
2017-07-18,95.62000274658203,96.0199966430664,95.08999633789062,95.55000305175781,0
2017-07-19,95.20999908447266,95.9000015258789,94.66999816894531,95.5999984741211,0
2017-07-20,95.0199966430664,95.7300033569336,94.6500015258789,95.20999908447266,0
2017-07-21,94.7699966430664,95.48999786376953,94.55000305175781,94.94999694824219,0
2017-07-24,95.4800033569336,95.68000030517578,94.76000213623047,94.7699966430664,0
2017-07-25,96.76000213623047,97.44999694824219,96.55000305175781,96.55000305175781,0
2017-07-26,95.7699966430664,97.16999816894531,95.52999877929688,96.95999908447266,0
2017-07-27,95.5,96.11000061035156,94.97000122070312,95.9000015258789,0
2017-07-28,95.2300033569336,95.5999984741211,94.63999938964844,95.5,0
2017-07-31,95.98999786376953,96.47000122070312,95.47000122070312,95.4800033569336,0
2017-08-01,96.80000305175781,96.81999969482422,96.26000213623047,96.5,0
2017-08-02,96.9000015258789,96.93000030517578,96.2699966430664,96.6500015258789,0
2017-08-03,96.30999755859375,96.87000274658203,96.19000244140625,96.76000213623047,0
2017-08-04,97.22000122070312,97.9800033569336,96.91999816894531,96.91999816894531,0
2017-08-07,96.94000244140625,97.31999969482422,96.81999969482422,97.2699966430664,0
2017-08-08,97.08999633789062,98.36000061035156,96.70999908447266,96.7699966430664,0
2017-08-09,96.55000305175781,96.69000244140625,96.01000213623047,96.41000366210938,0
2017-08-10,94.37999725341797,96.0,94.3499984741211,95.88999938964844,0
2017-08-11,93.76000213623047,94.94999694824219,93.51000213623047,94.44000244140625,0
2017-08-14,95.43000030517578,95.69999694824219,94.44999694824219,94.44999694824219,0
2017-08-15,95.56999969482422,96.5999984741211,95.55000305175781,96.0199966430664,0
2017-08-16,95.2300033569336,96.05999755859375,94.91000366210938,95.8499984741211,0
2017-08-17,93.22000122070312,95.1500015258789,93.16000366210938,94.95999908447266,0
2017-08-18,93.23999786376953,94.02999877929688,92.66000366210938,93.05999755859375,0
2017-08-21,92.8499984741211,93.27999877929688,92.5199966430664,93.23999786376953,0
2017-08-22,93.87999725341797,94.01000213623047,93.23999786376953,93.23999786376953,0
2017-08-23,93.87999725341797,94.4800033569336,93.13999938964844,93.33000183105469,0
2017-08-24,94.1500015258789,94.45999908447266,93.76000213623047,94.12999725341797,0
2017-08-25,94.19999694824219,94.91000366210938,94.19000244140625,94.38999938964844,0
2017-08-28,93.68000030517578,94.5,93.36000061035156,94.47000122070312,0
2017-08-29,92.9800033569336,93.22000122070312,92.16000366210938,92.77999877929688,0
2017-08-30,93.33000183105469,93.7699966430664,92.97000122070312,93.05000305175781,0
2017-08-31,92.9800033569336,93.69000244140625,92.88999938964844,93.58999633789062,0
2017-09-01,93.68000030517578,94.16999816894531,93.0,93.12000274658203,0
2017-09-05,91.37999725341797,93.11000061035156,91.16999816894531,93.0999984741211,0
2017-09-06,91.52999877929688,92.05000305175781,91.08000183105469,91.79000091552734,0
2017-09-07,89.70999908447266,91.4800033569336,89.12999725341797,91.4800033569336,0
2017-09-08,90.16999816894531,90.83999633789062,89.52999877929688,89.6500015258789,0
2017-09-11,92.0,92.36000061035156,91.04000091552734,91.04000091552734,0
2017-09-12,93.51000213623047,93.9000015258789,92.30000305175781,92.30999755859375,0
2017-09-13,93.87999725341797,93.87999725341797,93.04000091552734,93.2300033569336,0
2017-09-14,93.33999633789062,94.20999908447266,93.29000091552734,93.9000015258789,0
2017-09-15,93.80999755859375,93.80999755859375,93.0999984741211,93.18000030517578,0
2017-09-18,95.0199966430664,95.23999786376953,93.98999786376953,94.0,0
2017-09-19,95.86000061035156,96.1500015258789,94.91000366210938,95.04000091552734,0
2017-09-20,96.63999938964844,96.9800033569336,95.19999694824219,95.9000015258789,0
2017-09-21,97.1500015258789,97.37000274658203,96.4800033569336,96.62000274658203,0
2017-09-22,97.04000091552734,97.11000061035156,96.31999969482422,96.86000061035156,0
2017-09-25,96.77999877929688,97.37999725341797,96.11000061035156,96.87000274658203,0
2017-09-26,96.97000122070312,97.2699966430664,96.58999633789062,96.87000274658203,0
2017-09-27,98.55000305175781,99.20999908447266,97.81999969482422,97.83000183105469,0
2017-09-28,98.69000244140625,98.86000061035156,97.87000274658203,98.58000183105469,0
2017-09-29,99.26000213623047,99.5999984741211,98.55000305175781,98.63999938964844,0
2017-10-02,99.80999755859375,99.81999969482422,98.8499984741211,99.19000244140625,0
2017-10-03,99.80999755859375,100.06999969482422,99.2699966430664,99.80999755859375,0
2017-10-04,99.2300033569336,99.83999633789062,99.16000366210938,99.63999938964844,0
2017-10-05,100.58999633789062,100.83000183105469,98.94000244140625,99.30000305175781,0
2017-10-06,100.75,101.31999969482422,100.16999816894531,100.80000305175781,0
2017-10-09,100.1500015258789,100.91999816894531,99.91999816894531,100.88999938964844,0
2017-10-10,100.76000213623047,100.83999633789062,100.12000274658203,100.18000030517578,0
2017-10-11,100.41999816894531,100.66000366210938,99.93000030517578,100.54000091552734,0
2017-10-12,99.36000061035156,100.77999877929688,99.23999786376953,100.47000122070312,0
2017-10-13,98.87999725341797,99.45999908447266,97.79000091552734,99.1500015258789,0
2017-10-16,99.5199966430664,99.58999633789062,98.9000015258789,98.91000366210938,0
2017-10-17,98.79000091552734,99.87000274658203,98.68000030517578,99.73999786376953,0
2017-10-18,99.43000030517578,99.76000213623047,98.87000274658203,99.08999633789062,0
2017-10-19,99.5999984741211,99.79000091552734,98.38999938964844,98.80999755859375,0
2017-10-20,101.16999816894531,101.19000244140625,100.52999877929688,100.54000091552734,0
2017-10-23,100.79000091552734,101.2699966430664,100.66000366210938,101.2300033569336,0
2017-10-24,101.5999984741211,101.94999694824219,100.94999694824219,100.95999908447266,0
2017-10-25,101.11000061035156,102.04000091552734,100.36000061035156,101.9000015258789,0
2017-10-26,101.95999908447266,102.37999725341797,101.43000030517578,101.44000244140625,0
2017-10-27,102.2300033569336,102.43000030517578,101.66000366210938,101.94000244140625,0
2017-10-30,101.76000213623047,102.30000305175781,101.45999908447266,101.7699966430664,0
2017-10-31,101.44999694824219,102.30999755859375,101.41999816894531,101.66999816894531,0
2017-11-01,101.69000244140625,102.55999755859375,101.55000305175781,101.9000015258789,0
2017-11-02,102.30999755859375,102.48999786376953,100.80999755859375,101.4800033569336,0
2017-11-03,102.12999725341797,102.2300033569336,101.52999877929688,101.93000030517578,0
2017-11-06,102.0,102.19999694824219,101.66000366210938,101.80000305175781,0
2017-11-07,99.68000030517578,102.2300033569336,99.4800033569336,101.98999786376953,0
2017-11-08,98.77999877929688,99.37000274658203,98.47000122070312,99.37000274658203,0
2017-11-09,97.98999786376953,98.83000183105469,97.05000305175781,98.11000061035156,0
2017-11-10,97.58999633789062,98.48999786376953,97.58000183105469,98.08999633789062,0
2017-11-13,98.23999786376953,98.37000274658203,96.79000091552734,97.05000305175781,0
2017-11-14,98.72000122070312,98.75,97.76000213623047,97.86000061035156,0
2017-11-15,99.11000061035156,99.48999786376953,97.54000091552734,98.12999725341797,0
2017-11-16,99.06999969482422,99.91999816894531,99.0199966430664,99.41000366210938,0
2017-11-17,99.18000030517578,99.48999786376953,98.41999816894531,98.73999786376953,0
2017-11-20,99.69000244140625,99.80000305175781,99.12000274658203,99.3499984741211,0
2017-11-21,99.4800033569336,100.01000213623047,99.23999786376953,99.9000015258789,0
2017-11-22,99.19000244140625,99.91999816894531,99.18000030517578,99.56999969482422,0
2017-11-24,98.91999816894531,99.5199966430664,98.87999725341797,99.44000244140625,0
2017-11-27,98.69999694824219,99.38999938964844,98.66999816894531,98.83999633789062,0
2017-11-28,101.6500015258789,101.79000091552734,98.7699966430664,98.86000061035156,0
2017-11-29,104.37999725341797,104.98999786376953,102.4000015258789,102.4000015258789,0
2017-11-30,104.56999969482422,106.41000366210938,104.33999633789062,104.91999816894531,0
2017-12-01,104.68000030517578,105.38999938964844,102.01000213623047,104.73999786376953,0
2017-12-04,106.83999633789062,107.7699966430664,105.56999969482422,105.56999969482422,0
2017-12-05,105.87999725341797,107.44999694824219,105.6500015258789,106.9800033569336,0
2017-12-06,105.3499984741211,106.18000030517578,104.95999908447266,105.61000061035156,0
2017-12-07,105.95999908447266,106.33000183105469,104.69000244140625,104.8499984741211,0
2017-12-08,106.66000366210938,106.66000366210938,105.68000030517578,106.51000213623047,0
2017-12-11,106.16999816894531,106.9800033569336,105.86000061035156,106.5999984741211,0
2017-12-12,107.33000183105469,107.7699966430664,106.33000183105469,106.37999725341797,0
2017-12-13,105.87999725341797,107.76000213623047,105.8499984741211,107.27999877929688,0
2017-12-14,104.97000122070312,106.44999694824219,104.86000061035156,106.16000366210938,0
2017-12-15,106.25,107.05000305175781,105.0999984741211,105.11000061035156,0
2017-12-18,107.5199966430664,107.87999725341797,106.79000091552734,106.79000091552734,0
2017-12-19,107.08999633789062,108.08000183105469,107.05000305175781,107.95999908447266,0
2017-12-20,106.79000091552734,108.11000061035156,106.62999725341797,107.73999786376953,0
2017-12-21,108.12000274658203,108.5,107.20999908447266,107.20999908447266,0
2017-12-22,107.94999694824219,108.61000061035156,107.2699966430664,108.41999816894531,0
2017-12-26,107.2699966430664,108.29000091552734,106.81999969482422,107.94999694824219,0
2017-12-27,107.1500015258789,107.33999633789062,106.87000274658203,107.19999694824219,0
2017-12-28,107.62999725341797,107.6500015258789,106.9800033569336,107.22000122070312,0
2017-12-29,106.70999908447266,107.97000122070312,106.70999908447266,107.83000183105469,0
2018-01-02,107.11000061035156,107.44999694824219,106.54000091552734,107.38999938964844,0
2018-01-03,107.66999816894531,107.77999877929688,106.87000274658203,107.12000274658203,0
2018-01-04,108.66999816894531,109.5999984741211,108.12999725341797,108.19999694824219,0
2018-01-05,108.9000015258789,109.1500015258789,108.16999816894531,109.08000183105469,0
2018-01-08,108.76000213623047,108.93000030517578,108.3499984741211,108.76000213623047,0
2018-01-09,109.91999816894531,110.66999816894531,109.01000213623047,109.02999877929688,0
2018-01-10,111.37000274658203,112.23999786376953,110.23999786376953,110.23999786376953,0
2018-01-11,112.13999938964844,112.1500015258789,111.33999633789062,111.68000030517578,0
2018-01-12,113.05000305175781,113.0999984741211,112.2300033569336,112.56999969482422,0
2018-01-16,112.5999984741211,114.08000183105469,112.0199966430664,113.4800033569336,0
2018-01-17,113.18000030517578,113.43000030517578,111.41999816894531,112.72000122070312,0
2018-01-18,112.75,113.55999755859375,112.58000183105469,113.29000091552734,0
2018-01-19,114.13999938964844,114.1500015258789,112.91999816894531,112.93000030517578,0
2018-01-22,115.25,115.26000213623047,113.97000122070312,114.11000061035156,0
2018-01-23,115.5,115.88999938964844,114.5199966430664,114.83999633789062,0
2018-01-24,115.93000030517578,116.5199966430664,115.31999969482422,115.9000015258789,0
2018-01-25,115.58000183105469,116.55999755859375,115.2699966430664,116.45999908447266,0
2018-01-26,116.41000366210938,116.41000366210938,115.08000183105469,115.63999938964844,0
2018-01-29,116.22000122070312,117.13999938964844,116.12000274658203,116.30000305175781,0
2018-01-30,115.12000274658203,116.37000274658203,115.12000274658203,115.8499984741211,0
2018-01-31,115.30000305175781,116.19999694824219,115.01000213623047,115.19999694824219,0
2018-02-01,116.5199966430664,116.5199966430664,114.98999786376953,115.13999938964844,0
2018-02-02,114.38999938964844,116.75,114.16000366210938,116.30000305175781,0
2018-02-05,108.7699966430664,113.75,107.77999877929688,113.41000366210938,0
2018-02-06,110.61000061035156,110.86000061035156,106.2300033569336,107.43000030517578,0
2018-02-07,110.98999786376953,112.27999877929688,110.0199966430664,110.19999694824219,0
2018-02-08,106.08000183105469,110.87999725341797,106.05999755859375,110.87999725341797,0
2018-02-09,108.18000030517578,108.94999694824219,104.5999984741211,106.91000366210938,0
2018-02-12,109.55000305175781,110.7699966430664,108.23999786376953,108.81999969482422,0
2018-02-13,110.20999908447266,110.37000274658203,108.72000122070312,108.98999786376953,0
2018-02-14,113.2300033569336,113.30999755859375,109.94999694824219,110.05000305175781,0
2018-02-15,113.63999938964844,114.44999694824219,112.77999877929688,113.79000091552734,0
2018-02-16,113.72000122070312,114.62000274658203,113.11000061035156,113.37999725341797,0
2018-02-20,113.43000030517578,114.6500015258789,112.95999908447266,113.55999755859375,0
2018-02-21,113.91999816894531,115.58000183105469,113.30999755859375,113.4000015258789,0
2018-02-22,112.33999633789062,114.77999877929688,112.0999984741211,114.30999755859375,0
2018-02-23,114.2300033569336,114.25,112.70999908447266,112.75,0
2018-02-26,115.30000305175781,115.33000183105469,113.80999755859375,114.6500015258789,0
2018-02-27,114.01000213623047,116.2699966430664,114.0,115.31999969482422,0
2018-02-28,112.69999694824219,115.27999877929688,112.66999816894531,114.4800033569336,0
2018-03-01,111.19000244140625,113.61000061035156,110.56999969482422,112.76000213623047,0
2018-03-02,111.9000015258789,112.0999984741211,109.04000091552734,110.56999969482422,0
2018-03-05,113.2300033569336,113.79000091552734,110.36000061035156,111.16000366210938,0
2018-03-06,113.7699966430664,114.05999755859375,112.44000244140625,113.5999984741211,0
2018-03-07,113.7699966430664,114.0,112.30000305175781,112.75,0
2018-03-08,113.5999984741211,114.30999755859375,112.37000274658203,113.98999786376953,0
2018-03-09,116.0999984741211,116.0999984741211,114.30000305175781,114.44000244140625,0
2018-03-12,115.5199966430664,116.52999877929688,115.33999633789062,116.0999984741211,0
2018-03-13,114.18000030517578,116.06999969482422,113.87999725341797,115.9800033569336,0
2018-03-14,112.48999786376953,114.54000091552734,112.19999694824219,114.5,0
2018-03-15,112.52999877929688,113.11000061035156,112.05000305175781,112.94000244140625,0
2018-03-16,112.91999816894531,114.05999755859375,112.66999816894531,112.76000213623047,0
2018-03-19,112.18000030517578,113.0,111.0,112.97000122070312,0
2018-03-20,111.97000122070312,112.98999786376953,111.87999725341797,112.58999633789062,0
2018-03-21,112.19000244140625,113.55000305175781,111.5,112.0999984741211,0
2018-03-22,107.54000091552734,111.44000244140625,107.23999786376953,111.44000244140625,0
2018-03-23,103.94000244140625,108.18000030517578,103.75,107.76000213623047,0
2018-03-26,107.66000366210938,107.97000122070312,104.79000091552734,104.80999755859375,0
2018-03-27,105.05000305175781,108.31999969482422,104.22000122070312,107.94999694824219,0
2018-03-28,105.12999725341797,106.06999969482422,103.87000274658203,105.16999816894531,0
2018-03-29,106.5,107.22000122070312,105.04000091552734,105.5199966430664,0
2018-04-02,104.3499984741211,106.77999877929688,102.7699966430664,106.26000213623047,0
2018-04-03,105.91999816894531,106.16999816894531,104.19999694824219,104.70999908447266,0
2018-04-04,107.27999877929688,107.5199966430664,104.2699966430664,104.91000366210938,0
2018-04-05,107.98999786376953,108.66999816894531,107.55000305175781,107.91000366210938,0
2018-04-06,105.08000183105469,107.30000305175781,104.02999877929688,107.12999725341797,0
2018-04-09,105.83999633789062,108.20999908447266,105.52999877929688,105.52999877929688,0
2018-04-10,107.5199966430664,107.94000244140625,106.70999908447266,106.9800033569336,0
2018-04-11,106.29000091552734,107.19999694824219,106.04000091552734,106.7300033569336,0
2018-04-12,108.5999984741211,109.23999786376953,106.81999969482422,106.81999969482422,0
2018-04-13,106.37999725341797,109.2699966430664,105.80999755859375,109.1500015258789,0
2018-04-16,106.45999908447266,107.25,105.86000061035156,106.83999633789062,0
2018-04-17,105.48999786376953,107.29000091552734,104.97000122070312,107.19000244140625,0
2018-04-18,104.91000366210938,106.41999816894531,104.68000030517578,105.69000244140625,0
2018-04-19,107.16000366210938,107.31999969482422,105.25,105.26000213623047,0
2018-04-20,107.38999938964844,108.0199966430664,106.80000305175781,107.30000305175781,0
2018-04-23,107.8499984741211,108.30000305175781,107.44999694824219,107.5999984741211,0
2018-04-24,107.91999816894531,109.9000015258789,107.08000183105469,108.38999938964844,0
2018-04-25,107.87000274658203,108.62999725341797,106.62000274658203,107.55999755859375,0
2018-04-26,107.51000213623047,108.18000030517578,107.33000183105469,107.79000091552734,0
2018-04-27,108.3499984741211,108.52999877929688,107.6500015258789,107.79000091552734,0
2018-04-30,107.0,109.19000244140625,107.0,108.58999633789062,0
2018-05-01,107.0999984741211,107.2300033569336,105.80000305175781,106.75,0
2018-05-02,106.2300033569336,107.63999938964844,106.11000061035156,106.80999755859375,0
2018-05-03,105.45999908447266,106.06999969482422,103.7300033569336,105.80999755859375,0
2018-05-04,106.5,107.18000030517578,104.20999908447266,104.81999969482422,0
2018-05-07,107.06999969482422,107.5199966430664,106.19000244140625,106.6500015258789,0
2018-05-08,108.16999816894531,109.16000366210938,107.08999633789062,107.12000274658203,0
2018-05-09,109.88999938964844,110.30000305175781,108.41000366210938,108.54000091552734,0
2018-05-10,110.76000213623047,111.08999633789062,109.36000061035156,109.8499984741211,0
2018-05-11,110.83000183105469,111.41999816894531,110.5199966430664,110.83999633789062,0
2018-05-14,110.70999908447266,111.3499984741211,110.48999786376953,111.0199966430664,0
2018-05-15,111.01000213623047,111.66000366210938,110.45999908447266,110.52999877929688,0
2018-05-16,110.91999816894531,111.4000015258789,110.44000244140625,110.80000305175781,0
2018-05-17,110.9800033569336,111.2300033569336,109.9000015258789,110.7300033569336,0
2018-05-18,109.51000213623047,110.80000305175781,109.5,110.80000305175781,0
2018-05-21,109.8499984741211,110.4800033569336,109.69000244140625,109.69999694824219,0
2018-05-22,110.87999725341797,111.7300033569336,110.0199966430664,110.04000091552734,0
2018-05-23,110.12999725341797,110.5999984741211,108.9800033569336,110.44999694824219,0
2018-05-24,109.5199966430664,109.91000366210938,108.0199966430664,109.9000015258789,0
2018-05-25,108.93000030517578,109.26000213623047,108.52999877929688,109.08000183105469,0
2018-05-29,104.6500015258789,107.87000274658203,103.94999694824219,107.87000274658203,0
2018-05-30,106.58999633789062,106.93000030517578,105.33000183105469,105.41999816894531,0
2018-05-31,105.94000244140625,106.62000274658203,105.27999877929688,106.2300033569336,0
2018-06-01,107.48999786376953,108.11000061035156,106.9800033569336,106.9800033569336,0
2018-06-04,107.94000244140625,108.08000183105469,107.52999877929688,107.79000091552734,0
2018-06-05,107.43000030517578,107.70999908447266,106.7699966430664,107.66000366210938,0
2018-06-06,109.6500015258789,109.7300033569336,107.75,107.75,0
2018-06-07,109.77999877929688,110.68000030517578,109.13999938964844,110.12000274658203,0
2018-06-08,110.0,110.06999969482422,108.94000244140625,109.70999908447266,0
2018-06-11,109.31999969482422,110.80000305175781,109.2699966430664,110.0999984741211,0
2018-06-12,109.0999984741211,110.12999725341797,108.55000305175781,109.56999969482422,0
2018-06-13,108.62999725341797,110.30000305175781,108.41000366210938,109.2300033569336,0
2018-06-14,107.5999984741211,109.02999877929688,107.12999725341797,109.0199966430664,0
2018-06-15,107.66999816894531,108.06999969482422,106.05999755859375,107.37999725341797,0
2018-06-18,107.8499984741211,107.94000244140625,106.38999938964844,107.08000183105469,0
2018-06-19,107.87000274658203,108.02999877929688,106.72000122070312,107.02999877929688,0
2018-06-20,107.75,108.79000091552734,107.70999908447266,108.41000366210938,0
2018-06-21,107.79000091552734,108.43000030517578,106.62999725341797,107.47000122070312,0
2018-06-22,106.69000244140625,108.62999725341797,106.62999725341797,108.25,0
2018-06-25,105.51000213623047,106.45999908447266,104.51000213623047,106.44000244140625,0
2018-06-26,104.87000274658203,105.5199966430664,104.12999725341797,105.5199966430664,0
2018-06-27,103.47000122070312,105.55000305175781,103.43000030517578,104.81999969482422,0
2018-06-28,104.06999969482422,104.56999969482422,103.06999969482422,103.6500015258789,0
2018-06-29,103.88999938964844,106.27999877929688,103.88999938964844,104.93000030517578,0
2018-07-02,104.8499984741211,104.8499984741211,103.16999816894531,103.51000213623047,0
2018-07-03,103.62000274658203,105.44000244140625,103.48999786376953,105.02999877929688,0
2018-07-05,103.73999786376953,104.37000274658203,103.45999908447266,104.16000366210938,0
2018-07-06,104.33000183105469,104.69000244140625,103.01000213623047,103.56999969482422,0
2018-07-09,107.08000183105469,107.27999877929688,104.80000305175781,104.80000305175781,0
2018-07-10,106.3499984741211,107.58999633789062,105.86000061035156,107.45999908447266,0
2018-07-11,105.69999694824219,106.51000213623047,105.56999969482422,105.9000015258789,0
2018-07-12,105.56999969482422,106.3499984741211,104.87999725341797,106.31999969482422,0
2018-07-13,104.52999877929688,105.25,103.55000305175781,105.0999984741211,0
2018-07-16,106.69999694824219,106.80000305175781,104.86000061035156,104.87000274658203,0
2018-07-17,106.98999786376953,107.51000213623047,106.33999633789062,106.7699966430664,0
2018-07-18,108.27999877929688,108.58000183105469,107.0199966430664,107.05999755859375,0
2018-07-19,106.79000091552734,107.88999938964844,106.30999755859375,107.87999725341797,0
2018-07-20,106.94000244140625,107.41000366210938,106.08999633789062,106.76000213623047,0
2018-07-23,108.9000015258789,109.05999755859375,106.94000244140625,106.95999908447266,0
2018-07-24,108.9800033569336,109.93000030517578,108.6500015258789,109.0199966430664,0
2018-07-25,108.87999725341797,109.06999969482422,108.12999725341797,108.80999755859375,0
2018-07-26,109.0199966430664,109.83000183105469,108.95999908447266,109.0199966430664,0
2018-07-27,109.5199966430664,109.9800033569336,108.79000091552734,109.2699966430664,0
2018-07-30,109.68000030517578,110.62999725341797,109.58999633789062,109.58999633789062,0
2018-07-31,108.94000244140625,110.04000091552734,108.72000122070312,109.93000030517578,0
2018-08-01,109.41999816894531,110.45999908447266,109.12000274658203,109.37000274658203,0
2018-08-02,109.91999816894531,110.12999725341797,108.36000061035156,108.77999877929688,0
2018-08-03,110.33999633789062,110.36000061035156,109.70999908447266,109.7699966430664,0
2018-08-06,110.33999633789062,110.69999694824219,109.54000091552734,110.23999786376953,0
2018-08-07,110.6500015258789,111.3499984741211,110.52999877929688,110.58000183105469,0
2018-08-08,111.25,111.54000091552734,110.55000305175781,110.61000061035156,0
2018-08-09,110.41000366210938,111.18000030517578,110.30999755859375,111.12999725341797,0
2018-08-10,109.12000274658203,109.4800033569336,108.45999908447266,109.44999694824219,0
2018-08-13,107.93000030517578,109.44000244140625,107.9000015258789,109.1500015258789,0
2018-08-14,109.37999725341797,109.6500015258789,108.19999694824219,108.20999908447266,0
2018-08-15,108.30999755859375,108.98999786376953,107.80999755859375,108.80999755859375,0
2018-08-16,109.83000183105469,110.23999786376953,108.76000213623047,108.76000213623047,0
2018-08-17,110.05999755859375,110.20999908447266,109.56999969482422,109.72000122070312,0
2018-08-20,110.5199966430664,110.63999938964844,109.83999633789062,109.98999786376953,0
2018-08-21,111.19000244140625,111.88999938964844,110.4800033569336,110.52999877929688,0
2018-08-22,110.94999694824219,111.36000061035156,110.62000274658203,110.93000030517578,0
2018-08-23,110.26000213623047,110.95999908447266,110.01000213623047,110.95999908447266,0
2018-08-24,110.26000213623047,110.72000122070312,110.18000030517578,110.55999755859375,0
2018-08-27,111.44000244140625,111.98999786376953,110.55999755859375,110.55999755859375,0
2018-08-28,111.29000091552734,111.72000122070312,111.02999877929688,111.61000061035156,0
2018-08-29,111.0199966430664,111.43000030517578,110.54000091552734,111.3499984741211,0
2018-08-30,110.06999969482422,110.94999694824219,109.97000122070312,110.91000366210938,0
2018-08-31,110.16999816894531,110.23999786376953,109.30000305175781,109.70999908447266,0
2018-09-04,110.86000061035156,111.05999755859375,109.73999786376953,110.16000366210938,0
2018-09-05,110.91000366210938,111.54000091552734,110.75,110.7699966430664,0
2018-09-06,110.05999755859375,110.94999694824219,109.87999725341797,110.77999877929688,0
2018-09-07,109.81999969482422,110.48999786376953,109.4000015258789,110.30000305175781,0
2018-09-10,109.68000030517578,110.41000366210938,109.6500015258789,110.1500015258789,0
2018-09-11,109.94999694824219,110.41000366210938,109.4000015258789,109.5,0
2018-09-12,108.27999877929688,110.27999877929688,108.19999694824219,110.08000183105469,0
2018-09-13,107.0999984741211,108.87999725341797,107.0,108.4000015258789,0
2018-09-14,107.55999755859375,107.83000183105469,107.29000091552734,107.29000091552734,0
2018-09-17,107.12000274658203,107.88999938964844,106.81999969482422,107.69000244140625,0
2018-09-18,107.12999725341797,107.43000030517578,106.75,107.26000213623047,0
2018-09-19,109.22000122070312,109.58999633789062,107.19000244140625,107.19000244140625,0
2018-09-20,110.54000091552734,110.87999725341797,109.68000030517578,109.68000030517578,0
2018-09-21,110.06999969482422,110.88999938964844,109.94999694824219,110.58999633789062,0
2018-09-24,108.70999908447266,110.18000030517578,108.62999725341797,109.88999938964844,0
2018-09-25,108.36000061035156,109.2300033569336,108.30000305175781,109.0199966430664,0
2018-09-26,106.73999786376953,108.7699966430664,106.55999755859375,108.58000183105469,0
2018-09-27,105.81999969482422,106.8499984741211,105.76000213623047,106.79000091552734,0
2018-09-28,104.87000274658203,105.58000183105469,104.66999816894531,105.25,0
2018-10-01,104.9800033569336,106.06999969482422,104.69000244140625,105.26000213623047,0
2018-10-02,104.80999755859375,105.41999816894531,104.04000091552734,104.91000366210938,0
2018-10-03,106.4000015258789,106.9000015258789,105.20999908447266,105.37999725341797,0
2018-10-04,107.16999816894531,108.3499984741211,106.41999816894531,106.54000091552734,0
2018-10-05,106.55000305175781,107.83999633789062,106.2300033569336,107.55999755859375,0
2018-10-08,107.33000183105469,107.69000244140625,106.05000305175781,106.37999725341797,0
2018-10-09,106.66000366210938,107.31999969482422,106.08000183105469,106.97000122070312,0
2018-10-10,104.19000244140625,107.3499984741211,104.16999816894531,106.83000183105469,0
2018-10-11,101.30999755859375,104.33000183105469,101.16999816894531,103.73999786376953,0
2018-10-12,100.47000122070312,102.83000183105469,98.5999984741211,102.37000274658203,0
2018-10-15,99.9800033569336,101.20999908447266,99.83000183105469,100.51000213623047,0
2018-10-16,100.87999725341797,100.95999908447266,99.3499984741211,100.27999877929688,0
2018-10-17,101.73999786376953,102.66000366210938,99.79000091552734,100.31999969482422,0
2018-10-18,99.88999938964844,102.06999969482422,99.62999725341797,101.55999755859375,0
2018-10-19,99.80999755859375,100.80000305175781,98.94999694824219,99.83000183105469,0
2018-10-22,97.08000183105469,100.19999694824219,97.04000091552734,99.9000015258789,0
2018-10-23,96.75,97.33000183105469,94.61000061035156,96.11000061035156,0
2018-10-24,93.87000274658203,96.5999984741211,93.6500015258789,96.55000305175781,0
2018-10-25,96.0199966430664,96.91999816894531,94.33999633789062,94.36000061035156,0
2018-10-26,94.83000183105469,95.72000122070312,93.93000030517578,95.04000091552734,0
2018-10-29,96.0999984741211,97.58999633789062,95.0999984741211,95.72000122070312,0
2018-10-30,97.43000030517578,97.55999755859375,95.58000183105469,96.44999694824219,0
2018-10-31,98.88999938964844,100.13999938964844,97.97000122070312,97.9800033569336,0
2018-11-01,99.41999816894531,99.94999694824219,98.83999633789062,99.3499984741211,0
2018-11-02,99.37000274658203,101.06999969482422,98.5999984741211,100.02999877929688,0
2018-11-05,100.16000366210938,100.54000091552734,99.41000366210938,99.51000213623047,0
2018-11-06,100.56999969482422,100.69000244140625,99.41000366210938,100.0,0
2018-11-07,101.5,101.62999725341797,99.6500015258789,100.9000015258789,0
2018-11-08,101.8499984741211,102.58999633789062,101.02999877929688,101.05000305175781,0
2018-11-09,101.18000030517578,102.0999984741211,100.58000183105469,101.75,0
2018-11-12,99.68000030517578,101.47000122070312,99.5199966430664,101.22000122070312,0
2018-11-13,100.3499984741211,101.33000183105469,99.70999908447266,99.70999908447266,0
2018-11-14,98.87999725341797,101.41999816894531,97.69999694824219,100.93000030517578,0
2018-11-15,100.55000305175781,100.61000061035156,97.43000030517578,98.19000244140625,0
2018-11-16,100.37000274658203,100.87999725341797,99.55000305175781,100.12999725341797,0
2018-11-19,100.4800033569336,101.22000122070312,99.55999755859375,100.41999816894531,0
2018-11-20,98.62999725341797,99.94999694824219,98.18000030517578,99.94000244140625,0
2018-11-21,98.62999725341797,100.05000305175781,98.04000091552734,98.81999969482422,0
2018-11-23,98.06999969482422,98.87000274658203,97.43000030517578,98.02999877929688,0
2018-11-26,100.27999877929688,100.77999877929688,98.81999969482422,98.83000183105469,0
2018-11-27,99.93000030517578,100.5199966430664,99.55999755859375,99.91000366210938,0
2018-11-28,101.38999938964844,101.4000015258789,98.91999816894531,100.20999908447266,0
2018-11-29,100.5199966430664,101.23999786376953,99.95999908447266,100.77999877929688,0
2018-11-30,101.56999969482422,101.91000366210938,100.19000244140625,100.23999786376953,0
2018-12-03,101.69999694824219,103.13999938964844,100.94999694824219,102.56999969482422,0
2018-12-04,96.76000213623047,101.27999877929688,96.0199966430664,101.23999786376953,0
2018-12-06,95.19000244140625,95.77999877929688,92.6500015258789,95.75,0
2018-12-07,93.26000213623047,96.27999877929688,92.83000183105469,95.08000183105469,0
2018-12-10,91.29000091552734,93.04000091552734,89.87000274658203,92.98999786376953,0
2018-12-11,90.16999816894531,92.91999816894531,89.9000015258789,92.08999633789062,0
2018-12-12,90.5,91.80999755859375,89.94999694824219,90.83999633789062,0
2018-12-13,89.0199966430664,90.98999786376953,88.69999694824219,90.66000366210938,0
2018-12-14,88.0999984741211,89.7300033569336,87.91999816894531,88.41000366210938,0
2018-12-17,87.44999694824219,89.18000030517578,87.0199966430664,87.80000305175781,0
2018-12-18,86.26000213623047,88.76000213623047,85.87999725341797,87.77999877929688,0
2018-12-19,84.47000122070312,87.55999755859375,83.97000122070312,86.0999984741211,0
2018-12-20,84.08999633789062,85.30999755859375,83.48999786376953,83.94999694824219,0
2018-12-21,82.5199966430664,85.2699966430664,82.16000366210938,84.19999694824219,0
2018-12-24,80.77999877929688,82.2699966430664,80.62000274658203,81.9800033569336,0
2018-12-26,84.66999816894531,84.68000030517578,79.8499984741211,81.08000183105469,0
2018-12-27,85.04000091552734,85.04000091552734,82.04000091552734,83.73999786376953,0
2018-12-28,85.1500015258789,86.2699966430664,84.79000091552734,85.25,0
2018-12-31,85.79000091552734,86.36000061035156,84.6500015258789,85.56999969482422,0
2019-01-02,87.33999633789062,87.43000030517578,84.55999755859375,84.98999786376953,0
2019-01-03,86.22000122070312,87.66000366210938,86.04000091552734,87.08000183105469,0
2019-01-04,89.18000030517578,89.3499984741211,87.25,87.27999877929688,0
2019-01-07,89.55999755859375,90.38999938964844,88.4000015258789,88.98999786376953,0
2019-01-08,89.66000366210938,90.27999877929688,88.4800033569336,90.04000091552734,0
2019-01-09,90.41999816894531,90.80000305175781,89.33999633789062,89.91000366210938,0
2019-01-10,90.13999938964844,90.5999984741211,89.4000015258789,90.05999755859375,0
2019-01-11,90.55000305175781,90.93000030517578,89.19999694824219,89.62999725341797,0
2019-01-14,91.62999725341797,92.01000213623047,89.68000030517578,90.06999969482422,0
2019-01-15,92.55999755859375,92.75,90.86000061035156,91.45999908447266,0
2019-01-16,94.88999938964844,95.44000244140625,93.33000183105469,93.52999877929688,0
2019-01-17,95.86000061035156,96.06999969482422,93.95999908447266,94.33000183105469,0
2019-01-18,97.54000091552734,97.70999908447266,95.69000244140625,96.04000091552734,0
2019-01-22,96.9000015258789,97.3499984741211,96.36000061035156,97.13999938964844,0
2019-01-23,96.83000183105469,97.52999877929688,95.86000061035156,97.43000030517578,0
2019-01-24,97.26000213623047,97.54000091552734,96.33999633789062,96.51000213623047,0
2019-01-25,98.20999908447266,98.79000091552734,97.51000213623047,97.87000274658203,0
2019-01-28,98.0999984741211,98.2300033569336,97.29000091552734,97.62999725341797,0
2019-01-29,97.55999755859375,98.52999877929688,97.5,98.0199966430664,0
2019-01-30,97.44999694824219,98.29000091552734,96.98999786376953,97.66000366210938,0
2019-01-31,96.45999908447266,97.08999633789062,95.37000274658203,96.93000030517578,0
2019-02-01,96.7300033569336,97.27999877929688,96.38999938964844,96.68000030517578,0
2019-02-04,97.27999877929688,97.29000091552734,96.33000183105469,96.7300033569336,0
2019-02-05,96.94000244140625,97.33999633789062,96.31999969482422,97.26000213623047,0
2019-02-06,96.8499984741211,97.47000122070312,96.38999938964844,96.7300033569336,0
2019-02-07,97.30000305175781,98.61000061035156,96.3499984741211,97.4000015258789,0
2019-02-08,96.51000213623047,97.23999786376953,95.27999877929688,97.02999877929688,0
2019-02-11,96.73999786376953,97.04000091552734,96.4000015258789,96.80000305175781,0
2019-02-12,98.1500015258789,98.55999755859375,97.33000183105469,97.33999633789062,0
2019-02-13,98.05000305175781,98.86000061035156,98.0199966430664,98.41000366210938,0
2019-02-14,97.0999984741211,97.68000030517578,96.2300033569336,97.33999633789062,0
2019-02-15,99.4000015258789,99.52999877929688,97.6500015258789,97.6500015258789,0
2019-02-19,99.88999938964844,100.19000244140625,98.44000244140625,98.9000015258789,0
2019-02-20,100.81999969482422,100.87000274658203,99.54000091552734,99.8499984741211,0
2019-02-21,100.18000030517578,100.86000061035156,99.83000183105469,100.69999694824219,0
2019-02-22,99.98999786376953,100.5199966430664,99.58999633789062,100.23999786376953,0
2019-02-25,100.22000122070312,101.20999908447266,100.13999938964844,100.5,0
2019-02-26,99.69999694824219,100.58999633789062,99.19999694824219,99.87000274658203,0
2019-02-27,100.44999694824219,100.51000213623047,99.4000015258789,99.72000122070312,0
2019-02-28,100.12999725341797,100.61000061035156,100.01000213623047,100.51000213623047,0
2019-03-01,100.55999755859375,101.70999908447266,100.16000366210938,100.58999633789062,0
2019-03-04,99.98999786376953,101.7300033569336,99.12000274658203,100.69000244140625,0
2019-03-05,99.8499984741211,100.12999725341797,98.4800033569336,99.94000244140625,0
2019-03-06,98.62999725341797,99.98999786376953,98.5199966430664,99.70999908447266,0
2019-03-07,97.25,98.2699966430664,96.69999694824219,98.26000213623047,0
2019-03-08,97.44999694824219,97.4800033569336,96.16999816894531,96.69000244140625,0
2019-03-11,98.16999816894531,98.56999969482422,97.52999877929688,97.7699966430664,0
2019-03-12,98.20999908447266,98.80999755859375,97.91999816894531,98.38999938964844,0
2019-03-13,99.16999816894531,99.51000213623047,98.2699966430664,98.5,0
2019-03-14,99.76000213623047,100.1500015258789,99.11000061035156,99.2699966430664,0
2019-03-15,100.0199966430664,100.48999786376953,99.52999877929688,99.75,0
2019-03-18,101.33999633789062,101.68000030517578,100.26000213623047,100.26000213623047,0
2019-03-19,100.0,102.12999725341797,99.81999969482422,101.76000213623047,0
2019-03-20,96.9800033569336,99.86000061035156,96.91999816894531,99.7699966430664,0
2019-03-21,95.5,96.52999877929688,94.91000366210938,96.5199966430664,0
2019-03-22,91.76000213623047,94.75,91.25,94.75,0
2019-03-25,91.37000274658203,92.77999877929688,90.75,91.83000183105469,0
2019-03-26,92.87999725341797,92.9800033569336,91.72000122070312,92.0999984741211,0
2019-03-27,92.45999908447266,93.01000213623047,91.97000122070312,92.83000183105469,0
2019-03-28,93.55000305175781,93.58999633789062,92.29000091552734,92.62999725341797,0
2019-03-29,93.58000183105469,94.4800033569336,93.2300033569336,94.05999755859375,0
2019-04-01,96.31999969482422,96.44000244140625,94.0999984741211,94.0999984741211,0
2019-04-02,96.5999984741211,97.16000366210938,95.8499984741211,96.16000366210938,0
2019-04-03,96.98999786376953,98.12000274658203,96.58000183105469,97.31999969482422,0
2019-04-04,97.79000091552734,98.22000122070312,96.83000183105469,96.88999938964844,0
2019-04-05,97.62999725341797,98.38999938964844,97.16999816894531,97.88999938964844,0
2019-04-08,97.91000366210938,97.97000122070312,97.26000213623047,97.41999816894531,0
2019-04-09,96.68000030517578,97.44000244140625,96.31999969482422,97.44000244140625,0
2019-04-10,97.12999725341797,97.23999786376953,95.97000122070312,96.7300033569336,0
2019-04-11,97.63999938964844,98.37999725341797,97.08999633789062,97.55999755859375,0
2019-04-12,99.52999877929688,100.38999938964844,98.20999908447266,98.7300033569336,0
2019-04-15,98.55000305175781,99.44000244140625,98.27999877929688,99.4000015258789,0
2019-04-16,100.11000061035156,100.27999877929688,98.37000274658203,98.5,0
2019-04-17,100.08999633789062,100.30000305175781,99.04000091552734,100.04000091552734,0
2019-04-18,99.61000061035156,100.2300033569336,99.0999984741211,100.0,0
2019-04-22,99.4800033569336,99.83000183105469,98.94000244140625,99.41999816894531,0
2019-04-23,100.20999908447266,100.30000305175781,98.47000122070312,99.36000061035156,0
2019-04-24,100.05000305175781,100.38999938964844,99.23999786376953,99.87999725341797,0
2019-04-25,100.22000122070312,100.87000274658203,99.26000213623047,99.68000030517578,0
2019-04-26,100.91000366210938,101.08999633789062,100.04000091552734,100.30999755859375,0
2019-04-29,102.37999725341797,103.20999908447266,101.30999755859375,101.33000183105469,0
2019-04-30,102.23999786376953,102.75,101.4800033569336,102.45999908447266,0
2019-05-01,101.19999694824219,103.0199966430664,101.02999877929688,102.19999694824219,0
2019-05-02,101.87000274658203,102.1500015258789,100.97000122070312,101.33999633789062,0
2019-05-03,102.66999816894531,102.88999938964844,102.04000091552734,102.11000061035156,0
2019-05-06,102.06999969482422,102.52999877929688,100.6500015258789,101.37000274658203,0
2019-05-07,99.97000122070312,101.25,99.31999969482422,101.23999786376953,0
2019-05-08,99.33000183105469,100.26000213623047,99.22000122070312,99.66999816894531,0
2019-05-09,99.2300033569336,99.37000274658203,97.56999969482422,98.20999908447266,0
2019-05-10,99.58000183105469,99.9000015258789,97.68000030517578,98.87999725341797,0
2019-05-13,96.02999877929688,98.55999755859375,95.75,98.44999694824219,0
2019-05-14,96.9000015258789,97.7699966430664,96.0199966430664,96.18000030517578,0
2019-05-15,95.80999755859375,96.44000244140625,94.81999969482422,96.2300033569336,0
2019-05-16,96.88999938964844,97.47000122070312,96.26000213623047,96.2699966430664,0
2019-05-17,96.30000305175781,97.44000244140625,96.0,96.12999725341797,0
2019-05-20,96.55999755859375,96.98999786376953,96.04000091552734,96.11000061035156,0
2019-05-21,97.41000366210938,97.4800033569336,96.83999633789062,96.83999633789062,0
2019-05-22,96.68000030517578,97.0999984741211,96.41999816894531,97.08000183105469,0
2019-05-23,94.91000366210938,95.93000030517578,94.20999908447266,95.93000030517578,0
2019-05-24,95.83999633789062,96.05000305175781,95.19999694824219,95.25,0
2019-05-28,94.47000122070312,95.79000091552734,94.44999694824219,95.58999633789062,0
2019-05-29,94.58000183105469,94.72000122070312,93.13999938964844,94.0,0
2019-05-30,93.4000015258789,95.26000213623047,92.80000305175781,94.73999786376953,0
2019-05-31,91.83000183105469,92.6500015258789,91.69000244140625,92.62999725341797,0
2019-06-03,92.58999633789062,93.05999755859375,91.52999877929688,91.69999694824219,0
2019-06-04,95.8499984741211,95.91999816894531,93.62999725341797,93.63999938964844,0
2019-06-05,95.69999694824219,95.98999786376953,94.55999755859375,95.83999633789062,0
2019-06-06,95.87000274658203,95.93000030517578,94.87999725341797,95.55000305175781,0
2019-06-07,95.20999908447266,95.80000305175781,95.11000061035156,95.70999908447266,0
2019-06-10,96.30000305175781,97.22000122070312,95.95999908447266,95.97000122070312,0
2019-06-11,96.77999877929688,97.69999694824219,96.43000030517578,96.80000305175781,0
2019-06-12,95.63999938964844,96.88999938964844,95.4800033569336,96.76000213623047,0
2019-06-13,95.91999816894531,96.54000091552734,95.54000091552734,95.76000213623047,0
2019-06-14,96.29000091552734,96.56999969482422,95.01000213623047,95.98999786376953,0
2019-06-17,95.01000213623047,96.66999816894531,94.83999633789062,96.29000091552734,0
2019-06-18,96.51000213623047,96.83000183105469,94.77999877929688,95.0199966430664,0
2019-06-19,95.56999969482422,97.66999816894531,95.4800033569336,96.76000213623047,0
2019-06-20,95.80999755859375,96.08999633789062,94.31999969482422,96.02999877929688,0
2019-06-21,95.97000122070312,96.79000091552734,95.7300033569336,95.79000091552734,0
2019-06-24,95.43000030517578,96.61000061035156,95.33000183105469,95.83000183105469,0
2019-06-25,95.13999938964844,95.62999725341797,94.12000274658203,95.27999877929688,0
2019-06-26,95.36000061035156,96.11000061035156,95.22000122070312,95.37000274658203,0
2019-06-27,96.08999633789062,96.51000213623047,95.55000305175781,95.55000305175781,0
2019-06-28,97.98999786376953,98.27999877929688,96.5999984741211,96.5999984741211,0
2019-07-01,99.0199966430664,99.80000305175781,98.43000030517578,99.04000091552734,0
2019-07-02,98.0999984741211,99.08999633789062,97.58000183105469,98.87000274658203,0
2019-07-03,98.80999755859375,98.8499984741211,97.94999694824219,98.3499984741211,0
2019-07-05,99.62000274658203,100.19000244140625,99.25,99.43000030517578,0
2019-07-08,98.58000183105469,99.18000030517578,98.30000305175781,99.0999984741211,0
2019-07-09,99.22000122070312,99.29000091552734,97.87000274658203,98.01000213623047,0
2019-07-10,98.13999938964844,99.30999755859375,97.9800033569336,99.11000061035156,0
2019-07-11,99.08999633789062,99.29000091552734,98.0999984741211,98.33000183105469,0
2019-07-12,99.4800033569336,99.52999877929688,98.87999725341797,99.30999755859375,0
2019-07-15,98.36000061035156,99.52999877929688,98.08999633789062,99.52999877929688,0
2019-07-16,97.7300033569336,98.44000244140625,97.37999725341797,98.44000244140625,0
2019-07-17,97.5199966430664,98.12999725341797,97.18000030517578,97.48999786376953,0
2019-07-18,98.51000213623047,98.88999938964844,97.30000305175781,97.47000122070312,0
2019-07-19,99.1500015258789,99.58999633789062,98.7300033569336,98.76000213623047,0
2019-07-22,99.25,99.38999938964844,98.56999969482422,98.94000244140625,0
2019-07-23,100.8499984741211,100.87000274658203,99.41999816894531,99.44999694824219,0
2019-07-24,102.37999725341797,102.5,100.6500015258789,100.66000366210938,0
2019-07-25,101.63999938964844,102.70999908447266,101.33999633789062,102.47000122070312,0
2019-07-26,103.12000274658203,103.23999786376953,101.66999816894531,101.66999816894531,0
2019-07-29,102.0999984741211,103.4000015258789,102.06999969482422,102.98999786376953,0
2019-07-30,102.30999755859375,102.31999969482422,100.98999786376953,101.20999908447266,0
2019-07-31,102.02999877929688,102.75,101.7300033569336,102.27999877929688,0
2019-08-01,98.30999755859375,102.36000061035156,98.04000091552734,101.7300033569336,0
2019-08-02,97.98999786376953,98.33999633789062,96.45999908447266,98.08999633789062,0
2019-08-05,94.43000030517578,96.80999755859375,93.48999786376953,96.80999755859375,0
2019-08-06,95.41999816894531,95.48999786376953,93.47000122070312,94.77999877929688,0
2019-08-07,93.37999725341797,93.8499984741211,91.7699966430664,93.83999633789062,0
2019-08-08,94.87000274658203,95.23999786376953,93.80999755859375,93.9800033569336,0
2019-08-09,94.4800033569336,95.05000305175781,93.55999755859375,94.55999755859375,0
2019-08-12,92.72000122070312,93.62000274658203,92.54000091552734,93.62000274658203,0
2019-08-13,93.33999633789062,93.33999633789062,93.33999633789062,93.33999633789062,0
2019-08-14,89.6500015258789,91.80000305175781,89.38999938964844,91.80000305175781,0
2019-08-15,89.30000305175781,90.55000305175781,88.94000244140625,89.87000274658203,0
2019-08-16,91.56999969482422,91.7699966430664,89.66999816894531,89.66999816894531,0
2019-08-19,92.63999938964844,93.27999877929688,92.44000244140625,92.80000305175781,0
2019-08-20,91.05999755859375,91.95999908447266,91.02999877929688,91.94000244140625,0
2019-08-21,91.47000122070312,92.02999877929688,91.20999908447266,91.55000305175781,0
2019-08-22,92.18000030517578,92.58999633789062,91.43000030517578,92.0,0
2019-08-23,89.56999969482422,92.44999694824219,89.05999755859375,91.72000122070312,0
2019-08-26,90.41000366210938,90.44000244140625,89.6500015258789,90.11000061035156,0
2019-08-27,89.56999969482422,90.98999786376953,89.08000183105469,90.7699966430664,0
2019-08-28,90.81999969482422,91.23999786376953,89.11000061035156,89.19000244140625,0
2019-08-29,92.58999633789062,92.94000244140625,91.56999969482422,91.58000183105469,0
2019-08-30,93.08999633789062,93.88999938964844,92.80999755859375,93.12000274658203,0
2019-09-03,91.43000030517578,92.23999786376953,90.66000366210938,92.2300033569336,0
2019-09-04,92.5,92.66000366210938,91.91999816894531,92.20999908447266,0
2019-09-05,94.9000015258789,95.86000061035156,93.54000091552734,93.54000091552734,0
2019-09-06,94.5999984741211,95.12999725341797,94.23999786376953,94.87999725341797,0
2019-09-09,98.01000213623047,98.44999694824219,95.20999908447266,95.30000305175781,0
2019-09-10,99.30000305175781,99.58999633789062,98.12000274658203,98.30999755859375,0
2019-09-11,100.41000366210938,100.41000366210938,98.25,99.75,0
2019-09-12,100.73999786376953,101.18000030517578,98.86000061035156,99.91000366210938,0
2019-09-13,101.94000244140625,102.5199966430664,101.26000213623047,101.55000305175781,0
2019-09-16,101.80000305175781,101.83999633789062,100.70999908447266,101.13999938964844,0
2019-09-17,101.02999877929688,101.19000244140625,99.9800033569336,101.19000244140625,0
2019-09-18,101.66000366210938,102.12000274658203,100.12999725341797,100.56999969482422,0
2019-09-19,101.06999969482422,102.08999633789062,100.91000366210938,101.4800033569336,0
2019-09-20,100.38999938964844,101.6500015258789,100.3499984741211,101.12000274658203,0
2019-09-23,100.55999755859375,100.83999633789062,99.44000244140625,99.66000366210938,0
2019-09-24,99.2699966430664,100.80000305175781,98.77999877929688,100.58999633789062,0
2019-09-25,100.44000244140625,100.75,99.33999633789062,99.37000274658203,0
2019-09-26,99.75,100.3499984741211,99.56999969482422,100.25,0
2019-09-27,100.2699966430664,101.36000061035156,99.75,100.37000274658203,0
2019-09-30,100.02999877929688,100.70999908447266,99.80000305175781,100.52999877929688,0
2019-10-01,97.44000244140625,101.0,97.41000366210938,100.48999786376953,0
2019-10-02,95.45999908447266,96.69000244140625,95.18000030517578,96.63999938964844,0
2019-10-03,95.58999633789062,95.62000274658203,93.51000213623047,95.04000091552734,0
2019-10-04,97.22000122070312,97.29000091552734,95.5,95.73999786376953,0
2019-10-07,96.93000030517578,97.93000030517578,96.66999816894531,97.04000091552734,0
2019-10-08,94.58999633789062,95.61000061035156,94.52999877929688,95.61000061035156,0
2019-10-09,95.36000061035156,95.80999755859375,94.87000274658203,95.30999755859375,0
2019-10-10,96.79000091552734,97.44000244140625,95.7699966430664,95.83000183105469,0
2019-10-11,98.58999633789062,99.79000091552734,98.2300033569336,98.2300033569336,0
2019-10-14,98.68000030517578,98.93000030517578,97.86000061035156,98.13999938964844,0
2019-10-15,100.48999786376953,101.26000213623047,98.58999633789062,99.12000274658203,0
2019-10-16,100.20999908447266,101.5199966430664,100.0999984741211,100.73999786376953,0
2019-10-17,100.08999633789062,101.0,99.69000244140625,100.54000091552734,0
2019-10-18,100.98999786376953,101.37999725341797,99.9800033569336,100.06999969482422,0
2019-10-21,102.5999984741211,102.94000244140625,101.83999633789062,101.83999633789062,0
2019-10-22,103.56999969482422,104.4000015258789,102.02999877929688,102.81999969482422,0
2019-10-23,104.08000183105469,104.0999984741211,103.23999786376953,103.41999816894531,0
2019-10-24,103.41999816894531,104.29000091552734,103.05000305175781,104.22000122070312,0
2019-10-25,104.70999908447266,105.05000305175781,103.55000305175781,103.55000305175781,0
2019-10-28,105.5999984741211,106.01000213623047,105.13999938964844,105.13999938964844,0
2019-10-29,105.7699966430664,106.29000091552734,105.13999938964844,105.13999938964844,0
2019-10-30,104.80999755859375,105.4800033569336,104.23999786376953,105.4800033569336,0
2019-10-31,103.79000091552734,104.30999755859375,102.72000122070312,104.30999755859375,0
2019-11-01,105.80000305175781,105.81999969482422,104.47000122070312,104.4800033569336,0
2019-11-04,107.87000274658203,107.94999694824219,106.4800033569336,106.4800033569336,0
2019-11-05,108.76000213623047,109.36000061035156,108.22000122070312,108.22000122070312,0
2019-11-06,108.66999816894531,108.97000122070312,108.04000091552734,108.55000305175781,0
2019-11-07,109.56999969482422,110.55000305175781,109.3499984741211,109.3499984741211,0
2019-11-08,109.72000122070312,109.80000305175781,108.77999877929688,109.33000183105469,0
2019-11-11,109.20999908447266,109.55999755859375,108.81999969482422,109.08000183105469,0
2019-11-12,109.05000305175781,109.66000366210938,108.72000122070312,109.12000274658203,0
2019-11-13,107.88999938964844,108.48999786376953,107.36000061035156,108.25,0
2019-11-14,107.79000091552734,107.91000366210938,107.20999908447266,107.63999938964844,0
2019-11-15,108.47000122070312,108.48999786376953,107.88999938964844,108.1500015258789,0
2019-11-18,108.5999984741211,108.70999908447266,107.94000244140625,108.33000183105469,0
2019-11-19,108.68000030517578,109.23999786376953,108.30000305175781,108.87999725341797,0
2019-11-20,108.11000061035156,108.54000091552734,107.33999633789062,108.23999786376953,0
2019-11-21,108.19000244140625,108.70999908447266,107.70999908447266,108.52999877929688,0
2019-11-22,109.26000213623047,109.54000091552734,108.4000015258789,108.44000244140625,0
2019-11-25,110.0199966430664,110.30999755859375,109.41000366210938,109.44999694824219,0
2019-11-26,109.41999816894531,109.79000091552734,109.04000091552734,109.75,0
2019-11-27,110.12999725341797,110.27999877929688,109.62000274658203,109.81999969482422,0
2019-11-29,109.73999786376953,110.30999755859375,109.55999755859375,109.87000274658203,0
2019-12-02,109.22000122070312,110.66000366210938,109.12999725341797,110.11000061035156,0
2019-12-03,107.4800033569336,108.06999969482422,106.66000366210938,108.05999755859375,0
2019-12-04,108.76000213623047,109.16000366210938,107.63999938964844,107.75,0
2019-12-05,109.27999877929688,109.4800033569336,108.80000305175781,109.16000366210938,0
2019-12-06,110.94999694824219,111.25,110.43000030517578,110.43000030517578,0
2019-12-09,110.83999633789062,111.26000213623047,110.58999633789062,110.70999908447266,0
2019-12-10,111.08000183105469,111.41999816894531,110.37999725341797,110.69000244140625,0
2019-12-11,110.55999755859375,111.5199966430664,110.51000213623047,111.25,0
2019-12-12,113.75,114.02999877929688,110.66999816894531,110.83000183105469,0
2019-12-13,112.63999938964844,114.37000274658203,112.25,113.5199966430664,0
2019-12-16,113.08000183105469,114.18000030517578,113.05999755859375,113.51000213623047,0
2019-12-17,113.97000122070312,114.26000213623047,113.12000274658203,113.20999908447266,0
2019-12-18,113.47000122070312,114.19000244140625,113.45999908447266,114.13999938964844,0
2019-12-19,113.1500015258789,113.5999984741211,112.94999694824219,113.54000091552734,0
2019-12-20,113.16000366210938,114.0199966430664,112.88999938964844,113.19000244140625,0
2019-12-23,113.08999633789062,113.41000366210938,112.83999633789062,113.29000091552734,0
2019-12-24,113.25,113.33000183105469,112.88999938964844,113.27999877929688,0
2019-12-26,113.94000244140625,113.98999786376953,113.27999877929688,113.44000244140625,0
2019-12-27,113.5199966430664,114.19000244140625,113.37999725341797,114.12999725341797,0
2019-12-30,113.08999633789062,114.13999938964844,112.95999908447266,114.0199966430664,0
2019-12-31,113.36000061035156,113.4000015258789,112.83999633789062,112.95999908447266,0
2020-01-02,114.12000274658203,114.12999725341797,112.98999786376953,113.7699966430664,0
2020-01-03,112.4800033569336,113.02999877929688,111.76000213623047,112.98999786376953,0
2020-01-06,111.87000274658203,111.87999725341797,111.04000091552734,111.58000183105469,0
2020-01-07,111.11000061035156,111.75,110.8499984741211,111.5199966430664,0
2020-01-08,111.73999786376953,112.31999969482422,111.19000244140625,111.22000122070312,0
2020-01-09,112.3499984741211,112.69999694824219,112.0,112.19000244140625,0
2020-01-10,111.13999938964844,112.30000305175781,110.95999908447266,112.26000213623047,0
2020-01-13,111.81999969482422,111.81999969482422,110.7699966430664,111.31999969482422,0
2020-01-14,111.97000122070312,112.80999755859375,111.47000122070312,111.81999969482422,0
2020-01-15,110.06999969482422,110.9800033569336,109.58000183105469,110.9800033569336,0
2020-01-16,110.5199966430664,110.66000366210938,109.66000366210938,110.38999938964844,0
2020-01-17,110.91999816894531,111.2699966430664,110.48999786376953,110.66999816894531,0
2020-01-21,109.70999908447266,110.81999969482422,109.66999816894531,110.43000030517578,0
2020-01-22,109.91000366210938,110.12999725341797,109.54000091552734,109.5999984741211,0
2020-01-23,109.80000305175781,110.05999755859375,108.33999633789062,109.56999969482422,0
2020-01-24,107.69999694824219,109.7699966430664,106.88999938964844,109.66999816894531,0
2020-01-27,105.7300033569336,106.45999908447266,105.55999755859375,106.4000015258789,0
2020-01-28,106.86000061035156,107.5999984741211,106.04000091552734,106.20999908447266,0
2020-01-29,105.86000061035156,107.48999786376953,105.75,107.05999755859375,0
2020-01-30,107.02999877929688,107.1500015258789,104.48999786376953,105.08000183105469,0
2020-01-31,104.75,106.04000091552734,104.30000305175781,105.87000274658203,0
2020-02-03,105.69000244140625,106.76000213623047,105.44999694824219,105.45999908447266,0
2020-02-04,107.38999938964844,108.12999725341797,107.05999755859375,107.05999755859375,0
2020-02-05,110.0199966430664,110.13999938964844,108.48999786376953,108.48999786376953,0
2020-02-06,109.33000183105469,110.83000183105469,109.31999969482422,110.6500015258789,0
2020-02-07,108.66999816894531,108.91000366210938,108.0999984741211,108.6500015258789,0
2020-02-10,108.58999633789062,108.58999633789062,107.88999938964844,108.31999969482422,0
2020-02-11,109.36000061035156,109.91999816894531,108.91999816894531,108.95999908447266,0
2020-02-12,109.51000213623047,110.83999633789062,109.37000274658203,109.98999786376953,0
2020-02-13,109.55999755859375,109.66999816894531,108.79000091552734,108.97000122070312,0
2020-02-14,109.2300033569336,109.62999725341797,108.75,109.4800033569336,0
2020-02-18,107.72000122070312,109.1500015258789,106.98999786376953,108.8499984741211,0
2020-02-19,108.88999938964844,109.12999725341797,108.05000305175781,108.05999755859375,0
2020-02-20,109.36000061035156,109.94999694824219,108.33999633789062,108.45999908447266,0
2020-02-21,108.01000213623047,108.83000183105469,107.29000091552734,108.80000305175781,0
2020-02-24,104.16999816894531,106.41000366210938,103.66999816894531,106.33000183105469,0
2020-02-25,99.5,104.30999755859375,99.08999633789062,104.26000213623047,0
2020-02-26,98.04000091552734,101.02999877929688,98.02999877929688,99.9800033569336,0
2020-02-27,93.91999816894531,98.0,93.88999938964844,97.20999908447266,0
2020-02-28,91.62000274658203,92.79000091552734,89.27999877929688,92.79000091552734,0
2020-03-02,95.5199966430664,95.52999877929688,89.83999633789062,91.55000305175781,0
2020-03-03,91.11000061035156,96.41999816894531,90.2300033569336,95.01000213623047,0
2020-03-04,93.2300033569336,93.36000061035156,89.94000244140625,91.7699966430664,0
2020-03-05,87.86000061035156,91.55000305175781,86.83000183105469,91.54000091552734,0
2020-03-06,83.87999725341797,86.80000305175781,82.25,86.79000091552734,0
2020-03-09,72.22000122070312,82.55999755859375,71.41999816894531,82.55000305175781,0
2020-03-10,77.5,77.58000183105469,72.33999633789062,73.9800033569336,0
2020-03-11,72.4800033569336,75.73999786376953,71.38999938964844,75.33999633789062,0
2020-03-12,64.93000030517578,71.27999877929688,64.23999786376953,70.55000305175781,0
2020-03-13,74.55000305175781,74.5999984741211,65.9000015258789,65.9000015258789,0
2020-03-16,62.470001220703125,72.8499984741211,62.22999954223633,72.8499984741211,0
2020-03-17,66.18000030517578,66.83999633789062,60.630001068115234,63.33000183105469,0
2020-03-18,60.720001220703125,63.65999984741211,58.43000030517578,63.619998931884766,0
2020-03-19,63.099998474121094,64.45999908447266,57.099998474121094,59.720001220703125,0
2020-03-20,60.560001373291016,64.36000061035156,59.79999923706055,63.650001525878906,0
2020-03-23,56.189998626708984,60.130001068115234,55.400001525878906,59.709999084472656,0
2020-03-24,63.209999084472656,63.529998779296875,59.209999084472656,60.029998779296875,0
2020-03-25,64.62999725341797,67.3499984741211,61.06999969482422,63.959999084472656,0
2020-03-26,69.83999633789062,70.38999938964844,65.16000366210938,65.68000030517578,0
2020-03-27,67.61000061035156,69.79000091552734,65.73999786376953,66.47000122070312,0
2020-03-30,67.87999725341797,68.22000122070312,65.38999938964844,67.05000305175781,0
2020-03-31,65.44999694824219,68.0999984741211,64.66000366210938,67.05999755859375,0
2020-04-01,60.93000030517578,62.290000915527344,60.25,61.4900016784668,0
2020-04-02,62.33000183105469,63.470001220703125,60.189998626708984,60.36000061035156,0
2020-04-03,60.189998626708984,62.70000076293945,59.41999816894531,62.099998474121094,0
2020-04-06,65.68000030517578,66.12999725341797,63.22999954223633,63.97999954223633,0
2020-04-07,67.02999877929688,70.87999725341797,66.95999908447266,70.18000030517578,0
2020-04-08,70.45999908447266,70.88999938964844,67.44999694824219,68.22000122070312,0
2020-04-09,75.26000213623047,76.30999755859375,72.87000274658203,73.0199966430664,0
2020-04-13,72.29000091552734,75.0999984741211,71.51000213623047,75.0999984741211,0
2020-04-14,71.25,74.19000244140625,69.81999969482422,73.9800033569336,0
2020-04-15,66.77999877929688,68.08000183105469,66.51000213623047,67.58999633789062,0
2020-04-16,64.56999969482422,66.8499984741211,64.04000091552734,66.80000305175781,0
2020-04-17,70.0,70.33999633789062,67.55999755859375,67.68000030517578,0
2020-04-20,69.1500015258789,70.80999755859375,67.16999816894531,67.77999877929688,0
2020-04-21,66.55999755859375,68.2300033569336,65.94000244140625,66.91999816894531,0
2020-04-22,67.18000030517578,68.58999633789062,66.97000122070312,68.20999908447266,0
2020-04-23,67.58000183105469,68.98999786376953,67.30000305175781,67.69000244140625,0
2020-04-24,69.02999877929688,69.61000061035156,67.3499984741211,68.5199966430664,0
2020-04-27,72.93000030517578,73.2699966430664,69.62999725341797,69.77999877929688,0
2020-04-28,74.06999969482422,76.52999877929688,73.91999816894531,75.81999969482422,0
2020-04-29,77.27999877929688,78.37000274658203,75.93000030517578,76.94999694824219,0
2020-04-30,74.37000274658203,75.79000091552734,73.9000015258789,74.95999908447266,0
2020-05-01,70.97000122070312,72.19000244140625,70.36000061035156,72.16000366210938,0
2020-05-04,70.16999816894531,70.31999969482422,68.69999694824219,69.48999786376953,0
2020-05-05,69.12999725341797,72.08999633789062,69.06999969482422,71.70999908447266,0
2020-05-06,67.7699966430664,70.13999938964844,67.5199966430664,69.88999938964844,0
2020-05-07,69.16000366210938,71.01000213623047,68.7300033569336,68.79000091552734,0
2020-05-08,71.13999938964844,71.37000274658203,70.05000305175781,70.81999969482422,0
2020-05-11,68.51000213623047,69.77999877929688,68.13999938964844,69.76000213623047,0
2020-05-12,65.83000183105469,69.37000274658203,65.80999755859375,68.98999786376953,0
2020-05-13,62.7400016784668,65.25,62.060001373291016,65.2300033569336,0
2020-05-14,65.19999694824219,65.44000244140625,60.36000061035156,61.099998474121094,0
2020-05-15,64.19000244140625,65.16999816894531,63.619998931884766,64.06999969482422,0
2020-05-18,69.26000213623047,69.68000030517578,66.81999969482422,67.4000015258789,0
2020-05-19,66.81999969482422,69.0199966430664,66.79000091552734,68.30000305175781,0
2020-05-20,69.06999969482422,69.37000274658203,68.2300033569336,68.26000213623047,0
2020-05-21,68.5999984741211,69.66999816894531,68.36000061035156,68.6500015258789,0
2020-05-22,68.0,68.7699966430664,67.19000244140625,68.5999984741211,0
2020-05-26,73.86000061035156,74.87999725341797,71.13999938964844,71.1500015258789,0
2020-05-27,78.80000305175781,78.97000122070312,75.97000122070312,78.2699966430664,0
2020-05-28,76.12000274658203,79.56999969482422,75.88999938964844,79.56999969482422,0
2020-05-29,74.41000366210938,75.9000015258789,73.9800033569336,74.37000274658203,0
2020-06-01,75.86000061035156,76.47000122070312,74.4000015258789,74.80000305175781,0
2020-06-02,76.38999938964844,77.72000122070312,75.72000122070312,77.05000305175781,0
2020-06-03,80.37999725341797,80.9000015258789,78.58999633789062,78.58999633789062,0
2020-06-04,83.58999633789062,83.62000274658203,79.3499984741211,80.08000183105469,0
2020-06-05,87.38999938964844,91.19999694824219,86.81999969482422,90.62999725341797,0
2020-06-08,89.70999908447266,90.4800033569336,87.91000366210938,89.63999938964844,0
2020-06-09,87.66000366210938,88.66999816894531,86.12999725341797,86.41999816894531,0
2020-06-10,82.37999725341797,86.93000030517578,82.33999633789062,86.55999755859375,0
2020-06-11,74.97000122070312,79.0199966430664,74.81999969482422,76.58999633789062,0
2020-06-12,77.94000244140625,78.76000213623047,75.61000061035156,78.70999908447266,0
2020-06-15,79.08000183105469,79.41000366210938,74.45999908447266,74.45999908447266,0
2020-06-16,80.80999755859375,82.77999877929688,78.69000244140625,82.68000030517578,0
2020-06-17,78.95999908447266,81.08000183105469,78.86000061035156,80.7699966430664,0
2020-06-18,78.70999908447266,80.16000366210938,77.79000091552734,77.81999969482422,0
2020-06-19,78.56999969482422,80.0999984741211,76.9800033569336,79.87999725341797,0
2020-06-22,77.8499984741211,78.7300033569336,77.1500015258789,77.5999984741211,0
2020-06-23,78.19999694824219,80.2300033569336,78.16999816894531,79.13999938964844,0
2020-06-24,74.43000030517578,76.88999938964844,74.2300033569336,76.88999938964844,0
2020-06-25,76.91999816894531,77.08999633789062,73.81999969482422,73.86000061035156,0
2020-06-26,71.97000122070312,75.41999816894531,71.79000091552734,75.18000030517578,0
2020-06-29,72.98999786376953,73.97000122070312,72.05000305175781,72.95999908447266,0
2020-06-30,74.52999877929688,75.05000305175781,72.3499984741211,72.36000061035156,0
2020-07-01,72.51000213623047,74.91999816894531,72.26000213623047,74.5,0
2020-07-02,72.56999969482422,75.12999725341797,72.30999755859375,74.5999984741211,0
2020-07-06,73.88999938964844,75.30000305175781,73.05999755859375,74.08999633789062,0
2020-07-07,71.48999786376953,72.94000244140625,71.25,72.8499984741211,0
2020-07-08,72.12999725341797,72.55000305175781,70.7699966430664,71.44000244140625,0
2020-07-09,69.6500015258789,72.04000091552734,69.1500015258789,71.70999908447266,0
2020-07-10,73.33000183105469,73.3499984741211,69.81999969482422,69.83999633789062,0
2020-07-13,74.0199966430664,75.06999969482422,72.58999633789062,74.22000122070312,0
2020-07-14,72.81999969482422,73.80999755859375,72.01000213623047,73.62999725341797,0
2020-07-15,75.1500015258789,75.48999786376953,73.69000244140625,74.7699966430664,0
2020-07-16,74.95999908447266,76.27999877929688,73.69000244140625,74.1500015258789,0
2020-07-17,73.11000061035156,75.12000274658203,73.0999984741211,74.94000244140625,0
2020-07-20,72.44000244140625,73.18000030517578,72.25,72.63999938964844,0
2020-07-21,75.26000213623047,75.4000015258789,72.98999786376953,73.0199966430664,0
2020-07-22,74.76000213623047,75.25,73.88999938964844,74.66000366210938,0
2020-07-23,75.87999725341797,76.27999877929688,74.44000244140625,74.55000305175781,0
2020-07-24,75.55000305175781,76.72000122070312,75.41999816894531,76.13999938964844,0
2020-07-27,74.37999725341797,74.80999755859375,73.70999908447266,74.7300033569336,0
2020-07-28,74.16999816894531,74.6500015258789,73.81999969482422,74.0199966430664,0
2020-07-29,76.48999786376953,76.51000213623047,73.62000274658203,74.0199966430664,0
2020-07-30,74.7699966430664,74.80000305175781,73.12999725341797,74.41000366210938,0
2020-07-31,74.48999786376953,74.55000305175781,73.27999877929688,74.30999755859375,0
2020-08-03,74.47000122070312,75.12000274658203,73.7699966430664,74.62000274658203,0
2020-08-04,74.11000061035156,74.47000122070312,73.77999877929688,74.30000305175781,0
2020-08-05,75.38999938964844,75.5,74.7699966430664,74.7699966430664,0
2020-08-06,75.05000305175781,75.80000305175781,74.68000030517578,74.94999694824219,0
2020-08-07,77.41999816894531,77.48999786376953,74.29000091552734,74.62000274658203,0
2020-08-10,78.23999786376953,79.0199966430664,77.69999694824219,77.7300033569336,0
2020-08-11,80.05999755859375,81.98999786376953,79.75,80.41000366210938,0
2020-08-12,79.55999755859375,81.76000213623047,78.3499984741211,81.58999633789062,0
2020-08-13,78.27999877929688,79.2699966430664,77.9800033569336,78.52999877929688,0
2020-08-14,78.94000244140625,79.52999877929688,77.5,77.5999984741211,0
2020-08-17,77.2699966430664,78.52999877929688,77.20999908447266,78.44999694824219,0
2020-08-18,75.86000061035156,77.20999908447266,75.76000213623047,77.20999908447266,0
2020-08-19,75.9800033569336,77.22000122070312,75.69000244140625,76.0199966430664,0
2020-08-20,74.58000183105469,75.26000213623047,74.2699966430664,74.97000122070312,0
2020-08-21,74.20999908447266,75.13999938964844,73.88999938964844,74.29000091552734,0
2020-08-24,76.91000366210938,76.93000030517578,74.38999938964844,74.69000244140625,0
2020-08-25,77.3499984741211,78.43000030517578,76.58999633789062,77.83999633789062,0
2020-08-26,76.06999969482422,77.16000366210938,76.05999755859375,77.05000305175781,0
2020-08-27,77.88999938964844,78.20999908447266,76.06999969482422,76.08000183105469,0
2020-08-28,78.3499984741211,78.48999786376953,77.62999725341797,78.44000244140625,0
2020-08-31,76.72000122070312,77.97000122070312,76.69999694824219,77.97000122070312,0
2020-09-01,76.98999786376953,77.61000061035156,75.7699966430664,76.05999755859375,0
2020-09-02,78.1500015258789,78.45999908447266,76.5,76.7300033569336,0
2020-09-03,77.54000091552734,80.72000122070312,77.05000305175781,78.83000183105469,0
2020-09-04,79.2300033569336,80.33000183105469,77.63999938964844,79.16000366210938,0
2020-09-08,76.47000122070312,78.30000305175781,76.05999755859375,78.12999725341797,0
2020-09-09,76.55999755859375,77.05000305175781,76.02999877929688,76.8499984741211,0
2020-09-10,75.29000091552734,77.91000366210938,75.16000366210938,76.9800033569336,0
2020-09-11,76.33999633789062,76.55000305175781,75.06999969482422,75.33000183105469,0
2020-09-14,77.7300033569336,78.69999694824219,76.72000122070312,76.87000274658203,0
2020-09-15,76.63999938964844,77.83999633789062,75.94999694824219,77.72000122070312,0
2020-09-16,77.43000030517578,78.58000183105469,75.80999755859375,76.0999984741211,0
2020-09-17,76.66999816894531,77.20999908447266,75.98999786376953,76.27999877929688,0
2020-09-18,76.2699966430664,77.02999877929688,75.9800033569336,76.37000274658203,0
2020-09-21,73.33000183105469,74.9000015258789,72.44999694824219,74.44000244140625,0
2020-09-22,71.62000274658203,73.80999755859375,71.22000122070312,73.13999938964844,0
2020-09-23,69.87000274658203,72.94999694824219,69.86000061035156,71.95999908447266,0
2020-09-24,70.08000183105469,71.38999938964844,68.9800033569336,70.08000183105469,0
2020-09-25,71.08000183105469,71.23999786376953,69.30000305175781,69.43000030517578,0
2020-09-28,73.22000122070312,73.81999969482422,72.26000213623047,72.4800033569336,0
2020-09-29,72.0999984741211,72.87999725341797,71.26000213623047,72.68000030517578,0
2020-09-30,73.08999633789062,73.8499984741211,72.37999725341797,72.4000015258789,0
2020-10-01,73.30000305175781,73.80999755859375,72.47000122070312,73.25,0
2020-10-02,74.7300033569336,75.05000305175781,72.01000213623047,72.08000183105469,0
2020-10-05,77.02999877929688,77.12000274658203,75.43000030517578,75.44000244140625,0
2020-10-06,76.30999755859375,79.18000030517578,76.11000061035156,77.70999908447266,0
2020-10-07,78.56999969482422,79.19999694824219,77.29000091552734,77.29000091552734,0
2020-10-08,79.81999969482422,79.83999633789062,78.5,78.88999938964844,0
2020-10-09,79.55000305175781,80.4000015258789,78.80000305175781,80.16000366210938,0
2020-10-12,80.51000213623047,80.75,79.29000091552734,79.38999938964844,0
2020-10-13,78.22000122070312,80.26000213623047,77.97000122070312,80.19999694824219,0
2020-10-14,76.80999755859375,78.69999694824219,76.75,78.26000213623047,0
2020-10-15,78.08999633789062,78.0999984741211,75.98999786376953,76.26000213623047,0
2020-10-16,78.06999969482422,78.58000183105469,77.0199966430664,78.0199966430664,0
2020-10-19,77.0,78.51000213623047,76.91999816894531,78.33000183105469,0
2020-10-20,78.25,79.48999786376953,77.87000274658203,77.91999816894531,0
2020-10-21,77.47000122070312,78.55000305175781,77.44999694824219,78.05000305175781,0
2020-10-22,80.37000274658203,80.47000122070312,77.5199966430664,77.70999908447266,0
2020-10-23,80.97000122070312,81.79000091552734,79.9800033569336,81.12999725341797,0
2020-10-26,79.0,79.94000244140625,78.12999725341797,79.93000030517578,0
2020-10-27,76.63999938964844,78.51000213623047,76.62000274658203,78.4800033569336,0
2020-10-28,74.79000091552734,75.91000366210938,74.33000183105469,75.16000366210938,0
2020-10-29,76.0,76.47000122070312,73.5999984741211,74.41000366210938,0
2020-10-30,76.93000030517578,76.95999908447266,74.9800033569336,75.76000213623047,0
2020-11-02,78.94000244140625,79.31999969482422,76.77999877929688,77.9000015258789,0
2020-11-03,81.06999969482422,81.70999908447266,80.41000366210938,80.48999786376953,0
2020-11-04,77.0,79.58000183105469,76.31999969482422,79.58000183105469,0
2020-11-05,80.16999816894531,80.73999786376953,77.37999725341797,77.37999725341797,0
2020-11-06,78.36000061035156,80.76000213623047,78.36000061035156,80.72000122070312,0
2020-11-09,89.0999984741211,90.69000244140625,81.20999908447266,81.20999908447266,0
2020-11-10,89.16000366210938,89.9000015258789,88.12000274658203,89.3499984741211,0
2020-11-11,87.66000366210938,89.33000183105469,86.97000122070312,89.26000213623047,0
2020-11-12,85.63999938964844,86.47000122070312,84.54000091552734,86.23999786376953,0
2020-11-13,87.52999877929688,88.05000305175781,86.52999877929688,86.52999877929688,0
2020-11-16,90.37999725341797,91.01000213623047,89.25,89.73999786376953,0
2020-11-17,90.08000183105469,90.16999816894531,88.0199966430664,89.23999786376953,0
2020-11-18,89.04000091552734,91.72000122070312,89.0199966430664,90.41999816894531,0
2020-11-19,89.54000091552734,89.63999938964844,87.79000091552734,88.33000183105469,0
2020-11-20,88.27999877929688,89.0199966430664,87.98999786376953,88.79000091552734,0
2020-11-23,90.26000213623047,90.55999755859375,89.27999877929688,89.58000183105469,0
2020-11-24,95.06999969482422,95.0999984741211,92.12999725341797,92.12999725341797,0
2020-11-25,94.05999755859375,94.25,92.8499984741211,93.5999984741211,0
2020-11-27,93.08000183105469,94.05999755859375,92.62000274658203,93.95999908447266,0
2020-11-30,90.33999633789062,93.08999633789062,90.18000030517578,92.76000213623047,0
2020-12-01,92.52999877929688,93.47000122070312,92.18000030517578,92.22000122070312,0
2020-12-02,93.98999786376953,94.25,91.94000244140625,92.05999755859375,0
2020-12-03,94.08999633789062,94.7300033569336,93.18000030517578,93.94999694824219,0
2020-12-04,95.62000274658203,95.86000061035156,94.63999938964844,95.04000091552734,0
2020-12-07,95.01000213623047,95.26000213623047,93.91999816894531,94.83999633789062,0
2020-12-08,94.86000061035156,95.19999694824219,93.94999694824219,94.0199966430664,0
2020-12-09,95.05999755859375,96.16000366210938,94.58999633789062,95.62999725341797,0
2020-12-10,95.5,95.62000274658203,93.88999938964844,94.04000091552734,0
2020-12-11,94.19000244140625,94.44999694824219,93.12000274658203,94.27999877929688,0
2020-12-14,92.72000122070312,95.41999816894531,92.61000061035156,95.23999786376953,0
2020-12-15,94.43000030517578,94.6500015258789,92.72000122070312,93.45999908447266,0
2020-12-16,94.7699966430664,94.93000030517578,93.87999725341797,94.45999908447266,0
2020-12-17,94.61000061035156,94.86000061035156,93.80000305175781,94.80999755859375,0
2020-12-18,93.48999786376953,94.81999969482422,92.8499984741211,94.56999969482422,0
2020-12-21,95.18000030517578,95.70999908447266,93.30999755859375,94.05000305175781,0
2020-12-22,94.11000061035156,95.4800033569336,94.08000183105469,95.3499984741211,0
2020-12-23,96.83000183105469,97.33999633789062,94.80000305175781,94.81999969482422,0
2020-12-24,96.38999938964844,97.0199966430664,95.4800033569336,97.01000213623047,0
2020-12-28,96.91000366210938,98.0199966430664,96.45999908447266,97.08999633789062,0
2020-12-29,96.0999984741211,97.16999816894531,95.9800033569336,97.01000213623047,0
2020-12-30,96.81999969482422,97.02999877929688,96.11000061035156,96.11000061035156,0
2020-12-31,97.91000366210938,98.0199966430664,96.23999786376953,96.66000366210938,0
2021-01-04,96.95999908447266,98.54000091552734,95.7699966430664,98.22000122070312,0
2021-01-05,98.0999984741211,98.70999908447266,96.55000305175781,96.7699966430664,0
2021-01-06,104.77999877929688,105.76000213623047,101.83999633789062,101.83999633789062,0
2021-01-07,107.25,108.80000305175781,106.72000122070312,106.83999633789062,0
2021-01-08,106.30999755859375,107.33000183105469,104.73999786376953,107.30000305175781,0
2021-01-11,107.47000122070312,107.54000091552734,104.37000274658203,104.75,0
2021-01-12,109.12000274658203,109.69000244140625,107.80000305175781,108.37999725341797,0
2021-01-13,108.55000305175781,109.19999694824219,107.63999938964844,108.36000061035156,0
2021-01-14,110.43000030517578,111.12000274658203,108.91999816894531,109.38999938964844,0
2021-01-15,106.91999816894531,108.76000213623047,106.43000030517578,107.79000091552734,0
2021-01-19,107.38999938964844,107.83000183105469,106.41000366210938,107.06999969482422,0
2021-01-20,105.47000122070312,106.97000122070312,104.91000366210938,106.8499984741211,0
2021-01-21,103.9800033569336,105.63999938964844,103.72000122070312,105.2699966430664,0
2021-01-22,103.77999877929688,104.13999938964844,102.86000061035156,102.86000061035156,0
2021-01-25,102.80000305175781,102.94999694824219,100.87000274658203,102.45999908447266,0
2021-01-26,101.62999725341797,103.72000122070312,101.61000061035156,103.58000183105469,0
2021-01-27,98.05999755859375,100.08999633789062,97.87000274658203,99.69000244140625,0
2021-01-28,100.30000305175781,101.11000061035156,98.9000015258789,99.4000015258789,0
2021-01-29,97.77999877929688,100.69999694824219,97.30000305175781,100.05000305175781,0
2021-02-01,98.7699966430664,98.97000122070312,97.69999694824219,98.47000122070312,0
2021-02-02,101.41999816894531,102.25,99.94000244140625,99.95999908447266,0
2021-02-03,103.12000274658203,103.23999786376953,101.26000213623047,101.27999877929688,0
2021-02-04,106.3499984741211,106.43000030517578,103.77999877929688,103.77999877929688,0
2021-02-05,106.27999877929688,107.52999877929688,106.0,107.19000244140625,0
2021-02-08,108.08000183105469,108.12000274658203,106.62000274658203,106.62000274658203,0
2021-02-09,108.02999877929688,108.30000305175781,106.91999816894531,107.68000030517578,0
2021-02-10,108.05999755859375,109.2699966430664,107.6500015258789,108.43000030517578,0
2021-02-11,107.37000274658203,108.70999908447266,106.16000366210938,107.87000274658203,0
2021-02-12,108.58999633789062,108.9800033569336,107.23999786376953,107.23999786376953,0
2021-02-16,111.79000091552734,112.2699966430664,109.75,109.86000061035156,0
2021-02-17,112.2300033569336,112.80000305175781,110.66999816894531,111.23999786376953,0
2021-02-18,111.30000305175781,112.18000030517578,110.16000366210938,111.2300033569336,0
2021-02-19,113.91999816894531,114.25,111.97000122070312,111.97000122070312,0
2021-02-22,115.5199966430664,116.18000030517578,113.8499984741211,113.87000274658203,0
2021-02-23,116.55000305175781,116.94000244140625,115.12000274658203,116.43000030517578,0
2021-02-24,119.77999877929688,120.0199966430664,116.86000061035156,116.86000061035156,0
2021-02-25,116.56999969482422,121.0,116.22000122070312,120.94999694824219,0
2021-02-26,113.4000015258789,116.12000274658203,112.83999633789062,115.5199966430664,0
2021-03-01,117.2300033569336,118.01000213623047,115.73999786376953,115.77999877929688,0
2021-03-02,116.44999694824219,117.76000213623047,116.3499984741211,117.01000213623047,0
2021-03-03,117.62999725341797,120.05000305175781,117.0,117.36000061035156,0
2021-03-04,116.33999633789062,118.66999816894531,114.08000183105469,117.56999969482422,0
2021-03-05,118.30999755859375,119.31999969482422,114.23999786376953,118.5,0
2021-03-08,120.75,122.30999755859375,119.08000183105469,119.5199966430664,0
2021-03-09,118.4000015258789,120.41000366210938,116.9000015258789,119.06999969482422,0
2021-03-10,121.36000061035156,121.58999633789062,118.47000122070312,118.5999984741211,0
2021-03-11,121.23999786376953,122.31999969482422,119.7300033569336,120.5,0
2021-03-12,123.3499984741211,123.9000015258789,122.5199966430664,122.8499984741211,0
2021-03-15,122.33000183105469,123.4000015258789,120.73999786376953,123.29000091552734,0
2021-03-16,120.72000122070312,121.30999755859375,119.25,121.27999877929688,0
2021-03-17,121.80999755859375,122.93000030517578,120.2699966430664,121.66999816894531,0
2021-03-18,123.31999969482422,126.80999755859375,122.68000030517578,123.37999725341797,0
2021-03-19,121.29000091552734,122.43000030517578,119.45999908447266,121.70999908447266,0
2021-03-22,118.5199966430664,120.44000244140625,117.83000183105469,120.44000244140625,0
2021-03-23,116.06999969482422,118.68000030517578,115.62999725341797,117.16000366210938,0
2021-03-24,116.06999969482422,119.0,116.05999755859375,117.2300033569336,0
2021-03-25,119.3499984741211,119.68000030517578,114.81999969482422,116.0199966430664,0
2021-03-26,121.66999816894531,121.86000061035156,119.86000061035156,120.75,0
2021-03-29,118.87000274658203,120.38999938964844,117.45999908447266,119.72000122070312,0
2021-03-30,121.36000061035156,121.91999816894531,119.87999725341797,119.88999938964844,0
2021-03-31,120.13999938964844,121.70999908447266,119.94999694824219,120.8499984741211,0
2021-04-01,121.4000015258789,121.41999816894531,119.80000305175781,120.02999877929688,0
2021-04-05,121.9000015258789,123.44000244140625,121.33999633789062,122.77999877929688,0
2021-04-06,121.66000366210938,122.25,120.68000030517578,121.6500015258789,0
2021-04-07,122.22000122070312,122.72000122070312,121.38999938964844,122.11000061035156,0
2021-04-08,121.91999816894531,122.16999816894531,119.91999816894531,121.55000305175781,0
2021-04-09,123.23999786376953,123.55000305175781,122.23999786376953,122.62000274658203,0
2021-04-12,124.01000213623047,124.12999725341797,123.3499984741211,123.37000274658203,0
2021-04-13,121.98999786376953,123.30000305175781,121.30000305175781,123.30000305175781,0
2021-04-14,123.69999694824219,124.62999725341797,121.16999816894531,121.51000213623047,0
2021-04-15,122.44999694824219,123.61000061035156,120.79000091552734,123.44999694824219,0
2021-04-16,123.01000213623047,124.12000274658203,122.2699966430664,123.38999938964844,0
2021-04-19,122.55000305175781,123.77999877929688,122.05000305175781,123.05999755859375,0
2021-04-20,119.05000305175781,121.81999969482422,118.62000274658203,121.80000305175781,0
2021-04-21,121.4000015258789,121.48999786376953,117.48999786376953,118.19999694824219,0
2021-04-22,119.58999633789062,121.48999786376953,119.55000305175781,121.29000091552734,0
2021-04-23,123.01000213623047,123.66999816894531,119.2699966430664,119.7300033569336,0
2021-04-26,124.33999633789062,125.29000091552734,123.69999694824219,123.7300033569336,0
2021-04-27,125.58999633789062,125.68000030517578,124.18000030517578,124.48999786376953,0
2021-04-28,126.44000244140625,126.91000366210938,125.88999938964844,126.0,0
2021-04-29,128.9600067138672,129.02000427246094,127.62000274658203,127.69999694824219,0
2021-04-30,127.25,128.6300048828125,127.18000030517578,127.93000030517578,0
2021-05-03,127.51000213623047,128.80999755859375,126.80999755859375,128.41000366210938,0
2021-05-04,129.27999877929688,129.35000610351562,125.76000213623047,127.0199966430664,0
2021-05-05,130.66000366210938,131.1999969482422,128.3699951171875,129.4600067138672,0
2021-05-06,132.1699981689453,132.22999572753906,129.7899932861328,131.16000366210938,0
2021-05-07,132.77000427246094,132.8800048828125,129.6300048828125,129.88999938964844,0
2021-05-10,132.4600067138672,134.72999572753906,132.4600067138672,133.57000732421875,0
2021-05-11,130.97000122070312,133.55999755859375,130.22000122070312,131.50999450683594,0
2021-05-12,128.85000610351562,133.32000732421875,128.57000732421875,132.27999877929688,0
2021-05-13,131.61000061035156,132.38999938964844,128.25999450683594,128.3300018310547,0
2021-05-14,133.69000244140625,134.00999450683594,132.0399932861328,132.27000427246094,0
2021-05-17,134.5399932861328,134.69000244140625,132.6300048828125,133.25999450683594,0
2021-05-18,132.19000244140625,135.00999450683594,132.1199951171875,134.6300048828125,0
2021-05-19,131.0399932861328,131.0800018310547,128.6199951171875,130.64999389648438,0
2021-05-20,130.58999633789062,131.41000366210938,129.50999450683594,130.8699951171875,0
2021-05-21,132.3000030517578,133.1999969482422,131.08999633789062,131.22000122070312,0
2021-05-24,132.72000122070312,133.27999877929688,131.85000610351562,132.6199951171875,0
2021-05-25,130.9499969482422,134.4600067138672,130.8000030517578,132.99000549316406,0
2021-05-26,131.89999389648438,132.35000610351562,130.42999267578125,131.57000732421875,0
2021-05-27,133.83999633789062,134.3699951171875,132.72000122070312,133.50999450683594,0
2021-05-28,133.6199951171875,133.8300018310547,132.25,133.7899932861328,0
2021-06-01,134.82000732421875,135.64999389648438,134.27000427246094,135.13999938964844,0
2021-06-02,134.1999969482422,135.1300048828125,133.5800018310547,135.08999633789062,0
2021-06-03,134.25,135.4199981689453,133.5,134.02000427246094,0
2021-06-04,134.0399932861328,134.42999267578125,132.72000122070312,134.10000610351562,0
2021-06-07,133.58999633789062,134.41000366210938,133.17999267578125,134.25,0
2021-06-08,133.1199951171875,133.67999267578125,131.27000427246094,132.75999450683594,0
2021-06-09,131.11000061035156,132.1199951171875,130.63999938964844,132.1199951171875,0
2021-06-10,128.72000122070312,133.02999877929688,128.6300048828125,132.5800018310547,0
2021-06-11,129.27999877929688,129.77999877929688,128.6300048828125,129.1199951171875,0
2021-06-14,127.25,129.3300018310547,126.41999816894531,128.9600067138672,0
2021-06-15,127.91999816894531,128.5800018310547,126.56999969482422,127.30000305175781,0
2021-06-16,128.61000061035156,129.4499969482422,125.55999755859375,127.37999725341797,0
2021-06-17,122.30999755859375,129.49000549316406,122.16000366210938,129.36000061035156,0
2021-06-18,119.16000366210938,121.01000213623047,118.63999938964844,119.95999908447266,0
2021-06-21,122.61000061035156,122.69000244140625,120.16000366210938,120.22000122070312,0
2021-06-22,122.63999938964844,123.41999816894531,121.1500015258789,122.55000305175781,0
2021-06-23,123.33000183105469,124.0999984741211,122.86000061035156,123.1500015258789,0
2021-06-24,125.2300033569336,125.66999816894531,123.29000091552734,123.83999633789062,0
2021-06-25,127.3499984741211,127.66999816894531,125.19999694824219,125.9800033569336,0
2021-06-28,125.73999786376953,126.70999908447266,124.83999633789062,126.69999694824219,0
2021-06-29,124.5199966430664,127.16000366210938,124.12000274658203,126.48999786376953,0
2021-06-30,125.22000122070312,125.58000183105469,124.08000183105469,124.08000183105469,0
2021-07-01,126.4800033569336,126.58000183105469,125.26000213623047,126.16000366210938,0
2021-07-02,125.94000244140625,126.44999694824219,125.37000274658203,126.37999725341797,0
2021-07-06,122.58999633789062,125.43000030517578,121.98999786376953,125.33999633789062,0
2021-07-07,122.12000274658203,122.9800033569336,121.13999938964844,121.54000091552734,0
2021-07-08,119.73999786376953,121.11000061035156,118.69999694824219,120.3499984741211,0
2021-07-09,124.45999908447266,124.66000366210938,121.62000274658203,121.93000030517578,0
2021-07-12,125.91000366210938,126.30000305175781,122.48999786376953,123.38999938964844,0
2021-07-13,123.95999908447266,125.58999633789062,123.23999786376953,125.4800033569336,0
2021-07-14,123.47000122070312,125.70999908447266,121.44000244140625,124.22000122070312,0
2021-07-15,124.33999633789062,125.36000061035156,122.1500015258789,122.16999816894531,0
2021-07-16,121.44000244140625,124.83999633789062,121.08999633789062,124.80999755859375,0
2021-07-19,116.87000274658203,119.22000122070312,116.26000213623047,118.79000091552734,0
2021-07-20,120.55000305175781,121.83999633789062,116.5,116.80000305175781,0
2021-07-21,123.02999877929688,123.87999725341797,121.58000183105469,121.58999633789062,0
2021-07-22,121.06999969482422,122.83999633789062,120.37999725341797,122.77999877929688,0
2021-07-23,121.0999984741211,122.9800033569336,120.70999908447266,121.9000015258789,0
2021-07-26,122.13999938964844,122.58999633789062,121.13999938964844,121.16000366210938,0
2021-07-27,121.98999786376953,122.70999908447266,120.30000305175781,120.7300033569336,0
2021-07-28,122.3499984741211,123.5,120.87999725341797,122.56999969482422,0
2021-07-29,123.68000030517578,124.5999984741211,122.41999816894531,123.41000366210938,0
2021-07-30,122.08999633789062,124.2300033569336,121.66999816894531,123.30999755859375,0
2021-08-02,121.41999816894531,124.97000122070312,121.3499984741211,122.81999969482422,0
2021-08-03,123.52999877929688,123.80999755859375,119.83999633789062,122.06999969482422,0
2021-08-04,122.18000030517578,123.80999755859375,121.7699966430664,122.02999877929688,0
2021-08-05,124.13999938964844,124.1500015258789,123.04000091552734,123.13999938964844,0
2021-08-06,127.33999633789062,128.14999389648438,125.79000091552734,125.79000091552734,0
2021-08-09,127.44000244140625,128.52000427246094,125.97000122070312,126.72000122070312,0
2021-08-10,129.0,129.3000030517578,126.91000366210938,126.91999816894531,0
2021-08-11,131.2899932861328,131.3300018310547,128.5800018310547,129.4199981689453,0
2021-08-12,131.38999938964844,131.86000061035156,130.44000244140625,131.38999938964844,0
2021-08-13,129.89999389648438,131.77000427246094,129.6199951171875,131.61000061035156,0
2021-08-16,128.99000549316406,129.07000732421875,127.37000274658203,128.99000549316406,0
2021-08-17,127.12000274658203,128.77000427246094,125.5999984741211,127.75,0
2021-08-18,125.94000244140625,128.24000549316406,125.83000183105469,126.51000213623047,0
2021-08-19,124.23999786376953,125.62999725341797,123.36000061035156,124.6500015258789,0
2021-08-20,125.16999816894531,125.20999908447266,123.54000091552734,124.29000091552734,0
2021-08-23,126.5999984741211,127.05000305175781,126.19999694824219,126.2300033569336,0
2021-08-24,128.17999267578125,128.3699951171875,126.9000015258789,127.08000183105469,0
2021-08-25,130.5,131.35000610351562,128.44000244140625,128.80999755859375,0
2021-08-26,129.4499969482422,131.36000061035156,129.25999450683594,130.88999938964844,0
2021-08-27,131.6999969482422,131.77999877929688,129.5500030517578,129.67999267578125,0
2021-08-30,128.5500030517578,131.57000732421875,128.52999877929688,131.57000732421875,0
2021-08-31,128.39999389648438,129.72999572753906,127.98999786376953,128.89999389648438,0
2021-09-01,126.5999984741211,128.5,126.37000274658203,128.38999938964844,0
2021-09-02,127.29000091552734,128.16000366210938,126.37999725341797,126.77999877929688,0
2021-09-03,126.69999694824219,127.58000183105469,126.16000366210938,127.3499984741211,0
2021-09-07,126.33999633789062,128.3300018310547,126.23999786376953,126.9800033569336,0
2021-09-08,125.1500015258789,126.43000030517578,124.69000244140625,125.95999908447266,0
2021-09-09,125.94000244140625,127.22000122070312,124.83000183105469,124.8499984741211,0
2021-09-10,125.02999877929688,127.01000213623047,124.91999816894531,126.76000213623047,0
2021-09-13,127.33000183105469,127.56999969482422,125.81999969482422,126.27999877929688,0
2021-09-14,124.79000091552734,128.33999633789062,124.33000183105469,127.4800033569336,0
2021-09-15,126.93000030517578,127.36000061035156,124.94000244140625,125.05000305175781,0
2021-09-16,126.6500015258789,128.3000030517578,126.08000183105469,127.58999633789062,0
2021-09-17,126.25,127.52999877929688,125.8499984741211,126.69000244140625,0
2021-09-20,122.55999755859375,123.43000030517578,120.51000213623047,123.38999938964844,0
2021-09-21,122.41000366210938,123.7699966430664,121.87000274658203,123.12000274658203,0
2021-09-22,124.81999969482422,125.94000244140625,124.05000305175781,124.16999816894531,0
2021-09-23,129.14999389648438,129.82000732421875,126.18000030517578,126.18000030517578,0
2021-09-24,130.1300048828125,130.85000610351562,128.9600067138672,128.9600067138672,0
2021-09-27,133.85000610351562,134.32000732421875,131.44000244140625,131.44000244140625,0
2021-09-28,132.16000366210938,135.00999450683594,131.8699951171875,134.2100067138672,0
2021-09-29,132.6300048828125,133.0800018310547,131.5,132.39999389648438,0
2021-09-30,130.4499969482422,133.2100067138672,130.42999267578125,133.2100067138672,0
2021-10-01,133.33999633789062,134.22000122070312,130.7100067138672,131.0800018310547,0
2021-10-04,133.2100067138672,135.52999877929688,132.75999450683594,133.3800048828125,0
2021-10-05,135.14999389648438,136.0800018310547,133.50999450683594,134.07000732421875,0
2021-10-06,134.83999633789062,134.91000366210938,132.14999389648438,133.91000366210938,0
2021-10-07,135.3800048828125,137.00999450683594,134.9499969482422,136.16000366210938,0
2021-10-08,136.3800048828125,137.02999877929688,134.8800048828125,135.3699951171875,0
2021-10-11,134.9499969482422,138.00999450683594,134.88999938964844,137.0500030517578,0
2021-10-12,134.4600067138672,135.47000122070312,134.02999877929688,134.47000122070312,0
2021-10-13,133.4199981689453,134.1999969482422,130.88999938964844,134.14999389648438,0
2021-10-14,135.17999267578125,135.22000122070312,132.97999572753906,134.5800018310547,0
2021-10-15,137.02999877929688,138.02999877929688,135.8800048828125,136.1300048828125,0
2021-10-18,137.64999389648438,138.83999633789062,136.72000122070312,136.72000122070312,0
2021-10-19,138.85000610351562,138.8699951171875,137.22000122070312,138.17999267578125,0
2021-10-20,141.55999755859375,141.58999633789062,138.25999450683594,138.55999755859375,0
2021-10-21,140.57000732421875,142.24000549316406,139.72000122070312,141.41000366210938,0
2021-10-22,142.61000061035156,143.17999267578125,141.27999877929688,141.2899932861328,0
2021-10-25,142.13999938964844,143.3300018310547,141.94000244140625,143.1699981689453,0
2021-10-26,141.52000427246094,142.66000366210938,141.25,142.2899932861328,0
2021-10-27,137.8000030517578,140.7899932861328,137.77999877929688,140.4199981689453,0
2021-10-28,139.5,139.50999450683594,138.05999755859375,138.4600067138672,0
2021-10-29,138.63999938964844,140.05999755859375,138.32000732421875,139.57000732421875,0
2021-11-01,140.17999267578125,140.30999755859375,139.22000122070312,139.6999969482422,0
2021-11-02,139.88999938964844,140.6199951171875,139.33999633789062,139.94000244140625,0
2021-11-03,141.89999389648438,142.57000732421875,139.1999969482422,139.30999755859375,0
2021-11-04,139.08999633789062,141.36000061035156,137.92999267578125,141.33999633789062,0
2021-11-05,139.17999267578125,141.00999450683594,138.63999938964844,140.2899932861328,0
2021-11-08,139.9199981689453,140.92999267578125,139.2100067138672,139.94000244140625,0
2021-11-09,139.1300048828125,139.52999877929688,138.14999389648438,138.8699951171875,0
2021-11-10,139.44000244140625,140.52000427246094,139.0800018310547,139.25999450683594,0
2021-11-11,140.32000732421875,140.91000366210938,139.27000427246094,139.47000122070312,0
2021-11-12,140.0399932861328,140.6199951171875,138.92999267578125,140.1699981689453,0
2021-11-15,140.52000427246094,141.1300048828125,140.16000366210938,140.39999389648438,0
2021-11-16,140.16000366210938,141.16000366210938,139.61000061035156,140.5399932861328,0
2021-11-17,138.57000732421875,140.05999755859375,138.16000366210938,139.75,0
2021-11-18,138.05999755859375,139.00999450683594,137.1999969482422,138.6300048828125,0
2021-11-19,136.27999877929688,137.0399932861328,134.3699951171875,136.25999450683594,0
2021-11-22,138.72000122070312,140.1699981689453,137.75,138.19000244140625,0
2021-11-23,140.89999389648438,141.0,139.24000549316406,139.6699981689453,0
2021-11-24,140.6300048828125,141.64999389648438,140.00999450683594,140.4600067138672,0
2021-11-26,134.72999572753906,137.05999755859375,132.5500030517578,137.05999755859375,0
2021-11-29,135.0800018310547,136.97000122070312,133.8800048828125,136.17999267578125,0
2021-11-30,130.9600067138672,133.50999450683594,130.6999969482422,133.22000122070312,0
2021-12-01,129.3300018310547,135.17999267578125,129.3000030517578,133.47000122070312,0
2021-12-02,133.75,134.6300048828125,130.11000061035156,130.97999572753906,0
2021-12-03,130.41000366210938,134.2100067138672,129.50999450683594,133.8800048828125,0
2021-12-06,132.9199981689453,134.58999633789062,131.5800018310547,131.97999572753906,0
2021-12-07,134.92999267578125,135.5399932861328,133.72000122070312,133.83999633789062,0
2021-12-08,133.7899932861328,135.4600067138672,133.58999633789062,135.27000427246094,0
2021-12-09,133.58999633789062,134.60000610351562,132.30999755859375,132.77000427246094,0
2021-12-10,133.32000732421875,134.5800018310547,132.2899932861328,134.3300018310547,0
2021-12-13,130.25999450683594,132.91000366210938,130.02999877929688,132.85000610351562,0
2021-12-14,131.55999755859375,132.97999572753906,130.4499969482422,130.4499969482422,0
2021-12-15,131.80999755859375,132.57000732421875,130.1300048828125,132.4199981689453,0
2021-12-16,133.27000427246094,135.17999267578125,132.6300048828125,133.24000549316406,0
2021-12-17,129.49000549316406,132.6699981689453,128.6999969482422,132.66000366210938,0
2021-12-20,126.69999694824219,127.58000183105469,124.6500015258789,127.56999969482422,0
2021-12-21,130.05999755859375,130.57000732421875,128.08999633789062,128.08999633789062,0
2021-12-22,130.55999755859375,130.86000061035156,129.52999877929688,129.77000427246094,0
2021-12-23,131.32000732421875,132.7899932861328,131.2899932861328,131.42999267578125,0
2021-12-27,132.8300018310547,132.85000610351562,130.8300018310547,131.58999633789062,0
2021-12-28,132.7899932861328,133.8000030517578,132.39999389648438,132.39999389648438,0
2021-12-29,132.77000427246094,133.39999389648438,132.58999633789062,133.02999877929688,0
2021-12-30,132.3000030517578,133.91000366210938,132.22000122070312,132.92999267578125,0
2021-12-31,132.22000122070312,132.75999450683594,131.86000061035156,132.0,0
2022-01-03,135.69000244140625,135.9600067138672,133.69000244140625,133.74000549316406,0
2022-01-04,140.2899932861328,141.13999938964844,137.30999755859375,137.3300018310547,0
2022-01-05,138.77000427246094,141.6300048828125,138.63999938964844,141.14999389648438,0
2022-01-06,143.27999877929688,143.3300018310547,139.89999389648438,140.7100067138672,0
2022-01-07,145.57000732421875,145.8699951171875,143.00999450683594,143.4499969482422,0
2022-01-10,145.25,147.27999877929688,143.6699981689453,146.82000732421875,0
2022-01-11,146.5399932861328,146.60000610351562,144.4199981689453,145.8800048828125,0
2022-01-12,147.27999877929688,148.10000610351562,146.52999877929688,147.0399932861328,0
2022-01-13,147.55999755859375,148.9600067138672,147.13999938964844,147.83999633789062,0
2022-01-14,147.10000610351562,147.16000366210938,144.1199951171875,145.8699951171875,0
2022-01-18,143.57000732421875,147.47999572753906,142.94000244140625,147.13999938964844,0
2022-01-19,139.07000732421875,144.69000244140625,139.0399932861328,144.60000610351562,0
2022-01-20,136.77000427246094,140.9199981689453,136.5,138.8800048828125,0
2022-01-21,132.35000610351562,135.67999267578125,131.67999267578125,135.67999267578125,0
2022-01-24,133.6300048828125,134.0399932861328,127.30000305175781,130.36000061035156,0
2022-01-25,134.2899932861328,135.36000061035156,129.7899932861328,132.5,0
2022-01-26,134.66000366210938,137.1300048828125,132.69000244140625,135.19000244140625,0
2022-01-27,133.0399932861328,137.6699981689453,132.14999389648438,136.24000549316406,0
2022-01-28,134.4199981689453,134.4499969482422,130.6999969482422,132.55999755859375,0
2022-01-31,134.97999572753906,135.3000030517578,131.94000244140625,133.24000549316406,0
2022-02-01,138.19000244140625,138.38999938964844,134.66000366210938,134.83999633789062,0
2022-02-02,138.74000549316406,138.9499969482422,136.6999969482422,137.8000030517578,0
2022-02-03,137.3000030517578,139.9199981689453,137.02999877929688,138.8000030517578,0
2022-02-04,140.0500030517578,141.19000244140625,137.77000427246094,137.8000030517578,0
2022-02-07,140.91000366210938,141.72999572753906,139.5,140.38999938964844,0
2022-02-08,143.77000427246094,144.0800018310547,142.3699951171875,142.57000732421875,0
2022-02-09,143.89999389648438,144.6999969482422,143.39999389648438,143.86000061035156,0
2022-02-10,143.44000244140625,146.25999450683594,142.75999450683594,143.77000427246094,0
2022-02-11,141.47000122070312,145.4499969482422,140.4499969482422,142.32000732421875,0
2022-02-14,140.02000427246094,142.4199981689453,138.75999450683594,141.85000610351562,0
2022-02-15,142.66000366210938,143.16000366210938,141.41000366210938,141.4600067138672,0
2022-02-16,143.00999450683594,143.82000732421875,141.66000366210938,141.66000366210938,0
2022-02-17,137.7899932861328,141.60000610351562,137.33999633789062,141.24000549316406,0
2022-02-18,137.1999969482422,139.07000732421875,136.6699981689453,137.5500030517578,0
2022-02-22,137.0,138.3300018310547,135.66000366210938,136.9600067138672,0
2022-02-23,133.5500030517578,138.4199981689453,133.0500030517578,137.8300018310547,0
2022-02-24,130.7100067138672,131.08999633789062,126.19999694824219,129.97000122070312,0
2022-02-25,135.94000244140625,136.25,131.6999969482422,131.72000122070312,0
2022-02-28,134.16000366210938,134.9600067138672,132.42999267578125,133.75,0
2022-03-01,126.4800033569336,133.0399932861328,125.4800033569336,132.89999389648438,0
2022-03-02,131.0399932861328,131.86000061035156,127.80999755859375,127.93000030517578,0
2022-03-03,129.92999267578125,131.7899932861328,128.67999267578125,131.27000427246094,0
2022-03-04,125.51000213623047,127.16999816894531,123.77999877929688,127.16999816894531,0
2022-03-07,119.69999694824219,124.41999816894531,119.66999816894531,124.26000213623047,0
2022-03-08,120.45999908447266,124.12000274658203,119.41999816894531,121.2300033569336,0
2022-03-09,125.45999908447266,126.66000366210938,123.62999725341797,123.62999725341797,0
2022-03-10,124.02999877929688,125.22000122070312,122.33000183105469,124.08000183105469,0
2022-03-11,122.66000366210938,126.37999725341797,122.56999969482422,125.04000091552734,0
2022-03-14,124.77999877929688,127.13999938964844,124.02999877929688,124.37000274658203,0
2022-03-15,125.73999786376953,126.55999755859375,124.08000183105469,125.61000061035156,0
2022-03-16,130.30999755859375,130.8800048828125,127.51000213623047,127.58999633789062,0
2022-03-17,130.14999389648438,130.16000366210938,126.79000091552734,128.52000427246094,0
2022-03-18,129.97000122070312,130.30999755859375,127.44000244140625,129.77999877929688,0
2022-03-21,129.27999877929688,131.27999877929688,128.2899932861328,130.52999877929688,0
2022-03-22,132.22000122070312,133.5399932861328,131.0500030517578,131.0800018310547,0
2022-03-23,128.52999877929688,131.36000061035156,128.3000030517578,131.22000122070312,0
2022-03-24,129.36000061035156,129.8800048828125,128.3000030517578,129.32000732421875,0
2022-03-25,131.33999633789062,131.83999633789062,129.72000122070312,129.77999877929688,0
2022-03-28,129.82000732421875,130.57000732421875,127.87999725341797,130.57000732421875,0
2022-03-29,130.97999572753906,132.7100067138672,130.16000366210938,131.8699951171875,0
2022-03-30,128.08999633789062,130.8699951171875,127.2300033569336,130.8300018310547,0
2022-03-31,124.13999938964844,128.25,124.13999938964844,127.73999786376953,0
2022-04-01,122.58000183105469,125.58999633789062,121.83999633789062,125.23999786376953,0
2022-04-04,122.55999755859375,123.25,120.51000213623047,122.1500015258789,0
2022-04-05,121.30999755859375,122.98999786376953,121.08999633789062,121.7699966430664,0
2022-04-06,119.66999816894531,120.83000183105469,119.33999633789062,120.61000061035156,0
2022-04-07,118.81999969482422,119.94000244140625,116.88999938964844,119.91999816894531,0
2022-04-08,119.79000091552734,120.47000122070312,118.66000366210938,119.41000366210938,0
2022-04-11,119.77999877929688,122.04000091552734,119.26000213623047,119.62000274658203,0
2022-04-12,118.16999816894531,120.98999786376953,117.44000244140625,119.51000213623047,0
2022-04-13,118.33999633789062,118.4000015258789,116.5999984741211,116.80000305175781,0
2022-04-14,116.7300033569336,119.2699966430664,116.38999938964844,118.45999908447266,0
2022-04-18,117.79000091552734,118.30000305175781,116.05000305175781,116.19999694824219,0
2022-04-19,120.36000061035156,120.62999725341797,118.55000305175781,118.91000366210938,0
2022-04-20,121.19999694824219,122.94999694824219,120.98999786376953,121.30000305175781,0
2022-04-21,119.01000213623047,122.97000122070312,118.55999755859375,122.27999877929688,0
2022-04-22,116.05000305175781,119.52999877929688,115.94000244140625,119.44000244140625,0
2022-04-25,116.12000274658203,116.33999633789062,112.75,114.98999786376953,0
2022-04-26,113.12000274658203,116.18000030517578,113.11000061035156,114.38999938964844,0
2022-04-27,112.38999938964844,113.62000274658203,111.87000274658203,112.87000274658203,0
2022-04-28,113.80000305175781,114.0999984741211,111.66000366210938,113.33999633789062,0
2022-04-29,110.05999755859375,114.19999694824219,109.83000183105469,113.75,0
2022-05-02,111.27999877929688,111.44000244140625,108.83999633789062,111.08000183105469,0
2022-05-03,113.12000274658203,114.16000366210938,111.76000213623047,112.04000091552734,0
2022-05-04,116.9000015258789,117.0999984741211,112.75,113.0999984741211,0
2022-05-05,113.69999694824219,115.47000122070312,111.69999694824219,115.37999725341797,0
2022-05-06,112.5,113.55999755859375,110.55999755859375,113.41000366210938,0
2022-05-09,110.36000061035156,111.66999816894531,109.38999938964844,111.20999908447266,0
2022-05-10,108.72000122070312,112.0199966430664,106.6500015258789,111.2300033569336,0
2022-05-11,106.79000091552734,111.38999938964844,106.68000030517578,109.0199966430664,0
2022-05-12,106.16999816894531,107.22000122070312,103.81999969482422,106.19000244140625,0
2022-05-13,107.30999755859375,108.51000213623047,106.37999725341797,107.4000015258789,0
2022-05-16,106.0999984741211,107.33000183105469,105.33000183105469,107.30000305175781,0
2022-05-17,110.2300033569336,110.55999755859375,107.87000274658203,107.87000274658203,0
2022-05-18,107.05000305175781,109.33000183105469,106.55000305175781,109.12999725341797,0
2022-05-19,106.56999969482422,107.47000122070312,105.80999755859375,105.80999755859375,0
2022-05-20,106.51000213623047,108.16999816894531,104.04000091552734,107.2699966430664,0
2022-05-23,110.8499984741211,111.94000244140625,108.38999938964844,108.38999938964844,0
2022-05-24,110.27999877929688,110.69999694824219,107.83999633789062,110.5199966430664,0
2022-05-25,112.0999984741211,112.80999755859375,110.0,110.02999877929688,0
2022-05-26,114.81999969482422,115.2699966430664,113.20999908447266,113.20999908447266,0
2022-05-27,116.27999877929688,116.29000091552734,114.75,114.95999908447266,0
2022-05-31,116.52999877929688,117.2699966430664,114.4800033569336,115.16999816894531,0
2022-06-01,114.23999786376953,116.88999938964844,112.94000244140625,116.61000061035156,0
2022-06-02,115.97000122070312,116.0,113.43000030517578,114.33000183105469,0
2022-06-03,114.33000183105469,115.36000061035156,114.19000244140625,115.12000274658203,0
2022-06-06,114.7699966430664,116.87000274658203,114.73999786376953,115.3499984741211,0
2022-06-07,115.7300033569336,115.87000274658203,113.55000305175781,113.80000305175781,0
2022-06-08,113.73999786376953,114.94999694824219,113.0199966430664,114.61000061035156,0
2022-06-09,110.1500015258789,113.62000274658203,110.13999938964844,113.55999755859375,0
2022-06-10,105.37000274658203,108.26000213623047,105.19999694824219,107.88999938964844,0
2022-06-13,101.7699966430664,103.56999969482422,101.1500015258789,103.56999969482422,0
2022-06-14,100.93000030517578,103.43000030517578,100.06999969482422,102.16999816894531,0
2022-06-15,102.5199966430664,104.05000305175781,100.83999633789062,102.05999755859375,0
2022-06-16,99.66000366210938,100.51000213623047,98.47000122070312,100.51000213623047,0
2022-06-17,100.54000091552734,101.81999969482422,99.43000030517578,100.05999755859375,0
2022-06-21,102.48999786376953,103.62999725341797,101.8499984741211,102.68000030517578,0
2022-06-22,102.16000366210938,102.75,101.1500015258789,101.45999908447266,0
2022-06-23,100.77999877929688,101.9000015258789,99.01000213623047,101.73999786376953,0
2022-06-24,105.05999755859375,105.33000183105469,100.93000030517578,101.19000244140625,0
2022-06-27,104.29000091552734,105.72000122070312,103.61000061035156,105.6500015258789,0
2022-06-28,103.79000091552734,106.88999938964844,103.61000061035156,105.41000366210938,0
2022-06-29,102.69999694824219,103.94000244140625,102.26000213623047,103.91000366210938,0
2022-06-30,101.01000213623047,102.30000305175781,98.81999969482422,101.0,0
2022-07-01,102.55999755859375,102.83999633789062,99.54000091552734,100.68000030517578,0
2022-07-05,102.4000015258789,102.41999816894531,98.95999908447266,100.4000015258789,0
2022-07-06,101.48999786376953,102.37999725341797,100.45999908447266,101.70999908447266,0
2022-07-07,103.43000030517578,103.88999938964844,102.7300033569336,102.87000274658203,0
2022-07-08,103.0,104.06999969482422,102.4000015258789,104.01000213623047,0
2022-07-11,102.11000061035156,102.75,101.37000274658203,102.18000030517578,0
2022-07-12,101.87000274658203,103.80999755859375,101.0999984741211,101.12000274658203,0
2022-07-13,100.37999725341797,100.91999816894531,98.81999969482422,100.9000015258789,0
2022-07-14,98.36000061035156,98.86000061035156,97.01000213623047,98.7300033569336,0
2022-07-15,104.02999877929688,104.76000213623047,99.3499984741211,99.3499984741211,0
2022-07-18,104.13999938964844,106.9800033569336,103.69000244140625,105.66000366210938,0
2022-07-19,107.08999633789062,107.4800033569336,105.12999725341797,105.1500015258789,0
2022-07-20,107.13999938964844,107.25,105.72000122070312,106.44000244140625,0
2022-07-21,107.80999755859375,107.87000274658203,105.94000244140625,106.55999755859375,0
2022-07-22,106.16999816894531,107.94000244140625,105.37999725341797,107.43000030517578,0
2022-07-25,107.55999755859375,108.18000030517578,106.41000366210938,107.18000030517578,0
2022-07-26,105.22000122070312,107.56999969482422,105.0199966430664,106.70999908447266,0
2022-07-27,107.30000305175781,107.88999938964844,105.33000183105469,105.7300033569336,0
2022-07-28,106.9800033569336,107.73999786376953,105.26000213623047,107.16000366210938,0
2022-07-29,108.44999694824219,108.75,106.98999786376953,107.19000244140625,0
2022-08-01,108.05000305175781,108.33000183105469,106.55000305175781,107.63999938964844,0
2022-08-02,106.54000091552734,107.87999725341797,106.38999938964844,107.58999633789062,0
2022-08-03,108.37000274658203,108.70999908447266,106.98999786376953,107.63999938964844,0
2022-08-04,107.18000030517578,108.26000213623047,106.94000244140625,108.0199966430664,0
2022-08-05,108.56999969482422,109.13999938964844,106.69000244140625,106.88999938964844,0
2022-08-08,107.98999786376953,109.54000091552734,107.91999816894531,109.16000366210938,0
2022-08-09,108.4800033569336,108.58000183105469,107.73999786376953,108.16999816894531,0
2022-08-10,111.62000274658203,112.4000015258789,109.97000122070312,109.97000122070312,0
2022-08-11,113.41000366210938,113.98999786376953,112.83000183105469,112.94000244140625,0
2022-08-12,114.86000061035156,114.87999725341797,113.2300033569336,114.06999969482422,0
2022-08-15,114.62999725341797,114.80999755859375,113.29000091552734,113.61000061035156,0
2022-08-16,115.55000305175781,116.19999694824219,114.27999877929688,114.30000305175781,0
2022-08-17,114.38999938964844,114.98999786376953,113.5,114.13999938964844,0
2022-08-18,114.37999725341797,114.45999908447266,113.43000030517578,114.30000305175781,0
2022-08-19,112.1500015258789,113.48999786376953,111.6500015258789,113.44000244140625,0
2022-08-22,109.58999633789062,110.2300033569336,109.0999984741211,110.08999633789062,0
2022-08-23,109.31999969482422,110.47000122070312,109.23999786376953,109.70999908447266,0
2022-08-24,109.5,110.01000213623047,108.56999969482422,109.05000305175781,0
2022-08-25,111.37999725341797,111.4800033569336,109.44999694824219,109.81999969482422,0
2022-08-26,107.6500015258789,112.05999755859375,107.61000061035156,112.01000213623047,0
2022-08-29,106.7300033569336,107.52999877929688,106.05999755859375,107.04000091552734,0
2022-08-30,106.58000183105469,107.58000183105469,105.61000061035156,107.23999786376953,0
2022-08-31,105.80000305175781,107.26000213623047,105.62000274658203,106.97000122070312,0
2022-09-01,105.61000061035156,105.68000030517578,103.61000061035156,105.48999786376953,0
2022-09-02,104.97000122070312,108.08999633789062,104.45999908447266,106.9800033569336,0
2022-09-06,104.02999877929688,105.62999725341797,102.9000015258789,105.3499984741211,0
2022-09-07,106.30000305175781,106.4800033569336,103.30000305175781,103.58999633789062,0
2022-09-08,109.31999969482422,109.33999633789062,105.16000366210938,105.63999938964844,0
2022-09-09,110.25,110.80000305175781,109.87999725341797,109.94999694824219,0
2022-09-12,111.16000366210938,112.04000091552734,110.45999908447266,110.6500015258789,0
2022-09-13,106.79000091552734,109.41000366210938,106.41999816894531,109.0,0
2022-09-14,106.26000213623047,107.58999633789062,104.87000274658203,107.08000183105469,0
2022-09-15,107.72000122070312,109.0999984741211,106.33999633789062,106.3499984741211,0
2022-09-16,106.08000183105469,106.76000213623047,104.97000122070312,106.70999908447266,0
2022-09-19,107.27999877929688,107.62000274658203,104.81999969482422,104.8499984741211,0
2022-09-20,105.68000030517578,106.66000366210938,104.80000305175781,106.56999969482422,0
2022-09-21,103.43000030517578,106.8499984741211,103.41999816894531,106.08000183105469,0
2022-09-22,100.87000274658203,103.9800033569336,100.76000213623047,103.9800033569336,0
2022-09-23,98.88999938964844,99.9000015258789,97.19999694824219,99.80000305175781,0
2022-09-26,97.08000183105469,99.12999725341797,96.37999725341797,98.0199966430664,0
2022-09-27,96.16999816894531,98.3499984741211,95.18000030517578,97.58999633789062,0
2022-09-28,98.16999816894531,98.76000213623047,96.23999786376953,96.37000274658203,0
2022-09-29,96.62999725341797,97.31999969482422,95.33999633789062,96.94999694824219,0
2022-09-30,95.83000183105469,98.25,95.70999908447266,96.73999786376953,0
2022-10-03,98.70999908447266,99.2699966430664,95.6500015258789,96.95999908447266,0
2022-10-04,102.97000122070312,102.98999786376953,100.13999938964844,100.1500015258789,0
2022-10-05,101.73999786376953,102.12999725341797,100.58999633789062,101.2699966430664,0
2022-10-06,99.81999969482422,101.5999984741211,99.66999816894531,100.88999938964844,0
2022-10-07,97.55999755859375,99.08000183105469,97.01000213623047,99.01000213623047,0
2022-10-10,96.79000091552734,98.52999877929688,96.23999786376953,98.36000061035156,0
2022-10-11,94.79000091552734,96.63999938964844,94.41000366210938,96.25,0
2022-10-12,94.66000366210938,95.9800033569336,94.02999877929688,94.5199966430664,0
2022-10-13,99.56999969482422,99.95999908447266,92.7300033569336,93.44999694824219,0
2022-10-14,98.19000244140625,102.30000305175781,98.06999969482422,100.0199966430664,0
2022-10-17,101.12000274658203,101.97000122070312,100.4000015258789,100.52999877929688,0
2022-10-18,102.16000366210938,103.9000015258789,100.80999755859375,102.45999908447266,0
2022-10-19,98.4800033569336,101.68000030517578,98.16999816894531,100.9800033569336,0
2022-10-20,96.30999755859375,99.69000244140625,95.95999908447266,98.08999633789062,0
2022-10-21,98.83999633789062,99.0199966430664,95.3499984741211,95.87000274658203,0
2022-10-24,100.58000183105469,100.9800033569336,98.9800033569336,99.13999938964844,0
2022-10-25,102.31999969482422,102.68000030517578,99.55999755859375,99.83000183105469,0
2022-10-26,102.7300033569336,103.87000274658203,102.5,102.54000091552734,0
2022-10-27,102.73999786376953,104.33000183105469,102.56999969482422,103.80999755859375,0
2022-10-28,104.62999725341797,104.72000122070312,102.66000366210938,103.18000030517578,0
2022-10-31,104.12000274658203,104.94999694824219,103.80999755859375,104.13999938964844,0
2022-11-01,104.8499984741211,105.3499984741211,104.16000366210938,105.02999877929688,0
2022-11-02,102.77999877929688,106.0999984741211,102.72000122070312,104.52999877929688,0
2022-11-03,101.31999969482422,102.12000274658203,100.41000366210938,101.72000122070312,0
2022-11-04,103.91000366210938,104.2699966430664,102.19999694824219,102.51000213623047,0
2022-11-07,104.63999938964844,105.0999984741211,103.66999816894531,104.69999694824219,0
2022-11-08,105.2300033569336,105.83000183105469,104.11000061035156,104.73999786376953,0
2022-11-09,102.91999816894531,104.43000030517578,102.76000213623047,104.31999969482422,0
2022-11-10,108.83999633789062,108.95999908447266,105.4800033569336,105.48999786376953,0
2022-11-11,109.93000030517578,110.56999969482422,109.0199966430664,109.30999755859375,0
2022-11-14,107.4000015258789,109.4800033569336,107.4000015258789,109.33999633789062,0
2022-11-15,107.87999725341797,109.45999908447266,106.72000122070312,108.8499984741211,0
2022-11-16,106.3499984741211,107.83999633789062,106.12000274658203,107.73999786376953,0
2022-11-17,105.02999877929688,105.29000091552734,104.11000061035156,104.98999786376953,0
2022-11-18,105.86000061035156,106.77999877929688,104.81999969482422,106.69999694824219,0
2022-11-21,106.22000122070312,106.45999908447266,105.5199966430664,105.69999694824219,0
2022-11-22,107.26000213623047,107.69000244140625,106.83999633789062,106.88999938964844,0
2022-11-23,107.5999984741211,107.87999725341797,107.05000305175781,107.05000305175781,0
2022-11-25,107.98999786376953,108.18000030517578,107.61000061035156,107.83000183105469,0
2022-11-28,105.54000091552734,107.55000305175781,105.30000305175781,107.06999969482422,0
2022-11-29,106.76000213623047,106.81999969482422,105.55999755859375,105.79000091552734,0
2022-11-30,108.88999938964844,108.88999938964844,104.4800033569336,106.43000030517578,0
2022-12-01,107.44999694824219,109.33999633789062,106.68000030517578,108.91999816894531,0
2022-12-02,106.4000015258789,106.58000183105469,105.61000061035156,106.36000061035156,0
2022-12-05,101.7300033569336,105.70999908447266,101.2699966430664,105.69999694824219,0
2022-12-06,100.06999969482422,102.16000366210938,99.05999755859375,101.62000274658203,0
2022-12-07,100.29000091552734,101.16000366210938,98.77999877929688,99.25,0
2022-12-08,100.47000122070312,101.12999725341797,99.73999786376953,100.80999755859375,0
2022-12-09,100.5199966430664,101.19000244140625,100.0999984741211,100.16000366210938,0
2022-12-12,102.01000213623047,102.27999877929688,99.68000030517578,100.41999816894531,0
2022-12-13,102.05000305175781,104.9000015258789,101.26000213623047,104.05000305175781,0
2022-12-14,100.31999969482422,102.51000213623047,99.91000366210938,101.94999694824219,0
2022-12-15,98.43000030517578,98.97000122070312,97.79000091552734,98.86000061035156,0
2022-12-16,97.68000030517578,98.43000030517578,96.81999969482422,97.58999633789062,0
2022-12-19,97.66000366210938,98.62999725341797,96.94000244140625,97.73999786376953,0
2022-12-20,97.75,98.70999908447266,97.62999725341797,98.05000305175781,0
2022-12-21,99.2699966430664,99.68000030517578,98.86000061035156,98.87999725341797,0
2022-12-22,98.83000183105469,98.87000274658203,96.8499984741211,98.55999755859375,0
2022-12-23,99.30000305175781,99.38999938964844,98.37999725341797,98.9000015258789,0
2022-12-27,99.6500015258789,99.94000244140625,98.69000244140625,99.43000030517578,0
2022-12-28,99.33999633789062,99.9800033569336,98.91000366210938,99.81999969482422,0
2022-12-29,101.02999877929688,101.13999938964844,99.47000122070312,99.69000244140625,0
2022-12-30,100.8499984741211,101.12999725341797,100.08000183105469,100.3499984741211,0
2023-01-03,101.45999908447266,102.81999969482422,100.7300033569336,101.6500015258789,0
2023-01-04,103.80999755859375,104.91999816894531,102.44000244140625,102.45999908447266,0
2023-01-05,102.66000366210938,103.04000091552734,101.69000244140625,102.94999694824219,0
2023-01-06,105.2699966430664,105.55999755859375,102.4800033569336,103.41000366210938,0
2023-01-09,104.80000305175781,106.01000213623047,104.63999938964844,105.7300033569336,0
2023-01-10,105.37999725341797,105.44999694824219,104.02999877929688,104.66000366210938,0
2023-01-11,106.30999755859375,106.54000091552734,105.26000213623047,105.73999786376953,0
2023-01-12,106.88999938964844,107.69999694824219,106.27999877929688,106.94000244140625,0
2023-01-13,107.62999725341797,107.75,104.06999969482422,105.68000030517578,0
2023-01-17,107.37000274658203,107.87000274658203,106.33999633789062,107.44000244140625,0
2023-01-18,104.62000274658203,107.19000244140625,104.58000183105469,106.69999694824219,0
2023-01-19,103.83000183105469,104.41999816894531,102.4000015258789,103.55000305175781,0
2023-01-20,107.06999969482422,107.06999969482422,104.37000274658203,104.86000061035156,0
2023-01-23,109.31999969482422,109.87000274658203,107.2300033569336,107.29000091552734,0
2023-01-24,108.63999938964844,109.69000244140625,107.48999786376953,108.18000030517578,0
2023-01-25,110.37000274658203,110.37999725341797,107.80000305175781,107.87999725341797,0
2023-01-26,111.45999908447266,111.80000305175781,110.16999816894531,111.05000305175781,0
2023-01-27,112.06999969482422,112.63999938964844,111.44000244140625,111.47000122070312,0
2023-01-30,111.05000305175781,111.87999725341797,110.94000244140625,111.2300033569336,0
2023-01-31,112.93000030517578,112.93000030517578,110.69000244140625,111.13999938964844,0
2023-02-01,113.55999755859375,114.6500015258789,111.63999938964844,111.81999969482422,0
2023-02-02,114.87000274658203,115.9800033569336,113.66000366210938,114.25,0
2023-02-03,114.5199966430664,115.5999984741211,113.51000213623047,113.88999938964844,0
2023-02-06,113.66000366210938,113.83000183105469,112.88999938964844,113.56999969482422,0
2023-02-07,115.0999984741211,115.54000091552734,113.05999755859375,113.20999908447266,0
2023-02-08,114.2699966430664,115.12999725341797,113.81999969482422,114.12999725341797,0
2023-02-09,112.55000305175781,114.93000030517578,112.2699966430664,114.5999984741211,0
2023-02-10,112.41999816894531,112.51000213623047,111.37999725341797,112.0199966430664,0
2023-02-13,113.62999725341797,113.66000366210938,111.88999938964844,112.19000244140625,0
2023-02-14,113.41000366210938,114.19999694824219,112.38999938964844,113.37000274658203,0
2023-02-15,113.37999725341797,113.62000274658203,112.33000183105469,112.37000274658203,0
2023-02-16,111.79000091552734,112.86000061035156,111.55000305175781,112.2699966430664,0
2023-02-17,111.86000061035156,111.9800033569336,110.66999816894531,111.4800033569336,0
2023-02-21,108.87000274658203,110.83000183105469,108.25,110.80999755859375,0
2023-02-22,108.5,109.16000366210938,107.87000274658203,108.63999938964844,0
2023-02-23,108.8499984741211,109.73999786376953,107.61000061035156,109.20999908447266,0
2023-02-24,109.06999969482422,109.16999816894531,107.44999694824219,107.80000305175781,0
2023-02-27,109.31999969482422,110.69999694824219,109.05000305175781,110.01000213623047,0
2023-02-28,109.6500015258789,110.29000091552734,109.27999877929688,109.70999908447266,0
2023-03-01,109.33000183105469,109.7699966430664,108.66000366210938,109.0199966430664,0
2023-03-02,107.37999725341797,108.43000030517578,106.19000244140625,108.27999877929688,0
2023-03-03,109.44000244140625,109.58000183105469,107.73999786376953,107.94999694824219,0
2023-03-06,108.98999786376953,110.25,108.80000305175781,109.5199966430664,0
2023-03-07,104.77999877929688,108.30000305175781,104.51000213623047,108.30000305175781,0
2023-03-08,103.9800033569336,105.2300033569336,103.43000030517578,104.58000183105469,0
2023-03-09,95.97000122070312,101.9000015258789,95.55999755859375,101.9000015258789,0
2023-03-10,92.22000122070312,96.7699966430664,89.37000274658203,94.31999969482422,0
2023-03-13,81.47000122070312,88.66999816894531,79.58000183105469,88.66000366210938,0
2023-03-14,84.06999969482422,86.83000183105469,82.66999816894531,84.44999694824219,0
2023-03-15,81.08000183105469,82.02999877929688,79.7699966430664,82.0199966430664,0
2023-03-16,83.16999816894531,84.5199966430664,78.16999816894531,79.98999786376953,0
2023-03-17,78.80000305175781,82.33999633789062,78.52999877929688,82.33999633789062,0
2023-03-20,79.41999816894531,81.9000015258789,79.18000030517578,79.69000244140625,0
2023-03-21,83.3499984741211,84.0,81.55000305175781,81.55000305175781,0
2023-03-22,79.43000030517578,83.25,79.4000015258789,83.23999786376953,0
2023-03-23,78.05999755859375,80.66000366210938,77.56999969482422,79.94000244140625,0
2023-03-24,78.38999938964844,78.62000274658203,76.19999694824219,76.94000244140625,0
2023-03-27,80.37999725341797,81.69000244140625,79.66000366210938,80.66000366210938,0
2023-03-28,80.63999938964844,81.08999633789062,79.7699966430664,80.30999755859375,0
2023-03-29,82.31999969482422,82.36000061035156,81.3499984741211,81.56999969482422,0
2023-03-30,81.31999969482422,83.38999938964844,80.9000015258789,83.05000305175781,0
2023-03-31,82.04000091552734,82.19999694824219,80.95999908447266,81.94999694824219,0
2023-04-03,81.58999633789062,82.69000244140625,81.02999877929688,82.37999725341797,0
2023-04-04,79.9800033569336,82.08000183105469,79.13999938964844,82.06999969482422,0
2023-04-05,79.58000183105469,79.9000015258789,78.55999755859375,79.1500015258789,0
2023-04-06,80.41999816894531,81.0,79.66000366210938,79.73999786376953,0
2023-04-10,81.08000183105469,81.4800033569336,79.81999969482422,80.16000366210938,0
2023-04-11,82.12000274658203,82.54000091552734,81.06999969482422,81.2300033569336,0
2023-04-12,81.48999786376953,82.94000244140625,80.94000244140625,82.44000244140625,0
2023-04-13,82.08999633789062,82.2699966430664,80.68000030517578,81.41000366210938,0
2023-04-14,82.9800033569336,84.08999633789062,82.5199966430664,83.16999816894531,0
2023-04-17,84.13999938964844,84.16999816894531,80.79000091552734,82.62000274658203,0
2023-04-18,84.29000091552734,84.41999816894531,83.05999755859375,84.22000122070312,0
2023-04-19,85.70999908447266,85.94999694824219,83.91999816894531,84.23999786376953,0
2023-04-20,84.16000366210938,85.04000091552734,83.73999786376953,85.0199966430664,0
2023-04-21,82.9000015258789,83.45999908447266,82.41000366210938,83.3499984741211,0
2023-04-24,82.54000091552734,83.08000183105469,82.13999938964844,82.79000091552734,0
2023-04-25,79.69999694824219,81.5199966430664,79.29000091552734,81.48999786376953,0
2023-04-26,78.87000274658203,80.2300033569336,78.2300033569336,79.4800033569336,0
2023-04-27,80.08000183105469,80.47000122070312,79.19000244140625,79.19999694824219,0
2023-04-28,81.27999877929688,81.51000213623047,78.94000244140625,79.08000183105469,0
2023-05-01,79.83000183105469,81.87000274658203,79.80999755859375,81.44999694824219,0
2023-05-02,76.26000213623047,79.37999725341797,75.36000061035156,79.37000274658203,0
2023-05-03,74.81999969482422,77.37000274658203,74.62999725341797,76.44999694824219,0
2023-05-04,71.95999908447266,73.80000305175781,70.37999725341797,73.44999694824219,0
2023-05-05,75.2699966430664,75.54000091552734,73.8499984741211,73.8499984741211,0
2023-05-08,75.08000183105469,76.8499984741211,74.95999908447266,76.41000366210938,0
2023-05-09,75.0999984741211,75.51000213623047,73.80999755859375,74.37000274658203,0
2023-05-10,74.16000366210938,76.04000091552734,73.30999755859375,75.86000061035156,0
2023-05-11,73.2300033569336,73.75,72.45999908447266,73.12000274658203,0
2023-05-12,72.63999938964844,73.69000244140625,71.9800033569336,73.69000244140625,0
2023-05-15,74.51000213623047,74.75,72.70999908447266,72.87000274658203,0
2023-05-16,73.43000030517578,74.95999908447266,73.41999816894531,74.45999908447266,0
2023-05-17,77.16000366210938,77.19999694824219,74.38999938964844,74.4000015258789,0
2023-05-18,77.62000274658203,77.75,76.19000244140625,76.95999908447266,0
2023-05-19,76.86000061035156,78.08999633789062,76.05000305175781,77.88999938964844,0
2023-05-22,78.20999908447266,78.33000183105469,76.8499984741211,77.4800033569336,0
2023-05-23,78.72000122070312,80.27999877929688,78.38999938964844,78.41000366210938,0
2023-05-24,77.31999969482422,78.43000030517578,76.94000244140625,78.12000274658203,0
2023-05-25,77.18000030517578,77.6500015258789,76.38999938964844,76.95999908447266,0
2023-05-26,77.8499984741211,78.04000091552734,76.66000366210938,77.18000030517578,0
2023-05-30,78.08999633789062,78.33999633789062,76.80999755859375,78.05000305175781,0
2023-05-31,76.16000366210938,77.4000015258789,75.38999938964844,77.22000122070312,0
2023-06-01,77.37999725341797,77.9000015258789,75.73999786376953,76.69000244140625,0
2023-06-02,80.27999877929688,80.68000030517578,78.44999694824219,78.51000213623047,0
2023-06-05,79.37999725341797,80.55000305175781,78.73999786376953,80.4800033569336,0
2023-06-06,81.73999786376953,82.33000183105469,79.16000366210938,79.23999786376953,0
2023-06-07,82.93000030517578,83.22000122070312,81.38999938964844,81.94999694824219,0
2023-06-08,82.55999755859375,82.73999786376953,81.55000305175781,82.5999984741211,0
2023-06-09,82.08999633789062,82.81999969482422,81.87999725341797,82.5199966430664,0
2023-06-12,81.27999877929688,83.1500015258789,80.30000305175781,81.8499984741211,0
2023-06-13,82.5199966430664,83.19999694824219,80.80000305175781,81.05999755859375,0
2023-06-14,81.01000213623047,83.37999725341797,80.6500015258789,82.81999969482422,0
2023-06-15,82.2300033569336,82.37000274658203,80.43000030517578,80.52999877929688,0
2023-06-16,81.6500015258789,82.66000366210938,81.3499984741211,82.41999816894531,0
2023-06-20,80.81999969482422,81.25,80.05999755859375,81.2300033569336,0
2023-06-21,80.30999755859375,81.05000305175781,80.0999984741211,80.75,0
2023-06-22,78.44000244140625,80.08000183105469,78.33999633789062,80.08000183105469,0
2023-06-23,77.5999984741211,78.0,77.19999694824219,77.66000366210938,0
2023-06-26,78.08999633789062,78.86000061035156,77.8499984741211,77.87000274658203,0
2023-06-27,78.93000030517578,79.18000030517578,77.63999938964844,78.12999725341797,0
2023-06-28,78.5999984741211,78.6500015258789,78.02999877929688,78.6500015258789,0
2023-06-29,80.02999877929688,80.30999755859375,79.04000091552734,79.05999755859375,0
2023-06-30,80.20999908447266,80.83999633789062,79.95999908447266,80.73999786376953,0
2023-07-03,81.62999725341797,82.12000274658203,80.51000213623047,80.52999877929688,0
2023-07-05,80.9000015258789,81.7300033569336,80.5199966430664,80.83999633789062,0
2023-07-06,79.62999725341797,79.9800033569336,78.51000213623047,79.97000122070312,0
2023-07-07,80.70999908447266,81.44000244140625,79.6500015258789,79.66000366210938,0
2023-07-10,80.88999938964844,81.51000213623047,80.3499984741211,80.3499984741211,0
2023-07-11,82.25,82.4000015258789,80.9000015258789,81.30999755859375,0
2023-07-12,83.16000366210938,84.76000213623047,82.9000015258789,83.25,0
2023-07-13,84.26000213623047,84.44999694824219,83.25,83.5199966430664,0
2023-07-14,82.27999877929688,84.97000122070312,82.19999694824219,84.79000091552734,0
2023-07-17,83.16000366210938,83.4000015258789,82.02999877929688,82.12999725341797,0
2023-07-18,85.68000030517578,85.75,83.19999694824219,83.36000061035156,0
2023-07-19,87.91999816894531,88.33000183105469,85.7300033569336,85.91999816894531,0
2023-07-20,88.52999877929688,88.55999755859375,87.20999908447266,88.04000091552734,0
2023-07-21,87.66999816894531,88.86000061035156,87.4000015258789,88.80000305175781,0
2023-07-24,89.16999816894531,89.70999908447266,87.7699966430664,87.80000305175781,0
2023-07-25,87.7300033569336,89.52999877929688,87.69999694824219,89.29000091552734,0
2023-07-26,89.37999725341797,89.81999969482422,88.33000183105469,88.33999633789062,0
2023-07-27,88.30999755859375,90.54000091552734,88.08999633789062,89.52999877929688,0
2023-07-28,89.01000213623047,89.27999877929688,88.37000274658203,89.05999755859375,0
2023-07-31,89.33999633789062,89.87000274658203,88.80000305175781,89.23999786376953,0
2023-08-01,88.44999694824219,89.01000213623047,87.76000213623047,88.91999816894531,0
2023-08-02,87.4800033569336,87.58000183105469,86.37000274658203,87.27999877929688,0
2023-08-03,88.06999969482422,88.37999725341797,86.7300033569336,87.19999694824219,0
2023-08-04,87.9000015258789,89.01000213623047,87.69999694824219,87.83999633789062,0
2023-08-07,88.70999908447266,88.94000244140625,88.16999816894531,88.22000122070312,0
2023-08-08,87.62999725341797,87.69999694824219,85.2300033569336,87.13999938964844,0
2023-08-09,86.16999816894531,87.58000183105469,86.13999938964844,87.25,0
2023-08-10,86.33000183105469,87.30000305175781,86.0199966430664,86.58000183105469,0
2023-08-11,86.66999816894531,86.91000366210938,85.86000061035156,85.86000061035156,0
2023-08-14,85.2300033569336,85.77999877929688,84.93000030517578,85.77999877929688,0
2023-08-15,82.88999938964844,84.25,82.63999938964844,84.13999938964844,0
2023-08-16,82.1500015258789,82.91000366210938,82.0,82.61000061035156,0
2023-08-17,82.12999725341797,82.77999877929688,81.80999755859375,82.54000091552734,0
2023-08-18,81.77999877929688,82.25,81.3499984741211,81.3499984741211,0
2023-08-21,81.55999755859375,82.16999816894531,80.7699966430664,81.94000244140625,0
2023-08-22,79.41999816894531,81.66000366210938,79.36000061035156,81.54000091552734,0
2023-08-23,80.33000183105469,80.37999725341797,79.0,79.45999908447266,0
2023-08-24,80.41000366210938,81.66999816894531,80.16999816894531,80.3499984741211,0
2023-08-25,80.04000091552734,81.08000183105469,79.44999694824219,80.68000030517578,0
2023-08-28,81.01000213623047,81.52999877929688,80.4800033569336,80.51000213623047,0
2023-08-29,82.12000274658203,82.3499984741211,80.79000091552734,81.06999969482422,0
2023-08-30,81.5999984741211,82.25,81.44999694824219,82.02999877929688,0
2023-08-31,81.5,81.91999816894531,81.19999694824219,81.72000122070312,0
2023-09-01,82.37000274658203,82.86000061035156,82.05000305175781,82.08999633789062,0
2023-09-05,81.58999633789062,82.94000244140625,81.58000183105469,82.22000122070312,0
2023-09-06,80.48999786376953,81.29000091552734,79.8499984741211,80.97000122070312,0
2023-09-07,79.51000213623047,80.69000244140625,79.33999633789062,80.12000274658203,0
2023-09-08,80.38999938964844,80.41000366210938,78.94999694824219,79.5999984741211,0
2023-09-11,80.62999725341797,81.87999725341797,80.5,81.06999969482422,0
2023-09-12,82.0199966430664,82.66999816894531,80.44000244140625,80.7699966430664,0
2023-09-13,81.27999877929688,82.83000183105469,80.87999725341797,82.58999633789062,0
2023-09-14,82.80999755859375,83.08000183105469,82.0199966430664,82.05999755859375,0
2023-09-15,82.30999755859375,82.7300033569336,81.8499984741211,82.30000305175781,0
2023-09-18,81.77999877929688,82.08000183105469,81.30999755859375,82.08000183105469,0
2023-09-19,81.44000244140625,82.16999816894531,80.8499984741211,81.87000274658203,0
2023-09-20,80.75,82.33999633789062,80.69999694824219,81.87999725341797,0
2023-09-21,79.51000213623047,80.91000366210938,79.5,80.41000366210938,0
2023-09-22,78.51000213623047,79.69999694824219,78.44999694824219,79.55000305175781,0
2023-09-25,78.91000366210938,78.94000244140625,77.86000061035156,78.11000061035156,0
2023-09-26,77.62999725341797,78.70999908447266,77.3499984741211,78.22000122070312,0
2023-09-27,77.37999725341797,77.83999633789062,76.7300033569336,77.77999877929688,0
2023-09-28,78.18000030517578,78.55999755859375,77.29000091552734,77.33000183105469,0
2023-09-29,78.29000091552734,79.38999938964844,78.05000305175781,78.68000030517578,0
2023-10-02,76.41999816894531,78.16999816894531,76.11000061035156,78.0999984741211,0
2023-10-03,74.79000091552734,75.98999786376953,74.51000213623047,75.9800033569336,0
2023-10-04,75.12999725341797,75.16999816894531,74.08999633789062,74.91000366210938,0
2023-10-05,75.5199966430664,75.6500015258789,74.20999908447266,74.72000122070312,0
2023-10-06,76.08000183105469,76.66000366210938,74.38999938964844,75.0199966430664,0
2023-10-09,76.16000366210938,76.4000015258789,75.13999938964844,75.37000274658203,0
2023-10-10,77.3499984741211,78.05000305175781,76.76000213623047,76.76000213623047,0
2023-10-11,77.25,78.25,76.79000091552734,77.52999877929688,0
2023-10-12,76.4800033569336,77.26000213623047,75.87999725341797,77.26000213623047,0
2023-10-13,76.18000030517578,78.08000183105469,75.83000183105469,77.29000091552734,0
2023-10-16,77.33999633789062,77.5,76.3499984741211,76.88999938964844,0
2023-10-17,78.66000366210938,79.16999816894531,76.80000305175781,76.80999755859375,0
2023-10-18,76.69999694824219,78.27999877929688,76.5199966430664,78.27999877929688,0
2023-10-19,75.68000030517578,77.69000244140625,75.58999633789062,76.69999694824219,0
2023-10-20,73.33000183105469,75.44999694824219,73.08999633789062,75.44000244140625,0
2023-10-23,72.54000091552734,73.80000305175781,72.4800033569336,73.18000030517578,0
2023-10-24,72.51000213623047,73.33000183105469,72.12999725341797,72.80999755859375,0
2023-10-25,72.30000305175781,72.5199966430664,71.31999969482422,72.16000366210938,0
2023-10-26,73.41999816894531,74.05999755859375,72.27999877929688,72.27999877929688,0
2023-10-27,71.70999908447266,73.33000183105469,71.48999786376953,73.12999725341797,0
2023-10-30,73.08000183105469,73.29000091552734,71.8499984741211,72.37000274658203,0
2023-10-31,73.9000015258789,73.94999694824219,72.80999755859375,73.18000030517578,0
2023-11-01,73.98999786376953,74.51000213623047,73.43000030517578,73.94000244140625,0
2023-11-02,77.29000091552734,77.31999969482422,74.70999908447266,74.70999908447266,0
2023-11-03,79.66000366210938,80.16000366210938,78.62000274658203,78.62000274658203,0
2023-11-06,78.9800033569336,79.95999908447266,78.48999786376953,79.80999755859375,0
2023-11-07,78.58000183105469,78.93000030517578,78.29000091552734,78.5999984741211,0
2023-11-08,78.30000305175781,78.62000274658203,77.9000015258789,78.48999786376953,0
2023-11-09,77.16000366210938,78.73999786376953,76.97000122070312,78.58999633789062,0
2023-11-10,77.98999786376953,78.06999969482422,76.91999816894531,77.51000213623047,0
2023-11-13,77.81999969482422,78.20999908447266,77.18000030517578,77.56999969482422,0
2023-11-14,81.44999694824219,82.19999694824219,79.38999938964844,79.41000366210938,0
2023-11-15,82.61000061035156,82.88999938964844,81.70999908447266,81.70999908447266,0
2023-11-16,82.23999786376953,82.8499984741211,81.68000030517578,82.62999725341797,0
2023-11-17,83.37999725341797,83.38999938964844,82.44000244140625,82.83999633789062,0
2023-11-20,83.26000213623047,83.58000183105469,82.52999877929688,83.16000366210938,0
2023-11-21,82.23999786376953,83.02999877929688,82.13999938964844,83.0,0
2023-11-22,82.41999816894531,82.7699966430664,82.04000091552734,82.62999725341797,0
2023-11-24,82.68000030517578,82.98999786376953,82.16000366210938,82.48999786376953,0
2023-11-27,82.2300033569336,82.37000274658203,81.9000015258789,82.27999877929688,0
2023-11-28,82.48999786376953,82.6500015258789,81.68000030517578,82.23999786376953,0
2023-11-29,84.12999725341797,84.80999755859375,83.08000183105469,83.0999984741211,0
2023-11-30,84.93000030517578,85.0999984741211,83.87999725341797,84.37999725341797,0
2023-12-01,87.26000213623047,87.3499984741211,84.56999969482422,84.76000213623047,0
2023-12-04,87.68000030517578,87.8499984741211,86.45999908447266,86.56999969482422,0
2023-12-05,86.69000244140625,87.25,86.2699966430664,87.2300033569336,0
2023-12-06,86.38999938964844,88.55999755859375,86.2699966430664,87.33999633789062,0
2023-12-07,87.44999694824219,87.54000091552734,86.5199966430664,86.70999908447266,0
2023-12-08,88.62999725341797,88.94999694824219,87.26000213623047,87.55999755859375,0
2023-12-11,88.68000030517578,89.0,88.33000183105469,88.5,0
2023-12-12,88.61000061035156,88.87000274658203,88.12000274658203,88.52999877929688,0
2023-12-13,91.93000030517578,91.95999908447266,88.41999816894531,88.62000274658203,0
2023-12-14,96.5999984741211,97.08000183105469,93.73999786376953,93.73999786376953,0
2023-12-15,95.83000183105469,96.80999755859375,95.30999755859375,96.25,0
2023-12-18,95.0,96.18000030517578,94.98999786376953,96.0999984741211,0
2023-12-19,96.11000061035156,96.33000183105469,94.58999633789062,94.9000015258789,0
2023-12-20,94.02999877929688,96.2699966430664,93.98999786376953,95.79000091552734,0
2023-12-21,95.12000274658203,95.31999969482422,94.23999786376953,94.70999908447266,0
2023-12-22,95.31999969482422,96.16000366210938,94.94000244140625,95.47000122070312,0
2023-12-26,96.27999877929688,96.4800033569336,95.16999816894531,95.38999938964844,0
2023-12-27,96.47000122070312,96.63999938964844,95.70999908447266,96.12999725341797,0
2023-12-28,96.68000030517578,96.79000091552734,96.31999969482422,96.31999969482422,0
2023-12-29,96.0199966430664,96.68000030517578,95.87000274658203,96.47000122070312,0
2024-01-02,96.93000030517578,97.3499984741211,95.36000061035156,95.47000122070312,0
2024-01-03,95.02999877929688,96.0999984741211,94.58999633789062,96.0999984741211,0
2024-01-04,95.5999984741211,96.55000305175781,95.06999969482422,95.12999725341797,0
2024-01-05,97.13999938964844,97.87000274658203,95.3499984741211,95.47000122070312,0
2024-01-08,97.4800033569336,97.5199966430664,96.01000213623047,96.72000122070312,0
2024-01-09,96.4000015258789,96.80999755859375,96.16000366210938,96.75,0
2024-01-10,96.05999755859375,96.16999816894531,95.33999633789062,96.0,0
2024-01-11,95.11000061035156,95.66999816894531,93.8499984741211,95.62000274658203,0
2024-01-12,94.11000061035156,96.0,93.55999755859375,95.52999877929688,0
2024-01-16,92.87000274658203,93.5199966430664,91.97000122070312,93.51000213623047,0
2024-01-17,92.23999786376953,93.0199966430664,91.5199966430664,91.93000030517578,0
2024-01-18,91.80000305175781,92.70999908447266,90.79000091552734,92.44000244140625,0
2024-01-19,94.11000061035156,94.12999725341797,91.75,91.87999725341797,0
2024-01-22,94.83999633789062,95.45999908447266,94.31999969482422,94.5,0
2024-01-23,94.83999633789062,95.18000030517578,94.20999908447266,95.02999877929688,0
2024-01-24,95.7300033569336,96.45999908447266,95.23999786376953,95.43000030517578,0
2024-01-25,96.20999908447266,96.66000366210938,95.30000305175781,96.44999694824219,0
2024-01-26,96.4000015258789,97.02999877929688,96.13999938964844,96.38999938964844,0
2024-01-29,97.11000061035156,97.12999725341797,95.93000030517578,96.30999755859375,0
2024-01-30,98.0,98.22000122070312,97.1500015258789,97.1500015258789,0
2024-01-31,95.72000122070312,97.93000030517578,95.68000030517578,97.0199966430664,0
2024-02-01,94.05999755859375,96.0199966430664,92.20999908447266,95.81999969482422,0
2024-02-02,94.73999786376953,95.1500015258789,93.04000091552734,93.58000183105469,0
2024-02-05,93.52999877929688,94.0199966430664,92.94999694824219,93.98999786376953,0
2024-02-06,93.44000244140625,94.26000213623047,92.9000015258789,93.44999694824219,0
2024-02-07,93.47000122070312,93.87000274658203,91.87999725341797,93.72000122070312,0
2024-02-08,93.4000015258789,93.62000274658203,92.61000061035156,93.11000061035156,0
2024-02-09,93.62999725341797,93.80999755859375,92.69999694824219,93.2300033569336,0
2024-02-12,95.08999633789062,95.9000015258789,93.52999877929688,93.70999908447266,0
2024-02-13,92.30000305175781,93.87999725341797,91.18000030517578,93.87999725341797,0
2024-02-14,93.52999877929688,93.55999755859375,92.66000366210938,93.4000015258789,0
2024-02-15,95.72000122070312,96.16000366210938,93.95999908447266,94.04000091552734,0
2024-02-16,95.44000244140625,95.91000366210938,94.62999725341797,95.26000213623047,0
2024-02-20,95.05000305175781,95.48999786376953,94.23999786376953,94.87000274658203,0
2024-02-21,95.12000274658203,95.29000091552734,93.81999969482422,94.69000244140625,0
2024-02-22,95.48999786376953,96.41999816894531,95.0199966430664,95.31999969482422,0
2024-02-23,95.87999725341797,96.38999938964844,95.36000061035156,95.61000061035156,0
2024-02-26,95.02999877929688,96.54000091552734,94.7699966430664,95.61000061035156,0
2024-02-27,96.11000061035156,96.19000244140625,95.29000091552734,95.47000122070312,0
2024-02-28,95.91000366210938,96.70999908447266,95.63999938964844,95.73999786376953,0
2024-02-29,96.70999908447266,97.2300033569336,95.87999725341797,96.66000366210938,0
2024-03-01,96.37999725341797,96.63999938964844,95.16000366210938,96.41000366210938,0
2024-03-04,98.12999725341797,99.1500015258789,96.81999969482422,96.93000030517578,0
2024-03-05,99.4800033569336,100.23999786376953,97.76000213623047,97.76000213623047,0
2024-03-06,98.81999969482422,99.33000183105469,97.6500015258789,99.26000213623047,0
2024-03-07,99.08999633789062,100.12000274658203,98.52999877929688,99.3499984741211,0
2024-03-08,99.2300033569336,100.48999786376953,99.22000122070312,99.69999694824219,0
2024-03-11,99.3499984741211,99.5199966430664,98.36000061035156,98.88999938964844,0
2024-03-12,99.2699966430664,99.91999816894531,98.91000366210938,99.4800033569336,0
2024-03-13,99.80999755859375,100.38999938964844,99.41000366210938,99.5,0
2024-03-14,98.02999877929688,99.87000274658203,97.44999694824219,99.44000244140625,0
2024-03-15,98.05000305175781,98.87999725341797,97.79000091552734,97.81999969482422,0
2024-03-18,98.52999877929688,98.62999725341797,97.43000030517578,98.33000183105469,0
2024-03-19,98.7300033569336,99.0999984741211,98.4000015258789,98.44999694824219,0
2024-03-20,101.08000183105469,101.30000305175781,98.16000366210938,98.38999938964844,0
2024-03-21,103.26000213623047,103.37000274658203,101.66999816894531,101.73999786376953,0
2024-03-22,101.69999694824219,103.83999633789062,101.68000030517578,103.55999755859375,0
2024-03-25,101.48999786376953,102.55000305175781,101.30000305175781,101.8499984741211,0
2024-03-26,101.56999969482422,102.0,101.52999877929688,101.83000183105469,0
2024-03-27,103.91999816894531,103.95999908447266,102.05000305175781,102.12999725341797,0
2024-03-28,104.8499984741211,105.05999755859375,103.9000015258789,104.30000305175781,0
2024-04-01,103.63999938964844,104.91000366210938,103.48999786376953,104.83999633789062,0
2024-04-02,102.66999816894531,103.36000061035156,102.48999786376953,103.12999725341797,0
2024-04-03,102.58999633789062,103.5999984741211,102.23999786376953,102.80999755859375,0
2024-04-04,101.44000244140625,103.98999786376953,101.27999877929688,103.77999877929688,0
2024-04-05,101.9000015258789,102.25,100.80999755859375,101.2699966430664,0
2024-04-08,103.19000244140625,103.4800033569336,102.30999755859375,102.55999755859375,0
2024-04-09,103.41000366210938,103.76000213623047,102.30999755859375,103.5199966430664,0
2024-04-10,100.30000305175781,101.77999877929688,99.80000305175781,101.7300033569336,0
2024-04-11,99.54000091552734,100.41000366210938,98.58000183105469,100.22000122070312,0
2024-04-12,98.08000183105469,98.80999755859375,97.56999969482422,98.51000213623047,0
2024-04-15,98.37999725341797,100.73999786376953,97.79000091552734,99.29000091552734,0
2024-04-16,96.77999877929688,98.36000061035156,96.30999755859375,97.80000305175781,0
2024-04-17,97.4800033569336,98.26000213623047,96.87999725341797,97.25,0
2024-04-18,98.18000030517578,99.13999938964844,97.5999984741211,97.80000305175781,0
2024-04-19,100.08000183105469,100.4000015258789,98.33000183105469,98.58000183105469,0
2024-04-22,102.08000183105469,102.38999938964844,100.1500015258789,100.27999877929688,0
2024-04-23,103.16000366210938,103.58000183105469,102.06999969482422,102.2699966430664,0
2024-04-24,103.55999755859375,103.69999694824219,102.33000183105469,102.55000305175781,0
2024-04-25,102.38999938964844,103.4800033569336,101.58999633789062,103.27999877929688,0
2024-04-26,102.68000030517578,103.4800033569336,102.33000183105469,102.43000030517578,0
2024-04-29,102.56999969482422,103.16999816894531,102.27999877929688,102.77999877929688,0
2024-04-30,101.16999816894531,102.4800033569336,101.1500015258789,102.0199966430664,0
2024-05-01,101.83999633789062,103.33000183105469,101.23999786376953,101.52999877929688,0
2024-05-02,102.37000274658203,102.79000091552734,101.58999633789062,102.66999816894531,0
2024-05-03,103.22000122070312,103.91999816894531,103.0199966430664,103.30000305175781,0
2024-05-06,104.23999786376953,104.30000305175781,103.58000183105469,104.04000091552734,0
2024-05-07,104.05999755859375,104.88999938964844,103.94999694824219,104.58999633789062,0
2024-05-08,104.87000274658203,105.02999877929688,103.4800033569336,103.62999725341797,0
2024-05-09,105.69000244140625,105.76000213623047,104.37000274658203,104.54000091552734,0
2024-05-10,106.05000305175781,106.38999938964844,105.79000091552734,105.98999786376953,0
2024-05-13,105.58000183105469,106.62999725341797,105.52999877929688,106.5199966430664,0
2024-05-14,106.54000091552734,106.77999877929688,105.86000061035156,106.11000061035156,0
2024-05-15,107.63999938964844,107.83999633789062,106.97000122070312,107.33000183105469,0
2024-05-16,106.95999908447266,107.75,106.94999694824219,107.5199966430664,0
2024-05-17,107.36000061035156,107.44000244140625,107.08999633789062,107.4000015258789,0
2024-05-20,105.81999969482422,107.62999725341797,105.73999786376953,107.37999725341797,0
2024-05-21,106.94000244140625,107.04000091552734,105.83000183105469,105.83000183105469,0
2024-05-22,105.88999938964844,106.94999694824219,105.44999694824219,106.5999984741211,0
2024-05-23,103.97000122070312,105.94000244140625,103.5,105.91999816894531,0
2024-05-24,104.87999725341797,104.91000366210938,104.2699966430664,104.2699966430664,0
2024-05-28,103.79000091552734,105.05999755859375,103.47000122070312,104.94000244140625,0
2024-05-29,102.58000183105469,102.79000091552734,101.61000061035156,102.52999877929688,0
2024-05-30,103.08999633789062,103.41999816894531,102.38999938964844,102.98999786376953,0
2024-05-31,104.94000244140625,105.05000305175781,103.29000091552734,103.3499984741211,0
2024-06-03,103.87000274658203,105.19999694824219,102.79000091552734,105.1500015258789,0
2024-06-04,102.68000030517578,103.93000030517578,102.22000122070312,103.0199966430664,0
2024-06-05,102.87999725341797,103.18000030517578,102.37999725341797,103.0199966430664,0
2024-06-06,102.62000274658203,103.47000122070312,102.22000122070312,102.9000015258789,0
2024-06-07,102.95999908447266,103.5,102.02999877929688,102.08000183105469,0
2024-06-10,102.08999633789062,102.47000122070312,101.02999877929688,102.22000122070312,0
2024-06-11,100.08999633789062,101.41000366210938,99.62999725341797,101.38999938964844,0
2024-06-12,101.48999786376953,102.69999694824219,101.05999755859375,101.76000213623047,0
2024-06-13,100.94999694824219,101.1500015258789,100.26000213623047,101.13999938964844,0
2024-06-14,100.30999755859375,100.55999755859375,99.33000183105469,100.05000305175781,0
2024-06-17,101.43000030517578,101.44999694824219,99.70999908447266,100.05000305175781,0
2024-06-18,102.4000015258789,102.5199966430664,101.1500015258789,101.29000091552734,0
2024-06-20,102.47000122070312,102.72000122070312,101.91999816894531,102.08999633789062,0
2024-06-21,101.91999816894531,102.18000030517578,101.11000061035156,102.18000030517578,0
2024-06-24,103.5999984741211,104.08999633789062,102.0199966430664,102.4000015258789,0
2024-06-25,102.3499984741211,103.77999877929688,102.30999755859375,103.22000122070312,0
2024-06-26,102.0199966430664,102.16999816894531,101.26000213623047,101.8499984741211,0
2024-06-27,102.12999725341797,102.20999908447266,101.06999969482422,101.73999786376953,0
2024-06-28,104.5,104.61000061035156,102.66000366210938,102.66000366210938,0
2024-07-01,105.12999725341797,105.88999938964844,104.66999816894531,104.66999816894531,0
2024-07-02,106.30999755859375,106.33000183105469,104.8499984741211,104.94000244140625,0
2024-07-03,105.79000091552734,106.83000183105469,105.72000122070312,106.58999633789062,0
2024-07-05,104.30000305175781,105.66000366210938,104.0,105.5999984741211,0
2024-07-08,104.62999725341797,105.56999969482422,104.16999816894531,104.86000061035156,0
2024-07-09,106.2300033569336,106.8499984741211,104.41999816894531,104.44000244140625,0
2024-07-10,107.30000305175781,107.31999969482422,106.0199966430664,106.08999633789062,0
2024-07-11,109.05000305175781,109.36000061035156,107.55000305175781,107.91999816894531,0
2024-07-12,108.77999877929688,109.36000061035156,107.83000183105469,109.12999725341797,0
2024-07-15,110.63999938964844,111.19000244140625,109.48999786376953,109.66999816894531,0
2024-07-16,113.9800033569336,114.08000183105469,110.48999786376953,110.91999816894531,0
2024-07-17,114.66999816894531,115.23999786376953,113.61000061035156,113.66000366210938,0
2024-07-18,112.52999877929688,115.56999969482422,112.08000183105469,114.37000274658203,0
2024-07-19,112.36000061035156,113.36000061035156,111.91999816894531,112.76000213623047,0
2024-07-22,112.93000030517578,113.02999877929688,111.27999877929688,112.36000061035156,0
2024-07-23,113.75,114.30999755859375,112.8499984741211,112.94999694824219,0
2024-07-24,112.86000061035156,114.70999908447266,112.72000122070312,113.5999984741211,0
2024-07-25,114.20999908447266,115.5,112.81999969482422,112.91999816894531,0
2024-07-26,115.30000305175781,115.75,114.54000091552734,114.58000183105469,0
2024-07-29,114.16999816894531,115.62000274658203,114.06999969482422,115.51000213623047,0
2024-07-30,115.44999694824219,116.04000091552734,115.0,115.02999877929688,0
2024-07-31,114.56999969482422,116.06999969482422,114.47000122070312,115.26000213623047,0
2024-08-01,111.1500015258789,114.8499984741211,110.43000030517578,114.61000061035156,0
2024-08-02,106.3499984741211,109.30999755859375,105.51000213623047,109.30000305175781,0
2024-08-05,103.5199966430664,104.37999725341797,101.05000305175781,104.05999755859375,0
2024-08-06,104.7300033569336,106.0199966430664,103.23999786376953,103.5199966430664,0
2024-08-07,104.25,107.61000061035156,104.18000030517578,106.36000061035156,0
2024-08-08,106.36000061035156,106.62999725341797,105.13999938964844,105.1500015258789,0
2024-08-09,106.58999633789062,106.83999633789062,105.86000061035156,106.16000366210938,0
2024-08-12,106.0199966430664,108.31999969482422,105.7699966430664,107.69999694824219,0
2024-08-13,107.12000274658203,107.19000244140625,105.70999908447266,106.66000366210938,0
2024-08-14,108.08000183105469,108.38999938964844,107.18000030517578,107.48999786376953,0
2024-08-15,109.47000122070312,110.41000366210938,109.29000091552734,109.7699966430664,0
2024-08-16,110.69999694824219,110.76000213623047,109.44000244140625,109.44000244140625,0
2024-08-19,111.63999938964844,111.66999816894531,110.83999633789062,110.83999633789062,0
2024-08-20,110.52999877929688,111.23999786376953,110.47000122070312,111.22000122070312,0
2024-08-21,110.33000183105469,110.93000030517578,109.62000274658203,110.86000061035156,0
2024-08-22,111.05999755859375,111.31999969482422,110.22000122070312,110.38999938964844,0
2024-08-23,113.69000244140625,114.37000274658203,111.66000366210938,111.66999816894531,0
2024-08-26,113.62999725341797,114.5,113.41000366210938,114.29000091552734,0
2024-08-27,113.37999725341797,113.83000183105469,113.20999908447266,113.54000091552734,0
2024-08-28,113.95999908447266,114.63999938964844,113.06999969482422,113.16999816894531,0
2024-08-29,114.5999984741211,115.26000213623047,113.05999755859375,114.41000366210938,0
2024-08-30,115.93000030517578,116.05000305175781,114.58999633789062,114.80000305175781,0
2024-09-03,114.11000061035156,115.77999877929688,113.62000274658203,115.3499984741211,0
2024-09-04,113.41999816894531,114.76000213623047,112.86000061035156,114.05000305175781,0
2024-09-05,112.4800033569336,114.37999725341797,111.95999908447266,114.27999877929688,0
2024-09-06,109.58999633789062,113.08999633789062,109.19000244140625,112.36000061035156,0
2024-09-09,111.56999969482422,112.19999694824219,110.37000274658203,110.38999938964844,0
2024-09-10,109.5199966430664,111.7300033569336,107.55000305175781,111.7300033569336,0
2024-09-11,109.0999984741211,109.20999908447266,106.30000305175781,108.62999725341797,0
2024-09-12,108.81999969482422,109.88999938964844,108.25,109.33999633789062,0
2024-09-13,109.80000305175781,110.41000366210938,109.25,109.2699966430664,0
2024-09-16,111.43000030517578,111.58000183105469,110.31999969482422,110.31999969482422,0
2024-09-17,112.1500015258789,113.18000030517578,111.72000122070312,111.80000305175781,0
2024-09-18,112.30999755859375,114.01000213623047,111.75,112.23999786376953,0
2024-09-19,115.51000213623047,115.7300033569336,113.4000015258789,113.86000061035156,0
2024-09-20,114.95999908447266,115.19999694824219,114.19000244140625,115.19000244140625,0
2024-09-23,114.22000122070312,115.55000305175781,113.9800033569336,115.18000030517578,0
2024-09-24,113.43000030517578,114.61000061035156,112.81999969482422,114.25,0
2024-09-25,112.30000305175781,113.52999877929688,112.08000183105469,113.48999786376953,0
2024-09-26,113.73999786376953,114.04000091552734,112.38999938964844,112.91000366210938,0
2024-09-27,113.87999725341797,114.9000015258789,113.47000122070312,114.19999694824219,0
2024-09-30,114.45999908447266,114.58999633789062,112.97000122070312,113.69999694824219,0
2024-10-01,112.26000213623047,113.8499984741211,111.5199966430664,113.8499984741211,0
2024-10-02,112.23999786376953,113.37999725341797,111.8499984741211,112.25,0
2024-10-03,111.80999755859375,111.94999694824219,110.7300033569336,111.79000091552734,0
2024-10-04,114.6500015258789,114.77999877929688,113.25,113.68000030517578,0
2024-10-07,114.4800033569336,115.19999694824219,113.66000366210938,114.56999969482422,0
2024-10-08,114.5199966430664,114.98999786376953,114.19000244140625,114.72000122070312,0
2024-10-09,115.95999908447266,116.2699966430664,114.3499984741211,114.48999786376953,0
2024-10-10,115.69000244140625,116.12999725341797,115.08999633789062,115.72000122070312,0
2024-10-11,119.20999908447266,119.7699966430664,116.62000274658203,116.62000274658203,0
2024-10-14,120.37000274658203,120.68000030517578,118.94000244140625,119.27999877929688,0
2024-10-15,120.70999908447266,122.7300033569336,120.58999633789062,121.73999786376953,0
2024-10-16,122.77999877929688,123.62000274658203,121.16000366210938,121.20999908447266,0
2024-10-17,122.91000366210938,123.68000030517578,122.30000305175781,122.80999755859375,0
2024-10-18,122.52999877929688,123.18000030517578,121.88999938964844,123.18000030517578,0
2024-10-21,120.3499984741211,122.5199966430664,120.19999694824219,122.18000030517578,0
2024-10-22,121.19999694824219,121.54000091552734,119.97000122070312,120.5,0
2024-10-23,121.6500015258789,122.0999984741211,120.68000030517578,121.4800033569336,0
2024-10-24,122.41000366210938,122.48999786376953,121.20999908447266,121.88999938964844,0
2024-10-25,120.7300033569336,123.47000122070312,120.4800033569336,123.01000213623047,0
2024-10-28,123.33000183105469,123.61000061035156,121.33999633789062,121.45999908447266,0
2024-10-29,122.80999755859375,123.62999725341797,122.72000122070312,123.16000366210938,0
2024-10-30,123.18000030517578,124.5999984741211,122.47000122070312,122.72000122070312,0
2024-10-31,121.8499984741211,123.61000061035156,121.81999969482422,122.98999786376953,0
2024-11-01,121.5,123.3499984741211,121.44999694824219,122.25,0
2024-11-04,120.25,121.44999694824219,119.95999908447266,121.44999694824219,0
2024-11-05,121.91000366210938,122.08000183105469,120.44999694824219,120.4800033569336,0
2024-11-06,134.94000244140625,135.00999450683594,126.02999877929688,126.02999877929688,0
2024-11-07,131.32000732421875,134.08999633789062,130.83999633789062,134.07000732421875,0
2024-11-08,131.72999572753906,132.58999633789062,130.88999938964844,131.69000244140625,0
2024-11-11,134.82000732421875,135.5,133.02999877929688,133.0399932861328,0
2024-11-12,134.1199951171875,135.3300018310547,133.66000366210938,134.58999633789062,0
2024-11-13,134.0500030517578,136.27999877929688,133.92999267578125,134.64999389648438,0
2024-11-14,133.64999389648438,134.94000244140625,133.27000427246094,134.3000030517578,0
2024-11-15,134.7899932861328,134.99000549316406,133.7100067138672,134.08999633789062,0
2024-11-18,134.69000244140625,135.22000122070312,134.1699981689453,134.9199981689453,0
2024-11-19,133.52999877929688,134.30999755859375,133.10000610351562,133.27999877929688,0
2024-11-20,133.3000030517578,134.05999755859375,132.58999633789062,133.8800048828125,0
2024-11-21,135.30999755859375,136.19000244140625,133.75999450683594,133.77999877929688,0
2024-11-22,137.4199981689453,137.5399932861328,135.3300018310547,135.36000061035156,0
2024-11-25,138.77999877929688,139.61000061035156,138.4199981689453,138.42999267578125,0
2024-11-26,138.3800048828125,138.69000244140625,137.42999267578125,138.63999938964844,0
2024-11-27,138.2899932861328,139.41000366210938,137.8800048828125,138.77000427246094,0
2024-11-29,138.16000366210938,139.2899932861328,137.92999267578125,138.91000366210938,0
2024-12-02,136.47999572753906,138.64999389648438,136.22999572753906,138.42999267578125,0
2024-12-03,135.57000732421875,137.39999389648438,135.44000244140625,136.9499969482422,0
2024-12-04,134.8000030517578,135.66000366210938,134.14999389648438,135.5500030517578,0
2024-12-05,135.5500030517578,136.63999938964844,135.08999633789062,135.22999572753906,0
2024-12-06,135.6199951171875,136.24000549316406,134.58999633789062,135.64999389648438,0
2024-12-09,133.72000122070312,135.7899932861328,133.6699981689453,135.6300048828125,0
2024-12-10,133.17999267578125,134.7100067138672,132.77000427246094,133.9499969482422,0
2024-12-11,133.0,134.1699981689453,132.80999755859375,133.9600067138672,0
2024-12-12,132.3300018310547,133.52000427246094,132.2899932861328,133.14999389648438,0
2024-12-13,131.75,132.55999755859375,131.2100067138672,132.5,0
2024-12-16,132.27999877929688,132.4600067138672,131.14999389648438,131.86000061035156,0
2024-12-17,130.32000732421875,131.5800018310547,129.75999450683594,131.52999877929688,0
2024-12-18,124.75,130.94000244140625,124.55000305175781,130.64999389648438,0
2024-12-19,124.70999908447266,127.62999725341797,124.58999633789062,126.16999816894531,0
2024-12-20,127.20999908447266,127.98999786376953,124.30000305175781,124.37000274658203,0
2024-12-23,127.63999938964844,127.69999694824219,126.19000244140625,126.5999984741211,0
2024-12-24,129.2100067138672,129.2100067138672,127.80999755859375,127.98999786376953,0
2024-12-26,129.58999633789062,129.67999267578125,128.38999938964844,128.61000061035156,0
2024-12-27,128.4600067138672,129.8300018310547,127.7699966430664,128.77000427246094,0
2024-12-30,127.63999938964844,128.14999389648438,126.30999755859375,127.20999908447266,0
2024-12-31,127.47000122070312,128.5,127.08000183105469,127.94999694824219,0
2025-01-02,127.33000183105469,129.11000061035156,126.69000244140625,128.1199951171875,0
2025-01-03,128.85000610351562,128.86000061035156,126.58000183105469,127.83999633789062,0
2025-01-06,129.83999633789062,131.88999938964844,129.4499969482422,129.66000366210938,0
2025-01-07,129.61000061035156,131.2899932861328,128.6699981689453,130.7100067138672,0
2025-01-08,129.44000244140625,129.57000732421875,128.0399932861328,129.27999877929688,0
2025-01-10,125.94999694824219,128.52999877929688,125.41000366210938,128.52999877929688,0
2025-01-13,127.51000213623047,127.5999984741211,125.70999908447266,125.72000122070312,0
2025-01-14,129.61000061035156,129.86000061035156,128.08999633789062,128.2899932861328,0
2025-01-15,134.88999938964844,135.27999877929688,132.2899932861328,132.61000061035156,0
2025-01-16,134.55999755859375,135.1300048828125,133.3300018310547,134.5500030517578,0
2025-01-17,136.27999877929688,136.41000366210938,134.25,134.99000549316406,0
2025-01-21,137.5500030517578,137.75,135.97000122070312,136.32000732421875,0
2025-01-22,136.30999755859375,137.24000549316406,135.85000610351562,137.24000549316406,0
2025-01-23,137.13999938964844,137.9199981689453,136.60000610351562,136.6300048828125,0
2025-01-24,137.67999267578125,138.4499969482422,136.44000244140625,136.4600067138672,0
2025-01-27,138.25999450683594,138.35000610351562,136.74000549316406,137.66000366210938,0
2025-01-28,138.14999389648438,138.57000732421875,137.25,138.07000732421875,0
2025-01-29,138.19000244140625,140.3699951171875,138.02000427246094,138.0800018310547,0
2025-01-30,139.3699951171875,140.27999877929688,138.4199981689453,139.13999938964844,0
2025-01-31,138.5,139.75999450683594,138.07000732421875,139.47000122070312,0
2025-02-03,136.41000366210938,137.14999389648438,134.44000244140625,136.08999633789062,0
2025-02-04,137.30999755859375,138.1300048828125,136.72999572753906,136.72999572753906,0
2025-02-05,138.5399932861328,138.6300048828125,137.07000732421875,138.02000427246094,0
2025-02-06,140.58999633789062,140.63999938964844,139.0,139.52000427246094,0
2025-02-07,139.5399932861328,140.85000610351562,139.1300048828125,140.75999450683594,0
2025-02-10,137.3699951171875,139.80999755859375,136.83999633789062,139.66000366210938,0
2025-02-11,138.22999572753906,138.39999389648438,136.39999389648438,136.97000122070312,0
2025-02-12,137.1699981689453,137.4499969482422,136.14999389648438,137.3800048828125,0
2025-02-13,137.4499969482422,137.63999938964844,136.3800048828125,137.49000549316406,0
2025-02-14,138.9199981689453,139.3000030517578,137.88999938964844,137.94000244140625,0
2025-02-18,140.3300018310547,140.33999633789062,138.75,138.94000244140625,0
2025-02-19,139.91000366210938,140.24000549316406,138.80999755859375,139.52999877929688,0
2025-02-20,136.57000732421875,140.0,135.38999938964844,139.91000366210938,0
2025-02-21,134.07000732421875,137.22000122070312,133.72999572753906,137.02000427246094,0
2025-02-24,133.35000610351562,135.25,132.22000122070312,134.86000061035156,0
2025-02-25,132.02000427246094,134.41000366210938,130.42999267578125,133.88999938964844,0
2025-02-26,132.58999633789062,134.1699981689453,132.2899932861328,132.4199981689453,0
2025-02-27,132.61000061035156,134.8800048828125,132.1999969482422,132.91000366210938,0
2025-02-28,135.3300018310547,135.42999267578125,132.66000366210938,133.25999450683594,0
2025-03-03,132.75999450683594,136.57000732421875,131.55999755859375,135.57000732421875,0
2025-03-04,126.70999908447266,131.38999938964844,124.44999694824219,131.38999938964844,0
2025-03-05,127.02999877929688,127.83999633789062,124.94000244140625,126.83999633789062,0
2025-03-06,124.05000305175781,125.97000122070312,123.16000366210938,125.76000213623047,0
2025-03-07,123.41000366210938,123.75,120.41000366210938,123.63999938964844,0
2025-03-10,118.13999938964844,121.51000213623047,116.4000015258789,121.38999938964844,0
2025-03-11,117.18000030517578,119.05000305175781,116.0199966430664,118.19000244140625,0
2025-03-12,118.29000091552734,119.37999725341797,116.62999725341797,118.31999969482422,0
2025-03-13,116.55000305175781,118.91999816894531,116.2699966430664,118.69999694824219,0
2025-03-14,120.0199966430664,120.19000244140625,117.62000274658203,117.86000061035156,0
2025-03-17,120.9000015258789,121.5999984741211,119.62999725341797,119.70999908447266,0
2025-03-18,121.04000091552734,121.37999725341797,120.22000122070312,120.91999816894531,0
2025-03-19,122.87999725341797,124.06999969482422,120.47000122070312,121.05000305175781,0
2025-03-20,123.06999969482422,124.20999908447266,121.91999816894531,121.93000030517578,0
2025-03-21,123.3499984741211,123.70999908447266,121.20999908447266,122.33000183105469,0
2025-03-24,126.37000274658203,126.7300033569336,124.5199966430664,124.69999694824219,0
2025-03-25,126.83999633789062,127.22000122070312,126.08999633789062,126.72000122070312,0
2025-03-26,125.80000305175781,128.3800048828125,125.36000061035156,127.33000183105469,0
2025-03-27,123.98999786376953,125.45999908447266,123.58000183105469,125.45999908447266,0
2025-03-28,120.98999786376953,124.33000183105469,120.20999908447266,123.66999816894531,0
2025-03-31,122.5199966430664,122.91999816894531,118.80000305175781,119.87000274658203,0
2025-04-01,121.70999908447266,122.5,119.94999694824219,121.69000244140625,0
2025-04-02,123.83999633789062,124.18000030517578,120.48999786376953,120.58999633789062,0
2025-04-03,111.62999725341797,120.2699966430664,111.5,120.2699966430664,0
2025-04-04,104.2699966430664,109.06999969482422,101.6500015258789,108.9800033569336,0
2025-04-07,105.2699966430664,109.30000305175781,99.68000030517578,102.06999969482422,0
2025-04-08,104.31999969482422,110.72000122070312,102.47000122070312,107.95999908447266,0
2025-04-09,113.68000030517578,114.83000183105469,101.02999877929688,102.94000244140625,0
2025-04-10,107.91999816894531,111.44999694824219,104.66999816894531,111.44999694824219,0
2025-04-11,108.55000305175781,109.38999938964844,105.2300033569336,107.16000366210938,0
2025-04-14,110.05999755859375,111.0199966430664,108.87000274658203,109.72000122070312,0
2025-04-15,111.33999633789062,113.16999816894531,110.95999908447266,110.95999908447266,0
2025-04-16,109.44000244140625,111.5,108.30999755859375,110.61000061035156,0
2025-04-17,110.5999984741211,111.91999816894531,109.47000122070312,109.95999908447266,0
2025-04-21,108.80000305175781,110.1500015258789,107.61000061035156,109.81999969482422,0
2025-04-22,112.37000274658203,112.62000274658203,109.75,109.75,0
2025-04-23,114.72000122070312,118.66000366210938,114.36000061035156,114.79000091552734,0
2025-04-24,117.41999816894531,117.6500015258789,114.16999816894531,114.4000015258789,0
2025-04-25,116.94999694824219,117.68000030517578,116.37999725341797,116.94000244140625,0
2025-04-28,117.45999908447266,118.51000213623047,116.45999908447266,117.26000213623047,0
2025-04-29,118.41000366210938,118.69999694824219,116.44000244140625,117.18000030517578,0
2025-04-30,117.86000061035156,118.22000122070312,114.9000015258789,116.56999969482422,0
2025-05-01,118.77999877929688,119.68000030517578,117.16999816894531,117.62999725341797,0
2025-05-02,121.97000122070312,122.36000061035156,120.33999633789062,120.51000213623047,0
2025-05-05,121.76000213623047,123.04000091552734,120.80999755859375,121.08000183105469,0
2025-05-06,120.44999694824219,121.63999938964844,120.06999969482422,120.80000305175781,0
2025-05-07,120.87000274658203,121.9000015258789,120.5,121.05000305175781,0
2025-05-08,123.2699966430664,124.2699966430664,122.08999633789062,122.08999633789062,0
2025-05-09,123.01000213623047,123.73999786376953,122.72000122070312,123.66000366210938,0
2025-05-12,128.3699951171875,129.3800048828125,127.04000091552734,127.05000305175781,0
2025-05-13,129.9600067138672,130.47999572753906,128.50999450683594,128.66000366210938,0
2025-05-14,130.24000549316406,130.58999633789062,129.66000366210938,129.80999755859375,0
2025-05-15,130.58999633789062,130.89999389648438,129.47999572753906,130.0500030517578,0
2025-05-16,131.0500030517578,131.42999267578125,129.91000366210938,130.5399932861328,0
2025-05-19,130.5800018310547,131.2100067138672,129.6699981689453,129.97000122070312,0
2025-05-20,129.60000610351562,130.35000610351562,129.08999633789062,130.07000732421875,0
2025-05-21,125.62000274658203,128.83999633789062,125.56999969482422,128.8300018310547,0
2025-05-22,126.19999694824219,127.01000213623047,125.08999633789062,125.33999633789062,0
2025-05-23,125.63999938964844,126.22000122070312,124.05999755859375,124.22000122070312,0
2025-05-27,128.50999450683594,128.52999877929688,126.29000091552734,126.87000274658203,0
2025-05-28,127.20999908447266,128.85000610351562,127.05999755859375,128.67999267578125,0
2025-05-29,127.95999908447266,127.98999786376953,126.7699966430664,127.8499984741211,0
2025-05-30,127.47000122070312,127.83000183105469,126.43000030517578,127.44000244140625,0
2025-06-02,127.27999877929688,127.41000366210938,125.33000183105469,127.01000213623047,0
2025-06-03,128.8300018310547,129.02999877929688,126.55999755859375,127.16000366210938,0
2025-06-04,127.73999786376953,129.8000030517578,127.7300033569336,128.80999755859375,0
2025-06-05,127.95999908447266,128.52999877929688,126.61000061035156,127.8499984741211,0
2025-06-06,130.60000610351562,130.77999877929688,129.3800048828125,129.3800048828125,0
2025-06-09,130.67999267578125,131.5500030517578,130.3699951171875,130.9499969482422,0
2025-06-10,131.1699981689453,131.41000366210938,130.3800048828125,130.58999633789062,0
2025-06-11,130.33999633789062,131.97000122070312,130.1300048828125,131.50999450683594,0
2025-06-12,129.94000244140625,129.94000244140625,128.4600067138672,129.6300048828125,0
2025-06-13,127.18000030517578,128.7899932861328,126.86000061035156,128.64999389648438,0
2025-06-16,129.05999755859375,129.92999267578125,128.22999572753906,128.32000732421875,0
2025-06-17,127.94999694824219,129.07000732421875,127.55999755859375,128.25,0
2025-06-18,130.36000061035156,131.00999450683594,127.91999816894531,127.94000244140625,0
2025-06-20,131.3699951171875,131.66000366210938,130.83999633789062,130.9199981689453,0
2025-06-23,133.6199951171875,133.72000122070312,130.39999389648438,131.17999267578125,0
2025-06-24,135.25,136.19000244140625,134.64999389648438,134.64999389648438,0
2025-06-25,136.2899932861328,136.39999389648438,134.88999938964844,135.32000732421875,0
2025-06-26,138.5399932861328,138.7100067138672,136.74000549316406,136.75,0
2025-06-27,138.74000549316406,139.39999389648438,137.88999938964844,138.5399932861328,0
2025-06-30,139.64999389648438,140.3300018310547,139.19000244140625,139.6199951171875,0
2025-07-01,141.8000030517578,141.97000122070312,139.25999450683594,139.25999450683594,0
2025-07-02,143.97000122070312,143.99000549316406,141.77000427246094,142.3800048828125,0
2025-07-03,145.42999267578125,145.83999633789062,144.24000549316406,144.47000122070312,0
2025-07-07,144.08999633789062,145.85000610351562,143.17999267578125,145.3300018310547,0
2025-07-08,142.8000030517578,144.1300048828125,142.50999450683594,144.1300048828125,0
2025-07-09,142.6699981689453,143.9600067138672,142.3699951171875,143.66000366210938,0
2025-07-10,144.10000610351562,144.41000366210938,142.6999969482422,142.8000030517578,0
2025-07-11,143.35000610351562,143.7899932861328,142.1699981689453,143.1300048828125,0
2025-07-14,144.1999969482422,144.22999572753906,142.80999755859375,143.17999267578125,0
2025-07-15,140.7100067138672,143.75999450683594,140.6199951171875,143.30999755859375,0
2025-07-16,141.1300048828125,141.6699981689453,138.5800018310547,141.52999877929688,0
2025-07-17,142.97999572753906,143.25999450683594,140.49000549316406,140.75,0
2025-07-18,143.75,143.86000061035156,142.5500030517578,143.33999633789062,0
2025-07-21,143.3000030517578,145.1999969482422,143.24000549316406,143.88999938964844,0
2025-07-22,144.22999572753906,144.88999938964844,142.80999755859375,143.77000427246094,0
2025-07-23,145.6300048828125,145.77000427246094,144.16000366210938,144.86000061035156,0
2025-07-24,145.19000244140625,146.77999877929688,145.14999389648438,145.8300018310547,0
2025-07-25,146.11000061035156,146.22000122070312,143.97999572753906,145.19000244140625,0
2025-07-28,145.36000061035156,146.2100067138672,144.75999450683594,146.14999389648438,0
2025-07-29,145.3800048828125,146.33999633789062,144.8000030517578,146.24000549316406,0
2025-07-30,144.92999267578125,146.4199981689453,144.05999755859375,145.72999572753906,0
2025-07-31,143.0399932861328,144.9600067138672,142.75,144.52999877929688,0
2025-08-01,139.7100067138672,141.02000427246094,137.58999633789062,141.02000427246094,0
2025-08-04,141.41000366210938,141.5399932861328,140.1999969482422,140.3000030517578,0
2025-08-05,140.97000122070312,141.88999938964844,138.9499969482422,141.80999755859375,0
2025-08-06,140.6999969482422,141.83999633789062,140.6699981689453,141.3000030517578,0
2025-08-07,139.52000427246094,141.8000030517578,139.30999755859375,141.7100067138672,0
2025-08-08,141.17999267578125,141.82000732421875,139.58999633789062,140.4199981689453,0
2025-08-11,140.6999969482422,141.6300048828125,140.25999450683594,141.3000030517578,0
2025-08-12,144.27000427246094,144.3000030517578,141.6300048828125,141.63999938964844,0
2025-08-13,144.58999633789062,145.1999969482422,143.0800018310547,144.72999572753906,0
2025-08-14,145.89999389648438,145.97000122070312,143.5800018310547,144.17999267578125,0
2025-08-15,143.0399932861328,146.13999938964844,143.02999877929688,146.13999938964844,0
2025-08-18,143.77999877929688,143.89999389648438,142.57000732421875,142.7100067138672,0
2025-08-19,143.3699951171875,144.32000732421875,142.88999938964844,143.4600067138672,0
2025-08-20,144.02000427246094,144.32000732421875,141.8800048828125,143.33999633789062,0
2025-08-21,143.42999267578125,143.75999450683594,142.52999877929688,143.42999267578125,0
2025-08-22,148.0500030517578,148.3300018310547,144.22999572753906,144.24000549316406,0
2025-08-25,147.8000030517578,148.35000610351562,147.5500030517578,147.82000732421875,0
2025-08-26,149.6999969482422,149.77000427246094,147.27999877929688,147.42999267578125,0
2025-08-27,150.58999633789062,151.10000610351562,149.2899932861328,149.3000030517578,0
2025-08-28,150.75,151.10000610351562,150.24000549316406,151.02999877929688,0
2025-08-29,150.86000061035156,151.41000366210938,150.0800018310547,150.72000122070312,0
2025-09-02,149.25,149.25,147.47000122070312,149.08999633789062,0
2025-09-03,148.92999267578125,149.8800048828125,147.44000244140625,149.11000061035156,0
2025-09-04,151.13999938964844,151.16000366210938,149.1300048828125,149.52000427246094,0
2025-09-05,148.47000122070312,152.0800018310547,147.4199981689453,151.47999572753906,0
2025-09-08,148.42999267578125,148.80999755859375,147.17999267578125,148.5800018310547,0
2025-09-09,149.7899932861328,150.77000427246094,148.2100067138672,148.22000122070312,0
2025-09-10,149.9499969482422,150.6999969482422,149.2899932861328,149.75,0
2025-09-11,151.41000366210938,151.77000427246094,149.77999877929688,149.9499969482422,0
2025-09-12,151.4199981689453,151.7899932861328,150.77999877929688,151.0399932861328,0
2025-09-15,151.3000030517578,152.50999450683594,151.02000427246094,151.7899932861328,0
2025-09-16,150.49000549316406,151.35000610351562,149.30999755859375,151.25999450683594,0
2025-09-17,152.38999938964844,153.5500030517578,150.75999450683594,150.8300018310547,0
2025-09-18,154.52999877929688,154.61000061035156,152.32000732421875,152.72000122070312,0
2025-09-19,154.6300048828125,155.10000610351562,153.6699981689453,154.58999633789062,0
2025-09-22,153.49000549316406,154.19000244140625,153.02999877929688,153.49000549316406,0
2025-09-23,153.35000610351562,156.0500030517578,152.72000122070312,153.64999389648438,0
2025-09-24,152.72999572753906,154.4499969482422,152.11000061035156,153.75,0
2025-09-25,153.00999450683594,153.44000244140625,151.61000061035156,152.22999572753906,0
2025-09-26,154.14999389648438,155.16000366210938,153.30999755859375,153.69000244140625,0
2025-09-29,154.00999450683594,154.85000610351562,152.86000061035156,154.7100067138672,0
2025-09-30,152.4499969482422,154.6199951171875,150.30999755859375,154.05999755859375,0
2025-10-01,150.25,152.1699981689453,150.2100067138672,151.97999572753906,0
2025-10-02,149.83999633789062,150.3800048828125,148.75,150.0800018310547,0
2025-10-03,150.7899932861328,151.55999755859375,150.17999267578125,150.27999877929688,0
2025-10-06,150.60000610351562,153.1999969482422,149.1300048828125,151.38999938964844,0
2025-10-07,150.0,151.5500030517578,149.42999267578125,151.10000610351562,0
2025-10-08,148.17999267578125,150.3699951171875,148.05999755859375,150.3699951171875,0
2025-10-09,148.35000610351562,149.38999938964844,147.58999633789062,148.5800018310547,0
2025-10-10,143.22999572753906,149.32000732421875,143.22000122070312,148.75,0
2025-10-13,146.02999877929688,146.4499969482422,144.6999969482422,144.7899932861328,0
2025-10-14,148.67999267578125,150.05999755859375,144.25999450683594,145.1199951171875,0
2025-10-15,149.25999450683594,151.30999755859375,148.36000061035156,149.82000732421875,0
2025-10-16,143.8300018310547,149.6999969482422,142.80999755859375,149.11000061035156,0
2025-10-17,144.6300048828125,145.14999389648438,142.9600067138672,144.85000610351562,0
2025-10-20,147.8000030517578,148.13999938964844,145.3000030517578,145.39999389648438,0
2025-10-21,147.25,148.7100067138672,147.22000122070312,147.6699981689453,0
2025-10-22,146.22000122070312,147.58999633789062,145.44000244140625,147.25,0
2025-10-23,146.80999755859375,147.27999877929688,146.25,146.64999389648438,0
2025-10-24,149.86000061035156,150.39999389648438,147.77000427246094,147.77000427246094,0
2025-10-27,150.1999969482422,151.05999755859375,149.67999267578125,150.33999633789062,0
2025-10-28,149.91000366210938,150.64999389648438,149.17999267578125,150.19000244140625,0
2025-10-29,148.3800048828125,150.4499969482422,147.72000122070312,149.0500030517578,0
2025-10-30,149.27000427246094,151.27000427246094,148.3000030517578,148.3000030517578,0
2025-10-31,149.82000732421875,150.22000122070312,148.22000122070312,148.6199951171875,0
2025-11-03,149.66000366210938,149.74000549316406,147.69000244140625,149.6199951171875,0
2025-11-04,149.4499969482422,150.8000030517578,147.5399932861328,148.58999633789062,0
2025-11-05,150.07000732421875,150.9499969482422,147.75999450683594,149.27000427246094,0
2025-11-06,149.7899932861328,151.0500030517578,148.64999389648438,150.0800018310547,0
2025-11-07,150.74000549316406,150.75,147.6199951171875,149.19000244140625,0
2025-11-10,151.99000549316406,152.7100067138672,150.82000732421875,151.3699951171875,0
2025-11-11,152.24000549316406,153.22999572753906,151.6300048828125,152.27999877929688,0
2025-11-12,154.0399932861328,155.6699981689453,152.64999389648438,152.67999267578125,0
2025-11-13,150.6699981689453,154.1699981689453,150.39999389648438,153.52000427246094,0
2025-11-14,149.63999938964844,150.49000549316406,147.83999633789062,149.77000427246094,0
2025-11-17,145.58999633789062,149.50999450683594,144.97999572753906,149.22999572753906,0
2025-11-18,146.17999267578125,147.5800018310547,144.47000122070312,144.82000732421875,0
2025-11-19,147.63999938964844,147.94000244140625,146.27999877929688,146.27999877929688,0
2025-11-20,145.99000549316406,151.0500030517578,145.94000244140625,148.88999938964844,0
2025-11-21,148.13999938964844,149.0399932861328,145.32000732421875,146.57000732421875,0
2025-11-24,149.42999267578125,149.8800048828125,147.44000244140625,148.36000061035156,0
2025-11-25,151.9600067138672,152.3699951171875,149.32000732421875,150.07000732421875,0
2025-11-26,153.1199951171875,153.97000122070312,152.05999755859375,152.07000732421875,0
2025-11-28,154.13999938964844,154.83999633789062,153.35000610351562,153.4199981689453,0
2025-12-01,153.75999450683594,155.1199951171875,153.33999633789062,153.6300048828125,0
2025-12-02,154.05999755859375,154.85000610351562,153.4600067138672,154.22999572753906,0
2025-12-03,157.6300048828125,157.69000244140625,154.07000732421875,154.14999389648438,0
2025-12-04,158.6999969482422,159.22000122070312,157.77000427246094,157.7899932861328,0
2025-12-05,159.0399932861328,160.02000427246094,158.1300048828125,158.27000427246094,0
2025-12-08,159.44000244140625,160.39999389648438,158.63999938964844,159.19000244140625,0
2025-12-09,159.50999450683594,161.7100067138672,159.1199951171875,159.58999633789062,0
2025-12-10,163.67999267578125,164.22999572753906,159.25,159.6199951171875,0
2025-12-11,165.61000061035156,166.38999938964844,163.47999572753906,163.47999572753906,0
2025-12-12,164.72000122070312,166.19000244140625,164.10000610351562,166.13999938964844,0
2025-12-15,164.89999389648438,166.69000244140625,164.74000549316406,165.60000610351562,0
2025-12-16,163.77000427246094,165.3000030517578,162.89999389648438,165.0500030517578,0
2025-12-17,163.75,165.5500030517578,163.61000061035156,164.33999633789062,0
2025-12-18,163.49000549316406,165.6199951171875,162.8300018310547,164.39999389648438,0
2025-12-19,165.36000061035156,165.77000427246094,163.72999572753906,163.72999572753906,0
2025-12-22,167.41000366210938,167.6699981689453,165.77000427246094,165.77000427246094,0
2025-12-23,167.2899932861328,168.0500030517578,167.22999572753906,167.55999755859375,0
2025-12-24,168.47999572753906,169.08999633789062,167.27999877929688,167.5800018310547,0
2025-12-26,168.33999633789062,168.72000122070312,167.74000549316406,168.52999877929688,0
2025-12-29,166.49000549316406,168.3300018310547,166.3699951171875,168.30999755859375,0
2025-12-30,165.5500030517578,166.82000732421875,165.33999633789062,166.72999572753906,0
2025-12-31,164.17999267578125,165.80999755859375,164.13999938964844,165.75999450683594,0
2026-01-02,167.05999755859375,167.27000427246094,163.55999755859375,164.27000427246094,0
2026-01-05,171.07000732421875,172.61000061035156,167.42999267578125,167.42999267578125,0
2026-01-06,172.6199951171875,172.97999572753906,170.32000732421875,171.05999755859375,0
2026-01-07,169.99000549316406,172.30999755859375,169.47000122070312,172.14999389648438,0
2026-01-08,171.27999877929688,172.52000427246094,169.57000732421875,169.57000732421875,0
2026-01-09,170.61000061035156,172.33999633789062,170.58999633789062,171.39999389648438,0
2026-01-12,168.99000549316406,169.38999938964844,167.69000244140625,169.3699951171875,0
2026-01-13,166.8699951171875,169.6199951171875,166.4600067138672,169.35000610351562,0
2026-01-14,165.7100067138672,166.3699951171875,164.07000732421875,166.3000030517578,0
2026-01-15,168.47000122070312,169.14999389648438,166.1300048828125,166.16000366210938,0
2026-01-16,167.7899932861328,169.72000122070312,167.64999389648438,168.47999572753906,0
2026-01-20,164.94000244140625,167.82000732421875,164.07000732421875,166.11000061035156,0
2026-01-21,167.86000061035156,169.24000549316406,165.8000030517578,165.8000030517578,0
2026-01-22,168.02999877929688,170.82000732421875,167.72999572753906,168.60000610351562,0
2026-01-23,164.27999877929688,166.97999572753906,163.80999755859375,166.8300018310547,0
2026-01-26,165.75,166.27000427246094,164.4199981689453,164.4499969482422,0
2026-01-27,166.44000244140625,166.74000549316406,165.3300018310547,166.0500030517578,0
2026-01-28,165.66000366210938,166.4499969482422,164.4499969482422,166.27000427246094,0
2026-01-29,167.92999267578125,168.24000549316406,165.52000427246094,166.92999267578125,0
2026-01-30,167.6199951171875,168.25,166.16000366210938,167.36000061035156,0
2026-02-02,170.47999572753906,170.64999389648438,166.5800018310547,167.3000030517578,0
2026-02-03,171.8000030517578,173.5399932861328,169.3000030517578,171.07000732421875,0
2026-02-04,173.3000030517578,175.07000732421875,172.36000061035156,172.7100067138672,0
2026-02-05,171.4600067138672,172.97000122070312,169.30999755859375,172.41000366210938,0
2026-02-06,176.1300048828125,176.72999572753906,173.4600067138672,173.47000122070312,0
2026-02-09,176.39999389648438,177.32000732421875,175.0399932861328,175.66000366210938,0
2026-02-10,174.5500030517578,177.72999572753906,171.75999450683594,176.14999389648438,0
2026-02-11,171.41000366210938,176.82000732421875,170.58999633789062,175.5500030517578,0
2026-02-12,165.91000366210938,173.47999572753906,164.5,172.47999572753906,0
2026-02-13,166.38999938964844,167.0,162.7899932861328,164.8699951171875,0
2026-02-17,167.44000244140625,169.27000427246094,166.85000610351562,167.24000549316406,0
2026-02-18,169.6699981689453,170.74000549316406,167.7100067138672,167.85000610351562,0
2026-02-19,167.6199951171875,168.6300048828125,166.0399932861328,168.49000549316406,0
2026-02-20,169.17999267578125,169.2100067138672,165.5800018310547,167.3300018310547,0
2026-02-23,161.72999572753906,169.5399932861328,160.8000030517578,168.64999389648438,0
2026-02-24,161.47999572753906,162.8800048828125,159.11000061035156,160.99000549316406,0
2026-02-25,165.41000366210938,165.57000732421875,162.49000549316406,162.67999267578125,0
2026-02-26,167.3000030517578,168.86000061035156,165.6999969482422,166.27999877929688,0
2026-02-27,159.17999267578125,165.25999450683594,157.25999450683594,165.25,0
2026-03-02,160.0800018310547,161.1999969482422,156.2100067138672,157.36000061035156,0
2026-03-03,158.9600067138672,160.3699951171875,155.02999877929688,157.89999389648438,0
2026-03-04,159.9600067138672,160.32000732421875,158.41000366210938,159.5800018310547,0
2026-03-05,157.36000061035156,159.77000427246094,155.85000610351562,158.8000030517578,0
2026-03-06,153.4600067138672,154.75,150.3000030517578,154.75,0
2026-03-09,152.99000549316406,153.69000244140625,147.77000427246094,151.66000366210938,0
2026-03-10,152.97000122070312,155.75999450683594,151.57000732421875,153.42999267578125,0
2026-03-11,151.9499969482422,152.8800048828125,150.1999969482422,152.5399932861328,0
2026-03-12,148.1999969482422,149.60000610351562,147.61000061035156,149.60000610351562,0
2026-03-13,147.05999755859375,150.07000732421875,146.94000244140625,149.22999572753906,0
2026-03-16,148.19000244140625,150.35000610351562,147.92999267578125,148.47000122070312,0
2026-03-17,149.3699951171875,151.19000244140625,149.14999389648438,149.7100067138672,0
2026-03-18,148.4600067138672,150.60000610351562,148.24000549316406,148.86000061035156,0
2026-03-19,148.80999755859375,149.6999969482422,146.25,147.89999389648438,0
2026-03-20,149.4600067138672,150.27000427246094,148.00999450683594,148.88999938964844,0
2026-03-23,151.50999450683594,154.1699981689453,151.44000244140625,152.07000732421875,0
2026-03-24,153.3699951171875,154.55999755859375,150.08999633789062,150.33999633789062,0
2026-03-25,154.11000061035156,155.9199981689453,152.5399932861328,154.77999877929688,0
2026-03-26,152.3699951171875,154.10000610351562,151.52999877929688,153.32000732421875,0
2026-03-27,148.75999450683594,151.75999450683594,148.2100067138672,151.75999450683594,0
2026-03-30,149.0399932861328,150.57000732421875,148.3000030517578,149.8000030517578,0
2026-03-31,154.30999755859375,154.57000732421875,150.2100067138672,151.24000549316406,0
2026-04-01,156.1999969482422,157.41000366210938,155.1699981689453,155.72999572753906,0
2026-04-02,156.50999450683594,156.80999755859375,152.42999267578125,153.91000366210938,0
2026-04-06,157.97000122070312,157.99000549316406,156.6999969482422,156.9499969482422,0
2026-04-07,158.35000610351562,158.8699951171875,156.85000610351562,157.39999389648438,0
2026-04-08,164.30999755859375,165.5399932861328,161.33999633789062,161.33999633789062,0
2026-04-09,166.5,166.88999938964844,163.77000427246094,163.91000366210938,0
2026-04-10,165.33999633789062,166.39999389648438,164.69000244140625,166.3800048828125,0
2026-04-13,167.13999938964844,167.17999267578125,163.1199951171875,163.99000549316406,0
2026-04-14,166.92999267578125,167.74000549316406,165.41000366210938,166.89999389648438,0
2026-04-15,167.6300048828125,169.00999450683594,166.72999572753906,167.92999267578125,0
