Price,Close,High,Low,Open,Volume
Ticker,XLE,XLE,XLE,XLE,XLE
Date,,,,,
1998-12-22,5.73662805557251,5.767449426077685,5.717364228709984,5.74818559921516,30400
1998-12-23,5.8560614585876465,5.8560614585876465,5.748186642245242,5.7558919862697,135600
1998-12-24,5.825239181518555,5.871471238514734,5.817533838685858,5.871471238514734,24600
1998-12-28,5.794417858123779,5.856060601295309,5.755891143641573,5.856060601295309,27000
1998-12-29,5.852210998535156,5.852210998535156,5.755893699267795,5.809831123491188,44000
1998-12-30,5.7635955810546875,5.848354339599609,5.75974338050847,5.848354339599609,43600
1998-12-31,5.755891799926758,5.755891799926758,5.7250704248267485,5.755891799926758,26000
1999-01-04,5.752041339874268,5.856063042034455,5.740482850415353,5.740482850415353,57200
1999-01-05,5.721219539642334,5.786714506502854,5.713514194094394,5.786714506502854,85400
1999-01-06,5.909998893737793,5.917704237797425,5.748186668485519,5.78671338878368,112800
1999-01-07,5.883030414581299,5.9138517895349825,5.81368232093551,5.909998647368913,145200
1999-01-08,5.909998893737793,6.056400430870802,5.763597356604784,5.917704237797425,842200
1999-01-11,5.798272609710693,5.863767572217764,5.779008776824341,5.856062227181998,70000
1999-01-12,5.709661483764648,5.8175363296117535,5.701956137632712,5.794420291215945,178400
1999-01-13,5.624898910522461,5.717363002202282,5.594077546629187,5.609488228575824,84800
1999-01-14,5.517026424407959,5.64031193109864,5.517026424407959,5.60949055442597,140000
1999-01-15,5.601785182952881,5.60949052708349,5.536290228139586,5.563258462299835,21400
1999-01-19,5.601785182952881,5.624901215344709,5.555553118169225,5.624901215344709,25600
1999-01-20,5.5555548667907715,5.624902985793708,5.551702663809862,5.570965559902535,31600
1999-01-21,5.601785182952881,5.648017247736536,5.547847774038616,5.555553118169225,47800
1999-01-22,5.570962429046631,5.624899824625229,5.563257086821117,5.609489140174201,38600
1999-01-25,5.563259124755859,5.594080504948413,5.51702705446703,5.594080504948413,36400
1999-01-26,5.509321689605713,5.570964449769134,5.4630896194831475,5.570964449769134,51400
1999-01-27,5.409152507781982,5.517027344119515,5.393741816876621,5.517027344119515,74200
1999-01-28,5.378330707550049,5.42456277666939,5.332098638430708,5.42456277666939,61600
1999-01-29,5.378330707550049,5.378330707550049,5.2858665693113664,5.347509328137154,37200
1999-02-01,5.32439661026001,5.393744757137491,5.32439661026001,5.378334057831385,46200
1999-02-02,5.332098007202148,5.37833007084841,5.308981975379018,5.332098007202148,53000
1999-02-03,5.455382347106934,5.486203716299628,5.36291823952885,5.36291823952885,58800
1999-02-04,5.486204147338867,5.501614833145999,5.439972089917473,5.455382775724604,52000
1999-02-05,5.6403117179870605,5.655722405741124,5.470794152692368,5.501615528200493,132000
1999-02-08,5.7173686027526855,5.7173686027526855,5.655725814582845,5.663431163104075,62200
1999-02-09,5.6094889640808105,5.725069093835223,5.6094889640808105,5.725069093835223,128600
1999-02-10,5.624898910522461,5.686541638309008,5.594077546629187,5.6326042514957795,138600
1999-02-11,5.578671455383301,5.601787497325496,5.493912634928582,5.601787497325496,433600
1999-02-12,5.463089942932129,5.57867012508161,5.463089942932129,5.517027361268553,484600
1999-02-16,5.424564361572266,5.53243922103535,5.370626931840723,5.505470976466643,73200
1999-02-17,5.370626449584961,5.447679913711001,5.362921103172357,5.393742488822773,83400
1999-02-18,5.386036396026611,5.416857777405877,5.3089829425784485,5.362920359992162,166000
1999-02-19,5.355213165283203,5.416855906754089,5.3089811091800385,5.409150564070228,260600
1999-02-22,5.409152507781982,5.424563198687344,5.3475097441605355,5.393741816876621,159000
1999-02-23,5.362918853759766,5.447677628747348,5.362918853759766,5.42456159920528,619200
1999-02-24,5.339804649353027,5.447679490754099,5.339804649353027,5.378331378424838,69000
1999-02-25,5.36677360534668,5.401447189762885,5.332099080336542,5.335952223379416,89200
1999-02-26,5.332098007202148,5.424562134494671,5.332098007202148,5.386035414789453,49800
1999-03-01,5.278160572052002,5.347508667159254,5.262749884250391,5.34365646550572,26600
1999-03-02,5.224225997924805,5.308984826799691,5.201109953686199,5.285868782561086,110200
1999-03-03,5.339804649353027,5.362920686796114,5.231929807951956,5.270456537023767,206600
1999-03-04,5.5324387550354,5.563260140857325,5.38603717238126,5.38603717238126,180800
1999-03-05,5.636460781097412,5.6788397116335245,5.578670218755321,5.671134366027509,185400
1999-03-08,5.7173686027526855,5.732779299795146,5.644168262098152,5.667284307661841,215200
1999-03-09,5.655722141265869,5.748186263466401,5.632606110715736,5.655722141265869,158000
1999-03-10,5.979345798492432,5.994756483540093,5.678837440063044,5.678837440063044,3467600
1999-03-11,6.0641069412231445,6.225919197596316,5.9793481402657696,6.164276433263679,1818000
1999-03-12,6.040989398956299,6.179685584136418,5.979346649987357,6.133453522409712,1208600
1999-03-15,5.994757652282715,6.0718110925434186,5.921557354331924,6.056400404491278,1046000
1999-03-16,5.9639387130737305,5.994760101771786,5.917706630026648,5.940822671550189,546600
1999-03-17,6.118044853210449,6.125750199373183,5.979348622281245,5.994759314606712,725600
1999-03-18,6.195096969604492,6.241329036541839,6.148864902667145,6.2259183475627236,665200
1999-03-19,6.13230562210083,6.256034361008287,6.09364039119225,6.248301314826571,520800
1999-03-22,6.170970439910889,6.217368713895181,6.120706115082222,6.186436531238986,330000
1999-03-23,6.062707424163818,6.124571785634878,6.000843062692759,6.124571785634878,275800
1999-03-24,6.031774044036865,6.116837524145078,5.977642738513458,6.093638393206474,122200
1999-03-25,6.047237873077393,6.078170036111036,5.9544413839764605,6.016305710043748,333000
1999-03-26,6.124571800231934,6.155503981041186,6.054974393411116,6.109105709827308,89400
1999-03-29,6.294699192047119,6.356563557570923,6.271500054975692,6.2792331006661675,168800
1999-03-30,6.178700923919678,6.263764390957371,6.163234839003733,6.256031348499398,121600
1999-03-31,6.085906982421875,6.232834851120751,6.085906982421875,6.225101805399758,134000
1999-04-01,6.078172206878662,6.101371337439268,6.012441808944466,6.093638293919065,44000
1999-04-05,6.225101947784424,6.2483010854780305,6.078174075724916,6.078174075724916,116800
1999-04-06,6.16323709487915,6.217368411898165,6.1168388231485675,6.209635366609734,85200
1999-04-07,6.101372241973877,6.163236599306946,6.054973973974076,6.155503554640312,1672800
1999-04-08,6.16323709487915,6.232834502475026,6.105239727203549,6.1284388630688404,1704600
1999-04-09,6.27923059463501,6.310162765051931,6.159368906256904,6.167101948861134,104800
1999-04-12,6.325631618499756,6.372029894430072,6.248301158615895,6.248301158615895,125000
1999-04-13,6.31789493560791,6.368160177584845,6.286962769460503,6.286962769460503,135600
1999-04-14,6.240568161010742,6.348830805687509,6.240568161010742,6.310165575445806,54000
1999-04-15,6.5112223625183105,6.542154535261866,6.279231066941649,6.279231066941649,518800
1999-04-16,6.716148853302002,6.720014903122948,6.526688812699388,6.580820118017985,177000
1999-04-19,6.797348499298096,7.013873821232506,6.789615452086152,6.897878113053357,491000
1999-04-20,6.689084053039551,6.820545820555935,6.623353641268977,6.820545820555935,772800
1999-04-21,6.588551044464111,6.696813620312113,6.52668671540811,6.650415373520112,362400
1999-04-22,6.704549312591553,6.704549312591553,6.495757119465864,6.573087561364267,791800
1999-04-23,6.619483947753906,6.6813482837142235,6.5692196467735755,6.677482234704129,32600
1999-04-26,6.47255802154541,6.573087596551492,6.437759794492407,6.573087596551492,595600
1999-04-27,6.677484035491943,6.6813500855446355,6.542155292095789,6.546022286123589,164800
1999-04-28,6.897875785827637,6.998405365665931,6.712282715356937,6.712282715356937,207400
1999-04-29,7.106672286987305,7.1453375333800535,6.619490182438664,6.634956280995764,480200
1999-04-30,6.986809253692627,7.083471880510939,6.928810922421181,7.021607497275036,1932200
1999-05-03,7.160801410675049,7.160801410675049,6.928810004281688,6.990674379319918,553200
1999-05-04,7.168531894683838,7.207197115259263,7.110534535808256,7.168531894683838,717000
1999-05-05,7.064139366149902,7.160801987951988,6.9674758003722905,7.160801987951988,762000
1999-05-06,7.044802665710449,7.11440005757806,6.936540056138609,7.098933970496369,805000
1999-05-07,7.087335109710693,7.095068153505263,6.955873365203008,6.998404634085605,721400
1999-05-10,7.006138324737549,7.153066170399815,7.006138324737549,7.079602719556262,541400
1999-05-11,7.029336929321289,7.060269105027873,6.990671709688059,7.052536061101228,143200
1999-05-12,6.897875785827637,6.92880796423942,6.74321489376872,6.866943607415854,1063400
1999-05-13,6.932671070098877,7.006134480634768,6.89787191691635,6.9442701585099575,529400
1999-05-14,6.882412433624268,6.944276815050103,6.84374719523312,6.897878528980726,509800
1999-05-17,6.855343818664551,6.874675956227709,6.774146386564087,6.789612474204644,211600
1999-05-18,6.696818828582764,6.805081488629137,6.685219729851251,6.789615394336797,67600
1999-05-19,6.789615154266357,6.828280388630062,6.685219493472082,6.750949919902654,561400
1999-05-20,6.866948127746582,6.890147276826807,6.766418481732274,6.766418481732274,295000
1999-05-21,6.9752044677734375,7.0138696810094325,6.851475785418255,6.897874041301448,430200
1999-05-24,6.808945178985596,7.075734704035487,6.808945178985596,7.006137313503991,620600
1999-05-25,6.781881809234619,6.9752079725537355,6.781881809234619,6.820547041898442,902000
1999-05-26,6.9752044677734375,6.998403595715034,6.836009700123857,6.8746749133598515,129400
1999-05-27,6.766417980194092,7.021608601161412,6.766417980194092,6.92881201171875,153400
1999-05-28,6.836009979248047,6.882408237025748,6.758679549618544,6.781878678507395,215600
1999-06-01,6.797348499298096,6.820547640933925,6.685219786712664,6.820547640933925,843000
1999-06-02,6.874680519104004,6.89014661700975,6.824416172898181,6.824416172898181,64000
1999-06-03,6.897875785827637,6.990672321062986,6.897875785827637,6.952007098048257,86600
1999-06-04,7.006138324737549,7.006138324737549,6.897875701617984,6.967473102194847,45000
1999-06-07,7.087335109710693,7.110534241094403,6.998404634085605,7.013870721674745,364600
1999-06-08,6.9752044677734375,7.0757340221870235,6.9752044677734375,7.052534894245427,339600
1999-06-09,6.990675926208496,7.0448072663450665,6.959743731844742,6.96747678043568,28800
1999-06-10,7.029336929321289,7.060269105027873,6.959739533981475,7.021603885394644,244200
1999-06-11,7.083470821380615,7.114403008373544,7.037072540891223,7.068004727884151,163400
1999-06-14,7.1453328132629395,7.160798901603336,7.0602693273907615,7.114400636582148,542000
1999-06-15,7.234263896942139,7.261329081808993,7.1182682247087685,7.160799499206739,302600
1999-06-16,7.160801410675049,7.26906406699195,7.137602270035713,7.26906406699195,457600
1999-06-17,7.168531894683838,7.191731027029093,7.098934497648073,7.114400585878243,128600
1999-06-18,7.181529998779297,7.243707747686477,7.158213342939105,7.212618873232887,119600
1999-06-21,7.014427185058594,7.165984960938517,6.956135075965264,7.165984960938517,175000
1999-06-22,6.940588474273682,6.983336134103925,6.92504404320028,6.932816258736981,502000
1999-06-23,6.994996070861816,7.026084942287869,6.967793782742552,6.994996070861816,523600
1999-06-24,6.878410339355469,6.948360275009931,6.843435845906599,6.948360275009931,465000
1999-06-25,6.824005126953125,6.8784106347989935,6.8084606961400205,6.8784106347989935,531000
1999-06-28,6.781262397766113,6.843440157522101,6.757945737857618,6.816236913250196,111200
1999-06-29,6.874525547027588,6.878411180660842,6.754055724287312,6.781258954747441,137400
1999-06-30,6.975564956665039,7.018311674100034,6.901728423699701,6.901728423699701,216000
1999-07-01,7.029971599578857,7.0416294521077845,6.956135054786388,6.994996144477931,66400
1999-07-02,7.053284645080566,7.076601286967186,6.987220352023519,7.033853635796757,103200
1999-07-06,7.185414791107178,7.2398203078374115,7.088261608281872,7.088261608281872,97600
1999-07-07,7.165984153747559,7.173756370834052,7.1115786341420995,7.173756370834052,241200
1999-07-08,7.212618350982666,7.267023877337061,7.200960498285267,7.212618350982666,188600
1999-07-09,7.208733081817627,7.235935371995434,7.16598540599333,7.1854164264835925,51400
1999-07-12,7.282565593719482,7.282565593719482,7.212615657387064,7.274793378571435,184400
1999-07-13,7.212618350982666,7.228162787083922,7.165985042678899,7.2203905690332935,92400
1999-07-14,7.224273204803467,7.267019906344858,7.173753340701929,7.224273204803467,37600
1999-07-15,7.290335178375244,7.305879603062611,7.228157479625775,7.27090512189423,66000
1999-07-16,7.243706226348877,7.26702287729206,7.1970729244625105,7.235934009367816,54000
1999-07-19,7.216503620147705,7.235933687357211,7.158211521005361,7.228161470722026,49200
1999-07-20,7.02608060836792,7.1970692957397056,7.02608060836792,7.189297082677352,36800
1999-07-21,7.103803634643555,7.107690216042993,6.963903781882522,6.979448209967081,81000
1999-07-22,6.998882293701172,7.010540145506989,6.890071249314146,6.9716790582259085,107000
1999-07-23,7.0338544845581055,7.076602140886809,7.006652206786232,7.057171129258298,112600
1999-07-26,6.90172815322876,7.072716913781725,6.90172815322876,7.018311399060327,143600
1999-07-27,6.90172815322876,6.979450317116471,6.882298086635274,6.948361451561387,59400
1999-07-28,7.002765655517578,7.026082300319523,6.862865786705906,6.909499076309796,28400
1999-07-29,6.960020065307617,7.018311212293754,6.940589050474333,6.956133482838217,58800
1999-07-30,7.107691764831543,7.150438477000426,7.057171888169986,7.072716319641726,81200
1999-08-02,6.95224666595459,7.0766021037021805,6.95224666595459,7.061057673983732,27000
1999-08-03,7.041626453399658,7.041626453399658,6.963904307114894,7.014424176578325,49000
1999-08-04,7.138777256011963,7.169866104271664,7.029966287103011,7.029966287103011,58200
1999-08-05,7.263138294219971,7.274796147000078,7.173757311625077,7.193188331268047,117200
1999-08-06,7.251478672027588,7.336973061515588,7.235934237575225,7.30588419261086,80800
1999-08-09,7.42635440826416,7.42635440826416,7.294226708760177,7.336973431280008,203400
1999-08-10,7.383602142333984,7.445779844585218,7.305880014519942,7.426349787009928,122800
1999-08-11,7.430237293243408,7.430237293243408,7.278679580154964,7.3602873605664305,211800
1999-08-12,7.4457807540893555,7.504072831448502,7.383603044243098,7.383603044243098,293600
1999-08-13,7.422469615936279,7.438014054922534,7.383608518470645,7.418583980568347,446800
1999-08-16,7.348633766174316,7.387494862376303,7.286456012251138,7.387494862376303,1744000
1999-08-17,7.403035640716553,7.403035640716553,7.329199120059734,7.344743550855194,1101400
1999-08-18,7.348633766174316,7.406924936098681,7.340861546933919,7.344747182175502,1350800
1999-08-19,7.3991522789001465,7.422468935241219,7.313657872316217,7.313657872316217,504800
1999-08-20,7.422469615936279,7.441900639047728,7.371950663609585,7.383608518470645,83200
1999-08-23,7.461327075958252,7.476871507366498,7.406921566029389,7.438010428845883,196800
1999-08-24,7.414694786071777,7.414694786071777,7.356403634773576,7.395264718558019,761400
1999-08-25,7.379721641540527,7.445785021738993,7.301999459685215,7.445785021738993,585600
1999-08-26,7.189303398132324,7.321431136260161,7.181531178242451,7.321431136260161,111200
1999-08-27,7.185414791107178,7.2398203078374115,7.142667125012106,7.212617075093835,77800
1999-08-30,7.088258266448975,7.212613674632291,7.088258266448975,7.212613674632291,207200
1999-08-31,7.185414791107178,7.2398203078374115,7.1038060416333675,7.111578258309115,582400
1999-09-01,7.165984153747559,7.2281618904395115,7.162098519582796,7.185415170842278,141600
1999-09-02,7.088258266448975,7.138778125401682,7.0416249883802315,7.111574905483346,99800
1999-09-03,7.173757076263428,7.197073729815747,7.138782570313481,7.173757076263428,30600
1999-09-07,7.305882930755615,7.313655146639398,7.158210828963747,7.158210828963747,299800
1999-09-08,7.329198837280273,7.38360434296528,7.25924890139955,7.290337761790982,97800
1999-09-09,7.492412567138672,7.535160208653023,7.395260388934666,7.395260388934666,223600
1999-09-10,7.469100475311279,7.5390504277335495,7.438011607568049,7.5390504277335495,134600
1999-09-13,7.352516174316406,7.399149469290929,7.333086109122096,7.399149469290929,322000
1999-09-14,7.270908832550049,7.368061062048838,7.026083544401002,7.026083544401002,452400
1999-09-15,7.165984153747559,7.2592507587854875,7.15043971957457,7.2281618904395115,56400
1999-09-16,7.16209602355957,7.1815260851258556,7.103803941347437,7.1815260851258556,38600
1999-09-17,7.229708671569824,7.237516132338259,7.112596760043315,7.167248985422353,821800
1999-09-20,7.120403289794922,7.237515186008654,7.0930776572079095,7.237515186008654,463600
1999-09-21,6.886181831359863,7.018908692055008,6.823722132209207,6.98767884247968,407000
1999-09-22,6.893988132476807,6.995485126499681,6.890084878467072,6.917410515712855,53800
1999-09-23,6.815912246704102,6.979868898686674,6.815912246704102,6.948639060213804,261200
1999-09-24,6.745645999908447,6.808105685092785,6.585593533153164,6.808105685092785,374400
1999-09-27,6.808107852935791,6.854952631740395,6.761263074131187,6.792492926667589,293000
1999-09-28,6.698803901672363,6.7534561479564035,6.5582695540848315,6.7534561479564035,1388400
1999-09-29,6.788593292236328,6.8861861569327125,6.690999474479971,6.690999474479971,735600
1999-09-30,6.854949951171875,6.870564871333998,6.7690678902802,6.808105190685507,1219200
1999-10-01,6.831528663635254,6.870565970284598,6.808106279645647,6.870565970284598,170200
1999-10-04,6.753454685211182,6.901796464423913,6.741743968645107,6.901796464423913,136400
1999-10-05,6.605112075805664,6.690994147713303,6.527037464980538,6.690994147713303,132400
1999-10-06,6.722225666046143,6.722225666046143,6.6285361097249424,6.651958498805242,138400
1999-10-07,6.597304344177246,6.651956569513626,6.566074501127886,6.651956569513626,441000
1999-10-08,6.523130416870117,6.542648581694291,6.41772927703187,6.542648581694291,730800
1999-10-11,6.620727062225342,6.628534523383626,6.527037528325927,6.527037528325927,368600
1999-10-12,6.65585994720459,6.714415419097423,6.6324375678356455,6.675378120149182,91400
1999-10-13,6.698803901672363,6.745648684201541,6.683188974162637,6.683188974162637,44400
1999-10-14,6.675379276275635,6.737838965410377,6.651956892850106,6.69099419855932,1125600
1999-10-15,6.577788352966309,6.64415131495254,6.527039364630228,6.573884144759153,556200
1999-10-18,6.589499473571777,6.597306937403023,6.488002443765577,6.534847226753055,487000
1999-10-19,6.609017848968506,6.663670089496647,6.609017848968506,6.612921103905082,527600
1999-10-20,6.745645999908447,6.745645999908447,6.624630836393374,6.644149011483899,321400
1999-10-21,6.776876926422119,6.776876926422119,6.7144172312477215,6.761262002628519,48200
1999-10-22,6.890087127685547,6.921316982195035,6.831530673950494,6.847145601205238,598000
1999-10-25,6.776876926422119,6.854951545390116,6.761262002628519,6.839336621596516,109200
1999-10-26,6.620727062225342,6.745646440757896,6.620727062225342,6.7144165961247575,33600
1999-10-27,6.675379276275635,6.702705866801695,6.620727048282735,6.648053638808795,147600
1999-10-28,6.706606864929199,6.780778197357168,6.706606864929199,6.7651632803259005,177600
1999-10-29,6.753454685211182,6.769069609338837,6.68318752663673,6.7300322990196975,197000
1999-11-01,6.749549388885498,6.792489940716829,6.7300302631010425,6.761260101908936,460800
1999-11-02,6.687094688415527,6.74565020323316,6.675383013616147,6.698805410155152,88000
1999-11-03,6.65195894241333,6.690996260150498,6.620729088223596,6.687093004906538,640400
1999-11-04,6.546558856964111,6.679285741242446,6.515329001839798,6.644151677697821,48200
1999-11-05,6.386507034301758,6.581693679604379,6.339662239429129,6.566078747980169,232000
1999-11-08,6.628538131713867,6.632442340947928,6.441158961912769,6.441158961912769,93400
1999-11-09,6.769070148468018,6.772974356340553,6.710514654855266,6.7456477604110345,230600
1999-11-10,6.917411804199219,6.921316011995392,6.8315297163367,6.8315297163367,517400
1999-11-11,6.917411804199219,6.925219266732175,6.874471236797655,6.925219266732175,435200
1999-11-12,6.964254379272461,6.995484219538257,6.82372009807638,6.82372009807638,274200
1999-11-15,7.003292560577393,7.011100021625974,6.9642552553344865,6.991581845534126,53400
1999-11-16,7.120403289794922,7.120403289794922,7.034521232571518,7.073558531309429,156200
1999-11-17,7.245328426361084,7.2921732222211775,7.143831368664215,7.143831368664215,113800
1999-11-18,7.245328426361084,7.284365756244495,7.1867729080658735,7.276558290267813,133000
1999-11-19,7.081368446350098,7.182865458260297,7.081368446350098,7.159443070896405,358800
1999-11-22,6.968159198760986,7.136019128425209,6.968159198760986,7.116500953071795,719800
1999-11-23,6.823719024658203,7.0032905779386825,6.80810410698164,6.995483119100401,718600
1999-11-24,6.909605026245117,6.909605026245117,6.800300539954234,6.815915466567217,47000
1999-11-26,6.808107852935791,6.886182484276797,6.808107852935791,6.854952631740395,14800
1999-11-29,6.753454685211182,6.776877071402665,6.733936506581278,6.772973816900418,59000
1999-11-30,6.741744518280029,6.80810747470328,6.726129592879334,6.749551980980377,28600
1999-12-01,6.874469757080078,6.874469757080078,6.730031254780827,6.730031254780827,43400
1999-12-02,6.808107852935791,6.870567558008596,6.776878000399388,6.870567558008596,107600
1999-12-03,6.776876926422119,6.874470676661772,6.7690694645253195,6.8081067740093175,497000
1999-12-06,6.772974014282227,6.823722042646368,6.73003249515008,6.792492193480939,297200
1999-12-07,6.6441521644592285,6.76126412975522,6.6441521644592285,6.730034272342956,252000
1999-12-08,6.71441650390625,6.71441650390625,6.534844899732013,6.5816896660383355,135800
1999-12-09,6.769070148468018,6.792492536525001,6.690995521611408,6.7534552230966955,98200
1999-12-10,6.573882102966309,6.74564624342386,6.573882102966309,6.74564624342386,98000
1999-12-13,6.612921237945557,6.68318840576316,6.542654070127954,6.573883922491333,89800
1999-12-14,6.597304344177246,6.651956569513626,6.550459579603206,6.566074501127886,1014600
1999-12-15,6.730033874511719,6.808108513427168,6.659766699487815,6.659766699487815,436200
1999-12-16,6.796396255493164,6.839336820645629,6.749551482749016,6.753454737281357,124200
1999-12-17,6.765542507171631,6.828186419275072,6.7028985950681905,6.812525441249212,1911800
1999-12-20,6.616764068603516,6.773373869043836,6.6089335785815,6.734221418933756,1562600
1999-12-21,6.636341094970703,6.718560766273106,6.632425371833707,6.655916843044452,1451600
1999-12-22,6.601101875305176,6.6559152953848155,6.59327138672237,6.616762852470787,1210600
1999-12-23,6.789035797119141,6.789035797119141,6.648086957040543,6.648086957040543,288800
1999-12-27,6.7420525550842285,7.016119732120172,6.7420525550842285,6.8281879535812395,2502400
1999-12-28,6.749883651733398,6.812527583536028,6.6950702114060965,6.6950702114060965,112200
1999-12-29,6.820357322692871,6.8673402663623975,6.7459681398180065,6.773374379023345,94800
1999-12-30,6.765542507171631,6.7968644632233515,6.73422055111991,6.781203485197492,116400
1999-12-31,6.789035797119141,6.828188252696529,6.718561377079841,6.7655443237727075,69600
2000-01-03,6.6559157371521,6.843847475612865,6.608932802536908,6.843847475612865,760600
2000-01-04,6.530628204345703,6.593272119974919,6.483645267623792,6.593272119974919,1444400
2000-01-05,6.7029008865356445,6.702900886535644,6.51496908597857,6.546291052738082,675600
2000-01-06,6.961307525634766,6.976968509944405,6.702901284525714,6.702901284525714,266200
2000-01-07,7.035696506500244,7.117916182488141,6.937814892942237,6.937814892942237,936000
2000-01-10,6.976966857910156,7.035696013100491,6.922153425805362,7.035696013100491,244200
2000-01-11,6.984795093536377,7.031778020174514,6.906490215806149,6.976964605763354,289600
2000-01-12,6.953476428985596,6.976967903407844,6.906493480141098,6.976967903407844,114600
2000-01-13,7.0748467445373535,7.09442248759453,6.945643208053364,7.000456626831689,298400
2000-01-14,7.031778335571289,7.0396088236955325,6.9378124780803585,7.0396088236955325,71400
2000-01-18,7.117915630340576,7.157068081552571,6.984797296219796,6.984797296219796,221000
2000-01-19,7.094423294067383,7.172728186937884,7.086592804780333,7.094423294067383,380600
2000-01-20,7.094423294067383,7.1179147619285335,7.000457422622782,7.1179147619285335,688600
2000-01-21,7.29018497467041,7.325422651731201,7.211880087724435,7.251032531197422,966600
2000-01-24,7.031778335571289,7.360658836789545,7.023947847447045,7.337167372416812,593000
2000-01-25,7.0161237716674805,7.384157049868787,6.969140799982207,7.0474457527909955,115600
2000-01-26,6.906492710113525,7.086593993937347,6.906492710113525,6.969136634921811,93800
2000-01-27,6.765542507171631,6.984796199533675,6.675492361458055,6.929982776443164,3377600
2000-01-28,6.6872382164001465,6.757712623832934,6.640255278111621,6.74988213411818,66200
2000-01-31,6.843845844268799,6.843845844268798,6.54628732930059,6.561948303772601,203200
2000-02-01,6.828187942504883,6.84384892402439,6.7655440164268565,6.84384892402439,228400
2000-02-02,6.871257305145264,6.918240257809948,6.828189120600662,6.843850104822223,58800
2000-02-03,6.789035797119141,6.85951021715844,6.695069903733409,6.85951021715844,193600
2000-02-04,6.5932722091674805,6.765542979478269,6.554119761369574,6.726390531680363,131200
2000-02-07,6.667665481567383,6.69507173001217,6.59327531774298,6.59327531774298,110600
2000-02-08,6.60893440246582,6.781205204425829,6.60893440246582,6.702900294444007,198800
2000-02-09,6.389680862426758,6.546290687486238,6.389680862426758,6.546290687486238,172400
2000-02-10,6.522796154022217,6.624592492560379,6.444491278223631,6.45232176580349,1230000
2000-02-11,6.444493770599365,6.624595054589384,6.342697392691964,6.585442601548076,415600
2000-02-14,6.546289443969727,6.577611403031782,6.413171117955988,6.483645525845614,1046000
2000-02-15,6.820357322692871,6.820357322692871,6.624595057403179,6.671578001072706,601400
2000-02-16,6.851678848266602,6.890831298828124,6.804695907592773,6.804695907592773,247800
2000-02-17,6.843845844268799,6.8869140020018405,6.749879997436732,6.867337305976815,176000
2000-02-18,6.644171714782715,6.812526783803565,6.62459501045726,6.812526783803565,283400
2000-02-22,6.585440635681152,6.671576006659147,6.514966241244613,6.671576006659147,149200
2000-02-23,6.413169860839844,6.530627184298449,6.366186931456402,6.530627184298449,152400
2000-02-24,6.342697620391846,6.3740195839493365,6.248731729719374,6.327036638613101,632000
2000-02-25,6.217409610748291,6.397510896701957,6.186087647973741,6.303545008378305,1325600
2000-02-28,6.405344009399414,6.4758184544906054,6.1704291924287755,6.280056107015073,912200
2000-02-29,6.5541205406188965,6.601103483562401,6.421002202278967,6.421002202278967,160600
2000-03-01,6.718562602996826,6.742054080629683,6.499308811756837,6.518885521052886,1761200
2000-03-02,6.843845844268799,6.867337305976815,6.734219022964721,6.738134744517736,785400
2000-03-03,6.7342209815979,6.828186855759731,6.663746575976527,6.828186855759731,1223400
2000-03-06,6.695069313049316,6.765543726870888,6.648086370501602,6.687238822624697,559600
2000-03-07,7.15706729888916,7.15706729888916,6.679407446337477,6.679407446337477,999000
2000-03-08,7.039614200592041,7.227546059117301,6.95347876543463,6.95347876543463,2178800
2000-03-09,7.0474419593811035,7.055272450447083,6.859510173797608,6.937815084457397,716800
2000-03-10,6.953476428985596,7.188391173208081,6.945645937511512,7.016120360778258,1326200
2000-03-13,6.851678848266602,7.070932571411133,6.820356887817383,6.953475219726562,701200
2000-03-14,6.937814712524414,6.945645203170604,6.765543918308232,6.812526862185372,720800
2000-03-15,6.906492710113525,6.95347565371974,6.80469633230006,6.863425489743046,839000
2000-03-16,7.2040486335754395,7.21187912122063,6.702897424283234,6.859507177187049,1132600
2000-03-17,6.984631061553955,7.196762713592152,6.980703177163934,7.196762713592152,299600
2000-03-20,6.874633312225342,7.016054340362548,6.8432064170837394,7.016054340362548,475000
2000-03-21,7.0946245193481445,7.094624519348144,6.536796899332952,6.536796899332952,353000
2000-03-22,7.039628028869629,7.1260520336883415,7.008201118026461,7.07891166742359,83800
2000-03-23,7.031767845153809,7.118191807496482,6.95320060666047,6.992484225907139,83000
2000-03-24,7.047483444213867,7.133907432938898,7.023913265470677,7.086767075452517,322800
2000-03-27,7.071053981781006,7.149621248245239,6.937489628791809,7.023913621902466,438200
2000-03-28,7.039628028869629,7.1260520336883415,6.992487662604877,7.086768395134381,138600
2000-03-29,7.408891677856445,7.432461852865533,7.008198702701962,7.008198702701962,465600
2000-03-30,7.408891677856445,7.597453077929145,7.346037877832213,7.471745477880678,355800
2000-03-31,7.369606971740723,7.5385270140621925,7.369606971740723,7.385320419441663,1255800
2000-04-03,7.4953179359436035,7.4953179359436035,7.3892525956319295,7.416750661981931,281400
2000-04-04,7.401037693023682,7.58174243499772,7.275330046433045,7.542458795438146,829200
2000-04-05,7.181046962738037,7.4324621736872905,7.181046962738037,7.412820839868339,102600
2000-04-06,7.369606971740723,7.385320419441663,7.212472494731326,7.212472494731326,76000
2000-04-07,7.255687236785889,7.385322741542401,7.243901667768185,7.369609288900822,510800
2000-04-10,7.149620532989502,7.239973359920914,7.122122472014494,7.2124743398729265,54000
2000-04-11,7.275325775146484,7.3303228382415435,7.149618202357776,7.149618202357776,975800
2000-04-12,7.338180065155029,7.432460751216977,7.279255115902678,7.306753169801046,484400
2000-04-13,7.322470664978027,7.385324490428483,7.294972595880086,7.353897577703256,881600
2000-04-14,7.1653313636779785,7.385319607299671,7.094620856799578,7.322465823407759,3698200
2000-04-17,6.992488384246826,7.1417662261577135,6.917849942828036,7.102482583549586,432200
2000-04-18,7.027839183807373,7.0514093527428825,6.945343112996776,6.945343112996776,159200
2000-04-19,7.181046962738037,7.192832530287743,7.039625906579083,7.039625906579083,755600
2000-04-20,7.1928300857543945,7.232113699114406,7.118190740834077,7.181044522210096,471200
2000-04-24,7.27139949798584,7.291040831033002,7.153548622484229,7.243900480832357,44000
2000-04-25,7.2831830978393555,7.365679178807567,7.271398491456895,7.271398491456895,861600
2000-04-26,7.377464294433594,7.393177743410023,7.267470151598588,7.306753774039661,859000
2000-04-27,7.479601860046387,7.487458584689293,7.294969310474515,7.322467367188269,55000
2000-04-28,7.259614944458008,7.463889823847519,7.259614944458008,7.463889823847519,106000
2000-05-01,7.377464294433594,7.432461365851097,7.298897049551447,7.338180671992521,69400
2000-05-02,7.4835309982299805,7.542455955848613,7.377464731814424,7.377464731814424,296000
2000-05-03,7.291045665740967,7.479607191579095,7.291045665740967,7.479607191579095,158200
2000-05-04,7.479601860046387,7.491387426547162,7.338180816474081,7.338180816474081,88000
2000-05-05,7.558172225952148,7.56995779731717,7.448178035553676,7.479604947096097,71200
2000-05-08,7.652449131011963,7.691732750781019,7.511028099843364,7.511028099843364,166000
2000-05-09,7.656381130218506,7.738876286220323,7.5895984695318095,7.731019559026191,244800
2000-05-10,7.67995023727417,7.723161751259463,7.597454133741507,7.652451216405613,707400
2000-05-11,7.9195780754089355,7.93136364136707,7.715303244098785,7.715303244098785,261600
2000-05-12,7.94707727432251,7.951005157017832,7.876366754151402,7.888151361310181,90200
2000-05-15,8.112067222595215,8.123852308148622,7.919577491889566,7.966717834103195,2556600
2000-05-16,7.954935073852539,8.076713839957451,7.88815242735144,8.04528693785645,1860800
2000-05-17,7.994215488433838,7.998143370081294,7.884221375289302,7.998143370081294,91200
2000-05-18,7.982430934906006,8.041356839650804,7.88815025457247,7.982430934906006,1779400
2000-05-19,7.998147964477539,8.041360441857536,7.892082631125637,7.927437422551902,142800
2000-05-22,7.931369781494141,8.025650545856191,7.9313697814941415,7.935297667139128,216800
2000-05-23,7.89993953704834,7.9824346916280104,7.848870331630298,7.919580875158498,280600
2000-05-24,7.9077911376953125,7.947074747522232,7.809581633591759,7.8881488532456,129600
2000-05-25,7.762446880340576,7.919581432574191,7.6917363318354495,7.919581432574191,663600
2000-05-26,7.766373157501221,7.884224032735891,7.766373157501221,7.778157765488249,69200
2000-05-30,7.876365661621094,7.919577160639834,7.793869586661424,7.817439756782376,124800
2000-05-31,8.112067222595215,8.123852308148622,7.872437149675938,7.872437149675938,229400
2000-06-01,8.037431716918945,8.08457207889501,7.888153903994741,8.08457207889501,82600
2000-06-02,7.762446880340576,8.02171889152604,7.715306514670492,8.01386216391436,99200
2000-06-05,7.652449131011963,7.793870162180562,7.636735683104341,7.715302922642452,2246600
2000-06-06,7.951003551483154,7.951003551483154,7.691731696543486,7.691731696543486,131400
2000-06-07,7.848865985870361,7.947075499263896,7.801725649618888,7.919576490247572,75800
2000-06-08,7.88815450668335,7.919581417068542,7.809587230720369,7.833157413509263,149000
2000-06-09,7.837082386016846,7.896007334348761,7.793869926043753,7.884222728311466,259600
2000-06-12,8.0138578414917,8.06099818173577,7.825296480515425,7.825296480515425,515000
2000-06-13,8.0138578414917,8.076711628483793,7.990287671369666,8.029571288239723,714200
2000-06-14,8.002076148986816,8.170995283483865,7.903866591523815,8.061001116206198,432400
2000-06-15,7.88815450668335,8.045289058609313,7.8370862568440085,8.037432331013015,502800
2000-06-16,8.021036148071289,8.131562236725815,7.926299500653124,7.926299500653124,957000
2000-06-19,7.953930854797363,8.099982692445048,7.894719973143321,8.0368249326599,469400
2000-06-20,7.910505771636963,7.9499793533317575,7.756559284882506,7.92629520431488,180800
2000-06-21,8.05261516571045,8.076299327962538,7.847352426192339,7.863141867693732,321400
2000-06-22,7.8394575119018555,8.115772731354589,7.8394575119018555,8.088141209409317,188600
2000-06-23,7.938142776489258,8.02103686857071,7.894721327333374,7.894721327333374,158000
2000-06-26,7.874987602233887,8.005250065226539,7.831566138762058,8.005250065226539,89000
2000-06-27,7.8197221755981445,7.886826826904431,7.736827117483826,7.886826826904431,29200
2000-06-28,7.752615451812744,7.799983774328911,7.689457688457854,7.772352734716641,180200
2000-06-29,7.768405914306641,7.831563685967669,7.721037585560868,7.736827028476125,1088800
2000-06-30,7.665775299072266,7.784196132734556,7.602617521119044,7.728933077025488,255200
2000-07-03,7.713143825531006,7.740775835932539,7.626301878672418,7.626301878672418,108000
2000-07-05,7.393405437469482,7.606562868117191,7.389457595787225,7.578930867474077,2064800
2000-07-06,7.468408584594727,7.610513610517248,7.4684085845947275,7.499987479244177,435600
2000-07-07,7.503932952880859,7.555248158623073,7.484195668103107,7.531563995116418,1044000
2000-07-10,7.539459705352783,7.606565325947129,7.499986094329993,7.499986094329993,346600
2000-07-11,7.80787992477417,7.827617211292984,7.578932990680691,7.578932990680691,142200
2000-07-12,7.705246925354004,7.84340501089155,7.705246925354003,7.8315624487204625,308600
2000-07-13,7.586824417114258,7.6657716014754875,7.547350824933642,7.634192727730995,137800
2000-07-14,7.578930854797363,7.626299172639846,7.499983658393224,7.626299172639846,423400
2000-07-17,7.480250358581543,7.626302248989151,7.480250358581542,7.594723357688989,456000
2000-07-18,7.5473527908325195,7.626299995757545,7.484195026892498,7.484195026892498,202000
2000-07-19,7.527618408203125,7.602617790322647,7.492091674990854,7.578933622751548,114400
2000-07-20,7.452616214752197,7.563142302682843,7.452616214752196,7.515773979283995,371200
2000-07-21,7.310511112213135,7.4763002411078165,7.302616391789578,7.46840552068426,75000
2000-07-24,7.23551082611084,7.389457372856586,7.1920893874704594,7.389457372856586,232600
2000-07-25,7.168403625488281,7.326297978472605,7.1447194725406336,7.25524551962966,975400
2000-07-26,7.227616786956787,7.271037265973026,7.1841953442295905,7.239458385339049,70000
2000-07-27,7.47629976272583,7.492089202562632,7.203932407396456,7.203932407396456,312400
2000-07-28,7.421036720275879,7.531562799088498,7.421036720275878,7.484194479597376,59000
2000-07-31,7.37367057800293,7.515775578435536,7.365775855756675,7.484196689450512,534400
2000-08-01,7.51182746887207,7.539458510352915,7.436827137960677,7.436827137960677,147800
2000-08-02,7.653928756713867,7.681559784876113,7.571033744805953,7.578928461953821,211600
2000-08-03,7.5473527908325195,7.736826082652582,7.5473527908325195,7.705247200682572,88200
2000-08-04,7.578930854797363,7.626299172639846,7.49208893875281,7.547351976235707,60000
2000-08-07,7.677618503570557,7.728933720574702,7.586828708347587,7.586828708347587,69200
2000-08-08,7.693403244018555,7.721034275418792,7.6578765308345895,7.67366596698064,59600
2000-08-09,7.83156156539917,8.021034829078182,7.736824933559664,7.768403810839499,97800
2000-08-10,7.902614116668701,7.926298274860515,7.839456361490529,7.839456361490529,108000
2000-08-11,7.894720554351807,7.957878318786621,7.835510632049671,7.957878318786621,316800
2000-08-14,8.00524616241455,8.044719762820934,7.894720081276677,7.910509521439231,346200
2000-08-15,7.973669528961182,8.107879808161517,7.973669528961181,8.00524841818479,537800
2000-08-16,8.084198951721191,8.115777853876352,7.973672794178128,7.989462245255709,85000
2000-08-17,8.273666381835938,8.305245261155923,8.178929743875985,8.178929743875985,452400
2000-08-18,8.17893123626709,8.289457334054484,8.147352351184978,8.289457334054484,1437600
2000-08-21,8.210511207580566,8.210511207580566,8.147353429060715,8.194721762950604,156400
2000-08-22,8.186827659606934,8.27366961163748,8.171038213783199,8.210511828342536,1300000
2000-08-23,8.399984359741211,8.431563248311667,8.273668805459389,8.273668805459389,406400
2000-08-24,8.218406677246094,8.431564199134321,8.194722508147402,8.431564199134321,478200
2000-08-25,8.242085456848145,8.242085456848145,8.131559406660527,8.226296021107057,523600
2000-08-28,8.273666381835938,8.352613580135898,8.163140304215991,8.18682446370598,221600
2000-08-29,8.281564712524414,8.317090967249257,8.226301649619103,8.273669989252227,213000
2000-08-30,8.210511207580566,8.281563708415398,8.131563984430754,8.24209009684049,331600
2000-08-31,8.17893123626709,8.242089006431314,8.151299711820242,8.210510121349202,157000
2000-09-01,8.261825561523438,8.321035969274442,8.15524682757163,8.15524682757163,205400
2000-09-05,8.261825561523438,8.368404295475244,8.2105098748059,8.305246527207506,1445000
2000-09-06,8.443406105041504,8.455248189340299,8.305248454888885,8.305248454888885,456000
2000-09-07,8.4039306640625,8.447351630386919,8.384193861187764,8.415772745787342,208800
2000-09-08,8.305248260498047,8.399984932671028,8.249985201730475,8.384195487308864,1784400
2000-09-11,8.569716453552246,8.589453248700917,8.305243398560076,8.305243398560076,1640600
2000-09-12,8.557877540588379,8.621035308415598,8.447351446890742,8.605245866458795,1106200
2000-09-13,8.415773391723633,8.5736678268404,8.407878669967795,8.5736678268404,219600
2000-09-14,8.39208984375,8.447352900105832,8.34077414856244,8.415774010759643,834600
2000-09-15,8.610734939575195,8.705881182001441,8.49973099007791,8.49973099007791,1525600
2000-09-18,8.626591682434082,8.745524472173523,8.626591682434082,8.721737914225635,411000
2000-09-19,8.39665412902832,8.642448536960217,8.380796425290779,8.642448536960217,7629000
2000-09-20,8.230148315429688,8.511622559358159,8.230148315429688,8.483871577562395,2858400
2000-09-21,8.166717529296875,8.222219493088215,8.123108843460825,8.19843293717764,9151200
2000-09-22,8.115179061889648,8.468012429166274,8.023996796176283,8.12310742854012,2939000
2000-09-25,7.99228048324585,8.087426679474968,7.865418888273694,8.087426679474968,1014400
2000-09-26,8.182574272155762,8.198431974233584,8.03985495345537,8.03985495345537,930600
2000-09-27,8.337191581726074,8.35701372053189,8.135005765906755,8.198436610085365,166400
2000-09-28,8.305472373962402,8.3728676151831,8.246005984650024,8.353045485412308,645200
2000-09-29,8.313398361206055,8.436295523436568,8.313398361206055,8.372864730027272,254400
2000-10-02,8.48387336730957,8.495766647731033,8.357011709480643,8.357011709480643,629000
2000-10-03,8.47990894317627,8.495766650409886,8.420442541050209,8.464051235942653,184400
2000-10-04,8.230148315429688,8.452156169795806,8.230148315429688,8.452156169795806,303600
2000-10-05,8.218256950378418,8.495766832928581,8.119146278039073,8.226185804165565,4559600
2000-10-06,8.182574272155762,8.372866697089616,8.135001165922299,8.277720484622689,1080000
2000-10-09,8.309438705444336,8.34908297407718,8.214292460725508,8.214292460725508,2751600
2000-10-10,8.495762825012207,8.579015750502293,8.357007949195395,8.357007949195395,2462800
2000-10-11,8.575053215026855,8.705879269625045,8.507657974779303,8.54730223374845,797800
2000-10-12,8.705880165100098,8.777239838584524,8.62659163900629,8.62659163900629,4065600
2000-10-13,8.372869491577148,8.816885297948664,8.341154076836325,8.705881346355785,608200
2000-10-16,8.293577194213867,8.360972419979468,8.26582621889862,8.345114719799327,656200
2000-10-17,8.297541618347168,8.436296494908158,8.297541618347168,8.372865694194562,1022800
2000-10-18,8.186540603637695,8.372868646432353,8.182576177195255,8.341153234892838,2834400
2000-10-19,8.226183891296387,8.325294540589114,8.135002093947078,8.198432909494423,1954800
2000-10-20,8.388726234436035,8.388726234436035,8.166718356776103,8.166718356776103,977200
2000-10-23,8.253936767578125,8.404584989080512,8.23807906005156,8.404584989080512,411000
2000-10-24,8.115179061889648,8.277720015027707,8.10725021130054,8.261862313849493,160600
2000-10-25,7.916958808898926,8.150859447229962,7.897136195954321,8.150859447229962,794400
2000-10-26,7.952638149261475,8.05571321998969,7.9129938912890845,8.023997813611777,901800
2000-10-27,7.8971357345581055,8.039855055062167,7.83370492544519,8.039855055062167,684400
2000-10-30,8.031928062438965,8.055714621360305,7.865422149989589,7.944710679727387,753200
2000-10-31,8.087432861328125,8.123112712186925,7.968500025132123,8.103290572820924,926600
2000-11-01,8.349087715148926,8.349087715148926,8.150866259423642,8.150866259423642,4240200
2000-11-02,8.05571460723877,8.305473475475011,8.023999195399247,8.305473475475011,236000
2000-11-03,8.024002075195312,8.11518440089785,7.976428940362139,8.055717498417428,683600
2000-11-06,8.05571460723877,8.107252635416772,7.928852959880679,8.023999195399247,1016200
2000-11-07,8.119147300720215,8.21429355815053,8.087431881576777,8.087431881576777,485200
2000-11-08,8.198431015014648,8.23014641545958,8.14292906423602,8.150857914347252,120400
2000-11-09,8.111220359802246,8.261868636279512,8.051754418816016,8.234117637981068,608200
2000-11-10,8.135004997253418,8.257902246237267,7.960570192244085,8.214293544984933,670400
2000-11-13,8.071572303771973,8.242042642211164,7.99624868467948,8.186540671556545,100000
2000-11-14,8.119147300720215,8.190506993792951,8.00814333371818,8.00814333371818,96400
2000-11-15,8.27772331237793,8.309438727367883,8.17464821366058,8.17464821366058,142600
2000-11-16,8.309438705444336,8.35701182780375,8.249972302495069,8.261865583084923,310800
2000-11-17,8.242044448852539,8.301510859017421,8.206364602753611,8.246008876196864,341200
2000-11-20,8.202399253845215,8.341154195307071,8.202399253845215,8.261865657328867,435200
2000-11-21,8.388726234436035,8.388726234436035,8.214291473417518,8.214291473417518,635200
2000-11-22,8.253936767578125,8.341154158974245,8.230150206288275,8.341154158974245,485200
2000-11-24,8.372869491577148,8.372869491577148,8.27772324735468,8.313403088938106,100000
2000-11-27,8.305472373962402,8.3728676151831,8.269792540374976,8.325294503733197,91800
2000-11-28,8.297541618347168,8.404581094551359,8.293577193302568,8.337185868793165,99800
2000-11-29,7.932820796966553,8.33322753522439,7.920927029199968,8.33322753522439,1523600
2000-11-30,7.663234233856201,7.9764233341097714,7.58790967270681,7.9764233341097714,2520000
2000-12-01,7.833705425262451,7.897136238422471,7.659270689072397,7.675128392362401,619200
2000-12-04,7.968496322631836,8.008140582943437,7.865421245821672,7.8971366540709536,402600
2000-12-05,7.801990985870361,8.039856564707874,7.801990985870362,7.944710333172869,333400
2000-12-06,7.738559722900391,7.833705949001625,7.643413496799156,7.8019905403012135,1018400
2000-12-07,7.865425109863281,7.893176589653575,7.805959174120817,7.865425109863281,446800
2000-12-08,7.861457347869873,7.865421289984565,7.6909865436341,7.786132768916172,97200
2000-12-11,7.885241508483887,7.928849697883668,7.786130403321762,7.817845802113296,124800
2000-12-12,7.9764251708984375,7.976425170898438,7.88920779825442,7.897136650312967,249800
2000-12-13,7.99228048324585,8.071568980103448,7.9447073851312915,8.03985358136041,388400
2000-12-14,7.746488571166992,7.980390194153243,7.726666924677967,7.97642528412896,113200
2000-12-15,7.837243556976318,7.904839790118041,7.761693797942865,7.761693797942865,1258200
2000-12-18,8.079795837402344,8.107630265141035,7.8730294084924415,7.8730294084924415,408600
2000-12-19,8.218968391418457,8.246802343397135,8.063893516108674,8.063893516108674,516800
2000-12-20,7.976411819458008,8.119557794283775,7.968459265301021,8.047984806870891,381800
2000-12-21,8.036057472229004,8.083772803175131,8.004247251598253,8.04798581958009,659800
2000-12-22,8.143418312072754,8.143418312072754,8.020154164804865,8.063892742618918,116800
2000-12-26,8.485376358032227,8.48935263561331,8.159321596383379,8.159321596383379,1934200
2000-12-27,8.477423667907715,8.548996663227761,8.401874395069889,8.541044108192201,582400
2000-12-28,8.616594314575195,8.624546870472358,8.469472030477695,8.541045033552155,135000
2000-12-29,8.445613861083984,8.636475191277974,8.437661305659235,8.60864124729135,370800
2001-01-02,8.465494155883789,8.680213124609821,8.465494155883789,8.588758749041327,797000
2001-01-03,8.207035064697266,8.541042305702387,8.207035064697266,8.541042305702387,1038200
2001-01-04,7.9525556564331055,8.207037437438965,7.904840322494508,8.111606769561767,773000
2001-01-05,8.123537063598633,8.191133309407235,7.952556611074986,7.952556611074986,849200
2001-01-08,8.095702171325684,8.222943069892688,8.063891946683933,8.222943069892688,743200
2001-01-09,7.93267297744751,8.143415169796123,7.908815315817248,8.143415169796123,264000
2001-01-10,7.984367847442627,8.00822552029355,7.9127948288898535,7.984367847442626,255200
2001-01-11,8.071846961975098,8.143419989224139,8.000273934726058,8.000273934726058,97200
2001-01-12,8.020153045654297,8.091726048175289,7.9684609473369825,7.984366059008314,60200
2001-01-16,8.016173362731934,8.11160399800255,7.968458045096624,8.095698892124116,66800
2001-01-17,7.976411819458008,8.111605240126789,7.904838832045125,8.111605240126789,191400
2001-01-18,7.8253173828125,7.952558315866361,7.761696916285568,7.904842965971163,744000
2001-01-19,7.7895283699035645,7.841219493756874,7.682168388406836,7.713978609476844,643800
2001-01-22,7.873030185699463,7.888935297185724,7.789528835782072,7.84121996272694,78800
2001-01-23,7.99629545211792,8.012200563936384,7.865077794230105,7.904840573776264,123400
2001-01-24,7.988347053527832,8.063895888597386,7.96846516802227,8.063895888597386,94600
2001-01-25,8.226921081542969,8.250778755051552,8.063893645900986,8.063893645900986,225600
2001-01-26,8.087750434875488,8.314398308419197,8.079797877909042,8.254754131170852,344400
2001-01-29,8.02126407623291,8.117966918015549,8.02126407623291,8.117966918015549,126400
2001-01-30,8.089975357055664,8.11033387837399,7.962734477469778,8.084885605379725,469600
2001-01-31,8.176498413085938,8.19431205686495,8.092518974609922,8.143415515737436,198000
2001-02-01,8.072161674499512,8.176499648109235,8.028899753622223,8.176499648109235,692200
2001-02-02,8.207035064697266,8.222304316620656,8.125600995980527,8.128145871301093,353000
2001-02-05,8.372451782226562,8.39535518353317,8.270658671803638,8.270658671803638,408600
2001-02-06,8.42589282989502,8.44625086976232,8.270658771476251,8.380086026729774,145000
2001-02-07,8.448798179626465,8.517508400217737,8.349550406807275,8.433528918126864,206200
2001-02-08,8.494601249694824,8.540408043234809,8.441159343384271,8.47169785292483,78400
2001-02-09,8.632023811340332,8.66256233203137,8.512418002999663,8.512418002999663,483000
2001-02-12,8.51750373840332,8.59384806257385,8.512413987355853,8.55058566405574,591000
2001-02-13,8.4996919631958,8.53277389611901,8.448795412305756,8.4996919631958,2027800
2001-02-14,8.438614845275879,8.553131827664306,8.430980703373598,8.517504537759205,167200
2001-02-15,8.32918930053711,8.347002949095778,8.245210810299254,8.296106394311996,1109200
2001-02-16,8.402985572814941,8.464060635165147,8.334275399592999,8.425888963888921,114600
2001-02-20,8.354640007019043,8.47424582220049,8.354640007019043,8.410625356612242,749800
2001-02-21,8.298648834228516,8.451337474050968,8.298648834228516,8.392806796426672,189800
2001-02-22,8.2579345703125,8.36990621237606,8.207038016366873,8.33427891584543,420000
2001-02-23,8.153596878051758,8.255389012756034,8.067073029629075,8.235030974123578,682600
2001-02-26,8.24266529083252,8.2528447957486,8.130693649068698,8.130693649068698,681200
2001-02-27,8.19176959991455,8.316466121344064,8.18159106469732,8.2706593151676,81000
2001-02-28,8.077249526977539,8.227394262135178,8.077249526977539,8.227394262135178,47000
2001-03-01,8.168867111206055,8.199405632589432,8.105247133199812,8.105247133199812,328200
2001-03-02,8.354640007019043,8.364818543727,8.229943467326718,8.245212728545553,157600
2001-03-05,8.40044116973877,8.443703567040886,8.306283204934008,8.306283204934008,3215800
2001-03-06,8.443710327148438,8.497151298273952,8.420806915127288,8.423351307231194,191800
2001-03-07,8.624387741088867,8.629477493401046,8.499692207138976,8.499692207138976,466800
2001-03-08,8.71091365814209,8.71091365814209,8.565859080485595,8.649838557429472,305600
2001-03-09,8.670196533203125,8.741451140403186,8.60148631735826,8.73890674904799,479000
2001-03-12,8.38262939453125,8.560766832790058,8.382629394531252,8.537863434002912,2822400
2001-03-13,8.283380508422852,8.334277050979944,8.199402038358835,8.296104401369425,304800
2001-03-14,8.158684730529785,8.268111953664075,8.117967206590064,8.117967206590064,218200
2001-03-15,8.163775444030762,8.265567567030333,8.117968163525699,8.219760771910714,159400
2001-03-16,8.027727127075195,8.178326812767082,8.022621937458394,8.178326812767082,446000
2001-03-19,8.129823684692383,8.203846942996652,8.053247346229558,8.053247346229558,482600
2001-03-20,8.201297760009766,8.280425746265154,8.157904145279119,8.157904145279119,976600
2001-03-21,7.966463088989258,8.18342919145854,7.953700606188718,8.18342919145854,701600
2001-03-22,7.731634140014648,7.8898911477282265,7.517221011554267,7.8898911477282265,533200
2001-03-23,7.792890548706055,7.846493557019766,7.72907716536641,7.739287053534865,880000
2001-03-26,7.894992828369141,7.95114843729389,7.854152296995224,7.95114843729389,105800
2001-03-27,7.938382625579834,7.989433024965167,7.861806296215836,7.938382625579835,199000
2001-03-28,7.823522090911865,7.8873354855960685,7.741841023613294,7.8873354855960685,276200
2001-03-29,7.6576128005981445,7.718873644579981,7.616772237943588,7.670375293855978,214400
2001-03-30,7.836285591125488,7.887336018205603,7.775024299657193,7.820970024829616,226200
2001-04-02,7.690788745880127,7.849046150779806,7.6269753625404535,7.785232767440133,212800
2001-04-03,7.4789323806762695,7.657610145480579,7.415118962797264,7.6525049552044,2459000
2001-04-04,7.611662864685059,7.6601611887681305,7.507008919513658,7.535086973486644,328000
2001-04-05,7.810760021209717,7.836285477809463,7.6576077684688215,7.695895709939648,423800
2001-04-06,7.820969581604004,7.833732552793935,7.6856854949937246,7.711210463658447,139600
2001-04-09,8.004751205444336,8.01751368775754,7.887334323361381,7.887334323361381,177800
2001-04-10,8.142589569091797,8.201298265852364,8.060908496729818,8.10685422164783,484000
2001-04-11,7.997095584869385,8.101749526060606,7.997095584869385,8.066014176441445,132400
2001-04-12,8.081329345703125,8.127275073923698,8.014963347924258,8.104302209813412,430800
2001-04-16,8.239585876464844,8.242138957739181,8.155352695000664,8.155352695000664,264600
2001-04-17,8.28298282623291,8.326375488197751,8.17067057415337,8.254904763213025,99400
2001-04-18,8.239585876464844,8.346792894537227,8.183430746727126,8.24469106529831,157800
2001-04-19,8.096644401550293,8.208956127208397,8.060909051646288,8.208956127208397,127600
2001-04-20,8.183431625366211,8.226824274536849,8.14769578655266,8.183431625366211,285000
2001-04-23,8.400396347045898,8.410606725235882,8.295742404886706,8.295742404886706,181400
2001-04-24,8.4157133102417,8.512708997989408,8.377424872536002,8.479526723940918,965800
2001-04-25,8.535682678222656,8.571419011216248,8.420819301604693,8.423371409960764,529800
2001-04-26,8.704147338867188,8.722015012905006,8.59694129464027,8.59694129464027,1502200
2001-04-27,8.64543628692627,8.696487184707726,8.61480613774335,8.688829890840719,224000
2001-04-30,8.64543628692627,8.739880788622175,8.599490576294448,8.64798936735853,366400
2001-05-01,8.589285850524902,8.637783694269592,8.533129735030217,8.571418172633942,470400
2001-05-02,8.254900932312012,8.379975616706728,8.234480178241386,8.357002755234848,838000
2001-05-03,8.21406078338623,8.219165972143482,8.119616738807453,8.168115058286155,270400
2001-05-04,8.344237327575684,8.38252574556324,8.224268833730182,8.231926127841726,1273000
2001-05-07,8.367212295532227,8.423368396430616,8.282979117899805,8.418263207829384,325200
2001-05-08,8.35955810546875,8.37232059485613,8.270219706041553,8.298296793207582,267800
2001-05-09,8.50760269165039,8.50760269165039,8.367212437030275,8.367212437030275,178800
2001-05-10,8.446340560913086,8.522916436178813,8.423367700961858,8.49483838804786,3399600
2001-05-11,8.364664077758789,8.43613480398046,8.33403390562316,8.43613480398046,65200
2001-05-14,8.494837760925293,8.533126182589095,8.415709784268785,8.420814972071625,165000
2001-05-15,8.571414947509766,8.602045101838439,8.525469229159233,8.596939913831152,275400
2001-05-16,8.642889022827148,8.676072271034931,8.602048476461967,8.617363072776765,795400
2001-05-17,8.670964241027832,8.678621536677241,8.576519717347933,8.63778100368854,137400
2001-05-18,8.852191925048828,8.859849218864175,8.74753802347458,8.755195317289928,1072600
2001-05-21,8.83177375793457,8.908350613329425,8.780723819291554,8.908350613329425,1178200
2001-05-22,8.74243450164795,8.819010375532509,8.704146077848137,8.816458268346219,305000
2001-05-23,8.60970401763916,8.704147579263925,8.55610099404526,8.65309763701177,4020000
2001-05-24,8.594388961791992,8.596942043285557,8.499945394551228,8.550996313554311,808400
2001-05-25,8.520362854003906,8.60204390330972,8.515257666707928,8.60204390330972,156800
2001-05-29,8.50760269165039,8.653097161242894,8.50760269165039,8.59183587070728,1769200
2001-05-30,8.474421501159668,8.545892212636899,8.454000741471651,8.530576642870885,698600
2001-05-31,8.563758850097656,8.568864039399433,8.438685120207673,8.520366201605503,226800
2001-06-01,8.525469779968262,8.563757231923994,8.459103305300811,8.55099474793875,2102200
2001-06-04,8.640334129333496,8.673517370583703,8.630124725169395,8.640334129333498,348000
2001-06-05,8.665857315063477,8.686277090605817,8.584176265464276,8.640331378491902,728400
2001-06-06,8.446340560913086,8.550994484309765,8.423367700961858,8.550994484309765,304200
2001-06-07,8.346793174743652,8.446341926050138,8.341687985738801,8.431026359035586,719800
2001-06-08,8.369762420654297,8.402944674270238,8.277871005716692,8.372314527195977,105400
2001-06-11,8.392740249633789,8.47697344745044,8.392740249633789,8.474421339395862,47800
2001-06-12,8.456550598144531,8.494838047384436,8.42336736316458,8.42336736316458,254800
2001-06-13,8.4157133102417,8.566313005520469,8.392740442361365,8.550997435695106,688400
2001-06-14,8.244690895080566,8.357003099667649,8.244690895080566,8.346792722211516,394000
2001-06-15,8.306493759155273,8.37060686440135,8.247509819723488,8.334703681989684,194800
2001-06-18,8.214173316955566,8.311625541528999,8.18083470695581,8.237254081241678,456000
2001-06-19,8.2064790725708,8.232123928357169,8.119285193293194,8.232123928357169,731200
2001-06-20,8.052608489990234,8.362916272729398,8.052608489990234,8.106463769932612,446200
2001-06-21,7.932076454162598,8.103899660661856,7.883350338818055,8.103899660661856,1274000
2001-06-22,8.085949897766113,8.085949897766113,7.852578092726296,7.937207423244642,392400
2001-06-25,7.991057395935059,8.08594500688939,7.975670387641769,8.052605918252391,177400
2001-06-26,8.03978443145752,8.044913597868804,7.9525905590426085,7.980800485160442,116200
2001-06-27,7.847445011138916,7.950025892569026,7.837186678423792,7.950025892569026,3680200
2001-06-28,7.680751323699951,7.770509292812427,7.6525413967536045,7.770509292812427,225000
2001-06-29,7.783330917358398,7.8474440213083945,7.6551047094584055,7.7192178134084015,473400
2001-07-02,7.762815952301025,7.83718691010733,7.73204144239012,7.744864358663097,246000
2001-07-03,7.7525553703308105,7.770506958761131,7.7192167759808,7.7192167759808,169600
2001-07-05,7.821802139282227,7.878221519604745,7.744866576192941,7.744866576192941,1662000
2001-07-06,7.793592929840088,7.867964405006058,7.744867296949723,7.837189883419761,598400
2001-07-09,7.683316707611084,7.767946502656665,7.670494278198054,7.7576881678107785,132400
2001-07-10,7.693576335906982,7.7294795356150034,7.632027783917056,7.72178627233152,930800
2001-07-11,7.590989112854004,7.616634443841674,7.465327529072827,7.578166202788167,472000
2001-07-12,7.580737113952637,7.58586628226131,7.488414530118581,7.539704745772076,63400
2001-07-13,7.608943462371826,7.688443577088903,7.493539675569471,7.53200793059971,125600
2001-07-16,7.483283519744873,7.629461356548428,7.4166058155785635,7.629461356548428,308800
2001-07-17,7.449946403503418,7.526882462213767,7.398656186840941,7.526882462213767,217600
2001-07-18,7.37044620513916,7.596124722350783,7.257606946533349,7.339672173156751,134800
2001-07-19,7.447378635406494,7.526878749967865,7.424297878091228,7.424297878091228,1174400
2001-07-20,7.606378555297852,7.624330146003433,7.532007609639852,7.5653462082153355,1823600
2001-07-23,7.519189357757568,7.6679318304459505,7.380705222772609,7.637157795624611,226000
2001-07-24,7.249910831451416,7.475588770751125,7.2447816650903665,7.475588770751125,216200
2001-07-25,7.585862159729004,7.61407208095163,7.321716005115353,7.367877516518141,481000
2001-07-26,7.7397356033325195,7.7397356033325195,7.565347845909489,7.660235474793526,405800
2001-07-27,7.7756428718566895,7.81667524934845,7.6089487771533415,7.655110324117704,231600
2001-07-30,7.783330917358398,7.832057013320761,7.7422985699619336,7.788460083068998,134000
2001-07-31,7.693576335906982,7.847447960454004,7.693576335906982,7.821802608172099,401800
2001-08-01,7.665367603302002,7.816674667468645,7.621770644319334,7.783336046667539,973800
2001-08-02,7.660237789154053,7.683318068356248,7.583301731617214,7.680753973334993,1136800
2001-08-03,7.544833660125732,7.63972131406467,7.526882060794029,7.63972131406467,406000
2001-08-06,7.534570217132568,7.596119214759925,7.506360789792767,7.526876959287198,66400
2001-08-07,7.534570217132568,7.573038462935683,7.506360789792767,7.565344715946248,85400
2001-08-08,7.380702972412109,7.5525261634002065,7.339670612398025,7.5525261634002065,1198200
2001-08-09,7.42429780960083,7.42429780960083,7.3088940240891205,7.3088940240891205,440200
2001-08-10,7.4319963455200195,7.5114970049333225,7.393528552754127,7.424303080453555,758600
2001-08-13,7.467898368835449,7.534575600474186,7.444817600520343,7.462769200511112,576200
2001-08-14,7.508926868438721,7.5217492934988615,7.455071607068974,7.475587780651696,161400
2001-08-15,7.621763706207275,7.66536062550355,7.49097294831845,7.501231277161828,1087400
2001-08-16,7.5781683921813965,7.6807497457686456,7.532007370040108,7.6807497457686456,361200
2001-08-17,7.5217509269714355,7.585864044483686,7.475589404099533,7.585864044483686,108200
2001-08-20,7.467898368835449,7.508930737141325,7.437123848033837,7.501236984654818,63800
2001-08-21,7.462765216827393,7.52174915363794,7.360184350821192,7.449942302861523,1110600
2001-08-22,7.467898368835449,7.649979442049718,7.46789836883545,7.5909954737530745,420600
2001-08-23,7.534570217132568,7.560215551286624,7.493537878143708,7.5089253721225795,46000
2001-08-24,7.596123695373535,7.598687790071727,7.514058479845148,7.534574661441156,196400
2001-08-27,7.585862159729004,7.637152836653024,7.544829813847447,7.5909913252502355,499600
2001-08-28,7.506366729736328,7.560221533846607,7.46276977391848,7.560221533846607,198400
2001-08-29,7.475588798522949,7.580734263593958,7.475588798522949,7.5397019108415755,77800
2001-08-30,7.367879390716553,7.547396316470948,7.344798629144008,7.539702566232009,1313800
2001-08-31,7.367879390716553,7.4242992475135585,7.319153773302755,7.3499277959699665,152400
2001-09-04,7.411474227905273,7.519184254973058,7.370441883226512,7.370441883226512,1877200
2001-09-05,7.437122821807861,7.437122821807862,7.360187264136553,7.385832123930759,266000
2001-09-06,7.385833263397217,7.449946401062624,7.362752494706116,7.449946401062624,539600
2001-09-07,7.380702972412109,7.431993177857557,7.339670612398025,7.37300922148035,204000
2001-09-10,7.403783321380615,7.4166057497377205,7.283250342588962,7.385831236878666,1168600
2001-09-17,7.2524800300598145,7.308899428503598,7.124253724296594,7.308899428503598,4019200
2001-09-18,6.901136875152588,7.180670144925892,6.896007707654428,7.180670144925892,1196400
2001-09-19,6.652373313903809,6.924212635985904,6.377969409925924,6.860099556023071,485600
2001-09-20,6.46516752243042,6.5677489174304595,6.424135160088142,6.513893636141004,1966200
2001-09-21,6.468006134033203,6.524742853035939,6.215269169526959,6.2668478708306345,2335000
2001-09-24,6.297792911529541,6.452529935998402,6.253950762794955,6.4215823343464535,3269600
2001-09-25,6.228160858154297,6.31842415880198,6.125003011083551,6.2410558964727745,1700200
2001-09-26,6.184317588806152,6.305528467515104,6.125001898997059,6.266843851478861,990400
2001-09-27,6.429318904876709,6.449950473892986,6.194634622855785,6.253950322290654,2188800
2001-09-28,6.658842086791992,6.687210665507685,6.537631736462066,6.537631736462066,697000
2001-10-01,6.5660014152526855,6.615001565306969,6.455107063712377,6.602107021979929,149800
2001-10-02,6.710425853729248,6.751689001068917,6.555688805257732,6.589214928010394,121400
2001-10-03,6.803266525268555,6.818740571794986,6.620161401764685,6.679477104429705,147400
2001-10-04,6.963162899017334,7.061162753013916,6.839373454423063,6.872899577873189,234400
2001-10-05,7.014742851257324,7.037953436156945,6.865163799623976,6.976058215160901,141200
2001-10-08,7.027636528015137,7.112741831430876,6.885794519620746,6.950268249235564,682000
2001-10-09,7.040530681610107,7.094688867229366,6.994110012087805,7.040530681610107,77000
2001-10-10,7.352583885192871,7.391268023008959,7.1307941069339,7.1307941069339,522400
2001-10-11,7.350003719329834,7.453161567888713,7.262319425080932,7.401582889556985,790400
2001-10-12,7.3010053634643555,7.383531662732896,7.2210580725349,7.324215946620575,798000
2001-10-15,7.166894912719727,7.270052708210574,7.071473644456211,7.270052708210574,162800
2001-10-16,7.252002239227295,7.280370333703892,7.130791364289371,7.130791364289371,204800
2001-10-17,7.2158966064453125,7.373212596658999,7.166896947112614,7.311317901795084,456800
2001-10-18,6.92447566986084,7.11531776811074,6.916738648564582,7.092107196117277,6285400
2001-10-19,6.950265884399414,6.999265548069708,6.774897320813187,6.872897140049127,738000
2001-10-22,7.035372257232666,7.037951264969849,6.8780562285324445,6.9631615162778004,2860600
2001-10-23,7.009583950042725,7.156583974601526,6.937373195919313,6.937373195919313,4635400
2001-10-24,6.91158390045166,6.932215475095869,6.813584043865558,6.924478942039003,395600
2001-10-25,7.086949825286865,7.086949825286865,6.872897135611382,6.872897135611382,92600
2001-10-26,7.223638534545898,7.226217543403979,7.102428069589999,7.105006586552436,538200
2001-10-29,7.156584739685059,7.2855322124721775,7.1565847396850595,7.2210584760786185,2189600
2001-10-30,6.916740894317627,7.048267347686643,6.916740894317626,7.027635776093198,152800
2001-10-31,6.927059173583984,7.053427652081711,6.865164438721566,6.963164312613156,649800
2001-11-01,7.0327959060668945,7.0353749147782745,6.821322110689892,6.909006439294349,657000
2001-11-02,6.841951370239258,6.911582614271026,6.821319799434392,6.911582614271026,2228400
2001-11-05,6.800689697265625,6.92447914882765,6.787794655293193,6.92447914882765,767600
2001-11-06,6.7594218254089355,6.79552742844454,6.640790464864759,6.756843310523407,460600
2001-11-07,6.7877936363220215,6.849688352811512,6.684635775506204,6.756846524025017,4135600
2001-11-08,6.919317245483398,6.9502648369385325,6.8677380903566005,6.924475259375133,305600
2001-11-09,7.053426265716553,7.089531397649187,6.996689067656092,7.014742125517939,1259800
2001-11-12,7.035372257232666,7.035372257232665,6.847108627581665,6.9631615162778004,178800
2001-11-13,7.09210729598999,7.099844317395202,6.963159890608354,7.040528137079209,140200
2001-11-14,6.746532440185547,6.9373746607780085,6.707848292695766,6.885795961423508,8383200
2001-11-15,6.406108379364014,6.633055640353983,6.189476657016794,6.6278981169803135,9490400
2001-11-16,6.5247416496276855,6.5376366914970045,6.272004731735654,6.411268232550989,8957800
2001-11-19,6.509268760681152,6.5376373638154766,6.385479297378722,6.511847769320236,2116800
2001-11-20,6.74910831451416,6.795529466701217,6.64595047181814,6.679476586233574,4105800
2001-11-21,6.661426544189453,6.9296375285153555,6.594373798107977,6.7516898751412695,1094800
2001-11-23,6.723319053649902,6.743950623179618,6.524739889491743,6.576319059263744,101000
2001-11-26,6.612423419952393,6.640792009243054,6.5298971513563195,6.61500242733294,615400
2001-11-27,6.617584705352783,6.700111014736213,6.514426818623495,6.576321550661067,829800
2001-11-28,6.462846279144287,6.586636209253824,6.462846279144288,6.537636038833289,1438200
2001-11-29,6.5737409591674805,6.5737409591674805,6.473162105310951,6.511846242033041,1604200
2001-11-30,6.5402140617370605,6.599529763792411,6.496371914153665,6.5582666239369125,740600
2001-12-03,6.62790060043335,6.687216322566939,6.465426501846706,6.50668965566969,288800
2001-12-04,6.720739841461182,6.731055871859835,6.584055881946853,6.653687119556147,992800
2001-12-05,6.8600029945373535,6.893529108047016,6.805844821150505,6.860002994537353,2130800
2001-12-06,6.656265735626221,6.937371152814311,6.653686728178258,6.808423731788412,1747200
2001-12-07,6.7001051902771,6.963157941684466,6.578894840226337,6.653684058629309,675800
2001-12-10,6.607265949249268,6.666581643784057,6.578897359734645,6.640792061670342,223800
2001-12-11,6.498950958251953,6.607266823952667,6.475740380466412,6.602108808468007,2426600
2001-12-12,6.5144267082214355,6.5144267082214355,6.4319004002366045,6.498953148448178,607400
2001-12-13,6.408686637878418,6.5118444717246895,6.370002511672986,6.424160189981521,118200
2001-12-14,6.473165512084961,6.769744705568828,6.395796706026728,6.421586308046139,521200
2001-12-17,6.457688331604004,6.560846190021942,6.437056268024947,6.473161887392828,110600
2001-12-18,6.542792797088623,6.553108335675348,6.473161067020451,6.473161067020451,268800
2001-12-19,6.692372798919678,6.692372798919678,6.501530141558418,6.5453722938880885,460600
2001-12-20,6.661426544189453,6.746531858082176,6.65626852713036,6.6923741546484345,177400
2001-12-21,6.707002639770508,6.782100590914343,6.707002639770508,6.7587943642781525,263600
2001-12-24,6.818352222442627,6.836479171783987,6.732896251317414,6.763971374418548,651400
2001-12-26,6.937474250793457,6.978907426740421,6.823532769978095,6.823532769978095,682400
2001-12-27,6.9607768058776855,6.965956073989847,6.8753208577157805,6.921933282880855,386800
2001-12-28,6.991856575012207,7.0488270804039015,6.958192297717686,6.978908890034896,816400
2001-12-31,6.9141645431518555,7.004799261158467,6.9141645431518555,7.004799261158467,242000
2002-01-02,6.862380027770996,6.914171772719475,6.758797031796726,6.914171772719475,579800
2002-01-03,6.82094144821167,6.9141663180029935,6.787276692377115,6.877911927571759,619000
2002-01-04,6.8520188331604,6.888273238182423,6.797637966511109,6.888273238182423,1160600
2002-01-07,6.849429130554199,7.2508132371866205,6.810585093074165,6.9012203573234885,664200
2002-01-08,6.789872646331787,6.875328691867307,6.784693866240813,6.875328691867307,532000
2002-01-09,6.797636985778809,6.844249432708879,6.735487221179522,6.784689303374866,899600
2002-01-10,6.74584436416626,6.776919489262087,6.72253814382498,6.740665588252253,84400
2002-01-11,6.616366863250732,6.756204212382146,6.608598450913957,6.756204212382146,281800
2002-01-14,6.536091327667236,6.613778922597678,6.525733278030036,6.525733278030036,617400
2002-01-15,6.642259120941162,6.686281911355101,6.621542542741791,6.642259120941162,245800
2002-01-16,6.505014419555664,6.603418079492852,6.499835149579399,6.603418079492852,433000
2002-01-17,6.502425670623779,6.541269212894062,6.4842987171591435,6.541269212894062,228400
2002-01-18,6.448042869567871,6.499834576922765,6.442863600047916,6.4868864031228775,371000
2002-01-22,6.401434421539307,6.510196679634707,6.0078190772192865,6.507607043260694,336000
2002-01-23,6.582704067230225,6.590472975232127,6.44027754465329,6.44027754465329,600600
2002-01-24,6.673339366912842,6.6992352330561875,6.5516289442158815,6.5904729903921835,265400
2002-01-25,6.74584436416626,6.753613268920806,6.670746927228412,6.719949002829154,940000
2002-01-28,6.642259120941162,6.771737858167782,6.606005232572808,6.771737858167782,199600
2002-01-29,6.460993766784668,6.595651373607636,6.4195605810049035,6.543860138344197,935400
2002-01-30,6.512783527374268,6.549037927164467,6.318565327787029,6.365177774715554,1155400
2002-01-31,6.66815710067749,6.66815710067749,6.569753446226333,6.590470031054068,780600
2002-02-01,6.704411506652832,6.719949316888088,6.626724431166072,6.67333687402708,517200
2002-02-04,6.525730133056641,6.668156580905109,6.510192325205229,6.6293130491211905,1271400
2002-02-05,6.481708526611328,6.5309101121087325,6.435096082310718,6.499835478523256,554600
2002-02-06,6.525730133056641,6.5749317094858615,6.520550863772836,6.530908908418139,1516600
2002-02-07,6.450633525848389,6.515372923332955,6.429916938410224,6.4998356062349325,1437000
2002-02-08,6.523140907287598,6.523140907287598,6.4350952996334225,6.473938833852068,605800
2002-02-11,6.608596324920654,6.642260586702577,6.473938289948378,6.525729993836882,471800
2002-02-12,6.5775251388549805,6.639674924349367,6.561987815962031,6.600831370155698,151000
2002-02-13,6.616366863250732,6.631904675769191,6.5205528223325,6.525732093171986,319600
2002-02-14,6.670748710632324,6.714771528166067,6.60859893774748,6.60859893774748,1572800
2002-02-15,6.675928115844727,6.73289861865199,6.647442617479845,6.655211524467313,1111400
2002-02-19,6.616366863250732,6.696644079495412,6.577523319799491,6.655210900624427,1462800
2002-02-20,6.595648765563965,6.616365350262119,6.512782426771346,6.60341767004665,844400
2002-02-21,6.673339366912842,6.756205743433498,6.603420676502575,6.603420676502575,2423200
2002-02-22,6.857198238372803,6.893452644102944,6.717361368598695,6.725129781744616,3096800
2002-02-25,6.955600738525391,6.963369149794592,6.854606946724313,6.908988295220644,1593800
2002-02-26,6.919344425201416,6.965956855596581,6.875321629152899,6.95300917778559,1217600
2002-02-27,6.9141645431518555,6.991851585420999,6.877910162027042,6.978903909683532,2418600
2002-02-28,6.896042346954346,6.984087991870151,6.896042346954347,6.965961034491464,827600
2002-03-01,6.994446277618408,7.020342141742964,6.919348321049449,6.9866773702042835,897400
2002-03-04,7.147231578826904,7.147231578826904,7.0436486126832625,7.08249216324681,1361600
2002-03-05,7.149816989898682,7.180891614418527,7.077308709481955,7.077308709481955,1382800
2002-03-06,7.287067890167236,7.336269980461354,7.129104064363762,7.1990222523451335,690600
2002-03-07,7.341447353363037,7.393238572033093,7.2948349108143224,7.3673432096592535,653400
2002-03-08,7.307782173156738,7.41913400310269,7.2663490030264795,7.41913400310269,378200
2002-03-11,7.385467052459717,7.439847883263572,7.380287784595873,7.398414728197158,841800
2002-03-12,7.450210094451904,7.473516317414845,7.380291425563086,7.393239107688092,501400
2002-03-13,7.401006698608398,7.535664742046536,7.401006698608398,7.501999984225839,1234200
2002-03-14,7.398418426513672,7.432083190534809,7.328499757167386,7.432083190534809,236800
2002-03-15,7.4519453048706055,7.496116548137214,7.405175694872105,7.431158866603248,3135800
2002-03-18,7.509106636047363,7.52989307085407,7.43635436201774,7.4675337664339505,177200
2002-03-19,7.600046634674072,7.600046634674073,7.522097636656063,7.550678671615923,753400
2002-03-20,7.519500255584717,7.589654164754972,7.490918721293464,7.535089958112806,502000
2002-03-21,7.561071872711182,7.5610718727111825,7.4441478841628275,7.524695245391902,717600
2002-03-22,7.384387493133545,7.470131592458255,7.379190760910796,7.470131592458255,382000
2002-03-25,7.316829204559326,7.407770008061495,7.316829204559326,7.340213996762384,181200
2002-03-26,7.3765950202941895,7.418167901697573,7.32722753337007,7.32722753337007,268000
2002-03-27,7.548078536987305,7.548078536987304,7.438949667979866,7.438949667979866,688600
2002-03-28,7.506509780883789,7.574065831502219,7.490920075537319,7.535091320342147,1387000
2002-04-01,7.558472156524658,7.600045012673476,7.522096031291327,7.548078694693686,1032800
2002-04-02,7.652018070220947,7.670206148856888,7.59745333872515,7.60524844196397,988600
2002-04-03,7.485723495483398,7.613040498865396,7.454544084150726,7.613040498865396,1231000
2002-04-04,7.350606918334961,7.51689832127012,7.314230302252291,7.496111895903225,1313600
2002-04-05,7.267459392547607,7.379186594312535,7.251869700269616,7.379186594312535,708200
2002-04-08,7.37919282913208,7.441552146519991,7.324628612263083,7.40517600194066,482000
2002-04-09,7.272660732269287,7.519500078491248,7.2336862290731085,7.322028700631219,1152800
2002-04-10,7.355803489685059,7.366196950637985,7.249272992855042,7.249272992855042,450600
2002-04-11,7.280454158782959,7.36359987865916,7.2648639646154844,7.332419985911794,1214600
2002-04-12,7.04141092300415,7.171326251858146,7.023222856258614,7.171326251858146,1495800
2002-04-15,7.179121494293213,7.244079164509931,7.176523623601714,7.176523623601714,595000
2002-04-16,7.314235687255859,7.340218861991094,7.270064438882311,7.288252512520624,208800
2002-04-17,7.405176162719727,7.4337577029884985,7.340218477081834,7.340218477081834,1371000
2002-04-18,7.4415507316589355,7.475328998564173,7.4051745939957945,7.475328998564173,243200
2002-04-19,7.47532844543457,7.483123048306943,7.361002812625632,7.384387612418089,236200
2002-04-22,7.402576446533203,7.488320556122865,7.366200307794474,7.457141150229018,996600
2002-04-23,7.384387493133545,7.4259603597402135,7.280455326616876,7.306438492142958,667800
2002-04-24,7.251874923706055,7.350610868955511,7.251874923706056,7.296046163299183,670200
2002-04-25,7.303840637207031,7.345413506723269,7.199907967828743,7.257071035104341,1335800
2002-04-26,7.223291397094727,7.327224046735021,7.19211199867272,7.293445786925645,1270400
2002-04-29,7.176523685455322,7.24667759324738,7.155737250630324,7.223292792120795,204600
2002-04-30,7.236283779144287,7.275258277944317,7.215497346745095,7.215497346745095,120400
2002-05-01,7.280454158782959,7.296043857362851,7.163530180464811,7.184316610433862,556800
2002-05-02,7.335016250610352,7.337614615560671,7.257067284450521,7.303836862381395,655000
2002-05-03,7.361001014709473,7.405172237352269,7.311633061029277,7.39477877527747,101400
2002-05-06,7.1089677810668945,7.332421835709498,7.095975949316466,7.31683213319669,606600
2002-05-07,7.075189113616943,7.1115657448713625,7.038812977950204,7.093377181450314,454400
2002-05-08,7.223291397094727,7.2414799576931,7.111564641230334,7.145342405452109,426000
2002-05-09,7.158336639404297,7.246679130042153,7.158336639404298,7.18951654604793,397600
2002-05-10,7.153138637542725,7.218096306078242,7.1401468064830125,7.189514773334556,250600
2002-05-13,7.290848255157471,7.2986433534484885,7.095975258170959,7.111565454752994,245800
2002-05-14,7.311635971069336,7.353208844739488,7.277858197057744,7.353208844739488,404800
2002-05-15,7.189513206481934,7.298642085662015,7.1583333143215215,7.298642085662015,768000
2002-05-16,7.272660732269287,7.293447167013096,7.218096526912176,7.238882961655985,339800
2002-05-17,7.212901592254639,7.228491298301543,7.1349520708444825,7.228491298301543,1022400
2002-05-20,7.163531303405762,7.202505803758849,7.147941602382059,7.184317736633252,110600
2002-05-21,7.168728351593018,7.25707082060073,7.145343551232878,7.163531619160169,1359600
2002-05-22,7.288249969482422,7.290848335608099,7.147941667809488,7.147941667809488,1437200
2002-05-23,7.350606918334961,7.360999883224673,7.254469391270903,7.3220253976101795,481400
2002-05-24,7.270064830780029,7.33762089049816,7.246680021816528,7.33762089049816,347800
2002-05-28,7.212901592254639,7.296047351955218,7.205106491437277,7.296047351955218,372400
2002-05-29,7.145339012145996,7.168723797650918,7.062193328389549,7.116757497509455,220200
2002-05-30,7.007633209228516,7.108967510676776,6.958265737217701,7.062197909329531,505200
2002-05-31,7.1089677810668945,7.171327086705833,7.036215010027613,7.036215010027613,656800
2002-06-03,6.885514736175537,7.080387794746543,6.885514736175538,7.080387794746543,143600
2002-06-04,6.885514736175537,6.937481083362933,6.810163582312597,6.885514736175538,298600
2002-06-05,6.859533309936523,6.859533309936523,6.773789162146865,6.797173974779311,490000
2002-06-06,6.786773204803467,6.950466209625933,6.758191689839475,6.937474882235413,111400
2002-06-07,6.856935024261475,6.872525229927957,6.755601165369082,6.784182713503018,337400
2002-06-10,6.729614734649658,6.833546910957092,6.708828299388171,6.828350673832501,167000
2002-06-11,6.628278732299805,6.7841771929891515,6.625680366803103,6.768587000008936,250600
2002-06-12,6.721818447113037,6.732211414346116,6.628279264077402,6.66205702706939,123600
2002-06-13,6.714025974273682,6.804966827149725,6.659461264312944,6.70882924083213,494800
2002-06-14,6.706228256225586,6.706228256225586,6.560723245776842,6.638672234620344,211000
2002-06-17,6.880318641662598,6.888113743141377,6.763395093008077,6.771189698898994,834800
2002-06-18,6.846538543701172,6.903701115111552,6.833546712298112,6.880316314173739,530400
2002-06-19,6.778983116149902,6.8881120318005955,6.758196679625377,6.820555989198954,106600
2002-06-20,6.765990257263184,6.877717018708974,6.7633918913336135,6.823152820950865,1229200
2002-06-21,6.723121643066406,6.806768989676838,6.655158454393611,6.744033355075379,525200
2002-06-24,6.783244609832764,6.806770352876201,6.694369691351918,6.72312298951362,514200
2002-06-25,6.754489898681641,6.895643839258375,6.744033792711362,6.874732125892393,878400
2002-06-26,6.757102012634277,6.759716038386969,6.652543475398767,6.717892623492765,249600
2002-06-27,6.791083335876465,6.791083335876464,6.686524798862569,6.791083335876464,563600
2002-06-28,6.848592758178711,6.9060998444523545,6.809382859936908,6.809382859936908,538800
2002-07-01,6.783244609832764,6.887803190817687,6.783244609832764,6.864277447774249,120800
2002-07-02,6.649933338165283,6.838138815241525,6.629021618490146,6.822455150128853,143000
2002-07-03,6.6917524337768555,6.733575845978791,6.587193903272017,6.652543047159341,147000
2002-07-05,6.848592758178711,6.853820312512994,6.744033694299991,6.744033694299991,70800
2002-07-08,6.764942646026611,6.859045565676427,6.74925899227643,6.830291784989124,129600
2002-07-09,6.681296348571777,6.791082930526979,6.6211752556991295,6.746645492626674,327800
2002-07-10,6.396374702453613,6.647315700848529,6.3728489682736384,6.647315700848529,335200
2002-07-11,6.273521423339844,6.383308068191278,6.21862835020147,6.351940241701716,1210800
2002-07-12,6.1611175537109375,6.29181584886331,6.093154380402772,6.281360244509823,979000
2002-07-15,6.025193691253662,6.095770919392466,5.766411019986016,6.051333460776327,358600
2002-07-16,5.9337053298950195,6.0278078035060005,5.8422163845561785,5.915407141967537,560600
2002-07-17,5.99905252456665,6.163732172942736,5.949387028025666,6.163732172942736,548600
2002-07-18,5.959838390350342,6.119290371813612,5.938926695943201,6.012117875655253,208200
2002-07-19,5.593889236450195,5.918021082081275,5.593889236450195,5.868356068444199,1263200
2002-07-22,5.251458644866943,5.651395691731621,5.227932906899931,5.60695824207999,10565400
2002-07-23,5.175650596618652,5.382154074766532,5.131213170851024,5.280209597418436,2086200
2002-07-24,5.518083572387695,5.5442228391502395,5.065866978207185,5.071095030989516,5555400
2002-07-25,5.4945573806762695,5.606958013361508,5.3769286956395055,5.489329328324744,691400
2002-07-26,5.567746639251709,5.570360664732599,5.434434829747046,5.465802138368949,225000
2002-07-29,5.889266490936279,5.889266490936279,5.654009115587334,5.698446564422743,358800
2002-07-30,5.79777717590332,5.873581937288322,5.727199968059892,5.839600595682871,285800
2002-07-31,5.899723052978516,5.918020741008641,5.727201282159331,5.792550452880981,288400
2002-08-01,5.55206298828125,5.860511015170382,5.552062988281249,5.7977758993144475,291000
2002-08-02,5.489330291748047,5.6226426586623095,5.400455380471873,5.606958997429632,349800
2002-08-05,5.285440921783447,5.5416100583284935,5.259301651497396,5.476260885464122,257200
2002-08-06,5.476259708404541,5.567748131890569,5.3847707863439975,5.3847707863439975,119800
2002-08-07,5.554677963256836,5.559906015115421,5.384770266448579,5.541608332184842,285800
2002-08-08,5.789937496185303,5.789937496185302,5.559908592109311,5.559908592109311,232600
2002-08-09,5.89449405670166,5.9206338205235784,5.656623153213802,5.706288654617994,305200
2002-08-12,5.881425380706787,5.93631844494424,5.7481130122484805,5.776866806986922,328600
2002-08-13,5.792548179626465,5.938930124995258,5.792548179626464,5.855283299070233,209400
2002-08-14,6.019966125488281,6.025193680523797,5.803006886413414,5.884039723072196,335600
2002-08-15,6.189871311187744,6.195099362628897,6.051330939443754,6.080084723795668,479800
2002-08-16,6.090541362762451,6.1428208889063525,6.053945993606428,6.1428208889063525,358400
2002-08-19,6.1402082443237305,6.179417648466742,6.0173519783890645,6.064403462790526,1369600
2002-08-20,5.985980987548828,6.103609636291615,5.894492093923812,6.103609636291615,614600
2002-08-21,5.99905252456665,6.025191787254506,5.881423848173392,5.991210446615608,230800
2002-08-22,6.168962001800537,6.210785432437182,5.9990542525173405,6.05917537173569,388800
2002-08-23,6.069629669189453,6.1558905385687455,6.059174063075803,6.111453090793079,1290800
2002-08-26,6.150664329528809,6.195101787019908,6.040877699172836,6.116682480437286,174200
2002-08-27,6.148048400878906,6.27090462837228,6.1009969311996874,6.2369232883675485,1660600
2002-08-28,6.001666069030762,6.103611088386109,5.954615096914232,6.103611088386109,316800
2002-08-29,5.9493865966796875,5.999052089619795,5.8500556107994734,5.9493865966796875,413400
2002-08-30,5.988597393035889,6.1009980357129425,5.9075645686819085,5.938931888430423,291000
2002-09-03,5.750726699829102,6.080086561557353,5.711517299317909,5.855285267383805,177800
2002-09-04,5.7376556396484375,5.80039076458727,5.567747448709507,5.732427587926589,1249000
2002-09-05,5.748111248016357,5.776865033929576,5.651394783975543,5.68537612303934,516600
2002-09-06,5.842216491699219,5.899723587659169,5.789936950954063,5.842216491699219,421000
2002-09-09,5.8343729972839355,5.865740813845202,5.771637862735934,5.829144944761303,206600
2002-09-10,5.959838390350342,5.959838390350341,5.852665894191982,5.852665894191982,228600
2002-09-11,5.928473472595215,6.038260036849731,5.923245422255875,6.022576384406035,140800
2002-09-12,5.782093524932861,5.928475494333525,5.782093524932861,5.918019390089088,422800
2002-09-13,5.844826698303223,5.876194003388324,5.7193559822398425,5.745495735526977,258600
2002-09-16,5.88665246963501,5.904950154716478,5.81084720449804,5.821303309444322,195600
2002-09-17,5.695835113525391,5.7925516265887,5.674922896025532,5.7925516265887,271000
2002-09-18,5.711516380310059,5.7637954063881995,5.630483565815518,5.698446249859651,272600
2002-09-19,5.549450397491455,5.711516529282167,5.549450397491455,5.646167371049132,121000
2002-09-20,5.590188026428223,5.6506365764715865,5.5455085543766165,5.624354445625356,230000
2002-09-23,5.558650016784668,5.611214284601312,5.490316669139035,5.579675623653324,323400
2002-09-24,5.398329257965088,5.516598093403665,5.398329257965088,5.516598093403665,552000
2002-09-25,5.545510292053223,5.571792431134917,5.390446222890337,5.466663874808136,889000
2002-09-26,5.779418468475342,5.782046731689995,5.592816291844524,5.592816291844524,718000
2002-09-27,5.671660900115967,5.845122222724114,5.650635300444974,5.755763298799937,648600
2002-09-30,5.561278343200684,5.613842611611811,5.461406834767558,5.571791397398915,744000
2002-10-01,5.737368106842041,5.750508923565825,5.55602192857169,5.571791510188261,232400
2002-10-02,5.674291610717773,5.8740351444097305,5.650637738222012,5.661150793237931,673600
2002-10-03,5.711084365844727,5.800443298046052,5.634866747961175,5.676917951198283,505400
2002-10-04,5.613842010498047,5.755764717947399,5.566534274251608,5.737367376360442,213400
2002-10-07,5.542881965637207,5.708458587795328,5.542881965637206,5.671663894269102,372000
2002-10-08,5.482430458068848,5.584930192962232,5.411468871778121,5.558648068266796,885200
2002-10-09,5.3746747970581055,5.49820014521843,5.361533482600694,5.411469474959076,1238800
2002-10-10,5.500829219818115,5.500829219818116,5.306342248758737,5.379931615419604,1000600
2002-10-11,5.592815399169922,5.640122625613074,5.513969019184924,5.5639050097131015,430600
2002-10-14,5.747879505157471,5.750507266713088,5.579674192074702,5.619097132177425,634600
2002-10-15,5.921342849731445,5.923971113467817,5.611214746900311,5.874035105056858,321600
2002-10-16,5.829354286193848,5.944995357602572,5.792559604909682,5.905571911895325,359400
2002-10-17,5.952877521514893,5.963390570296047,5.87665992301055,5.913454591165077,939000
2002-10-18,5.947622299194336,6.008071340340132,5.887173759338405,5.918712411296641,281600
2002-10-21,5.976533889770508,6.005444284769567,5.8845466794652905,5.889803206063296,240200
2002-10-22,5.808329105377197,5.913457131908691,5.729482709511099,5.913457131908691,582400
2002-10-23,5.902944087982178,5.913457141297004,5.73736750859345,5.7636496405905415,446000
2002-10-24,5.805702209472656,5.966022800999807,5.768907516842853,5.9371123989106245,1095800
2002-10-25,5.7163405418396,5.742622667577293,5.669032815769723,5.742622667577293,282800
2002-10-28,5.705827236175537,5.808327471845341,5.6401221754109745,5.711083761346262,1099000
2002-10-29,5.540249824523926,5.600698350526168,5.466659987680054,5.600698350526168,1181000
2002-10-30,5.7242255210876465,5.758391934784614,5.632238328579069,5.642750878451262,1003200
2002-10-31,5.663777828216553,5.821470124170121,5.603329273509516,5.810957571794544,1243600
2002-11-01,5.813584327697754,5.813584327697754,5.663776359549885,5.663776359549885,755200
2002-11-04,5.7163405418396,5.837237618427193,5.7031997296156804,5.829353331608782,315200
2002-11-05,5.834611892700195,5.834611892700194,5.6821761117848215,5.716342536261531,189200
2002-11-06,5.887176036834717,5.913458173419035,5.755765855203182,5.874035219187587,466800
2002-11-07,5.776790618896484,5.913457308104497,5.742624197239476,5.847752226903335,755600
2002-11-08,5.742623805999756,5.821469697553456,5.742623805999757,5.821469697553456,331400
2002-11-11,5.671660900115967,5.795186235521817,5.663776112255656,5.716340362078055,312800
2002-11-12,5.65326452255249,5.73736693551055,5.637495445445334,5.724226121469574,75600
2002-11-13,5.527109146118164,5.690057394102762,5.466660117391848,5.663775273085637,595200
2002-11-14,5.705827236175537,5.718968549102349,5.582301902402498,5.582301902402498,1208000
2002-11-15,5.750509262084961,5.750509262084961,5.666406827005774,5.70320201832046,602600
2002-11-18,5.755763530731201,5.787302182153474,5.70582754151671,5.779417393975441,131400
2002-11-19,5.755763530731201,5.82409685773791,5.724225380598787,5.766276581635244,124200
2002-11-20,5.868779182434082,5.879292238463068,5.734740725805123,5.734740725805123,318000
2002-11-21,5.913456439971924,5.929225516784007,5.847751368416681,5.913456439971925,379600
2002-11-22,5.787304878234863,5.874035583438269,5.782048350334028,5.874035583438269,580600
2002-11-25,5.834611892700195,5.8530092367484245,5.742624671169015,5.763650278836996,151000
2002-11-26,5.7242255210876465,5.795186611272097,5.713712469925583,5.795186611272097,164000
2002-11-27,5.826725482940674,5.847751084766892,5.745251338525315,5.768905203241046,372800
2002-11-29,5.897689342498779,5.908201896805009,5.845125067097385,5.8766637325962385,135000
2002-12-02,5.916083812713623,5.942365937638667,5.855635276288909,5.921340337956599,484200
2002-12-03,5.973902225494385,6.031722982574813,5.937107562835699,5.971273963691667,788200
2002-12-04,5.921342849731445,5.958137539460546,5.892432449921409,5.937111930859624,962400
2002-12-05,5.960761547088623,5.976530616957357,5.908197312473256,5.955505023369148,253600
2002-12-06,6.018582344055176,6.036979677434054,5.892428771208805,5.902941318301133,1423800
2002-12-09,5.913456439971924,6.084289525757575,5.913456439971925,5.992302325322251,525600
2002-12-10,6.00544548034668,6.005445480346679,5.887176114796083,5.926599069549593,810400
2002-12-11,5.973902225494385,6.005440865837317,5.905568922492768,5.939735824638417,827000
2002-12-12,6.026472091674805,6.050125968717928,5.971279544810802,5.971279544810802,315600
2002-12-13,6.010700225830078,6.063263982819682,5.984418096690317,6.018584513669063,347800
2002-12-16,6.113202095031738,6.118458622937987,6.0212148618327515,6.0212148618327515,1204800
2002-12-17,6.050121784210205,6.144736725653045,6.034352209561563,6.118455103818247,413200
2002-12-18,6.000186443328857,6.04486590704119,5.9502504541704,5.987045631003406,385600
2002-12-19,5.93973970413208,6.018585604552458,5.929226650054692,5.960765310996848,1681800
2002-12-20,6.0602030754089355,6.060203075408935,5.95189085752057,5.975666759386424,517200
2002-12-23,6.086625576019287,6.105117846674689,6.046998705898758,6.089266897075844,247800
2002-12-24,6.0575642585754395,6.076056523897505,6.039071993253373,6.076056523897505,135600
2002-12-26,5.9888763427734375,6.083979965687537,5.9756677302026,6.054920413380168,394600
2002-12-27,5.859428405761719,6.015292409635087,5.854144760642861,6.0047251193973725,947200
2002-12-30,5.888489723205566,5.94925014874046,5.864713816887342,5.904340159458956,496200
2002-12-31,5.899057865142822,5.90169968910342,5.798671074022051,5.893774217221623,459000
2003-01-02,6.0232133865356445,6.031138848967887,5.92282671510623,5.930752177538473,151400
2003-01-03,6.012651443481445,6.049635956829034,5.991517363871938,6.049635956829034,86200
2003-01-06,6.062844753265381,6.094545619077545,6.020576596265045,6.023217915185911,237600
2003-01-07,5.864713668823242,6.010010422543004,5.843579586393527,6.010010422543004,900400
2003-01-08,5.809235572814941,5.864712846335286,5.790743316266893,5.864712846335286,1420800
2003-01-09,5.883205413818359,5.914906282754389,5.830369960423342,5.8647131562929715,1232600
2003-01-10,5.835655212402344,5.904341119166466,5.82772974104928,5.83301338861799,431200
2003-01-13,5.814518451690674,5.856786605046921,5.782817084735422,5.856786605046921,993600
2003-01-14,5.838295936584473,5.862071842289272,5.79866959503523,5.862071842289272,134200
2003-01-15,5.856786727905273,5.880562627651428,5.811876751037664,5.833010828159119,1504600
2003-01-16,5.9149041175842285,5.951889122972748,5.885845082342729,5.885845082342729,1024200
2003-01-17,5.869996547698975,5.922832003336732,5.851504289388634,5.893772452348341,355200
2003-01-21,5.732626914978027,5.803954145517011,5.727343267122875,5.803954145517011,418800
2003-01-22,5.716776371002197,5.7643281972695455,5.613747750007227,5.67715001707155,332200
2003-01-23,5.732626914978027,5.751119178594667,5.6797914441792905,5.7141341474849945,391000
2003-01-24,5.632238388061523,5.7379088026461496,5.603178835097146,5.700924283510601,469400
2003-01-27,5.455240249633789,5.589970217058198,5.405046613798904,5.568836134160817,1924400
2003-01-28,5.547702312469482,5.571478219833027,5.492225531205414,5.508075968155676,557200
2003-01-29,5.727339744567871,5.7616824267513795,5.552983503595416,5.560908466627566,696600
2003-01-30,5.637521743774414,5.811878044808571,5.637521743774414,5.745833976117564,2020400
2003-01-31,5.751116752624512,5.753758575437698,5.579402300776814,5.603177698343135,1263400
2003-02-03,5.796025276184082,5.811875705203889,5.706205338611755,5.759040269969796,1023800
2003-02-04,5.835655212402344,5.872639737630577,5.692999751305392,5.7511188668084605,782200
2003-02-05,5.7933855056762695,5.88848912122675,5.788101859506525,5.88848912122675,667600
2003-02-06,5.769609451293945,5.811877611796916,5.719415821743086,5.785459885513505,467600
2003-02-07,5.716776371002197,5.811880023536895,5.695642281980756,5.811880023536895,1319400
2003-02-10,5.790744304656982,5.790744304656982,5.716774761963137,5.737908845036195,690000
2003-02-11,5.753757953643799,5.848861045260073,5.727340232243007,5.833010613970048,1050600
2003-02-12,5.653372287750244,5.759042698910047,5.6375218520453405,5.759042698910047,254600
2003-02-13,5.626952648162842,5.65865401268361,5.563550422997401,5.648086723217989,726600
2003-02-14,5.671865940093994,5.700925499255439,5.597896886048705,5.626955941333759,686400
2003-02-18,5.764321327209473,5.788097212006462,5.706202777636736,5.71941137857914,172000
2003-02-19,5.759042739868164,5.8039527279150125,5.737908657485899,5.7801768222504295,104600
2003-02-20,5.7458319664001465,5.830368264136205,5.745831966400146,5.8224433011459995,802200
2003-02-21,5.872637748718262,5.896413650848797,5.753758741941781,5.753758741941781,4496000
2003-02-24,5.922832012176514,5.965100175199305,5.872638379633355,5.891130637971296,872800
2003-02-25,5.891130447387695,6.031144047793777,5.848862285732318,5.994159532314381,883000
2003-02-26,5.906979084014893,5.965097657673652,5.877919545247495,5.906979084014892,651600
2003-02-27,5.872637748718262,5.965099534350765,5.8541454923669995,5.957174065681855,567600
2003-02-28,5.920190811157227,5.965100802073074,5.883206290594634,5.883206290594634,445800
2003-03-03,5.94132661819458,5.970386180709058,5.906983911121838,5.906983911121838,253400
2003-03-04,5.912265300750732,5.959817114795522,5.899056687461091,5.957175291362334,3145400
2003-03-05,5.965099334716797,5.965099334716797,5.901697099115984,5.922831177649589,826600
2003-03-06,5.970384120941162,5.983592733594559,5.920190485880959,5.965100474329294,306800
2003-03-07,5.970384120941162,5.9888763802064275,5.901698226615693,5.928115955798762,2526800
2003-03-10,5.90962028503418,5.991514744737099,5.899052997910715,5.943962960433474,807400
2003-03-11,5.851507186889648,5.96510312004695,5.840940392855468,5.943969028102091,106800
2003-03-12,5.759042739868164,5.785460468815064,5.666581444368422,5.785460468815064,6548800
2003-03-13,5.782817840576172,5.82244468041868,5.737907858780702,5.811877388760357,1700800
2003-03-14,5.759042739868164,5.8039527279150125,5.737908657485899,5.766968209715115,1989800
2003-03-17,5.833012580871582,5.8699971009782566,5.780177120253794,5.780177120253794,1367600
2003-03-18,5.943965435028076,5.943965435028075,5.764325510149258,5.838295039180593,973400
2003-03-19,5.951892375946045,5.975668283877525,5.896415089480488,5.9651009897407254,834600
2003-03-20,6.010007858276367,6.036425576011035,5.904337491213752,5.9439638158777255,2105000
2003-03-21,5.943352699279785,6.017711184497787,5.930074633520664,5.993810260910777,220200
2003-03-24,5.855715751647949,5.980531790042151,5.842437686788259,5.951319439519983,1154800
2003-03-25,5.908829689025879,5.980532462998219,5.892895908096169,5.906173974449967,772800
2003-03-26,5.922108173370361,5.948664814478125,5.887584894498328,5.948664814478125,720200
2003-03-27,5.969912052154541,6.015058205401902,5.898209248786502,5.908832111445161,1686600
2003-03-28,6.0230207443237305,6.057544008499492,5.9672517710852455,5.9672517710852455,829600
2003-03-31,5.927419662475586,5.988499583069318,5.922108232895486,5.988499583069318,871200
2003-04-01,6.038957118988037,6.049579978091875,5.935386775354624,5.935386775354624,661400
2003-04-02,6.025677680969238,6.025677680969238,5.975220124755225,6.0203662526255135,651200
2003-04-03,5.914141654968262,6.033645782576392,5.895552157775384,6.025679144651336,2745000
2003-04-04,5.9460062980651855,5.956629152113315,5.922105382982453,5.93007252351855,284600
2003-04-07,5.900861740112305,6.001776854123821,5.8796165329297265,6.001776854123821,545200
2003-04-08,5.82915735244751,5.8636806115571,5.80791215302803,5.842435412137619,447800
2003-04-09,5.826502323150635,5.890237928890704,5.813223755376307,5.861025586312751,797200
2003-04-10,5.90617561340332,5.90617561340332,5.845095680785055,5.868996612074968,1190800
2003-04-11,5.871648788452148,5.898204912523229,5.831813589294329,5.8822711367754605,88600
2003-04-14,5.900861740112305,5.916796025393508,5.845093261205172,5.884927961356794,502600
2003-04-15,5.884926795959473,5.906171998934845,5.847747817383971,5.895549650709956,271800
2003-04-16,5.805257797241211,5.892894328654499,5.797290655648865,5.874304838131321,6234800
2003-04-17,5.922108173370361,5.924763888133718,5.7919811891206985,5.823849259755175,798400
2003-04-21,5.919452667236328,5.956631659000686,5.895551742094735,5.930075019229385,847600
2003-04-22,6.001777648925781,6.028334288052264,5.882273026119491,5.9194525235068705,391200
2003-04-23,6.001777648925781,6.041612354352624,5.943352941542368,6.033645210656951,980800
2003-04-24,5.980531692504883,6.028333535661294,5.959286485160445,5.972564549803582,382200
2003-04-25,5.90617561340332,5.948666045357409,5.874308042700705,5.948666045357409,715000
2003-04-28,5.932729244232178,5.991153431838908,5.916795466980459,5.919451180943353,807600
2003-04-29,5.85040807723999,5.932733239426154,5.826507142004331,5.932733239426154,461600
2003-04-30,5.8769612312316895,5.895551232031297,5.842437957083878,5.842437957083878,102200
2003-05-01,5.90617561340332,5.927420829380365,5.83712853484645,5.927420829380365,882200
2003-05-02,5.999124050140381,6.023024983131055,5.927421251168359,5.927421251168359,910800
2003-05-05,6.036296844482422,6.046919695561915,5.985839821431088,6.023018787158475,853000
2003-05-06,6.028336048126221,6.068170765183479,5.9885008245430535,6.052236979665757,1084400
2003-05-07,6.068170070648193,6.100037638036218,5.969910640395772,6.015056782967017,1107400
2003-05-08,6.07613468170166,6.121280809208203,6.028333346570333,6.036299982496047,328000
2003-05-09,6.115971088409424,6.134560584587366,6.049579741187755,6.09207016288756,644200
2003-05-12,6.14518404006958,6.187674469398213,6.086759826374179,6.108005041038495,3372800
2003-05-13,6.214230060577393,6.25140955982961,6.134560645727675,6.134560645727675,1070600
2003-05-14,6.240786552429199,6.24609798169958,6.174395206126761,6.21954134187345,518200
2003-05-15,6.243443012237549,6.267343940281133,6.216886369241805,6.267343940281133,1561800
2003-05-16,6.264686584472656,6.288587506256076,6.2142290266492495,6.275308934973231,2015800
2003-05-19,6.2009501457214355,6.256718618192018,6.195638717907389,6.254062904284995,348800
2003-05-20,6.177052021026611,6.214231019490101,6.145183946253717,6.2115753043818716,529000
2003-05-21,6.360288619995117,6.373566681304272,6.158458947637413,6.158458947637413,2504400
2003-05-22,6.347010135650635,6.376222478745728,6.333732074166815,6.36028870366003,479200
2003-05-23,6.4054388999938965,6.429339324576347,6.31780232143858,6.3523256071918075,1458200
2003-05-27,6.532903671264648,6.543526015302271,6.373564458497141,6.384187309060159,633000
2003-05-28,6.455893039703369,6.538218656819559,6.4399592617077746,6.522284372298294,1008400
2003-05-29,6.394814491271973,6.485106763269169,6.373569280597678,6.485106763269169,974200
2003-05-30,6.501040458679199,6.524941383687457,6.410748187875951,6.421371046335519,995800
2003-06-02,6.535562992095947,6.604610039299264,6.511662071659196,6.532907277989011,1196600
2003-06-03,6.5833659172058105,6.5833659172058105,6.493073648802145,6.538219783003978,1142600
2003-06-04,6.625858783721924,6.639136854821189,6.548844553073545,6.596646419472409,1109600
2003-06-05,6.591330528259277,6.612575731557651,6.548840121662528,6.612575731557651,316800
2003-06-06,6.5780534744262695,6.6736566506601696,6.548841125466247,6.5992986809811,492600
2003-06-09,6.567431449890137,6.578054307776163,6.52228531692601,6.546186240643826,309800
2003-06-10,6.607268810272217,6.612580241350617,6.5515003035268515,6.564778374696906,140400
2003-06-11,6.798471927642822,6.80112764148306,6.6178874387116275,6.652410705583475,2024400
2003-06-12,6.737391948699951,6.8515846033172245,6.671000623061119,6.838306540799705,421200
2003-06-13,6.625858783721924,6.718806294468665,6.570089770747935,6.718806294468665,1439000
2003-06-16,6.617890357971191,6.639135571539083,6.5382209337230615,6.639135571539083,877600
2003-06-17,6.554152488708496,6.623199535958057,6.532907282364452,6.578053409161255,192600
2003-06-18,6.514317035675049,6.575396933524512,6.485104690388082,6.532906525757441,360200
2003-06-19,6.5488409996032715,6.599298554148374,6.506350587310237,6.530251507540777,415200
2003-06-20,6.524294376373291,6.577662530487631,6.508283472073827,6.577662530487631,2419400
2003-06-23,6.505614757537842,6.532299088130264,6.468257000085215,6.510951725448581,361400
2003-06-24,6.500277042388916,6.53496630918236,6.4896031086302095,6.526960858863331,113600
2003-06-25,6.510950565338135,6.612350901729739,6.484266239500283,6.537634891175988,142000
2003-06-26,6.481600284576416,6.542973896853987,6.460252410085426,6.497610681483317,843200
2003-06-27,6.457581520080566,6.510949655336099,6.438902138331963,6.478928875975002,180800
2003-06-30,6.417556285858154,6.492272303472718,6.417556285858153,6.484266852276477,185600
2003-07-01,6.412221431732178,6.433568797968833,6.318826513586301,6.374863159097012,446600
2003-07-02,6.4042158126831055,6.425563178366928,6.364189565646105,6.382868446999282,280400
2003-07-03,6.393537998199463,6.41755383365028,6.3508432927226846,6.4042119290491755,319600
2003-07-07,6.3508453369140625,6.417555899314257,6.340171911589855,6.417555899314257,1385400
2003-07-08,6.34017276763916,6.372193556896424,6.308151469420627,6.3108199533522775,483200
2003-07-09,6.4042158126831055,6.422894694036282,6.3428421999622815,6.39087389999122,292800
2003-07-10,6.30814790725708,6.404211238705171,6.252111303219681,6.404211238705171,486800
2003-07-11,6.326826095581055,6.358847372277379,6.270789497563645,6.278794943977958,533200
2003-07-14,6.270793914794922,6.3615203355556655,6.249446551613645,6.3615203355556655,259400
2003-07-15,6.217424392700195,6.284134957038014,6.19074057413404,6.230766810944488,1077000
2003-07-16,6.158719062805176,6.238771533611906,6.137371703325968,6.209419232428743,210600
2003-07-17,6.198745250701904,6.244108452867711,6.1240297475778895,6.158719015605298,370200
2003-07-18,6.34017276763916,6.366857097994393,6.217425051589597,6.217425051589597,323400
2003-07-21,6.305480003356934,6.396206378279568,6.2761277119132775,6.382864473892545,330400
2003-07-22,6.28947114944458,6.337502831283884,6.244107950925365,6.284134182804401,252800
2003-07-23,6.254783630371094,6.3375046005427,6.185404571563482,6.3375046005427,1113600
2003-07-24,6.1960768699646,6.313487602628942,6.180066477452572,6.284134792222556,404000
2003-07-25,6.252110958099365,6.252110958099366,6.164053078786457,6.164053078786457,1789000
2003-07-28,6.225428581237793,6.260117843716143,6.198744259121541,6.244107454030837,915400
2003-07-29,6.137372970581055,6.236104846659462,6.12669903415688,6.190741634779324,899000
2003-07-30,6.145377159118652,6.169393002172949,6.116024348949803,6.137371708446822,280200
2003-07-31,6.190740585327148,6.294808903014716,6.164056257751532,6.204082494634349,1229800
2003-08-01,6.174729824066162,6.204082635964123,6.126698135128127,6.204082635964123,857200
2003-08-04,6.110684871673584,6.158716538051615,6.065321687756665,6.140037669784823,503600
2003-08-05,6.0839972496032715,6.169387115069744,6.083997249603272,6.12402395580597,1512600
2003-08-06,6.190740585327148,6.204082494634349,6.0706613657174815,6.0706613657174815,592400
2003-08-07,6.345508575439453,6.345508575439453,6.180066164651611,6.190740098426842,980000
2003-08-08,6.364189624786377,6.390873959379461,6.305483986889323,6.390873959379461,1307400
2003-08-11,6.393537998199463,6.444238151813526,6.372190645461074,6.390870024448072,605400
2003-08-12,6.438900947570801,6.441569430184256,6.3668539528515975,6.4068801741313814,2039000
2003-08-13,6.433565139770508,6.481596813731965,6.425559691123241,6.470922882202277,437000
2003-08-14,6.457581520080566,6.492270782548607,6.417554782437528,6.492270782548607,1479400
2003-08-15,6.478928565979004,6.484265022976447,6.438901830251116,6.470923117041209,472800
2003-08-18,6.478928565979004,6.502944403831301,6.457581211105971,6.484265022976447,213600
2003-08-19,6.449575901031494,6.494939094733522,6.420223096588683,6.478928705474305,524600
2003-08-20,6.478928565979004,6.50561237784948,6.430896890274409,6.436233856232938,749600
2003-08-21,6.540301322937012,6.564317157761097,6.5029435838600005,6.524290936041296,806800
2003-08-22,6.438900947570801,6.564317085598078,6.438900947570801,6.564317085598078,722200
2003-08-25,6.438900947570801,6.4655852647443295,6.417553595624182,6.462916782130875,229000
2003-08-26,6.444239139556885,6.45758155516409,6.366855164879553,6.438902173314003,516000
2003-08-27,6.470922470092773,6.502943753681449,6.462917021955345,6.473590952805249,319800
2003-08-28,6.577658653259277,6.5803271357362405,6.430895679753276,6.460247969077882,1065400
2003-08-29,6.585665702819824,6.5910026690721,6.524292117801982,6.558981380519554,301200
2003-09-02,6.628362655639648,6.6283626556396475,6.526962298412364,6.5669890498744055,778600
2003-09-03,6.631030082702637,6.652377442564424,6.59634030482648,6.601677272032228,346800
2003-09-04,6.620357513427734,6.641704877691407,6.596341665010937,6.641704877691407,432000
2003-09-05,6.591001510620117,6.617685319269255,6.569654158324192,6.615017345573162,143400
2003-09-08,6.681727409362793,6.684395382868919,6.59100104132479,6.609679909633616,555200
2003-09-09,6.609681606292725,6.676392158211801,6.591002733189162,6.676392158211801,2343200
2003-09-10,6.540301322937012,6.612348827409266,6.537632840294221,6.609680344766477,1348800
2003-09-11,6.5269622802734375,6.591004878850209,6.518957337172305,6.585667910808597,213400
2003-09-12,6.534965991973877,6.550976382873613,6.486934310313516,6.550976382873613,233400
2003-09-15,6.492271900177002,6.532298135749346,6.4869349330443695,6.516287743312648,437600
2003-09-16,6.502944469451904,6.518954858527966,6.470923182338687,6.510949409509389,143400
2003-09-17,6.417556285858154,6.502946238401041,6.404214376158981,6.50027775466896,338800
2003-09-18,6.444239139556885,6.460249529324416,6.374860105282762,6.404212910657499,751200
2003-09-19,6.5035080909729,6.5035080909729,6.439143536197699,6.449870706231561,346400
2003-09-22,6.465962886810303,6.506190673699534,6.43646227104697,6.4820538992611825,355400
2003-09-23,6.5035080909729,6.511553852141305,6.4686441489578375,6.511553852141305,112600
2003-09-24,6.535691738128662,6.605419634043882,6.516918292202459,6.530327896435461,650400
2003-09-25,6.476690769195557,6.549101100462592,6.4766907691955575,6.530328165287609,223000
2003-09-26,6.417689323425293,6.4632809515364364,6.3774615366270035,6.4632809515364364,408000
2003-09-29,6.449872970581055,6.452554891912061,6.382826471878448,6.417690937657349,190000
2003-09-30,6.449872970581055,6.49010127902197,6.369417376747602,6.457918734574076,215600
2003-10-01,6.543736934661865,6.554464617958949,6.436462659311493,6.436462659311493,311400
2003-10-02,6.586646556854248,6.589328477642709,6.506190979296769,6.543736847287048,227200
2003-10-03,6.624189853668213,6.688554388065678,6.600053089328682,6.605416416885585,1257600
2003-10-06,6.664421558380127,6.677830652474843,6.6376028586665425,6.65101195276126,153800
2003-10-07,6.696602821350098,6.696602821350098,6.592010467130538,6.629556335512104,1158000
2003-10-08,6.6510138511657715,6.693923578345604,6.610786045875214,6.664423460612155,617000
2003-10-09,6.629558563232422,6.6724682876656995,6.610785622733397,6.664423034037125,461400
2003-10-10,6.677830219268799,6.715376601041757,6.648330111869331,6.651011521295004,456600
2003-10-13,6.704649448394775,6.726104306168672,6.667103575171495,6.718058542681901,1082000
2003-10-14,6.677830219268799,6.688557903067963,6.626874744271001,6.677830219268798,1348600
2003-10-15,6.581282138824463,6.701965485210055,6.559826776063645,6.691238315353648,1112400
2003-10-16,6.6510138511657715,6.664423460612155,6.60542220209666,6.610786045875214,227600
2003-10-17,6.6054182052612305,6.664419428076006,6.581281945910808,6.6241916471266515,201600
2003-10-20,6.602738380432129,6.613465552547409,6.546419064373551,6.613465552547409,276000
2003-10-21,6.624189853668213,6.65100802602427,6.597371169788307,6.624189853668213,310400
2003-10-22,6.535691738128662,6.592010541334977,6.516918292202459,6.583964778795176,908800
2003-10-23,6.524963855743408,6.543736789572975,6.460599291960287,6.516918093448988,212600
2003-10-24,6.522281169891357,6.522281169891357,6.474007624835658,6.476689545285867,259400
2003-10-27,6.495462417602539,6.549099803068886,6.48473524742368,6.516917269484274,485000
2003-10-28,6.514239311218262,6.530330330772078,6.468647662878874,6.516920721540324,572400
2003-10-29,6.500824928283691,6.567871390635863,6.492779168652822,6.5276436155293425,480600
2003-10-30,6.412326335906982,6.530328302881322,6.372098543752404,6.490100510726744,688400
2003-10-31,6.511554718017578,6.538372902430394,6.4284167094607945,6.441826313191282,303000
2003-11-03,6.471325397491455,6.543735711641041,6.444507217309236,6.522280860580867,557600
2003-11-04,6.449872970581055,6.487419357690963,6.439145796781216,6.452554891912061,307600
2003-11-05,6.46864652633667,6.479373700313019,6.431100138608953,6.463282683586397,748000
2003-11-06,6.476690769195557,6.500827546284569,6.431099135974549,6.463281675934604,273600
2003-11-07,6.492781162261963,6.522281778442738,6.479372070283831,6.500826924363285,438000
2003-11-10,6.482053279876709,6.533008744546916,6.465962268963386,6.503508131602478,197400
2003-11-11,6.479373931884766,6.506192635070431,6.449873307228112,6.506192635070431,445400
2003-11-12,6.516915321350098,6.527642999846095,6.463278463441703,6.463278463441703,480800
2003-11-13,6.575919151306152,6.594692084633502,6.516917919106977,6.516917919106977,278400
2003-11-14,6.589328289031982,6.626874155947561,6.565191514150805,6.592010209743678,939000
2003-11-17,6.522281169891357,6.554463703769832,6.479371465736074,6.543736021969,289000
2003-11-18,6.476690769195557,6.533010086244624,6.460599754977589,6.530328165287609,531800
2003-11-19,6.492781162261963,6.500826924363285,6.449871454103056,6.47132630818251,790200
2003-11-20,6.476690769195557,6.511555230112627,6.441826819802606,6.441826819802606,555800
2003-11-21,6.428417682647705,6.490100846097895,6.409644746107101,6.463282146100963,697200
2003-11-24,6.463281154632568,6.4740083260712975,6.433780538008928,6.436462458749629,372800
2003-11-25,6.500824928283691,6.538370783513256,6.452551393546302,6.463279073054127,631000
2003-11-26,6.562509536743164,6.58932823210434,6.51423649892193,6.541054682759038,782200
2003-11-28,6.562509536743164,6.58932823210434,6.538372762070513,6.58932823210434,288600
2003-12-01,6.629558563232422,6.637604328385261,6.570557820017733,6.594694603951984,382000
2003-12-02,6.67514705657959,6.688556658834034,6.618828261682991,6.629555431962524,1800800
2003-12-03,6.637599468231201,6.6966001682446565,6.637599468231201,6.675145321737592,499400
2003-12-04,6.798514366149902,6.819969223050183,6.629556920476566,6.629556920476566,891600
2003-12-05,6.846787452697754,6.854832703781257,6.798513900100319,6.822650676399037,1163800
2003-12-08,6.921877384185791,6.932605064862454,6.838739905037537,6.865558595205223,1115000
2003-12-09,6.927242755889893,6.970152465034405,6.924560835127849,6.937970438938061,2118000
2003-12-10,6.932605743408203,6.964787765540146,6.905787050615572,6.959424436200835,2366800
2003-12-11,6.967471122741699,6.978198806680528,6.9057884746658145,6.919197568065225,1062200
2003-12-12,7.045242786407471,7.053288034970834,6.967468640135358,6.999651168960633,635800
2003-12-15,6.956743240356445,7.026471644270318,6.948697478223435,7.018425882137308,1375600
2003-12-16,7.061336994171143,7.069382757903551,6.975517560455486,6.975517560455486,1183200
2003-12-17,7.1283793449401855,7.1283793449401855,7.031832282398353,7.0613328874025525,1980800
2003-12-18,7.318795680999756,7.350977712327689,7.152520147391554,7.165929241857499,3413600
2003-12-19,7.30586576461792,7.343580245305555,7.273538699870473,7.330110420901926,2215400
2003-12-22,7.313945293426514,7.54292711209358,7.273536858090238,7.276230822288808,785400
2003-12-23,7.262762546539307,7.303171504294223,7.225048067377375,7.303171504294223,1505200
2003-12-24,7.340882301330566,7.375902798154764,7.257371490579801,7.257371490579801,347800
2003-12-26,7.370517253875732,7.383986560572164,7.332802270247718,7.332802270247718,676000
2003-12-29,7.456721782684326,7.462109710698263,7.354353205703916,7.381292331952502,1110400
2003-12-30,7.4728827476501465,7.521373057174962,7.443249666535883,7.464800858122364,1018400
2003-12-31,7.421703815460205,7.513296574066316,7.394765191958309,7.497133297200916,1529600
2004-01-02,7.419008255004883,7.491743237131885,7.38129326794593,7.491743237131885,988000
2004-01-05,7.561788082122803,7.577951361475474,7.45133806454034,7.462113926656379,1648800
2004-01-06,7.553704261779785,7.577948916074359,7.505213925548197,7.569867535916575,1382200
2004-01-07,7.475577354431152,7.5132918144992615,7.429781004139455,7.5132918144992615,3353600
2004-01-08,7.497131824493408,7.510601133598498,7.4190089068057175,7.483662515388319,2669800
2004-01-09,7.534842491149902,7.5968026176391215,7.440556347446419,7.47557684170472,4739600
2004-01-12,7.556399822235107,7.580644997119737,7.529461195760065,7.559093787646884,1640000
2004-01-13,7.559091567993164,7.631827071288981,7.542928294090054,7.5833367357584365,2006000
2004-01-14,7.5402326583862305,7.556395928707201,7.49174233360222,7.556395928707201,1660400
2004-01-15,7.413621425628662,7.575255713763074,7.41092746088061,7.5563979605267155,2048200
2004-01-16,7.483663558959961,7.502520799865147,7.402846151596089,7.4621123530938505,711200
2004-01-20,7.672231674194336,7.6803135640127635,7.529455217482127,7.556393822568309,1912400
2004-01-21,7.71803092956543,7.747664022908138,7.653377328125918,7.672234564318132,1496000
2004-01-22,7.68031644821167,7.7719091785993,7.631826118733377,7.758439357176913,850200
2004-01-23,7.747664928436279,7.785379405228683,7.691092699426465,7.691092699426465,3394600
2004-01-26,7.793462753295898,7.80962603010568,7.691094134584239,7.704563960110145,1367800
2004-01-27,7.777297496795654,7.841951101398681,7.758439745859578,7.81231800660602,1509000
2004-01-28,7.6668477058410645,7.790767511262064,7.658766325671388,7.771910272437856,1881000
2004-01-29,7.6614580154418945,7.736886948341846,7.623743035170851,7.718029715116858,6494200
2004-01-30,7.588723659515381,7.672234496407915,7.572560387753858,7.650683296118837,1227000
2004-02-02,7.631819248199463,7.66953368658748,7.548308485845704,7.607574105286971,1877800
2004-02-03,7.602193832397461,7.634520893421553,7.561785391483247,7.583336594225575,869000
2004-02-04,7.548313140869141,7.596803456597966,7.505210752181518,7.583333638994957,1072000
2004-02-05,7.480972766876221,7.556401762488387,7.413625155753075,7.540238479688851,2080400
2004-02-06,7.532149314880371,7.532149314880371,7.44863850152316,7.491740889954043,1031800
2004-02-09,7.623742580413818,7.650681703623053,7.542925724607158,7.542925724607158,1478600
2004-02-10,7.72611141204834,7.742274681002371,7.626436806886194,7.637212662069586,1883600
2004-02-11,7.831174373626709,7.839256265987077,7.685703907887905,7.704561142907646,4028200
2004-02-12,7.855419635772705,7.8850527276459665,7.790766037539237,7.8257865438994445,1565800
2004-02-13,7.836559772491455,7.868886303856786,7.782681535121303,7.8473351116729155,1720600
2004-02-17,7.9039130210876465,7.917382333248248,7.87158595255235,7.893137160302107,1065400
2004-02-18,7.820396900177002,7.917377012972073,7.798845706909101,7.9119896000208305,1508000
2004-02-19,7.812315940856934,7.874275564657026,7.8123159408569345,7.841949027813952,841400
2004-02-20,7.809626579284668,7.879668135480837,7.76921812750801,7.879668135480837,645400
2004-02-23,7.871586322784424,7.879668218753703,7.823096488432794,7.839259766550004,1211000
2004-02-24,7.885051250457764,7.914683822958524,7.850030236837281,7.852724200486628,936200
2004-02-25,7.922765731811523,7.93623503626767,7.858112145544166,7.858112145544166,1959600
2004-02-26,7.949707508087158,7.968564746148556,7.898523209191081,7.933544234580419,1503600
2004-02-27,7.987422466278076,8.01436159962931,7.949707987879085,7.9739531565130735,1030400
2004-03-01,8.140976905822754,8.15175276740181,8.025139476776067,8.046690686112818,3672800
2004-03-02,8.07093334197998,8.162526087362343,7.941626118082964,8.095178510688326,2509000
2004-03-03,8.060155868530273,8.087094994850569,7.97933900339049,8.068237760572691,1321200
2004-03-04,8.03591537475586,8.084405727539043,8.008976232785049,8.081711761959822,1287000
2004-03-05,8.105953216552734,8.151749582729575,8.027829792089411,8.054768921691286,1727800
2004-03-08,8.140976905822754,8.211018464622535,8.122119661880767,8.143670871217518,1130600
2004-03-09,8.087100982666016,8.135591343181343,8.043998554168276,8.114040128932473,1783600
2004-03-10,7.947011947631836,8.089788957429292,7.9227667853299835,8.081707065388308,962800
2004-03-11,7.7692131996154785,7.917377600091941,7.753049931921196,7.866193833423209,3188400
2004-03-12,7.882359504699707,7.898522777322686,7.796154698948921,7.825787279787521,1088400
2004-03-15,7.898524284362793,7.9685658308545415,7.87966704373449,7.920075489912464,1742800
2004-03-16,7.895824909210205,7.933539878445727,7.8392532260882986,7.933539878445727,1173000
2004-03-17,8.006279945373535,8.052076319296486,7.928157021517473,7.9739533954404225,3172200
2004-03-18,8.087100982666016,8.097876332879713,7.992814227644155,8.027834758115516,1041000
2004-03-19,7.921260356903076,8.088991669925244,7.921260356903076,8.088991669925244,1168400
2004-03-22,7.845509052276611,7.921258980611818,7.831982518932976,7.921258980611818,1957600
2004-03-23,7.7913994789123535,7.886086731066625,7.729176619155323,7.872560201903448,2405400
2004-03-24,7.626375675201416,7.82116053314757,7.602027503457629,7.775169599409765,2021600
2004-03-25,7.596619129180908,7.669663667924069,7.577681770841047,7.669663667924069,2029800
2004-03-26,7.6831865310668945,7.748114806900781,7.615552845906087,7.615552845906087,1550000
2004-03-29,7.723767280578613,7.799517200012754,7.707535339272765,7.737294328336912,2820800
2004-03-30,7.864445209503174,7.8969096069972515,7.72376701370233,7.7508205922800455,1630800
2004-03-31,7.937490940093994,7.972660236462035,7.842803658481953,7.877973470854166,4161200
2004-04-01,7.845509052276611,7.980776449729657,7.82116087945473,7.9510174571686525,6629000
2004-04-02,7.880677700042725,7.891499338630418,7.829276464763566,7.845508406640978,2320200
2004-04-05,7.921260356903076,7.9401977132761346,7.859036951100407,7.859036951100407,1083000
2004-04-06,7.921260356903076,7.96184047998881,7.89150135917155,7.921260356903076,1184000
2004-04-07,7.921260356903076,7.967251300668044,7.842805005066966,7.913144125884226,2812400
2004-04-08,7.991598606109619,8.048410669032537,7.967250431712881,7.994303500149963,2323600
2004-04-12,8.143091201782227,8.183671286780381,8.059225623985533,8.059225623985533,2562400
2004-04-13,8.072759628295898,8.210732457956956,8.061937987065578,8.18367887088541,2517600
2004-04-14,8.088987350463867,8.110630105619466,8.002416329841472,8.048407249047617,2885600
2004-04-15,8.197202682495117,8.208024320129416,8.088988886172544,8.088988886172544,1868200
2004-04-16,8.262128829956055,8.262128829956055,8.18367353024865,8.237780669081612,1464400
2004-04-19,8.24319076538086,8.29729790286967,8.205316078741035,8.264833517175601,1958000
2004-04-20,8.07546329498291,8.235078856636823,8.064641656089153,8.232373446913384,1379200
2004-04-21,8.048410415649414,8.07546399923899,7.978071304718195,8.021356832059839,2686000
2004-04-22,8.208022117614746,8.208022117614746,8.021353046545943,8.061933144777264,919000
2004-04-23,8.143091201782227,8.224251371778537,8.110626824181436,8.224251371778537,2653600
2004-04-26,8.189085006713867,8.251307860179185,8.156620617599287,8.197200716989542,2206800
2004-04-27,8.35952377319336,8.397398989535532,8.237783443819199,8.25130997508163,5102200
2004-04-28,8.240490913391113,8.359526386528646,8.224258967600983,8.34599985103758,2733600
2004-04-29,8.043000221252441,8.262133800966732,7.988893565869486,8.251312160287602,2135800
2004-04-30,8.072759628295898,8.153919873506284,8.061937987065578,8.088991574137125,2504400
2004-05-03,8.25942325592041,8.275655190843494,8.061932564339948,8.097102358677853,4479200
2004-05-04,8.264835357666016,8.332469036586373,8.210728724132142,8.332469036586373,1811000
2004-05-05,8.291888236999512,8.30541528125149,8.116040789755601,8.197200991251567,1378000
2004-05-06,8.25130844116211,8.332468645657189,8.172853129613404,8.332468645657189,1296200
2004-05-07,8.05111312866211,8.264835283818714,8.05111312866211,8.264835283818714,1331200
2004-05-10,7.818453788757324,7.983480143293657,7.750820104570836,7.983480143293657,3769800
2004-05-11,7.953721523284912,7.9672485703473725,7.872561304926488,7.886087835984864,2000600
2004-05-12,8.002419471740723,8.034883875222246,7.899616473390249,7.9212592370432,6504000
2004-05-13,7.980772495269775,8.06193268712519,7.967245968628511,7.980772495269775,3138000
2004-05-14,8.07546329498291,8.153918112946075,7.980776018679109,8.007829599909359,3114800
2004-05-17,8.07546329498291,8.143096990056462,8.056525942922978,8.061936246365713,3456800
2004-05-18,7.956426620483398,8.116042157528451,7.926667634117828,8.07546204994162,3787400
2004-05-19,7.921260356903076,8.034885011145688,7.902322484525757,7.967251300668044,6030200
2004-05-20,7.91314172744751,7.978070007906075,7.8996151958535155,7.9401953066396045,2638000
2004-05-21,7.87526798248291,7.978070976691416,7.850919809853812,7.967249853303022,3207600
2004-05-24,8.053817749023438,8.070049685748607,7.867148670670111,7.872559488246488,5770000
2004-05-25,8.189085006713867,8.191790415473745,8.04840684722396,8.04840684722396,4566400
2004-05-26,8.121455192565918,8.218847374152778,8.099812428212816,8.210731660022994,4302200
2004-05-27,8.00782585144043,8.121450426616418,7.967245756592698,8.102513083421071,6510800
2004-05-28,8.048410415649414,8.061936949442108,7.980776714677571,7.994303248470264,4801400
2004-06-01,8.159330368041992,8.172856903035063,8.105223196061239,8.124161067457466,5863200
2004-06-02,8.143091201782227,8.21072484878041,8.126859270983719,8.156617724780352,3585800
2004-06-03,8.07005500793457,8.208027851101251,8.056528471076863,8.15662608223422,4334600
2004-06-04,8.029470443725586,8.072755956952893,7.991595748652698,8.061934320644056,1881800
2004-06-07,8.178263664245605,8.180969073102268,8.037585499723043,8.075460707712335,3925400
2004-06-08,8.143091201782227,8.235073002980059,8.105216008580674,8.21072484878041,3638200
2004-06-09,8.078167915344238,8.110631796844999,7.997007179584151,8.07546250588516,6429000
2004-06-10,8.180970191955566,8.197202131311489,8.124158146207815,8.143095494790398,3868000
2004-06-14,8.118745803833008,8.210727636257952,8.10521876023878,8.156620493888942,1798200
2004-06-15,8.235075950622559,8.264834415070863,8.17285258094928,8.210727787707789,2675400
2004-06-16,8.394694328308105,8.402810041387287,8.264837242995673,8.264837242995673,3869400
2004-06-17,8.456913948059082,8.478556701279803,8.386574871090751,8.410923032964554,1823200
2004-06-18,8.479728698730469,8.512322375306365,8.444419357327252,8.512322375306365,1731600
2004-06-21,8.460719108581543,8.51504175055442,8.237997208999136,8.487880429567982,953200
2004-06-22,8.517756462097168,8.520472645532209,8.41454356380169,8.419975930671772,2174000
2004-06-23,8.661712646484375,8.675293566934574,8.50960996385616,8.51775851612628,5333400
2004-06-24,8.610108375549316,8.68887565722521,8.59109508322552,8.66986288296066,7364600
2004-06-25,8.561210632324219,8.637261663147214,8.55034590331591,8.60738469449195,2848000
2004-06-28,8.438992500305176,8.555785850358276,8.400966951193656,8.555785850358276,6844000
2004-06-29,8.485159873962402,8.493308421477794,8.392811741023328,8.392811741023328,3332000
2004-06-30,8.5503511428833,8.56936391223988,8.474300065456987,8.487880466980512,4984600
2004-07-01,8.561210632324219,8.582939572282045,8.50417184114818,8.582939572282045,1904200
2004-07-02,8.5938081741333,8.623685676112904,8.534053688233149,8.569363039433453,726600
2004-07-06,8.615540504455566,8.675295531852413,8.59652772957812,8.650850387564478,1363400
2004-07-07,8.667144775390625,8.667144775390625,8.566648557129275,8.588377511190577,1155400
2004-07-08,8.623682975769043,8.702450722483707,8.585657452835838,8.688869808536923,3132800
2004-07-09,8.672576904296875,8.686157305938572,8.618254261611861,8.664428352476389,1035400
2004-07-12,8.623682975769043,8.672573229859676,8.582941270046481,8.672573229859676,1666800
2004-07-13,8.601960182189941,8.620972957251288,8.544921338946638,8.604676366921458,1552200
2004-07-14,8.705167770385742,8.716032503269476,8.582942633797597,8.582942633797597,2703800
2004-07-15,8.762208938598633,8.79480314794351,8.691590223921322,8.718751028923759,1666200
2004-07-16,8.86813735961914,8.884433425958662,8.794801952736833,8.819247088364268,2277600
2004-07-19,8.838260650634766,8.889866592210364,8.794802742961037,8.854556718438507,1434000
2004-07-20,8.8110990524292,8.840976559046517,8.781222581930157,8.840976559046517,1330600
2004-07-21,8.653568267822266,8.881722647173994,8.653568267822266,8.811102867119157,2030400
2004-07-22,8.68072509765625,8.718750637399403,8.61553823607122,8.637267189932896,3672600
2004-07-23,8.6481294631958,8.68887117532718,8.612819599438689,8.686154992110557,5472600
2004-07-26,8.5720796585083,8.686156786882668,8.512325169572808,8.637266514999498,3911800
2004-07-27,8.658994674682617,8.680723624857691,8.51504057404488,8.520472941103408,3541400
2004-07-28,8.718750953674316,8.735048058206099,8.623687100867969,8.637267503251977,3710400
2004-07-29,8.78122329711914,8.794803700473542,8.688874585684326,8.75949382285741,3148400
2004-07-30,8.813817024230957,8.840977832640313,8.794804251120725,8.827397428435635,2158800
2004-08-02,8.802948951721191,8.827394084476772,8.707885122181732,8.827394084476772,1776000
2004-08-03,8.908879280090332,8.922459681841248,8.827395833466596,8.827395833466596,3836000
2004-08-04,8.7024507522583,8.922455860301088,8.691586021063701,8.922455860301088,7684200
2004-08-05,8.5720796585083,8.745911793877246,8.569363474730448,8.691589154438372,4745600
2004-08-06,8.40096378326416,8.596524342455425,8.381951015877947,8.582943942339288,5498200
2004-08-09,8.53676986694336,8.601956720085626,8.40367997702052,8.419976560791321,4231600
2004-08-10,8.504175186157227,8.582942948273388,8.477013871011687,8.542201234584578,4610800
2004-08-11,8.460719108581543,8.517757934458976,8.379235663681333,8.482448061758872,9452400
2004-08-12,8.352075576782227,8.520475377333307,8.352075576782227,8.487881683721774,4030800
2004-08-13,8.45528793334961,8.482449258167021,8.365655924093577,8.365655924093577,3305600
2004-08-16,8.506890296936035,8.506890296936035,8.433554910706846,8.460716222427909,1780400
2004-08-17,8.311332702636719,8.496029065504509,8.300467966910796,8.487880513710065,10978800
2004-08-18,8.419974327087402,8.430839058758377,8.354787491238312,8.354787491238312,4382200
2004-08-19,8.447139739990234,8.506894239019584,8.422694599919325,8.460720143114441,4529000
2004-08-20,8.534053802490234,8.620969607893773,8.515041034815594,8.515041034815594,4408200
2004-08-23,8.428128242492676,8.563934366501561,8.425412057845389,8.55306962791241,3313800
2004-08-24,8.406396865844727,8.419977267116435,8.324912904037172,8.39553213038008,3781200
2004-08-25,8.460719108581543,8.471583844199762,8.419977386131437,8.419977386131437,4374400
2004-08-26,8.520471572875977,8.539484336468695,8.395529740888323,8.458000397852672,2624800
2004-08-27,8.574797630310059,8.593810402660498,8.542204454297645,8.542204454297645,2040800
2004-08-30,8.53676986694336,8.639982254903849,8.515040915895938,8.555782634352472,3941000
2004-08-31,8.678004264831543,8.691584658637137,8.558494830718814,8.582939954015936,2281600
2004-09-01,8.83011245727539,8.840977194302045,8.680725949573127,8.691590686599781,4444400
2004-09-02,8.900726318359375,8.900726318359375,8.827390946164808,8.859984099545393,2726400
2004-09-03,8.919745445251465,8.941473884311081,8.868139495881275,8.898015970073446,4538600
2004-09-07,8.908879280090332,8.91974401593836,8.827395833466596,8.895298878339416,2626400
2004-09-08,8.91702651977539,8.949619684511342,8.854554819530945,8.854554819530945,5696000
2004-09-09,9.044681549072266,9.058261945086388,8.922455912709573,8.922455912709573,3771400
2004-09-10,8.995795249938965,9.055550262016476,8.952337341914843,9.044685525980881,4516000
2004-09-13,9.058266639709473,9.07456374504339,9.025673465159974,9.031105833604613,3563600
2004-09-14,9.099004745483398,9.128882240277276,9.04468212186888,9.082707647563682,3050000
2004-09-15,9.06912899017334,9.20493505719868,9.055548590694418,9.20493505719868,5238200
2004-09-16,9.09628963470459,9.112585697499199,9.044682672873844,9.058263070575329,2206600
2004-09-17,9.249818801879883,9.26072685731946,9.138013834247765,9.151649423671948,4879800
2004-09-20,9.25255012512207,9.32345043401675,9.244369600316874,9.274365204685877,3253600
2004-09-21,9.481610298156738,9.50342536878488,9.2689084183476,9.271634912082584,7798200
2004-09-22,9.421613693237305,9.462518366506044,9.367074475628668,9.462518366506044,6675600
2004-09-23,9.334355354309082,9.394348623368021,9.271635591315418,9.394348623368021,6543800
2004-09-24,9.440705299377441,9.47070193072119,9.334354362976429,9.334354362976429,6473400
2004-09-27,9.435249328613281,9.50615063177783,9.375257118530788,9.476154006611996,4636200
2004-09-28,9.596142768859863,9.62068537605386,9.495245846062117,9.503426368376939,4997200
2004-09-29,9.467979431152344,9.59887302657498,9.410712637951958,9.57705690721296,6433600
2004-09-30,9.525242805480957,9.56341996458115,9.487065646380763,9.503426691566808,1727000
2004-10-01,9.661589622497559,9.67522417247656,9.514333986125576,9.557965170208073,2359200
2004-10-04,9.650677680969238,9.688854821639794,9.612500540298683,9.667039758506219,4483000
2004-10-05,9.754300117492676,9.781569200953276,9.694306885580732,9.727029993783223,5673600
2004-10-06,9.934283256530762,9.934283256530762,9.762485040496038,9.762485040496038,6013200
2004-10-07,9.857929229736328,10.043361998800615,9.825205065607792,9.980641204345599,7361200
2004-10-08,9.868833541870117,9.931553278901593,9.80065977897733,9.912464708511537,4492800
2004-10-11,9.784296989440918,9.917916958242234,9.732484273161775,9.917916958242234,4842000
2004-10-12,9.67249584197998,9.830658464153766,9.66976830835239,9.776119234344112,6093400
2004-10-13,9.470703125,9.639773839053905,9.367078669176855,9.639773839053905,14263800
2004-10-14,9.547053337097168,9.631589177921883,9.5088761961599,9.53069229969495,9593400
2004-10-15,9.587961196899414,9.639772899637064,9.536149494161764,9.634319912190504,3535000
2004-10-18,9.459793090820312,9.62613727610826,9.457066597401349,9.58523363332799,3382000
2004-10-19,9.43252182006836,9.495241556731544,9.383436627853854,9.448883897556215,3410600
2004-10-20,9.63977336883545,9.647954930902346,9.448887591432346,9.465248635067201,4951000
2004-10-21,9.69430923461914,9.754302481068114,9.394345082872485,9.669766637458116,4937200
2004-10-22,9.67522144317627,9.792480412366968,9.667040923546423,9.718852614950773,2859800
2004-10-25,9.6834077835083,9.732493011290924,9.615233971615748,9.694315843071065,5146000
2004-10-26,9.789755821228027,9.797936342447215,9.653408252911477,9.653408252911477,3654800
2004-10-27,9.620684623718262,9.85247612692429,9.55251083576051,9.803390916374754,10602800
2004-10-28,9.45161247253418,9.623410683132049,9.394346749084653,9.58250600052565,15395600
2004-10-29,9.582502365112305,9.58522989771758,9.39434318505521,9.39434318505521,9065800
2004-11-01,9.525242805480957,9.68613300472432,9.465249532466615,9.639774282781538,7991800
2004-11-02,9.38343620300293,9.525237747396853,9.358893608006884,9.489787101236118,13847200
2004-11-03,9.571596145629883,9.612500820540332,9.435248616260516,9.571596145629883,6939600
2004-11-04,9.686134338378906,9.70794941504714,9.596144416466952,9.596144416466952,7200400
2004-11-05,9.74339485168457,9.792480048136312,9.686129135907253,9.735214332358996,12255800
2004-11-08,9.582502365112305,9.740665968253637,9.557959772909301,9.740665968253637,7066600
2004-11-09,9.495244026184082,9.579779888149869,9.481609478189428,9.517060135174995,11947200
2004-11-10,9.607051849365234,9.626140430300632,9.432527086384656,9.55796662974574,10157400
2004-11-11,9.587961196899414,9.631592378217809,9.552510537000277,9.577053141507461,6057000
2004-11-12,9.789755821228027,9.803390370009804,9.544329782158481,9.571598879722034,5758800
2004-11-15,9.577051162719727,9.748849358773482,9.519785444118208,9.748849358773482,8223800
2004-11-16,9.577051162719727,9.661587014166635,9.577051162719727,9.598867268996038,4883800
2004-11-17,9.727035522460938,9.740671112190325,9.596141975004505,9.596141975004505,7941000
2004-11-18,9.803389549255371,9.817024096895643,9.716127196058466,9.759758372656918,4390000
2004-11-19,9.920648574829102,9.956098190799096,9.811570112730925,9.857928823209908,7872800
2004-11-22,10.078808784484863,10.089716836129643,9.920646196631802,9.934280741063246,7439600
2004-11-23,10.141528129577637,10.196067345447108,10.081535928345335,10.0897164466386,3691800
2004-11-24,10.22607135772705,10.22607135772705,10.059727097201394,10.171532102435885,7098400
2004-11-26,10.269698143005371,10.335145429294673,10.253336061370716,10.258790088582268,2064200
2004-11-29,10.215156555175781,10.321507460649592,10.103351623748303,10.321507460649592,5403800
2004-11-30,10.22879409790039,10.258790729312757,10.198798506737415,10.215159549144603,6979600
2004-12-01,9.983370780944824,10.23424984910235,9.964282201421952,10.198800224416763,14345400
2004-12-02,9.718852043151855,9.923373343858751,9.642497757101001,9.898830746163958,12799200
2004-12-03,9.814298629760742,9.836113700216545,9.686131579991129,9.688858073704573,7960200
2004-12-06,9.81974983215332,9.975186992049085,9.746123072530622,9.975186992049085,2995400
2004-12-07,9.615226745605469,9.90701139825418,9.615226745605469,9.830656078946998,6882200
2004-12-08,9.680673599243164,9.705216193639938,9.478878818619808,9.544326083760867,9152800
2004-12-09,9.762481689453125,9.762481689453125,9.62886170970829,9.70794247638935,6512000
2004-12-10,9.69430923461914,9.819748713331443,9.664312611394655,9.770664559258499,5593800
2004-12-13,9.866111755371094,9.866111755371094,9.707948050693435,9.707948050693435,6084200
2004-12-14,9.896102905273438,9.915191474186145,9.819747589373627,9.857925767448027,4825800
2004-12-15,9.969731330871582,9.99427392680524,9.844290818183403,9.920646139004262,10615600
2004-12-16,9.868833541870117,9.97245795273689,9.822475882422575,9.97245795273689,5357800
2004-12-17,9.866374969482422,9.912902108225026,9.830795515623805,9.830795515623805,6285200
2004-12-20,9.986797332763672,10.000481416741424,9.885532814465192,9.918375868846221,3894600
2004-12-21,10.071638107299805,10.077111949059375,9.956690562434485,9.956690562434485,5824600
2004-12-22,9.934798240661621,10.104483211106807,9.841744990282866,10.071641194511034,7979600
2004-12-23,9.992268562316895,10.003216245391753,9.932058393462214,9.959426557120839,4261200
2004-12-27,9.817109107971191,9.989531449983808,9.814372709412206,9.852688553408688,8936000
2004-12-28,9.885530471801758,9.915636075835629,9.825320307762455,9.825320307762455,4389600
2004-12-29,9.959426879882812,9.964900721597635,9.811636285668232,9.811636285668232,4213600
2004-12-30,9.915637016296387,9.951216464804485,9.904689333058734,9.94574262318566,2311000
2004-12-31,9.940267562866211,9.975847007012185,9.88553019741742,9.90195172026058,1264400
2005-01-03,9.573525428771973,9.907422308771404,9.573525428771973,9.880053113017642,7963200
2005-01-04,9.524266242980957,9.67479323384429,9.518792401345932,9.633740987624405,12666600
2005-01-05,9.4832124710083,9.59268615401,9.458580709627952,9.524264710623298,7948000
2005-01-06,9.647425651550293,9.718583509040206,9.453108959915719,9.455845358884,10057600
2005-01-07,9.570795059204102,9.6884800649969,9.485952064972702,9.6884800649969,9445800
2005-01-10,9.641953468322754,9.74321695202746,9.606374011442641,9.674795481735051,9003600
2005-01-11,9.655637741088867,9.685743355646787,9.579006026962386,9.639217256078224,3295800
2005-01-12,9.82532024383545,9.82532024383545,9.63647638122565,9.688477349319795,7048000
2005-01-13,9.891005516052246,9.970374655609088,9.839005585322884,9.893742958949277,7199600
2005-01-14,9.978588104248047,9.981325548025135,9.86637692205215,9.921114313276004,3292000
2005-01-18,10.077112197875977,10.101743964387959,10.014164582129489,10.0442701905362,8216000
2005-01-19,10.04152774810791,10.115423010852947,10.030581113797142,10.030581113797142,5354000
2005-01-20,9.940267562866211,10.016899248077472,9.866372276114605,10.016899248077472,7888400
2005-01-21,9.962163925170898,10.082585306005418,9.959426482408457,10.003216170350875,8703600
2005-01-24,10.0497407913208,10.13184630520495,10.038793111062045,10.071635107810055,7715000
2005-01-25,10.090795516967773,10.140059046263671,10.016900223023928,10.112690882889734,4257000
2005-01-26,10.189322471618652,10.205743995892606,10.074374933786475,10.107216938305882,7096400
2005-01-27,10.279641151428223,10.320693403507727,10.153744863909822,10.167429991965012,5924600
2005-01-28,10.156477928161621,10.222161920780614,10.120898489809859,10.222161920780614,9997800
2005-01-31,10.276906967163086,10.317960276289883,10.085326597953069,10.126379907079865,11261400
2005-02-01,10.452059745788574,10.45479718829252,10.320690694366391,10.334374774800873,8331000
2005-02-02,10.597111701965332,10.602585541798238,10.46026883822726,10.495847231098857,6205200
2005-02-03,10.649109840393066,10.657320076760657,10.50131932160832,10.536898752581244,5870200
2005-02-04,10.687427520751953,10.70384904036071,10.61626969050375,10.673743443092093,8835600
2005-02-07,10.616273880004883,10.728485031542773,10.539641135617302,10.714800948482761,7347600
2005-02-08,10.692901611328125,10.71205952930675,10.55332234547982,10.56974282144537,4345200
2005-02-09,10.673745155334473,10.777746041483624,10.58890218978801,10.701113315044495,11826400
2005-02-10,10.966588020324707,10.980272099145512,10.742165786772988,10.78869186356938,11408400
2005-02-11,11.06238079071045,11.119855608696852,10.933749160047054,10.955643483637775,8490400
2005-02-14,11.076068878173828,11.119858581089064,11.051437105032203,11.076068878173826,5754200
2005-02-15,11.100698471069336,11.133540480798171,11.018591880704252,11.12533023937313,5439200
2005-02-16,11.412697792053223,11.426381872915696,11.108906394375465,11.133538157539295,10859600
2005-02-17,11.259434700012207,11.492068278228043,11.240276775739305,11.44006730317711,10380200
2005-02-18,11.508488655090332,11.565962427387166,11.27585612301539,11.284066363621065,13099400
2005-02-22,11.426380157470703,11.70553975007434,11.418169918991515,11.631644471676765,13194600
2005-02-23,11.571434020996094,11.590591941372972,11.412696817297903,11.412696817297903,6509400
2005-02-24,11.79859733581543,11.80954502054494,11.56322733427437,11.617964713893238,10095200
2005-02-25,12.088706970214844,12.148918208621449,11.817758485443054,11.845126660702984,13596200
2005-02-28,12.001124382019043,12.247442070318488,11.60701712476862,12.179020606238497,18948400
2005-03-01,11.768489837646484,12.04217564782431,11.752068313185552,11.973754195279854,14922400
2005-03-02,11.940913200378418,11.962807524149692,11.691859133812128,11.719227299533374,12231400
2005-03-03,12.13796615600586,12.162597922493623,11.973755075439835,11.987439158148906,19723400
2005-03-04,12.293964385986328,12.340491510154685,12.075015977033855,12.151648703188496,11982000
2005-03-07,12.209124565124512,12.304914184261087,12.069544212635735,12.247440412779142,14403600
2005-03-08,12.195439338684082,12.296702789988263,12.151649653469155,12.165333734343486,11586800
2005-03-09,11.858805656433105,12.354176262916626,11.836910292330987,12.285754816140146,30848600
2005-03-10,11.617966651916504,11.919020723996876,11.508491874416992,11.850599249066896,39681400
2005-03-11,11.713756561279297,11.823231341228091,11.546807991670379,11.579651052072343,21890600
2005-03-14,11.79859733581543,11.834176789171996,11.530385324114519,11.741123557028523,20316400
2005-03-15,11.634378433227539,11.95185379761593,11.631642035650327,11.823222230925476,22709200
2005-03-16,11.67270278930664,11.836913893922977,11.522174725374802,11.631649491138186,23806400
2005-03-17,11.875226020812988,11.891647543731008,11.74112057108194,11.74112057108194,23589200
2005-03-18,12.021860122680664,12.041081834952731,11.873578491939684,12.041081834952731,16131400
2005-03-21,11.917516708374023,12.054815283136374,11.818661566944332,11.999895643730435,17719400
2005-03-22,11.774724006652832,12.098748670251602,11.758247803459657,11.876324640915385,19579800
2005-03-23,11.549551963806152,11.69508806086701,11.45069686108384,11.642914999987827,48613000
2005-03-24,11.541313171386719,11.717055108097586,11.431474984694713,11.615454497343723,21760800
2005-03-28,11.555044174194336,11.623693435550042,11.45069700363238,11.560535193298746,21631200
2005-03-29,11.36832332611084,11.703331163243925,11.351847118708854,11.560540508275283,18394800
2005-03-30,11.538564682006836,11.555040877132619,11.198063981937409,11.395774133429612,48348400
2005-03-31,11.771974563598633,11.80767247134817,11.642914669819552,11.722547013639135,24952200
2005-04-01,12.06304931640625,12.07952551763624,11.766483979294545,11.925750782003725,17830400
2005-04-04,11.958699226379395,12.214074522013702,11.86808276043094,12.109727367963103,28208400
2005-04-05,11.807669639587402,12.013617365859277,11.725290758579515,11.851605112625231,17903600
2005-04-06,11.99439811706543,12.04931773148055,11.725293158686306,11.804926547213006,20893000
2005-04-07,11.947724342346191,12.137197090760152,11.813172293840147,12.08227743835748,38581400
2005-04-08,11.730786323547363,11.969685463997497,11.728039766441887,11.862592781985526,23421400
2005-04-11,11.8186616897583,11.843375475372538,11.61545933609624,11.711568967931608,23246400
2005-04-12,11.631932258605957,11.8186583533101,11.57701263413332,11.777468373079444,29360800
2005-04-13,11.346354484558105,11.697838511590255,11.3408624156976,11.535826146472932,36177400
2005-04-14,11.340862274169922,11.538572560660704,11.305164350774637,11.409511562811996,39069800
2005-04-15,10.909743309020996,11.327131051655304,10.893267104935019,11.272211418873576,80558200
2005-04-18,11.107452392578125,11.129419614863195,10.821871170338904,10.898758019593787,58074600
2005-04-19,11.36832332611084,11.436972619028163,11.192580256338223,11.247499900173098,40263000
2005-04-20,11.134912490844727,11.480905432624636,11.134912490844727,11.442460957700886,40722000
2005-04-21,11.519353866577148,11.51935386657715,11.134917330294783,11.165123192824792,29369000
2005-04-22,11.544062614440918,11.667631521928753,11.382050279624611,11.560537770436076,22903800
2005-04-25,11.706075668334961,11.777470459544201,11.618204672613636,11.642918455629315,25917000
2005-04-26,11.5138578414917,11.752757053298629,11.5138578414917,11.670378123107094,28130000
2005-04-27,11.217289924621582,11.533076975084096,11.209052347698025,11.508363196808729,57888600
2005-04-28,10.992122650146484,11.176103269797405,10.97564749294231,11.13491328177715,43846200
2005-04-29,11.134912490844727,11.195324189648643,10.98662980151048,11.093723553255103,29798800
2005-05-02,11.335369110107422,11.349099804513132,11.030566130387136,11.118438175063044,45705600
2005-05-03,11.069009780883789,11.313401038968106,11.027819795755153,11.313401038968106,23528800
2005-05-04,11.198070526123047,11.209054662626064,10.808143107810128,11.069010588479781,35418000
2005-05-05,11.318892478942871,11.382049684466473,11.189831510370201,11.299670766283722,26727600
2005-05-06,11.285943031311035,11.469923676055261,11.272213382599986,11.368323018587434,17781600
2005-05-09,11.436971664428711,11.445209243689604,11.30241860063914,11.340862033863305,18524800
2005-05-10,11.244756698608398,11.447958060770741,11.211805324542533,11.447958060770741,30573800
2005-05-11,11.313403129577637,11.324387267309016,11.12118490929863,11.165120412719114,21360400
2005-05-12,10.819128036499023,11.272212701622175,10.808143899191737,11.217293062590736,46778600
2005-05-13,10.654364585876465,10.901502332606107,10.599444970213817,10.901502332606107,44202800
2005-05-16,10.607690811157227,10.626912532592373,10.418218060574716,10.596706671049928,48238600
2005-05-17,10.797161102294922,10.81638282121645,10.585721146652968,10.618672515160576,37085800
2005-05-18,10.775187492370605,10.978388699939513,10.709283746872488,10.890517737611688,55853800
2005-05-19,10.9701566696167,10.981140807335919,10.736748456855901,10.830111532459215,31536400
2005-05-20,10.887775421142578,11.03880361646324,10.88502886354313,10.915234712108223,23633000
2005-05-23,11.069009780883789,11.110198718507588,10.92347260159949,10.956425008704333,19972200
2005-05-24,11.115693092346191,11.154136527772224,11.060773449949693,11.085487236652865,24069000
2005-05-25,11.285943031311035,11.340862673660284,11.069012067664332,11.140406869464819,31210800
2005-05-26,11.343603134155273,11.373807926080985,11.236509417765157,11.305158671923072,17919800
2005-05-27,11.53308391571045,11.53582942716899,11.368325993059573,11.390293227243871,20082400
2005-05-31,11.445206642150879,11.55779140564713,11.360081168286003,11.55779140564713,16916800
2005-06-01,11.662147521972656,11.697844416327174,11.480913348114255,11.511118170836024,27831800
2005-06-02,11.640170097351074,11.714311434930318,11.533077403349303,11.637424587442837,31970200
2005-06-03,11.706075668334961,11.76648632320281,11.629187761450131,11.662140170474299,18222200
2005-06-06,11.741765975952148,11.780210431654636,11.640165390356348,11.780210431654636,12931600
2005-06-07,11.629190444946289,11.829647313165976,11.620952864541831,11.752759388538857,18602200
2005-06-08,11.662147521972656,11.846127207894654,11.571529911290677,11.618211996416242,33232400
2005-06-09,11.999894142150879,12.010878278158591,11.67037739445357,11.697836686967985,32937200
2005-06-10,11.986165046691895,12.021861919100035,11.85161199317649,11.97792642055509,23413200
2005-06-13,12.032844543457031,12.068542458883963,11.887308419223455,11.92025977711497,21866600
2005-06-14,12.106989860534668,12.128957090508589,11.986167476915279,11.986167476915279,21126200
2005-06-15,12.252521514892578,12.252521514892578,12.082271617223931,12.082271617223931,22493600
2005-06-16,12.425511360168457,12.425511360168455,12.244277424218652,12.285467383640773,19638600
2005-06-17,12.62687873840332,12.646160537167031,12.467114062042036,12.615860267458565,38455400
2005-06-20,12.640647888183594,12.712266879205115,12.541483778017756,12.67370224131256,19233600
2005-06-21,12.373456954956055,12.621367253126017,12.365193628610069,12.464357747878053,33293000
2005-06-22,12.44507884979248,12.524961192330588,12.279805979722651,12.395496778615676,47478400
2005-06-23,12.456089973449707,12.681963252998745,12.439562275880753,12.453334831798884,29875000
2005-06-24,12.37896728515625,12.560767836313074,12.36244063100144,12.505677588091533,17967400
2005-06-27,12.569029808044434,12.604838252377697,12.436811346221257,12.478129024477852,22184200
2005-06-28,12.334892272949219,12.569029989567069,12.33213818133724,12.519447934319945,23333000
2005-06-29,12.32387638092041,12.406512799633019,12.216447880737038,12.307348676866258,25027000
2005-06-30,12.243990898132324,12.47812753259651,12.232972431603027,12.340399853316683,29436600
2005-07-01,12.51669979095459,12.522209028038114,12.260526045858144,12.260526045858144,16233000
2005-07-05,12.891322135925293,12.899586518626085,12.571793675361308,12.621375768447077,33487000
2005-07-06,12.659930229187012,13.029040515888344,12.626875874628695,13.029040515888344,29358200
2005-07-07,12.822456359863281,12.825211503953993,12.491909471210628,12.491909471210628,31388400
2005-07-08,12.737059593200684,12.932632697045475,12.637895469904992,12.874787308716014,29977400
2005-07-11,12.830714225769043,12.841731644198337,12.58004877978479,12.615858279322406,19920600
2005-07-12,12.94640827178955,13.009762909579258,12.797662052224506,12.894072105992661,27570400
2005-07-13,12.872031211853027,13.001495591090427,12.822449153880362,12.951913533117763,23530200
2005-07-14,12.563521385192871,12.954667561990558,12.491902390344931,12.866521915084629,60506800
2005-07-15,12.497410774230957,12.670947964484386,12.447828719872835,12.670947964484386,42729200
2005-07-18,12.44507884979248,12.51945195655769,12.356933178984669,12.401006014388575,25366600
2005-07-19,12.712263107299805,12.712263107299803,12.43680779447232,12.505671622679191,24609200
2005-07-20,12.726041793823242,12.767359480185851,12.546995333914538,12.7067599966982,22040600
2005-07-21,12.602088928222656,12.77011694872365,12.527715818290446,12.679216130768951,23705200
2005-07-22,13.053833961486816,13.073115759447543,12.726042345375307,12.731551580618254,48244400
2005-07-25,13.175034523010254,13.27970683621891,12.995988062303164,12.995988062303164,34083400
2005-07-26,13.144736289978027,13.235636055071751,13.070363181748997,13.16126294684272,15805200
2005-07-27,13.210843086242676,13.219107464245242,13.018024061722777,13.166770256419197,24545000
2005-07-28,13.249408721923828,13.304500030384204,13.103417647666246,13.268690522268063,16556400
2005-07-29,13.111678123474121,13.354079197493347,13.108924031500996,13.354079197493347,17639000
2005-08-01,13.249408721923828,13.315518502232141,13.16126304869895,13.172281520546887,14161200
2005-08-02,13.469767570495605,13.480784986341487,13.282457840991068,13.301739632194874,15673600
2005-08-03,13.403664588928223,13.579955940816145,13.362345843613527,13.57720184815886,21247200
2005-08-04,13.431204795837402,13.56617840371969,13.387131974018912,13.387131974018912,21083200
2005-08-05,13.329293251037598,13.497321296527245,13.235638326540718,13.442229979038585,18391600
2005-08-08,13.522109031677246,13.662590858695143,13.436717457902933,13.436717457902933,22965600
2005-08-09,13.491801261901855,13.59371943468176,13.428446665266854,13.557911000135004,17855200
2005-08-10,13.71216869354248,13.736959720159438,13.524858948165214,13.566177676119779,23931400
2005-08-11,13.844388961791992,13.88570769514818,13.692888690784367,13.761752545858656,25603600
2005-08-12,13.819601058959961,13.924274436575944,13.750737188303523,13.910501872600511,18358200
2005-08-15,13.684623718261719,13.800314476495807,13.635041664510277,13.75899679888888,20461000
2005-08-16,13.384381294250488,13.69564626875284,13.37887205877142,13.654327528049446,33384800
2005-08-17,13.075874328613281,13.524866085377397,13.01527377584142,13.373365754227198,56127400
2005-08-18,13.048323631286621,13.13096005143799,12.910595914107978,12.987724150257801,32587800
2005-08-19,13.271439552307129,13.310003135231797,13.125448545298369,13.125448545298369,24550800
2005-08-22,13.304499626159668,13.467018403251423,13.169527027850835,13.348572461433063,26200400
2005-08-23,13.279706954956055,13.387134412029189,13.125452575888643,13.304497987417482,33849800
2005-08-24,13.406414031982422,13.497314819836866,13.274195563922396,13.387132237730688,29120800
2005-08-25,13.37060832977295,13.46150808550216,13.296235229205852,13.46150808550216,25794600
2005-08-26,13.219109535217285,13.42570115440161,13.208091063340419,13.307255208673585,20387800
2005-08-29,13.326537132263184,13.51109180939986,13.22186375002395,13.497319244816117,30181600
2005-08-30,13.574444770812988,13.613008367197017,13.373362410539698,13.381626788892843,30198200
2005-08-31,13.949066162109375,14.017930036172539,13.560673954424317,13.585464991118227,42814800
2005-09-01,14.312664985656738,14.331946783169638,14.048228004811982,14.130864429978573,39612800
2005-09-02,14.034451484680176,14.199724288406212,14.001397134090741,14.199724288406212,28966000
2005-09-06,14.133620262145996,14.163919480587257,13.893973251463686,14.037210219100945,24194600
2005-09-07,14.155662536621094,14.30991804458961,14.070271976614325,14.100571208719503,26198200
2005-09-08,14.174936294555664,14.28787297977216,14.117090905957259,14.117090905957259,31804200
2005-09-09,14.544045448303223,14.549554682600665,14.235535683099485,14.235535683099485,26980000
2005-09-12,14.246561050415039,14.51650735703384,14.224524102554152,14.486207079114875,27957000
2005-09-13,14.12535285949707,14.364999818871889,14.122598767784492,14.254817236346986,21725800
2005-09-14,14.301648139953613,14.365003825583045,14.141884506587841,14.202485048957241,23563600
2005-09-15,14.301648139953613,14.439375881135504,14.128111942625507,14.428358460433202,29921000
2005-09-16,14.441971778869629,14.455784760491763,14.317663374530783,14.350812212102305,27790400
2005-09-19,14.823192596435547,14.903303282910173,14.585623555873797,14.616010440659547,32382600
2005-09-20,14.682306289672852,14.8314766114472,14.591145653349281,14.76517892483254,30426600
2005-09-21,14.889493942260742,15.002753498319185,14.770709401299069,14.972366608242973,39852000
2005-09-22,14.779000282287598,15.096680149121159,14.488945347317138,15.096680149121159,51834200
2005-09-23,14.51932144165039,14.75136542771955,14.436447761510777,14.696116658887346,32064000
2005-09-26,14.784516334533691,14.809378231295003,14.419875884556319,14.419875884556319,23424000
2005-09-27,14.795564651489258,14.801089633907374,14.613244446821964,14.687829075009933,14196000
2005-09-28,14.917110443115234,14.944734300200556,14.66572955002145,14.889486586029914,34448200
2005-09-29,15.060760498046875,15.071810465093861,14.878440256903046,15.008274735247982,26904600
2005-09-30,14.825950622558594,15.052470688838842,14.803851746447508,15.022083812126272,20336600
2005-10-03,14.78727912902832,14.999986245749472,14.732031403154005,14.930925534623755,13257400
2005-10-04,14.25412654876709,14.723739469784766,14.22926465724902,14.657441794924942,35211400
2005-10-05,13.707168579101562,14.312141035755728,13.70716857910156,14.28175415662736,63111800
2005-10-06,13.381203651428223,13.679546443644773,13.165734559571522,13.370154737992069,101702200
2005-10-07,13.682310104370117,13.704410041547284,13.466840985807755,13.544188658361833,43041600
2005-10-10,13.475122451782227,13.707166428799333,13.381199864566195,13.674017590306196,32451000
2005-10-11,13.798328399658203,13.881201030877053,13.604958224292435,13.662968960767362,34082600
2005-10-12,13.533140182495117,13.84805692100285,13.45302948830405,13.839768917401095,41327000
2005-10-13,13.165740013122559,13.453032957123396,12.903308978771474,13.37016027621866,78428400
2005-10-14,13.353580474853516,13.403304276116977,12.872917413901028,13.066287635060831,62164000
2005-10-17,13.519319534301758,13.646391997626049,13.441971903064534,13.646391997626049,29973200
2005-10-18,12.892251968383789,13.477887508450896,12.889490003834307,13.348053045187845,62569400
2005-10-19,13.182312965393066,13.20717487126058,12.610490184223428,12.900545050155642,92579600
2005-10-20,12.58286190032959,13.154684528868856,12.414353589292661,13.093911817023228,95887800
2005-10-21,12.712698936462402,12.930931089846366,12.530378656697046,12.646400173919053,62963400
2005-10-24,13.165740013122559,13.168501979179949,12.64916595015918,12.65192791621657,60696800
2005-10-25,13.439212799072266,13.505510481731244,13.135345083240177,13.212693784719207,67175400
2005-10-26,13.359105110168457,13.795568288579965,13.30109436146907,13.436452775100976,61851800
2005-10-27,12.980649948120117,13.499985665897478,12.975124965533208,13.41158805207228,54528600
2005-10-28,13.334243774414062,13.395017544451438,12.792807989410186,12.997227127891083,56558800
2005-10-31,13.486176490783691,13.671259757007817,13.303856243308685,13.411590791300794,45360800
2005-11-01,13.56904411315918,13.60495596711625,13.39777389655103,13.414348841557949,41405000
2005-11-02,13.834242820739746,13.842529769261011,13.52208809645003,13.552474979405162,41859400
2005-11-03,14.096672058105469,14.168495788000103,13.89777792606663,13.94473870395073,37997400
2005-11-04,13.67402172088623,14.074574083062709,13.643634837345664,14.019325299696488,58942200
2005-11-07,13.43645191192627,13.693357843985769,13.364629235357611,13.591148285636313,43073400
2005-11-08,13.549707412719727,13.646393012740853,13.337000357212274,13.400536066709432,26947800
2005-11-09,13.425394058227539,13.767935451004432,13.301085693107565,13.508267706683807,64432000
2005-11-10,13.008279800415039,13.328721561610196,12.908832175598755,13.32319657647783,80092400
2005-11-11,13.113250732421875,13.185073422386052,12.914355508239488,12.914355508239488,31180400
2005-11-14,13.182312965393066,13.314909445425418,13.069053406170655,13.301097509673054,30897200
2005-11-15,13.20440673828125,13.519323388125866,13.143634033749157,13.160207928720299,50381200
2005-11-16,13.546952247619629,13.546952247619629,13.187836683638775,13.204410583436275,45751000
2005-11-17,13.541423797607422,13.70164409275072,13.430926242914763,13.698882128085655,36924000
2005-11-18,13.546952247619629,13.643636842381879,13.389493876845076,13.591151070051378,48028800
2005-11-21,13.883967399597168,13.883967399597168,13.610487524442494,13.682310213273949,35605400
2005-11-22,14.10496711730957,14.135352960317496,13.928170722686067,14.019331413059906,28823000
2005-11-23,14.052474975585938,14.182309466073528,13.90330462163204,13.994464223838147,24430200
2005-11-25,14.088384628295898,14.149158389393158,14.035898868846404,14.04694778140544,7350000
2005-11-28,13.613245010375977,14.008272303425517,13.596671116597712,14.008272303425517,44192200
2005-11-29,13.635348320007324,13.8010936215663,13.591149502672733,13.729270938566192,29985000
2005-11-30,13.687841415405273,13.839774865483873,13.604968720251808,13.604968720251808,35525800
2005-12-01,14.121532440185547,14.121532440185545,13.79556583343401,13.798328851708677,37357000
2005-12-02,14.135343551635742,14.24031611055714,13.986173240706304,14.24031611055714,30877800
2005-12-05,14.234797477722168,14.364631988676575,14.16021176209622,14.28175932257545,40542800
2005-12-06,14.295567512512207,14.419877005986274,14.151921103806936,14.201644901196563,28030000
2005-12-07,14.243083000183105,14.513800890959658,14.151922345708044,14.389491386576818,66806000
2005-12-08,14.494462013244629,14.508273944355835,14.254129986021878,14.276229918826047,32613200
2005-12-09,14.314906120300293,14.461314511156889,14.251370383630771,14.36739188873608,28286800
2005-12-12,14.499993324279785,14.51104224172085,14.348058854403526,14.50551725610869,27012400
2005-12-13,14.439214706420898,14.693357636870068,14.419877790138154,14.544187290372163,37813200
2005-12-14,14.613251686096191,14.62982558777846,14.386732563651057,14.447505292791323,31727200
2005-12-15,14.497220993041992,14.627055437077171,14.392248441401154,14.530369831640254,30722400
2005-12-16,14.144648551940918,14.565636850400521,14.125261023294975,14.499164568942238,45466600
2005-12-19,14.028322219848633,14.291438960151298,14.025551969390571,14.213888851981332,38872400
2005-12-20,14.21943187713623,14.263746386755765,14.069870010967339,14.069870010967339,29189000
2005-12-21,14.249894142150879,14.393916520520596,14.18342186884911,14.263742224264307,35378400
2005-12-22,14.2332763671875,14.363450668542534,14.188961868764231,14.332984252775102,16832200
2005-12-23,14.194501876831055,14.24435582160467,13.961850486734523,14.094793987283822,27793000
2005-12-27,13.776280403137207,14.06986349724776,13.698729254799812,14.06986349724776,51304200
2005-12-28,13.984013557434082,14.064332893041351,13.842760308270321,13.859378648331182,38797800
2005-12-29,13.87598991394043,14.116950985883546,13.862141831499564,13.959080521667556,25124200
2005-12-30,13.93415641784668,14.042172962269019,13.748588694024283,13.792903200878094,24225600
2006-01-03,14.596102714538574,14.596102714538574,14.022783402824913,14.022783402824913,48380400
2006-01-04,14.63764476776123,14.665341986719582,14.399455023964652,14.513010980341708,39995800
2006-01-05,14.452082633972168,14.679194617109815,14.313599665886226,14.665346531609462,47122000
2006-01-06,14.806595802307129,14.845370856751456,14.615489724028233,14.687500388490413,36291800
2006-01-09,14.789981842041016,14.870301162883035,14.645959424280399,14.803829927941969,30470400
2006-01-10,14.950615882873535,15.028165979806486,14.762279027572802,14.789976245435163,34982600
2006-01-11,15.014314651489258,15.08078690343988,14.70688246723126,14.886910646502884,39429000
2006-01-12,14.906304359436035,15.244203088863808,14.870298497314787,15.136186559041104,44637600
2006-01-13,15.083563804626465,15.11403022498413,14.77613146325895,14.77613146325895,35416000
2006-01-17,15.415925025939941,15.429773112393278,15.269133407760298,15.316217113009893,30796000
2006-01-18,15.288522720336914,15.413157626012275,15.008786481316506,15.374381500269966,43220200
2006-01-19,15.554404258728027,15.593179314078519,15.12787653679059,15.12787653679059,52820200
2006-01-20,15.623645782470703,15.928307838266022,15.510089810051607,15.759359533186704,57437800
2006-01-23,15.79535961151123,15.870140506074357,15.485158203966217,15.537781326862918,43304200
2006-01-24,15.70119571685791,15.842448910559657,15.651341772791532,15.654112023318003,39394200
2006-01-25,15.371606826782227,15.870145215261555,15.219275799266462,15.845218243010537,74196800
2006-01-26,15.421463012695312,15.440850543203844,15.108491217064316,15.33283399993026,54059400
2006-01-27,15.690122604370117,15.762133291605895,15.512863496287189,15.540560727178892,45753000
2006-01-30,16.0501708984375,16.141569077711885,15.842446515083799,15.87291292702221,57694400
2006-01-31,15.969847679138184,16.0501680131659,15.861831188258467,15.994774642921245,35137400
2006-02-01,15.590418815612793,16.083418034109215,15.582109115873662,15.922778278554643,64991200
2006-02-02,15.435308456420898,15.673499283668733,15.233123489616364,15.507320177307495,71964400
2006-02-03,15.294054985046387,15.476852408684593,15.216503826519856,15.44084655138802,41721800
2006-02-06,15.59318733215332,15.69012607691683,15.427008136189537,15.443625421860979,43949800
2006-02-07,14.942309379577637,15.426999667705005,14.878607354208672,15.426999667705005,73028600
2006-02-08,14.945079803466797,15.025400168536667,14.623799399728394,14.981085666522441,88577400
2006-02-09,14.60440731048584,15.219271758397593,14.573940901763619,15.0946369302343,62496200
2006-02-10,14.551791191101074,14.72627897798644,14.288673328657412,14.651499101630566,86765000
2006-02-13,14.493627548217773,14.762283780464326,14.421615815131439,14.582256560830826,46839200
2006-02-14,14.330219268798828,14.47147144385107,14.202814123929425,14.263746973365171,61700000
2006-02-15,14.252664566040039,14.540709347639313,14.150187481707212,14.416074484779912,104064400
2006-02-16,14.579488754272461,14.601646539411274,14.385612360473248,14.39115180675795,54272800
2006-02-17,14.68195915222168,14.950616363142274,14.596100415442338,14.875835457322907,47213200
2006-02-21,14.970003128051758,15.094637964756995,14.84813854135153,14.928458886843885,41752400
2006-02-22,14.690277099609375,14.859226531025618,14.621035598638226,14.845377385598223,48568000
2006-02-23,14.673656463623047,14.870302042049921,14.429926122499694,14.65426893090723,57958600
2006-02-24,14.85368537902832,14.992168365073413,14.834297845505313,14.956162492870115,33029400
2006-02-27,14.596102714538574,14.817675216751892,14.596102714538574,14.776129910350194,32065200
2006-02-28,14.49639892578125,14.554561525966376,14.366224581664826,14.554561525966376,47670000
2006-03-01,14.742895126342773,14.75120376547288,14.56286792043025,14.607182423359296,26790800
2006-03-02,14.989396095275879,15.0170933226801,14.7318176913932,14.789981340671465,42100600
2006-03-03,14.992167472839355,15.100184026479488,14.831526711447475,14.850914243816664,45045200
2006-03-06,14.471468925476074,14.895226433430352,14.46316028619575,14.859221625521542,47172200
2006-03-07,14.258199691772461,14.418840367807947,14.169570717594507,14.407761481900526,47732200
2006-03-08,14.258199691772461,14.427149003968157,14.028318620167363,14.116947594345318,81573200
2006-03-09,14.155730247497559,14.463162629165579,14.14742160687127,14.402229780462719,45627000
2006-03-10,14.2332763671875,14.332984252775102,14.000624986330092,14.097563678002917,47799400
2006-03-13,14.513016700744629,14.529633982128578,14.277595001239533,14.316370066523803,23997000
2006-03-14,14.781670570373535,14.803828350687272,14.247126270527485,14.568406689288848,33197600
2006-03-15,14.859227180480957,14.861996375762597,14.654271863770084,14.706895026453246,43330400
2006-03-16,15.09463882446289,15.114026349438932,14.762279593166543,14.812133530688039,54604800
2006-03-17,14.903250694274902,15.181037278998224,14.889360517301355,15.083811338542025,46593600
2006-03-20,14.572684288024902,14.969919197342199,14.556017770779428,14.861582596559618,45785400
2006-03-21,14.547679901123047,14.764354109465712,14.450455042019694,14.528234929302375,50832800
2006-03-22,14.644899368286133,14.839349000830687,14.53656284167673,14.547673492342833,43925600
2006-03-23,14.861578941345215,14.886579770736208,14.72824153781709,14.76713148138719,34714000
2006-03-24,14.961585998535156,15.083811717401534,14.839359219997025,14.84769353832483,42517000
2006-03-27,15.039368629455566,15.07825858979096,14.800471947770214,14.847696227943151,38741200
2006-03-28,15.156034469604492,15.30326100123365,15.10603280609429,15.12547777971808,45004800
2006-03-29,15.33381462097168,15.344926335009504,15.11158563857208,15.11158563857208,36419200
2006-03-30,15.325479507446289,15.472707061601307,15.25881134603422,15.361592046352765,46860200
2006-03-31,15.11158275604248,15.208807586149396,15.017135324079547,15.194918476087148,51697800
2006-04-03,15.194914817810059,15.467145336239282,15.150469040508776,15.208803924528413,36763000
2006-04-04,15.394926071166992,15.422705354713933,15.069916401202642,15.069916401202642,27552000
2006-04-05,15.64771556854248,15.653270366569425,15.308815666637761,15.389374013757983,40829600
2006-04-06,15.681051254272461,15.794943699527026,15.519934543600751,15.76716440820176,42543600
2006-04-07,15.375482559204102,15.672714033452753,15.350481731478917,15.611601723202288,43387400
2006-04-10,15.667157173156738,15.708824507431867,15.500484657042396,15.547708907493075,34570400
2006-04-11,15.556045532226562,15.867166146163074,15.481043042678461,15.806053830720236,27590200
2006-04-12,15.453267097473145,15.650495306724535,15.381041996269866,15.508824623089897,32700200
2006-04-13,15.503266334533691,15.517155448842942,15.219923952004665,15.294926440880422,22807200
2006-04-17,15.78938102722168,15.78938102722168,15.608819420380968,15.742156782184551,27431400
2006-04-18,16.175508499145508,16.20328778620427,15.889388730304683,15.917166957691995,58448800
2006-04-19,16.425521850585938,16.43107770971133,16.056065166285485,16.08384446191246,48529200
2006-04-20,16.256061553955078,16.43940055021629,15.972719276156635,16.33384141307465,52530000
2006-04-21,16.5949649810791,16.625520604122745,16.25606513230759,16.375513404918163,39209200
2006-04-24,16.342180252075195,16.556074923889426,16.256066055865222,16.52829669784564,59635400
2006-04-25,16.131059646606445,16.59218512779616,15.947720625402615,16.514405258094914,67672600
2006-04-26,15.87549877166748,16.425515910099946,15.856053801596993,16.16439592400245,58854200
2006-04-27,15.694938659667969,16.000503413244232,15.347705503480624,15.51437699458195,89759000
2006-04-28,15.872714042663574,16.07272058114211,15.79771159073412,15.79771159073412,38107800
2006-05-01,16.133840560913086,16.286622925231367,15.953278910564217,15.986612994129509,39191600
2006-05-02,16.492185592651367,16.511630564509872,16.214399069333876,16.31440238727561,38083000
2006-05-03,16.23661994934082,16.48940560346449,16.11439322009114,16.42829223883965,51569400
2006-05-04,16.1616153717041,16.311620305553244,15.869939817889337,16.097724616843433,55618400
2006-05-05,16.35051918029785,16.431077547312206,16.21718174162156,16.356075039368335,31436800
2006-05-08,16.278291702270508,16.30884839287386,16.000505147216938,16.144954283005386,34185400
2006-05-09,16.37551498413086,16.458850725235738,16.206065043403786,16.22273261549334,26333400
2006-05-10,16.528305053710938,16.531082453850868,16.26996339414809,16.325520933994106,41188800
2006-05-11,16.314403533935547,16.70886097580005,16.264401871450307,16.66996996967809,43551400
2006-05-12,15.761606216430664,16.264399094952598,15.742160186853535,16.264399094952598,70278200
2006-05-15,15.431042671203613,15.694940106161894,15.258815306569707,15.453266103890103,58166600
2006-05-16,15.486601829528809,15.700497623213849,15.344931140034411,15.528270240382772,41205200
2006-05-17,15.092144966125488,15.531047198877244,14.97825145431522,15.347708103735327,72929200
2006-05-18,14.90880298614502,15.264370475369478,14.889358013258317,15.100476375559019,49518600
2006-05-19,15.00602912902832,15.125477426886146,14.608794289114446,14.828245911659899,80607600
2006-05-22,14.919916152954102,15.03936446068684,14.514348022344707,14.750466178743856,75077600
2006-05-23,14.92268180847168,15.389362922071724,14.861568477506921,15.197689678471614,58351800
2006-05-24,14.739352226257324,15.042139556823702,14.486566550989718,14.75046288102373,76549600
2006-05-25,15.256037712097168,15.308817837882447,14.86435869601275,14.94213965515115,64495800
2006-05-26,15.306032180786133,15.367145535725257,15.169917420730458,15.247697283619415,28766600
2006-05-30,15.064364433288574,15.528268521399676,15.047696858857753,15.444931708917158,38809200
2006-05-31,15.431042671203613,15.431042671203613,15.006029587954671,15.011585446126293,39841400
2006-06-01,15.472707748413086,15.553266085060585,15.169920431075388,15.2782569929324,39707800
2006-06-02,15.70327091217041,15.73105019869194,15.442151976896609,15.625491029252986,35372600
2006-06-05,15.208807945251465,15.883829094992485,15.197696233070833,15.87827323890217,73397400
2006-06-06,15.194914817810059,15.378253781636715,15.053243174138464,15.178247253945484,49843400
2006-06-07,14.61157512664795,15.164370941677847,14.61157512664795,15.089368430512675,92812800
2006-06-08,14.817132949829102,14.847689636433506,14.153223339684244,14.506012345593446,150771000
2006-06-09,14.667131423950195,14.947696467219453,14.531016591200006,14.947696467219453,62874000
2006-06-12,14.367116928100586,14.844908947916396,14.344893501300575,14.756017360058976,43478000
2006-06-13,13.942106246948242,14.406010325960684,13.892104584308061,14.18100284407987,75171200
2006-06-14,14.30044937133789,14.328228658070238,13.944882978535354,13.994884634982139,79172400
2006-06-15,14.844913482666016,14.939360956074779,14.456012931908239,14.478235305825317,76566600
2006-06-16,14.805039405822754,14.908201466101895,14.531801510202696,14.791098903069194,59343200
2006-06-19,14.24741268157959,14.749279356183974,14.230684501487662,14.749279356183974,93441400
2006-06-20,14.180496215820312,14.517861281345269,14.144250057103488,14.395183365770432,44635400
2006-06-21,14.498343467712402,14.671208034329327,14.216741495262374,14.22789325883059,78507000
2006-06-22,14.559686660766602,14.637754343582808,14.384033310837735,14.49834715935821,35386800
2006-06-23,14.883109092712402,14.98627009603275,14.832922428698772,14.858015760705587,53731800
2006-06-26,15.04761791229248,15.067134840917042,14.743710084804954,14.860811656552318,33053200
2006-06-27,15.07548713684082,15.273445008591295,15.044817397692322,15.147979440935817,48294800
2006-06-28,15.334792137145996,15.371038307276068,15.111740827869651,15.120104919594846,44248000
2006-06-29,15.769734382629395,15.775310795267409,15.429580656854256,15.429580656854256,60785200
2006-06-30,15.822711944580078,15.91750885163755,15.686092465976715,15.831076033452387,22692400
2006-07-03,15.99278736114502,16.040185278488064,15.858956633621505,15.906354550964549,7662000
2006-07-05,16.065279006958008,16.10431283717666,15.725126298201129,15.900778534185052,32829800
2006-07-06,16.023460388183594,16.187960890588467,15.964908568716417,16.04576498221542,33697200
2006-07-07,15.805974006652832,16.229771648344673,15.755787373847772,16.087576897791397,39374600
2006-07-10,15.853384017944336,16.015095786925325,15.736281438564975,15.81435017934866,29220400
2006-07-11,16.143348693847656,16.187958940128595,15.895203068843266,15.906355896311542,25975000
2006-07-12,16.087589263916016,16.238149278062885,16.01509693254497,16.210267203076942,30260400
2006-07-13,15.934236526489258,16.19074515354981,15.906354460335672,16.157287737757578,37032600
2006-07-14,16.121044158935547,16.14892516595113,15.769738578014907,16.05970466719058,35258000
2006-07-17,15.599660873413086,16.034610516765625,15.518804468167021,15.953755175111748,64838800
2006-07-18,15.619178771972656,15.808772599976,15.407279287219623,15.739069018021603,37958000
2006-07-19,15.780890464782715,15.836653542837631,15.513228966429823,15.56899204448474,45156400
2006-07-20,15.398918151855469,15.833868969584875,15.398918151855467,15.822716139070476,37870600
2006-07-21,15.189811706542969,15.476990261002376,15.125684508148769,15.476990261002376,60833000
2006-07-24,15.647055625915527,15.67493768945154,15.195376832551847,15.195376832551847,45137000
2006-07-25,15.920300483703613,15.945393820149633,15.652638937341017,15.755799958911352,38077800
2006-07-26,16.240943908691406,16.330164459668893,15.803205248085352,15.82550985403329,39309400
2006-07-27,16.101530075073242,16.444471626963193,16.062496232944824,16.424954705898983,34664600
2006-07-28,16.107107162475586,16.151717421568986,15.853386114458294,16.015097904824685,29452600
2006-07-31,16.352453231811523,16.436097278972323,16.104307700752948,16.226986629274435,31043000
2006-08-01,16.371973037719727,16.413794536904568,16.168438763629364,16.321786387824353,22086000
2006-08-02,16.405431747436523,16.695398844525407,16.291117938875413,16.550415295980965,35554600
2006-08-03,16.263248443603516,16.436113116113134,16.157298647862167,16.17123915855616,23421000
2006-08-04,16.126617431640625,16.402644027131597,15.984422621812692,16.31063480743726,33659400
2006-08-07,16.29669189453125,16.394276449225117,16.1154622202805,16.243716510332973,38116200
2006-08-08,16.201904296875,16.402650997080457,16.179598635255513,16.268819154548495,40603600
2006-08-09,16.338523864746094,16.547634670507822,16.29949001784538,16.36640594366986,37053200
2006-08-10,16.204689025878906,16.28275776375745,16.073647010268743,16.24372286302203,35670800
2006-08-11,16.213056564331055,16.260454498236808,16.079224726449336,16.18517448827551,16322600
2006-08-14,15.878485679626465,16.09317296809201,15.574577837979508,16.09317296809201,33443400
2006-08-15,15.95932674407959,16.082004620471697,15.825494979807644,16.01787747620365,33198800
2006-08-16,15.892414093017578,16.143347372554686,15.778100279804466,15.903566919573022,44679200
2006-08-17,15.780890464782715,15.817136625057248,15.649848454484752,15.736280215057233,69987200
2006-08-18,16.026247024536133,16.03182343858062,15.697246041057014,15.892416278245136,27279600
2006-08-21,16.132200241088867,16.204691512106418,16.068073061144602,16.154504838481785,24737000
2006-08-22,16.240943908691406,16.240943908691406,16.090383830069577,16.11547717650655,13917800
2006-08-23,15.900777816772461,16.210261833245724,15.8840496409147,16.165651591638266,24303600
2006-08-24,16.107107162475586,16.137776915025885,15.88126712754449,15.948183047980825,21704600
2006-08-25,16.232574462890625,16.380345752306507,16.187964202108894,16.254879061485234,26378800
2006-08-28,15.998370170593262,16.129412212080407,15.96770041718377,16.03182759995248,35186400
2006-08-29,15.897991180419922,15.914720420962462,15.739067117838236,15.914720420962462,26977000
2006-08-30,15.630341529846191,15.900790876395082,15.49372195444456,15.839452408551411,39981000
2006-08-31,15.521597862243652,15.697251240251546,15.485352754337837,15.608030713172871,21933000
2006-09-01,15.753010749816895,15.753010749816895,15.56062923151768,15.613603575039754,17497000
2006-09-05,15.95932674407959,15.967690830499636,15.680512518431456,15.697240691271551,33220400
2006-09-06,15.418432235717773,15.808772723140404,15.401704056617431,15.7892558051285,34454000
2006-09-07,15.432372093200684,15.499287997576435,15.265083927649629,15.334787507227936,50465600
2006-09-08,15.042034149169922,15.490925415502002,15.042034149169922,15.365458747335843,33601600
2006-09-11,14.57641315460205,14.90262648098858,14.534591642331966,14.85801622974512,88824200
2006-09-12,14.484405517578125,14.732550115860045,14.403549101807608,14.60429577169515,50193000
2006-09-13,14.78552532196045,14.880322247875545,14.601507885018483,14.609873039147018,45052000
2006-09-14,14.456525802612305,14.863595623342835,14.411915542427213,14.777162778912501,61271400
2006-09-15,14.506047248840332,14.578787911983092,14.385746285919208,14.514441059040424,61135400
2006-09-18,14.85575008392334,14.931287926453352,14.534016014519846,14.589970090531176,66620800
2006-09-19,14.631946563720703,14.928502656984929,14.469680787311434,14.855761979752154,52592800
2006-09-20,14.240267753601074,14.623551663764959,14.198301902364737,14.492059659311305,58647400
2006-09-21,14.42211627960205,14.573192052833644,14.279434316373896,14.310209129502834,47660800
2006-09-22,14.360556602478027,14.559192520587592,14.2570412080533,14.522822218026606,48575000
2006-09-25,14.380142211914062,14.48085826179075,14.03602503937018,14.184303491667148,69880800
2006-09-26,14.6962890625,14.710278388974716,14.268242139820822,14.268242139820822,62279800
2006-09-27,14.939675331115723,14.987235581646733,14.626333066588174,14.866934743293879,70352200
2006-09-28,14.89212417602539,15.099153989682456,14.85295663303945,14.936887234757256,48496200
2006-09-29,14.953667640686035,15.03759820793447,14.763424452397548,14.799794756191393,33727800
2006-10-02,14.783010482788086,15.057184280368924,14.774617744946754,14.889323120130934,29895400
2006-10-03,14.240267753601074,14.598372366470342,14.240267753601074,14.54801377188111,68121000
2006-10-04,14.45008659362793,14.508837897898308,14.044420844038289,14.318594664535379,75332400
2006-10-05,14.727065086364746,14.780221969981813,14.556405534777891,14.715874051157378,62842800
2006-10-06,14.741053581237793,14.746649098930485,14.480867878325014,14.603967133092448,51216400
2006-10-09,14.52003002166748,14.894921001871275,14.517231730452117,14.866943425894634,40557200
2006-10-10,14.791409492492676,14.824982592564144,14.436102187670569,14.436102187670569,53543600
2006-10-11,14.556401252746582,14.77462210615317,14.525626448597222,14.71027527349339,43451400
2006-10-12,14.897724151611328,14.897724151611328,14.640336753659502,14.645931203844695,46280400
2006-10-13,15.101953506469727,15.216658928585053,14.95927156861336,15.004034634140423,54467400
2006-10-16,15.457259178161621,15.457259178161623,15.054391630845105,15.07957091925461,56224600
2006-10-17,15.289397239685059,15.423686415736464,15.18308457509772,15.415292608508842,45572600
2006-10-18,15.191472053527832,15.415287269428502,15.073969465393155,15.269808179519416,57421600
2006-10-19,15.504817008972168,15.504817008972168,15.19147563288298,15.264216262211514,37268800
2006-10-20,15.303377151489258,15.569158134426921,15.24742309183371,15.569158134426921,55108600
2006-10-23,15.331358909606934,15.398504017685587,15.127127428919158,15.205462498981513,38240800
2006-10-24,15.611128807067871,15.65029634353015,15.247428882044158,15.306180186737574,35451000
2006-10-25,15.87971019744873,15.986022865081452,15.516010201820043,15.574761517918837,59867600
2006-10-26,15.843340873718262,16.072751688417323,15.728635466368731,16.064357880986996,40829800
2006-10-27,15.714646339416504,15.946855448572284,15.664288830382976,15.829352815434811,42041200
2006-10-30,15.432075500488281,15.64190248847565,15.401300704825827,15.499220606227748,77003400
2006-10-31,15.591547012329102,15.630714553748993,15.233442556792438,15.42928133112735,61219400
2006-11-01,15.432075500488281,15.672677284138103,15.314572899488274,15.560769130317407,55034800
2006-11-02,15.493631362915039,15.59155023671472,15.308983581438724,15.342555614279231,36178000
2006-11-03,15.834944725036621,15.8741133303707,15.59154569025511,15.594343981396657,63797000
2006-11-06,15.9496431350708,16.002799971142434,15.723030744609297,15.778984803362905,38969600
2006-11-07,15.826550483703613,15.988817202977916,15.71464232784304,15.949648601362028,62714000
2006-11-08,16.09233283996582,16.11751212368567,15.725834614095831,15.725834614095831,46124400
2006-11-09,16.226625442504883,16.394486658119323,16.125908286241987,16.218232701894834,41382200
2006-11-10,16.0727481842041,16.212632848875614,15.972031054882963,16.19025079025523,34595600
2006-11-13,16.044767379760742,16.193045820171566,15.893692783438416,15.949645784250716,37889000
2006-11-14,16.139894485473633,16.170669286768046,16.016796347531425,16.151085516350772,33182600
2006-11-15,16.290969848632812,16.363710480527175,16.100726596773526,16.223825799291546,34606200
2006-11-16,15.843340873718262,16.40008136284079,15.806970554148256,16.40008136284079,69076600
2006-11-17,15.974833488464355,16.002811070864162,15.644705486796132,15.675480293818099,50567000
2006-11-20,15.93287467956543,16.07275944221792,15.809775405400176,15.902099861024118,52260200
2006-11-21,16.226625442504883,16.24341199096056,15.966439811237596,15.966439811237596,27773000
2006-11-22,16.131500244140625,16.26578940045807,15.960840774476166,16.145488497817066,37745000
2006-11-24,16.097923278808594,16.237807907090417,16.039171991066635,16.06994571281122,9024000
2006-11-27,16.025197982788086,16.226632381452685,15.955255601833548,16.153892774843822,26066000
2006-11-28,16.282573699951172,16.35251602592413,16.081139459633796,16.083937750324424,35626600
2006-11-29,16.80015754699707,16.878493729385664,16.33294301414221,16.352526792930384,56393200
2006-11-30,16.92884635925293,17.01837355140926,16.730210336287275,16.800152688083823,52887400
2006-12-01,16.98759651184082,16.998786475557637,16.640682022968623,16.81693702514279,44489400
2006-12-04,16.96242332458496,16.973613292325087,16.79456100165307,16.870098886887046,36796400
2006-12-05,17.029560089111328,17.141468256356635,16.85610339039294,17.06593040355136,45401600
2006-12-06,16.981996536254883,17.177835257543194,16.917649726032398,16.96800828485611,40079000
2006-12-07,16.881288528442383,17.004386701309624,16.79455961539125,16.91206333846813,34637400
2006-12-08,16.861703872680664,17.057542689433404,16.833726289009878,16.959622747439187,28623800
2006-12-11,16.819732666015625,16.942831860432317,16.730206561295496,16.788957867411455,36886000
2006-12-12,16.858905792236328,16.984802252245352,16.744200365836043,16.870096825845067,37962000
2006-12-13,17.029560089111328,17.082716948808766,16.844912360221333,16.870091644489758,39544600
2006-12-14,17.27576446533203,17.382077160867794,17.040758072021077,17.121891473015104,45614200
2006-12-15,17.119739532470703,17.363867066051732,17.100097234884867,17.363867066051732,36120600
2006-12-18,16.625877380371094,17.144997174204192,16.620265141411938,17.144997174204192,71225000
2006-12-19,16.909282684326172,16.934537215758798,16.41541760016287,16.536078020293775,40950200
2006-12-20,16.67919158935547,16.94576704529737,16.645519226945204,16.94576704529737,35164400
2006-12-21,16.600631713867188,16.785831416814386,16.443492150289742,16.69603768632033,48419600
2006-12-22,16.44068145751953,16.667972369343207,16.44068145751953,16.502415029467404,23659000
2006-12-26,16.46031379699707,16.609034326181266,16.32842890784144,16.415416972879687,20251600
2006-12-27,16.653934478759766,16.653934478759766,16.384553480216887,16.44067478918622,18653800
2006-12-28,16.61745262145996,16.738113032658564,16.564136908813094,16.696021793245215,24348400
2006-12-29,16.451902389526367,16.61184745468871,16.451902389526367,16.555726135061104,16129400
2007-01-03,15.876653671264648,16.38454874821134,15.758798849424092,16.36210087336172,94931000
2007-01-04,15.587628364562988,15.781246758352383,15.514671438061972,15.680228652101318,101763800
2007-01-05,15.691460609436035,15.736358521516959,15.486618702479946,15.596055757539489,76607000
2007-01-08,15.691460609436035,15.91033364912998,15.54274002215596,15.848600090443849,65947600
2007-01-09,15.556764602661133,15.669007202461732,15.377177299319987,15.472583188023066,74036200
2007-01-10,15.256516456604004,15.481000579562618,15.20039515825817,15.461358285705286,76061200
2007-01-11,15.169537544250488,15.638148333727115,15.121834040588771,15.307033674517454,97682800
2007-01-12,15.556764602661133,15.60166142849642,15.208814470043853,15.222844527412736,63076600
2007-01-16,15.396819114685059,15.61007983358613,15.315444356307413,15.44732817598138,62727000
2007-01-17,15.567994117736816,15.635339913509105,15.368764455482511,15.371570039694847,72263600
2007-01-18,15.4529447555542,15.739162493193726,15.351926604572599,15.643756580647217,62343000
2007-01-19,15.876653671264648,15.882264837158585,15.525896929539199,15.559569277025947,62563400
2007-01-22,15.767216682434082,15.969252908379941,15.685841931805559,15.966447325430527,63137800
2007-01-23,16.176912307739258,16.249869288420584,15.890694484281095,15.890694484281095,72533000
2007-01-24,16.24705696105957,16.252668128423437,15.938390305226413,16.13200876245196,43948600
2007-01-25,15.913141250610352,16.221808012743203,15.806511907176985,16.19094122948739,44287400
2007-01-26,15.952427864074707,16.073088357196255,15.873858638944549,16.022579263776752,27642800
2007-01-29,15.873857498168945,16.07869944212689,15.806512758732946,15.958038957676612,39899600
2007-01-30,16.196552276611328,16.23864246578572,15.904722255131349,15.941201275422646,43022200
2007-01-31,16.30036735534668,16.3508764118234,16.07868883752381,16.168482477832505,55691600
2007-02-01,16.359302520751953,16.465932924059988,16.210581929334943,16.303181199514817,46168400
2007-02-02,16.451902389526367,16.53608383375521,16.263896129337652,16.451902389526367,36886000
2007-02-05,16.43506622314453,16.583786815278998,16.384557140829962,16.4855753054591,26218800
2007-02-06,16.384557723999023,16.538890560819905,16.28634621068352,16.533278321426845,38592800
2007-02-07,16.286344528198242,16.516440967417143,16.1937441934168,16.44067734907554,39181600
2007-02-08,16.451902389526367,16.48276916884281,16.199356986414703,16.283538430643546,49711600
2007-02-09,16.384557723999023,16.530472736942922,16.308794097830543,16.47154582895362,38082400
2007-02-12,16.157272338867188,16.28635066896626,16.089926518140206,16.219004848239283,37392800
2007-02-13,16.392969131469727,16.395775785280303,16.21618847669591,16.221800713892268,30053600
2007-02-14,16.395780563354492,16.566950101239133,16.30879246709792,16.36210820078828,47036000
2007-02-15,16.272314071655273,16.3901678726,16.14042913880516,16.34807661773398,49922200
2007-02-16,16.275115966796875,16.297564916417066,16.20215902138092,16.275115966796875,32549200
2007-02-20,16.09272003173828,16.13761685506925,16.028180915101558,16.098332268457742,32566800
2007-02-21,16.269508361816406,16.29476290211744,15.997320657508036,16.092726579709154,40853400
2007-02-22,16.41542625427246,16.474353168539565,16.190942006760636,16.27231788099159,43117200
2007-02-23,16.457517623901367,16.56414697313337,16.418231943714208,16.55853473310663,33278800
2007-02-26,16.555727005004883,16.704447599971406,16.513635745466146,16.603429433418597,42328000
2007-02-27,15.896299362182617,16.527661632289036,15.840178057421522,16.30878865076324,104771600
2007-02-28,15.966456413269043,16.185328402338893,15.918752912579963,15.966456413269045,65250400
2007-03-01,15.915946960449219,16.126401120594405,15.447335140571498,15.803704313535036,63812400
2007-03-02,15.727948188781738,15.977687073330777,15.635348870774282,15.941209105547152,67580200
2007-03-05,15.545543670654297,15.786863478871657,15.416464339233462,15.475392302231533,72762400
2007-03-06,15.840182304382324,15.882272491419437,15.680237238705983,15.772836506527744,43864200
2007-03-07,16.036598205566406,16.33965146521138,15.803695221854653,15.876653221504554,88860200
2007-03-08,16.176912307739258,16.26389935350253,16.06747523107924,16.255481528538432,46413800
2007-03-09,16.10675811767578,16.286345488590396,16.061861274947127,16.19374514834839,43495600
2007-03-12,16.084300994873047,16.154452342921317,15.980477299480505,15.994507355005235,42803200
2007-03-13,15.868243217468262,16.280733707561946,15.840183091382722,16.078697374385417,62941200
2007-03-14,16.050634384155273,16.098336804073508,15.770028891671526,15.938391758991772,75853600
2007-03-15,16.047834396362305,16.165689308785613,15.98610189026005,16.047834396362305,41611800
2007-03-16,15.875251770019531,16.151147135082464,15.838653087468744,16.139886910705428,56097000
2007-03-19,16.12862205505371,16.207448977989433,15.996304513894795,16.032903188373357,43157600
2007-03-20,16.24405860900879,16.297548189374172,16.09203423457622,16.145523814941605,48250600
2007-03-21,16.536836624145508,16.632555500803143,16.289093459748734,16.365105603618304,48850800
2007-03-22,16.869041442871094,16.942238821798583,16.624114064938965,16.624114064938965,67233000
2007-03-23,16.953502655029297,17.009807017770758,16.840891781672617,16.945056141468577,29860400
2007-03-26,17.07173728942871,17.1730868261341,16.826809958348367,17.08862923685845,38024600
2007-03-27,17.102706909179688,17.102706909179688,16.93942129068889,17.029510611400905,34342000
2007-03-28,17.099891662597656,17.212501431077758,16.97320473336303,17.212501431077758,37145200
2007-03-29,17.206872940063477,17.218134240505126,17.029512290822744,17.153383373870724,46594200
2007-03-30,16.97039222717285,17.159015264426518,16.863413087054386,17.133677873569663,42370600
2007-04-02,17.13648223876953,17.187156989660682,16.945044529610996,16.964751257853536,35790800
2007-04-03,17.243473052978516,17.26036500503542,17.012621744551545,17.068927177471082,32316200
2007-04-04,17.271623611450195,17.308222300503463,17.06610971342858,17.130860579331003,31624800
2007-04-05,17.384231567382812,17.40393830267788,17.246283346380817,17.316664850702207,24371800
2007-04-09,17.319482803344727,17.541888641597215,17.291329553855174,17.353265628795526,39235200
2007-04-10,17.5813045501709,17.626348681651557,17.330746501688676,17.356083892767597,34376800
2007-04-11,17.474315643310547,17.671384023241313,17.426456747265103,17.586926452967063,49695000
2007-04-12,17.741777420043945,17.7474080717,17.44898997755108,17.496849979659043,33672200
2007-04-13,17.750219345092773,17.784002174401348,17.651685645469104,17.772741947256343,26788600
2007-04-16,17.85438346862793,17.88253672097504,17.617902592532822,17.78963259913473,28336000
2007-04-17,17.75303077697754,17.94446855184655,17.660126677142646,17.896608571161043,29040600
2007-04-18,17.691099166870117,17.702360467978355,17.57004286479855,17.6713924268991,31142400
2007-04-19,17.44335174560547,17.584114754025013,17.409568924287004,17.555962581915715,32242400
2007-04-20,17.764286041259766,17.83748338565005,17.606632205224468,17.606632205224468,36407800
2007-04-23,17.78400230407715,17.958549250307225,17.736143385035756,17.76992621459067,40033600
2007-04-24,17.730512619018555,17.806524790474814,17.6376095698632,17.767111310594554,42760600
2007-04-25,18.062711715698242,18.178136274937813,17.792445901730073,17.800891339250867,57692600
2007-04-26,18.057083129882812,18.14717139221464,17.916320085747227,18.048637690894452,38278600
2007-04-27,18.05426597595215,18.183767709547205,17.92758010444296,18.014853572180524,28250400
2007-04-30,17.840303421020508,18.228809625714806,17.840303421020508,18.057078583279772,35122000
2007-05-01,17.91913604736328,17.978256268483108,17.73051300872889,17.860014752306647,53459200
2007-05-02,18.068340301513672,18.13309223208092,17.927577289550452,17.978252059772135,33324400
2007-05-03,18.214736938476562,18.30764106251671,17.978256056781913,17.995146934653363,34106600
2007-05-04,18.200668334960938,18.50753084639225,18.166884419442397,18.299202070380428,40888800
2007-05-07,18.248517990112305,18.282301888448853,18.116200406469048,18.13590714353039,22546800
2007-05-08,18.251333236694336,18.29356257122317,18.017666113791538,18.186581304033698,30772400
2007-05-09,18.242889404296875,18.321716356819874,18.031744860950262,18.23162810424025,44234400
2007-05-10,17.94728660583496,18.335791801479782,17.92194921708102,18.31608506288635,41594400
2007-05-11,18.358314514160156,18.369575814549904,17.9557321536888,17.9754388924025,42647800
2007-05-14,18.363948822021484,18.47655754601566,18.299196872638475,18.35268752004732,33049600
2007-05-15,18.425874710083008,18.580714859729873,18.34141820398973,18.392092966794813,32117600
2007-05-16,18.496253967285156,18.51033112386677,18.209098444724066,18.40616574963143,34880800
2007-05-17,18.791873931884766,18.887591809322114,18.400552684009554,18.55257709041693,37547000
2007-05-18,19.095916748046875,19.1015463252388,18.845358679467285,18.86224955891685,42464600
2007-05-21,19.256380081176758,19.430924837882927,19.121246647329436,19.16347597964879,90720000
2007-05-22,19.076213836669922,19.38589219338185,19.076213836669922,19.23668366728537,50212000
2007-05-23,19.11561393737793,19.366171880746123,19.115613937377926,19.149395679395305,49737000
2007-05-24,18.766525268554688,19.32957730088519,18.746816385464996,19.1606599728876,56356600
2007-05-25,19.059307098388672,19.098720561921567,18.92417583709666,18.97203473597622,26041600
2007-05-29,18.932626724243164,19.07901932410987,18.800309138049695,18.974856061009444,41121800
2007-05-30,19.329578399658203,19.35491471157423,18.811569383574387,18.85379871797427,38506000
2007-05-31,19.22823143005371,19.445005558775573,19.155034050487576,19.38025361764525,33403000
2007-06-01,19.402772903442383,19.475970270501552,19.315500524019622,19.323945961012395,23829800
2007-06-04,19.706825256347656,19.72653199568906,19.323949622394448,19.34928808604683,35336000
2007-06-05,19.636438369750977,19.69555857161408,19.484414073014605,19.591393179070757,30652000
2007-06-06,19.385879516601562,19.568871836592937,19.28452999007935,19.568871836592937,37970800
2007-06-07,19.042421340942383,19.49567844115136,18.977671553982958,19.352099558086383,40308600
2007-06-08,19.121248245239258,19.160661719264848,18.803124591211795,18.907289999921275,41979200
2007-06-11,19.267642974853516,19.4196672950657,19.073389318825743,19.160661704404255,27590200
2007-06-12,19.03115463256836,19.340832761697342,19.03115463256836,19.24229910441166,41113800
2007-06-13,19.411218643188477,19.450632115018198,19.08746543142623,19.126878903255953,50487400
2007-06-14,19.73779296875,19.82788122536843,19.456266898333226,19.46189647467724,38401000
2007-06-15,20.04075050354004,20.100042403495653,19.882636616214267,19.90804866140142,32450400
2007-06-18,20.063331604003906,20.164975452459878,20.015333718374784,20.066155642602766,23275600
2007-06-19,20.085920333862305,20.1734461466122,19.93910263304535,20.04074648519185,22868400
2007-06-20,19.501466751098633,20.139563706532858,19.42523494885552,20.07744778775916,59250800
2007-06-21,19.8911075592041,19.910871526829013,19.557941994876412,19.63135194067361,45713400
2007-06-22,19.693466186523438,19.913693850833297,19.481708485593078,19.848756028849994,39709200
2007-06-25,19.535350799560547,19.803576308847667,19.439352872984628,19.56640876220773,49853400
2007-06-26,19.114662170410156,19.59747165516824,19.089252278639133,19.54664971751533,51648000
2007-06-27,19.411113739013672,19.49299360455141,18.902894626748328,19.044066363032062,47399800
2007-06-28,19.411113739013672,19.67369325466581,19.343351908748208,19.538167440025138,34510600
2007-06-29,19.478885650634766,19.721701335041555,19.377241775575605,19.52406166359922,36467200
2007-07-02,19.823341369628906,19.823341369628906,19.512763880055974,19.512763880055974,32160000
2007-07-03,19.97580337524414,19.98427333590466,19.80074962318995,19.837455658198913,10600800
2007-07-05,19.92780113220215,20.091560849483503,19.72451350441972,19.98991703559229,33578600
2007-07-06,20.198854446411133,20.204500368658074,20.004036740187033,20.046388696424007,23052400
2007-07-09,20.388032913208008,20.452972894800098,20.131101334463974,20.18192327315446,38314400
2007-07-10,20.207321166992188,20.51789853941844,20.15932329620378,20.275082993641092,58750800
2007-07-11,20.28356170654297,20.33720767593488,20.066158098251986,20.13109806931117,55289800
2007-07-12,20.67601776123047,20.724015644602915,20.441672113080013,20.441672113080013,62177400
2007-07-13,20.879297256469727,20.98376510840221,20.61671776192339,20.659069710226266,50968000
2007-07-16,20.611087799072266,20.91601947801784,20.379566077082753,20.91601947801784,52113000
2007-07-17,20.34285545349121,20.822838669656022,20.33720737568568,20.704254885066202,49148800
2007-07-18,20.803083419799805,20.848257290614377,20.29204202396508,20.35133394109689,74638400
2007-07-19,20.992238998413086,21.028945032400575,20.859537207464427,20.896243241451916,37691800
2007-07-20,20.893423080444336,21.099534823505934,20.732487340178302,20.97812700863083,40165600
2007-07-23,20.978132247924805,21.074128046674787,20.72402255401174,20.90754634151067,30433600
2007-07-24,20.37108612060547,20.79460141561136,20.263794200573457,20.79460141561136,50225400
2007-07-25,20.695785522460938,20.726843488960178,20.05768842090007,20.50096776062217,65361000
2007-07-26,19.91652488708496,20.430390335709795,19.532537282166242,20.385214309666896,79532200
2007-07-27,19.34053611755371,20.043571060865624,19.34053611755371,19.94757527323337,85094800
2007-07-30,19.67369842529297,19.795106236569683,19.23041914302409,19.535350690525185,64797800
2007-07-31,19.48171043395996,20.040751768134584,19.48171043395996,19.947577853420324,45528200
2007-08-01,19.430883407592773,19.812046776779013,18.976310110809585,19.38853144343644,86169000
2007-08-02,19.298179626464844,19.622875113115402,19.052542136772892,19.478879311292776,68290800
2007-08-03,18.66855812072754,19.529704739679932,18.63750015487212,19.281243166947114,68139400
2007-08-06,18.77584457397461,18.83513645624131,18.134925714521092,18.549968890387994,109071600
2007-08-07,19.216304779052734,19.380064584485584,18.56691578974945,18.631853611624418,62339200
2007-08-08,19.580528259277344,19.78946192044752,19.244540839556148,19.382888600617818,60435200
2007-08-09,19.018659591674805,19.549464631343188,19.001719669868294,19.086421433010962,65071200
2007-08-10,19.120302200317383,19.323589865354112,18.53020316407966,18.885956577893932,55367600
2007-08-13,19.14289093017578,19.6002860399085,19.07795097476025,19.38570652225292,39376800
2007-08-14,19.01583480834961,19.36311827054823,18.917015011499597,19.309472314782507,40611000
2007-08-15,18.49350357055664,19.19089252314218,18.462445605971908,19.027132737897304,52163800
2007-08-16,18.38055992126465,18.479379707389395,17.71140618237235,18.163156391790206,84094800
2007-08-17,19.058191299438477,19.106189190169054,18.583854007599143,18.95937147907831,61897400
2007-08-20,19.01583480834961,19.173948637419638,18.620553466839556,18.970660967265324,65976200
2007-08-21,18.747615814208984,19.08360323956774,18.634677941318238,18.933961473484572,40832600
2007-08-22,18.973480224609375,19.04971416741808,18.81536857153904,18.973480224609375,36239000
2007-08-23,19.14289093017578,19.216298692163722,18.900075338098638,19.069481014077795,35967000
2007-08-24,19.552288055419922,19.622873932876313,19.185240631002685,19.227592588298524,31269000
2007-08-27,19.312294006347656,19.467581624211324,19.247354059674294,19.45911166466909,21383400
2007-08-28,18.846431732177734,19.269947052001953,18.846431732177734,19.199361165364586,39279000
2007-08-29,19.470407485961914,19.552287359389737,18.96219047883364,18.984776321692046,54728000
2007-08-30,19.45911407470703,19.586169945905805,19.261474480544518,19.35747023939202,33744400
2007-08-31,19.716049194335938,19.84875099794179,19.461939586804544,19.690637156527707,26635400
2007-09-04,20.074626922607422,20.210152780818916,19.597467765358978,19.65111157759836,31791600
2007-09-05,19.967327117919922,20.068970922013015,19.871329234450062,20.04638293130136,32728600
2007-09-06,20.272268295288086,20.39932203455117,20.054862549656104,20.15933044143735,36015000
2007-09-07,19.837465286254883,20.066162951526785,19.78664334351545,20.035104977957626,40178600
2007-09-10,19.806400299072266,19.939102111129454,19.41958886330028,19.913690071702813,61778000
2007-09-11,20.145204544067383,20.19038052963047,19.67369150382782,19.820509148688743,54152400
2007-09-12,20.286380767822266,20.410612601568978,20.08874117241616,20.08874117241616,48045600
2007-09-13,20.413440704345703,20.53767040871779,20.292032884676974,20.31744277166997,30474800
2007-09-14,20.46990394592285,20.599781698672754,20.272264355675173,20.27791027792083,28053400
2007-09-17,20.51225471496582,20.653426458146438,20.3710829717852,20.427550807413507,26959800
2007-09-18,21.133413314819336,21.175765276193772,20.404966472331814,20.580020240761367,37287000
2007-09-19,21.31694221496582,21.466583981221106,21.178594451423677,21.266120279812068,38740600
2007-09-20,21.302824020385742,21.38470392388617,21.156006294388565,21.271766051674867,32586000
2007-09-21,21.429641723632812,21.599495308159693,21.415488698107602,21.537215948470244,24444400
2007-09-24,21.39000701904297,21.494749761263378,21.24563451463103,21.457949307942688,35679600
2007-09-25,21.03898048400879,21.129568042700132,20.91442178089153,21.112583550376055,34937800
2007-09-26,21.098440170288086,21.322078803371713,20.86064850560917,21.24281491514541,41332000
2007-09-27,21.373031616210938,21.39567905547566,21.19468789150328,21.305091458195452,25186200
2007-09-28,21.174869537353516,21.54288066495537,21.123913884635915,21.466448265768182,34826000
2007-10-01,21.542879104614258,21.554202822151154,21.140896851056585,21.16071281680159,38886800
2007-10-02,21.206003189086914,21.39849986705019,21.021996597752686,21.37868390550822,43783000
2007-10-03,21.08144760131836,21.18901967135008,20.931412133192122,21.064463105991813,43850800
2007-10-04,21.16070556640625,21.242800870586347,20.80684761379076,20.99085418110632,31124600
2007-10-05,21.26262664794922,21.310750833380542,20.971047905916635,21.26262664794922,32311200
2007-10-08,21.047473907470703,21.18052486419226,20.988026021233427,21.098429547070918,26189000
2007-10-09,21.47210693359375,21.474938402849194,21.13806483413277,21.146557082120875,35899200
2007-10-10,21.74953842163086,21.797662612948898,21.155057145960743,21.155057145960743,43909800
2007-10-11,21.64196014404297,22.106221790136367,21.423984508653838,21.91089359108799,64721400
2007-10-12,21.845779418945312,21.91655102688004,21.653280558971726,21.667435744469902,27868600
2007-10-15,22.024126052856445,22.196808955269244,21.93636778718194,22.03827907909042,37512800
2007-10-16,22.080734252929688,22.191137751412146,21.96466781824039,21.99580748804594,40045600
2007-10-17,21.939205169677734,22.222291687996155,21.749537720751285,22.19115199819883,46440800
2007-10-18,22.109046936035156,22.128862897220987,21.87125540180516,21.939195531616903,42443800
2007-10-19,21.061634063720703,21.927877981640016,21.061634063720703,21.925046512166613,66866800
2007-10-22,20.821014404296875,20.93707875438063,20.571896884505655,20.832335964488525,62531000
2007-10-23,21.11825180053711,21.203178611764173,20.75590143755488,20.979540024659524,42582400
2007-10-24,21.2569580078125,21.341884796791625,20.86063875198447,21.072953564654327,46342600
2007-10-25,21.457956314086914,21.58817583732881,21.2145017654847,21.4126614400314,40123200
2007-10-26,21.783510208129883,21.919392708979526,21.633474674965722,21.769357175815365,31556000
2007-10-29,21.888246536254883,21.981665592954958,21.797658949091357,21.797658949091357,19328800
2007-10-30,21.143728256225586,21.743870165412186,21.143728256225582,21.743870165412186,49539800
2007-10-31,21.712732315063477,21.77784315625471,21.25130212672024,21.37302940042506,58567800
2007-11-01,21.07578468322754,21.729715831042434,21.058800187884707,21.392842274888643,44493000
2007-11-02,21.47210693359375,21.48059918158186,20.993692298778495,21.16071226861987,56069200
2007-11-05,21.29941749572754,21.457947328760394,21.058794517457166,21.222985127487327,47670600
2007-11-06,22.009979248046875,22.00997924804687,21.51740925610844,21.51740925610844,36266200
2007-11-07,21.104097366333008,21.99581802593657,21.104097366333008,21.99581802593657,59806600
2007-11-08,21.47210693359375,21.84295165404083,21.123911807412,21.44945949910665,74325400
2007-11-09,21.07578468322754,21.429642734724162,21.058800187884707,21.200343408483356,56925800
2007-11-12,20.056671142578125,20.88045360879715,20.056671142578125,20.738910407847726,63528400
2007-11-13,20.76439094543457,20.76439094543457,20.005719163182423,20.2265262514879,56002800
2007-11-14,20.733259201049805,21.098441125289735,20.56340769576541,20.97671381720976,44226400
2007-11-15,20.042530059814453,20.690796405799457,19.98307997939046,20.54076086896541,58108600
2007-11-16,20.569061279296875,20.6200147639015,20.232187732556852,20.294467093444393,50881800
2007-11-19,20.226530075073242,20.600204178177687,20.161421387894755,20.48130836350324,35531000
2007-11-20,20.877626419067383,21.007845931456984,20.382225114208154,20.49262866079452,56381200
2007-11-21,20.4246826171875,20.86629667600961,20.419019680148534,20.696445281060928,39537400
2007-11-23,20.96254539489746,20.96254539489746,20.45298909336627,20.45298909336627,13740200
2007-11-26,20.23784828186035,21.0219989026646,20.23784828186035,20.95971954248196,50628600
2007-11-27,20.01421546936035,20.18972988374954,19.705652208978215,19.985907250208207,57528000
2007-11-28,20.509620666503906,20.569070745458525,20.144440900108307,20.3680773847205,45945800
2007-11-29,20.736083984375,20.86347203231305,20.515276882733907,20.594540748986773,39496800
2007-11-30,20.798364639282227,20.87762851043525,20.48130699489163,20.7134378288877,34133800
2007-12-03,20.877626419067383,20.98519849631663,20.631340421417182,20.631340421417182,39093200
2007-12-04,20.665319442749023,20.849326143715626,20.665319442749023,20.835170951418537,29133400
2007-12-05,21.121078491210938,21.245637210219666,20.911595139969197,20.94839559795903,48980200
2007-12-06,21.698575973510742,21.698575973510742,21.041815521657796,21.12957162658727,42270000
2007-12-07,21.565523147583008,21.715558601735417,21.43247218717527,21.599494294850288,24755400
2007-12-10,21.783510208129883,21.825973624631587,21.60799792093215,21.684430342811954,22776400
2007-12-11,21.245637893676758,21.959014762361853,21.23431417705914,21.780671085135104,40003600
2007-12-12,21.939205169677734,22.009976799257338,21.59667074168589,21.726890280938914,48037600
2007-12-13,21.99298858642578,22.015633862636438,21.63346755937972,21.800489700075815,30835600
2007-12-14,21.64196014404297,21.94769405530791,21.62214417718941,21.936370337137532,30176200
2007-12-17,21.25414276123047,21.641970026717402,21.098444265012027,21.599508763911818,54364400
2007-12-18,21.457956314086914,21.59100514712343,21.112590458638266,21.477772281541583,41742800
2007-12-19,21.66460609436035,21.791996295205305,21.47493868751767,21.47493868751767,33666200
2007-12-20,21.939205169677734,21.93920516967773,21.55137586206115,21.848617570206986,26022400
2007-12-21,22.506559371948242,22.506559371948242,21.972985098477466,22.01271907645856,33735800
2007-12-24,22.60871696472168,22.608716964721676,22.3646357508744,22.5888478245515,38001600
2007-12-26,22.861318588256836,22.875508051140745,22.551958848784725,22.631426770017647,27990600
2007-12-27,22.620065689086914,22.87266098931219,22.563303527479892,22.87266098931219,21799600
2007-12-28,22.81023406982422,22.8357764048069,22.605886728608088,22.744955604859584,20981400
2007-12-31,22.520736694335938,22.830096402150126,22.435593429730165,22.830096402150126,22609800
2008-01-02,22.56330680847168,22.79035981859149,22.498028364327386,22.691022773327834,38591400
2008-01-03,22.83010482788086,22.91808688337915,22.66265266461424,22.72509238090555,29210800
2008-01-04,21.995681762695312,22.631427313154564,21.995681762695316,22.617237849930124,53756000
2008-01-07,21.910531997680664,22.31071245851937,21.635233079804266,22.137585017845073,64817600
2008-01-08,21.527381896972656,22.191510572747983,21.527381896972656,22.103526390729268,45215800
2008-01-09,21.811199188232422,21.950268039510075,21.464944273945033,21.52738396869696,50178400
2008-01-10,21.720380783081055,21.85377429732408,21.093149339063416,21.669293951356888,46105600
2008-01-11,21.456438064575195,21.862294064570104,21.388322993099845,21.5671258677248,57543200
2008-01-14,21.88214874267578,21.919046099864865,21.655097910353277,21.691993102204496,40291200
2008-01-15,20.976781845092773,21.595496883896196,20.97678184509277,21.595496883896196,53263200
2008-01-16,20.278600692749023,21.044903240503526,20.16791290785205,20.860422877228995,87574800
2008-01-17,19.512298583984375,20.763924885243178,19.469725863097064,20.471593356664208,76335400
2008-01-18,19.55487632751465,19.869911511523142,19.055360749169974,19.654211258206722,83086200
2008-01-22,19.00143051147461,19.344848876523073,17.88036111709383,18.107413105221486,80178400
2008-01-23,19.177391052246094,19.194419269628497,17.871841696372517,18.459339014782522,109372800
2008-01-24,19.852869033813477,19.963556769964296,19.293755002762985,19.31078321898995,65186400
2008-01-25,19.498098373413086,20.312648568036554,19.441336214105476,20.14519868234279,62751800
2008-01-28,19.940855026245117,19.994778437672267,19.342004827027537,19.46688203300333,44986000
2008-01-29,20.165077209472656,20.25022049722223,19.915318368594072,19.989110950248094,37258000
2008-01-30,19.91248321533203,20.49430330239913,19.801793252173592,20.062904983376992,49692600
2008-01-31,19.753538131713867,20.091278923646374,19.441341834590997,19.58892479065952,47823800
2008-02-01,20.250211715698242,20.324004265352052,19.929501356774114,20.014644607601234,47327200
2008-02-04,20.264406204223633,20.377932720042846,19.997619216849216,20.28427318209163,34515600
2008-02-05,19.42715072631836,19.980591698352356,19.42715072631836,19.94653309281021,55389400
2008-02-06,19.16036605834961,19.739349365474933,19.11495458390608,19.64001230646428,56930600
2008-02-07,19.537837982177734,19.63433627938143,18.99575205802081,19.021294387512892,51201000
2008-02-08,19.82448959350586,19.82448959350586,19.455531164225516,19.5208074420602,34556400
2008-02-11,20.335359573364258,20.335359573364258,19.628660329563495,19.838682971891558,61999400
2008-02-12,20.324007034301758,20.650394953617624,20.023163609450734,20.39779959400909,52058800
2008-02-13,20.817842483520508,20.817842483520508,20.321165931318337,20.446045300208734,41427000
2008-02-14,20.639041900634766,21.053411837013986,20.63620314231118,20.860417412435073,50669400
2008-02-15,20.675939559936523,20.78379073569603,20.318331755409986,20.78379073569603,42606400
2008-02-19,21.357093811035156,21.38263613968605,20.97394372390481,21.016516436994433,57454200
2008-02-20,21.612525939941406,21.635231673549626,20.97394179824126,21.061923809300698,37282200
2008-02-21,21.01935577392578,21.60969198697744,21.002327552602235,21.564282675001845,57236000
2008-02-22,21.257761001586914,21.331553567131518,20.766759704598545,21.226541153292597,33638000
2008-02-25,21.865121841430664,21.89918044273052,21.235051792080295,21.243565901070763,41729200
2008-02-26,22.236927032470703,22.236927032470703,21.61820962773496,21.686326854829026,33266000
2008-02-27,21.94743537902832,22.23976476107701,21.896348543744367,22.11488534919653,31695400
2008-02-28,22.324909210205078,22.42708071086632,21.88215593575966,21.88215593575966,30196200
2008-02-29,21.584152221679688,22.251117675338172,21.49900677426002,22.18016385760134,41564600
2008-03-03,21.853769302368164,22.060955340710777,21.476294585646134,21.598335202130023,47872000
2008-03-04,21.42805290222168,21.84242293691407,21.09882614939452,21.723221043099546,67485000
2008-03-05,21.967300415039062,21.967300415039062,21.527385918773753,21.572797397375442,44337600
2008-03-06,21.527381896972656,21.95310468530569,21.405341277703666,21.870798019720734,46552600
2008-03-07,20.934207916259766,21.36844478759646,20.758241728221588,21.28613812699818,60823600
2008-03-10,20.675939559936523,21.095987062989426,20.650397227996695,20.976785183260052,58049200
2008-03-11,21.740245819091797,21.740245819091797,21.010840776879615,21.144234279189032,67791600
2008-03-12,21.257761001586914,21.694836712369035,21.257761001586914,21.569957319191758,43799400
2008-03-13,21.612525939941406,21.69766919296533,20.897310488648,21.039218075692474,50412400
2008-03-14,21.218027114868164,21.84241975219539,20.88880041004367,21.808361145211986,56320400
2008-03-17,20.477270126342773,20.948402301695072,20.201968995377506,20.51984284567507,63273000
2008-03-18,21.37129020690918,21.37129020690918,20.8689359779428,20.888802959773532,55044000
2008-03-19,20.065736770629883,21.328715898455382,20.065736770629883,21.206675257615405,87022600
2008-03-20,20.154823303222656,20.351220390707763,19.596943955898343,19.887270274056608,75077400
2008-03-24,20.50777244567871,20.800943572541446,20.254449694996914,20.31706702072865,31195600
2008-03-25,20.712711334228516,20.840797294729366,20.430925695645353,20.567550285864755,43855200
2008-03-26,21.162429809570312,21.310439952710553,20.755405173295706,20.76109904041789,46397800
2008-03-27,20.948955535888672,21.44137080970261,20.948955535888672,21.23643502341182,45120400
2008-03-28,20.89202880859375,21.276282302143766,20.872104617715568,21.114041841686028,35051000
2008-03-31,21.079885482788086,21.336055206326787,20.837948255058077,20.957493402184816,43855600
2008-04-01,21.475522994995117,21.503987984558506,20.877795130918734,21.005881069232554,72571000
2008-04-02,21.774383544921875,21.92523840372907,21.25066085234041,21.469826894620542,42384000
2008-04-03,21.825624465942383,22.047637512017946,21.5751485986012,21.632074241132447,37203800
2008-04-04,22.004940032958984,22.263956675655333,21.83985481720377,21.83985481720377,38562000
2008-04-07,22.12163734436035,22.494505209234866,22.02486116909284,22.278183910025326,35357600
2008-04-08,22.37211036682129,22.411958736507117,21.95370031354679,21.996395615802548,45450200
2008-04-09,22.414812088012695,22.642518984203022,22.295266944721032,22.34934564959646,38980200
2008-04-10,22.37211036682129,22.534350778134534,22.187098838095203,22.40626704294055,29849600
2008-04-11,22.059022903442383,22.41766052901005,22.059022903442383,22.25257312674845,33016600
2008-04-14,22.565656661987305,22.602660264347286,22.087474135973814,22.087474135973814,29866200
2008-04-15,22.68520736694336,22.784830470355825,22.440423264954088,22.725055739678968,28587400
2008-04-16,23.453718185424805,23.453718185424805,22.747828637423275,22.827525389125753,44378200
2008-04-17,23.433794021606445,23.536261894350368,23.16908571228026,23.231705209131945,33158800
2008-04-18,23.792428970336914,24.14537482404501,23.28578348189214,23.33701741732889,47077400
2008-04-21,24.062837600708008,24.09699429069347,23.721277215575874,23.84082454473791,31648600
2008-04-22,24.074214935302734,24.27630372926617,23.940437326386828,23.960361512507916,52607600
2008-04-23,23.8863525390625,24.03720737657181,23.695649335855375,24.02582399057792,43527000
2008-04-24,23.260168075561523,23.695655449891532,23.126390454098345,23.630189019882923,51476000
2008-04-25,23.590341567993164,23.64157550648445,23.30001736425834,23.539107629501878,75227000
2008-04-28,23.630178451538086,23.84934659297908,23.51063337706444,23.681412365108596,26412600
2008-04-29,23.097923278808594,23.541949196812258,23.05522797786827,23.411018533082284,46405400
2008-04-30,23.268714904785156,23.541961938490957,23.080856347601827,23.22601958073673,48948400
2008-05-01,22.759206771850586,23.00399081310891,22.32371954101771,22.975528007012738,112186000
2008-05-02,23.189016342163086,23.302869807015362,22.952770782620103,22.952770782620103,35185800
2008-05-05,23.524866104125977,23.675720914629583,23.228848175096797,23.23453986707483,25992800
2008-05-06,24.148221969604492,24.151068902846944,23.524878227083345,23.610266680192677,42192400
2008-05-07,23.698501586914062,24.19376150857849,23.698501586914066,24.17668425418185,46247000
2008-05-08,24.17383575439453,24.22222275309776,23.698500050860297,23.81519823429593,49814600
2008-05-09,24.12828826904297,24.22506441697438,23.76965299851964,24.210831927946163,39830000
2008-05-12,23.9945125579834,24.0599767949103,23.69280073266951,23.940431706247598,36915400
2008-05-13,24.387313842773438,24.387313842773438,23.76396794332451,23.994521755922378,39394000
2008-05-14,24.10836410522461,24.484078797175,23.9945128792062,24.279145287398098,49692600
2008-05-15,24.427160263061523,24.535319827752406,23.98597903388231,24.307615138154723,57307000
2008-05-16,25.318063735961914,25.318063735961914,24.768722843175834,24.81426509223999,55097600
2008-05-19,25.474609375,25.639696750227966,25.18143824025905,25.323754493750673,45504000
2008-05-20,25.727933883666992,25.727933883666992,25.357910730773593,25.50876779386473,51403800
2008-05-21,25.346529006958008,26.021106748962435,25.283909499591157,25.622620751552073,90144400
2008-05-22,24.976490020751953,25.525830571888946,24.925256108205456,25.30097074302224,74709200
2008-05-23,24.552396774291992,25.244053743649605,24.412925304412518,25.184281187232695,49994000
2008-05-27,24.393001556396484,24.575166161573957,24.20229832465966,24.452776285458725,51455400
2008-05-28,24.908191680908203,24.91388337564382,24.11406671350527,24.262074663942336,52428400
2008-05-29,24.227916717529297,24.791487794126876,24.227916717529293,24.654865424104063,71883800
2008-05-30,24.478395462036133,24.589401965405518,24.299077765417973,24.41577596340239,53572600
2008-06-02,24.62356185913086,24.859805219004034,24.333235449706336,24.35885350774919,50623800
2008-06-03,24.094141006469727,24.834185055174537,24.07990851316684,24.506857253370413,77687800
2008-06-04,23.735498428344727,24.318995784973076,23.735498428344727,24.05428753526178,63250600
2008-06-05,24.973655700683594,24.973655700683594,23.94897910386764,23.951826036994753,69828600
2008-06-06,24.484073638916016,25.53721463029602,24.46699639292564,25.133037216992374,93650000
2008-06-09,25.20421028137207,25.31236985620452,24.649175569564477,24.649175569564477,53569800
2008-06-10,24.58370018005371,25.164350513266115,24.262064191195776,25.101731040335448,55989800
2008-06-11,24.734567642211914,24.993582118968014,24.501169051163757,24.811417470909642,61922800
2008-06-12,24.358854293823242,24.609330157533662,24.2905409178871,24.563790078483603,70576000
2008-06-13,24.64917755126953,24.71748875288864,24.20799841682757,24.287695180645528,33191600
2008-06-16,24.73740577697754,24.928108985775793,24.677631055105252,24.79148446253976,32483800
2008-06-17,25.147281646728516,25.229825334634874,24.637789196835,24.637789196835,40344000
2008-06-18,25.244050979614258,25.289591039318935,24.845565142226064,25.090349206411393,42916400
2008-06-19,24.637788772583008,25.503071842566012,24.637788772583004,25.431913716793467,80901400
2008-06-20,24.471691131591797,24.96255222335865,24.317583427620228,24.885497282718717,65453200
2008-06-23,25.43915367126465,25.442008123613203,24.431747545835194,24.44030872557166,65764200
2008-06-24,24.95685386657715,25.279339489367523,24.942585959276286,25.2365314128465,66276000
2008-06-25,24.862667083740234,25.17088030047248,24.277628725273175,25.036751583486694,80067600
2008-06-26,24.68287467956543,25.056729398993518,24.314728862465994,24.939720851647397,64154200
2008-06-27,24.89976692199707,25.01392101669997,24.660045282698416,24.725682417469507,46935600
2008-06-30,25.25078773498535,25.402040969253886,25.045310821523184,25.128072477073673,59832000
2008-07-01,25.356374740600586,25.410598411829227,24.905467377549513,25.162313481648713,63893000
2008-07-02,24.591554641723633,25.730239104888483,24.408908937932946,25.444854920551965,73395400
2008-07-03,24.229114532470703,24.739952417229983,23.855259819073275,24.620089420653052,65181800
2008-07-07,23.621248245239258,24.446010550373607,23.415773459144695,24.05217897808144,79041400
2008-07-08,23.23027229309082,23.464287229625704,22.72228880968401,23.401502362722216,99812800
2008-07-09,22.787925720214844,23.741109987793564,22.71087295171794,23.458578089585213,64659600
2008-07-10,23.48711585998535,23.54989854256034,22.5253705134188,22.87353951654699,75233200
2008-07-11,23.344425201416016,23.675469695418258,22.94774139247862,23.544193242856306,67957800
2008-07-14,23.49853515625,23.763942562595002,23.196028585883635,23.401505568513155,43191000
2008-07-15,22.508251190185547,23.501386923017968,22.45402749893424,23.40720962052102,65259400
2008-07-16,21.928922653198242,22.53679244174868,21.666369690556607,22.45688520766721,98724200
2008-07-17,21.569332122802734,22.374115247045445,21.13269477140514,22.14295263130529,106995000
2008-07-18,21.946046829223633,22.168646171194073,21.57219202257006,21.692055049046203,79220000
2008-07-21,22.6024227142334,22.602422714233402,21.829031966472822,22.117270553657093,68166200
2008-07-22,21.85186195373535,22.505391848987706,21.783370374668028,22.33416181266537,97812400
2008-07-23,21.058496475219727,22.008826207591152,20.944342380921146,21.837593977489156,111284200
2008-07-24,21.00712776184082,21.349587875908497,20.504851040874364,21.164089917551685,104924400
2008-07-25,21.064205169677734,21.463743448426012,20.901536277717675,20.961466692933648,74391600
2008-07-28,21.14697265625,21.566487855426686,21.075626593187543,21.2268798985105,48087600
2008-07-29,20.89582633972168,21.121280063620457,20.63041901182141,21.049934031145202,57967800
2008-07-30,22.140106201171875,22.142958475437837,20.758845575744925,20.90439212372718,88865200
2008-07-31,21.232587814331055,21.88611798283408,21.05279435030645,21.8547255423634,66341000
2008-08-01,21.22972869873047,21.79479032576585,21.164091557480525,21.246851052568108,59539800
2008-08-04,20.23089027404785,21.27539772401632,20.059660151335894,21.261127639911514,96359600
2008-08-05,20.382144927978516,20.484883443834946,19.92838496403703,20.102469550498796,87812400
2008-08-06,20.847312927246094,20.86443527942435,20.345036216037453,20.39925990101294,77053000
2008-08-07,20.604738235473633,21.109869485491167,20.507708653210937,21.0499390651568,67407000
2008-08-08,20.256572723388672,20.459195256608865,19.896987999563994,20.345041134106403,75292400
2008-08-11,20.248008728027344,20.550517469695055,19.879865014987182,20.459194610040903,66751800
2008-08-12,20.259424209594727,20.502000349655667,20.15383344666831,20.43065429803135,62058200
2008-08-13,20.975732803344727,20.97858725418871,20.19663319834781,20.19663319834781,88254600
2008-08-14,20.59046745300293,20.93578202320514,20.365013706710577,20.830189100822643,72349800
2008-08-15,20.205198287963867,20.510559235281615,20.022552609791095,20.501995882013446,83507400
2008-08-18,19.948348999023438,20.573338696625754,19.506002773686536,20.356448348574887,64136800
2008-08-19,20.664663314819336,20.687492387610973,19.936933003380187,19.954055352300873,88471200
2008-08-20,21.261123657226562,21.33246970976759,20.65325607340814,20.89583221658589,93456200
2008-08-21,21.79478645324707,21.891816010831363,21.378125891198813,21.535085853874833,66346200
2008-08-22,21.295368194580078,21.64068278946771,21.10701359156401,21.59787472720874,49947400
2008-08-25,21.018545150756836,21.50369738256259,20.93863792926492,21.35244411655168,44783600
2008-08-26,21.446626663208008,21.57504870382779,21.15268123626702,21.246856383310654,53910600
2008-08-27,21.78621482849121,21.87753980421249,21.575031265403908,21.709162101860457,48113000
2008-08-28,21.4038143157959,21.94889916547962,21.14696810854463,21.90609110138631,56840400
2008-08-29,21.303926467895508,21.68348789631869,21.218310355046842,21.66351109362843,44765800
2008-09-02,20.133853912353516,20.60188377343384,20.133853912353516,20.57619806612746,100913400
2008-09-03,20.056795120239258,20.422086436636896,19.768556556362874,20.039672770191867,100350400
2008-09-04,19.60589599609375,20.2651350569085,19.366174284749416,20.06536478681264,108092200
2008-09-05,19.525976181030273,19.728598595280186,19.066507686284865,19.717182972001776,101422400
2008-09-08,19.39185905456543,20.059659336518077,19.183529769876053,19.994020000535023,100427600
2008-09-09,18.05055046081543,19.21206405554947,18.05055046081543,19.209209603932962,130110200
2008-09-10,18.761165618896484,18.915273421448568,18.181835765806607,18.301696664243888,120754000
2008-09-11,19.029417037963867,19.106469807853586,18.178972319868166,18.552825984213833,103951200
2008-09-12,19.671531677246094,19.685801757215017,19.049394075769086,19.052248527224574,106758000
2008-09-15,18.164701461791992,19.180668332276227,18.164701461791992,18.72690858191105,108897800
2008-09-16,18.93238639831543,18.93238639831543,17.425559289947547,17.693820040582768,122460000
2008-09-17,18.53569984436035,19.291968284371688,18.196093094610138,18.672685195652925,133010400
2008-09-18,19.089345932006836,19.30338404801287,18.15328625304311,19.11503163812788,126511000
2008-09-19,20.399188995361328,22.360373746119684,19.58608552809445,20.430682654872438,92288400
2008-09-22,20.041318893432617,20.77998517117272,20.041318893432617,20.430693263822885,68529600
2008-09-23,19.37994956970215,20.356246641106498,19.37994956970215,20.089983406299915,64386200
2008-09-24,19.437210083007812,19.763597000525976,19.35990883805024,19.669116002210263,59170400
2008-09-25,19.912477493286133,20.026997538026745,19.44007466357668,19.445799792081775,55444400
2008-09-26,19.382810592651367,19.608991372620892,18.901819024280787,19.35131692807779,69241400
2008-09-29,17.078060150146484,18.893229237162014,16.9291817114437,18.893229237162014,91723400
2008-09-30,18.123069763183594,18.406511622595467,17.58768079781083,17.72796935351285,66400600
2008-10-01,17.8253116607666,18.160288380400257,17.178264190156476,17.951286297146442,93231000
2008-10-02,16.808931350708008,17.584816025920514,16.4968595056591,17.550459803136263,93994200
2008-10-03,16.6085205078125,20.01840643156992,16.459643156317107,16.748810167546164,97079200
2008-10-06,15.715250968933105,16.01300785683926,14.595800621441217,15.96433553277537,139090000
2008-10-07,14.853477478027344,16.39952109277451,14.75613390622673,16.18765637849168,96050600
2008-10-08,15.134055137634277,15.64654042403629,14.074728332695708,14.406841489102753,160996400
2008-10-09,12.955273628234863,15.469025819204125,12.955273628234863,15.245708744828873,110524800
2008-10-10,12.425612449645996,13.095564846095384,11.120063881852017,12.308227679386967,186766400
2008-10-13,14.472694396972656,14.781903826941667,12.71764724660782,12.98104799348866,100972600
2008-10-14,14.4898681640625,16.305038392539927,13.851409381544425,15.096833282823644,125450200
2008-10-15,12.396984100341797,13.983111224494,12.013336043094963,13.799876527092218,119568000
2008-10-16,12.869386672973633,13.192911043154249,11.526617954593295,12.534409861403544,154834800
2008-10-17,13.152824401855469,14.215014609122623,12.485735684355955,12.749135221314825,126661000
2008-10-20,14.684551239013672,14.684551239013672,13.633813644665802,13.665307299768102,90005200
2008-10-21,14.017462730407715,14.618702607199662,13.711117119210535,14.252232243808084,87792200
2008-10-22,12.654656410217285,13.456308620223158,12.14217120277435,13.456308620223158,124200400
2008-10-23,13.327473640441895,13.401913418612962,12.11354322817393,12.746275881803289,174627800
2008-10-24,12.497194290161133,13.032583503384927,11.795747910432036,11.815789141952992,108626800
2008-10-27,11.698399543762207,13.021125745172258,11.675494664419812,12.36835197422063,93196800
2008-10-28,13.482073783874512,13.482073783874512,11.755658659735126,12.445652196720722,125925600
2008-10-29,13.779831886291504,14.4469206095051,13.482075030702113,13.593733578506965,127611400
2008-10-30,14.415430068969727,14.492732409296163,13.559380289073664,14.140578031474565,105421200
2008-10-31,14.716050148010254,15.068204513929214,13.994562754847673,14.16634499943477,95992600
2008-11-03,14.260824203491211,14.670239630128513,14.000287213100629,14.487003875556958,62059000
2008-11-04,15.1798677444458,15.260032670919513,14.584353741597619,14.590079963797915,67894200
2008-11-05,14.501323699951172,15.260029987340722,14.43261013779658,14.7876282066261,85242200
2008-11-06,13.628090858459473,14.489867831393783,13.45630863193892,14.35816805158371,104532600
2008-11-07,14.272279739379883,14.295184624985202,13.691081919208123,13.808466727522742,67146600
2008-11-10,14.320945739746094,14.862060862888951,14.037503912680297,14.693141228856009,81374200
2008-11-11,13.908668518066406,14.189246703885011,13.599459236451228,13.954477179176287,73709600
2008-11-12,12.769182205200195,13.610918262205512,12.737689622829079,13.513574673713915,79129000
2008-11-13,14.269412994384766,14.315221660010208,12.313953191388295,12.983905608763363,127985200
2008-11-14,13.676761627197266,14.45837252574721,13.421950880202717,13.88576371284633,111201000
2008-11-17,13.393320083618164,14.017463791003772,13.361826423458346,13.539335945783742,89162400
2008-11-18,13.768381118774414,13.885765900223733,13.147099890983032,13.479214103260414,104807000
2008-11-19,13.055480003356934,13.994559163658916,13.006808780340721,13.734022207332282,98284600
2008-11-20,11.440725326538086,12.792082652468853,11.400642879101966,12.683286657881686,132242400
2008-11-21,12.717638969421387,12.866517365602764,11.601052636307735,11.818643466317779,150731800
2008-11-24,13.636683464050293,14.048961545527032,12.83216743629887,13.061210814897057,110990200
2008-11-25,13.85427474975586,13.985974559247563,13.39905054549975,13.802739851752149,93198000
2008-11-26,14.630159378051758,14.730366607425527,13.58514861799948,13.699669761643094,78718000
2008-11-28,14.395384788513184,14.487002108541802,14.08045038743538,14.446919667549857,31942400
2008-12-01,12.863659858703613,13.81419060687053,12.849344853709779,13.81419060687053,74521200
2008-12-02,13.298837661743164,13.344646315385534,12.806393815964345,13.195767918006718,75605800
2008-12-03,13.307429313659668,13.350375413535609,12.766314134479172,12.963863791146194,95997200
2008-12-04,12.385531425476074,13.24730852893185,12.139310488082208,13.081251404935482,98205400
2008-12-05,12.643204689025879,12.663245913502555,11.603919211576924,12.12785688846241,104990800
2008-12-08,13.204358100891113,13.507841146088984,13.03257590453885,13.155686879051649,98376200
2008-12-09,13.336064338684082,13.70539631930063,13.104157296949497,13.178595987538062,86006600
2008-12-10,14.026053428649902,14.137711973024974,13.59087059742464,13.59659681664447,82922400
2008-12-11,13.960206985473633,14.541405865062016,13.794150942851948,14.14057912687451,82029200
2008-12-12,13.822773933410645,13.9516111118126,13.33033118464515,13.462030926049618,81449000
2008-12-15,13.742615699768066,14.223607336633146,13.499257316950661,14.09763375256466,71277000
2008-12-16,14.169210433959961,14.292320366326466,13.799877360365402,14.16921043395996,81836800
2008-12-17,14.077584266662598,14.469822009773775,14.006008179663914,14.140571572714055,82104800
2008-12-18,13.258758544921875,14.071863169712955,13.109880110279597,14.02891706835211,99837200
2008-12-19,13.23832893371582,13.64698986514565,13.195160030669207,13.281497836762435,87478600
2008-12-22,12.844054222106934,13.370708785985828,12.63972270706006,13.321785065453982,63606600
2008-12-23,12.872836112976074,13.091556950117344,12.708796034035538,12.933271700410833,55987600
2008-12-24,12.823906898498535,12.875709122110205,12.668500227663525,12.766348750282194,12669200
2008-12-26,12.99658489227295,13.080044182136167,12.821032971467822,12.933270796813852,11565600
2008-12-29,13.281496047973633,13.376466084922223,13.111700068866117,13.310274580908198,29313200
2008-12-30,13.603818893432617,13.62684149795602,13.198035471003823,13.316029200991471,32908800
2008-12-31,13.747712135314941,13.931897341330238,13.454166551541654,13.566404342842825,46827600
2009-01-02,14.43265151977539,14.582301173065186,13.836927026606181,13.871461477532256,68567400
2009-01-05,14.77224349975586,15.019741680570828,14.366459032792804,14.400994581787792,95289000
2009-01-06,14.933406829833984,15.30753320705209,14.841314216913544,14.996720912903239,96745000
2009-01-07,14.300262451171875,14.706045675791797,14.15924618540262,14.706045675791797,78427000
2009-01-08,14.484457969665527,14.507480577720962,14.147743406980181,14.222568255448747,66533600
2009-01-09,13.998092651367188,14.493091350996922,13.943412996480701,14.478702083693186,79913600
2009-01-12,13.445533752441406,13.831171954691992,13.376463748499756,13.805270840442681,68882200
2009-01-13,13.78223991394043,13.851309881669282,13.434014858805952,13.468549293755432,93531800
2009-01-14,13.123207092285156,13.575036737448317,12.99658004641146,13.560647475072042,81218200
2009-01-15,13.287247657775879,13.316027281569925,12.66274464215544,13.100185043351367,88215400
2009-01-16,13.393731117248535,13.63259596555652,13.074284417150373,13.528991511705177,87339600
2009-01-20,12.680020332336426,13.485831638506212,12.651240690575777,13.163507335604514,89839400
2009-01-21,13.531865119934082,13.56927806978641,12.786490122396387,12.85843751174238,84770200
2009-01-22,13.160622596740723,13.436900439960299,12.881466241791253,13.223936680831669,107140400
2009-01-23,13.543386459350586,13.7275717295337,12.76347537778718,12.844057256865398,88452600
2009-01-26,13.793761253356934,14.14486506015924,13.57504045318051,13.641233054324099,86314400
2009-01-27,13.816781044006348,13.940530685189005,13.56928285947146,13.727566952337753,77673600
2009-01-28,14.193792343139648,14.300274257958211,13.819665836017757,14.058530790646525,78603600
2009-01-29,13.693036079406738,13.995215080733205,13.626843474453521,13.903122453620963,87422800
2009-01-30,13.503092765808105,14.000969933870214,13.405245317604011,13.923266579857584,85838800
2009-02-02,13.287247657775879,13.410997295514285,13.128963569315015,13.221056169795169,61179600
2009-02-03,13.51747989654541,13.603816569965753,13.229690253257361,13.359194714472691,62642000
2009-02-04,13.644107818603516,13.831171537858785,13.503090401311484,13.64123040503163,72235400
2009-02-05,13.977951049804688,14.026875888607576,13.393738084054993,13.549144845667454,85168400
2009-02-06,14.236955642700195,14.331925665039583,13.77073557649796,13.816781880808373,77044000
2009-02-09,14.28875732421875,14.61108144202858,14.165007680287838,14.306024001528815,68026600
2009-02-10,13.623958587646484,14.49020472937177,13.500208981995712,14.357821787736563,113454600
2009-02-11,13.468554496765137,13.851315232542504,13.20378856348812,13.727565603519018,85024800
2009-02-12,13.491575241088867,13.523232269188492,13.045501630722512,13.215296421747636,90264600
2009-02-13,13.523237228393555,13.733323558115998,13.434022034471496,13.477190924589053,74918600
2009-02-17,12.587928771972656,13.12609549476496,12.564905056556578,13.051269517493884,103792600
2009-02-18,12.515972137451172,12.728935859853111,12.37207731502756,12.662744373277894,85612800
2009-02-19,12.518850326538086,12.77210553708816,12.455536249442957,12.651233307891136,67991000
2009-02-20,12.196528434753418,12.3720803366378,11.905860207683352,12.265597351600318,89403000
2009-02-23,11.626701354980469,12.464169124560293,11.592165809347062,12.41812282821272,68967000
2009-02-24,12.173504829406738,12.242574844644977,11.669872823834574,11.750454691250962,67763200
2009-02-25,12.101555824279785,12.406613280294883,11.845423184735928,12.16774731893928,87614800
2009-02-26,12.130332946777344,12.587918487420234,12.115942587483886,12.323151465610561,64285400
2009-02-27,11.836791038513184,12.245451898332782,11.7072854498976,11.865569570280817,86158200
2009-03-02,10.970539093017578,11.63821086796533,10.936004648887227,11.566263468959493,93377800
2009-03-03,11.025222778320312,11.367692094296604,10.907229056191467,11.1719950286443,90922200
2009-03-04,11.55187702178955,11.790742971615064,11.295744394609246,11.407982188737204,92007600
2009-03-05,11.042487144470215,11.451148965840902,10.936005295042534,11.298619724411793,90310000
2009-03-06,11.163361549377441,11.491441597130699,10.763334084210559,11.215163777741688,95548400
2009-03-09,11.183507919311523,11.5490009701054,10.961909718538989,11.03673455750463,84001400
2009-03-10,11.750452041625977,11.894346867913844,11.410860163760173,11.477051652112944,83388200
2009-03-11,11.701533317565918,11.980689777101901,11.488568380818997,11.82240560540362,76690000
2009-03-12,12.052630424499512,12.104432647499753,11.606556702291087,11.813764496461697,63845200
2009-03-13,11.943268775939941,12.185012091462537,11.787862123568935,12.13608728705082,59145800
2009-03-16,12.095805168151855,12.383594973516066,11.888597254814693,11.937520994767736,56123000
2009-03-17,12.513096809387207,12.907368415732982,11.951906639609543,12.07565630620059,55410200
2009-03-18,12.63971996307373,12.786493288467002,12.058385879304085,12.343296996876395,84792400
2009-03-19,12.94477367401123,13.244075065947095,12.901605900720286,13.065645854451867,79527000
2009-03-20,12.438559532165527,13.080736679728224,12.398062073035087,13.040239220597783,75273200
2009-03-23,13.462571144104004,13.474142161734486,12.707579347546266,12.736505788149492,93572200
2009-03-24,13.20801067352295,13.398927998496106,13.037342072147501,13.262971337077774,59595400
2009-03-25,13.144375801086426,13.396040488468918,12.791468563728682,13.170410041040716,66918400
2009-03-26,13.257193565368652,13.494393963437624,13.100988102209117,13.355543927202552,68444800
2009-03-27,12.863783836364746,13.025773657477869,12.788573330728315,12.973705185413538,57336600
2009-03-30,12.386489868164062,12.551372995093422,12.175323777596164,12.539801978315563,54638200
2009-03-31,12.282353401184082,12.603441956667671,12.27656789257043,12.580301025686001,78684000
2009-04-01,12.542695045471191,12.632367665110264,11.995977203063513,12.004654913745263,66401200
2009-04-02,13.057595252990723,13.274546882856912,12.962137109655586,13.01131228275819,70610200
2009-04-03,13.312151908874512,13.404717847725449,12.96792239273965,13.008419853052807,55045400
2009-04-06,13.043128967285156,13.155943611754726,12.849318316333418,13.13858708819295,52423400
2009-04-07,12.652624130249023,12.800150806559012,12.583199097973267,12.76543884215786,44630200
2009-04-08,12.814604759216309,12.944775910858015,12.424092407763844,12.678649203921776,47116600
2009-04-09,13.190657615661621,13.2542971085219,13.025774478226323,13.167516684104315,40653400
2009-04-13,13.04602336883545,13.167516847304245,12.73361361636551,12.921637687688508,35503600
2009-04-14,13.011305809020996,13.225365129512523,12.837745032871922,12.962130660385343,42165000
2009-04-15,13.028661727905273,13.08940788641214,12.817495722043938,12.956344557262113,42437000
2009-04-16,13.089410781860352,13.196439909115362,12.82617626662925,13.153050259214913,35525800
2009-04-17,13.242729187011719,13.309260898068683,13.037348543730669,13.121236785118102,44136600
2009-04-20,12.600545883178711,12.941883062213996,12.528228702933482,12.912955528032345,36891800
2009-04-21,12.84931755065918,12.881137290223279,12.406736709198213,12.45880517330806,16007400
2009-04-22,12.713360786437988,12.993950701577655,12.649721313316201,12.710467481220112,42870200
2009-04-23,12.950559616088867,12.970808336474391,12.696002855349056,12.901383364100807,38427600
2009-04-24,13.326616287231445,13.433645456421297,13.144376596523115,13.167518634982072,47660400
2009-04-27,13.074949264526367,13.208012640404448,12.933207074762088,13.040237319400093,36723800
2009-04-28,13.103875160217285,13.265866069902604,12.872460363147397,12.886923581063115,31412400
2009-04-29,13.465466499328613,13.81258938520109,13.205125162529184,13.234051609904709,42310600
2009-04-30,13.242729187011719,13.627457333287946,13.057597277379605,13.62167182317779,59166600
2009-05-01,13.670843124389648,13.777873375844642,13.23115551552463,13.294793901730591,43703400
2009-05-04,14.217561721801758,14.234917143286635,13.772087512475174,13.824155983875574,56332400
2009-05-05,14.026643753051758,14.2117755973502,13.803906658044932,14.162599330504959,35813400
2009-05-06,14.570467948913574,14.654356158849032,14.229130704703538,14.281199172699836,43682200
2009-05-07,14.3824462890625,14.92916419012041,14.188635603086647,14.903129951809415,46984200
2009-05-08,14.995695114135742,15.143221721310166,14.596503848438868,14.602289357040032,56479600
2009-05-11,14.53864860534668,14.778742225849815,14.408478535261967,14.752707991138305,36681600
2009-05-12,14.63121509552002,14.755599652948945,14.321696492633016,14.729565419191077,46931000
2009-05-13,14.148133277893066,14.49525596815288,14.041104158749434,14.428724293902913,60138400
2009-05-14,14.188636779785156,14.321700185088634,13.910938950419705,14.038216846343932,35979000
2009-05-15,13.884904861450195,14.2493831285351,13.766304676564232,14.119213028237482,60101200
2009-05-18,14.365083694458008,14.382440213824827,14.087386005424055,14.098957018335268,33953800
2009-05-19,14.434518814086914,14.582045470243548,14.298562075501152,14.391128036907922,32915400
2009-05-20,14.483692169189453,14.900238942914806,14.443194704122522,14.639897623138896,44500400
2009-05-21,14.055572509765625,14.278309641534774,13.89647487377995,14.26673862348814,51213600
2009-05-22,14.061358451843262,14.30723652380509,14.029538702971555,14.145246680055386,27292000
2009-05-26,14.359310150146484,14.399807625599966,13.783665571674662,13.968797518589689,53813800
2009-05-27,14.20309829711914,14.608075077284527,14.182849568458167,14.420049907177823,41742600
2009-05-28,14.67460823059082,14.813457142413037,14.191529793843094,14.330378705665309,51813800
2009-05-29,14.949409484863281,15.010155659141335,14.744028931748291,14.908912035344578,44477400
2009-06-01,15.499028205871582,15.60605738999715,15.206865998658785,15.238685754243672,59445800
2009-06-02,15.458532333374023,15.565562639670043,15.339932107685941,15.420928164271237,40510200
2009-06-03,14.862627983093262,15.264711350076524,14.6427831255158,15.264711350076524,56498000
2009-06-04,15.198180198669434,15.235784341196096,14.903125944963927,15.039082608865119,62122000
2009-06-05,15.073795318603516,16.693699939495513,14.885770182485357,15.360170774169182,46431000
2009-06-08,15.03908634185791,15.157686513166102,14.74981752369423,14.93784159341684,36661600
2009-06-09,15.186615943908691,15.31967936163128,15.024624976589985,15.209757983585588,29609000
2009-06-10,15.322572708129883,15.490348082330444,15.073801298322975,15.446958413033336,50113800
2009-06-11,15.629193305969238,15.857715928579413,15.345710007219989,15.371744244017009,49884800
2009-06-12,15.478767395019531,15.478767395019531,15.273386886255684,15.455626473208639,39909000
2009-06-15,15.068015098571777,15.22132724265464,14.871312183705054,15.212649529887123,38825600
2009-06-16,14.746920585632324,15.261818602041016,14.703530935677746,15.201072430020986,46876600
2009-06-17,14.506834030151367,14.665931685305573,14.310131113551316,14.637004136703712,72678600
2009-06-18,14.451879501342773,14.654368029409882,14.367991223454817,14.48369926905708,46122600
2009-06-19,14.307662010192871,14.642021560072912,14.194270838579703,14.607132224756239,49653600
2009-06-22,13.592421531677246,14.086691627378764,13.566254258695645,14.086691627378764,64228800
2009-06-23,13.673824310302734,13.798845547363419,13.464487327756782,13.668009240077675,50627800
2009-06-24,13.729073524475098,13.967485972786365,13.638941556313807,13.77268490846661,36044600
2009-06-25,14.016912460327148,14.080877154588135,13.66510886011526,13.68836915225081,53431000
2009-06-26,13.923866271972656,14.02562833349911,13.862809700523504,13.973293812510923,24620000
2009-06-29,14.054710388183594,14.188453745458835,13.976208563058087,14.014005984587808,27624400
2009-06-30,13.970383644104004,14.220426071815599,13.743601492975362,14.054700483050663,45739400
2009-07-01,13.982023239135742,14.281492293465437,13.958762946820691,14.124489756785973,40023400
2009-07-02,13.420884132385254,13.743613543729488,13.41216207557444,13.743613543729488,47966800
2009-07-06,13.284235954284668,13.287144046684014,12.952784403945211,13.11851017911494,63343800
2009-07-07,12.94405746459961,13.272601907779007,12.909168132747949,13.260971760791167,43153800
2009-07-08,12.946968078613281,13.092341629405208,12.694018410786732,12.906263661849488,68756200
2009-07-09,13.080710411071777,13.269695330178726,12.967318128673222,13.080710411071777,49091200
2009-07-10,12.987665176391602,13.019647517000651,12.787050188632405,12.874274048131554,50377600
2009-07-13,13.185378074645996,13.20282329666274,12.734720375777082,12.984763012457268,44888200
2009-07-14,13.36273193359375,13.420881555763282,13.191191158205115,13.33365767706488,54760600
2009-07-15,13.83664608001709,13.888980614772851,13.609863835483111,13.615678907023918,59843600
2009-07-16,14.005285263061523,14.089602176138092,13.688372034327122,13.75815070720207,32160800
2009-07-17,14.086690902709961,14.165192717616357,13.871537657139282,13.996558942829653,37788600
2009-07-20,14.328014373779297,14.380348931890664,14.086694897254198,14.272772833155956,39242000
2009-07-21,14.453033447265625,14.543165418687705,14.220436063560689,14.487923886655224,36666800
2009-07-22,14.322196006774902,14.499551845252231,14.202989787175476,14.237880223969256,43119200
2009-07-23,14.729236602783203,14.784478109601793,14.266949028435238,14.304746432632854,43464400
2009-07-24,14.883334159851074,14.90659444539376,14.610032459393295,14.668182064138547,30936600
2009-07-27,14.93276309967041,15.022893941744888,14.764129341150378,14.91822597441113,26397200
2009-07-28,14.714702606201172,14.82518675241576,14.423955670244972,14.764129052940188,38322000
2009-07-29,14.374533653259277,14.487925933628752,14.200085868111108,14.47629578552235,44510600
2009-07-30,14.575146675109863,14.729242222312921,14.391975763926782,14.511181983465546,41371800
2009-07-31,14.717607498168945,14.784479150852064,14.400693338602892,14.50245541720785,35830400
2009-08-03,15.095584869384766,15.200253974898,14.947304375982261,14.970564670146034,41977800
2009-08-04,15.069416999816895,15.147917710972196,14.912413359282798,15.019989434858347,28837000
2009-08-05,14.91822624206543,15.063599715489568,14.828094289262292,15.063599715489568,32381600
2009-08-06,14.796113967895508,14.973469807146774,14.679815838743933,14.973469807146774,33406200
2009-08-07,14.778667449951172,15.008356688963955,14.700165643284189,14.970560385433282,37257400
2009-08-10,14.842629432678223,14.932761373445024,14.703071049921249,14.737960368332633,28121400
2009-08-11,14.62747573852539,14.82518370303817,14.566418051608713,14.790293279339695,41350400
2009-08-12,14.784483909606934,14.918228367133542,14.58677586885811,14.59549903270203,31199200
2009-08-13,14.964754104614258,14.982198221380115,14.703081262004376,14.90369636859715,33626200
2009-08-14,14.743780136108398,14.979285605904499,14.580962525583299,14.961840386586044,33078000
2009-08-17,14.266955375671387,14.42105093263929,14.171009441236665,14.389069693902249,37469800
2009-08-18,14.409423828125,14.473387423290172,14.243698102599689,14.3018466238204,25840200
2009-08-19,14.676901817321777,14.790292918799429,14.21752234093651,14.264041795622502,41163600
2009-08-20,14.801925659179688,14.842630050539297,14.671089323301315,14.679812485100861,20052600
2009-08-21,15.220603942871094,15.27875356063046,14.97346945378343,14.979284526470538,43980200
2009-08-24,15.415409088134766,15.528800262854627,15.357259454939141,15.363074529169904,38163200
2009-08-25,15.179896354675293,15.543330002943394,15.127561820595767,15.464828201824107,42513200
2009-08-26,15.249679565429688,15.287476983982286,14.99672999935679,15.063601672727247,32536200
2009-08-27,15.20315933227539,15.307828418966224,14.862984800530175,15.162454933920436,36828200
2009-08-28,15.17117977142334,15.33690548605077,15.072325739091903,15.31364519180249,21096600
2009-08-31,14.877527236938477,14.979289378256006,14.781581279303621,14.929861798961875,26625400
2009-09-01,14.618755340576172,15.02870846905665,14.583866019395915,14.833908557596061,40933200
2009-09-02,14.511189460754395,14.708897601246168,14.511189460754393,14.53735674726396,28713200
2009-09-03,14.612948417663574,14.682728208047799,14.519909436559372,14.627486659614721,18870200
2009-09-04,14.816463470458984,14.860075954144744,14.569329020537097,14.583866145395172,23645600
2009-09-08,15.223511695861816,15.842803059396289,15.066508064129977,15.11884260804059,38221600
2009-09-09,15.258402824401855,15.412498383500413,15.156641815395602,15.264217897646757,26240800
2009-09-10,15.522980690002441,15.552056052730098,15.22060357230489,15.331087732446626,34983000
2009-09-11,15.584038734436035,15.79337692905737,15.456110453896212,15.613114099862212,42355800
2009-09-14,15.700334548950195,15.709056602117252,15.354346094281263,15.406680631506687,31227000
2009-09-15,15.857344627380371,15.900956020112275,15.63928433638486,15.775934697879222,36972000
2009-09-16,16.249849319458008,16.258571374363456,15.953287252443426,15.9765475443403,45770000
2009-09-17,16.171344757080078,16.363237696258167,16.05504664464245,16.232402458404778,34738800
2009-09-18,16.114694595336914,16.284076451948184,15.974516161370605,16.2723957513137,36729600
2009-09-21,15.977434158325195,16.032922214408,15.764246079055082,15.848937554310602,31133000
2009-09-22,16.228586196899414,16.286994144328478,16.11177030204128,16.23442710304621,27074000
2009-09-23,15.88982105255127,16.27531193656157,15.881060250563417,16.240267614571245,67976400
2009-09-24,15.662029266357422,15.930704223658203,15.539372484169716,15.919022413156753,45889600
2009-09-25,15.64159107208252,15.837256440062005,15.51309334835717,15.606545630681563,40207200
2009-09-28,15.892744064331055,15.945311114641846,15.621149123110797,15.650352544821626,28126000
2009-09-29,15.848938941955566,15.9599139497985,15.720442326690524,15.881063374281611,35139000
2009-09-30,15.746726036071777,15.939472645919142,15.539378828194982,15.93655163508188,50769600
2009-10-01,15.256093978881836,15.74671770628299,15.256093978881836,15.740877915776073,47306800
2009-10-02,15.177247047424316,15.28530102211349,14.993262409626826,15.054590250879691,37126800
2009-10-05,15.513090133666992,15.57733898221574,15.14220097765723,15.197689024690732,33735400
2009-10-06,15.881056785583496,15.994951642731289,15.720435804630492,15.73795740478328,43871200
2009-10-07,16.00371551513672,16.00371551513672,15.755483143649117,15.834333701590078,41166000
2009-10-08,16.415494918823242,16.46222106586087,16.053367557791436,16.08841188955985,73616400
2009-10-09,16.400894165039062,16.473903843678666,16.278238439663387,16.35124811830299,26629200
2009-10-12,16.622840881347656,16.748417600985846,16.52646869769459,16.529388594273534,27144000
2009-10-13,16.649126052856445,16.68125048859674,16.365849267046833,16.669569787086925,41277000
2009-10-14,16.926557540893555,16.935319456725846,16.757175726667334,16.862309804343763,45796000
2009-10-15,17.27992057800293,17.282841587383043,16.795136626499733,16.824341150107553,46201200
2009-10-16,17.227371215820312,17.303300822077258,17.06966997893311,17.20108767633911,44899800
2009-10-19,17.45222282409668,17.51939266928138,17.186467794762827,17.256557535197953,43175800
2009-10-20,17.34126091003418,17.519404721908693,17.08426650368869,17.507722904793123,36996600
2009-10-21,17.29452133178711,17.68585298909595,17.18062648841279,17.203988990470805,52015600
2009-10-22,17.3617000579834,17.425947811180894,16.99081079409394,17.17187446698734,36697200
2009-10-23,17.025850296020508,17.475590011056997,16.87983099482987,17.458067293860132,42302400
2009-10-26,16.745494842529297,17.42302436504352,16.70460961317672,17.037533468235047,53872800
2009-10-27,16.894432067871094,17.057974080118715,16.719209358636284,16.786378100977586,50598400
2009-10-28,16.33663558959961,16.80681781906052,16.298671381360887,16.80681781906052,47924600
2009-10-29,16.77178192138672,16.806826251974844,16.383369932061274,16.44761879983882,43452600
2009-10-30,16.13513946533203,16.789306695823246,16.0270854496219,16.72505782019269,59776600
2009-11-02,16.237350463867188,16.51186754114927,15.97743621208756,16.249032278653484,58815200
2009-11-03,16.447628021240234,16.552762185987508,15.971604381541114,16.03293338700356,40061600
2009-11-04,16.433019638061523,16.73966008487504,16.395054290844044,16.646207779446907,52054000
2009-11-05,16.7133731842041,16.76302033809891,16.444698138784617,16.52062770386952,37093800
2009-11-06,16.669567108154297,16.83894895023767,16.49726425563346,16.546910292679584,43677600
2009-11-09,16.98788833618164,17.011251963746144,16.853550819802983,16.90027696089291,33857400
2009-11-10,16.99956703186035,17.078417589368964,16.81266250178314,16.938239191811057,35903800
2009-11-11,16.993728637695312,17.218598531817136,16.906117265527612,17.15435078638164,36047200
2009-11-12,16.61992073059082,17.01417249102781,16.55275196991099,16.909039505206636,50834400
2009-11-13,16.725053787231445,16.859391300211847,16.497263994435194,16.657885030741244,38712800
2009-11-16,17.16310691833496,17.26824098193889,16.88859106317704,16.92655527522611,41948200
2009-11-17,17.1339054107666,17.183552555785884,16.99372700595046,17.12222471256112,33699200
2009-11-18,17.066740036010742,17.224441190375604,16.949925232585738,17.215680386479495,34286600
2009-11-19,16.68416976928711,16.955765825421288,16.579035668326895,16.938243103914875,44870400
2009-11-20,16.529386520385742,16.61991889952212,16.39504901382647,16.59071548124019,33801600
2009-11-23,16.74257469177246,17.002488886450706,16.69292754685743,16.841866753524663,35071200
2009-11-24,16.838945388793945,16.844786294394442,16.52354428463899,16.765935739845997,31882400
2009-11-25,16.970355987548828,17.03460480864353,16.710441922630636,16.87106286132901,29218200
2009-11-27,16.652034759521484,16.6812381627764,16.383358770614876,16.476810997876715,25622400
2009-11-30,16.593629837036133,16.74257011704597,16.45929237533055,16.5585855239909,38884600
2009-12-01,16.812664031982422,16.94992254614242,16.777619707913114,16.8155850421776,31061400
2009-12-02,16.7133731842041,16.894436850205892,16.6374436191192,16.812666377954592,31288600
2009-12-03,16.44469451904297,16.754254732448924,16.430091697321725,16.70752859944205,39432200
2009-12-04,16.324962615966797,16.830189397393145,16.219828513188755,16.652045624801367,60389000
2009-12-07,16.287002563476562,16.4855890189662,16.19355024489785,16.19355024489785,27159400
2009-12-08,16.009559631347656,16.211065910467326,15.913187450564894,16.202305106952288,40475400
2009-12-09,16.009559631347656,16.155578964806896,15.819734052235006,16.06504657700809,50632600
2009-12-10,16.208148956298828,16.278238739260118,16.06212959633217,16.14098018439888,30380000
2009-12-11,16.216903686523438,16.333719576353044,16.11176960848457,16.292834349124348,31250600
2009-12-14,16.383365631103516,16.500181521116357,16.365844027428814,16.46805709566088,31263000
2009-12-15,16.435932159423828,16.538146338518263,16.336638990210325,16.37460432039048,26852400
2009-12-16,16.541074752807617,16.71921856996535,16.497269608384205,16.543995764192836,37594200
2009-12-17,16.400894165039062,16.558595338270035,16.357087912239585,16.441779406830953,30876400
2009-12-18,16.48721694946289,16.63696677568693,16.40793723436703,16.57530514842422,41544400
2009-12-21,16.68394660949707,16.757353625948607,16.595858413775662,16.604666897317152,32098200
2009-12-22,16.763227462768555,16.839570272229935,16.663393868794593,16.71918280185859,20155200
2009-12-23,16.89536476135254,16.942345222610385,16.78084995704295,16.819020811744444,26062400
2009-12-24,16.974645614624023,17.012816471832547,16.912982845089825,16.954091731480165,5590600
2009-12-28,17.004005432128906,17.106774832420275,16.93353418614164,17.10383904388443,11669200
2009-12-29,16.89242172241211,17.07740771153058,16.848378186023428,17.074471923812194,17026800
2009-12-30,16.874801635742188,16.89535550627692,16.772031162966595,16.83075698739523,14507200
2009-12-31,16.739736557006836,16.951149135679746,16.72211958885226,16.910041383182737,11897800
2010-01-04,17.26826286315918,17.26826286315918,16.968762172563974,17.00693300560411,33856800
2010-01-05,17.409198760986328,17.444433795967424,17.212467482130265,17.29174715091391,34736200
2010-01-06,17.617685317993164,17.670538463555324,17.37984616296344,17.418018128114394,48703800
2010-01-07,17.59125518798828,17.620617542873173,17.41214191092513,17.541338960663555,34899000
2010-01-08,17.705772399902344,17.720453579384326,17.46793438002849,17.52959600591414,26688600
2010-01-11,17.682279586791992,17.873137126262403,17.538401365254053,17.820283993460876,38919800
2010-01-12,17.426822662353516,17.532528929518314,17.335798692374283,17.412141485269963,43021200
2010-01-13,17.49142837524414,17.55896271366911,17.18311904935537,17.41802133955146,44275000
2010-01-14,17.54133415222168,17.58537767247578,17.420946738031027,17.48848103183537,31090800
2010-01-15,17.400400161743164,17.558959599543034,17.280012689362287,17.52078763412404,38110400
2010-01-19,17.55895233154297,17.588315800519716,17.3211143933913,17.353412529113005,29226200
2010-01-20,17.285886764526367,17.371039186445294,17.153753889152576,17.371039186445294,31283400
2010-01-21,16.933530807495117,17.353419050797697,16.892423055580554,17.300565906878337,50413200
2010-01-22,16.531253814697266,16.94820609759386,16.484273386211907,16.851308333785568,46057200
2010-01-25,16.639909744262695,16.801406152168603,16.587057698160322,16.64284665355337,31802400
2010-01-26,16.53419303894043,16.824884130904568,16.419677178361606,16.501893779810654,43030600
2010-01-27,16.469600677490234,16.634032821755856,16.202399143122562,16.487218767265876,53233400
2010-01-28,16.296361923217773,16.625225129481045,16.090821999264804,16.589990065978455,68861400
2010-01-29,16.00272560119629,16.578236198029536,15.920510121677797,16.41674102607454,65605400
2010-02-01,16.531253814697266,16.534190721534845,16.181836947843777,16.19358233499056,43626600
2010-02-02,16.748550415039062,16.77791278282241,16.45785804553279,16.592926729500235,44501600
2010-02-03,16.60466957092285,16.839571837370187,16.56649760259317,16.701567385889955,39498600
2010-02-04,15.923446655273438,16.478403408244215,15.914638173512616,16.472530713703016,74346400
2010-02-05,15.926386833190918,15.996856941952926,15.465389737904447,15.920514137443721,92756800
2010-02-08,15.779574394226074,16.11724603304278,15.77663748600463,15.929324230553082,48230200
2010-02-09,16.111371994018555,16.31397608052633,15.946940990594511,15.99685722517618,67116200
2010-02-10,16.043838500976562,16.143672095401183,15.791318166837693,16.117245522756363,48364600
2010-02-11,16.31692123413086,16.352156309360236,15.941077444743255,16.011547595202007,45889000
2010-02-12,16.322786331176758,16.331594815855926,16.014477046280305,16.12018334283962,39667800
2010-02-16,16.70743751525879,16.76616223277007,16.513643035205867,16.531260002418378,39669800
2010-02-17,16.68394660949707,16.789652892403634,16.572367630862125,16.754417838135506,36275600
2010-02-18,16.777910232543945,16.819017989233174,16.58411572236446,16.66633123574292,33145400
2010-02-19,16.842510223388672,16.901236075178243,16.636970302176397,16.716250034076953,32996600
2010-02-22,16.61053466796875,16.886544564751922,16.575299624147927,16.88360877780929,34699400
2010-02-23,16.33452796936035,16.57236596184507,16.258184052682193,16.531258215988554,42202400
2010-02-24,16.437294006347656,16.498955612649326,16.27873463005608,16.328651968563506,35260600
2010-02-25,16.446109771728516,16.454919376603552,16.067330365171976,16.202399025497638,41896200
2010-02-26,16.484281539916992,16.543007384597,16.340404396558416,16.484281539916992,34493600
2010-03-01,16.6369686126709,16.678076368718315,16.545943495635658,16.560625797168885,27932000
2010-03-02,16.77497100830078,16.901231160900533,16.710372478104965,16.745607530892624,33492600
2010-03-03,16.848377227783203,16.995191247599816,16.839567624924793,16.839567624924793,33534600
2010-03-04,16.76029396057129,16.927661902691646,16.689822717524734,16.874808750432333,32662000
2010-03-05,17.07447052001953,17.112641357731043,16.907102631278118,16.92471959634434,30670400
2010-03-08,17.048038482666016,17.18017015867807,16.97463149816968,17.121445467162353,25224000
2010-03-09,17.048038482666016,17.141999333213192,16.933522645966306,16.957013418653947,33407600
2010-03-10,17.197792053222656,17.221282831121314,16.986379532542497,17.065659227797557,34744400
2010-03-11,17.168432235717773,17.200731500046157,17.080342925694143,17.13319606366748,26066600
2010-03-12,17.1772403717041,17.28000973785295,17.103833361568615,17.28000973785295,27319600
2010-03-15,17.001066207885742,17.136134855287956,16.821952900629572,17.112644071338583,36747200
2010-03-16,17.153751373291016,17.171369460791013,16.951148407500956,17.086217051360997,38322600
2010-03-17,17.341678619384766,17.44738381053074,17.215418427627167,17.23890809673656,43343600
2010-03-18,17.083280563354492,17.36810013903596,16.98931967407647,17.341673568920132,39453800
2010-03-19,16.877899169921875,17.163715914800118,16.72467788009146,16.877899169921875,44824800
2010-03-22,16.83370590209961,16.910316005336107,16.597981210575014,16.665751989136833,39713000
2010-03-23,16.89853286743164,16.925051970780295,16.762991283215953,16.872013764082986,34841400
2010-03-24,16.801298141479492,16.948626254480164,16.748259930877307,16.786565554984282,41494000
2010-03-25,16.518423080444336,16.96335334292788,16.491903983738432,16.922101664501795,44246000
2010-03-26,16.524316787719727,16.63039205340671,16.418240398008777,16.574407791736583,42987800
2010-03-29,16.84549331665039,16.877905676381953,16.618609046577696,16.630394439551253,38952000
2010-03-30,16.87201499938965,16.904427364080476,16.76888576994093,16.88380151819073,26115600
2010-03-31,16.94862937927246,17.02523951758661,16.833713609788983,16.90443048761366,30335400
2010-04-01,17.249170303344727,17.287474791354718,17.101842236778456,17.116574818630294,35980200
2010-04-05,17.55561065673828,17.58802188296602,17.29631297874975,17.35524442247766,34911400
2010-04-06,17.55561065673828,17.61454097644239,17.461319672359345,17.532037629637596,27071600
2010-04-07,17.38176727294922,17.526148161064928,17.28158413416475,17.51436164496698,39071600
2010-04-08,17.44363784790039,17.499622091028726,17.169607639912982,17.25211097168602,38919400
2010-04-09,17.6292781829834,17.658743348689605,17.532041112909678,17.55856021165487,34977200
2010-04-12,17.670528411865234,17.791337379767256,17.60864977053089,17.61454302799244,30055600
2010-04-13,17.608652114868164,17.691156606290264,17.423019538222626,17.646957731456137,27711000
2010-04-14,17.776607513427734,17.791340097319992,17.54088167505518,17.69705021158061,29171200
2010-04-15,17.77365493774414,17.838479636060498,17.6999909165751,17.755975168015016,27894400
2010-04-16,17.473114013671875,17.753037653764306,17.35819826513455,17.673480337694397,73328400
2010-04-19,17.49668312072754,17.50257637881891,17.26095841719283,17.313995491967095,42298200
2010-04-20,17.838483810424805,17.903307399886703,17.61454450421382,17.629278211114457,39333200
2010-04-21,17.820804595947266,17.953400094046945,17.691156288929836,17.84437762850901,37143200
2010-04-22,17.86500358581543,17.86794965289272,17.53793506305704,17.6705305620164,21374000
2010-04-23,18.295209884643555,18.295209884643555,17.84733216953323,17.87090521328753,52021800
2010-04-26,18.23332405090332,18.357079102341284,18.203857759591365,18.327613935053414,34525600
2010-04-27,17.673479080200195,18.24216564703294,17.629281323766737,18.10662406219825,82804800
2010-04-28,17.853233337402344,17.900378321766155,17.611615152034666,17.794301825941304,46190000
2010-04-29,17.873836517333984,18.088935305802206,17.753027577947076,17.944554466156802,57721400
2010-04-30,17.652856826782227,17.923941175621522,17.54088713112962,17.915100723317074,45833000
2010-05-03,17.853233337402344,17.99466829049378,17.52911171040427,17.729477050931653,33379800
2010-05-04,17.375877380371094,17.63222797302084,17.19318971754092,17.617495387056923,61168800
2010-05-05,17.101848602294922,17.34051943959315,16.94862722115226,17.0576497162641,70413000
2010-05-06,16.518423080444336,17.14309376237634,15.407569333578769,16.9486207612077,94401400
2010-05-07,16.203140258789062,16.686376107556235,15.996880753479596,16.471277278484205,98981800
2010-05-10,16.895580291748047,16.960404991412865,16.653962387209443,16.8337027824446,59433800
2010-05-11,16.78361701965332,17.039968725049675,16.704059710119026,16.718793419459022,45673200
2010-05-12,17.016393661499023,17.072377928637106,16.81897456894046,16.81897456894046,37616200
2010-05-13,16.907371520996094,17.12247039239721,16.827814219405415,16.989874889746083,42234600
2010-05-14,16.57146453857422,16.801296005954818,16.31216677792421,16.7512038694089,56791400
2010-05-17,16.400562286376953,16.671646545767622,16.046974659531074,16.624500479765697,63878600
2010-05-18,16.273853302001953,16.75414297218977,16.179563457109374,16.63922729397841,61329800
2010-05-19,16.088224411010742,16.300377186442848,15.811248050659673,16.179568216882664,60211200
2010-05-20,15.369264602661133,15.725798271231698,15.322119664040429,15.6757072657077,89767600
2010-05-21,15.637396812438965,15.672755224455951,15.03040493202517,15.065764468065808,80312000
2010-05-24,15.28087043762207,15.646243489611741,15.257297402513482,15.604991802195892,54698400
2010-05-25,15.316226959228516,15.322120217271891,14.777006774536257,14.87129665518216,86228000
2010-05-26,15.283819198608398,15.64035411130409,15.233728176210914,15.495972055878644,59695200
2010-05-27,15.932056427001953,15.952682265620536,15.613828399726714,15.669812658259458,60610400
2010-05-28,15.63150691986084,15.914376524909034,15.513645146436037,15.893750686459096,52657400
2010-06-01,14.8889799118042,15.481239602126626,14.862460804416264,15.372215980629344,72695200
2010-06-02,15.534273147583008,15.557845055940115,14.965586667664157,14.992105767080934,55296400
2010-06-03,15.743480682373047,15.77589304385962,15.360427851400486,15.696335735853719,67379800
2010-06-04,15.189525604248047,15.74642559544027,15.080503134168792,15.407571668430665,59718800
2010-06-07,15.056934356689453,15.428201871777906,15.027469180455194,15.251407442299074,48249600
2010-06-08,15.307385444641113,15.354530378220558,14.936118109182084,15.080500100532568,70188800
2010-06-09,15.148277282714844,15.69928413785291,15.068719962878168,15.460613302367237,61359800
2010-06-10,15.908487319946289,15.940898554887944,15.516594069213578,15.551952495347084,51986800
2010-06-11,16.00571632385254,16.014555645542252,15.684541188850835,15.684541188850835,30326200
2010-06-14,15.923221588134766,16.3210070152793,15.914381137648203,16.20314520769258,47629000
2010-06-15,16.388778686523438,16.412351723719603,16.046977515349024,16.088229206418028,34142400
2010-06-16,16.37698745727539,16.488955971993,16.20608637056344,16.273857142321113,28992600
2010-06-17,16.35930824279785,16.427079016863477,16.182513892865686,16.427079016863477,34826000
2010-06-18,16.460548400878906,16.48718842698032,16.23854855975031,16.356947797529145,27196400
2010-06-21,16.425025939941406,16.783185351522054,16.30070546296378,16.73286480896106,33251400
2010-06-22,15.945494651794434,16.42205408433141,15.89221464510405,16.41317445959922,43145200
2010-06-23,15.824135780334473,15.939575424960971,15.732376641861451,15.924775673189389,35639200
2010-06-24,15.49262523651123,15.827105232960012,15.421584807589186,15.729424784335862,33908000
2010-06-25,15.537020683288574,15.676139738055163,15.323900593741184,15.516299670894622,40874800
2010-06-28,15.326857566833496,15.608057387714485,15.309098315064416,15.608057387714485,31908800
2010-06-29,14.820703506469727,15.113743678966083,14.711183943845455,15.110783049918616,44985200
2010-06-30,14.705263137817383,15.021982682364873,14.67270299468929,14.797023438528456,33385600
2010-07-01,14.651985168457031,14.838465295853728,14.373745856600264,14.755584611927837,51605200
2010-07-02,14.61646556854248,14.808864696926712,14.492145106820269,14.743745530452461,22839200
2010-07-06,14.75854778289795,15.024946881621895,14.595748145486187,14.871028004572207,34598000
2010-07-07,15.27950382232666,15.288384580929891,14.799984636273189,14.835504283238464,37817400
2010-07-08,15.49558162689209,15.539982027200868,15.21734235518445,15.457102484383505,29743000
2010-07-09,15.57550048828125,15.599181001089102,15.415661543424243,15.480780695347837,18225800
2010-07-12,15.534064292907715,15.649503996525048,15.389025070621567,15.516303904216871,16413800
2010-07-13,15.72054672241211,15.838945943561114,15.664306047903112,15.741266614341919,28330200
2010-07-14,15.70278549194336,15.78862568486483,15.53998586584533,15.64950545007137,23880200
2010-07-15,15.685022354125977,15.747182011230462,15.418622210608062,15.682061725226287,29824600
2010-07-16,15.312058448791504,15.608058034801351,15.199578289946096,15.54885789176962,36261600
2010-07-19,15.409746170043945,15.498545862175371,15.246945417128758,15.374225389871897,25082600
2010-07-20,15.76198673248291,15.782706624710087,15.187747622337895,15.190707123020589,33496400
2010-07-21,15.504460334777832,15.86261960220373,15.389020664214852,15.86261960220373,45027600
2010-07-22,15.847822189331055,15.989901891726344,15.67614184321856,15.72054224421982,45984400
2010-07-23,15.918862342834473,15.92182297194197,15.62878279350383,15.812302277947877,36051600
2010-07-26,16.0579776763916,16.084617684522996,15.880378374948181,15.927738263943015,23881600
2010-07-27,15.981023788452148,16.15566365102985,15.841903572576069,16.12902363371633,32817800
2010-07-28,15.945494651794434,16.06093428990739,15.895175272780525,15.942535153266576,21551400
2010-07-29,15.969186782836914,16.19710672647007,15.812306147078061,16.052066351740084,29114600
2010-07-30,15.936625480651855,16.01950504357993,15.756065465001955,15.806386006172113,23632200
2010-08-02,16.49310302734375,16.54342243246668,16.211903097050246,16.23558248500539,55158000
2010-08-03,16.487186431884766,16.59374652339571,16.35102681679831,16.425026754886527,28509000
2010-08-04,16.614469528198242,16.65590932062685,16.451669859735993,16.531588814191366,26215400
2010-08-05,16.667739868164062,16.667739868164062,16.427979757107238,16.504939165450107,17817400
2010-08-06,16.469417572021484,16.552297098737554,16.229658618550317,16.460537945344438,36234800
2010-08-09,16.537504196166992,16.596704366555045,16.436864245252107,16.546384955672266,13428400
2010-08-10,16.40134048461914,16.481260525243215,16.2355802749008,16.345100957875854,24521000
2010-08-11,15.912940979003906,16.12310159251135,15.859662079843947,16.099421078085523,37659400
2010-08-12,15.818222999572754,15.942543456313947,15.658384025404372,15.67910391333637,30510800
2010-08-13,15.791586875915527,15.936627256349771,15.744226959086905,15.782707244369375,18199400
2010-08-16,15.788614273071289,15.833014652255752,15.613974512973511,15.705734769685412,20571400
2010-08-17,16.052064895629883,16.134944457014907,15.87150488334165,15.948465443898604,36034800
2010-08-18,15.89814281463623,16.031342898751944,15.753103601270713,16.007663511103146,37387800
2010-08-19,15.640626907348633,15.850786459822668,15.551827207768701,15.821186936345839,32998200
2010-08-20,15.448224067687988,15.566624400353106,15.323904734623943,15.554784141256745,24849400
2010-08-23,15.454145431518555,15.605105924180865,15.442305171476539,15.477825951602581,16351600
2010-08-24,15.214383125305176,15.41862248622036,15.161103095649198,15.243982639936675,29477600
2010-08-25,15.167025566101074,15.214385474313012,14.924304766221953,15.128545287819724,38673400
2010-08-26,15.030868530273438,15.303188916176248,14.945029451866164,15.252868366206895,21953600
2010-08-27,15.421582221984863,15.451182866218375,14.897663804266593,15.119663554846888,39417400
2010-08-30,15.196623802185059,15.463023969102178,15.193664302174506,15.391983548207884,18313200
2010-08-31,15.155190467834473,15.273589714110335,15.039750722826899,15.128550439821211,35157400
2010-09-01,15.72054672241211,15.759027005631511,15.383107191955832,15.406786584525864,38265800
2010-09-02,15.850784301757812,15.880384950353992,15.652465037335208,15.74126472482517,19697400
2010-09-03,16.04318618774414,16.11422549325921,15.909986078466632,15.992865644617346,26494200
2010-09-07,15.803427696228027,15.939587320781314,15.753108276821193,15.921828057061031,22814000
2010-09-08,15.93958568572998,16.019505751721788,15.812305706092966,15.82118646619166,18584400
2010-09-09,15.97214126586914,16.164541495122588,15.912941108471996,16.134940851849475,15673400
2010-09-10,16.137903213500977,16.17046336002289,16.037263273864703,16.066862791166873,15190600
2010-09-13,16.268144607543945,16.30070475794291,16.15270489551078,16.27998486753436,18263200
2010-09-14,16.211904525756836,16.34806412365856,16.143824726805974,16.235583915798774,27955800
2010-09-15,16.179351806640625,16.182311308324,16.010631981942794,16.102392342224874,28226000
2010-09-16,16.105344772338867,16.17342457266205,16.007665451579285,16.099424642421724,33517600
2010-09-17,16.024757385253906,16.179384983514456,15.971232403766011,16.152622492770508,28705800
2010-09-20,16.29535484313965,16.357800274633416,16.003941695161803,16.075308712826295,38781800
2010-09-21,16.3072566986084,16.405385114870228,16.16749684205589,16.316177154357447,33533000
2010-09-22,16.188308715820312,16.464854131429608,16.176415155344408,16.2745435517287,32318000
2010-09-23,16.08719825744629,16.223984912652696,16.003937702891072,16.04556798016868,24716800
2010-09-24,16.435110092163086,16.515397539449637,16.197221989651055,16.265614748227016,49249000
2010-09-27,16.372663497924805,16.53323724658502,16.372663497924805,16.476739180791597,21783000
2010-09-28,16.4886474609375,16.54811981488977,16.221022435322684,16.38754479952088,33159200
2010-09-29,16.66408348083496,16.741396715383924,16.42916840247642,16.461878240518793,42985800
2010-09-30,16.670034408569336,16.875212798996284,16.50351207655143,16.794925306827327,46339600
2010-10-01,16.893051147460938,16.934681437775563,16.729501957881574,16.830604577648664,40019800
2010-10-04,16.681926727294922,16.91684183862781,16.557035838337484,16.812766097829947,29505400
2010-10-05,17.074443817138672,17.136890400518265,16.83060823431347,16.863318079335972,43231600
2010-10-06,17.226099014282227,17.27962401105807,17.06849826507593,17.074444478637133,28210200
2010-10-07,17.139860153198242,17.318277145405784,17.011995039135297,17.29746086545893,27125600
2010-10-08,17.353961944580078,17.419381628814385,17.086336994840167,17.124994184100483,31677600
2010-10-11,17.401538848876953,17.490746783557512,17.336119167419007,17.365855901872816,16092000
2010-10-12,17.374774932861328,17.452088167432045,17.136886748404883,17.32719729597004,33330200
2010-10-13,17.585901260375977,17.675109190974272,17.44316834455063,17.478851289921874,29362800
2010-10-14,17.559139251708984,17.681057024899577,17.416406331949783,17.529403652136807,23005600
2010-10-15,17.606718063354492,17.684032442332086,17.41343438459149,17.657269947199918,30153600
2010-10-18,17.6542911529541,17.78513048844927,17.50858515485837,17.562110131317265,21854400
2010-10-19,17.303407669067383,17.50263980063045,17.157701654393502,17.469929963035,38568400
2010-10-20,17.526424407958984,17.636448590514163,17.297456726731834,17.362876388322473,25257200
2010-10-21,17.51751136779785,17.716743542221657,17.327200781945038,17.576983709462,26826000
2010-10-22,17.63347625732422,17.68997547456665,17.550215685817744,17.606713768719967,13117600
2010-10-25,17.681055068969727,17.927864828609565,17.651319472686986,17.770262992158237,22706400
2010-10-26,17.71674156188965,17.73755670899435,17.576981744751986,17.630506732832774,21375800
2010-10-27,17.64240074157715,17.660241647350947,17.37774891774835,17.556165915869126,25804800
2010-10-28,17.603740692138672,17.80297166981299,17.535347917668073,17.758368278292277,23175600
2010-10-29,17.615644454956055,17.633485367015602,17.4729103524349,17.511567552465248,18718400
2010-11-01,17.63645362854004,17.892182734189333,17.5650866014781,17.79108124189057,24041200
2010-11-02,17.829740524291992,17.913002260003676,17.704849622235393,17.767295073263693,20455000
2010-11-03,17.86840057373047,17.904083532257545,17.6007755489254,17.889215727399666,45454800
2010-11-04,18.43635368347168,18.442301030458168,18.130072686880368,18.130072686880368,38657000
2010-11-05,18.528532028198242,18.528532028198242,18.36200975003785,18.41850783321395,29371800
2010-11-08,18.585023880004883,18.60881325505441,18.409581209204045,18.421475896728808,23977400
2010-11-09,18.549354553222656,18.81103106460469,18.439330314452253,18.671272353899028,40127600
2010-11-10,18.787242889404297,18.79616334445833,18.415542137610668,18.608826982279624,35556600
2010-11-11,18.995391845703125,18.998364952029785,18.68910971439654,18.701004408384076,36081400
2010-11-12,18.715871810913086,18.876446773310633,18.549350635988603,18.78723883898103,35748600
2010-11-15,18.620718002319336,18.840765316452345,18.617744895820742,18.831844862616045,21502600
2010-11-16,18.272802352905273,18.439323501469104,18.12709521357167,18.433377289883467,47399600
2010-11-17,18.34714698791504,18.46609053266597,18.174677316666475,18.22820230882358,33635600
2010-11-18,18.751558303833008,18.811029511474633,18.525563631168772,18.525563631168772,32105000
2010-11-19,18.909156799316406,18.915104146242083,18.558271271084465,18.698031087986802,22721600
2010-11-22,18.849681854248047,18.86157654645232,18.480955470637767,18.805078459992437,36263000
2010-11-23,18.480953216552734,18.588002030313834,18.31145784350581,18.57908157941878,45070000
2010-11-24,18.813995361328125,18.834810501587157,18.596922374098195,18.60881706405766,45245200
2010-11-26,18.588003158569336,18.745604984769024,18.540425527007596,18.629634578733548,13178800
2010-11-29,18.71289825439453,18.754528547123975,18.326329792040593,18.495825203490707,29468800
2010-11-30,18.647478103637695,18.799132605423853,18.412563018496236,18.46906224377908,38537600
2010-12-01,19.200572967529297,19.245177509212603,18.953764270746035,18.953764270746035,39947600
2010-12-02,19.48603630065918,19.49793099479233,19.191649994076755,19.194624234780274,35355200
2010-12-03,19.572265625,19.607949697359814,19.36113996806843,19.370060418988306,20023400
2010-12-06,19.637691497802734,19.685268007308622,19.542536210109947,19.557402876782593,23980400
2010-12-07,19.563350677490234,19.923156667451757,19.515771900959322,19.8934210664604,45864800
2010-12-08,19.471166610717773,19.67337184221788,19.34924771629715,19.584162784413493,25520400
2010-12-09,19.515771865844727,19.610927150054405,19.34033023223476,19.569296855005227,21904800
2010-12-10,19.596057891845703,19.616873036616955,19.474138994842207,19.56037381423186,17352200
2010-12-13,19.7625789642334,19.914233457583176,19.69121307799611,19.71797443457986,25768800
2010-12-14,19.6704044342041,19.839899887959746,19.604984738249055,19.786374888422102,23029200
2010-12-15,19.563350677490234,19.73879231141587,19.50685144753001,19.58714006575569,22232200
2010-12-16,19.67337417602539,19.679320388533462,19.402774998950612,19.55740147964988,22051600
2010-12-17,19.68024253845215,19.707125220528376,19.590636636561715,19.668294932948573,22644800
2010-12-20,19.80867576599121,19.87139898364223,19.644399044448548,19.754912682465672,20469400
2010-12-21,20.0087890625,20.03268426795205,19.856462254980684,19.919185460213146,17402000
2010-12-22,20.07749366760254,20.098401409406247,20.0087954995201,20.068533532368512,15711000
2010-12-23,20.134246826171875,20.158139763620174,20.04464090472773,20.0565885128385,9052000
2010-12-27,20.062559127807617,20.098401948478028,19.984903101181242,20.038663914027346,8286400
2010-12-28,20.137229919433594,20.17008526861911,20.04762628610556,20.08944177074658,10298200
2010-12-29,20.337343215942383,20.388121104846654,20.170081310203766,20.205924123764568,11065400
2010-12-30,20.35527229309082,20.45085088114675,20.283588921742197,20.35527229309082,11953400
2010-12-31,20.385143280029297,20.4598141345349,20.289564677413072,20.3493004495081,8889000
2011-01-03,20.537460327148438,20.665894212166545,20.489669914689475,20.57927579866389,20391600
2011-01-04,20.361234664916992,20.66589282699182,20.1670901151669,20.66589282699182,29084000
2011-01-05,20.44188690185547,20.477727441405737,20.18203159625171,20.259689896565398,22572400
2011-01-06,20.24774169921875,20.519542324220716,20.161123266546777,20.510582189594786,22898400
2011-01-07,20.39409637451172,20.4418867987014,20.19099162925128,20.256702323125666,22160600
2011-01-10,20.313461303710938,20.352289330382735,20.15814463947616,20.33138158082503,21608400
2011-01-11,20.650970458984375,20.674865678312685,20.417997767467178,20.444878180131376,22730600
2011-01-12,20.934717178344727,20.946664787093383,20.737587330925326,20.833165922141205,22053200
2011-01-13,20.87497901916504,21.012373085856417,20.800308182130173,20.96757012788088,23043800
2011-01-14,21.101980209350586,21.10795287399499,20.752521218935463,20.84809980465857,28010800
2011-01-18,21.233396530151367,21.245344136632088,21.021331642357623,21.087042338615134,25070400
2011-01-19,20.976524353027344,21.278192776156878,20.94068154488572,21.269232643814522,30234000
2011-01-20,20.827184677124023,20.889907888134797,20.528501417774184,20.81523707329734,46345000
2011-01-21,20.937702178955078,21.093018795582264,20.821215855871237,21.03925570194564,29148000
2011-01-24,21.015356063842773,21.063144204364903,20.82419894420902,20.904842428303134,26197000
2011-01-25,20.955625534057617,21.00042621483093,20.716677935658417,20.96757086308171,31635400
2011-01-26,21.45740509033203,21.514155641017343,21.01236765469161,21.027302729747486,48443200
2011-01-27,21.33196449279785,21.49026630504997,21.22145311076614,21.44546562518476,29977200
2011-01-28,21.239368438720703,21.4006576850108,21.161710147076008,21.296118991704056,47383200
2011-01-31,21.848684310913086,21.848684310913086,21.352868928659728,21.421567091766594,50229800
2011-02-01,22.20410919189453,22.225019204643527,21.272219016041788,21.935296120412143,40886400
2011-02-02,22.186203002929688,22.350479787515887,22.051796381921736,22.102572013967094,27115200
2011-02-03,22.198135375976562,22.23397818040411,21.917372438224056,22.19216271462463,29031000
2011-02-04,22.14139747619629,22.272818888669406,22.021925950791577,22.24892367207915,26557200
2011-02-07,22.269826889038086,22.466958967667196,22.230998879053327,22.233986350213023,32347200
2011-02-08,22.19515609741211,22.269826925115712,21.998026297236457,22.233986386232587,31192000
2011-02-09,21.914398193359375,22.177238720803164,21.759081575363364,22.09659521902405,32643400
2011-02-10,22.13840675354004,22.174247290700006,21.78297290155233,21.80686811217411,33611400
2011-02-11,22.13542366027832,22.25489745824305,21.98906945412743,22.048805213723217,37725400
2011-02-14,22.622276306152344,22.649158992632437,22.096595250515573,22.096595250515573,30430800
2011-02-15,22.386316299438477,22.628251363892367,22.290737718040994,22.586435876954287,22887200
2011-02-16,22.684995651245117,22.708890862074472,22.431115302808205,22.5057861275704,31806600
2011-02-17,22.909008026123047,22.959785918608272,22.64318007342496,22.682010360547352,21592800
2011-02-18,23.004581451416016,23.05834452415264,22.801476763163443,22.959780789779,24816400
2011-02-22,22.78056526184082,23.31520843044823,22.673041412916646,23.10911858467408,49665600
2011-02-23,23.2435359954834,23.407812733870596,22.864209179716006,22.906024662437673,64379400
2011-02-24,22.914981842041016,23.315216347549327,22.77460033439262,23.303268742773653,44766600
2011-02-25,23.279382705688477,23.29730297877239,22.9418690374529,22.99861960724967,23537400
2011-02-28,23.45859718322754,23.503400154088816,23.207701913668664,23.368991241504993,31746200
2011-03-01,23.019519805908203,23.619873823918955,22.989651934301794,23.595978615124814,40399200
2011-03-02,23.150943756103516,23.195746707893516,22.78654975707828,22.956799150862047,30085800
2011-03-03,23.548192977905273,23.569102998924357,23.225616708790334,23.29730007095221,22657600
2011-03-04,23.398847579956055,23.569099240950866,23.21366540066649,23.542216560193346,28247000
2011-03-07,23.23457908630371,23.66169638663804,23.106145149034695,23.554170193632668,29327200
2011-03-08,23.043418884277344,23.240548693000783,22.813431448864932,23.222628422782176,32348400
2011-03-09,22.885122299194336,23.121082452160074,22.810451451247207,22.971740756265817,27189800
2011-03-10,22.051795959472656,22.583452046641472,21.986085246897005,22.580464574586173,72320600
2011-03-11,22.43410873413086,22.595398031921135,21.812846760147583,21.899465213337173,48341000
2011-03-14,22.556560516357422,22.634218807948503,22.21008909324105,22.32657539124137,32830400
2011-03-15,22.386316299438477,22.583448405380675,21.774016795689107,21.857647769565265,43619000
2011-03-16,22.027891159057617,22.643177965954262,21.79790604385346,22.452020855485934,63229400
2011-03-17,22.699928283691406,22.816414575476973,22.314626595949736,22.460980758669873,41830600
2011-03-18,22.59354019165039,23.03408312745908,22.56357176662784,22.980139047840787,48328600
2011-03-21,23.279815673828125,23.285808441115105,22.94116830425867,22.98611977501868,34325600
2011-03-22,23.2288875579834,23.363746650023952,23.153965332084226,23.285826894884245,20025000
2011-03-23,23.288816452026367,23.366736180493024,23.073040149468923,23.22288454997336,20190800
2011-03-24,23.37273406982422,23.414690328239644,23.12099651933168,23.381724369992583,30706200
2011-03-25,23.582517623901367,23.645452011459266,23.312797186907083,23.39670970365095,23273800
2011-03-28,23.52557373046875,23.795294141355356,23.47762241900252,23.52557373046875,28291000
2011-03-29,23.813276290893555,23.861227605482856,23.41468956253694,23.495606834295256,33912800
2011-03-30,23.97810173034668,24.085989882171734,23.77431325317092,23.969111432101943,38082400
2011-03-31,23.90018081665039,24.26580150343834,23.891190518851342,24.10396928372348,37701000
2011-04-01,23.972105026245117,24.18188854546134,23.909170656413437,24.10996159155889,25823800
2011-04-04,23.987092971801758,24.139934907304593,23.954127019312043,24.082993300923413,14951200
2011-04-05,24.059017181396484,24.193878517092728,23.942138728992898,23.96611438242034,38580800
2011-04-06,23.80727767944336,24.24482302873273,23.699389534528834,24.184883900200234,32947400
2011-04-07,23.80727767944336,23.90617324024504,23.594498917651922,23.76232390465498,29621400
2011-04-08,23.891206741333008,24.089000286548796,23.756345323442396,23.98111206681453,38279600
2011-04-11,23.42068099975586,23.945136418173224,23.336768498640147,23.900182639305758,35365400
2011-04-12,22.695438385009766,23.16594980398364,22.566572083688534,23.153961975204393,75875600
2011-04-13,22.788341522216797,22.977144683659365,22.611523903278403,22.90222246756309,53669400
2011-04-14,22.944177627563477,23.010109540403864,22.57855686468096,22.662471663306114,41344800
2011-04-15,23.132984161376953,23.16595011935754,22.82730023945602,23.00411785830138,30527800
2011-04-18,22.788341522216797,22.893232167462667,22.533606444778375,22.788341522216797,40069400
2011-04-19,23.01911163330078,23.07605327564355,22.761378907306515,22.77336674182318,30109200
2011-04-20,23.561542510986328,23.573530341547894,23.351758905826255,23.462644623687076,44828000
2011-04-21,23.66942596435547,23.732360347379544,23.498603414306,23.609486823538898,25276600
2011-04-25,23.54654884338379,23.70238601281126,23.399701972094274,23.68140788834133,14150800
2011-04-26,23.780309677124023,23.81627316207301,23.51658431349818,23.61847742452028,18399000
2011-04-27,23.76832389831543,23.885202376422317,23.369739433039342,23.876212076020966,37414200
2011-04-28,23.765321731567383,23.83724640026694,23.540555141242763,23.687402006717196,29992400
2011-04-29,24.118953704833984,24.127944002285314,23.759325801673427,23.771313627089835,19857200
2011-05-02,23.79829216003418,24.214859469587232,23.651442980477924,24.169905685772957,35524000
2011-05-03,23.2019100189209,23.666428647007912,22.99812151121391,23.61548209169228,57490400
2011-05-04,22.791332244873047,23.156950629624543,22.59353655595335,23.153955388115264,59484200
2011-05-05,22.317825317382812,22.671458193087002,22.051102468112482,22.44968912113681,89000000
2011-05-06,22.41672706604004,22.911211843166704,22.170982298618153,22.57556179192383,70404600
2011-05-09,22.809316635131836,22.917204794959716,22.48265462719624,22.521615637738922,48448600
2011-05-10,22.917207717895508,23.025095891483797,22.629506683808263,22.806322015472944,35520600
2011-05-11,22.254894256591797,22.800327862707746,22.090064477362624,22.776352206375424,82325600
2011-05-12,22.22193145751953,22.4017443326667,21.811356858670276,22.147009235671145,77901800
2011-05-13,22.114042282104492,22.431711756814273,21.916246527813353,22.326821108225634,71863800
2011-05-16,21.94621467590332,22.395747934196393,21.889273064857328,22.021136885618834,56288200
2011-05-17,21.94621467590332,22.051105312216162,21.661508907117742,21.844319281739143,60198400
2011-05-18,22.389755249023438,22.548589984616477,21.961200072590987,22.045112590531108,51692600
2011-05-19,22.392751693725586,22.584552378714903,22.203946251057232,22.491649564985725,39321800
2011-05-20,22.36577606201172,22.557576726027495,22.09306042173227,22.371771118887114,54092800
2011-05-23,22.01813507080078,22.13801104029847,21.87728097812429,21.97617882444318,40600000
2011-05-24,22.329811096191406,22.575555798370875,22.23690602186379,22.242901077726927,49661600
2011-05-25,22.707420349121094,22.82430108968962,22.21293563695391,22.215930878843324,49835400
2011-05-26,22.821311950683594,22.87525604829781,22.518625498156876,22.63250646581132,37491000
2011-05-27,22.878236770629883,23.11199590288954,22.764355875254857,22.94716618522765,33394200
2011-05-31,23.108999252319336,23.273828976236345,22.85126674934565,23.17792638308924,38622400
2011-06-01,22.557573318481445,23.150958105074007,22.497636477447173,23.052060259567927,55227800
2011-06-02,22.548583984375,22.743382155725165,22.30583679543755,22.566566866608753,48210600
2011-06-03,22.55458641052246,22.770362776282255,22.167987469610285,22.20994373112527,44755000
2011-06-06,22.045114517211914,22.599540805454478,21.99716548267465,22.50663569266287,46875200
2011-06-07,22.045114517211914,22.35079847236071,22.009153312920173,22.236915228250645,38331600
2011-06-08,22.111047744750977,22.38076822507499,22.06309870738502,22.1140452741004,50113200
2011-06-09,22.410734176635742,22.530610186438548,22.17697721506486,22.2219310045465,34544000
2011-06-10,21.976181030273438,22.281862611053185,21.94021754988116,22.23690883217388,41937000
2011-06-13,21.62854766845703,22.147010478784907,21.421763879331134,21.988175725382085,55501200
2011-06-14,22.090065002441406,22.197953172056916,21.904257091115923,21.91025214856372,45755400
2011-06-15,21.583589553833008,22.021137278447956,21.463715845305305,21.826339072423796,71279800
2011-06-16,21.616558074951172,21.81435383309522,21.39778647312546,21.592584702267256,50527800
2011-06-17,21.560903549194336,21.843650506349466,21.42253865172214,21.807554417709987,54247600
2011-06-20,21.62106704711914,22.198593141762796,21.398480179581032,21.44660831033283,34722600
2011-06-21,22.051197052001953,22.15647673847115,21.756420355538257,21.7714586715517,46391000
2011-06-22,21.988040924072266,22.282820053590477,21.91585100669323,21.982026053822388,37099800
2011-06-23,21.74740982055664,21.7804973482586,21.190939015501712,21.521814292521306,90907200
2011-06-24,21.33531379699707,21.798536730016586,21.3052348626193,21.74740231208682,34131400
2011-06-27,21.44961166381836,21.58196171040953,21.2089779275961,21.26011233836986,39388400
2011-06-28,22.075265884399414,22.08428933493346,21.618060129962274,21.63610703103036,31715600
2011-06-29,22.333951950073242,22.487357515123826,22.042181436205283,22.147458865210258,42642800
2011-06-30,22.664819717407227,22.685875198436985,22.40613678196997,22.409145363510024,38834800
2011-07-01,22.87838363647461,22.90244769959898,22.42418649309778,22.616694408342013,29776800
2011-07-05,23.019756317138672,23.122027434329414,22.851312471030734,22.90846404519248,31367000
2011-07-06,22.97764778137207,23.01073529676138,22.773107820272504,22.96862433078872,21930600
2011-07-07,23.32355499267578,23.356642499181714,23.112997924467578,23.28745890515797,35648000
2011-07-08,23.128036499023438,23.128036499023438,22.88439424062854,22.917481744222258,34260000
2011-07-11,22.580595016479492,22.800175544394754,22.490355940377324,22.797166963224672,38289000
2011-07-12,22.49637794494629,22.80619532077527,22.469305298338377,22.487354494368827,41091400
2011-07-13,22.664819717407227,22.98967767747382,22.57458292508338,22.59864469277788,40326000
2011-07-14,22.514432907104492,22.947577048908542,22.484353962785065,22.89944890209638,45265800
2011-07-15,23.119022369384766,23.14609272239457,22.755061978040573,22.770100298087474,54734200
2011-07-18,23.04081153869629,23.082922499749532,22.857327082017765,23.01975605816967,40723800
2011-07-19,23.461925506591797,23.47997240723672,23.188201940808003,23.20625113632839,39114600
2011-07-20,23.401769638061523,23.57021351145533,23.35665008772371,23.561190060362897,21035600
2011-07-21,23.861984252929688,23.892063188511667,23.525094207734753,23.540134822963584,34714000
2011-07-22,23.982303619384766,24.01238255663391,23.74166753163999,23.88304106107436,22999200
2011-07-25,23.886045455932617,24.05448931089952,23.648417992032645,23.684511792453893,30966400
2011-07-26,23.771739959716797,23.991320501774094,23.687518040530495,23.871002490847157,33937800
2011-07-27,23.32355499267578,23.657436343872078,23.25136511251507,23.60930822718166,47569000
2011-07-28,23.227310180664062,23.5160721096424,23.18219062725711,23.230318762858076,39108000
2011-07-29,22.995698928833008,23.197232640202888,22.848310520712545,22.91749414608596,34671200
2011-08-01,22.962608337402344,23.416807830541316,22.749044914835505,23.401769510427837,43970000
2011-08-02,22.321908950805664,23.070884914806093,22.31589408419258,22.83325981815663,54402400
2011-08-03,22.195587158203125,22.367039628045255,21.67220629682334,22.355007593948773,71128000
2011-08-04,20.673566818237305,21.804550287997838,20.53519959764249,21.78048851886763,109053800
2011-08-05,20.475048065185547,21.103708736236584,19.39219009364616,20.92623907789997,132818800
2011-08-08,18.73344612121582,19.96670080999958,18.649224185622145,19.644851387623383,111986400
2011-08-09,19.686960220336914,19.69899225195621,18.378507188837602,19.1244770851061,100798200
2011-08-10,19.007169723510742,19.78622611778243,18.92896379958909,19.431289156843953,98747400
2011-08-11,19.9937744140625,20.291559784832838,19.01318548516005,19.130494943187024,84065200
2011-08-12,20.141162872314453,20.40886930762303,20.011821380377384,20.2915598492238,53101000
2011-08-15,20.820953369140625,20.86005574856564,20.402850046912597,20.408864914949042,58621200
2011-08-16,20.475048065185547,20.769827203237814,20.24042910575423,20.553255149954705,59890400
2011-08-17,20.556264877319336,20.9352660339814,20.423917051960377,20.703655618445808,43327800
2011-08-18,19.3651123046875,19.960685293293704,19.148541456268475,19.915565745010944,74495400
2011-08-19,19.0222110748291,19.695990069213213,18.95002001750876,19.067329481646127,54637400
2011-08-22,18.868803024291992,19.608756961520566,18.79962055832987,19.60273979781159,49050800
2011-08-23,19.720046997070312,19.735087609751538,18.862784856372148,18.9921263228547,71707000
2011-08-24,19.837356567382812,19.873452661138227,19.43128526585447,19.605746276692674,37735600
2011-08-25,19.419254302978516,20.096040607718475,19.316985474024683,19.978731165153583,53585400
2011-08-26,19.795246124267578,19.88247663197297,18.98310349992484,19.22674582825259,47672200
2011-08-29,20.372772216796875,20.39984256673513,19.95166029037942,20.108072111398567,71086400
2011-08-30,20.493085861206055,20.634459349523016,20.065959109817676,20.23440294532292,39676600
2011-08-31,20.64649200439453,20.947285888252118,20.45097552091206,20.679579515208882,48969600
2011-09-01,20.490081787109375,20.950296098001242,20.44195366041134,20.679581122513266,42588400
2011-09-02,19.9185733795166,20.123113333111508,19.747120940097002,19.94564373027343,41702000
2011-09-06,19.702003479003906,19.7320824146532,19.121471070957313,19.283900077314335,38711000
2011-09-07,20.423904418945312,20.435936449240472,20.035880047708137,20.06595897600847,37051400
2011-09-08,20.186283111572266,20.622433441507113,20.071982231385242,20.324648059654187,36978200
2011-09-09,19.518518447875977,20.017837486359312,19.377144929874653,19.92158351802074,70078800
2011-09-12,19.61176109313965,19.653872054972208,19.05228541065864,19.178618296156323,51513800
2011-09-13,19.66590118408203,19.80125979417628,19.30795806132717,19.69898869133563,56409000
2011-09-14,19.9095516204834,20.189290076443623,19.395194258532463,19.78321642159363,51431800
2011-09-15,20.3035888671875,20.32464434903253,19.98775434463664,20.156200494272287,34662400
2011-09-16,20.25950050354004,20.46182549310297,20.026980780340747,20.386331747353214,46072800
2011-09-19,19.93941307067871,20.12059764796858,19.552885358090485,19.764266980947518,41719800
2011-09-20,19.815597534179688,20.28365733582259,19.785398195330526,20.033017568245487,40268800
2011-09-21,18.991209030151367,19.833719621585953,18.973091265997912,19.761246261085535,53565800
2011-09-22,17.919198989868164,18.32988523018778,17.59306539245787,18.320825195630807,76132000
2011-09-23,17.725933074951172,17.99167140266078,17.626280770081358,17.68969639679089,65590600
2011-09-26,18.372154235839844,18.411411298105573,17.499446898644916,17.855777397505136,68786400
2011-09-27,18.640913009643555,19.124073607444736,18.535222240844256,18.915710160464712,64972400
2011-09-28,18.030925750732422,18.84625842582774,17.99468907573398,18.674132779656226,46186600
2011-09-29,18.203052520751953,18.520127190379547,17.83464380631228,18.495968637593627,45739000
2011-09-30,17.668550491333008,18.106414316788605,17.668550491333008,17.885972783022474,59458800
2011-10-03,17.0676212310791,17.66855062800747,17.052522716693385,17.466228000964666,70130600
2011-10-04,17.626279830932617,17.677616178205717,16.385162438624636,16.759611932807214,82731000
2011-10-05,18.275531768798828,18.329887374726642,17.493416274552466,17.75613426857458,75130000
2011-10-06,18.61978530883789,18.65602199963441,18.03395400786234,18.239297175615345,47634400
2011-10-07,18.390274047851562,18.776801596987703,18.206069152734198,18.761703080588877,48779200
2011-10-10,19.223731994628906,19.232790877675583,18.728493087724665,18.73151233142575,35816000
2011-10-11,19.26297950744629,19.429064323218633,18.99724126793627,19.04555720676147,44856000
2011-10-12,19.365657806396484,19.658573953542,19.278085923345717,19.41699531234932,37262400
2011-10-13,19.33847999572754,19.43511190716614,18.95799083648771,19.169373574738362,30318400
2011-10-14,20.11153221130371,20.11757300078088,19.66461055321149,19.667628644063925,33232000
2011-10-17,19.746145248413086,20.123614001906052,19.700848537216643,20.057179132669457,37612800
2011-10-18,20.380290985107422,20.516181109972727,19.50456307244741,19.721985429122867,48910600
2011-10-19,20.16890525817871,20.606767972250722,20.07529376987447,20.289695687404517,48058000
2011-10-20,20.3259334564209,20.41652686435327,19.906188453847317,20.15682821909228,43755000
2011-10-21,20.700380325317383,20.78493292873147,20.44672021118946,20.5463724811642,48340200
2011-10-24,20.9721622467041,21.0265178373518,20.706425083474425,20.763801069126536,45945000
2011-10-25,20.53429412841797,20.96007986253415,20.383306671591367,20.92082164927235,43836600
2011-10-26,20.978200912475586,21.05067425803847,20.38028947589495,20.848351587070432,36364800
2011-10-27,21.90829086303711,22.10155471129059,21.49458421392965,21.55196021084099,62364800
2011-10-28,22.056257247924805,22.095513173814325,21.621412452098085,21.681808842566642,35022400
2011-10-31,21.05067253112793,21.69689871044138,21.01745510382702,21.681801345959286,43910200
2011-11-01,20.371232986450195,20.679248773041852,20.033020160987256,20.2262862783135,83484400
2011-11-02,20.98423957824707,21.04161555858221,20.66716724875688,20.875528407025826,40618800
2011-11-03,21.5368595123291,21.60933287600522,21.00840319842209,21.28924007453957,39424400
2011-11-04,21.51873779296875,21.57913186761935,21.1382486717884,21.34963023695178,25105800
2011-11-07,21.636512756347656,21.787500281089947,21.25904394449193,21.52478115863912,26937800
2011-11-08,21.989818572998047,22.013977125013604,21.521756419213524,21.811654435627553,38305400
2011-11-09,21.017452239990234,21.545908306460678,20.963096666712133,21.340565285619594,50543200
2011-11-10,21.38285255432129,21.539880870505716,20.97216630198989,21.35869630127405,40707200
2011-11-11,21.820714950561523,21.9082879802605,21.59121329700168,21.621410337339068,28803000
2011-11-14,21.533828735351562,21.736153663231242,21.33452650535478,21.68783657481652,30765000
2011-11-15,21.509674072265625,21.687838165116567,21.337548463966513,21.46739546485979,33349400
2011-11-16,21.186569213867188,21.73616367639477,21.159390263142026,21.340574820392078,43882200
2011-11-17,20.703399658203125,21.28923173685799,20.50711780444711,21.17750018770538,51071800
2011-11-18,20.579591751098633,20.932901863018206,20.45276283459712,20.821170310546385,53903400
2011-11-21,20.2111873626709,20.33801631300449,19.924312026837327,20.20816696750492,40016600
2011-11-22,20.02094841003418,20.322923485275197,19.894117127478843,20.190053714925313,37392600
2011-11-23,19.413972854614258,19.779362324913468,19.4109524595528,19.73406561453715,43575200
2011-11-25,19.275068283081055,19.607240382278043,19.275068283081055,19.329423885050513,14299600
2011-11-28,19.99678611755371,20.165891390871806,19.81258117173798,19.97866835366579,43699600
2011-11-29,20.283666610717773,20.501089048088094,20.014908960048114,20.084364245719744,28954200
2011-11-30,21.400968551635742,21.461362628591818,21.02651790207175,21.032558692099173,65999200
2011-12-01,21.283205032348633,21.558001162036792,21.16543262946849,21.343599127872803,32664600
2011-12-02,21.265079498291016,21.603292336457123,21.22280318150606,21.48854266288174,29879400
2011-12-05,21.527799606323242,21.793536796425744,21.343594658494112,21.651608167388225,29724000
2011-12-06,21.524778366088867,21.699924424999914,21.349632307177824,21.512699089210194,27718800
2011-12-07,21.31943702697754,21.485524217912737,21.13825246661248,21.440227501849805,34288600
2011-12-08,20.724544525146484,21.27715935753166,20.664150443482256,21.165427772177647,34289800
2011-12-09,21.19563102722168,21.283204074511502,20.80910330393347,20.854397721594616,31036600
2011-12-12,20.700380325317383,20.95403813555965,20.410482393775286,20.938938468998998,38629800
2011-12-13,20.507118225097656,21.12616543788361,20.37726891542978,20.860428333768677,37277600
2011-12-14,19.930349349975586,20.35915328305749,19.842776326365396,20.265541773354265,53368600
2011-12-15,19.84579849243164,20.22930575043852,19.79446329245742,20.208167591396982,35498600
2011-12-16,20.057161331176758,20.169365819378427,19.850949115391725,20.005608855639927,43941200
2011-12-19,19.705392837524414,20.142075847508597,19.65080717207162,20.142075847508597,25074800
2011-12-20,20.51508331298828,20.554505403515645,20.0783978822414,20.102658698091503,25326600
2011-12-21,20.742507934570312,20.79709357309433,20.387702440982732,20.518101337810265,24051600
2011-12-22,20.98511505126953,21.030603482154714,20.78800237349659,20.85774929570119,21976200
2011-12-23,21.106412887573242,21.13067368807642,20.939625089797776,21.063957643511323,10428200
2011-12-27,21.160999298095703,21.258040189984843,21.06092522762452,21.06092522762452,11260600
2011-12-28,20.757680892944336,21.218627058763946,20.73038921512469,21.167074569345722,22641400
2011-12-29,20.972990036010742,20.997248530885233,20.788005419969245,20.806199869534623,15404200
2011-12-30,20.963882446289062,21.06395650774071,20.903232761938636,20.924460382825,13160000
2012-01-03,21.54613494873047,21.652273077250594,21.376311629460588,21.409669657515153,48509600
2012-01-04,21.59162139892578,21.62801260653937,21.336889886543798,21.46425564273479,28037000
2012-01-05,21.48851776123047,21.503681343739057,21.22771987482022,21.452126551392578,25349400
2012-01-06,21.361146926879883,21.53703194858622,21.31565850378931,21.527934726695566,17786200
2012-01-09,21.464250564575195,21.512772163247075,21.34294888153266,21.40663174456163,24086400
2012-01-10,21.65531349182129,21.828167734205405,21.594661459803252,21.800873741387676,27266800
2012-01-11,21.364179611206055,21.558261406859742,21.279269114812255,21.555230541729607,26944000
2012-01-12,21.164039611816406,21.342957876641442,21.070031866816006,21.248950131641042,39409600
2012-01-13,21.05790138244629,21.088226237463594,20.84562277004887,21.030607393384017,32434800
2012-01-17,21.206499099731445,21.39451694085606,21.139783016956947,21.294442816694318,25054000
2012-01-18,21.555238723754883,21.564335949873453,21.091261682600827,21.194366663462446,30723600
2012-01-19,21.643178939819336,21.722023095883067,21.543104841386903,21.667437434341558,26608800
2012-01-20,21.646207809448242,21.725054271878943,21.476386795263156,21.6401437647864,30786600
2012-01-23,21.819061279296875,21.879713292093133,21.661370673302045,21.722020372460584,25974000
2012-01-24,21.755382537841797,21.770546122333624,21.540073057159184,21.628016757207828,21234400
2012-01-25,22.022245407104492,22.095025517999797,21.443030758459763,21.722023111590097,39276200
2012-01-26,21.72202491760254,22.186004236436037,21.63711439555872,22.158710246557266,33958400
2012-01-27,21.676536560058594,21.770544297842708,21.59162373311395,21.624981765289853,18448200
2012-01-30,21.573429107666016,21.588592690762994,21.267142775482974,21.427868889941955,27251600
2012-01-31,21.43697166442871,21.749322122536068,21.330831182545708,21.728094488887177,29361800
2012-02-01,21.521879196166992,21.70686382657087,21.476390755083738,21.63105052931152,25553000
2012-02-02,21.68563461303711,21.76751195010012,21.488519591822687,21.55523565872339,30942200
2012-02-03,22.06772804260254,22.088955667993574,21.843321386520483,21.967656273552016,29993000
2012-02-06,22.33156394958496,22.33459712919814,21.910042215240928,21.94340025007145,26769200
2012-02-07,22.446800231933594,22.483191447847847,22.046506111429764,22.276979184943556,35097400
2012-02-08,22.37098503112793,22.531711152515815,22.225424807128775,22.50138398501445,22055600
2012-02-09,22.374013900756836,22.458924400673258,22.19509567788117,22.404338748778756,19210800
2012-02-10,22.149614334106445,22.189036417781267,22.004051777946955,22.11322311665699,29674000
2012-02-13,22.325496673583984,22.38917955441718,22.15567334439099,22.374015972183546,19828600
2012-02-14,22.364927291870117,22.404349381644163,22.182975803748747,22.301244386709573,29095800
2012-02-15,22.328533172607422,22.501387410948002,22.255753049526753,22.43770451404762,29478800
2012-02-16,22.619651794433594,22.659076185440046,22.23755448371084,22.374017478449257,36203200
2012-02-17,22.704553604125977,22.825852956749113,22.571121539876312,22.79856129649996,26986000
2012-02-21,22.859220504760742,22.983555400773128,22.795537623987745,22.856189639227132,28764600
2012-02-22,22.910778045654297,23.06846867692559,22.853159202671474,22.90774486611886,24684600
2012-02-23,23.026012420654297,23.05330409437686,22.75915047404684,22.925938323062255,28176200
2012-02-24,23.116989135742188,23.1988664699885,23.05937029564865,23.077564744672728,24549800
2012-02-27,23.044204711914062,23.14124562101501,22.86831965479456,23.026010264469438,22366400
2012-02-28,22.96839141845703,23.12001798345753,22.837992480011092,23.013879850684734,33212600
2012-02-29,22.707595825195312,23.089695455241685,22.643912939127254,22.992654536427782,34488600
2012-03-01,22.925939559936523,22.97446117846729,22.753085342787358,22.807671006815415,28015000
2012-03-02,22.665138244628906,22.932002479241927,22.574163693987185,22.84102561496244,29042600
2012-03-05,22.51958656311035,22.586302647019497,22.301243857094477,22.56810587909241,25370400
2012-03-06,22.15264129638672,22.237551799631945,22.010111960094658,22.17689978757272,27735600
2012-03-07,22.337623596191406,22.39827328840041,22.082889798911197,22.234516343071157,28964400
2012-03-08,22.51958656311035,22.595399874163718,22.340665945932315,22.45287047920121,20596200
2012-03-09,22.49835968017578,22.704571985675525,22.46196845674451,22.56810663303731,29306400
2012-03-12,22.374013900756836,22.510479187311887,22.27697299890412,22.477121160396493,24517400
2012-03-13,22.643918991088867,22.674243852515907,22.2709187996229,22.49532555054934,35585600
2012-03-14,22.42556381225586,22.71971966310828,22.370978166596263,22.659069973991986,27712800
2012-03-15,22.461959838867188,22.565067108877724,22.310333269868856,22.45286261490934,30353200
2012-03-16,22.77095603942871,22.840972381505924,22.536547847944444,22.570034732442195,47180800
2012-03-19,22.87445831298828,22.97491896229606,22.691804064976264,22.75877783118145,28405400
2012-03-20,22.53046226501465,22.697894378942674,22.484798116643343,22.67049728346493,26568200
2012-03-21,22.2625675201416,22.506108100272627,22.22908063230921,22.503063204312838,33163800
2012-03-22,21.76026153564453,22.049463845115447,21.659800905905417,22.015976968535742,40430600
2012-03-23,21.997716903686523,22.067733244039285,21.69633495062956,21.808972861400072,26443800
2012-03-26,22.1621036529541,22.22298762151749,22.037288498052273,22.192545637235796,20377200
2012-03-27,21.939876556396484,22.20776931609834,21.933789087515162,22.201681847217014,25545800
2012-03-28,21.6658878326416,21.91551579200572,21.48932109191291,21.839409678509654,30570400
2012-03-29,21.6658878326416,21.702419603246447,21.361463378657344,21.51672050051011,32660600
2012-03-30,21.842456817626953,21.89725331787729,21.626315711799094,21.827234664333997,25506600
2012-04-02,22.055545806884766,22.219935253811606,21.720679447251747,21.7876531836931,35776400
2012-04-03,21.863767623901367,22.04337928768187,21.641536715679653,22.009892406681683,27989600
2012-04-04,21.58369255065918,21.699372997927924,21.471054675436974,21.598912378614127,31660600
2012-04-05,21.46192741394043,21.763307020921673,21.434530323566968,21.507591553804165,19157800
2012-04-09,21.190982818603516,21.35232738012462,21.111831823727062,21.133141438973738,28859200
2012-04-10,20.773929595947266,21.197079513340466,20.73131034689866,21.160550055627308,43906000
2012-04-11,20.780012130737305,21.06616951405309,20.737392896571674,21.005285557409067,25650000
2012-04-12,21.233610153198242,21.285361763895622,20.783060844143723,20.7982829990899,30117800
2012-04-13,20.913969039916992,21.206218699069915,20.871349781827057,21.142287489359646,26215000
2012-04-16,20.773929595947266,21.06617687052693,20.685646202182333,20.99920542386118,30250800
2012-04-17,21.111835479736328,21.21838357442101,20.94744599540527,20.965713042047124,25510600
2012-04-18,21.0692195892334,21.200122218521518,21.005290722265894,21.047909966910897,21588600
2012-04-19,21.041812896728516,21.24882155735729,20.962661911689214,21.08138722796138,41945800
2012-04-20,20.993114471435547,21.346248026964115,20.98702700301167,21.242742483160146,30190600
2012-04-23,20.971799850463867,21.029641238293376,20.603446550367625,20.64302089212907,34055200
2012-04-24,21.127059936523438,21.197076268137643,20.947448280823806,21.047908919304557,19830600
2012-04-25,21.337106704711914,21.34928396034735,21.11487817644383,21.25795802694264,29285600
2012-04-26,21.56239128112793,21.57152364595122,21.20012532597093,21.23361221203964,22459600
2012-04-27,21.553255081176758,21.629361204595355,21.44366207764801,21.614139050881807,13670000
2012-04-30,21.687192916870117,21.702415065416186,21.47105187844386,21.531938150054355,15218000
2012-05-01,21.997716903686523,22.15297173972516,21.693292377622786,21.729821834302555,28510400
2012-05-02,21.638498306274414,21.815065108688728,21.57761200066168,21.808975316839916,24164400
2012-05-03,21.279268264770508,21.659798804832302,21.215339412749017,21.632399398209323,32080800
2012-05-04,20.792194366455078,21.096618867735096,20.69173372361476,21.063131986788324,44377000
2012-05-07,20.731313705444336,20.862216369464562,20.530394687747737,20.67042971767573,30416000
2012-05-08,20.664329528808594,20.70086129663521,20.222915033130565,20.56691380384504,50350400
2012-05-09,20.563875198364258,20.685643136126004,20.241183660086932,20.34773176691573,43909800
2012-05-10,20.652156829833984,20.880475203337852,20.60953758591923,20.76783962552369,24600000
2012-05-11,20.499940872192383,20.804365315124194,20.463411425488044,20.50603066169256,20606800
2012-05-14,20.15898895263672,20.280759206224538,20.116369712267144,20.247272328423527,27105800
2012-05-15,19.824125289916992,20.247275180750577,19.763238993258547,20.17116905185857,33951000
2012-05-16,19.71149253845215,20.18639416372202,19.71149253845215,19.872837202289972,33026600
2012-05-17,19.586668014526367,19.912404405969742,19.583625442277274,19.757147286019258,38364400
2012-05-18,19.46490478515625,19.836304259061773,19.382710019513524,19.726711238204807,36966800
2012-05-21,19.91240882873535,19.930673556583653,19.48012540949002,19.49230150762643,27340800
2012-05-22,19.863697052001953,20.219873131378606,19.729749539385324,19.93980317097514,42672000
2012-05-23,19.936758041381836,19.964157451628594,19.416192472437512,19.696262429546554,37762000
2012-05-24,19.92153549194336,20.040260834132553,19.671907551625814,20.040260834132553,37363000
2012-05-25,19.827159881591797,20.03416856175175,19.7845406523742,19.90022340817093,16028600
2012-05-29,20.15898895263672,20.302068826409325,19.95198021830975,20.05548342418603,28107400
2012-05-30,19.54100799560547,19.891094287417214,19.4770779726159,19.87891935215677,46467400
2012-05-31,19.370529174804688,19.580581639127825,19.038706459075936,19.52883003711711,53377000
2012-06-01,18.88648796081543,19.0965403554642,18.862133454097822,18.980858771129164,39020600
2012-06-04,18.87127685546875,19.01740048842207,18.60338294774396,18.95955908532629,38069800
2012-06-05,19.03261947631836,19.157433472223797,18.819522098573465,18.82865446176814,31604600
2012-06-06,19.620159149169922,19.638426199501225,19.233541035349294,19.233541035349294,41568000
2012-06-07,19.632333755493164,20.05548359021879,19.592759409843623,19.875874264684995,29372000
2012-06-08,19.635379791259766,19.662776880783873,19.321822935197314,19.48925501274084,31168000
2012-06-11,19.36748504638672,19.92762613470628,19.340086796800378,19.836300184468115,32296600
2012-06-12,19.641469955444336,19.690178995828642,19.36748857100726,19.47403785491677,29032600
2012-06-13,19.391843795776367,19.723666597082428,19.303560398803313,19.528835073616023,24344800
2012-06-14,19.696264266967773,19.781505078129516,19.361397780700667,19.4375039058784,29129400
2012-06-15,20.072816848754883,20.094229390584566,19.733273447032705,19.8311596859387,31002000
2012-06-18,19.89234161376953,19.950462381766634,19.757747133688866,19.873988669683072,28074000
2012-06-19,20.17988395690918,20.28082981916515,19.944343611645255,20.048349075913002,30745800
2012-06-20,20.10034942626953,20.320594081955324,19.913753389301977,20.170706265532868,35247000
2012-06-21,19.27749252319336,20.106468407787226,19.24384390484687,20.106468407787226,37929000
2012-06-22,19.40596580505371,19.49467557762594,19.170426667652997,19.40596580505371,40126000
2012-06-25,18.971599578857422,19.124547010644186,18.803357637271244,19.118428973345157,31107600
2012-06-26,19.176546096801758,19.24690176629541,18.864533236288942,19.0021861404705,28524000
2012-06-27,19.57421875,19.6476340528825,19.28055870536666,19.28055870536666,23315600
2012-06-28,19.70880699157715,19.742455614704667,19.372323094094682,19.46103172146245,33047000
2012-06-29,20.30223846435547,20.342003947697094,20.026932681011676,20.231881634359578,43491000
2012-07-02,20.311412811279297,20.39094610343944,20.08810860652685,20.30223634175925,29112600
2012-07-03,20.79779624938965,21.01498137602699,20.455195411333296,20.473548360859695,31383200
2012-07-05,20.525541305541992,20.687665181603485,20.45212720452762,20.675429109135727,24282000
2012-07-06,20.277774810791016,20.36954188780015,20.118708143239616,20.210477554041812,22381200
2012-07-09,20.185998916625977,20.299180842424374,20.042227974982485,20.262472623134872,19127800
2012-07-10,19.87093162536621,20.369539452162584,19.773045354651806,20.308361408138374,37602200
2012-07-11,20.140117645263672,20.24106351510372,19.92293256196075,19.974936464897954,41929800
2012-07-12,20.072816848754883,20.17681995655849,19.82810008459388,19.90151418032537,38736800
2012-07-13,20.424602508544922,20.442957790478854,20.12788640049684,20.155415822708243,20419200
2012-07-16,20.49189567565918,20.586724667654185,20.24106198800059,20.36036079470452,22669600
2012-07-17,20.74885368347168,20.770266235242104,20.280834813494486,20.60814229558131,35969200
2012-07-18,20.9293270111084,20.95379916148023,20.632608605779872,20.675433702034226,31036000
2012-07-19,20.99356460571289,21.05780224994211,20.865089317254455,21.0149771537893,27978800
2012-07-20,21.042509078979492,21.048625949711774,20.83144086492846,20.926269864724297,27328800
2012-07-23,20.84061622619629,20.88344132041598,20.473543323229638,20.605078207987997,25441000
2012-07-24,20.5071964263916,20.87121214060009,20.238009727643398,20.84979958881095,25317800
2012-07-25,20.522485733032227,20.672375899845182,20.345068481898924,20.586725709547867,18999000
2012-07-26,21.106746673583984,21.17710352269806,20.82532394471312,20.837560019941336,28081000
2012-07-27,21.479938507080078,21.562529096504257,21.07615736522175,21.219928329953365,30720600
2012-07-30,21.541120529174805,21.620653864875077,21.382056191567372,21.449353449945058,19466600
2012-07-31,21.305583953857422,21.58088987845368,21.28417140048845,21.492180061984147,24031200
2012-08-01,21.409582138061523,21.516644880004694,21.155691159679932,21.385112321183612,32289200
2012-08-02,21.05168342590332,21.265808886798975,20.849794039029202,21.143452814168594,30882600
2012-08-03,21.54723358154297,21.67876845795732,21.418755973241364,21.44322812089809,28752000
2012-08-06,21.60535430908203,21.724653124335383,21.565588815261815,21.587001363286962,11872400
2012-08-07,21.929603576660156,22.024430237814894,21.749124393083687,21.767479671927504,24501800
2012-08-08,21.947954177856445,22.02442788579323,21.795006761982883,21.83477224994476,18998000
2012-08-09,22.09784507751465,22.180438000542697,21.87148352387634,21.902072544563783,23966000
2012-08-10,22.137622833251953,22.16515226407943,21.813372533923573,21.947967085863418,22631000
2012-08-13,22.055015563964844,22.165137883415245,21.947952846108123,22.13454886885507,16578000
2012-08-14,22.0152530670166,22.18655343884161,21.944896223564168,22.162081290354458,14242600
2012-08-15,22.012195587158203,22.0764332327856,21.923485790684342,22.021372060277436,13064200
2012-08-16,22.207971572875977,22.247739407621374,21.987726848662785,22.048907235273738,13767800
2012-08-17,22.198795318603516,22.263032974837586,22.122321584925842,22.253856500203167,24208200
2012-08-20,22.122312545776367,22.20184584976602,22.045838843345756,22.140665487546215,11135600
2012-08-21,22.051959991455078,22.33950191519999,22.01525410079327,22.223262705116532,17460400
2012-08-22,22.13454818725586,22.155960730167838,21.914303555137153,21.981600785372553,17077600
2012-08-23,21.88983917236328,22.143732509624474,21.847014071354522,22.082554460695665,14657200
2012-08-24,22.018321990966797,22.079500054293227,21.73689683180206,21.853138419433208,14983200
2012-08-27,22.027490615844727,22.17737845122554,21.954074165468555,22.04278395932858,12135600
2012-08-28,22.04277801513672,22.110075242937413,21.94183450722774,21.981599990113576,13641600
2012-08-29,21.895954132080078,22.073373706883526,21.87454158572742,22.05501842872945,12703800
2012-08-30,21.663475036621094,21.810305604048857,21.599237392681662,21.810305604048857,15570800
2012-08-31,21.880657196044922,21.99077952345854,21.712416436901947,21.843951309435305,20299800
2012-09-04,21.712417602539062,21.87454150054823,21.534998028426482,21.859245824444812,17550000
2012-09-05,21.629823684692383,21.779711501641007,21.593115464018425,21.7001805242027,14450000
2012-09-06,22.08561134338379,22.232441925556174,21.798071717893635,21.801128986631547,27044200
2012-09-07,22.467975616455078,22.474094820329164,22.116198408846884,22.13761095482123,26845200
2012-09-10,22.370100021362305,22.584227916962806,22.360923544969662,22.43739729329979,11684200
2012-09-11,22.608686447143555,22.669864475409724,22.437383767172353,22.437383767172353,15011000
2012-09-12,22.7463436126709,22.804464387065718,22.65151694606271,22.74328401038887,16683400
2012-09-13,23.116470336914062,23.25106479802313,22.62091991229698,22.798339459433087,28348400
2012-09-14,23.422374725341797,23.66097239762617,23.254131580119164,23.278603734659384,30480600
2012-09-17,23.244951248168945,23.49578495609816,23.168477528266227,23.327544172587807,20367000
2012-09-18,23.079763412475586,23.177649662274558,22.899286587511845,23.16847319101095,19840400
2012-09-19,22.85647201538086,23.079774031511196,22.835059461316398,23.058361477446734,29613600
2012-09-20,22.920705795288086,22.96659049873813,22.5689261805617,22.660695587461788,23487600
2012-09-21,22.946517944335938,23.12780291352683,22.89121022853755,23.118585351600867,25396400
2012-09-24,22.829755783081055,22.891207752101163,22.74371974451361,22.74679304623732,14781000
2012-09-25,22.580860137939453,22.934214667387476,22.5593517236726,22.891197838853767,26986600
2012-09-26,22.36578369140625,22.516342643082023,22.2889675648432,22.488689962755554,31606200
2012-09-27,22.669973373413086,22.734498634082676,22.442598310447575,22.53784955083002,16654600
2012-09-28,22.56242561340332,22.6269508578893,22.42722852348523,22.605442443060642,16897200
2012-10-01,22.676109313964844,22.9004109702235,22.645381004457953,22.719126134185434,22242800
2012-10-02,22.7160701751709,22.82975891210676,22.577802053803573,22.82975891210676,17582200
2012-10-03,22.436445236206055,22.70376610550782,22.328903166110393,22.67304013465782,25151600
2012-10-04,22.6607608795166,22.719141894990923,22.51634616391749,22.56243631591077,22754600
2012-10-05,22.608524322509766,22.817464293375494,22.534779148621425,22.789809267106794,27778400
2012-10-08,22.645389556884766,22.673044577037196,22.461031351421738,22.482539769655062,10885600
2012-10-09,22.676109313964844,22.854320850204047,22.639236749101105,22.666889414568246,20581200
2012-10-10,22.252090454101562,22.580863315149486,22.190638503047275,22.543993082213582,30383600
2012-10-11,22.41801643371582,22.605447956180686,22.405725573067407,22.467179876309476,16543400
2012-10-12,22.295116424560547,22.45182201147641,22.135339879802753,22.411878461347616,21523600
2012-10-15,22.40879249572754,22.442591766829374,22.095383843250247,22.255160297716035,16188000
2012-10-16,22.765226364135742,22.80824555213172,22.54092458516832,22.54092458516832,26698600
2012-10-17,23.050983428955078,23.066347592765304,22.783664794898403,22.829754942086808,20691400
2012-10-18,23.047916412353516,23.103224129587744,22.931154373613108,22.94651854005032,28824800
2012-10-19,22.685340881347656,23.075565804165013,22.602378145220236,23.029475655676706,28185200
2012-10-22,22.571651458740234,22.76830056487948,22.344276369312162,22.694557736137828,21687800
2012-10-23,22.046226501464844,22.21214960243647,21.88645000288584,22.19064118254618,30857000
2012-10-24,21.877227783203125,22.199856391643415,21.837284248847595,22.156839556416937,21391000
2012-10-25,22.083101272583008,22.135335676889493,21.821924562566227,22.09539213434492,19586400
2012-10-26,22.110754013061523,22.24595114856537,22.000138601147867,22.04008448804247,22016800
2012-10-31,22.104612350463867,22.267462185951686,21.923325047996833,22.199863610260334,22251600
2012-11-01,22.199867248535156,22.24288410479912,21.981709664841393,22.018582260600294,18981600
2012-11-02,21.83421516418457,22.335057811985862,21.760472338733894,22.273603503908507,22529800
2012-11-05,22.00013542175293,22.05851642078203,21.766613769878383,21.791195489916092,14834800
2012-11-06,22.353490829467773,22.44874206772458,22.098460749482587,22.11075160994184,21038400
2012-11-07,21.76969337463379,22.073884629396872,21.616061096274706,22.024723519328077,38087200
2012-11-08,21.37639045715332,21.837287191757092,21.364099596254846,21.7543268109949,30026600
2012-11-09,21.370243072509766,21.62219982346399,21.247336825747336,21.308788777007713,24455400
2012-11-12,21.41326141357422,21.477786670209202,21.324154437009195,21.453204950279158,11166800
2012-11-13,21.32415771484375,21.603767203242068,21.201251440542887,21.222759862727372,22601200
2012-11-14,21.066057205200195,21.431702776928336,21.010749491361,21.391759228583233,38484200
2012-11-15,21.093704223632812,21.28420667565562,20.952362862884986,21.075266763193262,29302200
2012-11-16,21.17667579650879,21.20740178784467,20.82332103553897,21.124441376813504,42955400
2012-11-19,21.66521453857422,21.69901381173317,21.45012804172258,21.465492200155353,22916200
2012-11-20,21.579187393188477,21.68980045918568,21.428626096659148,21.60684007362724,15425000
2012-11-21,21.695953369140625,21.723606057618046,21.55768523826786,21.646789908412543,11737000
2012-11-23,22.00321388244629,22.00321388244629,21.745110450010248,21.79734720340007,9004800
2012-11-26,21.78812599182129,21.828069531375426,21.63756470469153,21.812705369262755,18781000
2012-11-27,21.60683250427246,21.818845690331976,21.566888976217747,21.72359213229177,15576000
2012-11-28,21.803485870361328,21.837285148609293,21.3333716201292,21.400970176625126,23175800
2012-11-29,21.852657318115234,22.033942291300733,21.775841174716092,21.94790858577252,21902200
2012-11-30,21.83421516418457,21.95404813463272,21.754328080047237,21.87723200771764,16730200
2012-12-03,21.714378356933594,22.030860368824467,21.689796638046097,22.000134392335966,19533000
2012-12-04,21.634490966796875,21.82499342475186,21.62220010753499,21.723595594022573,22791600
2012-12-05,21.78504753112793,21.90488046565193,21.643706181285303,21.702084826155037,25062200
2012-12-06,21.855724334716797,21.855724334716797,21.702092075623277,21.738964661732926,16213600
2012-12-07,21.987850189208984,21.990923491060727,21.821927052851567,21.92947151948055,20768800
2012-12-10,21.963268280029297,22.064663787045777,21.91717813452607,21.978630099035584,11671600
2012-12-11,22.092321395874023,22.175281792088803,22.00935865541679,22.052375504452964,15749400
2012-12-12,22.17220687866211,22.37500022447417,22.098461712692238,22.159916017667133,18386600
2012-12-13,21.966333389282227,22.147620621533676,21.87722642349647,22.14454732085374,21534600
2012-12-14,21.88337516784668,21.926392004612133,21.788123935614863,21.8188499126985,18883400
2012-12-17,22.083101272583008,22.092318832843898,21.91717815516049,21.957121697705063,18989000
2012-12-18,22.48868751525879,22.53784861190291,22.037008365146626,22.080025203800936,22374000
2012-12-19,22.33505630493164,22.550140508084226,22.322765444145492,22.525558786511933,16181200
2012-12-20,22.485618591308594,22.50405371310858,22.292042779681733,22.33813058418169,18014800
2012-12-21,22.25739288330078,22.322246943908986,22.12459580028756,22.211067881098497,30420400
2012-12-24,22.087528228759766,22.232678756124034,22.05047012385773,22.211060742868938,7179600
2012-12-26,21.988706588745117,22.229596094267485,21.957824043787014,22.22032921021162,13040200
2012-12-27,21.948562622070312,22.016505644305703,21.676792889316246,21.991798662367838,23321600
2012-12-28,21.565608978271484,21.828114122827717,21.547077567890693,21.81576063463617,23604800
2012-12-31,22.056642532348633,22.062820453072558,21.48530738707805,21.528543407399948,32769600
2013-01-02,22.544612884521484,22.55078845406836,22.23578257103489,22.52917042637183,29091600
2013-01-03,22.53843116760254,22.739168931666825,22.40872068061368,22.51063522175219,19572000
2013-01-04,22.7885799407959,22.819462488474343,22.560046260550592,22.572397394672084,18585400
2013-01-07,22.612546920776367,22.68357654511192,22.52607484444403,22.68357654511192,15946800
2013-01-08,22.53843116760254,22.556960227377665,22.396367188701042,22.550782303327512,14751400
2013-01-09,22.501365661621094,22.631073763425682,22.405629065934917,22.603280179976327,14745000
2013-01-10,22.70519256591797,22.745341995101132,22.563130973562295,22.68666351010245,16733600
2013-01-11,22.732990264892578,22.76696177397449,22.649604794896117,22.72990130328858,12732800
2013-01-14,22.736074447631836,22.80092849056009,22.655777956116783,22.720631999045033,16794200
2013-01-15,22.837982177734375,22.85651358368977,22.6032730267057,22.64959565112821,19279000
2013-01-16,22.939910888671875,22.942999850944275,22.766966700422977,22.800938216855847,17170400
2013-01-17,23.085046768188477,23.23019727201506,22.98931020446726,23.054164233715795,21004000
2013-01-18,23.31359100341797,23.31359100341797,23.054174767888444,23.103586374385173,26813000
2013-01-22,23.53593635559082,23.566818887421864,23.20857727704666,23.273431300747703,20299600
2013-01-23,23.455646514892578,23.520502913103886,23.366087854135042,23.480353489812426,14338600
2013-01-24,23.523591995239258,23.715067536753313,23.45873794638459,23.483444923906482,17641600
2013-01-25,23.745943069458008,23.795357009912085,23.597705960468513,23.637853019947674,15590600
2013-01-28,23.7058048248291,23.835512932472625,23.566829832764835,23.835512932472625,14902400
2013-01-29,24.08875274658203,24.135077742332122,23.76139352733914,23.770658055251726,23292000
2013-01-30,23.968311309814453,24.270963577501863,23.928164233215576,24.138168857323876,19886000
2013-01-31,23.888025283813477,24.008468922654796,23.801553169382622,23.891114246811266,21030600
2013-02-01,24.110368728637695,24.141251271135264,23.829334528866756,24.014632140039136,23636600
2013-02-04,23.881837844848633,23.98992793416695,23.866395393722915,23.903455862712295,21348000
2013-02-05,24.08875274658203,24.15360679815729,23.952866720698346,24.045516712198523,23370200
2013-02-06,24.104196548461914,24.116547682246303,23.888014008238446,23.959045986528785,22772800
2013-02-07,24.04242706298828,24.141252618207105,23.881836419327847,24.085663096134823,23861800
2013-02-08,24.267873764038086,24.277138291552568,24.07639822271959,24.07639822271959,18895400
2013-02-11,24.147432327270508,24.270962513292893,24.113460819258172,24.270962513292893,13922000
2013-02-12,24.2122859954834,24.25552203113886,24.07331100414465,24.20302146729826,14405400
2013-02-13,24.29875946044922,24.32037747951685,24.221551912895197,24.236994364880946,11385800
2013-02-14,24.508758544921875,24.555083534222042,24.17831041032135,24.249340018553024,14621400
2013-02-15,24.227733612060547,24.487152262718823,24.09802546482539,24.477887731657447,28675600
2013-02-19,24.508758544921875,24.530376559103708,24.31110745634886,24.317283022035028,15394000
2013-02-20,23.996105194091797,24.502586525081615,23.974487174702748,24.499499919588462,25535400
2013-02-21,23.8293399810791,23.91889866795722,23.65021789494787,23.875662627330716,24524800
2013-02-22,24.079486846923828,24.08875137430864,23.789185755868978,23.980661294507478,13129200
2013-02-25,23.449478149414062,24.31111472576798,23.43403569630085,24.236996134437142,27616000
2013-02-26,23.681102752685547,23.739781251906926,23.304329485198714,23.579188208623492,33703000
2013-02-27,24.04242706298828,24.107281112708094,23.610064375335757,23.610064375335757,21989200
2013-02-28,23.993009567260742,24.233896651647644,23.980656081370835,24.017714182854043,19879800
2013-03-01,24.02389907836914,24.06713511344259,23.78918749069385,23.89727757837747,26525400
2013-03-04,23.971399307250977,24.00537081538642,23.733598750302875,23.94051440444619,20843400
2013-03-05,24.125810623168945,24.21845824853108,24.0300716805851,24.13198618905166,19969800
2013-03-06,24.153608322143555,24.27405190498095,24.06404728635905,24.227726906307957,16400200
2013-03-07,24.277141571044922,24.317288647759984,24.101108455929058,24.209198551844523,16932400
2013-03-08,24.39449119567871,24.434640620351875,24.24007613139582,24.375962141944573,15633400
2013-03-11,24.40684700012207,24.44699642860599,24.20919588757501,24.31419936647089,16334200
2013-03-12,24.434654235839844,24.56436239662865,24.35744666067676,24.4284763103614,17046600
2013-03-13,24.379047393798828,24.471695004560505,24.317279963771178,24.39757644471386,15565400
2013-03-14,24.71259307861328,24.749653553107247,24.41920531314569,24.41920531314569,21982200
2013-03-15,24.69305419921875,24.80162871500754,24.58758248866591,24.705463053415603,22493200
2013-03-18,24.494510650634766,24.643414494037447,24.36111846247584,24.379730555371314,16094000
2013-03-19,24.224620819091797,24.53483495605082,24.007471869918902,24.53483495605082,24704200
2013-03-20,24.36111831665039,24.4417746632918,24.22152288727736,24.401447673344236,13646000
2013-03-21,24.23703384399414,24.432470298664438,24.21842174992895,24.24323945318017,16555000
2013-03-22,24.429363250732422,24.46969023645109,24.28976783599808,24.30527712277632,15809600
2013-03-25,24.3363037109375,24.627905824296125,24.23393482085649,24.525534567468533,19679000
2013-03-26,24.593765258789062,24.624786185083696,24.42935221935703,24.46657875095757,13862400
2013-03-27,24.674428939819336,24.714755919388267,24.39213298259978,24.45727765732452,11389400
2013-03-28,24.603086471557617,24.77680802607434,24.59067762003882,24.67443677610409,13790600
2013-04-01,24.553447723388672,24.67443103913448,24.385931816953125,24.603080751177423,14815600
2013-04-02,24.413856506347656,24.612393404300814,24.336302956623875,24.59378130972599,16816200
2013-04-03,23.957834243774414,24.438664643793484,23.88338116112666,24.423155359967726,31487000
2013-04-04,23.926815032958984,24.072616052970435,23.774810771705894,23.939223882188255,27505400
2013-04-05,23.979562759399414,24.007480906195855,23.573180477635848,23.616610283817156,33239600
2013-04-08,24.140865325927734,24.153274176074824,23.933022411142904,24.016779191203035,17807200
2013-04-09,24.345603942871094,24.447972798546637,24.081920060862362,24.19670013146317,19159600
2013-04-10,24.47589683532715,24.57206246418148,24.370422793933834,24.40764934385138,18383600
2013-04-11,24.581378936767578,24.699261878136344,24.423171357689185,24.587584547759164,22622600
2013-04-12,24.196701049804688,24.463485378924258,24.063308885244904,24.41695278817161,38874200
2013-04-15,23.21022605895996,23.93922894649051,23.191613964551692,23.926820094636167,49586400
2013-04-16,23.495624542236328,23.52974829604057,23.173001466925925,23.44288869244675,32920800
2013-04-17,22.980663299560547,23.31259232371832,22.80694177751584,23.28777462531965,41253400
2013-04-18,23.176101684570312,23.321902731503425,22.834866551368428,23.045812293724463,41071200
2013-04-19,23.12957000732422,23.39945721350096,22.98997456394628,23.352924610126138,26833000
2013-04-22,23.37773323059082,23.473898837918902,23.042701456566682,23.244341081678186,26696000
2013-04-23,23.647624969482422,23.669339864645558,23.359125724174426,23.47080300408372,27895200
2013-04-24,23.964048385620117,24.075725693650117,23.709672821051036,23.73449052655696,27430200
2013-04-25,23.982654571533203,24.27115381839383,23.86787685365866,24.022983924728976,27277600
2013-04-26,23.94233512878418,24.0012765917208,23.753104253116245,23.92992627517927,22324800
2013-04-29,24.18429946899414,24.28356792128376,23.979559321598437,24.08813382148605,24429400
2013-04-30,24.28046417236328,24.289772586345915,23.995067678971516,24.21221903704947,20071000
2013-05-01,23.902006149291992,24.13776724801146,23.874085639307516,24.07262254704319,30648000
2013-05-02,24.21531867980957,24.283566179628853,23.914410539740782,23.9981696956086,27194200
2013-05-03,24.65271759033203,24.717862274416724,24.379727637886454,24.385933245939864,28098000
2013-05-06,24.82023048400879,24.919498900060397,24.66512343600654,24.66512343600654,24014400
2013-05-07,25.012569427490234,25.12114628799433,24.838850237478017,24.931915441696823,19401200
2013-05-08,25.052898406982422,25.099431008385743,24.897791313468964,24.993956954088453,14340800
2013-05-09,25.03118133544922,25.152164668546693,24.894686347648495,25.062202278109506,16271200
2013-05-10,24.900894165039062,24.94122352797958,24.68374515976955,24.891588117205604,26442200
2013-05-13,24.897789001464844,24.910197851803208,24.758191210217905,24.838847554044168,14846200
2013-05-14,25.251434326171875,25.251434326171875,24.903993598035562,24.9195052534889,19200600
2013-05-15,25.180086135864258,25.2607424908412,24.969140384441403,25.133553532348852,26097200
2013-05-16,25.056001663208008,25.248335332827967,25.00016300859232,25.108739879662096,24110800
2013-05-17,25.47479248046875,25.50271062410107,25.164578261905184,25.192496405537508,29314200
2013-05-20,25.83463478088379,25.89047342416941,25.46237873681047,25.46237873681047,20384400
2013-05-21,25.781888961791992,26.005243448474676,25.695029409581014,25.896669008210953,21676600
2013-05-22,25.48409652709961,26.04248065661655,25.360010376069244,25.819128424857663,39678800
2013-05-23,25.49649429321289,25.496494293212887,25.080806223010853,25.164565344405833,25583400
2013-05-24,25.347604751586914,25.35070755661301,25.127352929669794,25.270051193162008,17330000
2013-05-28,25.6143856048584,25.81912810654631,25.4840962129187,25.70434800407765,21416800
2013-05-29,25.558544158935547,25.654709790070093,25.37241613842673,25.422049172747528,25506000
2013-05-30,25.499605178833008,25.626794131312504,25.32278318723093,25.487198694112173,24149600
2013-05-31,24.972248077392578,25.474796033587655,24.969145272085107,25.394139662822447,30014400
2013-06-03,25.214202880859375,25.22040848853518,24.95052135653867,25.065301431082307,36730800
2013-06-04,25.015668869018555,25.248329481540488,24.829540852350238,25.090119602336657,31962000
2013-06-05,24.724079132080078,25.031192997718968,24.708569836897116,24.94123056536743,35592200
2013-06-06,24.910202026367188,24.922608512038483,24.537943554070136,24.73958326405438,36648400
2013-06-07,25.223512649536133,25.245227546115608,24.928810143565205,25.074611177775783,21164000
2013-06-10,25.15216064453125,25.338288637461154,25.068401509327998,25.332085396620023,15888000
2013-06-11,24.770601272583008,25.009467511478388,24.739580328592343,24.845052011509864,21191800
2013-06-12,24.618589401245117,25.06219562712745,24.562750772576514,25.01876584557916,18689400
2013-06-13,25.03118133544922,25.09632602505969,24.58136938326329,24.612390325923577,24786000
2013-06-14,24.789220809936523,25.071514534843843,24.73027934755889,25.04669682786939,20796800
2013-06-17,25.145946502685547,25.21109115976434,24.94430929271335,24.956715770184992,22195000
2013-06-18,25.28866195678711,25.366215511123947,25.102533899728034,25.11183994756899,15483400
2013-06-19,25.056001663208008,25.40654524869686,25.031186324181792,25.2669474287843,30107200
2013-06-20,24.323890686035156,24.739576477646587,24.2494375919513,24.72716762863261,50979600
2013-06-21,24.365665435791016,24.552685551242774,24.07890110022567,24.527751279781718,41108400
2013-06-24,24.00408172607422,24.272144631706063,23.695496190326097,24.100708222957106,37809600
2013-06-25,24.312664031982422,24.390589237213135,24.10694034869084,24.269026107300306,25080600
2013-06-26,24.462276458740234,24.53708397456482,24.25343514417752,24.431104480565942,22405600
2013-06-27,24.509033203125,24.730340487156123,24.496564885675422,24.586958403618567,16327000
2013-06-28,24.406192779541016,24.599445905501305,24.328267518275673,24.41554343039842,21635400
2013-07-01,24.58074188232422,24.786463312681295,24.50904960353782,24.558922906709228,23921400
2013-07-02,24.633718490600586,24.842557495256376,24.512155345915048,24.58696288616257,17383600
2013-07-03,24.61814308166504,24.65866335070585,24.421769953176636,24.56826978614747,10511600
2013-07-05,24.923603057861328,24.93295370413417,24.574497202444356,24.761519640257536,20617000
2013-07-08,25.085683822631836,25.235298889170245,25.02957757815778,25.045161192790868,23158400
2013-07-09,25.341283798217773,25.375571087027858,25.176080325728698,25.225953610575765,18514600
2013-07-10,25.185436248779297,25.434795567445896,25.132445283008312,25.434795567445896,21623000
2013-07-11,25.388038635253906,25.52207012414286,25.250891849431884,25.503368830187416,28972400
2013-07-12,25.53141975402832,25.54700337088912,25.350632676202657,25.356865647329187,17555600
2013-07-15,25.50960350036621,25.59688176017684,25.46285026236515,25.54700846885648,20790200
2013-07-16,25.35375213623047,25.575061886032643,25.19166870134548,25.525188596474592,13447600
2013-07-17,25.465967178344727,25.540777120080836,25.38804193927012,25.428564585566242,15846000
2013-07-18,25.737150192260742,25.808842465047505,25.540779428159283,25.55324775290871,18839000
2013-07-19,26.095598220825195,26.095598220825195,25.771429018183323,25.83065294675019,21369600
2013-07-22,26.011444091796875,26.12989197826016,25.98650982241108,26.058199711290825,13604600
2013-07-23,26.055082321166992,26.17041253343646,26.023912700526214,26.07690367151412,12019400
2013-07-24,25.76519775390625,26.101832921412313,25.634281567448664,26.0831316282423,18677200
2013-07-25,25.936626434326172,25.97091371673967,25.66856352350536,25.743371058730872,19242200
2013-07-26,25.871185302734375,25.889886603410165,25.64676018226443,25.81819669875956,13660200
2013-07-29,25.656105041503906,25.811955520197213,25.5532455329144,25.790136548303735,16587200
2013-07-30,25.606231689453125,25.715326538544232,25.45973187292106,25.66233795156989,15870400
2013-07-31,25.690383911132812,25.87740394860805,25.634277662081363,25.65298133049105,22495000
2013-08-01,26.108068466186523,26.136120406151054,25.88987640585373,25.89922705250857,21293400
2013-08-02,25.992740631103516,26.027027924005044,25.824421841793114,26.011441926108205,16371000
2013-08-05,25.930404663085938,25.94910596044711,25.799488447288667,25.899232663364398,10382000
2013-08-06,25.77142906188965,25.9958540777984,25.69973681255085,25.868055574482412,12988800
2013-08-07,25.681041717529297,25.777668253438446,25.57506453338244,25.699743014004724,14067200
2013-08-08,25.82130241394043,25.87740867323561,25.59687975484895,25.805718795190746,13478600
2013-08-09,25.74338150024414,25.874297712599226,25.618703016994925,25.815073768393106,19630000
2013-08-12,25.634286880493164,25.734031094888483,25.55947931421909,25.568829962742143,12627000
2013-08-13,25.681041717529297,25.74026566048759,25.515840590424148,25.65922274561144,13832600
2013-08-14,25.562583923339844,25.730902644986966,25.54388025776454,25.621805459744404,12425000
2013-08-15,25.42232322692871,25.534535734925345,25.31011071893208,25.40362193495894,21638000
2013-08-16,25.31946563720703,25.412974482140477,25.219721442424515,25.372454220478236,17900800
2013-08-19,24.917360305786133,25.285167309376778,24.901774316056503,25.257113003481074,21694800
2013-08-20,25.070112228393555,25.87118372574172,24.889325072580515,24.9298477256948,18071200
2013-08-21,24.932947158813477,25.151139152953395,24.883076265753907,25.00152171759778,18975800
2013-08-22,25.30388069152832,25.403624890453152,24.992179772627054,25.045168358098838,16674400
2013-08-23,25.484670639038086,25.52519090690472,25.232191249453457,25.384926428982908,14785000
2013-08-26,25.44103240966797,25.656104448190142,25.391159116156462,25.556360239256655,14524000
2013-08-27,25.282072067260742,25.465974543178948,25.232198758346495,25.254017736473916,20401000
2013-08-28,25.70285987854004,25.802604086744758,25.353753960778775,25.363106986810987,23796400
2013-08-29,25.434791564941406,25.671684901772323,25.39115363158953,25.65609890639422,22817600
2013-08-30,25.425439834594727,25.562588978188007,25.363100611919002,25.531419366850145,17082600
2013-09-03,25.61246681213379,25.771434964493526,25.487785954951438,25.68104140248856,17268800
2013-09-04,25.749603271484375,25.82752847146391,25.525178315049175,25.581284554157975,14980000
2013-09-05,25.83688735961914,25.955332845272633,25.787016452324192,25.799482395581077,12230200
2013-09-06,25.833765029907227,26.03637105361754,25.656095644395748,25.93974455320793,16046200
2013-09-09,26.1236515045166,26.154823496792822,25.889875830979687,25.927280794857676,16869800
2013-09-10,26.132997512817383,26.17040247005665,25.908574903647867,26.151701180481368,18304400
2013-09-11,26.33249855041504,26.332498550415036,26.011444559103154,26.12989244769441,21400400
2013-09-12,26.176645278930664,26.357430011888656,26.157941605936166,26.27950477899817,21404800
2013-09-13,26.16728973388672,26.270151602139617,26.120536501125542,26.19846172651304,11958000
2013-09-16,26.161056518554688,26.388599220926118,26.12365155460498,26.369895549906694,16112600
2013-09-17,26.279502868652344,26.35431279901338,26.1330030609735,26.167290351200005,10843800
2013-09-18,26.597440719604492,26.70653556863331,26.195346237678823,26.273271469569316,22313200
2013-09-19,26.531980514526367,26.725233543632747,26.485224905581934,26.637957675250632,18277000
2013-09-20,26.316850662231445,26.614339090885736,26.266746040203,26.54857856631331,27947800
2013-09-23,26.188451766967773,26.307449015222982,26.113297244835504,26.247950391095376,17040200
2013-09-24,26.213520050048828,26.407671938788106,26.10705127788643,26.18220584583169,11080800
2013-09-25,26.207246780395508,26.3700820050612,26.200982508800905,26.288663198168553,22387400
2013-09-26,26.254215240478516,26.31371387133236,26.128958485804343,26.2730056649752,15440400
2013-09-27,26.163410186767578,26.19785651811768,26.060071192717277,26.144619758409377,14342000
2013-09-30,25.96299934387207,26.05380980298479,25.800161688723296,25.84713418113622,20866400
2013-10-01,26.128957748413086,26.197850395011315,25.878439467895774,25.89096562083358,21688200
2013-10-02,26.188451766967773,26.21976834121547,25.88156940794148,26.01935230033078,15428400
2013-10-03,25.95985984802246,26.179061564981872,25.834600700137283,26.163405664695933,20280200
2013-10-04,26.22291374206543,26.291806423947655,25.90350504048127,26.016238085539353,18626200
2013-10-07,26.006837844848633,26.172805235633092,25.91915475034209,25.950471335797303,15857400
2013-10-08,25.72813606262207,26.07259698216212,25.70308375124318,26.016230476119574,21146800
2013-10-09,25.637317657470703,25.750050645070996,25.461953905026142,25.72813047465535,26219400
2013-10-10,26.113304138183594,26.116436274259016,25.809551445102574,25.81581571725342,25655200
2013-10-11,26.3951358795166,26.47655469124073,25.972388308339365,25.997438228845468,23850800
2013-10-14,26.573633193969727,26.589291486998643,26.17906762301777,26.238566269583565,16739800
2013-10-15,26.47655487060547,26.648784124930497,26.376348020542977,26.47655487060547,22783600
2013-10-16,26.87424659729004,26.955665398848264,26.642518734983724,26.655044888232638,25208800
2013-10-17,26.930618286132812,26.943144441797497,26.770912787807987,26.846069721796084,24574000
2013-10-18,27.2249755859375,27.240631487881675,27.01829761166821,27.140424636783777,25901200
2013-10-21,27.102853775024414,27.3189234207331,27.04335512447842,27.212454666198422,15707000
2013-10-22,27.25316047668457,27.428521887059972,27.134165575232693,27.23437243675007,28575800
2013-10-23,26.827272415161133,27.052738381075592,26.748985754169684,27.027686076169697,33670600
2013-10-24,26.95567512512207,27.002647619474477,26.683236569174355,26.85546825209308,15746600
2013-10-25,27.11850357055664,27.190528362313508,26.936877912317325,27.01516458682189,17492200
2013-10-28,27.14042091369629,27.199919544633644,26.993241598716164,27.13415903160157,15322400
2013-10-29,27.33144760131836,27.350235641554917,27.187400384891255,27.209320561540594,12934000
2013-10-30,27.146699905395508,27.437926557668327,26.93375996191516,27.322061368572,22793200
2013-10-31,27.052743911743164,27.300130097746134,26.965063215766374,27.168609053780944,18169600
2013-11-01,26.95567512512207,27.068408155919723,26.63000219049777,27.0433558403824,24695200
2013-11-04,27.29073715209961,27.31265732695592,27.027692664704016,27.087191306079664,14466400
2013-11-05,27.043352127075195,27.246897981906656,27.018299814977787,27.171741045614436,16054600
2013-11-06,27.12476348876953,27.328306898515937,27.030818538794787,27.206179897020363,18167400
2013-11-07,26.70513916015625,27.23435762902089,26.617458502641842,27.196779180463828,41767000
2013-11-08,27.102853775024414,27.127903700778297,26.68010372616429,26.717682198475483,26485800
2013-11-11,27.152956008911133,27.24063672182857,27.065275295993693,27.14982387227258,10358200
2013-11-12,26.902433395385742,27.14668743233175,26.82414672256358,27.10284708668091,17361400
2013-11-13,27.137298583984375,27.14042833132738,26.780309089912453,26.783441226375572,21806800
2013-11-14,27.30013656616211,27.3189246085745,27.109116837901666,27.12477513265889,19336200
2013-11-15,27.450437545776367,27.45669942780566,27.246891737592573,27.403465068638656,14739600
2013-11-18,27.240619659423828,27.59134468053408,27.152939001425953,27.5662923813579,20932400
2013-11-19,27.28760528564453,27.378418122123914,27.055877379284667,27.187398429722435,18912800
2013-11-20,27.221845626831055,27.49115200865304,27.14042680720302,27.400339169283303,26525600
2013-11-21,27.481752395629883,27.52559273824844,27.281338718196626,27.31578504298542,14242800
2013-11-22,27.628931045532227,27.632060791986923,27.331440283095322,27.575694297249786,15119000
2013-11-25,27.37842559814453,27.600759545772743,27.24064023770768,27.600759545772743,19505200
2013-11-26,27.309524536132812,27.481756183817836,27.19992366447863,27.350232748712994,13549200
2013-11-27,27.12476348876953,27.359623474587064,26.968190164891173,27.234364337660516,18638600
2013-11-29,27.06841278076172,27.303272903531067,26.993255821308615,27.1216471685338,9953400
2013-12-02,27.087186813354492,27.271942200911006,26.93374561481033,27.096580831146248,19238800
2013-12-03,27.152956008911133,27.23750697431026,26.968200562280852,27.024567076173525,21690200
2013-12-04,27.065269470214844,27.209316666018903,26.849197481948888,27.11850383601031,20068600
2013-12-05,26.97446060180664,27.11224593503753,26.921226228192914,26.996380778537,20142200
2013-12-06,27.059005737304688,27.256287285415514,26.974454795886075,27.20931480564068,23346000
2013-12-09,27.09657859802246,27.199917563454232,26.974451598555568,27.118498767436538,26144200
2013-12-10,27.01516342163086,27.178001035484034,26.98071948432458,27.033953847302904,21122800
2013-12-11,26.633129119873047,27.043350552828358,26.576762615495078,27.043350552828358,29365400
2013-12-12,26.745866775512695,26.864861688042904,26.579896980532848,26.630001610516256,21967200
2013-12-13,26.658178329467773,26.698888930449,26.53605130476363,26.683230639437795,24326800
2013-12-16,26.889907836914062,26.977588530158727,26.72707021592851,26.80222475454969,24321600
2013-12-17,26.73647117614746,26.914964744914478,26.648790460138446,26.86799463928131,19712400
2013-12-18,27.14042091369629,27.14981493139809,26.557967924989967,26.814748095023546,30528000
2013-12-19,27.218719482421875,27.23124564120829,26.986991517674515,27.046490174629845,22421200
2013-12-20,27.266845703125,27.373812772587065,27.194487815185955,27.210216642879995,31388600
2013-12-23,27.295166015625,27.47763532904844,27.260559228540654,27.36752391571133,19535800
2013-12-24,27.446178436279297,27.471347448018438,27.282584660473006,27.31719145155206,11188800
2013-12-26,27.6412296295166,27.678983140231416,27.477633483334362,27.521680445959298,17715200
2013-12-27,27.776508331298828,27.814261839687664,27.644374652310635,27.73561049739729,11731800
2013-12-30,27.578311920166016,27.839432591270974,27.549996184595095,27.811119255948892,14091400
2013-12-31,27.845726013183594,27.855163791613933,27.54370510216849,27.644378739173526,16150800
2014-01-02,27.449316024780273,27.760774640556402,27.33920463538955,27.67897898000802,22267200
2014-01-03,27.3486385345459,27.58773923207589,27.292009485137424,27.47762545804702,19428600
2014-01-06,27.38640022277832,27.477633673869985,27.232241853143663,27.430444785460036,18513200
2014-01-07,27.59404945373535,27.612925016569925,27.323488518608347,27.46506244061644,13302000
2014-01-08,27.402132034301758,27.606626040578043,27.298311668003947,27.597188261868954,21883000
2014-01-09,27.31718635559082,27.477633374936413,27.090670092692786,27.43044448703984,24445400
2014-01-10,27.339208602905273,27.37381538748574,27.15988362837405,27.336061876966518,20940200
2014-01-13,26.794933319091797,27.30459477858022,26.76976431856812,27.263696952915247,33435200
2014-01-14,27.14415168762207,27.156736190798703,26.901906602155407,26.901906602155407,26444200
2014-01-15,27.06550407409668,27.2070779541642,27.024606233321027,27.181908944341235,23335800
2014-01-16,27.103248596191406,27.109539646435387,26.889316884174793,27.01515949128717,22594200
2014-01-17,27.059207916259766,27.317184217648226,27.024601134344987,27.16931931314842,25265800
2014-01-21,27.282575607299805,27.345495715519824,27.05291265182502,27.251115553189795,25451600
2014-01-22,27.40842056274414,27.43988061953863,27.235386650001725,27.348644774660674,21115200
2014-01-23,27.096960067749023,27.317185270260694,26.96797311220876,27.260556206786095,29801600
2014-01-24,26.530675888061523,26.933370445316168,26.514944656817654,26.933370445316168,34852200
2014-01-27,26.43629264831543,26.631348869778098,26.250676605515324,26.577866525267776,32109000
2014-01-28,26.63763999938965,26.678540239633097,26.426854946707774,26.49921524850468,18225600
2014-01-29,26.489768981933594,26.672240657356358,26.26639947591537,26.40482659523585,40249800
2014-01-30,26.574708938598633,26.713136032758282,26.423697344947396,26.669089084413788,24531400
2014-01-31,26.231792449951172,26.464602130305384,26.121681060728644,26.266399229456574,31966400
2014-02-03,25.76303482055664,26.3167409709769,25.728428036139835,26.206629566127344,50345600
2014-02-04,26.027301788330078,26.093368624121943,25.81337005327856,25.907750218589076,40679600
2014-02-05,25.77247428894043,26.033597352035656,25.737867502253167,26.027306300023774,54541800
2014-02-06,26.156286239624023,26.219206343829907,25.832243142492285,25.841680918098355,26056600
2014-02-07,26.43943214416504,26.480329972856484,26.156286867940704,26.316736257842525,24804600
2014-02-10,26.310441970825195,26.467744630366713,26.20033058919575,26.433137853247732,15922000
2014-02-11,26.653366088867188,26.744601929947038,26.310445003411992,26.338760733522196,21739400
2014-02-12,26.5904483795166,26.788651325335618,26.562135044541776,26.735168981328407,13624800
2014-02-13,26.716283798217773,26.785497354211568,26.39224069538153,26.46460097671545,19598000
2014-02-14,27.06550407409668,27.11898641978382,26.697416306369135,26.738314147144788,25236600
2014-02-18,27.188190460205078,27.22279723651084,27.05920353054109,27.106394807344227,17708000
2014-02-19,27.22279930114746,27.49965353259079,27.103250137727624,27.103250137727624,47644000
2014-02-20,27.402132034301758,27.455614380485876,27.17561574428796,27.213369259373227,18873800
2014-02-21,27.185054779052734,27.468197729403855,27.16932354836709,27.461906677278883,23165600
2014-02-24,27.59404945373535,27.836297044610497,27.251130594242753,27.26685942985503,37227800
2014-02-25,27.581445693969727,27.63492801817149,27.35807622208479,27.540547869623897,19166600
2014-02-26,27.40842056274414,27.625496634800058,27.32347576912569,27.594036578005568,20096600
2014-02-27,27.436737060546875,27.480781625192503,27.238536519641546,27.41786150434125,18666800
2014-02-28,27.575164794921875,27.68212948270041,27.411568636820952,27.45561320240609,20949000
2014-03-03,27.39897918701172,27.71358454169229,27.3108900717409,27.40841936386077,24927200
2014-03-04,27.697858810424805,27.77965688385543,27.531118337844084,27.63808301827374,21049000
2014-03-05,27.439882278442383,27.6380828084537,27.367521983216815,27.6129138013971,21730800
2014-03-06,27.638078689575195,27.66639441835616,27.443024914576803,27.458753741456658,15576600
2014-03-07,27.691558837890625,27.77021016683291,27.584594182648193,27.751334615966147,19705600
2014-03-10,27.73560905456543,27.754484607653684,27.502799365317987,27.663248767313203,17729000
2014-03-11,27.42099380493164,27.78908135879183,27.329757997520165,27.770203412268682,24536000
2014-03-12,27.424142837524414,27.493356386081555,27.20077336733867,27.22908909186109,18737400
2014-03-13,27.150449752807617,27.47449296386036,27.04662938414539,27.465055184936332,22545600
2014-03-14,27.175613403320312,27.282580486723074,27.08123322411062,27.118984335695014,21306800
2014-03-17,27.32033348083496,27.40527828825044,27.213368790310422,27.282582366649297,20838400
2014-03-18,27.54999542236328,27.634937826228253,27.336063649380694,27.421008453494437,13990400
2014-03-19,27.34235191345215,27.5688657475273,27.172464737709547,27.55942797113854,18645200
2014-03-20,27.449316024780273,27.493360580536564,27.115835131126,27.20707096812068,17426800
2014-03-21,27.52425193786621,27.729751665180668,27.517929945480432,27.54322273913067,28260400
2014-03-24,27.467329025268555,27.736060586696308,27.416745878258343,27.609599101092464,20088000
2014-03-25,27.71393585205078,27.736066435794527,27.600120732210726,27.609604923521946,14337600
2014-03-26,27.584308624267578,27.881492778437377,27.56534024406182,27.808776634227936,17128800
2014-03-27,27.80878257751465,27.894145130789067,27.527406954749058,27.593798711710868,22772600
2014-03-28,28.156553268432617,28.216623041723004,27.884661805822624,27.900470402600057,19911200
2014-03-31,28.156553268432617,28.324113781239262,28.071193117172836,28.29566120150374,16903200
2014-04-01,28.324113845825195,28.327276047598534,28.153393542916348,28.166037525903267,20494600
2014-04-02,28.425283432006836,28.475866597312976,28.241914332159272,28.26404491924066,20017200
2014-04-03,28.608654022216797,28.725631376776704,28.441093495450865,28.48851687768074,21584000
2014-04-04,28.50432014465332,28.864733922907245,28.453734569854824,28.823632540370223,27995600
2014-04-07,28.026931762695312,28.494836314876387,28.026931762695312,28.437928743713478,22489600
2014-04-08,28.308305740356445,28.368375509708095,28.042736286638725,28.09648406492586,23288800
2014-04-09,28.43793296813965,28.456903769380848,28.150235279895053,28.396833987548582,14449000
2014-04-10,28.042736053466797,28.5138051876337,27.982668696667655,28.33043609159771,24596600
2014-04-11,27.963706970214844,28.128107734489223,27.89099319575234,27.903639593931434,26911800
2014-04-14,28.346250534057617,28.403155701061827,28.045904039898677,28.17868758701558,19922800
2014-04-15,28.725618362426758,28.735102552165166,28.2387431887523,28.32726550904723,44885800
2014-04-16,29.070232391357422,29.07655679449565,28.852088724149883,28.8931876963361,26073400
2014-04-17,29.335798263549805,29.424320600250407,29.05758486076895,29.108168019432394,37082000
2014-04-21,29.534975051879883,29.557105637202028,29.31050699731158,29.36425235994352,17012800
2014-04-22,29.487550735473633,29.569751083488736,29.310506058566784,29.452776169983633,12690400
2014-04-23,29.642459869384766,29.724657784908985,29.484383615150495,29.484383615150495,17123400
2014-04-24,29.651948928833008,29.797378817168095,29.598203572458594,29.72782486795292,17753000
2014-04-25,29.47490692138672,29.66143579103297,29.383222381168906,29.56975125081516,17744200
2014-04-28,29.525487899780273,29.601363840127327,29.278889284612855,29.576073468046744,22334000
2014-04-29,29.66144561767578,29.927015134573093,29.651961422796166,29.66776761024431,16545200
2014-04-30,29.63614845275879,29.68040963037207,29.446457346979983,29.59504947699025,21643200
2014-05-01,29.569746017456055,29.674076932210035,29.484385894872513,29.5950387989817,21430600
2014-05-02,29.629819869995117,29.85112570883222,29.47490578280914,29.51600474943525,17422000
2014-05-05,29.768939971923828,29.81952315064508,29.46543125138141,29.51917904459326,16074600
2014-05-06,29.813182830810547,29.971259086727777,29.77208146055863,29.797374240397925,14953400
2014-05-07,30.072431564331055,30.113530527683466,29.778409594980236,29.94597006133185,19261800
2014-05-08,29.642459869384766,30.062940872488234,29.61716708981475,30.01235772540042,21932600
2014-05-09,29.614017486572266,29.734157034608717,29.500202342144703,29.680409252146134,17421600
2014-05-12,29.82267189025879,29.838478071200303,29.658271206509095,29.74995573935938,10427800
2014-05-13,29.933330535888672,29.977591710283072,29.835323994308656,29.879585168703056,9977600
2014-05-14,29.945972442626953,30.040816768378942,29.904871063953628,29.964940825366806,9969200
2014-05-15,29.604528427124023,29.895388231940025,29.3863823674856,29.88590404013885,22897600
2014-05-16,29.528650283813477,29.636140998966923,29.380058191175635,29.55078086705405,29622000
2014-05-19,29.620342254638672,29.699380416349584,29.446457334053353,29.446457334053353,10064400
2014-05-20,29.534975051879883,29.67408296650645,29.478067487901093,29.557105637202028,9351200
2014-05-21,29.85429573059082,29.895394707983197,29.629827631810844,29.67092660920322,11714800
2014-05-22,29.825836181640625,29.983912487234363,29.787899412012052,29.85429117091506,13738400
2014-05-23,29.765766143798828,29.933326626702414,29.75944174139523,29.81951150396549,10561200
2014-05-27,29.847972869873047,29.917524426807898,29.737317512635546,29.85113265969738,10114600
2014-05-28,29.898550033569336,29.999718764850957,29.781572708128504,29.844804672712527,15071000
2014-05-29,30.15463638305664,30.170444979064396,29.873260740900925,29.955461098445667,14556600
2014-05-30,30.13249969482422,30.167276669357356,29.987069806800452,30.072432348673654,11916000
2014-06-02,30.094566345214844,30.268448825552678,30.00920379365835,30.160958100840514,10151400
2014-06-03,30.198904037475586,30.236843228803302,30.021859302053468,30.02502150434418,11997200
2014-06-04,30.18309211730957,30.214706898051112,30.05663058229024,30.148315134877926,7373200
2014-06-05,30.356977462768555,30.407563046338925,30.09141038518425,30.15148016266072,12349600
2014-06-06,30.606735229492188,30.65099640457038,30.426528327515797,30.426528327515797,10840000
2014-06-09,30.65415382385254,30.8153923147985,30.578277880134987,30.647831833564727,11304000
2014-06-10,30.60357093811035,30.682609083702523,30.527692581663864,30.657316298220362,7532200
2014-06-11,30.72054100036621,30.761642373299708,30.445489840838466,30.51188158320904,11303400
2014-06-12,30.821712493896484,31.027212140939547,30.764804936439212,30.856489468567737,23739200
2014-06-13,31.115741729736328,31.118903931458366,30.720550936342846,30.903920043370185,19473200
2014-06-16,31.302282333374023,31.37183631959312,31.16949635420397,31.226403941832878,26773800
2014-06-17,31.280141830444336,31.286463821709905,31.080964130808457,31.239040445032163,20091000
2014-06-18,31.517257690429688,31.54571027045807,31.18845865291112,31.29278960378834,29727200
2014-06-19,31.741729736328125,31.748051728660805,31.447707645760893,31.536230010739665,17354000
2014-06-20,32.05744552612305,32.076501985654446,31.80017362943823,31.904986580113654,18192400
2014-06-23,32.171775817871094,32.24482716468297,32.07331425336304,32.15589382599804,15918400
2014-06-24,31.49524688720703,32.168600730990796,31.42536999626678,32.14319051187582,35497000
2014-06-25,31.733461380004883,31.76522294141282,31.330082038043507,31.36502048256778,27720600
2014-06-26,31.768390655517578,31.793800868549,31.479357357851896,31.75251108981141,16160000
2014-06-27,31.768390655517578,31.78427264447504,31.584172669168026,31.692162439674615,16444200
2014-06-30,31.793800354003906,31.831915672934183,31.622285053694544,31.746156811153874,12589000
2014-07-01,31.812868118286133,31.971678356680332,31.73346299908904,31.87321436106462,13771600
2014-07-02,31.765228271484375,31.879571850340756,31.698528254360188,31.78746161052577,11852800
2014-07-03,31.885915756225586,31.917677315553828,31.708049085386126,31.917677315553828,7337600
2014-07-07,31.641357421875,31.857339474774403,31.584185630717737,31.85416259102892,13864800
2014-07-08,31.590534210205078,31.66993933412674,31.466662410747446,31.593711093672525,20784600
2014-07-09,31.8001766204834,31.819233081807198,31.590545852909727,31.641366314110485,12816000
2014-07-10,31.49524688720703,31.61276490992302,31.333259769413896,31.511126456714987,29817400
2014-07-11,31.25385856628418,31.463486842106445,31.17127655544405,31.45713549815821,21610400
2014-07-14,31.523832321166992,31.5619476507522,31.36184519949479,31.406311872384897,13740600
2014-07-15,31.387256622314453,31.517482185949927,31.18397970323881,31.438077063709375,19908400
2014-07-16,31.86368751525879,31.87639262567112,31.507951693469682,31.517482343717955,16334800
2014-07-17,31.349138259887695,31.936738046250003,31.32690492474033,31.83827405638156,22035600
2014-07-18,31.441253662109375,31.520658789750094,31.28562029044417,31.428548550896593,16635600
2014-07-21,31.488895416259766,31.51112875379315,31.31420317617454,31.361846734675243,18793400
2014-07-22,31.71440887451172,31.812872884880516,31.596890831373255,31.628652399160615,11955800
2014-07-23,31.917686462402344,31.92086334622108,31.657237724069734,31.79381464924734,13402400
2014-07-24,31.946271896362305,32.07014370302673,31.838279661454827,31.96850523542381,11494400
2014-07-25,31.711219787597656,31.860501764328856,31.66993000768851,31.831917091295914,9605800
2014-07-28,31.635005950927734,31.739821312867168,31.441257223676946,31.685826401535625,14957200
2014-07-29,31.55559730529785,31.73664089976455,31.539717733688043,31.577830644153334,13657600
2014-07-30,31.368207931518555,31.803346558204925,31.266569446826924,31.704884957699708,21560600
2014-07-31,30.69166374206543,31.18397641738265,30.66943040711088,31.168094425307217,34569600
2014-08-01,30.443918228149414,30.704366888073768,30.18029268536273,30.605905328605907,35666600
2014-08-04,30.955297470092773,31.031525721015836,30.345466616203463,30.43757686339285,25793000
2014-08-05,30.278772354125977,30.888603324032616,30.100903170463553,30.825080173387164,32879800
2014-08-06,30.367692947387695,30.720251858499342,30.161239159842307,30.21523405748056,23094000
2014-08-07,30.177122116088867,30.577322171277476,30.011958111477632,30.523327271915,26513400
2014-08-08,30.68213653564453,30.71389809759902,30.196177610310464,30.269231383732457,23170000
2014-08-11,30.68531608581543,30.993408352380566,30.6630827481897,30.882241664251925,22407200
2014-08-12,30.459808349609375,30.64085194906121,30.33275965697161,30.64085194906121,19996200
2014-08-13,30.558263778686523,30.723427772815175,30.447097103745186,30.624963783651328,12978000
2014-08-14,30.383567810058594,30.650367775722923,30.33909872586326,30.60272423235393,15234800
2014-08-15,30.609088897705078,30.653555574484596,30.364519752165588,30.44392487830789,22150600
2014-08-18,30.69166374206543,30.783773964949052,30.56144061540359,30.720250843150854,17195000
2014-08-19,30.926706314086914,30.983878096130564,30.73295763178631,30.755190967955958,11995400
2014-08-20,30.993408203125,31.034697994730497,30.761544177642946,30.8885928591433,11895800
2014-08-21,31.018823623657227,31.05058519354339,30.879069808255167,31.034703196974085,11134400
2014-08-22,30.8123722076416,30.97435695377545,30.68532349485323,30.97435695377545,14766800
2014-08-25,31.085514068603516,31.107747402998022,30.88858851878665,30.898116744491197,8758000
2014-08-26,31.24431610107422,31.403126283186165,31.114090588581913,31.174439233224795,11193000
2014-08-27,31.180810928344727,31.307859641618766,31.09823132448135,31.27292118488709,7720200
2014-08-28,31.187150955200195,31.218912513710855,31.03469208179683,31.085512514015146,6209000
2014-08-29,31.36185073852539,31.37773273447057,31.145868679233693,31.257037804345227,10734800
2014-09-02,30.964826583862305,31.34597269587972,30.83142653511982,31.31738558643349,17284600
2014-09-03,31.047412872314453,31.266571856265806,31.028356412232704,31.17128470935144,14381800
2014-09-04,30.628141403198242,31.133156777183135,30.485213163872814,31.120454091100196,24573000
2014-09-05,30.834606170654297,30.844134400235806,30.43440356546212,30.64403430926606,17549800
2014-09-08,30.354997634887695,30.707556659786075,30.2152438093056,30.682146432725215,21956200
2014-09-09,30.221588134765625,30.526503494465263,30.043719024168595,30.339106157510727,19996600
2014-09-10,30.148529052734375,30.19299571674198,29.795970200065902,30.19299571674198,20865400
2014-09-11,30.16758155822754,30.212048212850085,29.780084348015954,29.90713297118792,25011400
2014-09-12,29.716567993164062,30.107242205882446,29.624457773527183,30.07865510580467,30880400
2014-09-15,29.92619514465332,30.005600246428244,29.535520977690084,29.684802956747163,26782600
2014-09-16,30.288286209106445,30.47885799384733,29.840440212876228,29.884906881874045,26910800
2014-09-17,30.123123168945312,30.418510292750742,30.03418982814399,30.361338513199634,22138600
2014-09-18,29.967487335205078,30.237464218301206,29.888082227044357,30.221584650620017,24569200
2014-09-19,29.942913055419922,30.166390478979743,29.930142568970613,30.029110794301214,18949200
2014-09-22,29.502338409423828,29.91098417994607,29.38740648199933,29.89502046502342,21259200
2014-09-23,29.416139602661133,29.7098534593049,29.409755577830193,29.457641853364805,18280200
2014-09-24,29.441675186157227,29.610879824007693,28.975563515715383,29.396979713355996,49479800
2014-09-25,28.991525650024414,29.43848282697404,28.97556437253519,29.425712343550263,26872800
2014-09-26,29.365062713623047,29.489571912550335,28.89256445523446,28.994725911680472,22969600
2014-09-29,29.29801368713379,29.352288857547332,28.921292903037802,28.991529352979235,30908600
2014-09-30,28.930864334106445,29.339509996314355,28.752080030100277,29.26927356642482,43464200
2014-10-01,28.340259552001953,29.0713536465677,28.25086855977939,28.927689899884562,37954600
2014-10-02,28.193395614624023,28.378564016075757,27.70493607360787,28.17424110265359,58485400
2014-10-03,28.14870262145996,28.349834757840142,27.909261457747533,28.33387103930406,40196000
2014-10-06,28.180631637573242,28.467961562107003,27.973117881369472,28.29237281180213,40244400
2014-10-07,27.81348419189453,28.391334707232012,27.80390450011902,28.030577593435225,35798600
2014-10-08,28.0848445892334,28.110385557300322,27.286707605047937,27.73366480333595,71977200
2014-10-09,27.053653717041016,27.918834017407384,26.977033239545978,27.87094774129865,73334800
2014-10-10,26.67374610900879,27.267560378678944,26.38322300003491,26.973844038913754,120948600
2014-10-13,25.850059509277344,26.941910254689596,25.814941289186248,26.61627145606021,95098600
2014-10-14,25.524429321289062,26.271487084320274,25.38714961126359,26.06716413484818,111991200
2014-10-15,25.71917152404785,25.786214754399456,24.745445632878756,25.19240293761079,138939200
2014-10-16,26.178897857666016,26.440686738813824,25.061505875936366,25.16686056164397,119592600
2014-10-17,26.402372360229492,27.423989234847763,26.1788949628835,26.66097041798237,76000000
2014-10-20,26.63223648071289,26.712050185655606,26.24913167127624,26.380024880807387,53005200
2014-10-21,27.443143844604492,27.503803039414553,26.925950162931503,26.935529853470694,62716400
2014-10-22,26.922761917114258,27.682587578514415,26.906798200425364,27.5133828987854,72285000
2014-10-23,27.423995971679688,27.714516659597233,27.159013824217524,27.302677552700043,53116000
2014-10-24,27.328208923339844,27.484643084926102,26.96745189559828,27.436756816077743,50494800
2014-10-27,26.75355339050293,26.909987561531466,26.478994065836854,26.89402384713799,47002800
2014-10-28,27.363327026367188,27.43675669781933,26.7152402097254,26.894022107910533,47250000
2014-10-29,27.452726364135742,27.893299656032347,27.190937460775753,27.66343575342915,53445000
2014-10-30,27.353755950927734,27.47507191842301,27.037694327899754,27.242017239324028,37592000
2014-10-31,27.90925407409668,27.941179067001325,27.1558125500871,27.41121736476591,40528600
2014-11-03,27.468687057495117,28.225321914289,27.38568011609112,27.92841481207582,53211200
2014-11-04,26.90360450744629,27.15262533061768,26.66735660598338,27.13666161420322,46878200
2014-11-05,27.376102447509766,27.494227614813436,26.96426341286419,27.174972775775423,54890200
2014-11-06,27.72090721130371,27.727291238429036,27.1143223340777,27.203713328163698,46052600
2014-11-07,28.02737808227539,28.247664665044585,27.730471032520672,27.78474376181372,36084000
2014-11-10,27.775171279907227,28.400910478524345,27.692164338907883,28.270017259757253,45906800
2014-11-11,27.85818099975586,27.92522423103941,27.529348869103572,27.80071502498119,34761800
2014-11-12,27.612354278564453,27.969920626066273,27.58042927725856,27.682590742870296,35249200
2014-11-13,27.245206832885742,27.500611678765775,26.801442800853064,27.465493451564242,63176600
2014-11-14,27.5229549407959,27.554879932404894,27.19412289935387,27.37929126069506,35924600
2014-11-17,27.379295349121094,27.54211356135609,27.25159292789516,27.353754377731686,24430200
2014-11-18,27.401647567749023,27.62831824549687,27.27075189478001,27.369722566156078,39360600
2014-11-19,27.545307159423828,27.64108458555212,27.210091039417048,27.45272296369211,29492400
2014-11-20,27.890094757080078,27.931596997128803,27.526144542128492,27.5995717695778,33834600
2014-11-21,28.254060745239258,28.483924680000754,28.049737788944984,28.37218594385885,57370400
2014-11-24,28.03696632385254,28.31471897464214,27.91565033393841,28.16147554489437,33356200
2014-11-25,27.580432891845703,28.212558717720867,27.542121423824796,28.190210970305785,45108000
2014-11-26,27.232433319091797,27.522953898165028,27.184544615632074,27.452717457853517,41746400
2014-11-28,25.48291778564453,26.17889334016557,25.406297316406846,26.09588641098761,85076600
2014-12-01,25.57231330871582,25.652127022186047,25.115778770237288,25.345642654746932,103189000
2014-12-02,25.850059509277344,26.09907784394463,25.38075460053331,25.390331854063493,66469800
2014-12-03,26.16612434387207,26.373640460756413,25.92668323263343,26.016074191113837,63098400
2014-12-04,25.93946647644043,26.105477990171906,25.706409275149745,25.913925494105698,47159000
2014-12-05,25.62977409362793,25.9586061368703,25.527612658487378,25.881985669445076,46886600
2014-12-08,24.592199325561523,25.380759150519452,24.53792658868064,25.28498172660642,82385400
2014-12-09,24.860383987426758,24.962545474631,24.45492883440973,24.537935803926302,67337800
2014-12-10,24.094165802001953,24.49961842146784,23.934538364528212,24.470886651868838,89067600
2014-12-11,24.078205108642578,24.691173960969053,24.02393235765696,24.062243824323,71103400
2014-12-12,23.631248474121094,24.06543536692994,23.58974621073561,23.79087593660312,100108600
2014-12-15,23.4205379486084,24.04947044539701,23.36945599919222,23.825990570283338,94962200
2014-12-16,23.628055572509766,24.355956346831036,23.149173227748765,23.20663920654895,114568800
2014-12-17,24.6081600189209,24.847601113572704,23.717438854529703,23.76213433067371,124940400
2014-12-18,25.080650329589844,25.332861853751606,24.44533411104479,25.240277691536257,104527000
2014-12-19,25.882144927978516,25.91426823702136,25.08547362911848,25.364951564579137,93485600
2014-12-22,25.618732452392578,25.753651834470382,25.352104303868618,25.68940520991475,66476200
2014-12-23,25.930341720581055,26.017074935549417,25.621953416128992,25.80505904848654,53058400
2014-12-24,25.740806579589844,25.840392051400592,25.442055065861716,25.77935603166356,28095600
2014-12-26,25.73438262939453,25.95924830369519,25.6219497922442,25.840391783358573,28929200
2014-12-29,25.827531814575195,26.020274095482627,25.6733365193386,25.79219544380954,36448200
2014-12-30,25.621950149536133,25.850028894036456,25.541640628901423,25.79541900820935,38296200
2014-12-31,25.429201126098633,25.69903986830717,25.278218874736098,25.470961183578115,43083800
2015-01-02,25.548059463500977,25.6315820353482,25.178635248522625,25.29107051675418,55498200
2015-01-05,24.491188049316406,25.201123840019758,24.365905406889453,25.191487090733347,90790400
2015-01-06,24.131404876708984,24.64859836924929,23.961146639651545,24.449429882089944,83753200
2015-01-07,24.182796478271484,24.529734109781366,24.02217747674115,24.42372498056699,62384800
2015-01-08,24.72568702697754,24.78350995980789,24.27916644322974,24.37874942999543,56373800
2015-01-09,24.529735565185547,24.783513896762894,24.308080545649922,24.741751385342205,49904200
2015-01-12,23.82302474975586,24.218146341075688,23.694528986805647,24.218146341075688,57881200
2015-01-13,23.63348388671875,24.10570422526781,23.411828841885054,23.919385562968525,68102800
2015-01-14,23.707366943359375,23.742703321757208,23.032765138201952,23.408615485628733,104305000
2015-01-15,23.405406951904297,24.047883118685416,23.386133451173528,23.986847098568546,82692000
2015-01-16,24.166738510131836,24.19886182353953,23.5242624385711,23.543535936445373,85483800
2015-01-20,24.19565200805664,24.20850182531666,23.749131274392116,24.04145665178844,56171600
2015-01-21,24.687145233154297,24.69357136704281,24.19565137731811,24.372333296472547,56661600
2015-01-22,24.802785873413086,24.87988230775755,24.349841564431465,24.844545931422285,66037600
2015-01-23,24.626113891601562,24.979475310989063,24.587564437342994,24.690360531180307,42294800
2015-01-26,24.979463577270508,25.0437101866704,24.49118052276757,24.709622425918667,36724200
2015-01-27,24.96339988708496,25.08225880654276,24.722471433399587,24.783507425938858,43204600
2015-01-28,23.98042106628418,24.895949024096726,23.93223486832524,24.895949024096726,77666800
2015-01-29,24.060733795166016,24.20528995751204,23.51784063058034,24.1731666381965,60247400
2015-01-30,24.269542694091797,24.54580769325498,23.72022331258295,23.880842384149798,87696200
2015-02-02,25.01158905029297,25.02122579745328,24.40123640467669,24.56828152495968,70931400
2015-02-03,25.69582748413086,25.827536243360573,25.291069360074538,25.300706108144713,94055800
2015-02-04,25.27180290222168,25.506307813671754,25.059787012514924,25.3617491857853,82264400
2015-02-05,25.63479995727539,25.779356114022537,25.416357963197253,25.570550870280602,63572400
2015-02-06,25.641216278076172,25.882144770710635,25.51272059183419,25.837171648153642,52269200
2015-02-09,25.666913986206055,25.962452326867265,25.609091054263544,25.750436543645506,40407600
2015-02-10,25.654071807861328,25.7343813233002,25.188277598656637,25.711894757011393,43942600
2015-02-11,25.47417449951172,25.58982037612084,25.197909622151204,25.32640286207116,52393200
2015-02-12,25.80826187133789,25.927120823443662,25.634795493785827,25.821111686499457,52844600
2015-02-13,26.3543643951416,26.383274637176335,25.994576972206605,26.062036654472298,62375800
2015-02-17,26.434675216674805,26.47964834044094,26.074887775694314,26.22908309350065,44251800
2015-02-18,26.119871139526367,26.325463343301138,26.049198359943965,26.219456624779927,38762800
2015-02-19,25.997785568237305,26.14555472077172,25.46131881756546,25.576964667522983,47744000
2015-02-20,25.87250518798828,26.05882379007948,25.657276346357634,25.927115052130187,51283600
2015-02-23,25.766504287719727,25.975309515182012,25.554488444297068,25.618735075430752,39359000
2015-02-24,25.837182998657227,25.946402786890747,25.670140248755242,25.923916215733705,30861400
2015-02-25,25.9785213470459,26.020281410212448,25.727953615491337,25.856449322502247,32051400
2015-02-26,25.496660232543945,25.837171718792504,25.36173841365273,25.824321905048038,38698200
2015-02-27,25.384233474731445,25.6155252978756,25.358536289489358,25.596251796230984,26724400
2015-03-02,25.207551956176758,25.35532117551225,24.963410334693254,25.332834608457976,35957000
2015-03-03,25.300703048706055,25.451685285818883,25.11117137312255,25.2236041717647,24699400
2015-03-04,25.265365600585938,25.326399145335596,24.985887697986325,25.307125652346347,33205600
2015-03-05,25.114391326904297,25.23325028998204,25.075841877861063,25.20112452368674,22489000
2015-03-06,24.664649963378906,25.066197409906568,24.603613967234345,24.937701736847494,38352600
2015-03-09,24.48798370361328,24.90559180168125,24.48798370361328,24.62290312987282,34882200
2015-03-10,24.147464752197266,24.433366433912237,24.13461493549804,24.292023351924616,38061200
2015-03-11,24.218135833740234,24.317718842666245,24.044666996646956,24.189225586317235,26102000
2015-03-12,24.063945770263672,24.372334033231247,24.054306569139516,24.2566881282619,38490000
2015-03-13,23.973995208740234,24.002907908189158,23.71379316795926,23.906535511161906,42023800
2015-03-16,24.298446655273438,24.31772015459523,23.76840336625703,23.842289198410402,33897000
2015-03-17,24.20528793334961,24.295234200252256,24.028608466462828,24.15067804999471,27872600
2015-03-18,24.908803939819336,25.040510293629204,24.009336229945156,24.04788568637485,55507400
2015-03-19,24.513668060302734,24.71283647875954,24.442995316629315,24.606827363249412,46481800
2015-03-20,24.874286651611328,25.01982497627586,24.686702057707304,24.783726784982303,45221200
2015-03-23,24.786962509155273,25.09744608829347,24.786962509155273,24.929268408241,24320200
2015-03-24,24.622024536132812,24.89046439146653,24.605854976687993,24.85165300729019,29561800
2015-03-25,24.94220542907715,25.129787560953076,24.7513859317756,24.777260180139223,31797000
2015-03-26,24.91309928894043,25.307672987832586,24.82254187624474,25.23005270087977,30637200
2015-03-27,24.7093505859375,24.867826093272935,24.65760207149859,24.819312477862706,23934600
2015-03-30,25.23975944519043,25.288273058532045,24.938978003478272,24.94868023264562,36375600
2015-03-31,25.090980529785156,25.22681664258264,24.903395916395684,25.048934256178086,18807400
2015-04-01,25.084508895874023,25.3012026418485,25.032762866577052,25.171833867349864,26586600
2015-04-02,25.136255264282227,25.281793581079764,24.90985931120348,24.96807513142328,27715400
2015-04-06,25.58905029296875,25.728121312346467,25.16536743811786,25.281799103992434,31086600
2015-04-07,25.6052188873291,25.779866379576475,25.495257022305406,25.566409978499266,28284200
2015-04-08,25.39823341369629,25.786339829512972,25.3885311851142,25.7248890918201,24091400
2015-04-09,25.805740356445312,25.863956186576267,25.443508250352213,25.46614760276401,27750200
2015-04-10,25.918933868408203,25.9609776697568,25.763693319194893,25.873655169262317,17701000
2015-04-13,25.66019630432129,26.06770706373504,25.618152503014297,26.032130590512185,19880600
2015-04-14,26.122690200805664,26.184140926576845,25.79603705355862,25.8283786317261,27440200
2015-04-15,26.74690055847168,26.801883972623497,26.21972551546608,26.271474030548966,40013800
2015-04-16,26.685449600219727,26.918312959687913,26.47522559694957,26.646638217806775,42555000
2015-04-17,26.491395950317383,26.594890496045142,26.2811719603222,26.559314014622668,33834800
2015-04-20,26.591655731201172,26.882734913619153,26.510800539835323,26.520502767998483,25420800
2015-04-21,26.31028175354004,26.675748839063473,26.20031986524425,26.659576811958846,23640800
2015-04-22,26.484922409057617,26.58518204207198,26.203545495995815,26.378192979878563,20259000
2015-04-23,26.666034698486328,26.837449735571862,26.514029048058365,26.543135725532647,25151600
2015-04-24,26.514034271240234,26.61105901610544,26.387897908157797,26.585184763806247,23015200
2015-04-27,26.484922409057617,26.704848596076157,26.43964370592182,26.623993416547343,22651200
2015-04-28,26.617523193359375,26.666034321797902,26.39436213252618,26.478452200992947,22250800
2015-04-29,26.824514389038086,26.863323294908138,26.439642955798817,26.523733031024243,31806200
2015-04-30,26.74043083190918,26.966824396349526,26.588422666854324,26.924780582240547,33104200
2015-05-01,26.8018741607666,26.847152861135612,26.588415315452032,26.766297686547507,22709200
2015-05-04,26.73396110534668,26.957119751003354,26.598122511354642,26.866562333345044,28868400
2015-05-05,26.404069900512695,27.057381198995575,26.39436767278846,26.934479734476586,32152600
2015-05-06,26.30057144165039,26.746891123020365,26.177672462940897,26.640164166445555,32777200
2015-05-07,26.01596450805664,26.25529515917005,25.821910094581824,26.248827830222925,34793200
2015-05-08,26.44288444519043,26.471991131848377,25.925411675398063,26.222958209590576,29030400
2015-05-11,25.944812774658203,26.481689932724702,25.918938522641763,26.46875280671648,36288800
2015-05-12,26.064481735229492,26.200320349908424,25.860727514468508,25.90600623019317,19703000
2015-05-13,25.996553421020508,26.32320899936147,25.899528697332837,26.290867424798915,25069400
2015-05-14,25.986860275268555,26.24559789718045,25.97069071608958,26.070950372515643,19235800
2015-05-15,26.09034538269043,26.193839900476764,25.812203403482673,25.87688901928909,19561200
2015-05-18,26.112979888916016,26.145321457069784,25.92863023618569,26.03859452891269,14459600
2015-05-19,25.741058349609375,25.96421947440962,25.702249435734338,25.938345220156467,27839600
2015-05-20,25.789567947387695,25.87365802687625,25.640794709833674,25.831614220884127,25247600
2015-05-21,26.032133102416992,26.07094447717894,25.841316061722043,25.935108366768542,20174600
2015-05-22,25.93834114074707,26.05477279906998,25.805739926687504,25.8542535289061,12721400
2015-05-26,25.527599334716797,25.78310201769752,25.430572124849125,25.728121083607913,26367200
2015-05-27,25.48232078552246,25.71841654748539,25.3432497665221,25.511427468159894,22750000
2015-05-28,25.382064819335938,25.427343532775367,25.220354423479453,25.394999479600216,24328400
2015-05-29,25.352951049804688,25.514661416223905,25.291500320963983,25.3755904024032,25956200
2015-06-01,25.288270950317383,25.420872183724658,25.25592689911616,25.417637285103602,16974400
2015-06-02,25.46292495727539,25.58582399366798,25.23006154726392,25.36589771393551,20366000
2015-06-03,25.288270950317383,25.572880341353596,25.252694467999774,25.385295701407045,17280600
2015-06-04,24.945436477661133,25.20417401195652,24.926032026215378,25.15566041583814,31892200
2015-06-05,25.120079040527344,25.343240058615432,24.822532661412236,24.83223488524154,37912000
2015-06-08,24.97779083251953,25.16860793052839,24.91957498664301,25.023069549589597,19414600
2015-06-09,24.974552154541016,25.28827069498988,24.964849926280476,25.12979274171893,22066200
2015-06-10,25.281797409057617,25.352950363155696,25.19447489925817,25.281797409057617,19570800
2015-06-11,25.168596267700195,25.369117970023282,25.145956919655962,25.327071704009803,16833000
2015-06-12,24.887224197387695,25.04570213176017,24.845180390770864,25.02629521004872,21009000
2015-06-15,24.828998565673828,24.961602197086833,24.64141649154566,24.715801848311127,16151000
2015-06-16,25.0230655670166,25.029532896638003,24.754625738892866,24.87429231067811,18035200
2015-06-17,24.961612701416016,25.265628985271807,24.83547881077466,25.155664651056227,20827400
2015-06-18,24.945436477661133,25.152425518095846,24.922797128473086,25.03922877215561,25345200
2015-06-19,24.71396255493164,24.938603644702347,24.704193391118814,24.83767797370241,34469800
2015-06-22,25.01674461364746,25.039536849911553,24.82791630141635,24.938608674658838,21154800
2015-06-23,25.0981388092041,25.143720801228092,24.954889991046198,24.980936133946507,14235400
2015-06-24,24.941858291625977,25.186035208081865,24.932091612391105,25.04278395558101,13596600
2015-06-25,24.687917709350586,24.964651084999552,24.681404933135028,24.93534855982223,17371400
2015-06-26,24.769315719604492,24.77582601342052,24.52839262216392,24.665133631269647,23544600
2015-06-29,24.300491333007812,24.61303754981765,24.280957970674866,24.456765683361,27794400
2015-06-30,24.469783782958984,24.564196670990242,24.313509464345817,24.525129954258972,30341200
2015-07-01,24.157238006591797,24.528386762868923,24.05956871930095,24.51862008252947,27820200
2015-07-02,24.264680862426758,24.39490908634874,24.202821897187043,24.22235774530824,19400400
2015-07-06,23.945621490478516,24.17677538075646,23.844693324827347,23.945621490478516,27018200
2015-07-07,24.163745880126953,24.248394565721565,23.580976727114162,23.851199753195857,41372200
2015-07-08,23.675397872924805,24.163751781247854,23.577726097701625,23.997710756927017,33042600
2015-07-09,23.79585075378418,24.10188658528825,23.79585075378418,24.00096093187554,23912000
2015-07-10,23.92608070373535,24.088865309798937,23.808875588657887,23.939103770287954,26500800
2015-07-13,24.09538459777832,24.15398717115677,23.94236662929588,24.007479495762322,28717600
2015-07-14,24.267929077148438,24.365598349270286,24.017239395854233,24.027008558572764,25308400
2015-07-15,23.84143829345703,24.264676846280558,23.756789589333778,24.144217808305232,25416600
2015-07-16,23.873994827270508,24.04980252864931,23.82841532882745,23.97817689283983,15721400
2015-07-17,23.584238052368164,23.873994495831965,23.506099641353675,23.851204746926825,28192000
2015-07-20,23.271690368652344,23.629816035881387,23.24238784542565,23.62655964799038,27666800
2015-07-21,23.28145980834961,23.512613698089744,23.20983416963364,23.327039308642227,21238000
2015-07-22,23.092628479003906,23.327038751421647,23.04379259160081,23.187043865610853,30418600
2015-07-23,23.073091506958008,23.261919766726283,22.897283830156354,23.11541461133958,22569200
2015-07-24,22.630325317382812,23.082866497241472,22.54567659424541,23.07309981455195,25108200
2015-07-27,22.304750442504883,22.568460745236248,22.207078672065553,22.340563259406217,34393400
2015-07-28,22.9428653717041,23.066580792106627,22.32102691391842,22.337306369924967,37877200
2015-07-29,23.255413055419922,23.27820280496403,22.812638649508894,22.884264286332208,46854600
2015-07-30,23.092628479003906,23.2749464758193,22.991702799894874,23.206577227013526,25254400
2015-07-31,22.588001251220703,22.926593682918227,22.55218842299039,22.894037243771695,43578800
2015-08-03,22.11266326904297,22.487068410182577,22.0670837719195,22.347073530761552,33853200
2015-08-04,22.037782669067383,22.382885268912197,21.943367291320065,22.21033396898979,25525000
2015-08-05,21.871742248535156,22.454511502348925,21.848952500459593,22.21033456558375,36947600
2015-08-06,22.220102310180664,22.278704877167765,21.581986849596888,21.74151509376874,46519200
2015-08-07,21.822904586791992,22.304748129007145,21.74476866888274,22.128940450789294,34163400
2015-08-10,22.519624710083008,22.53590416634661,21.868486201879506,21.868486201879506,38888800
2015-08-11,22.56195640563965,22.58474616023537,22.02802288319971,22.070346003478342,42107800
2015-08-12,22.972169876098633,23.030772451655892,22.353590169979103,22.4838159077537,46966000
2015-08-13,22.623804092407227,22.907050204129877,22.594504055278673,22.82240151259851,39627200
2015-08-14,22.574970245361328,22.82891634281414,22.522880457811976,22.672642012373657,24242400
2015-08-17,22.623804092407227,22.73449891731686,22.389393859794826,22.464275872283338,19064200
2015-08-18,22.53916358947754,22.64008927699281,22.428468736550826,22.581486704007286,22126800
2015-08-19,21.91732406616211,22.451257492397648,21.813141994796553,22.41544467250044,40366000
2015-08-20,21.42245864868164,22.008481835839586,21.4192022605379,21.858720271880454,50673200
2015-08-21,20.673646926879883,21.438734151016668,20.66062385909462,21.20758028659469,50840400
2015-08-24,19.563457489013672,20.374125517979554,19.12393947117982,19.465786956378174,86002200
2015-08-25,19.28020477294922,20.422951902245288,19.263925322471497,20.422951902245288,55393200
2015-08-26,19.944374084472656,19.967165077279976,19.384395752288388,19.768567612409793,79464400
2015-08-27,20.930850982666016,20.97968687534969,20.331803409894892,20.40668420124774,64482800
2015-08-28,21.40617561340332,21.62430638853795,20.849452560916923,20.859219239819076,62926800
2015-08-31,21.62757110595703,21.76756601989726,20.862483662566117,21.243399189834793,72387000
2015-09-01,20.86573600769043,21.253164283703764,20.68667437648098,21.005730911165244,57425200
2015-09-02,21.057815551757812,21.194554017002048,20.569461761117694,21.161997594405207,51057800
2015-09-03,21.116424560546875,21.568965679487796,20.98619634645744,21.197816883865695,43790000
2015-09-04,20.768062591552734,20.917824147302447,20.680158745713175,20.81364208748107,33368400
2015-09-08,21.093629837036133,21.12292987425374,20.735502953684506,20.992704174758604,31255200
2015-09-09,20.696439743041992,21.494083512954727,20.663883310700026,21.240139863232194,36955400
2015-09-10,20.816898345947266,20.934104721944937,20.497840615450432,20.784341916243825,36985600
2015-09-11,20.631322860717773,20.657368996645783,20.344822817198345,20.60853311275482,26688600
2015-09-14,20.4522647857666,20.5792366231134,20.348082701689822,20.48807761003332,24962600
2015-09-15,20.680158615112305,20.74852785857304,20.51411760448125,20.51737399242592,29633200
2015-09-16,21.26618003845215,21.29548255806947,20.813639049295585,20.846195472506928,34433400
2015-09-17,21.253162384033203,21.63082394435637,21.11642388139061,21.28246491111176,39645400
2015-09-18,20.694955825805664,21.006529569766503,20.570327829552422,20.85238290200525,42473800
2015-09-21,20.813034057617188,20.967180788703562,20.681846441703254,20.91470549211604,31379400
2015-09-22,20.593284606933594,20.80974526149825,20.448976669817707,20.49161321952096,34100800
2015-09-23,20.32762908935547,20.767109990979616,20.3177903661676,20.6719981631327,27969400
2015-09-24,20.41617202758789,20.56047865658055,20.035726141053892,20.170194051351892,37824000
2015-09-25,20.455537796020508,20.642481045994437,20.27187495456361,20.642481045994437,31666800
2015-09-28,19.638893127441406,20.242359488606702,19.622494836600218,20.242359488606702,32702800
2015-09-29,19.609373092651367,19.894707318848145,19.47818428116981,19.734001087338694,37762400
2015-09-30,20.071807861328125,20.147240975092995,19.766794998521615,19.78975284831488,32256200
2015-10-01,20.11117172241211,20.55065269617063,19.930788011408048,20.327632425838875,34891000
2015-10-02,20.940929412841797,20.954048541557935,19.84550718722386,19.881584165638746,39859600
2015-10-05,21.57392120361328,21.646075187928066,21.183635107848165,21.203315059527863,47614000
2015-10-06,22.052751541137695,22.216736908789084,21.53455968104509,21.649348937957434,54932800
2015-10-07,22.331527709960938,22.610304856020672,21.87564855654278,22.334808118161888,80006200
2015-10-08,22.757896423339844,22.849727858329747,22.15115086882604,22.288898021310896,54143400
2015-10-09,22.610301971435547,22.833322158499804,22.469274463406414,22.807083900676247,51971400
2015-10-12,22.31841468811035,22.64966340560318,22.115071884503706,22.64638549909085,43492400
2015-10-13,22.085548400878906,22.41679954845519,22.023235661870938,22.147863642105044,41675600
2015-10-14,22.275774002075195,22.3577666942226,21.987160626514942,22.03635674224706,30353400
2015-10-15,22.675901412963867,22.685740136826322,22.098672091585783,22.174106478229092,39016400
2015-10-16,22.705419540405273,22.813648002506664,22.39384577968572,22.754613158533804,40062400
2015-10-19,22.256099700927734,22.492239088028093,22.13803000737755,22.47911995516488,39000400
2015-10-20,22.31841468811035,22.42336524753536,22.092114027823822,22.210183719954298,27513000
2015-10-21,22.042911529541016,22.328246953355894,22.01995367950198,22.22001601650701,29324200
2015-10-22,22.43975830078125,22.49551272821179,22.154425347331852,22.164264069558623,37481400
2015-10-23,22.38728141784668,22.597182472562658,22.190499491827694,22.33480490305871,31262000
2015-10-26,21.839574813842773,22.344650156351964,21.833016498685968,22.344650156351964,23672200
2015-10-27,21.577199935913086,21.649353914621056,21.3541796845515,21.537842537830908,42214600
2015-10-28,22.056032180786133,22.203618012335355,21.554237350856983,21.728061442038385,39513000
2015-10-29,22.167539596557617,22.37416275001889,21.94124150297251,21.97403807428157,19507200
2015-10-30,22.311847686767578,22.551267413402766,22.02323435389463,22.28560942862876,28514400
2015-11-02,22.83332633972168,22.951396019330527,22.14458570793057,22.177384787325153,30773800
2015-11-03,23.417110443115234,23.590934528329193,22.98418918291927,22.99402790438903,42654400
2015-11-04,23.207210540771484,23.505662616589994,23.033386446846016,23.440069468692222,35437600
2015-11-05,23.010427474975586,23.348236924422977,22.905474439897947,23.092420156966433,32467000
2015-11-06,22.892358779907227,22.984190187261852,22.554546813969587,22.807085686412993,27522400
2015-11-09,22.666059494018555,23.092422484227164,22.57094767305761,22.8398835970023,25374000
2015-11-10,22.715253829956055,22.915316178688148,22.485672813890343,22.570945905698643,25370800
2015-11-11,22.23314094543457,22.744774595328863,22.18066441610252,22.711978015605652,28739400
2015-11-12,21.728059768676758,22.075707924265835,21.688702382259553,21.921561288570913,38623000
2015-11-13,21.63951301574707,21.836294981942704,21.383693707252444,21.655910053302605,35559200
2015-11-16,22.361045837402344,22.384003689815987,21.593592981169447,21.609992519558443,34726200
2015-11-17,22.115066528320312,22.39384114969186,22.033073845433496,22.302009745213525,30457800
2015-11-18,22.479122161865234,22.508638337040914,22.059319877906784,22.26922101988601,41903000
2015-11-19,22.177383422851562,22.469277195531642,21.993718097972085,22.347927115005763,37825000
2015-11-20,21.941247940063477,22.285615793165732,21.918290083189994,22.183945641614407,28428000
2015-11-23,22.09866714477539,22.223297625051003,21.780537634821954,21.921562648240148,32814600
2015-11-24,22.570951461791992,22.672621614063438,22.16098794170552,22.203623246995765,37886200
2015-11-25,22.38728141784668,22.574224622897407,22.249531817637237,22.38072060238921,22201200
2015-11-27,22.226579666137695,22.318413590559842,22.14786737599444,22.20690221915653,16752800
2015-11-30,22.30857276916504,22.525034698755316,22.22658006896605,22.31841399505257,35210600
2015-12-01,22.485673904418945,22.505353851001857,22.272494917886466,22.328249345065167,27594000
2015-12-02,21.790380477905273,22.42336421401128,21.718226502460247,22.338091106465466,50856200
2015-12-03,21.35417366027832,21.9674798040562,21.249223130552384,21.895325845703745,48438400
2015-12-04,21.21969985961914,21.344330306896,20.819576521040503,21.15410673110734,65678600
2015-12-07,20.41290283203125,20.724474086405156,20.121007773538814,20.69495666480971,65600800
2015-12-08,20.202999114990234,20.478494614335975,19.760239071913855,19.96358060084953,54673800
2015-12-09,20.468650817871094,20.901572030803507,20.180036258879852,20.294826751634126,57513800
2015-12-10,20.599842071533203,20.90485495155593,20.3374644857565,20.47849200022331,77829800
2015-12-11,19.829111099243164,20.321067220633573,19.809433655097383,20.245634098820137,58008000
2015-12-14,19.934066772460938,20.039017338632487,19.520824074549154,19.73400436472473,78233200
2015-12-15,20.43585968017578,20.530970255197555,20.1898815960427,20.216118607773428,58140600
2015-12-16,20.30138397216797,20.5703198082152,20.084923390688278,20.357138382785898,57502400
2015-12-17,19.80287742614746,20.35386847501736,19.80287742614746,20.314511077877135,58149600
2015-12-18,19.456045150756836,19.836627002153058,19.449426171283694,19.823390305648026,54278400
2015-12-21,19.475906372070312,19.63144927787341,19.26410401838875,19.459359549896742,48030000
2015-12-22,19.70425796508789,19.83001483092999,19.449432848868344,19.545406190517593,50583000
2015-12-23,20.56138801574707,20.574624711313366,20.03188105741932,20.101379705737877,60421000
2015-12-24,20.376066207885742,20.6143444702785,20.30325868050095,20.587868546705295,14430600
2015-12-28,20.005413055419922,20.127861051598558,19.902820740413098,20.021959877210293,25107800
2015-12-29,20.144407272338867,20.409160200410078,20.035197241827667,20.349591896230407,30212600
2015-12-30,19.873037338256836,20.151028255968924,19.853181655704187,19.866418356592064,30102400
2015-12-31,19.96238899230957,20.068290159713747,19.717493016102978,19.78037143973624,38404800
2016-01-04,19.955772399902344,20.114624170020413,19.624830896545948,19.909440791423112,43617400
2016-01-05,20.031885147094727,20.05505094711668,19.720800645056016,19.942530805963717,31058400
2016-01-06,19.26078987121582,19.59835025314008,19.098628028573682,19.558636375896334,53924200
2016-01-07,18.790861129760742,19.32036837637674,18.711435863355547,18.886834483905385,56163800
2016-01-08,18.549266815185547,18.99272837987915,18.47976941818554,18.94970564068999,38454200
2016-01-11,18.152137756347656,18.64854992393173,17.923788613737898,18.62538412377312,56889400
2016-01-12,18.195159912109375,18.49300770805068,17.69212878032038,18.43343814886242,71188200
2016-01-13,17.758317947387695,18.549267801583163,17.566372565117515,18.416891980606835,67916800
2016-01-14,18.522790908813477,18.68495149088277,17.659033636649347,17.940333326940078,76148600
2016-01-15,17.98666000366211,18.158749639322306,17.645790852465698,17.748383114813393,73760400
2016-01-19,17.599472045898438,18.208404559326194,17.318172228325956,18.12235904781429,71744600
2016-01-20,17.132844924926758,17.390978940943004,16.52391239648591,17.251984089993297,102614800
2016-01-21,17.665653228759766,17.880764392781103,17.000460272273983,17.112980404779766,87341400
2016-01-22,18.44668197631836,18.572438852432406,18.019767087166404,18.31099599555399,77245000
2016-01-25,17.586227416992188,18.559196030747092,17.572989456784594,18.095877523012245,58240000
2016-01-26,18.251428604125977,18.27459441368258,17.672280840327044,17.903938935893066,50709800
2016-01-27,18.165380477905273,18.671720617561018,17.937031275449925,18.12566784757429,72989000
2016-01-28,18.71805191040039,18.92654414884747,18.34408765760288,18.853737876467925,76343800
2016-01-29,19.264101028442383,19.283957969433672,18.694882606880956,18.75114204602749,62996400
2016-02-01,18.94308853149414,19.085392188875595,18.661787550765553,18.94308853149414,55370200
2016-02-02,18.31099510192871,18.56581896408476,18.21833061688479,18.47977472344582,50462400
2016-02-03,18.96293830871582,18.97948512303495,17.907235900886715,18.575737551395903,72881400
2016-02-04,18.953014373779297,19.360072149532936,18.863660043134654,19.002654826954362,74112200
2016-02-05,18.512863159179688,18.77761731341106,18.35732154537633,18.698190814653376,60482000
2016-02-08,18.416893005371094,18.532722012975594,17.87083908394075,18.14552110546213,69613400
2016-02-09,17.973426818847656,18.363937748602943,17.68550690902459,18.14220636732913,74822600
2016-02-10,17.900625228881836,18.30768310973147,17.70867855887839,17.92048217274338,60431600
2016-02-11,17.824504852294922,17.960190782239618,17.331401587408315,17.58953675012458,95973800
2016-02-12,18.29444122314453,18.373867719112745,17.90724036920795,18.06940095741613,51564000
2016-02-16,18.476455688476562,18.658473173680953,18.208392747577786,18.60221248919754,67600400
2016-02-17,19.08208465576172,19.164820021293544,18.625385084542447,18.698192610191725,58560000
2016-02-18,18.84380531311035,19.274030199035845,18.75114211303602,19.24424541866318,57664600
2016-02-19,18.80078887939453,18.807407861524723,18.433443577040247,18.592295360839604,50257600
2016-02-22,19.280656814575195,19.3667023364451,19.07547337867635,19.15820877762095,49416600
2016-02-23,18.622072219848633,19.187981695375058,18.588977323289612,19.095318509892245,42910000
2016-02-24,18.810710906982422,18.853733646309475,18.22494442515909,18.274586144570414,50559600
2016-02-25,18.827259063720703,18.87690078665926,18.459913848811464,18.754451540061876,37177800
2016-02-26,18.93977928161621,19.19460435296755,18.87690085976645,19.141653770767366,42310200
2016-02-29,18.72466468811035,19.068842778591815,18.708116608448865,19.015892206022265,45966600
2016-03-01,19.21446418762207,19.244248973496635,18.665101341168004,18.857046757127264,47286000
2016-03-02,19.68439483642578,19.697632795758643,19.002655080078853,19.095319532967597,53590000
2016-03-03,19.98224449157715,20.018648251951184,19.595042350484075,19.604971452139708,48791200
2016-03-04,20.1741886138916,20.46210855758826,19.87965095275851,20.094763380241115,61103200
2016-03-07,20.647436141967773,20.67060194166291,20.068288624706557,20.16426194483864,66721000
2016-03-08,19.78036880493164,20.49189209974881,19.74727390550024,20.47865540241758,59635200
2016-03-09,20.10138511657715,20.35951905500055,19.803537293441302,20.04843453273539,50935200
2016-03-10,20.11793327331543,20.141099076382005,19.75389688059201,20.01534095799089,57247200
2016-03-11,20.63750457763672,20.707001964177547,20.359513769032226,20.38267956454584,49567200
2016-03-14,20.50182342529297,20.574629687059037,20.299948935402238,20.379375440214226,43532200
2016-03-15,20.462108612060547,20.46541747078757,20.074906494049348,20.22052026442376,43439200
2016-03-16,20.81621551513672,20.86254711126093,20.4422513625835,20.584556272074337,53940800
2016-03-17,21.10082244873047,21.2729121228424,20.796356976222512,20.984993467328792,56321600
2016-03-18,21.161489486694336,21.281477960549832,20.964839908870005,21.261480517301386,60948000
2016-03-21,21.088159561157227,21.22814673261339,20.8548463372755,21.07816084075458,33397000
2016-03-22,20.97150421142578,21.161488816453268,20.828184544016455,20.841515748608206,28360200
2016-03-23,20.511539459228516,20.89817225560355,20.471542042343327,20.82151244708875,37747600
2016-03-24,20.61153793334961,20.61153793334961,20.131580199760545,20.228237480316363,31032000
2016-03-28,20.501541137695312,20.67485947727215,20.358221498950925,20.618198372588864,23129800
2016-03-29,20.59819793701172,20.614862891613452,20.151570287830797,20.271559995290527,28733800
2016-03-30,20.638195037841797,20.871508227431455,20.518206596281445,20.78484969661766,31489600
2016-03-31,20.628198623657227,20.788184501733866,20.52487512592602,20.55820504039646,28092800
2016-04-01,20.351558685302734,20.411553554149226,20.201571513186497,20.271565103022457,29609600
2016-04-04,20.20156478881836,20.528202704115103,20.141569939941977,20.314888250978818,31619000
2016-04-05,20.064912796020508,20.20823370160637,19.97825299329414,20.031581613643212,32097600
2016-04-06,20.498214721679688,20.501547205283654,20.078251857553774,20.22823777737766,36437600
2016-04-07,20.378223419189453,20.528210599064018,20.20823879630156,20.33822726170788,27854200
2016-04-08,20.788185119628906,20.90150861223339,20.684861618826577,20.761521441550965,35333000
2016-04-11,20.701528549194336,21.018167862066434,20.701528549194336,20.95483923661908,32471400
2016-04-12,21.31814193725586,21.44146543915887,20.738193188642356,20.78152183059805,55260800
2016-04-13,21.418132781982422,21.48145886315696,21.15815459068015,21.3081417642286,37405800
2016-04-14,21.468122482299805,21.511451108290572,21.341465272173146,21.508117354626982,34871000
2016-04-15,21.17815399169922,21.384803558164396,21.15148903933407,21.348139884389774,28442400
2016-04-18,21.528120040893555,21.581449940880752,20.691528213848528,20.74152308790433,41371600
2016-04-19,21.958086013793945,21.981417212700602,21.551456910407914,21.65144667304646,34682800
2016-04-20,22.15473747253418,22.324723379426242,21.771437014719154,21.841430613342936,42176600
2016-04-21,22.02474594116211,22.27805534591267,21.97808354855492,22.184730560698288,38670200
2016-04-22,22.344715118408203,22.42804117305192,22.061407041201445,22.078070726384556,31529000
2016-04-25,22.094743728637695,22.271394611777332,21.928091568255372,22.26806085655484,34468600
2016-04-26,22.448043823242188,22.45804254525491,22.168069435246064,22.22139680028391,27171400
2016-04-27,22.874683380126953,22.9246795559733,22.548046444698304,22.564710141372995,43924800
2016-04-28,22.534704208374023,22.938002111270656,22.448044377274986,22.7713499591856,31110400
2016-04-29,22.49803924560547,22.804678577617572,22.15473623879737,22.58469907175146,48214800
2016-05-02,22.474706649780273,22.551367749471094,22.198063500035207,22.4580404193967,30132000
2016-05-03,21.944753646850586,22.2113981010431,21.808100207686657,22.17140067004123,32316200
2016-05-04,21.628116607666016,22.111406843023065,21.498128129386256,21.958087164613865,37210800
2016-05-05,21.804767608642578,22.114740722337203,21.624782973957625,21.994750965880566,28704000
2016-05-06,21.75476837158203,22.02141280214213,21.608116223392752,21.664777338441105,25091000
2016-05-09,21.438133239746094,21.67811275118032,21.164823805703804,21.63145035094701,32041600
2016-05-10,21.81476402282715,21.821431532430378,21.538123404129344,21.548122125624346,20702800
2016-05-11,21.881427764892578,22.074744868849166,21.58478714184988,21.761438013671935,28429600
2016-05-12,21.94141960144043,22.24472514958069,21.77809868645526,22.078073022958012,24954400
2016-05-13,21.66144371032715,22.011414209618444,21.614781316142945,21.84476207527207,24743800
2016-05-16,22.028079986572266,22.098076127397157,21.88142782361679,21.94475391149597,27455400
2016-05-17,22.13140869140625,22.30139461687355,21.96142276593895,22.031416372211297,31674600
2016-05-18,21.91808319091797,22.201391230193032,21.778093505248407,22.128063905058745,41166400
2016-05-19,21.92142105102539,21.97141720086455,21.494791985829547,21.6981077970416,33709800
2016-05-20,22.051410675048828,22.098073067196818,21.854759842788305,21.988082053029558,19667000
2016-05-23,21.994747161865234,22.09140570134422,21.84476126368972,21.921419818611543,20545000
2016-05-24,22.1047420501709,22.23473052947687,21.96808860345108,22.108075805332877,22605800
2016-05-25,22.4547061920166,22.488036105397867,22.218060501227416,22.238057940674295,28511000
2016-05-26,22.36138153076172,22.638024676216215,22.291387941473776,22.541366135892,21433600
2016-05-27,22.37471580505371,22.391382036518653,22.158070053468837,22.281391011833783,18517400
2016-05-31,22.288055419921875,22.604693430412475,22.188063130867192,22.428042590270802,30812200
2016-06-01,22.29472541809082,22.361385263900385,22.01475101419852,22.071412137427657,33391400
2016-06-02,22.264724731445312,22.278054663573656,22.04140895319676,22.124735015001708,25700000
2016-06-03,22.178064346313477,22.38138013533551,22.048075896664574,22.264724160382592,24315400
2016-06-06,22.66802406311035,22.688021505533698,22.354717236292476,22.394714664048937,36447600
2016-06-07,23.181310653686523,23.24130551794171,22.734681654695784,22.74134916345165,31236600
2016-06-08,23.127979278564453,23.41795486110128,23.06465066397484,23.321296333589004,36259400
2016-06-09,22.95133399963379,23.067989994517816,22.838009216810754,22.86134041578756,24681200
2016-06-10,22.4547061920166,22.861335203923055,22.42470748993689,22.71468307646361,28980400
2016-06-13,22.388044357299805,22.691352425008358,22.32138452894446,22.344715723159776,23147600
2016-06-14,22.37471580505371,22.48804058461355,22.121406378573877,22.29472348842376,24405000
2016-06-15,22.32139015197754,22.591365830609167,22.164736718679155,22.291391441623972,33659000
2016-06-16,22.21472930908203,22.248059226307294,21.7780990018291,22.081407097271285,39987400
2016-06-17,22.4415283203125,22.48514226964367,22.310683912664704,22.444884027077755,34871800
2016-06-20,22.636117935180664,22.813931995601703,22.615988814273898,22.76360663368056,21826400
2016-06-21,22.904512405395508,22.951484613718264,22.518690656994547,22.585789423763266,22444600
2016-06-22,22.777023315429688,23.0051627018597,22.756894197691516,23.0051627018597,20516400
2016-06-23,23.152782440185547,23.159491292701397,22.927996206271185,23.015226646899837,19077000
2016-06-24,22.404613494873047,22.662949050866448,22.24021976992927,22.260348882470456,53759800
2016-06-27,21.68665313720703,22.119447114092512,21.50883909329794,22.099317995054953,43319400
2016-06-28,22.290552139282227,22.293905285994242,21.965117732437964,22.092606418152073,29100800
2016-06-29,22.713281631469727,22.84748174550003,22.428107988939257,22.428107988939257,32708800
2016-06-30,22.894445419311523,22.907865683173366,22.569011059709297,22.61598326305254,24264600
2016-07-01,23.015226364135742,23.099101097649108,22.8508326031526,22.867608573716765,25357600
2016-07-05,22.552244186401367,22.78709247292046,22.32746046078247,22.706573426064534,30139800
2016-07-06,22.649538040161133,22.666311454245257,22.267069387745764,22.421398619452475,31795000
2016-07-07,22.418041229248047,22.927998540954242,22.26035630270448,22.78373644011671,28195600
2016-07-08,22.716632843017578,22.7971518716408,22.495204874390275,22.619337843589875,23135800
2016-07-11,22.760251998901367,22.944777481417955,22.7401228770466,22.83741789876858,19500800
2016-07-12,23.323884963989258,23.42453566890759,23.05548735029662,23.102456996684175,31049000
2016-07-13,23.122587203979492,23.38427597752064,22.9078680790404,23.25678729697989,25092400
2016-07-14,23.24001121520996,23.36079104237183,23.172912448855087,23.303756835004798,21797200
2016-07-15,23.226591110229492,23.377564598758518,23.13936067525644,23.32388354349707,18259000
2016-07-18,23.24336814880371,23.25343270832302,23.011873041243582,23.159493406604128,18802200
2016-07-19,23.112525939941406,23.22324122442471,23.025295483107204,23.186336129596942,13983800
2016-07-20,23.0789737701416,23.193042187930367,22.827349550091633,23.01858385494345,23110000
2016-07-21,22.850831985473633,23.226591702931707,22.79379778254313,23.01522574201306,18513800
2016-07-22,22.921287536621094,22.95819262488711,22.77366718355701,22.901158419259186,15981200
2016-07-25,22.46501350402832,22.820641637147094,22.381138751149038,22.770318833142984,25543400
2016-07-26,22.59585952758789,22.615991210281702,22.320750420881193,22.334170689458897,24787800
2016-07-27,22.374425888061523,22.790443871096418,22.2771308849966,22.62605010161272,32355800
2016-07-28,22.377779006958008,22.485138568887628,22.220096650103457,22.34758533000305,21727000
2016-07-29,22.60591697692871,22.632757505639667,22.038925525918533,22.0590546426249,33003600
2016-08-01,21.861114501953125,22.42475032429199,21.783948611235367,22.4079769112866,61297000
2016-08-02,22.059051513671875,22.16641105363365,21.663162730127826,22.015437580443237,51200200
2016-08-03,22.48514747619629,22.495214598823146,21.975189994928535,22.06242047344383,47811200
2016-08-04,22.451589584350586,22.605918797386185,22.324100902187414,22.40126422887826,33580400
2016-08-05,22.65624237060547,22.68643860537504,22.424747289435675,22.465008082577203,22853600
2016-08-08,22.958194732666016,23.11252395246835,22.807221219283345,22.813930072468654,43326800
2016-08-09,22.837411880493164,23.05884240116014,22.746828296363564,23.02193731438231,22256800
2016-08-10,22.589141845703125,22.93470530766202,22.542172203863284,22.884379960075478,36073600
2016-08-11,22.921287536621094,23.01858253662662,22.636113948827667,22.68643930188622,34859400
2016-08-12,23.048778533935547,23.11923557110559,22.92128984504764,22.981679762869078,20379400
2016-08-15,23.233299255371094,23.280268897468876,23.112519444361503,23.179618201743047,21406800
2016-08-16,23.270204544067383,23.344014713627015,23.052129741183073,23.193038668713164,20485600
2016-08-17,23.340667724609375,23.35408799314609,23.132657401772,23.15614223179763,29439000
2016-08-18,23.82042121887207,23.82042121887207,23.397691900256742,23.42117672019907,48297000
2016-08-19,23.622486114501953,23.743263401132776,23.53525565670622,23.743263401132776,22091400
2016-08-22,23.350723266601562,23.461438519523515,23.243363719431233,23.417824583366464,28273400
2016-08-23,23.515121459960938,23.575511376642247,23.350727682193924,23.350727682193924,24912400
2016-08-24,23.421184539794922,23.538611238365043,23.360794616973294,23.38427944475647,32905200
2016-08-25,23.35743522644043,23.454730218293484,23.28026935026264,23.384273194122922,23791600
2016-08-26,23.276920318603516,23.578869938578062,23.166207590991434,23.397700166593335,29150200
2016-08-29,23.434602737426758,23.454734416358875,23.182978507834513,23.209819039974654,14788000
2016-08-30,23.354080200195312,23.578863863955345,23.266849763641552,23.48828028112718,14265800
2016-08-31,22.98503303527832,23.256786356869977,22.85754180023728,23.223236974889513,26465600
2016-09-01,22.91792869567871,22.97160974750608,22.7367589852415,22.887735023765895,33337000
2016-09-02,23.176271438598633,23.233305654046063,23.03200676680828,23.142722050668038,21588800
2016-09-06,23.525190353393555,23.545319473920802,23.216529333935373,23.236661014116805,25688200
2016-09-07,23.659381866455078,23.70970721458694,23.52853749710436,23.63254389915115,30189000
2016-09-08,24.102245330810547,24.135797276305855,23.696291874927166,23.81036285837227,36010600
2016-09-09,23.384275436401367,23.95126947238936,23.384275436401367,23.877459294964435,43543600
2016-09-12,23.615768432617188,23.73654824684338,23.176265672860193,23.219879610354365,43945800
2016-09-13,22.941421508789062,23.36750668724427,22.874322730280905,23.35744212643348,49160800
2016-09-14,22.66966438293457,23.189688789247622,22.612630174660055,22.914579747369118,52940400
2016-09-15,22.951486587524414,23.11923607852639,22.72334717737556,22.760249710514227,32954800
2016-09-16,22.76618003845215,22.85056173255334,22.617670007919006,22.617670007919006,34788800
2016-09-19,22.752687454223633,23.015957999779072,22.749311464501588,22.951827070688413,23595000
2016-09-20,22.587291717529297,22.880940946007897,22.570416923441442,22.72567893472467,28265800
2016-09-21,23.110464096069336,23.12058948966516,22.756059869462213,22.783062635801436,40521800
2016-09-22,23.13745880126953,23.444606792209242,23.117205446008658,23.360225108142068,26631800
2016-09-23,22.830312728881836,23.235343862076462,22.69867748183733,23.026078892480136,46150400
2016-09-26,22.72905158996582,23.02945278615473,22.685174036651663,22.907942942227166,26480400
2016-09-27,22.57716941833496,22.637924350647527,22.324024296220163,22.502913103827897,38820400
2016-09-28,23.552621841430664,23.586374009485915,22.516414573869703,22.708804764422542,82286800
2016-09-29,23.512121200561523,23.7787651413411,23.299477640657575,23.53574797664802,54003200
2016-09-30,23.832767486572266,23.95765332926393,23.525616863381327,23.677505468026613,29429000
2016-10-03,23.81589126586914,23.91039836214239,23.61675168088268,23.873272781570964,26309800
2016-10-04,23.572872161865234,23.89352418987325,23.47836506312613,23.836145247799553,23705600
2016-10-05,23.93402862548828,24.045410521707243,23.788891986346556,23.81251876131729,26702400
2016-10-06,23.971155166625977,24.08253964242706,23.755138193928666,24.004909910899354,22351600
2016-10-07,23.832767486572266,24.07578719390463,23.761887167787844,23.974528124141106,23488800
2016-10-10,24.207416534423828,24.29517420180315,23.832761672866347,23.832761672866347,23069000
2016-10-11,23.930641174316406,24.163532823160242,23.799005980366903,24.123031271252152,27424400
2016-10-12,23.829397201538086,23.913778921497588,23.626881588660428,23.829397201538086,20878200
2016-10-13,23.6977596282959,23.819269499274345,23.387235546962305,23.680884831014463,27086800
2016-10-14,23.559370040893555,23.896896817553202,23.542492672010592,23.819264525866508,22744800
2016-10-17,23.444612503051758,23.640378675803944,23.31635323907201,23.56612236371689,14850000
2016-10-18,23.539119720458984,23.728136490862163,23.434487230233756,23.6775069528055,13890200
2016-10-19,23.873271942138672,24.05553414989967,23.697756562266758,23.721383335504306,28631800
2016-10-20,23.846261978149414,23.944145030608162,23.59986635297748,23.731501560564396,24989000
2016-10-21,23.691007614135742,23.73150918324911,23.552620385997866,23.69100761413574,28477000
2016-10-24,23.620128631591797,23.77201467462456,23.360231531135305,23.691008956682108,21336800
2016-10-25,23.512121200561523,23.866522841859005,23.471617052216615,23.61337770873561,26454200
2016-10-26,23.56612777709961,23.66401088596046,23.26235305565659,23.302857210224275,35735600
2016-10-27,23.478363037109375,23.701131957878424,23.47161363426414,23.667379793402077,28412600
2016-10-28,23.414234161376953,23.77201173186472,23.265721550929186,23.437860933482277,37116800
2016-10-31,23.161087036132812,23.4547336671976,23.12058289817138,23.329850414951583,25947600
2016-11-01,23.164472579956055,23.414244365493495,22.911327379165566,23.33323604714971,37649600
2016-11-02,22.90794563293457,23.026079501982924,22.6142963797642,22.9450737882248,45966000
2016-11-03,22.999073028564453,23.03957716647156,22.783056109976144,22.90794193717946,25496200
2016-11-04,22.87418556213379,23.107079831941412,22.73580094066993,22.884313527228365,35108200
2016-11-07,23.366979598999023,23.38047840379243,23.134085301876553,23.134085301876553,29599000
2016-11-08,23.397356033325195,23.528991270090284,23.21846725388161,23.252219416491258,22417400
2016-11-09,23.77876091003418,23.954276279837945,23.204966407108408,23.478362278192158,51987600
2016-11-10,23.880016326904297,24.058905083128305,23.680876790768014,23.761882485541705,41269600
2016-11-11,23.444612503051758,23.785515310758115,23.252222319519507,23.738261762180038,35319400
2016-11-14,23.57624626159668,23.599873034387862,23.2319700616216,23.36022931747014,25144000
2016-11-15,24.24117660522461,24.2546779873158,23.76188912905132,23.78213991462544,38457400
2016-11-16,24.072410583496094,24.349182448563596,23.998154277602975,24.187171031274108,33218200
2016-11-17,23.910400390625,24.43356802882541,23.84964803083122,24.27493000014043,20676000
2016-11-18,24.008281707763672,24.143292950385007,23.873273040267605,23.994780325989012,23924600
2016-11-21,24.578702926635742,24.605705690262777,24.345808596821797,24.345808596821797,33750800
2016-11-22,24.565196990966797,24.70695761104147,24.268174371506802,24.58544777237038,32026400
2016-11-23,24.66645622253418,24.744085935212997,24.420060554842042,24.44706331365416,22924000
2016-11-25,24.54494857788086,24.615828894757367,24.423438727485408,24.561823372303813,17583600
2016-11-28,24.20404815673828,24.669834245210392,24.160170596814375,24.66308484180875,37580200
2016-11-29,23.907020568847656,24.052157175860152,23.65049951514829,23.836140259626404,36723400
2016-11-30,25.122116088867188,25.355010370252863,24.737335800131998,24.737335800131998,89709600
2016-12-01,25.182878494262695,25.67229139690203,25.162627707295012,25.58790968436935,54764800
2016-12-02,25.257125854492188,25.375259695110216,25.098487879180293,25.16936818355111,36677600
2016-12-05,25.479896545410156,25.685788092426005,25.378640053924922,25.486648523250857,45070200
2016-12-06,25.43265151977539,25.533910620302727,25.172756938606547,25.324643014271654,33927000
2016-12-07,25.63515853881836,25.672286691537717,25.375264044907887,25.375264044907887,32016600
2016-12-08,25.77353858947754,25.807290743891475,25.503516203917414,25.70265829267098,29200400
2016-12-09,25.85455322265625,25.90855874850785,25.706043176814763,25.90855874850785,17949600
2016-12-12,25.976062774658203,26.478976996381377,25.868054299352718,26.428350035398477,32260400
2016-12-13,26.269712448120117,26.45872663917513,25.93218563545032,26.17182936343085,32057200
2016-12-14,25.743160247802734,26.249450297249254,25.672279949895145,26.144817844403434,39702800
2016-12-15,25.80055809020996,25.895065213963317,25.490031372715517,25.6351680485156,40503600
2016-12-16,25.960702896118164,25.98445457863563,25.828371723700954,25.98445457863563,35729800
2016-12-19,25.841943740844727,25.98105999480911,25.791046540130278,25.933556631139403,14226400
2016-12-20,25.784265518188477,26.00821222361296,25.71301045430064,25.97428161062921,17964200
2016-12-21,25.82497787475586,25.943736287288917,25.696040539539855,25.838550634579526,16205400
2016-12-22,25.930164337158203,25.998028138395657,25.791048074915224,25.841945278658486,21940800
2016-12-23,25.90641212463379,25.96070316451457,25.84872983631491,25.889448116225495,12796200
2016-12-27,25.964099884033203,26.052321548059655,25.923384184282387,25.9471358720503,20017800
2016-12-28,25.682472229003906,26.031962441607316,25.662111791371494,26.021783517160955,16187400
2016-12-29,25.631567001342773,25.719788633517968,25.539951532500375,25.64513975927272,13394800
2016-12-30,25.556926727294922,25.750334062587356,25.475492741050672,25.607823939474983,17706600
2017-01-03,25.8453369140625,26.062495903794524,25.570495633969642,25.82497906775617,49246200
2017-01-04,25.791048049926758,25.91320030329651,25.706220240016616,25.865696936845975,22371000
2017-01-05,25.726577758789062,25.903018462112758,25.604425506972934,25.808011730420056,22282400
2017-01-06,25.750333786010742,25.83855544692597,25.580678139725922,25.80801608445005,14821000
2017-01-09,25.377086639404297,25.6044245371638,25.33976219783313,25.58067285514026,21921800
2017-01-10,25.146358489990234,25.414414704612586,25.12600064213573,25.356732409865124,19321600
2017-01-11,25.417810440063477,25.465313814430665,25.129393767311594,25.234582029473007,26254000
2017-01-12,25.312618255615234,25.587462123282712,25.210826435775612,25.560316602496407,21791200
2017-01-13,25.23796272277832,25.332972020514855,25.173495363809003,25.278680993236836,19813400
2017-01-17,25.394052505493164,25.455128633557113,25.295654521866208,25.31601236830773,19566000
2017-01-18,25.33637046813965,25.4042342715224,25.22439713411266,25.25493649281975,17450400
2017-01-19,25.1972599029541,25.346555126698803,25.136183760459453,25.336376201073026,18001800
2017-01-20,25.29225730895996,25.44494631437178,25.207429508455828,25.36011851386765,18364400
2017-01-23,25.024213790893555,25.227800097206995,24.902061489357425,25.176902873443552,30414000
2017-01-24,25.299053192138672,25.40763271957849,25.07510904936786,25.12261243082652,23714400
2017-01-25,25.431386947631836,25.509429704237576,25.299055716259822,25.305843393568352,18820600
2017-01-26,25.45173454284668,25.55352635242685,25.397443506745986,25.512810664090416,17303400
2017-01-27,25.187074661254883,25.322797087217257,25.112425773731974,25.295654155268384,19901800
2017-01-30,24.725601196289062,25.085270139818206,24.55255180759144,25.071697384946013,26572800
2017-01-31,24.735794067382812,24.77650976622663,24.474522919016138,24.739187905199717,28014800
2017-02-01,24.552560806274414,24.902050958924537,24.39987178829265,24.868120353677394,36848600
2017-02-02,24.691680908203125,24.73579303175673,24.396481748985693,24.593282914290413,25760200
2017-02-03,24.905445098876953,25.03438243587944,24.644173998944957,24.790077933146918,23657200
2017-02-06,24.695072174072266,24.990273891286307,24.62381712275978,24.905446079427726,21043400
2017-02-07,24.3455867767334,24.701864691888865,24.21664940937441,24.586497498997236,28315600
2017-02-08,24.403263092041016,24.457554131550957,23.97233896807266,24.34558080411614,32296800
2017-02-09,24.678104400634766,24.752750689142964,24.54916448948455,24.54916448948455,18523200
2017-02-10,24.864728927612305,25.00384778797667,24.790080035586495,24.87490785129955,20810800
2017-02-13,24.912235260009766,24.92241418490755,24.766331296082047,24.813834671431557,15969800
2017-02-14,24.993667602539062,25.00384652571245,24.68149928903214,24.983486090626315,21543400
2017-02-15,24.89527130126953,25.027602502702933,24.81383472443374,24.919022988995017,17853200
2017-02-16,24.555957794189453,24.95295136287157,24.518633347006734,24.9190207532708,22750800
2017-02-17,24.420230865478516,24.50166483992713,24.3421881396082,24.43040978869217,23290000
2017-02-21,24.586490631103516,24.71882179948442,24.54916618989463,24.650960591144166,23605000
2017-02-22,24.2132511138916,24.498271322553773,24.196284515821013,24.471128389876,23078800
2017-02-23,24.315046310424805,24.525417636356266,24.162354689074448,24.48470194165443,34780200
2017-02-24,24.08769989013672,24.230212552863403,23.96554765850748,24.138597084772044,27995200
2017-02-27,24.2946834564209,24.399871697657325,24.070739391630227,24.111455082279857,47372800
2017-02-28,24.220035552978516,24.335402721550462,24.15217433998749,24.223429390249866,28036800
2017-03-01,24.70525360107422,24.81722694537304,24.427018453529637,24.443985053116602,37995200
2017-03-02,24.471128463745117,24.705251467641656,24.460946951628387,24.583099209635023,21540600
2017-03-03,24.427019119262695,24.60346244031319,24.372730658836186,24.511846942030125,22333000
2017-03-06,24.481304168701172,24.5152347717447,24.291288131927086,24.386297444683667,16749400
2017-03-07,24.26415252685547,24.576318311065492,24.233613162780657,24.569533223904344,22923600
2017-03-08,23.633028030395508,24.308256663052727,23.622849107545992,24.165746565680923,51132400
2017-03-09,23.789113998413086,23.802686760233605,23.375153823475863,23.51427269058149,55541400
2017-03-10,23.75518798828125,23.97234704198189,23.616069094236085,23.94180767478705,34958600
2017-03-13,23.75857162475586,23.873938791232945,23.67713765289746,23.73142869329592,26157600
2017-03-14,23.490520477294922,23.578739544038648,23.28354039447234,23.575348295214354,52769600
2017-03-15,24.013057708740234,24.0673487551454,23.575348443611567,23.69071303411318,46410000
2017-03-16,23.843400955200195,24.063953790598,23.775539739111387,24.063953790598,32555000
2017-03-17,23.825992584228516,23.993251681048378,23.825992584228516,23.942049172639265,28487800
2017-03-20,23.791858673095703,23.84306118759667,23.60411959228292,23.74748454947117,24437400
2017-03-21,23.624595642089844,23.921568093576543,23.53584480527756,23.904499723481536,33434400
2017-03-22,23.59046173095703,23.699692529510056,23.4573367766039,23.552913399804336,24839200
2017-03-23,23.494888305664062,23.696281559924255,23.4709941466117,23.5221966600862,23600800
2017-03-24,23.40272331237793,23.580225012246828,23.358349189544718,23.529022498658954,20885000
2017-03-27,23.293498992919922,23.358355701831083,23.163788179366346,23.180856556743624,22982600
2017-03-28,23.624595642089844,23.682623933584644,23.27300909398087,23.327623190603145,55845200
2017-03-29,23.94887924194336,23.98983916812846,23.556330122305862,23.621184206854917,37150400
2017-03-30,23.94205093383789,24.157098359853936,23.88060844008074,24.099070061379948,31824600
2017-03-31,23.860124588012695,24.010315300509205,23.75089379516636,23.863538782739386,39722400
2017-04-03,23.81916618347168,23.91474281820817,23.580224596630458,23.89767705015835,26266600
2017-04-04,23.993249893188477,24.013729853318953,23.641663354854973,23.870364923870497,25948000
2017-04-05,23.918153762817383,24.402865261257162,23.884019627088936,24.19464364776572,45467400
2017-04-06,24.109304428100586,24.177575296524324,23.948873746906315,24.01372781657469,26249400
2017-04-07,24.01714515686035,24.187818443873702,23.979596825376,24.12296176144297,25160600
2017-04-10,24.198060989379883,24.30729180047607,24.099070159907097,24.15027267229205,21641800
2017-04-11,24.20147705078125,24.24585117599352,23.942052877823894,24.235611193580546,27783000
2017-04-12,24.099069595336914,24.378973704980307,24.023972926167335,24.22536877569192,22907200
2017-04-13,23.65873146057129,24.095654681693077,23.60411736006498,24.078588914652027,35312000
2017-04-17,23.70993423461914,23.73382839215731,23.593877642081694,23.651905938350417,16024400
2017-04-18,23.48805809020996,23.761136404680645,23.44026977581776,23.604117285353738,29500600
2017-04-19,23.143299102783203,23.590462288001746,23.081856614379546,23.546088170258777,36250800
2017-04-20,23.255943298339844,23.426616601113043,23.187675018937732,23.211569177155265,32470800
2017-04-21,23.139883041381836,23.255939618856896,23.023823859639265,23.156948806398308,28232200
2017-04-24,23.276426315307617,23.372002950024417,23.20474383927002,23.310560455668192,26701400
2017-04-25,23.47440528869629,23.52902199649585,23.262772056642913,23.334454532428857,31182000
2017-04-26,23.395893096923828,23.713345495951593,23.354930572954352,23.36517055287984,37475200
2017-04-27,23.139883041381836,23.238873853840424,22.907767282164205,23.21497969940335,41095400
2017-04-28,23.156949996948242,23.378825787709612,23.122815860892874,23.337865866150228,28852000
2017-05-01,23.09210205078125,23.214987056621222,23.04089953096987,23.15013035790892,18838800
2017-05-02,22.976041793823242,23.21498600738748,22.880465150104836,23.13988932896067,32871200
2017-05-03,23.040895462036133,23.15012626968544,22.85998218101708,22.92483886827594,33869600
2017-05-04,22.617626190185547,22.90777027606065,22.47084704966974,22.880461923344253,67889000
2017-05-05,22.976041793823242,23.013590133036647,22.621040971249005,22.631283558163027,37487600
2017-05-08,23.139883041381836,23.180845565102892,22.95214139632805,22.972623960322334,37897400
2017-05-09,22.948734283447266,23.187675874438238,22.880463397258403,23.187675874438238,21439400
2017-05-10,23.25252914428711,23.361759941850995,23.061373295349583,23.081855860326815,36518400
2017-05-11,23.204742431640625,23.37541572735821,23.17060568908285,23.334453198849573,23937400
2017-05-12,23.12623405456543,23.232050675914255,23.057965770650338,23.187676551796255,21417200
2017-05-15,23.30714988708496,23.508545773806322,23.232053204045418,23.47099743228655,26413800
2017-05-16,23.191085815429688,23.416373187854106,23.10916076703213,23.416373187854106,23386800
2017-05-17,22.962383270263672,23.252529946419347,22.95214328955563,23.054548305171483,31213600
2017-05-18,22.955556869506836,23.068201862812668,22.77464360379801,22.85998024643558,28230000
2017-05-19,23.23887825012207,23.286666568036708,23.013588233437638,23.068204942064654,31249000
2017-05-22,23.18767547607422,23.375417154533167,23.10575301832303,23.36176297752997,20678400
2017-05-23,23.242290496826172,23.27301304736249,23.119408107485146,23.249118887731168,18173600
2017-05-24,23.11940574645996,23.2866648467982,23.01358653238377,23.21498237522467,26961400
2017-05-25,22.69955062866211,23.290081437511276,22.617628167618392,23.061377218850936,46658400
2017-05-26,22.737102508544922,22.757582475929826,22.59032333232663,22.699554165493602,26398200
2017-05-30,22.433300018310547,22.61762750344716,22.423060036514293,22.61762750344716,29058200
2017-05-31,22.337717056274414,22.405985318427252,22.221657885493865,22.255792016570286,32186000
2017-06-01,22.47767448425293,22.559596944142548,22.276281227801775,22.347963705738696,35967400
2017-06-02,22.218250274658203,22.38209779834931,22.12267363761674,22.375272011818364,33085000
2017-06-05,22.25921058654785,22.341133038088564,22.143153997220825,22.149979783070975,25105000
2017-06-06,22.522043228149414,22.55958894724412,22.194348296215793,22.245550792097116,29670600
2017-06-07,22.20459747314453,22.5391156842827,22.050989939882076,22.429884875954414,45884200
2017-06-08,22.13973617553711,22.303581051779737,22.09194786961073,22.098773654342775,39138600
2017-06-09,22.672237396240234,22.747334054487,22.187525916624338,22.19094011134488,46368400
2017-06-12,22.832670211791992,23.05796018178787,22.78488190378089,22.873632734773278,45848800
2017-06-13,23.00334930419922,23.034071855274686,22.79171345498774,22.900944272971827,31615800
2017-06-14,22.58690071105957,22.941901437498334,22.41281584468738,22.941901437498334,60560400
2017-06-15,22.416227340698242,22.597140595735144,22.317236528565928,22.484498213341652,38517800
2017-06-16,22.787084579467773,22.79739505744143,22.40558116126135,22.549933097286257,49242000
2017-06-19,22.64272689819336,22.783643736921977,22.58429911627019,22.73552643155037,31356800
2017-06-20,22.354019165039062,22.415884635748977,22.103119583216632,22.38151551250925,32126800
2017-06-21,21.993139266967773,22.415885798006126,21.872844707195476,22.28527945184884,54611000
2017-06-22,21.979393005371094,22.168425831638295,21.89003117478051,22.003450346101552,30863200
2017-06-23,22.127180099487305,22.151238750005536,21.920962720445864,21.98282819637792,29111000
2017-06-26,22.079063415527344,22.23716349795098,21.989702898404726,22.19592159430779,27206800
2017-06-27,22.044694900512695,22.25778768997235,22.041257201048207,22.158115383073305,28455000
2017-06-28,22.16498565673828,22.29902707655589,22.058440585138666,22.072188759247666,33719800
2017-06-29,22.213109970092773,22.45713423765101,22.16499265661351,22.230295848705474,38044800
2017-06-30,22.31277847290039,22.41588848251016,22.16842655720389,22.374643954226958,39286400
2017-07-03,22.742395401000977,22.84894309265408,22.367767497299663,22.391826145957584,36805600
2017-07-05,22.281845092773438,22.649600248966685,22.19592096635262,22.628976675532247,41976400
2017-07-06,22.034381866455078,22.384951127441774,21.986264568323495,22.319650578375242,41367200
2017-07-07,22.00001335144043,22.030944777297293,21.752551455800898,21.96220652726238,32073400
2017-07-10,22.072195053100586,22.123750065161136,21.92096771697546,21.969085028979485,28307600
2017-07-11,22.192487716674805,22.2715390825981,21.972522118710106,22.110001272987233,23799600
2017-07-12,22.254348754882812,22.467441532510946,22.158114152791473,22.412448832918045,29637200
2017-07-13,22.343711853027344,22.360895105981477,22.14780493841477,22.27153589734865,20113600
2017-07-14,22.477752685546875,22.518994589288216,22.336835855240437,22.35745942930743,20545000
2017-07-17,22.450258255004883,22.604920651655224,22.4158891248822,22.436510078516502,24429800
2017-07-18,22.343711853027344,22.570550196275192,22.25091232272874,22.56367741953282,29913600
2017-07-19,22.67021942138672,22.690840371006896,22.30246429404937,22.31965016686354,49605400
2017-07-20,22.60148048400879,22.87987378415993,22.539615014842315,22.79738736600329,34318600
2017-07-21,22.378074645996094,22.632409268605194,22.34714060392172,22.525864214984285,26095200
2017-07-24,22.336835861206055,22.460566816855764,22.285280859319286,22.42619768966336,20866800
2017-07-25,22.618669509887695,22.780207310749375,22.553368947345355,22.604921332984933,30958600
2017-07-26,22.64272689819336,22.903937000350993,22.58086141668751,22.745836908101932,42422800
2017-07-27,22.873003005981445,22.88331348137691,22.546489759346713,22.649599757693718,31631800
2017-07-28,22.84551429748535,23.072352698640284,22.75959014419088,22.797396981416213,29530000
2017-07-31,22.89706039428711,23.027664112426717,22.790512702613917,22.85237817377395,27039000
2017-08-01,22.893630981445312,23.024234746855903,22.7939586517121,22.910816860508515,25337400
2017-08-02,22.807703018188477,22.900499931906495,22.57398926185817,22.77676896548477,30237000
2017-08-03,22.488059997558594,22.80769781756463,22.38838770721306,22.76989099632336,30655600
2017-08-04,22.560239791870117,22.622105271533965,22.446819308786992,22.498374312206266,18742000
2017-08-07,22.38839340209961,22.50525159444194,22.319655139919384,22.46400706381583,22874600
2017-08-08,22.336835861206055,22.532742770618707,22.271535306199382,22.323087685889828,20858200
2017-08-09,22.357460021972656,22.49837423381821,22.27497096791066,22.371205575453263,20875800
2017-08-10,22.12030792236328,22.433070387572826,22.08250109592529,22.39526618333115,30524200
2017-08-11,21.975950241088867,22.175293497597426,21.955329293472953,22.051565189706157,31981800
2017-08-14,21.91065216064453,22.113431839633954,21.883155810958982,22.017197237930755,22813400
2017-08-15,21.82816505432129,21.945021921670104,21.700997711091098,21.945021921670104,25451200
2017-08-16,21.618507385253906,21.896900672657758,21.573826479324456,21.835035206324033,33166600
2017-08-17,21.312620162963867,21.615073461067404,21.305747386480327,21.53258703228344,29593800
2017-08-18,21.419170379638672,21.56352362244162,21.243885703840498,21.25763257036114,37265400
2017-08-21,21.309185028076172,21.39854554969779,21.240445459314348,21.388235073267893,20750400
2017-08-22,21.45009422302246,21.498211513624394,21.35385964181859,21.367606502634974,30343600
2017-08-23,21.54290008544922,21.652882877718017,21.38479998545011,21.405420939564067,23052000
2017-08-24,21.5566463470459,21.608200038848786,21.4604104290371,21.467284516830457,20781000
2017-08-25,21.65287971496582,21.738803840818857,21.59101423946378,21.5978883268638,16440400
2017-08-28,21.5566463470459,21.73536869637859,21.43978947675522,21.66319143009745,19912000
2017-08-29,21.529150009155273,21.556646360345663,21.371049923105108,21.453536354479894,17454200
2017-08-30,21.539461135864258,21.6047643163647,21.384798744590675,21.446664225539397,17328800
2017-08-31,21.642566680908203,21.69755806250934,21.56007895295752,21.632254895478145,20667400
2017-09-01,21.85222816467285,21.92440412843678,21.621950785061486,21.676942182848055,23191000
2017-09-05,21.972518920898438,22.07906400441351,21.817855222620537,21.941586181242858,36229600
2017-09-06,22.3299617767334,22.391827250934664,22.07218940459416,22.082499879928342,34104200
2017-09-07,22.371206283569336,22.42619898801802,22.22341929030557,22.34027485396431,17280600
2017-09-08,22.13405990600586,22.336839626157687,22.030949884852774,22.32309144852416,20529400
2017-09-11,22.343711853027344,22.374643281662618,22.168425890838286,22.219980894093467,27102200
2017-09-12,22.4811954498291,22.52931276316548,22.35058906603301,22.409016857627623,18819400
2017-09-13,22.763019561767578,22.77676511375969,22.50524719567969,22.529305844960046,31786600
2017-09-14,22.873003005981445,23.02766538130577,22.804262133018046,22.80769983221526,29166800
2017-09-15,22.926977157592773,22.926977157592777,22.773761003802584,22.920013873809175,26136200
2017-09-18,23.024478912353516,23.038408134945417,22.85733089797828,22.874743090400045,25167000
2017-09-19,23.11850357055664,23.1533253072982,23.027964929646007,23.073235578465432,21008600
2017-09-20,23.27520179748535,23.337881983842575,23.163770650264517,23.184665816869003,36547600
2017-09-21,23.282163619995117,23.34136082532496,23.177695775637336,23.243858920845774,17748200
2017-09-22,23.40056037902832,23.46672353087659,23.236897969643927,23.261273448209938,29295800
2017-09-25,23.73833656311035,23.80798268465398,23.484135525477804,23.5085110038361,29667600
2017-09-26,23.727890014648438,23.773158000544203,23.612975908073206,23.679139058536737,21421400
2017-09-27,23.828882217407227,23.835845503250393,23.6164661333536,23.748789818203125,21836400
2017-09-28,23.84977149963379,23.992544078993067,23.783610994539185,23.881112923502442,23599800
2017-09-29,23.84628677368164,23.849767087123347,23.68958499678682,23.766194400149466,28575000
2017-10-02,23.839319229125977,23.846285168996268,23.501542877063063,23.592081498283385,24833600
2017-10-03,23.81494903564453,23.895041421553074,23.762715101941417,23.80798575095729,14479600
2017-10-04,23.797531127929688,23.88458677763396,23.713958448097316,23.81494332056158,20395200
2017-10-05,23.905494689941406,23.943799408779007,23.801026791888134,23.814956022077173,20323600
2017-10-06,23.70351791381836,23.811466095341938,23.623425527807544,23.67914243228954,23926600
2017-10-09,23.75226402282715,23.825390452469367,23.703513069732335,23.73137151628014,11528200
2017-10-10,23.77315902709961,24.00298725017435,23.748783547991195,23.919414558478067,15527400
2017-10-11,23.828882217407227,23.842811445822228,23.647807561469524,23.745309503645878,20574000
2017-10-12,23.741817474365234,23.773156233796104,23.609493839999914,23.64779853934497,20362200
2017-10-13,23.727890014648438,23.950752287367028,23.713960790512544,23.881108823415413,17787400
2017-10-16,23.780120849609375,23.9194104161331,23.7313698998352,23.801013354733307,15333800
2017-10-17,23.794057846069336,23.842808811771715,23.665214490011117,23.773162677390903,16754200
2017-10-18,23.62690544128418,23.874143195292852,23.59904699264796,23.77664128179398,15412600
2017-10-19,23.553775787353516,23.651277687527994,23.452790917393514,23.463237170022563,15183800
2017-10-20,23.599048614501953,23.61297783977735,23.442349479427826,23.606014555503688,19640400
2017-10-23,23.477170944213867,23.693069948407153,23.45627843490511,23.61646053863766,17310600
2017-10-24,23.52243995666504,23.626905152682987,23.473689000511097,23.560744658889977,19640400
2017-10-25,23.35877227783203,23.550293110779986,23.285645851790715,23.48064965456756,27045400
2017-10-26,23.407535552978516,23.48414498918485,23.268245910487817,23.36923083487535,18724400
2017-10-27,23.449310302734375,23.574670660328536,23.101087677578988,23.28564790056269,32376000
2017-10-30,23.571191787719727,23.63735228396844,23.285649323907524,23.285649323907524,23229600
2017-10-31,23.64780616760254,23.734861847518502,23.477175122122716,23.58164300071328,19298000
2017-11-01,23.915929794311523,24.027360927124732,23.78012318421817,23.790569437805694,34612600
2017-11-02,23.84628677368164,23.982093386287126,23.703514220737105,23.915930236705236,22656600
2017-11-03,23.915929794311523,24.00994873332701,23.811461944980742,23.83583742226089,22223800
2017-11-06,24.462644577026367,24.49398334467124,23.98209820937318,24.023883232899678,38200000
2017-11-07,24.431299209594727,24.539247366848574,24.302455889493828,24.50442563774033,26820600
2017-11-08,24.31290054321289,24.43477791543828,24.177093948914965,24.372097744475585,28493200
2017-11-09,24.38602638244629,24.427814047662995,24.184056652323317,24.21888103503427,25977800
2017-11-10,24.25718879699707,24.365136958210087,24.07262857817183,24.344244451324403,21068400
2017-11-13,24.117895126342773,24.2815601537835,24.090036684070462,24.19102154476213,14979600
2017-11-14,23.727890014648438,24.027361691750514,23.70003156637665,24.027361691750514,33055400
2017-11-15,23.45976448059082,23.564229697556467,23.362259892003138,23.51547873162682,35386200
2017-11-16,23.365737915039062,23.470205766611198,23.299577421989348,23.386633079390187,25028000
2017-11-17,23.48065185546875,23.529402810732513,23.35180852699863,23.411008392728462,18344800
2017-11-20,23.424936294555664,23.473689909325024,23.320471094493215,23.452794743930166,15570600
2017-11-21,23.477170944213867,23.60949725444409,23.428419984674743,23.51547564909861,16928800
2017-11-22,23.571191787719727,23.665210733298398,23.55726256305475,23.616459775334945,18615000
2017-11-24,23.637353897094727,23.713963309616332,23.633873583236934,23.66521234832588,9981400
2017-11-27,23.397079467773438,23.564224843176824,23.3483285118868,23.536366395033646,21191600
2017-11-28,23.578155517578125,23.612977251535117,23.393597936550865,23.42145638640766,24226600
2017-11-29,23.706993103027344,23.752261080514184,23.518952597214728,23.567703544270515,27198600
2017-11-30,24.062191009521484,24.107461666417034,23.762719238008575,23.762719238008575,44607200
2017-12-01,24.264144897460938,24.431292873248754,24.006460980818048,24.232803489682684,42376600
2017-12-04,24.253707885742188,24.636752265952037,24.17709847835463,24.469604226494816,27151800
2017-12-05,24.149240493774414,24.34076401592944,24.121382043874046,24.253708352536794,21379600
2017-12-06,23.83583641052246,24.121378842281626,23.801014681132838,24.07959382970514,24122400
2017-12-07,23.905494689941406,23.94727972377951,23.790580533428606,23.81147305034766,17280000
2017-12-08,24.124866485595703,24.135312740763425,23.22297103307348,24.027364561726078,21393400
2017-12-11,24.298973083496094,24.424333434513613,24.156203196170818,24.170132419253612,22633400
2017-12-12,24.23281478881836,24.420855352985505,24.201476023154594,24.23281478881836,23516400
2017-12-13,24.197996139526367,24.288534790874543,24.128352658014553,24.232817880282273,18432000
2017-12-14,24.110933303833008,24.28156429933702,24.10048705037924,24.107452990500242,23565600
2017-12-15,24.089195251464844,24.281991335303232,24.05764514810592,24.281991335303232,20306800
2017-12-18,24.274986267089844,24.397675193483952,24.141781529064527,24.14879117867933,19321400
2017-12-19,24.310043334960938,24.450260417039107,24.253958106780708,24.38716286382485,13528400
2017-12-20,24.653568267822266,24.695631508777296,24.317048968093722,24.390662314182688,24509000
2017-12-21,25.175872802734375,25.249486145282958,24.639545111010744,24.66408289186027,33606200
2017-12-22,25.22846794128418,25.330125280123017,25.09876664529967,25.203930147386455,21321600
2017-12-26,25.44930648803711,25.49137242111369,25.267026126876157,25.319607874617187,17262200
2017-12-27,25.365169525146484,25.46332066450238,25.312587793514975,25.45280485305967,21710600
2017-12-28,25.40373420715332,25.40373420715332,25.31609886225458,25.36166827881127,15933600
2017-12-29,25.330121994018555,25.484358389472575,25.28805606375731,25.470339087137432,14712800
2018-01-02,25.74726104736328,25.775304997179692,25.37568807275972,25.456313759877336,29782800
2018-01-03,26.132862091064453,26.199463137571087,25.771802207370584,25.799846160856855,38599200
2018-01-04,26.290603637695312,26.30813177655451,26.020687950425785,26.115332946777347,28613600
2018-01-05,26.28008460998535,26.301116234509337,26.062748017037567,26.25554682323465,28408800
2018-01-08,26.43783187866211,26.451853855662634,26.199463618490515,26.269573503493135,19558400
2018-01-09,26.37122917175293,26.497421607980776,26.329163243397993,26.49041195713086,18469000
2018-01-10,26.339675903320312,26.465870998857724,26.318644278870135,26.4483428622038,21644000
2018-01-11,26.879512786865234,26.974157781529172,26.336172584940485,26.430820254022876,36179000
2018-01-12,27.138914108276367,27.20902399179639,26.886523876441487,26.886523876441487,39638400
2018-01-16,26.795385360717773,27.219540132028953,26.74630977887474,27.20201199233417,33789800
2018-01-17,27.03023910522461,27.145918372867783,26.697225949253074,26.87249659437868,28014800
2018-01-18,26.809402465820312,26.995188945382168,26.760324218477084,26.928585235947487,23029200
2018-01-19,26.774335861206055,26.78485434370386,26.59906526141556,26.74979808421207,25925400
2018-01-22,27.352739334106445,27.36325514601578,26.80238955736715,26.80940188158543,34033400
2018-01-23,27.310672760009766,27.433361674705232,27.17395919858595,27.40531773008405,20369800
2018-01-24,27.2370662689209,27.478940695696206,27.142421265723737,27.342229760845477,25839400
2018-01-25,27.023235321044922,27.373776722066662,26.974159738855374,27.373776722066662,23436800
2018-01-26,27.170454025268555,27.21602342663686,27.026730823817015,27.082818709578863,15570600
2018-01-29,26.76032829284668,27.15644177316097,26.718265037888383,27.061794100667704,25294400
2018-01-30,26.22049331665039,26.609594418224706,26.199459017634087,26.535978383294918,45503600
2018-01-31,26.238014221191406,26.33616535149033,26.055733932695937,26.29059594797089,31450600
2018-02-01,26.507932662963867,26.525458122383693,26.125841275530476,26.27306797186214,36023200
2018-02-02,25.40022850036621,26.083785807494944,25.26001141112812,26.020688251058733,62010800
2018-02-05,24.33458709716797,25.379201806933168,23.934970053522925,25.060207800041237,69535200
2018-02-06,24.527379989624023,24.70265067392956,23.80175946357583,23.917438757077903,65630400
2018-02-07,24.117246627807617,24.912974337934937,24.11374046537193,24.604498904052928,49207400
2018-02-08,23.38812255859375,24.23993826475468,23.377606744535495,24.141787100986118,55542200
2018-02-09,23.37059211730957,23.68958604256098,22.59238986061371,23.665048254035362,70348200
2018-02-12,23.752681732177734,24.015587734797357,23.559882927156085,23.67205604796373,49913800
2018-02-13,23.654529571533203,23.756184201366143,23.48977472238223,23.62999178598421,24570000
2018-02-14,23.99806022644043,24.068170100291983,23.36708740828583,23.423172632948845,39513800
2018-02-15,23.938467025756836,24.064662114710096,23.552872109252107,24.047133978970688,32938800
2018-02-16,23.878875732421875,24.10322196374976,23.73515250719287,23.836809811141134,27582200
2018-02-20,23.749174118041992,24.103221595428437,23.640507166083157,23.92795093773071,35616200
2018-02-21,23.349565505981445,23.899915459183095,23.349565505981445,23.679075315023344,25090800
2018-02-22,23.605457305908203,23.952495227981114,23.458230555317787,23.517821953258853,30660600
2018-02-23,24.117246627807617,24.134772091149376,23.679069927988568,23.721133179543465,31369600
2018-02-26,24.260967254638672,24.310042831186284,24.12075017546621,24.23993562880922,24312800
2018-02-27,23.945478439331055,24.502840569002036,23.94197495145951,24.31004175933825,26931400
2018-02-28,23.395130157470703,24.15931044688303,23.384614344334956,24.0716751048606,35244000
2018-03-01,23.360076904296875,23.728146416053487,23.19181854277612,23.37059271758962,45950000
2018-03-02,23.468740463256836,23.552872306207895,23.01303834881982,23.198824821771826,29157800
2018-03-05,23.717622756958008,23.79123610007431,23.31800326309908,23.36006917677306,25663000
2018-03-06,23.731651306152344,23.952494096019972,23.612468515902624,23.864858747512145,31355800
2018-03-07,23.552873611450195,23.72463812009579,23.332030854487666,23.475754088346974,24725200
2018-03-08,23.545860290527344,23.67556154429572,23.37760195125721,23.60545167425143,16026600
2018-03-09,23.99455451965332,24.01558881941721,23.707110717450725,23.728145017214615,22786200
2018-03-12,23.987550735473633,24.162821454664755,23.868365255725827,24.00858236596251,18972000
2018-03-13,23.815778732299805,24.169823548774275,23.717627588151707,24.06115659267004,21461800
2018-03-14,23.67556381225586,23.973523433836906,23.626488235732786,23.90691971951916,22696400
2018-03-15,23.552873611450195,23.864855191699988,23.374096778294383,23.7631978816474,24817000
2018-03-16,23.762929916381836,23.868842139709667,23.519336112263385,23.565229972526925,28685200
2018-03-19,23.395776748657227,23.720573057028265,23.261623566879454,23.688798304775922,29050000
2018-03-20,23.59346580505371,23.75233139415799,23.491084741213168,23.52285678165049,22518200
2018-03-21,24.21129035949707,24.366624886558345,23.660550529221897,23.734690706986957,32879200
2018-03-22,23.717037200927734,24.070074371115133,23.67114333844892,23.94298077437088,36967600
2018-03-23,23.572290420532227,24.112439547747954,23.51933700032857,23.83706829538981,38428600
2018-03-26,23.995935440063477,24.03123861625915,23.56876081313853,23.844129358308354,31906000
2018-03-27,23.769990921020508,24.1971655307068,23.63230665399185,24.09831556396413,27846200
2018-03-28,23.307510375976562,23.865309693514646,23.268678769261992,23.784112661121128,36457400
2018-03-29,23.798234939575195,23.893553782410425,23.406363498051054,23.409891930165955,27936200
2018-04-02,23.32163429260254,23.748808939671296,22.922703265206053,23.70644620362271,37986200
2018-04-03,23.81941032409668,23.840591685305103,23.18747367794213,23.409886051007447,28228600
2018-04-04,23.787643432617188,23.840599546559073,23.293393551719166,23.455790325937066,24981600
2018-04-05,24.21481704711914,24.366623130746014,23.847660778005498,23.847660778005498,27056800
2018-04-06,23.77705192565918,24.179514068153598,23.46284907219353,24.06301385366503,37767800
2018-04-09,23.8900203704834,24.19363249780507,23.79470153677049,23.890020370483402,21639600
2018-04-10,24.680828094482422,24.874996908114706,24.260713030116026,24.26777258789225,43684400
2018-04-11,24.93853759765625,24.99502481987814,24.610213025503764,24.64198776136833,42381800
2018-04-12,24.93501091003418,25.132713529532552,24.846751629701178,25.02327019036718,28623200
2018-04-13,25.21038246154785,25.312760857847646,25.03386389854066,25.069167072450192,26660800
2018-04-16,25.46809959411621,25.584602499170952,25.13271538152069,25.26686852786696,28048600
2018-04-17,25.566953659057617,25.683456582770717,25.39043505711418,25.535181603568653,32210600
2018-04-18,25.96941375732422,26.202419585920325,25.782304485338805,25.789366737183478,34623000
2018-04-19,26.00118637084961,26.195355185292293,25.84231803889504,25.99059568741124,36300600
2018-04-20,25.877622604370117,25.9694103185174,25.711694722970705,25.948228952707957,27380800
2018-04-23,26.036489486694336,26.040020612318866,25.655208723035138,25.79642411995999,29689200
2018-04-24,25.757591247558594,26.287146995312987,25.616375842798792,26.107097286907745,45575000
2018-04-25,25.96234703063965,25.997650199735993,25.51398843339269,25.676387859462352,26326600
2018-04-26,26.340099334716797,26.361280699684922,25.976471537647022,26.057668565664457,24433800
2018-04-27,26.061203002929688,26.191827721572054,25.958821903473744,26.07179368675965,21078600
2018-04-30,26.05767250061035,26.35069399639567,26.011778638429213,26.018838196664834,25926400
2018-05-01,25.898805618286133,25.944699478280295,25.570480960048663,25.927049236802407,27601800
2018-05-02,26.00472068786621,26.209480210876023,25.785836660592274,25.821139840872586,26869400
2018-05-03,25.944704055786133,25.98706949103521,25.595197968726854,25.884688375945082,30659200
2018-05-04,26.071796417236328,26.16358684247544,25.768184212834697,25.874096449145984,27171000
2018-05-07,26.107099533081055,26.679020759507655,26.05414610851752,26.27655857206451,35947400
2018-05-08,26.311857223510742,26.32597903211672,25.644617254270784,26.117688415462577,57548200
2018-05-09,26.848482131958008,27.14503210912787,26.629598082051483,26.633129208482632,49807800
2018-05-10,27.049705505371094,27.11325229565229,26.83082151807819,26.95438397321954,27780200
2018-05-11,27.08854103088379,27.27211915919562,27.028522669847177,27.10972239744987,24021400
2018-05-14,27.275650024414062,27.399212483969436,27.17326893122258,27.17326893122258,20452600
2018-05-15,27.282716751098633,27.32508218841834,27.07442607789578,27.215638815374174,20965400
2018-05-16,27.378034591674805,27.395684834731195,27.106194452698887,27.2438787384545,23994400
2018-05-17,27.791086196899414,27.829920500717844,27.452170840042086,27.466292649926952,32542600
2018-05-18,27.575727462768555,27.769898940690094,27.554546099162298,27.741655326908916,28185400
2018-05-21,27.858165740966797,27.858165740966797,27.589856724466728,27.73107213806992,23026200
2018-05-22,27.487468719482422,28.03820573153189,27.409800126817125,27.85462762533517,33166800
2018-05-23,27.48394775390625,27.505131819210778,27.1026668999484,27.32861320461477,33211600
2018-05-24,27.03205680847168,27.20857539875645,26.908494333964324,27.16620996744253,38309600
2018-05-25,26.329509735107422,26.59075645647671,26.068260320278593,26.555453282258085,64907000
2018-05-29,26.24831199645996,26.410708764921587,26.004718190497393,26.124749530615215,38655000
2018-05-30,27.042644500732422,27.16267852944376,26.463663804137965,26.47425448742963,46044400
2018-05-31,26.83787727355957,27.15914230487563,26.781392742122158,26.844939523401205,26517400
2018-06-01,26.964969635009766,27.14501928952359,26.820225841213208,26.92966646775151,28205000
2018-06-04,26.731975555419922,27.25446907064563,26.661366503727315,27.056769112826164,27378400
2018-06-05,26.668426513671875,26.873188706176663,26.541332924769574,26.60134859356797,27415800
2018-06-06,26.795522689819336,26.866129048933715,26.55898842398022,26.767279068789605,26958400
2018-06-07,27.20151138305664,27.356845885501535,26.929671290223954,26.936733541015695,30357800
2018-06-08,27.148561477661133,27.307427141792516,26.979102434922233,27.23328965230053,22473200
2018-06-11,27.289775848388672,27.413338326124247,27.085013631878287,27.141498181645975,21435600
2018-06-12,27.08147621154785,27.353316292845182,27.007338742137502,27.289769505713544,31414400
2018-06-13,26.979101181030273,27.13796953123813,26.86966051497996,26.99675411776225,25004200
2018-06-14,26.940265655517578,27.1344371769401,26.876718857002924,27.05676856837109,20582200
2018-06-15,26.36164665222168,26.837913498253997,26.304780547539043,26.78459966085162,32178800
2018-06-18,26.624650955200195,26.802361872658523,26.294108540261572,26.294108540261572,26368800
2018-06-19,26.56422996520996,26.663747655547304,26.230135249313694,26.3047735170667,25215200
2018-06-20,26.681509017944336,26.78102666794025,26.46825652343129,26.72416060150798,23311800
2018-06-21,26.187490463256836,26.507370773765125,26.063093317963165,26.493153569780937,30019600
2018-06-22,26.70995330810547,27.001399124695016,26.706398330244223,26.834350416713157,56072600
2018-06-25,26.173263549804688,26.670854658042913,25.995552633409137,26.63175803950362,36760600
2018-06-26,26.503803253173828,26.606875899544114,26.148381456718955,26.240791883060094,27047200
2018-06-27,26.859228134155273,27.193325528919754,26.713506590933658,26.724168812187262,41167800
2018-06-28,26.823694229125977,26.99785022035542,26.61754885325607,26.898332511081453,28570800
2018-06-29,26.990732192993164,27.27506800424479,26.89832176630115,26.89832176630115,26335800
2018-07-02,26.592660903930664,26.80946843465018,26.446939365379293,26.802361191260033,30593200
2018-07-03,26.75971221923828,27.175555145487408,26.695736175841986,26.86989212833328,18616400
2018-07-05,26.731279373168945,27.00850800678051,26.653086125400808,26.923207514512434,19939000
2018-07-06,26.89476203918457,26.980065207982502,26.525123109351465,26.649522885935287,18620600
2018-07-09,27.296401977539062,27.335498602000225,27.04405005177925,27.058267252642747,22118400
2018-07-10,27.498991012573242,27.72290581410725,27.431459989655856,27.463446656309145,22007200
2018-07-11,26.916099548339844,27.41013573327926,26.738388612414766,27.243087019645102,38725600
2018-07-12,26.962299346923828,27.13645527858756,26.7703712396879,26.98717876573293,25136000
2018-07-13,27.104469299316406,27.267963014416623,26.91609616478036,26.987179445553203,22846200
2018-07-16,26.791698455810547,26.969409383324514,26.564228685524952,26.837905032422455,22781200
2018-07-17,26.685075759887695,26.83435230069732,26.535799219078076,26.7028452271343,19506400
2018-07-18,26.702838897705078,26.741935512695747,26.294105996416846,26.55711736954697,30703000
2018-07-19,26.70995330810547,26.82368819478301,26.603325665496826,26.63176006507961,32463600
2018-07-20,26.617544174194336,26.770375689900227,26.532243682904962,26.709954621555827,21722400
2018-07-23,26.500247955322266,26.709948222753113,26.454044098537267,26.692176048484146,15247600
2018-07-24,26.8343505859375,26.990737072975428,26.5820013892695,26.617543033145317,20337000
2018-07-25,27.058265686035156,27.125796708313434,26.738388175914913,26.869892530894326,22070600
2018-07-26,27.353269577026367,27.40302842696437,27.061823722394966,27.115137550658236,24374800
2018-07-27,27.235977172851562,27.378146464492215,27.012062368883775,27.047604013880516,25281800
2018-07-30,27.45988655090332,27.5665114542959,27.36036888974242,27.452776597018744,22790000
2018-07-31,27.410133361816406,27.58428930469237,27.34615732195229,27.50965104345981,22581000
2018-08-01,27.02983283996582,27.18266434428707,26.884108579533535,27.17199941097333,22345000
2018-08-02,26.88055992126465,26.93387375375308,26.656645078798242,26.830801067383227,19379400
2018-08-03,26.741943359375,26.880557685322387,26.606884011738913,26.830798835579937,15326600
2018-08-06,26.841455459594727,26.969407535570696,26.660192278339917,26.82013101748319,16400200
2018-08-07,27.040498733520508,27.18977528034113,26.95519552534824,27.11513700693082,23596600
2018-08-08,26.845016479492188,26.944534180616824,26.685077704349588,26.852126436231938,18797600
2018-08-09,26.596216201782227,26.916096391258254,26.553564605967633,26.866334840314543,30465000
2018-08-10,26.75971221923828,26.75971221923828,26.482483601738863,26.535797423178046,33955400
2018-08-13,26.418506622314453,26.80236286909191,26.404289422990825,26.709952429315077,19634000
2018-08-14,26.48247528076172,26.660186155285267,26.372292694633252,26.621089545957865,20875800
2018-08-15,25.55838966369629,26.27278571725498,25.48374867980439,26.23013682549258,52800800
2018-08-16,25.743209838867188,25.888931416373893,25.668571560877794,25.682788763112068,50026600
2018-08-17,25.807180404663086,25.8747114230005,25.714769965620327,25.81073538237913,23065400
2018-08-20,25.98133659362793,26.073747033538645,25.80362566930537,25.81428789090016,16691400
2018-08-21,26.112844467163086,26.322542062801514,26.084410067588983,26.198144954231804,19018200
2018-08-22,26.425615310668945,26.507363533335084,26.258566599051704,26.27633877709111,18690800
2018-08-23,26.301219940185547,26.34742380983103,26.201702244546755,26.301219940185547,12937800
2018-08-24,26.493148803710938,26.64953530774898,26.439834976274884,26.464714400857854,15506600
2018-08-27,26.688627243041992,26.724171599799547,26.542905684620088,26.582002307730434,13969800
2018-08-28,26.57489776611328,26.84857418364482,26.557128295767836,26.738394247878603,16787000
2018-08-29,26.738391876220703,26.848571802214117,26.578450387372758,26.660198621004465,15520800
2018-08-30,26.66374397277832,26.78103382518467,26.525129678717473,26.72772000939512,18500400
2018-08-31,26.457599639892578,26.589103970335977,26.347417038051056,26.581996727468685,17819200
2018-09-04,26.40073585510254,26.599771232955245,26.294110921961583,26.578446788657786,30189400
2018-09-05,26.365196228027344,26.379413429198014,26.013329311928256,26.27989573265717,19196200
2018-09-06,25.878267288208008,26.354534037218105,25.80718399392178,26.26567856353339,28812800
2018-09-07,25.874713897705078,25.92091776581874,25.512182062292933,25.782303449824017,20268800
2018-09-10,25.864046096801758,26.11284301172773,25.85693885313116,26.00621537509468,17823400
2018-09-11,26.109296798706055,26.258573370780287,25.768092043255947,25.83917535043767,28563200
2018-09-12,26.244346618652344,26.503805747611075,26.237239375181705,26.32253985509616,25378800
2018-09-13,26.25501251220703,26.30477135328263,26.02754274967474,26.20169869343933,22074800
2018-09-14,26.393632888793945,26.493150593850228,26.247908598065756,26.25857082194263,18988600
2018-09-17,26.436279296875,26.61399024251274,26.37230324797926,26.46115872079813,29457800
2018-09-18,26.610431671142578,26.79169484035537,26.60687669380904,26.624648868823556,20447000
2018-09-19,26.692184448242188,26.802367082407574,26.59266674898617,26.617546173800175,21823000
2018-09-20,26.69929313659668,26.908990748403237,26.66730375669597,26.805918075740188,25024800
2018-09-21,26.87571907043457,26.965185513898266,26.661000152181533,26.843512461331244,27420200
2018-09-24,27.269367218017578,27.387463562821384,27.09043435509017,27.111908155244652,25569000
2018-09-25,27.444719314575195,27.559236220633586,27.405353872152148,27.441139893364443,26055200
2018-09-26,27.179903030395508,27.419675161539764,27.13338146510136,27.27652831332056,25457200
2018-09-27,27.179903030395508,27.32304987861471,27.108330971435425,27.28726384913467,21344200
2018-09-28,27.10474967956543,27.391043356253746,27.036757047333563,27.051069273899014,29666200
2018-10-01,27.480510711669922,27.59502764013072,27.20495256080245,27.20495256080245,25425200
2018-10-02,27.509138107299805,27.60218122607356,27.31946698757171,27.548503553818968,18936800
2018-10-03,27.731019973754883,27.813330308778625,27.54851038225333,27.627238564507277,26489600
2018-10-04,27.61649513244629,27.809742936113835,27.455456661205957,27.641545621979198,30385400
2018-10-05,27.612926483154297,27.702392933298835,27.444729120034662,27.58787325602642,23966400
2018-10-08,27.591453552246094,27.634398432583172,27.30158311829435,27.408941223687844,23157200
2018-10-09,27.83837890625,28.042362288358383,27.56997957556533,27.688075936338386,33633400
2018-10-10,26.96518898010254,27.931428331893915,26.839936489212782,27.884904027920914,52810600
2018-10-11,26.052631378173828,26.721838677965206,25.855804095706137,26.703947026113205,71184200
2018-10-12,26.12420082092285,26.389020722295033,25.726969603715027,26.310289817219736,47158000
2018-10-15,25.90589714050293,26.227976808306448,25.89874102801776,26.12061600893909,23180800
2018-10-16,26.120615005493164,26.1671392909044,25.870110123657426,25.977468188601982,29142200
2018-10-17,25.955997467041016,26.149245262870682,25.734122491690954,26.070514376018025,31608400
2018-10-18,25.827165603637695,26.066934955203656,25.66254771762382,25.71622811596059,33173400
2018-10-19,25.59813117980957,25.973891228974793,25.580239534319766,25.698333131507386,27136200
2018-10-22,25.3154239654541,25.633924284344907,25.16154157416872,25.580246602744676,24589000
2018-10-23,24.653371810913086,24.950401044851567,24.302664897599378,24.943242200735504,52955400
2018-10-24,23.679973602294922,24.778621233308595,23.672817489357787,24.77146512037146,56200400
2018-10-25,23.969858169555664,24.216783773508144,23.808816883186626,23.969858169555664,50666600
2018-10-26,23.79091453552246,24.084364320023454,23.39726005483923,23.773020157200932,51159800
2018-10-29,23.347156524658203,23.99847196213906,23.035815126102687,23.966265361032697,48919600
2018-10-30,23.887535095214844,23.94479491684781,23.225484106800437,23.332842176914394,52794800
2018-10-31,24.034269332885742,24.438656719025673,24.00205998993152,24.120156363597868,34575600
2018-11-01,24.23824691772461,24.352763841278726,23.837436320135797,24.084364545733255,42951600
2018-11-02,24.177410125732422,24.685581585294788,23.934061297165645,24.50664870341625,42425000
2018-11-05,24.581798553466797,24.678421101932013,24.413601218824642,24.470858317467272,26463200
2018-11-06,24.696311950683594,24.74999235006789,24.40286219505444,24.642631551299296,26144200
2018-11-07,25.100704193115234,25.179435097179205,24.728523475003144,25.01481717518139,33325800
2018-11-08,24.556747436523438,25.183012465579512,24.46728100380114,24.98618522147092,30289800
2018-11-09,24.513805389404297,24.671267202827593,24.098679783215314,24.231091101803006,45835600
2018-11-12,24.00563621520996,24.785783693543348,23.955535226442603,24.682002293868365,36083200
2018-11-13,23.454519271850586,24.066469316424186,23.3292668177505,23.937637440693035,65463800
2018-11-14,23.4151554107666,23.909009147653357,23.200436513437527,23.819542712908003,45084200
2018-11-15,23.758705139160156,23.78733505228104,23.264851424169454,23.264851424169454,40613600
2018-11-16,24.04142189025879,24.123732216473392,23.78733752803842,23.905433884229303,39511000
2018-11-19,24.034269332885742,24.13089190114945,23.819547660656205,23.894699153816752,31167600
2018-11-20,23.246963500976562,23.776606119585868,23.068030589734164,23.719346277444515,52648800
2018-11-21,23.611980438232422,23.862485339835768,23.375787762178994,23.42946816403647,34661800
2018-11-23,22.871200561523438,23.10739190742826,22.703003218251226,23.02508158167624,28843600
2018-11-26,23.214754104614258,23.36863649904796,23.035821214821542,23.03939790680196,33365400
2018-11-27,23.15033721923828,23.318534565692026,23.017925903236602,23.09665680841062,44528600
2018-11-28,23.547563552856445,23.565455199221955,22.982135105974393,23.12885861948514,42296400
2018-11-29,23.701448440551758,23.891116840134366,23.533251111020366,23.565457716097185,28828400
2018-11-30,23.65850067138672,23.72649602528286,23.37578645239043,23.493882783799986,36258000
2018-12-03,24.184566497802734,24.331290026189368,23.901852245698105,24.19888145452562,43990800
2018-12-04,23.490310668945312,24.27403763714657,23.447365790448206,24.19530672505155,36592600
2018-12-06,23.057287216186523,23.093073240213677,22.570589644581112,22.974976903655314,70712200
2018-12-07,22.928457260131836,23.84459265716385,22.889091811325102,23.497465191784485,54891400
2018-12-10,22.570592880249023,22.878357645540497,22.051687266570344,22.767418770913487,46765600
2018-12-11,22.57775115966797,22.960668784006515,22.341559809465885,22.91772390931555,34483200
2018-12-12,22.667217254638672,23.100235861019378,22.652902296627012,22.94635347526788,38534800
2018-12-13,22.738788604736328,22.88193407634294,22.51333281464789,22.613534781287456,30598000
2018-12-14,22.21988296508789,22.692265613837545,22.112523520399225,22.599221125813877,45787200
2018-12-17,21.815492630004883,22.348713120875374,21.65803221428406,22.162622794032966,41464600
2018-12-18,21.3001651763916,21.8548567005642,21.1820688481672,21.776125815081265,53234000
2018-12-19,21.04966163635254,21.81549406219093,20.87430819724343,21.41110677967027,91097800
2018-12-20,20.46634292602539,21.110502405126386,20.341090452394404,20.792000722615526,77008800
2018-12-21,20.26767349243164,20.80949330900528,20.09790284230447,20.46995200875094,74787400
2018-12-24,19.447715759277344,20.12679685690408,19.42965537763213,20.029269142517357,31211800
2018-12-26,20.65778350830078,20.661396412127168,19.274337595396307,19.635550814566646,58194000
2018-12-27,20.766149520874023,20.791434337132426,19.967867222981567,20.242390053671567,48754600
2018-12-28,20.607213973999023,20.953978335315963,20.480789897868604,20.86006350417895,38874800
2018-12-31,20.7155818939209,20.867292194169348,20.473569647942778,20.791437733004805,37410400
2019-01-02,21.123746871948242,21.264619793487817,20.28212086827277,20.386871644597747,49785200
2019-01-03,20.914247512817383,21.261011898579362,20.675846825366122,21.185157447553777,36048200
2019-01-04,21.62583351135254,21.690851996423046,21.152645109684816,21.27545765060478,42703000
2019-01-07,21.947309494018555,22.106244155414757,21.499405977891776,21.78837621054111,36113400
2019-01-08,22.11708641052246,22.30491745974429,21.99788675842964,22.254347826861327,37384600
2019-01-09,22.467464447021484,22.543318898893254,22.1821056485486,22.413281908302107,37513600
2019-01-10,22.532480239868164,22.56137657991205,22.171267032845865,22.297691104136057,38335200
2019-01-11,22.398832321166992,22.543318167786687,22.20016531550428,22.41689408543382,28211800
2019-01-14,22.344648361206055,22.43495165954399,22.153205809663703,22.185713674263138,26383400
2019-01-15,22.424118041992188,22.637232525480883,22.31214144433075,22.467463243895047,19642400
2019-01-16,22.395221710205078,22.579439863149734,22.319367257693706,22.398833236454532,25082200
2019-01-17,22.60110855102539,22.698636274926724,22.17487688860576,22.225446513313354,20349600
2019-01-18,23.059852600097656,23.077912985968236,22.734760142750766,22.86841002961511,29063600
2019-01-22,22.55776596069336,22.857572218052788,22.496358996513806,22.807002587504385,39726400
2019-01-23,22.326587677001953,22.66612757813757,22.142368179234264,22.63722986165677,46735400
2019-01-24,22.44578742980957,22.64806731247377,22.1893263953396,22.27962969293485,26098400
2019-01-25,22.73114585876465,22.872018780549755,22.601108891603335,22.637229658961942,20467200
2019-01-28,22.50358009338379,22.514417425409867,22.257955028882254,22.431337184191772,24044800
2019-01-29,22.57221221923828,22.723921093401934,22.554150457907333,22.63361779842292,23768200
2019-01-30,22.890079498291016,22.96232241198151,22.59027326666607,22.71308580656422,24233000
2019-01-31,23.038179397583008,23.146544469055264,22.864797212314173,22.926204178009723,35688400
2019-02-01,23.439123153686523,23.576383170710766,23.211559841184727,23.287414278685326,29544800
2019-02-04,23.49330711364746,23.50053016515712,23.106809095686746,23.28018989029897,20215800
2019-02-05,23.529430389404297,23.569164066535258,23.39939340167359,23.47524785187678,15705400
2019-02-06,23.356046676635742,23.482470744612,23.334372010812675,23.417452258818784,13607600
2019-02-07,22.83951187133789,23.291029776947322,22.626396015151286,23.211562427139715,29200200
2019-02-08,22.734764099121094,22.832291853297228,22.34826598697088,22.778110686256724,21268800
2019-02-11,22.843128204345703,22.87924898081565,22.56138091178677,22.626399411768116,24994800
2019-02-12,23.13209342956543,23.265743304343246,22.864795057928795,23.15015243588374,21354600
2019-02-13,23.42106819152832,23.60528773941714,23.20073062196866,23.22601544180919,26123400
2019-02-14,23.504146575927734,23.681140300623365,23.294642224992565,23.337988808032463,20426400
2019-02-15,23.883419036865234,23.90147804431573,23.695586619680608,23.74976915370841,20367600
2019-02-19,23.955656051635742,24.045959339338808,23.728092758725566,23.764213522639263,17443200
2019-02-20,24.05679702758789,24.175998037352173,23.915924109080223,23.9195370124834,19871400
2019-02-21,23.68474578857422,24.042346030205206,23.598055405477712,23.98094045700508,23732200
2019-02-22,23.75337791442871,23.933984492460905,23.63417691152642,23.86174020774542,19896600
2019-02-25,23.793115615844727,23.872580208747326,23.655852829533206,23.67752749654132,31808800
2019-02-26,23.717260360717773,23.933987732528372,23.71003455334919,23.771440136791885,21101400
2019-02-27,23.80756187438965,24.053184189718095,23.695583915288793,23.832846686605095,20588000
2019-02-28,23.569164276123047,23.84368711442221,23.421065522620093,23.811176489281266,22498800
2019-03-01,24.00261878967285,24.006231693721734,23.695588085638008,23.695588085638008,40655800
2019-03-04,24.045970916748047,24.147110206736972,23.68475759202247,24.089317507817142,39560000
2019-03-05,23.966495513916016,24.08930943620769,23.796724867245842,24.07847348103096,31615000
2019-03-06,23.6630802154541,23.822012167698063,23.543879184392388,23.771442534369758,45381000
2019-03-07,23.522205352783203,23.695586151238793,23.428289146047533,23.67752714414531,46892400
2019-03-08,23.081525802612305,23.189888117426012,22.86840994313948,23.142931389923895,31243000
2019-03-11,23.442739486694336,23.496922023075072,23.229622245153642,23.251296913208904,26424200
2019-03-12,23.594449996948242,23.71365103396751,23.475248959928976,23.482474768387487,22026200
2019-03-13,23.832847595214844,23.843683550029173,23.645015192306673,23.742544297311518,26413600
2019-03-14,23.858137130737305,23.97733541312628,23.829239408287282,23.854524226471426,24640800
2019-03-15,23.84866714477539,23.921475273199505,23.757655595519214,23.83774620325698,24854800
2019-03-18,24.179948806762695,24.219994112398627,23.866868841310243,23.877789783310554,20135800
2019-03-19,24.11441993713379,24.423858657120377,24.016128683472974,24.300084280106596,25052000
2019-03-20,24.3255672454834,24.543994412440576,24.019769767233768,24.09257789706879,27325800
2019-03-21,24.496667861938477,24.536713164059595,24.201791344002903,24.252757587165796,35755800
2019-03-22,23.834108352661133,24.31464928996558,23.743096790463678,24.274603980402503,39949600
2019-03-25,23.84502601623535,23.885071320290844,23.615677910923775,23.73217258341646,24692600
2019-03-26,24.187236785888672,24.351056508045662,24.05617989718195,24.12170834153531,23033000
2019-03-27,24.016132354736328,24.27824610783645,23.834109223689307,24.16903111822721,19165200
2019-03-28,24.10714340209961,24.136267769029747,23.86687154110473,23.914199331729325,18298400
2019-03-29,24.070737838745117,24.398377225297715,23.990647223382542,24.340131272503687,20075200
2019-04-01,24.387454986572266,24.438421234102858,24.19815217823751,24.23091500417053,24823400
2019-04-02,24.220001220703125,24.47119407024137,24.16175525378952,24.449352179830395,22304800
2019-04-03,23.98700523376465,24.33648927196412,23.90327615846753,24.289164263207148,23979600
2019-04-04,24.187236785888672,24.205437434210104,23.88507769373413,24.00157239731201,21008600
2019-04-05,24.613161087036133,24.64228544640946,24.24183244865564,24.252756166509474,34538400
2019-04-08,24.722381591796875,24.846155980721484,24.620446311123636,24.649570677030276,21204200
2019-04-09,24.420223236083984,24.649571374823363,24.34377385650419,24.649571374823363,29083800
2019-04-10,24.511232376098633,24.624085814210527,24.44570394615736,24.474828310009528,18751200
2019-04-11,24.529430389404297,24.70053253686821,24.340127599574124,24.489385087765854,21828400
2019-04-12,24.594961166381836,24.900761428394382,24.53307397699969,24.882558006833907,30853600
2019-04-15,24.44934844970703,24.62408910124148,24.409303138427763,24.56584314321419,16601400
2019-04-16,24.609525680541992,24.64592974966102,24.44934722092778,24.536717542303936,16260400
2019-04-17,24.576765060424805,24.81339569714449,24.54399945105614,24.75878819983184,21869200
2019-04-18,24.46026611328125,24.678693287135918,24.39837614576979,24.645927683459004,19519000
2019-04-22,24.97721290588379,24.995416328979378,24.616807903700902,24.685974801068838,28329400
2019-04-23,24.93716812133789,25.050021570036527,24.773348419842936,24.995416854506523,20424400
2019-04-24,24.500308990478516,24.973567357340897,24.489385272034276,24.95900517686717,22038200
2019-04-25,24.42385482788086,24.624081321013602,24.369250127437112,24.49666572422536,24121800
2019-04-26,24.10714340209961,24.25276245929779,23.895995908034866,24.245479978839008,33676800
2019-04-29,24.08530044555664,24.21635453601473,24.03797265703474,24.11442203374045,25949000
2019-04-30,24.067094802856445,24.336488216512894,24.037970439906527,24.318287572758287,28654000
2019-05-01,23.586559295654297,24.147190911585366,23.568355870301872,24.074379987628422,44311400
2019-05-02,23.17518424987793,23.57927442137843,23.164263306755988,23.43729660588822,56066000
2019-05-03,23.38997459411621,23.575638983367195,23.33900833470658,23.39361583477485,39249000
2019-05-06,23.411821365356445,23.4882707704133,23.189754244295113,23.211596137896098,40689400
2019-05-07,23.207942962646484,23.2261449931073,22.913065069768003,23.135133452077312,30129000
2019-05-08,23.207942962646484,23.400886985237765,23.14605578133453,23.197022022115174,19647400
2019-05-09,23.207942962646484,23.29531465307467,22.902144129236692,23.098729391155683,28819000
2019-05-10,23.31716537475586,23.375411335354833,22.880308171726398,23.20795037963532,26150000
2019-05-13,22.91671371459961,23.218871406323526,22.807500107816583,23.10601794776249,28139600
2019-05-14,23.1970272064209,23.393612512274753,23.01864393509583,23.04048720976611,18484000
2019-05-15,23.31716537475586,23.368131631824724,23.00408396263351,23.065972552450237,20184600
2019-05-16,23.444580078125,23.531950404249333,23.37541039882308,23.37541039882308,18753000
2019-05-17,23.207942962646484,23.415449165096778,23.17881860292845,23.288033563145163,21111400
2019-05-20,23.218868255615234,23.32808323630458,23.1715432452911,23.211587164320868,16372200
2019-05-21,23.488265991210938,23.5537944361341,23.288042193217212,23.31716656372814,36761000
2019-05-22,23.12421417236328,23.400888665926235,23.047764805701597,23.346281181895886,19274000
2019-05-23,22.348800659179688,22.756532099415008,22.214103925916707,22.738330063362117,47927200
2019-05-24,22.432527542114258,22.614550650934103,22.23958349115758,22.5271803363872,20306800
2019-05-28,22.199539184570312,22.487136042749174,22.166774967958464,22.447090734809564,25861200
2019-05-29,22.05756378173828,22.072125965982384,21.762685800063625,21.893742680807915,33903200
2019-05-30,21.77724266052246,22.061198240233523,21.708074385361712,22.02115432644108,30347800
2019-05-31,21.394994735717773,21.675310468439157,21.394994735717773,21.478725192703227,43797000
2019-06-03,21.668033599853516,21.773607348733,21.507853745114016,21.54061657539426,36049400
2019-06-04,22.04300308227539,22.093969341836438,21.813653525524266,21.871902266424225,29486800
2019-06-05,21.799087524414062,22.093964066821957,21.668030666132292,22.08668297594785,31763800
2019-06-06,22.20318031311035,22.286910779869938,21.842773932189708,21.842773932189708,64787800
2019-06-07,22.30510902404785,22.44708680828856,22.217737332124223,22.272344813167233,31548200
2019-06-10,22.370635986328125,22.57086108921307,22.33787177758507,22.42524207508265,19675600
2019-06-11,22.41432762145996,22.640035908825578,22.40704652977381,22.567227769416583,19045200
2019-06-12,22.097606658935547,22.31967508364452,22.028436985761566,22.268707444406683,27633000
2019-06-13,22.356077194213867,22.458009686312877,22.09032363357998,22.35243734323578,24383000
2019-06-14,22.210458755493164,22.414325133901336,22.155852656996643,22.410685282825334,15832600
2019-06-17,22.396121978759766,22.458009165033097,22.093962971728274,22.163132637240842,17590400
2019-06-18,22.705562591552734,22.84026069425336,22.501697594991594,22.54174151308315,34444200
2019-06-19,22.680076599121094,22.81113344532482,22.559942082584982,22.672795508918,17655400
2019-06-20,23.182464599609375,23.218868668001612,23.018643514391933,23.044126640011736,51908000
2019-06-21,23.34998893737793,23.434483692739544,23.217735789367605,23.217735789367605,32712600
2019-06-24,23.14058494567871,23.40876427521191,23.103847187344048,23.342637711611705,20793200
2019-06-25,22.95689582824707,23.147926528283474,22.931178701786337,23.125885279034147,23774600
2019-06-26,23.3095703125,23.48590731715234,23.129558831962143,23.18833783351292,28653600
2019-06-27,23.13690948486328,23.379373073948525,23.089151101761033,23.309573438185332,21217400
2019-06-28,23.405088424682617,23.427131078389404,23.192015044458785,23.192015044458785,34739200
2019-07-01,23.42713165283203,23.77245816095991,23.368352642908093,23.69531097319764,29772600
2019-07-02,23.05241584777832,23.405089921224537,22.949552926707057,23.357332937242706,24190800
2019-07-03,23.144258499145508,23.16262667799137,22.94587880424487,23.085479485997418,13974600
2019-07-05,23.17731475830078,23.199357407077652,23.008325321883486,23.059756767627725,14726400
2019-07-08,23.21038246154785,23.338961100453673,23.074456271647122,23.140582829199275,17256400
2019-07-09,23.228750228881836,23.24344533061263,23.01934993412513,23.173645699494408,14976200
2019-07-10,23.52631950378418,23.607141161115376,23.221402452145227,23.37569821601369,23534800
2019-07-11,23.57407569885254,23.59979142507616,23.427128892060715,23.596119751904176,25362600
2019-07-12,23.67327308654785,23.75409476221142,23.588776933952843,23.588776933952843,16162800
2019-07-15,23.460193634033203,23.7283715381422,23.40876217837383,23.71367923892877,19077800
2019-07-16,23.21038246154785,23.452846038771725,23.118540176214537,23.412435209000737,21174200
2019-07-17,22.945877075195312,23.26548924891877,22.931181972665062,23.192015137669628,27329400
2019-07-18,22.949554443359375,22.949554443359375,22.703416349869656,22.835669486502663,25509000
2019-07-19,23.056087493896484,23.1332360813204,22.865056767004987,22.971592756624677,19930600
2019-07-22,23.162626266479492,23.23977345710283,22.97894167847981,23.14425808795996,15686200
2019-07-23,23.225082397460938,23.28753449181299,23.092829254830292,23.162628901706533,14537600
2019-07-24,23.32427406311035,23.47489539803019,23.169978250942307,23.195693986069905,19815400
2019-07-25,23.05976104736328,23.441825288660148,22.989961415384872,23.412435084836368,20140800
2019-07-26,22.94220733642578,23.063438446424005,22.843017482025967,23.059765370958374,19307600
2019-07-29,22.850360870361328,22.942203155691235,22.681371401690793,22.923834978905667,16569800
2019-07-30,23.10752296447754,23.16262750297779,22.714438037286207,22.758521948366866,21602600
2019-07-31,23.034048080444336,23.305900491386705,22.84301593689991,23.10752219740792,30556000
2019-08-01,22.512380599975586,22.887097293427658,22.36910685865022,22.78055990578498,50380400
2019-08-02,22.18910026550293,22.736479589332944,21.96133035223726,22.604226452959917,43399800
2019-08-05,21.5278377532959,21.836427983134246,21.37354333907797,21.777648958469918,55153800
2019-08-06,21.50212287902832,21.70785017429673,21.270681248429227,21.58294456670565,33995000
2019-08-07,21.340476989746094,21.4433399178068,20.99882351994185,21.10903400020722,49604400
2019-08-08,21.9539794921875,21.96500151949272,21.38455759762443,21.48374743495896,46535600
2019-08-09,21.71152114868164,22.020111361011235,21.619678840266907,21.97235436964531,29186400
2019-08-12,21.454357147216797,21.69314623413805,21.358840391326716,21.660082957314867,43838000
2019-08-13,21.652738571166992,21.85479273761652,21.244959965956028,21.358843512788837,28695200
2019-08-14,20.804115295410156,21.241284078113438,20.771052015951785,21.18985262148977,47299400
2019-08-15,20.675537109375,20.793095135473617,20.451441684186314,20.693906689592207,28575800
2019-08-16,20.9473876953125,21.00983977394811,20.715944753952897,20.785745784665632,42798600
2019-08-19,21.410274505615234,21.487423095395236,21.200874193502692,21.241285025910752,27763200
2019-08-20,21.230260848999023,21.333123749634083,21.149439197698953,21.30740802447532,19042600
2019-08-21,21.36618995666504,21.487422450249298,21.289042770603483,21.45068469398038,24074800
2019-08-22,21.270675659179688,21.524159883829427,21.259653631045573,21.439665142279512,18706200
2019-08-23,20.55797576904297,21.215566834983257,20.44041776189635,21.017187172397584,48817800
2019-08-26,20.646150588989258,20.848203381124975,20.557981358954244,20.73799289463298,21610600
2019-08-27,20.517566680908203,20.840851928672194,20.407356215039282,20.756357191459283,23662600
2019-08-28,20.811466217041016,20.914329146947342,20.521244206059816,20.62410713596614,31388800
2019-08-29,21.116376876831055,21.204546082362327,20.951060492336158,20.97310314406947,24663400
2019-08-30,21.116376876831055,21.380883092022895,20.991471319812906,21.197198531784558,26044600
2019-09-03,21.013511657714844,21.057595554925342,20.712269124206426,20.77472119513781,27929600
2019-09-04,21.307411193847656,21.39925348347631,21.24495910957319,21.307411193847656,22381800
2019-09-05,21.571916580200195,21.81070568291547,21.461704715898613,21.494767994908674,29077000
2019-09-06,21.685802459716797,21.711518190456925,21.40660249679446,21.527833598654745,24468600
2019-09-09,22.119295120239258,22.170726574538776,21.818052543854623,21.862136447339637,49514200
2019-09-10,22.3801326751709,22.70341798788699,22.211143166792958,22.255228483119506,51436000
2019-09-11,22.402170181274414,22.68137151485551,22.280939092763145,22.505033092908466,45504000
2019-09-12,22.2625732421875,22.42421658913793,21.935614874259294,22.1192994765922,38119000
2019-09-13,22.43891143798828,22.556469470029683,22.314005853769007,22.40952122927679,28123200
2019-09-16,23.1920166015625,23.383048742307484,22.92383726976729,23.37937426574193,61355600
2019-09-17,22.868732452392578,23.21405899214879,22.71443806273627,23.20671144006007,52900000
2019-09-18,22.75851821899414,22.8503605028469,22.600549378655234,22.703412288121672,23209000
2019-09-19,22.699739456176758,22.94587610686181,22.62993842280478,22.89444465157849,28037000
2019-09-20,22.71827507019043,22.807250661857022,22.607056641271477,22.71456840205472,40300200
2019-09-23,22.725690841674805,22.785007434044427,22.540326313742355,22.56627723451537,18660800
2019-09-24,22.366085052490234,22.67749610779989,22.23262236351802,22.65525326911728,41101000
2019-09-25,22.403154373168945,22.429105290946573,22.21037511666445,22.26227695221971,20248400
2019-09-26,22.11028480529785,22.35496597141248,21.999066350558362,22.303064120148676,28011000
2019-09-27,22.10657501220703,22.277110046322246,21.947161397728276,21.987941822020865,31263200
2019-09-30,21.94716453552246,22.091748668344398,21.924920278850095,22.002773055874307,39616800
2019-10-01,21.43926239013672,22.10286633803893,21.43555430754434,22.021306905855475,32749400
2019-10-02,20.912830352783203,21.36512034795723,20.853513748024266,21.313218495570585,37824600
2019-10-03,21.138975143432617,21.16121940033174,20.627368548507967,20.797903608743052,40914200
2019-10-04,21.27243423461914,21.302091824549176,21.012923605190323,21.22794572839535,20275800
2019-10-07,21.083362579345703,21.387360314630325,21.072241159392604,21.30580087794223,23284800
2019-10-08,20.723752975463867,21.031457329517476,20.694093974764296,20.868337068326802,40038400
2019-10-09,20.912830352783203,21.027756893224634,20.872049921845292,20.90912368370676,17833800
2019-10-10,21.176042556762695,21.23165247894387,20.949897614080538,20.983263284545433,20111400
2019-10-11,21.461509704589844,21.66170377975423,21.357705997861395,21.394778346201715,45127800
2019-10-14,21.45038604736328,21.52823881929577,21.224241069085707,21.305801923997432,24321200
2019-10-15,21.539356231689453,21.7543797494557,21.379942634509383,21.405894967876883,22170000
2019-10-16,21.23906898498535,21.617212810102448,21.23165423380041,21.465213946359032,23910600
2019-10-17,21.253902435302734,21.3947784913271,21.18717107646195,21.328047132486315,22616200
2019-10-18,21.142681121826172,21.368826109812115,21.1389744529071,21.198291055147727,20555600
2019-10-21,21.52082633972168,21.539362513917037,21.157511951458776,21.183462878176165,20948000
2019-10-22,21.798870086669922,22.04725931096825,21.520823270732247,21.587554619694828,39393800
2019-10-23,21.98052978515625,22.025016883414825,21.669117268907517,21.76179954857417,23640800
2019-10-24,21.887845993041992,22.121404303425173,21.772919465077784,22.10657621450984,24233600
2019-10-25,22.065792083740234,22.12881534015344,21.86559806768825,21.895257068978477,23750000
2019-10-28,21.939748764038086,22.265990775646266,21.902676418859134,22.139942822130788,23513200
2019-10-29,22.028722763061523,22.214087315753265,21.784041610077193,21.85818771399775,26936800
2019-10-30,21.580141067504883,22.09174763324314,21.494873542251725,22.080626212537737,31013400
2019-10-31,21.487455368041992,21.524529121520747,21.276139922979915,21.491163450499414,30064800
2019-11-01,21.97681999206543,22.01760041822087,21.57643331045227,21.594969482099494,26620200
2019-11-04,22.69232749938965,22.75905884943267,22.225209463307767,22.228916131990484,43060400
2019-11-05,22.721986770629883,22.92218082309288,22.647840668137743,22.755352446040384,35110200
2019-11-06,22.25857162475586,22.736812419832866,22.195546953344166,22.688617249249692,35655800
2019-11-07,22.59223175048828,22.66267118741218,22.425404780176468,22.484721381985395,26483400
2019-11-08,22.499549865722656,22.529208874256096,22.243747281108874,22.45506276714186,20779600
2019-11-11,22.373493194580078,22.477298269801068,22.202958204585418,22.28822569958275,28961000
2019-11-12,22.25857162475586,22.562569320645345,22.143645114663382,22.440228060138605,25082400
2019-11-13,22.16218376159668,22.240037942541957,22.069501492383953,22.143647590597975,21151200
2019-11-14,22.102867126464844,22.277110244824275,21.999063437681794,22.15476897085637,16233600
2019-11-15,22.273399353027344,22.35866685467704,22.169594269707734,22.195545186982905,18363600
2019-11-18,22.002765655517578,22.158472571415306,21.91008340521764,22.132521654468835,25508200
2019-11-19,21.676532745361328,21.950871510379482,21.650581819324998,21.93233533667059,30758200
2019-11-20,21.8952579498291,22.054671552629774,21.5356503229226,21.66911300565982,34290000
2019-11-21,22.254867553710938,22.27340514019737,21.898967954992457,21.96940597529529,31283400
2019-11-22,22.18072509765625,22.380917758202457,22.136236582673153,22.27340738254189,22984000
2019-11-25,22.202964782714844,22.24003853992728,22.06950208518853,22.15476960544829,24672000
2019-11-26,21.99906349182129,22.240037957625486,21.917502642308634,22.232623206377134,26804000
2019-11-27,22.054670333862305,22.099157420909943,21.873012489237702,22.02501133301788,19336600
2019-11-29,21.832239151000977,21.950872364416796,21.750678286445304,21.87301958327881,15660400
2019-12-02,21.832239151000977,22.04726273420431,21.806288223954983,21.906385262940727,30779000
2019-12-03,21.505992889404297,21.676529337687242,21.428140123534213,21.639455581878263,33891000
2019-12-04,21.828527450561523,21.895258794504496,21.62462675038872,21.695064762675578,34853000
2019-12-05,21.724721908569336,21.947160188577833,21.650577229452274,21.92120926804304,21784800
2019-12-06,22.13994026184082,22.206671606821494,21.813698287959664,21.817404956361187,33459200
2019-12-09,22.113988876342773,22.217792560037136,21.969403355772464,21.969403355772464,16812600
2019-12-10,22.158477783203125,22.24003863520065,22.062087428257097,22.188135374880893,17570200
2019-12-11,22.121400833129883,22.27340109508553,22.076913744924276,22.125108915441455,24872400
2019-12-12,22.529203414916992,22.60705617212273,22.128815382054878,22.154766301123455,44981600
2019-12-13,22.358673095703125,22.751645046543384,22.34384359191537,22.607060920161075,22743000
2019-12-16,22.65896224975586,22.747937856223356,22.506963374964155,22.518086209659646,22271800
2019-12-17,22.673791885375977,22.87769260920428,22.588524361383023,22.755352740595015,46292400
2019-12-18,22.759056091308594,22.9036401941402,22.61817865671051,22.647837659454986,25881400
2019-12-19,22.75164222717285,22.825788322704163,22.71086180391967,22.76276506074499,25534800
2019-12-20,22.96988296508789,22.996087084737667,22.77896560419102,22.820143914502793,34839600
2019-12-23,23.20572280883789,23.22069557234634,22.91747604804213,22.943680169203788,26944400
2019-12-24,23.19449234008789,23.291823160719154,23.153314025822166,23.25813194250334,10074800
2019-12-26,23.18700408935547,23.374177197229553,23.157057134664708,23.295564834646637,20312400
2019-12-27,23.089675903320312,23.295566047094123,23.074701711186837,23.273104758893915,21436600
2019-12-30,23.016813278198242,23.221149673254406,22.982114506328028,23.178739899777124,29259000
2019-12-31,23.147890090942383,23.17102161777242,22.83560124223246,22.90114399993723,21444800
2020-01-02,23.356081008911133,23.3907782967082,23.221140738791245,23.302104018429613,23889400
2020-01-03,23.28668785095215,23.63753026578256,23.171024320420216,23.568132735752553,59005800
2020-01-06,23.467891693115234,23.58740999081147,23.286688334913546,23.36765163139023,44916200
2020-01-07,23.406204223632812,23.42933722343724,23.13247034419993,23.402349459026834,22925000
2020-01-08,23.020666122436523,23.410063582118543,22.989823589305413,23.383075814107674,38042800
2020-01-09,23.1903018951416,23.213433424010507,22.73921796280101,23.009097075146688,30733600
2020-01-10,23.05921745300293,23.198011036062162,23.03222968929229,23.17873427208639,18302400
2020-01-13,23.066932678222656,23.140184983038335,22.905004595573416,23.024522907273496,17557000
2020-01-14,23.070789337158203,23.097777108027802,22.86645293751031,23.016813795419,34678000
2020-01-15,22.901147842407227,23.03994143884308,22.83560507370536,22.97054537598663,21661600
2020-01-16,22.939699172973633,23.113192990275138,22.928133408727806,23.03608446361638,16449000
2020-01-17,22.793193817138672,23.012952168873543,22.7546402879905,23.001386404273664,23818200
2020-01-21,22.384521484375,22.669821134532445,22.345966483865286,22.665966369842916,34709200
2020-01-22,22.168615341186523,22.357531145125066,22.10692881819648,22.342109146696874,29355400
2020-01-23,22.08380126953125,22.1531988088586,21.767657577361348,21.93729666048291,26556000
2020-01-24,21.829345703125,22.08380287558982,21.659708078389514,21.98356279522867,40781200
2020-01-27,21.224040985107422,21.47464333237047,21.197053221029595,21.38982380485568,43365000
2020-01-28,21.32042694091797,21.45151100083045,21.23560888148487,21.343559941157658,28600200
2020-01-29,21.096817016601562,21.51705702490248,21.069829247596072,21.43994848314832,27490800
2020-01-30,21.266454696655273,21.28958770046891,20.823081683260757,20.877058692159245,48861000
2020-01-31,20.603322982788086,20.965732683435473,20.49537190807087,20.907900910138054,66861000
2020-02-03,20.33344268798828,20.607176575610495,20.260188921777477,20.576332574948495,42578400
2020-02-04,20.406700134277344,20.78838517911088,20.368146594441544,20.626458546932597,39639600
2020-02-05,21.173919677734375,21.247173438969646,20.73440299321396,20.74597022803799,68764000
2020-02-06,20.958017349243164,21.274160977601174,20.92331858658325,21.274160977601174,30801200
2020-02-07,20.811511993408203,20.900186285225942,20.703560937407968,20.79994622904327,27386600
2020-02-10,20.707420349121094,20.75368635840951,20.580192500385852,20.70356558370864,29281200
2020-02-11,20.93874168395996,21.019704977505437,20.846211155105944,20.98886097764648,27689200
2020-02-12,21.220186233520508,21.339703054303126,21.04669241382641,21.25102876217566,34399600
2020-02-13,21.154640197753906,21.27415847077086,21.031267160772423,21.162351196405574,23949800
2020-02-14,21.0428409576416,21.243321102226865,20.911756881121654,21.22790057083628,25040000
2020-02-18,20.86934471130371,21.038982302881347,20.676574119215207,20.857777475686827,32629400
2020-02-19,21.146930694580078,21.23175021502413,20.892473603970632,21.0081371212026,24910800
2020-02-20,21.12380599975586,21.358986403798294,21.069830458642485,21.200914545942044,26101600
2020-02-21,20.87320327758789,20.942600821036702,20.699709418965853,20.923324052461627,27616400
2020-02-24,19.909347534179688,20.202359672750017,19.8476610003843,20.08669613500106,66075000
2020-02-25,19.030315399169922,19.97874647454082,18.906942322896786,19.96332447232591,85674600
2020-02-26,18.455854415893555,19.192237952654768,18.44814341641635,19.099708900373848,97656600
2020-02-27,17.4688720703125,18.32477252289563,17.461161069927776,17.97778632992072,122557400
2020-02-28,17.453449249267578,17.673207602373722,16.778752189904502,16.917547248860565,137511600
2020-03-02,18.15898895263672,18.182121952849727,17.32236529969179,17.842845303340003,73285400
2020-03-03,17.603811264038086,18.50212297266317,17.407185897694472,18.263086367965638,97190600
2020-03-04,18.020200729370117,18.024055495192005,17.607670191708824,17.981645717534647,48969000
2020-03-05,17.36092185974121,17.58453648866447,17.071765924858255,17.503573179870795,58774600
2020-03-06,16.3855037689209,16.921405892165186,16.13875759453992,16.771045034071978,123034800
2020-03-09,13.08526611328125,14.045264224760679,13.004302824682068,13.520928024974546,133113800
2020-03-10,13.705988883972168,14.195626367243959,12.86165421511805,14.137794600988057,96862200
2020-03-11,12.981170654296875,13.513217887517053,12.772979537578427,13.281893770841949,86954600
2020-03-12,11.361898422241211,12.337317882018414,11.32719965686912,12.02502972903103,77658200
2020-03-13,12.410569190979004,12.422136425665501,11.103584917059207,12.321894902237375,68196800
2020-03-16,10.721900939941406,11.998042885897164,10.667925405375104,10.775877209869213,80467200
2020-03-17,10.795153617858887,11.250092352269348,10.390335651333771,10.825996884495453,90887200
2020-03-18,9.245278358459473,10.247685686134789,8.821182865747431,10.039493807936003,104271600
2020-03-19,9.873706817626953,9.912260335477423,8.85973341435732,9.380213994312044,104453000
2020-03-20,9.970096588134766,10.34792682254369,9.546001081893818,10.124312935305598,116714400
2020-03-23,9.290549278259277,9.968519422786581,9.12499851643477,9.905451785686058,96520400
2020-03-24,10.780505180358887,10.835688512143212,10.01187655025417,10.01187655025417,89022200
2020-03-25,11.288982391357422,11.825051639600607,10.540062604546023,11.017006744954513,104869800
2020-03-26,11.978777885437012,12.219220859051264,11.261391490776914,11.40329236068914,93836200
2020-03-27,11.166790008544922,11.513657846964984,11.099781354873075,11.478183384966014,73056800
2020-03-30,11.281099319458008,11.379641414047969,10.6780214299135,11.017006475884251,84254800
2020-03-31,11.454533576965332,11.825052086174091,11.225915933371963,11.596434442580723,68701200
2020-04-01,10.886932373046875,11.225916711787423,10.733206174031832,11.084016588149112,47653000
2020-04-02,11.884176254272461,12.518787573177576,11.13919827247359,11.434824551195874,146256200
2020-04-03,11.758042335510254,12.341411337141434,11.422999073824613,12.258636341098418,127668600
2020-04-06,12.380829811096191,12.463605568897252,11.860527625432091,12.02213661486362,76041400
2020-04-07,12.644923210144043,13.35048351545755,12.621272564431372,12.991790325464342,103019000
2020-04-08,13.488444328308105,13.531803096744072,12.80653311612102,12.912957270385164,83811600
2020-04-09,13.36624813079834,14.371377080644056,12.857770619636941,14.008742935514691,182655200
2020-04-13,13.322892189025879,13.882612122851482,13.11004088305136,13.831369807642835,67685600
2020-04-14,13.259822845458984,13.551508081482842,13.173105328656478,13.389899120662745,72648200
2020-04-15,12.637038230895996,12.763171986483966,12.242869116958857,12.731637795770487,73421000
2020-04-16,12.097028732299805,12.64492333429069,12.081261635003225,12.60550559104924,64605800
2020-04-17,13.382018089294434,13.397785186883414,12.341412954736057,12.34929650353055,91706800
2020-04-20,12.96419906616211,13.441142492494752,12.526672632110524,12.593681293443339,112790000
2020-04-21,12.735580444335938,12.968139840376848,12.372944765796031,12.58973781814453,120861600
2020-04-22,13.188873291015625,13.397783549454399,13.011497223900816,13.311066026946492,73753200
2020-04-23,13.61457633972168,13.933851768330753,13.45690838472069,13.590925695381614,83207200
2020-04-24,13.646108627319336,14.008744311706181,13.429316323291891,13.88655157499147,64859200
2020-04-27,13.94173526763916,14.040277363261554,13.236175005743933,13.543625862923227,46576000
2020-04-28,14.261013984680176,14.347731520850155,13.922028892706514,14.150647304924375,59138000
2020-04-29,15.31737995147705,15.368622250065396,14.71824397174721,14.730068539255022,71075000
2020-04-30,14.97839641571045,15.404098930321773,14.757661611434264,15.404098930321773,84040200
2020-05-01,14.130938529968262,14.781317083076981,13.957504950834824,14.670950396686004,58531800
2020-05-04,14.61970329284668,14.63152786148145,13.803774977125125,13.870782870899271,52780400
2020-05-05,14.6315279006958,15.34103058970747,14.580287100719241,15.218839370466458,68733400
2020-05-06,14.249184608459473,14.828610985444246,14.237358537020746,14.702477250071185,47350200
2020-05-07,14.61970329284668,14.8956214221764,14.517220189535387,14.65123597708368,48469400
2020-05-08,15.285849571228027,15.293733119406332,14.875915591387658,14.962631614082873,49646200
2020-05-11,15.017813682556152,15.226723932599386,14.946863258561535,15.183365173087905,46531400
2020-05-12,14.753724098205566,15.187308759261143,14.734015977909076,15.167600638964652,56129000
2020-05-13,14.083635330200195,14.674887870529169,13.981152218141679,14.655179753244797,68994800
2020-05-14,14.241303443908691,14.375320748111113,13.51997461444575,13.835309005618218,61968400
2020-05-15,14.186121940612793,14.540872612512151,14.059986664264308,14.245246300779431,54427800
2020-05-18,15.344975471496582,15.443517568537462,14.958690631532297,14.998106868895421,73139600
2020-05-19,14.915332794189453,15.411984332508819,14.903508222973066,15.36468454401011,53940600
2020-05-20,15.510530471801758,15.538122147575313,15.143953632371877,15.222787636139277,54521200
2020-05-21,15.262199401855469,15.620892549815279,15.140006668775525,15.557825672271784,56241800
2020-05-22,15.16759967803955,15.183366774731116,14.856206284730089,15.140008010645861,38495000
2020-05-26,15.589363098144531,15.75097211495336,15.549946851560302,15.652429994859357,74888600
2020-05-27,15.790386199951172,15.908636415889383,15.348916521786668,15.817977866882318,71225600
2020-05-28,15.348916053771973,15.829801954708488,15.274024603475725,15.829801954708488,54356800
2020-05-29,15.277965545654297,15.392274735218258,14.95869012439133,15.214898665831598,71500400
2020-06-01,15.546003341674805,15.632720883036663,15.049351749405357,15.254319526675815,47680000
2020-06-02,15.979584693908691,15.995351788212291,15.695783010975417,15.715491127038478,50318400
2020-06-03,16.44864845275879,16.523539913375267,16.200321920097277,16.23185611633573,54601800
2020-06-04,16.452587127685547,16.515654001765768,16.12148566285616,16.357986064748772,54849400
2020-06-05,17.67451286315918,17.836121862987884,17.26063630297672,17.276403401407148,100393400
2020-06-08,18.47072982788086,18.47861337561827,17.90706894553648,18.317004406083843,95069400
2020-06-09,17.776992797851562,17.93071972444494,17.53260883067437,17.87947741558048,87399000
2020-06-10,16.90194320678711,17.627213199903906,16.89405965751447,17.611446101358627,80977000
2020-06-11,15.309502601623535,16.17667348914865,15.258260282295392,15.723379171868865,96304400
2020-06-12,15.695786476135254,16.097838447840815,15.27008536138615,15.983529244352985,85635000
2020-06-15,15.743081092834473,15.904690032939497,14.86014495789136,15.025694919330926,65694800
2020-06-16,16.19637680053711,16.515653690341345,15.735199070819881,16.492003049144895,64083800
2020-06-17,15.644545555114746,16.13725612756444,15.640604532133818,16.133315104583513,46736000
2020-06-18,15.837687492370605,16.01112105867129,15.392276749540205,15.486877833470807,36937800
2020-06-19,15.59724235534668,16.334336789761373,15.581475259599207,16.33039576764101,53934200
2020-06-22,15.669501304626465,15.721400716255369,15.338145514191973,15.521789234667771,38896400
2020-06-23,15.685468673706055,15.944962654340985,15.637560827475202,15.905040972063167,29611600
2020-06-24,14.815164566040039,15.445936062708313,14.71535882417549,15.441944503116227,64726000
2020-06-25,15.098614692687988,15.154505672554986,14.599585911139826,14.675437737685753,48034400
2020-06-26,14.575632095336914,14.990824410330797,14.507764911514931,14.990824410330797,67722200
2020-06-29,14.771248817443848,14.899000036734515,14.547683422227852,14.611559031873185,38905600
2020-06-30,15.110590934753418,15.19842048786329,14.499780191909288,14.651485368304067,41886800
2020-07-01,14.743306159973145,15.374077735787159,14.72334531367861,15.170474666918983,49146800
2020-07-02,14.906988143920898,15.254311756931951,14.875049570215737,15.046715596593444,41558400
2020-07-06,14.950898170471191,15.278260832350403,14.763262916864376,15.170470464719756,45084400
2020-07-07,14.475823402404785,14.78322525464752,14.451871000226577,14.763264411860783,41821800
2020-07-08,14.463847160339355,14.699388759550798,14.344080581043553,14.475823361394532,41301800
2020-07-09,13.749237060546875,14.439892541653606,13.733269300878591,14.399970858110983,61087200
2020-07-10,14.188385009765625,14.204354294392095,13.669395442723772,13.669395442723772,50456000
2020-07-13,14.112531661987305,14.3760187665293,14.00474279810109,14.32012779328021,74447600
2020-07-14,14.607569694519043,14.635515182807529,13.976796620773465,14.016719834696225,68442200
2020-07-15,14.922957420349121,15.018770095567646,14.703385056482066,14.978848401379096,51805000
2020-07-16,14.855086326599121,15.046713169170697,14.635513998001365,14.823149280961244,37645600
2020-07-17,14.647491455078125,15.066676827225633,14.5836158354133,14.902995456652333,35433800
2020-07-20,14.403965950012207,14.763265720773065,14.391988224946472,14.595592799000963,40153000
2020-07-21,15.27426815032959,15.390043161880302,14.631520532534878,14.651481373822863,72340400
2020-07-22,15.08663558959961,15.11058799184466,14.8670632725034,15.11058799184466,39243400
2020-07-23,15.058691024780273,15.134542841380236,14.86706418054238,15.034737098157493,42087800
2020-07-24,14.974852561950684,15.282254423950398,14.918961591207959,15.058690540979503,39901200
2020-07-27,14.990825653076172,15.058694365439493,14.767261713326691,14.954895516628559,36462000
2020-07-28,14.735321044921875,15.046714501305008,14.695399353611439,14.902995498838497,35553800
2020-07-29,15.042723655700684,15.05469985907957,14.675437681960107,14.775243437890756,34430000
2020-07-30,14.451872825622559,14.735320788574317,14.324121588153742,14.727336145868156,65667400
2020-07-31,14.383999824523926,14.399969105162834,14.092567305978756,14.232296227197567,49548200
2020-08-03,14.435904502868652,14.51574941233984,14.26024692036402,14.380013523113314,42206800
2020-08-04,14.787219047546387,14.819156092956947,14.376018356389073,14.387996080968447,45144200
2020-08-05,14.94291877746582,15.130554096969288,14.807182880510876,15.078654674420763,61517400
2020-08-06,14.823152542114258,14.994818578565031,14.767261557765654,14.859082678183375,38381400
2020-08-07,14.843111991882324,14.879042124566121,14.519740797728158,14.691406818004634,36753200
2020-08-10,15.302215576171875,15.310198694574808,14.918960407502766,14.954890531974414,52616200
2020-08-11,15.250317573547363,15.781283325289353,15.17845731798608,15.601634209300896,53026200
2020-08-12,15.402022361755371,15.581671473486852,15.238339487921833,15.481865734562822,51065400
2020-08-13,15.102606773376465,15.406015582337183,15.066676642573167,15.27826434457321,31522000
2020-08-14,15.246330261230469,15.270284196454819,14.926952072815787,14.98284306542394,26559400
2020-08-17,15.158495903015137,15.258301640542674,15.074657926076837,15.250316998790709,28511600
2020-08-18,14.96686840057373,15.25031631698003,14.922953634358603,15.102604258459294,28697600
2020-08-19,14.795205116271973,15.022762107330655,14.747297259164425,14.954893404552415,29587800
2020-08-20,14.475823402404785,14.671443316710048,14.471831843013312,14.575629139253154,38215400
2020-08-21,14.383999824523926,14.447875424165135,14.248263984922053,14.419929944504258,34695600
2020-08-24,14.779236793518066,14.883034111517576,14.384005322661272,14.471834876832784,49654000
2020-08-25,14.571639060974121,14.87904094446226,14.499778801305991,14.859080099646633,40237000
2020-08-26,14.264235496520996,14.551676501320102,14.24427465405765,14.551676501320102,36002400
2020-08-27,14.292182922363281,14.387997111285687,14.11652535273955,14.26823051731883,44519400
2020-08-28,14.547688484191895,14.591603266649997,14.276216668010157,14.348076944229746,29150200
2020-08-31,14.2322998046875,14.587608012185624,14.232299804687498,14.56764716782676,37583000
2020-09-01,14.136486053466797,14.20036167112409,13.960828485637954,14.16842462375287,36521000
2020-09-02,14.068619728088379,14.216331817320949,13.980790177396877,14.132495349614485,47700400
2020-09-03,13.964820861816406,14.332106827002642,13.880984394286864,14.040672686307667,78884600
2020-09-04,13.920905113220215,14.204354591058253,13.749239107187325,14.108540404213102,68682000
2020-09-08,13.413894653320312,13.721296602502113,13.262190981969685,13.657420971692593,98437600
2020-09-09,13.50571346282959,13.641447807181502,13.45780561114861,13.565595993058716,49955200
2020-09-10,13.010680198669434,13.561608473815323,12.98672626569259,13.545639185164095,74006600
2020-09-11,13.022652626037598,13.106490605678902,12.914862243282847,13.038621910056394,50794600
2020-09-14,13.12246036529541,13.24222696784699,12.96676362968686,13.058584742406904,38888400
2020-09-15,13.02664566040039,13.330054441063478,12.986722450500814,13.210287857194226,51220800
2020-09-16,13.549627304077148,13.725286388790458,13.03063773806422,13.142419684398291,71772200
2020-09-17,13.569591522216797,13.581567725839099,13.2023055410111,13.334049872516461,44713400
2020-09-18,13.41788387298584,13.569589023565648,13.282148006238586,13.56160438164937,52812800
2020-09-21,12.973138809204102,13.123281829222616,12.754012057862301,13.090817804150541,61439200
2020-09-22,12.839226722717285,13.188207223064307,12.814879479944322,12.98125372453188,44697400
2020-09-23,12.25894546508789,12.93661645093385,12.242714227922033,12.887921965451383,52969200
2020-09-24,12.254888534545898,12.478073275406357,11.987066535919384,12.214309279666294,70487600
2020-09-25,12.246771812438965,12.34010355141349,12.051992329191732,12.129092057569888,55116800
2020-09-28,12.534881591796875,12.67285057004523,12.453723870111522,12.469955104854682,52752000
2020-09-29,12.189961433410645,12.526767916478388,12.068223674793044,12.498361897678205,47601800
2020-09-30,12.153441429138184,12.409089432668706,12.09663015969866,12.267062420047326,49149000
2020-10-01,11.780110359191895,12.072279534846103,11.70706787178216,12.019527057263923,56730400
2020-10-02,11.8937349319458,11.995182689952127,11.443307412707496,11.463596654714774,57410400
2020-10-05,12.250831604003906,12.258946836502245,11.97083557220932,11.999240820915947,63144400
2020-10-06,12.068225860595703,12.498364161387713,12.035762607214892,12.42937965120536,62223200
2020-10-07,12.238656997680664,12.271120248046463,11.999240235988538,12.137209243539422,42086000
2020-10-08,12.697200775146484,12.705316006926669,12.28329376894567,12.3401042613315,61126200
2020-10-09,12.494303703308105,12.843283393475993,12.474013691447594,12.810820148483984,51035800
2020-10-12,12.52676773071289,12.571404211624357,12.323872243343931,12.453725231422487,33369200
2020-10-13,12.331985473632812,12.599807411584493,12.295464229913517,12.526765698130637,50767600
2020-10-14,12.384739875793457,12.672851076362216,12.336044621648908,12.360391861728779,54488000
2020-10-15,12.534881591796875,12.53893959397886,12.064164174473587,12.17372791143283,40707800
2020-10-16,12.250831604003906,12.526769632556837,12.230541587795615,12.510537619590204,37423000
2020-10-19,11.991124153137207,12.356336684895648,11.978950918068549,12.295467413612617,50372000
2020-10-20,12.133148193359375,12.238653924047599,11.97894798634412,12.060105704884085,45980600
2020-10-21,11.901847839355469,12.133148543546527,11.897789837213637,12.064164055104916,49315200
2020-10-22,12.392855644226074,12.409086879308289,11.845037721971256,11.922137443085163,65648400
2020-10-23,12.331985473632812,12.530822926113016,12.177785268806137,12.457781212659158,49975400
2020-10-26,11.889677047729492,12.137209827417221,11.771998049736704,12.120978588445965,60802000
2020-10-27,11.735477447509766,11.881562476303856,11.707072197240919,11.877504472839018,43193600
2020-10-28,11.244465827941895,11.520403772624965,11.179539343779377,11.447361284445947,81098200
2020-10-29,11.589391708374023,11.62591296333407,10.948241905942599,11.098384928998902,74504200
2020-10-30,11.654314041137695,11.662430044665452,11.374318885292373,11.508229847561566,75799400
2020-11-02,12.051993370056152,12.210251617114315,11.593449092910035,11.812576610976661,83786200
2020-11-03,11.98300838470459,12.263003614539704,11.873444630081336,12.254888382852164,69755000
2020-11-04,11.999238014221191,12.287349985107953,11.674605570671824,11.999238014221191,87227400
2020-11-05,11.999238014221191,12.23865473158315,11.974890774451188,12.015470023391059,63591600
2020-11-06,11.739532470703125,12.177786671842412,11.690837215472172,11.999238434642015,66446400
2020-11-09,13.415449142456055,13.711676345301834,13.107047158692227,13.147627181803047,198713400
2020-11-10,13.84964656829834,13.84964656829834,13.382986322532746,13.667040317869642,146676200
2020-11-11,13.707619667053223,14.028194932831788,13.57776666916289,13.999789686291392,93085000
2020-11-12,13.265307426452637,13.65892519755123,13.123281193566465,13.46820292941565,77169600
2020-11-13,13.748197555541992,13.817181272692466,13.350522617931512,13.36675307916306,78865400
2020-11-16,14.653114318847656,14.68557679625427,14.158048767644873,14.332539034118971,95865400
2020-11-17,14.803255081176758,14.81137108670667,14.271668328740907,14.462390588769376,78020200
2020-11-18,14.373119354248047,14.985864753773184,14.373119354248047,14.929054250075781,82000400
2020-11-19,14.608476638793945,14.636881886198454,14.125585884947416,14.271669351040652,65872400
2020-11-20,14.531373977661133,14.636878939930726,14.42992624364555,14.571952452079536,39506400
2020-11-23,15.558022499084473,15.578311733618358,14.742383506255079,14.758613965100565,76324600
2020-11-24,16.357433319091797,16.40206902211663,15.939467599028234,16.081495356553177,106932000
2020-11-25,15.975990295410156,16.251928282992015,15.886717333288773,16.251928282992015,71352400
2020-11-27,15.789323806762695,16.016567267307497,15.663528070894593,15.886714303558875,37510800
2020-11-30,14.916876792907715,15.635127063783944,14.892530323095883,15.6148378229508,83087200
2020-12-01,14.985861778259277,15.416000796229387,14.961513760950464,15.33078350963345,68935600
2020-12-02,15.472806930541992,15.708164839689811,14.88846706347549,14.93716308437729,75483600
2020-12-03,15.635126113891602,15.82584837166974,15.383536137311975,15.541794373353511,72975400
2020-12-04,16.487289428710938,16.499462663851798,15.919181386599256,15.919181386599256,103700400
2020-12-07,16.101787567138672,16.32903109235764,15.947586548312591,16.292509839161195,69313200
2020-12-08,16.34119987487793,16.50351530754768,15.898887728004036,15.902944955933762,57854600
2020-12-09,16.37771987915039,16.775394748865967,16.178881670307934,16.507572834650606,86691800
2020-12-10,16.880903244018555,17.075684266191928,16.353375307887283,16.39801256096995,77604400
2020-12-11,16.68612289428711,16.771340167505198,16.45076495579557,16.767281391272654,56152200
2020-12-14,16.101787567138672,16.94583207172222,16.040918295821307,16.941774842687,79884400
2020-12-15,16.418302536010742,16.499461040896453,16.04091680406647,16.191060579894437,58671800
2020-12-16,16.33714485168457,16.519751109856674,16.223523867919617,16.45888338911251,47628800
2020-12-17,16.260042190551758,16.48728566511697,16.16265323571633,16.483226889016603,46363400
2020-12-18,15.988168716430664,16.316858491180742,15.862372927939475,16.227585508739647,73140400
2020-12-21,15.67974853515625,15.815449709261685,15.223296136608159,15.383670964493108,80158800
2020-12-22,15.416571617126465,15.700311621611123,15.400122511995265,15.646852814271229,50185800
2020-12-23,15.757878303527832,15.975823406129345,15.544044691928782,15.548157751603894,53931800
2020-12-24,15.67563533782959,15.778439874667587,15.519373571280207,15.778439874667587,22903000
2020-12-28,15.576944351196289,15.930592220037484,15.531710102576213,15.733206122663912,37824600
2020-12-29,15.474143028259277,15.716761856021567,15.400123618523452,15.671527597997105,37968600
2020-12-30,15.716758728027344,15.864797518035891,15.449466293992712,15.486475991494848,56436600
2020-12-31,15.585168838500977,15.712645463717147,15.515260935828717,15.646850621087669,36309800
2021-01-04,15.609842300415039,15.897695350551825,15.424793798993324,15.766105653690367,67717600
2021-01-05,16.308916091918945,16.736583457831987,15.766108115442073,15.77844416123872,95473400
2021-01-06,16.806488037109375,16.96275139831013,16.415830418443996,16.62966407885739,86262800
2021-01-07,17.0532169342041,17.22592780172675,16.777699962005418,16.954523889424927,51457200
2021-01-08,17.032657623291016,17.27116493970715,16.896956428760415,17.27116493970715,62744000
2021-01-11,17.299949645996094,17.369857556099973,16.567981747846595,16.662561746138827,46890400
2021-01-12,17.904441833496094,17.999021836691096,17.3780814405472,17.509672715289195,87947200
2021-01-13,17.764623641967773,17.974344199376766,17.628920905247547,17.966119648484085,54764400
2021-01-14,18.29098892211914,18.504822616146512,17.85921004147704,17.87565914917297,83314600
2021-01-15,17.579578399658203,17.970236011162978,17.406867505185993,17.96612295062432,95497000
2021-01-19,17.9332275390625,18.05659269623874,17.7358429738459,17.79341327594994,55619400
2021-01-20,17.9990234375,18.13061315527238,17.822199460117147,18.085378895661904,50725600
2021-01-21,17.390419006347656,17.990797234727907,17.230044150557195,17.90032872380076,59968000
2021-01-22,17.299949645996094,17.349295391045747,16.868170847297492,17.0079850988323,50444600
2021-01-25,17.123125076293945,17.176583879896675,16.810599944014005,17.11078903264443,81823200
2021-01-26,16.757143020629883,17.53434523121251,16.74891846771641,17.275277304793942,54999600
2021-01-27,16.53097152709961,16.99153545998485,16.247229972471793,16.48162578360156,99867200
2021-01-28,16.724246978759766,16.925744629599176,16.514526342613117,16.66667666956944,57248200
2021-01-29,16.16910171508789,16.703685134638004,16.107418349162693,16.48985145308333,63069000
2021-02-01,16.28424072265625,16.448728636490355,16.01283676290108,16.366484679573304,61021400
2021-02-02,16.4610652923584,16.855835986487484,16.4610652923584,16.674898960815344,63929000
2021-02-03,17.164249420166016,17.209482107279285,16.485738720717467,16.54742208200299,74385600
2021-02-04,17.35340690612793,17.357518397568857,16.987422989645673,17.291723553804328,48327800
2021-02-05,17.501445770263672,17.682381199207768,17.45209846072843,17.62481090675614,48196400
2021-02-08,18.233415603637695,18.31977105177474,17.73995343493988,17.756402539920174,62368200
2021-02-09,18.040143966674805,18.14706158881843,17.801638200314528,18.0894912855133,64798800
2021-02-10,18.38556480407715,18.402013908074238,17.986684228521487,18.10182481915534,58451000
2021-02-11,18.101825714111328,18.33210847543713,17.719392654972335,18.32799541489806,49632600
2021-02-12,18.369117736816406,18.385566842637346,17.941451966183433,17.974348609152244,47400800
2021-02-16,18.829679489135742,19.047624606940037,18.69808980646076,18.792669792841355,76593400
2021-02-17,19.10931396484375,19.23267913505273,18.74744143938059,19.022956933891543,68964400
2021-02-18,18.67752456665039,19.064070568408724,18.619954286049573,19.027060878212126,61360200
2021-02-19,18.99005699157715,19.06407639459145,18.681643335241883,18.70220393192964,54404200
2021-02-22,19.648006439208984,19.931748020585797,19.084637905866852,19.117536117082214,75644600
2021-02-23,19.97286605834961,20.030436350201946,19.12575607755333,19.882397560482907,98370800
2021-02-24,20.680164337158203,20.799417995576416,19.93585880586554,20.104458210684285,77748800
2021-02-25,20.281288146972656,20.89400415604492,20.141473850392817,20.89400415604492,75887800
2021-02-26,19.800155639648438,20.06744651065484,19.21622501880264,20.00987621747416,90308800
2021-03-01,20.314180374145508,20.59380888481627,20.174366118810127,20.322403357983184,69391600
2021-03-02,20.20315170288086,20.552686564402173,20.190814089512944,20.388200216669272,74468200
2021-03-03,20.49922752380371,20.963904549008852,20.34707722249111,20.35119028312478,82574400
2021-03-04,20.988576889038086,21.366896872586686,20.491003253368458,20.684274736845282,107573800
2021-03-05,21.774005889892578,21.823351638938693,21.04614942460177,21.58484587798823,112395800
2021-03-08,21.815128326416016,22.102981421453297,21.498490078742325,21.987840810907652,100610000
2021-03-09,21.432697296142578,22.00429048053792,21.280546964801513,21.691765263638256,118889600
2021-03-10,21.97550392150879,22.04952333606555,21.36278957383397,21.465594141976894,78416600
2021-03-11,21.983726501464844,22.357935033161077,21.934380752415088,22.02073620542043,50797400
2021-03-12,22.028953552246094,22.22633805254963,21.86446568432353,22.024842061450684,59786800
2021-03-15,21.778120040893555,22.041299492834835,21.51494058895227,21.979617691164812,60452600
2021-03-16,21.15717887878418,21.43680740902504,21.025589166750024,21.41624681064591,77287000
2021-03-17,21.321664810180664,21.424469368703566,20.914559636886892,21.095495095164893,64552200
2021-03-18,20.363523483276367,21.227080992309165,20.277168046107644,21.132501003694927,87207200
2021-03-19,20.36764144897461,20.704840322063,20.09212594699863,20.355305402221443,81158600
2021-03-22,20.172317504882812,20.400886912138006,20.130758421998376,20.32192703263295,59561800
2021-03-23,19.87725257873535,20.321924403510017,19.640369800232765,19.7650454474394,103196200
2021-03-24,20.375946044921875,20.65022957776594,20.180623955905787,20.180623955905787,81630800
2021-03-25,20.450756072998047,20.508937203283256,19.711021841685678,20.035174759170083,80670200
2021-03-26,20.957765579223633,20.98685614408315,20.583741766291435,20.820622986042864,72348600
2021-03-29,20.708417892456055,20.887116401183967,20.454913034145157,20.779065955753495,47286200
2021-03-30,20.529712677001953,20.749970213885362,20.37594648586021,20.496465418814598,53392200
2021-03-31,20.388418197631836,20.579585206238203,20.30945673971246,20.488156817201777,48097400
2021-04-01,20.907894134521484,20.916205950107855,20.371793919076048,20.47984435106541,65039600
2021-04-05,20.409194946289062,20.8704903762547,20.28867600623529,20.86633367607816,53372200
2021-04-06,20.35517692565918,20.783225263383674,20.321931237789112,20.508941600857366,53257800
2021-04-07,20.425823211669922,20.52971854522813,20.288680610420943,20.363485377408207,49888600
2021-04-08,20.15984535217285,20.28452099302796,19.927120871252118,20.280364292830587,63766600
2021-04-09,20.026859283447266,20.33023339687264,19.935432489125656,20.155690037908705,44373400
2021-04-12,19.868946075439453,20.346863704680757,19.798296417445528,20.201410857806692,39196200
2021-04-13,19.889720916748047,19.997771355280634,19.690242086545474,19.83569490482334,44825400
2021-04-14,20.44243812561035,20.712566532711325,20.043480564462563,20.064259306858848,66767800
2021-04-15,20.27621078491211,20.46737779090956,20.19309421286029,20.46737779090956,49686200
2021-04-16,20.114131927490234,20.47568714941206,20.031015365413023,20.425817846292357,57189000
2021-04-19,20.093355178833008,20.305302529166998,19.898033046257126,20.15569300782932,40827800
2021-04-20,19.561412811279297,20.051798900861474,19.36193396581964,20.022708334980916,72574000
2021-04-21,19.810758590698242,19.881408231714527,19.220633941972427,19.312062329646412,56991000
2021-04-22,19.57803726196289,19.914657134151195,19.51154431070077,19.90634690239581,50062800
2021-04-23,19.756732940673828,19.84400462241158,19.47829267972245,19.594656507356106,33897800
2021-04-26,19.889720916748047,20.03933043572918,19.681930270455762,19.681930270455762,35891800
2021-04-27,20.130756378173828,20.201406019246033,19.873096431717546,19.964524819463897,42268800
2021-04-28,20.824777603149414,20.90373747339338,20.263741939889467,20.280365571093476,65874000
2021-04-29,21.0575008392334,21.31516235153398,20.79984091224945,21.123995360072232,66042400
2021-04-30,20.52556037902832,21.04503700973998,20.479846181874997,20.758286480301216,58519000
2021-05-03,21.090747833251953,21.144773838092778,20.69594533999968,20.762438274681998,45740000
2021-05-04,21.10321617126465,21.290228057948998,20.862179861451157,21.132306733047024,53917600
2021-05-05,21.784770965576172,21.851265495420915,21.365034550490755,21.365034550490755,79621200
2021-05-06,21.8969783782959,21.8969783782959,21.3775017473173,21.78061612025809,58710400
2021-05-07,22.287626266479492,22.32502864807291,21.59360464920539,21.67256611330088,63196200
2021-05-10,22.29593276977539,22.91514789098447,22.279309140736036,22.56605960774059,68998000
2021-05-11,21.722431182861328,22.142167529564418,21.531264196652657,21.83048160562205,113531800
2021-05-12,21.826332092285156,22.470482850015607,21.726591873487276,21.83464390929473,82195600
2021-05-13,21.56035614013672,21.963468882964865,21.2694489420523,21.56451125518339,79698200
2021-05-14,22.229442596435547,22.312557581309473,21.79723769969758,21.79723769969758,57183600
2021-05-17,22.744766235351562,22.753078052275363,22.11723911811595,22.150484800494173,67404200
2021-05-18,22.216976165771484,22.794633925575408,22.17541866943387,22.711518932900177,70435400
2021-05-19,21.66425323486328,21.909446260997516,21.360879081394962,21.69749891391841,87969600
2021-05-20,21.631004333496094,21.730744533746957,21.323475087912946,21.655939779887984,56522600
2021-05-21,21.67671775817871,22.000870623209465,21.660094127839532,21.847106005863676,50539800
2021-05-24,21.892822265625,21.942691576038804,21.581136301234345,21.826329323301,48020400
2021-05-25,21.448148727416992,21.896975656427013,21.414901466215014,21.838794534640222,48558600
2021-05-26,21.639318466186523,21.718278343574468,21.3691899832897,21.46893019422115,39554400
2021-05-27,21.655941009521484,21.921912778203502,21.535422056425947,21.726589067001548,39053600
2021-05-28,21.69749641418457,21.805548425628075,21.581134172922305,21.776457865312512,37125400
2021-06-01,22.532814025878906,22.582683327881636,22.11307611018274,22.125544624670816,72570200
2021-06-02,22.952552795410156,23.060604810767963,22.403985659134722,22.669957411835938,67893400
2021-06-03,23.014890670776367,23.14371984704286,22.711516540580497,22.85696934775773,58761600
2021-06-04,23.168657302856445,23.264240810908237,22.82788076621377,23.16450218742673,52658800
2021-06-07,23.068918228149414,23.30580103752627,23.0356725471268,23.1645033262171,40070400
2021-06-08,23.26839256286621,23.309950049592132,22.715668794575752,22.989952328789734,57553000
2021-06-09,23.122943878173828,23.434629861259168,23.110476946151817,23.334891234449316,56052200
2021-06-10,23.093849182128906,23.542677678435755,22.84865618921682,23.434625669184133,57353800
2021-06-11,23.014890670776367,23.305797870447535,22.98580010934092,23.176967108864343,38091400
2021-06-14,22.915151596069336,23.23930448816553,22.728139702430465,23.0980083744348,37745000
2021-06-15,23.35150909423828,23.413846913802598,23.00242079237465,23.06060349711576,64285000
2021-06-16,23.226837158203125,23.501120735724854,23.023203221650423,23.31410884529714,60786400
2021-06-17,22.43723487854004,23.363980978793432,22.133859137246546,23.168657262285333,106941800
2021-06-18,21.772300720214844,22.246063076035586,21.755677090283722,21.967624408614018,113812200
2021-06-21,22.70012664794922,22.742108856936873,21.952832437642392,21.952832437642392,84366800
2021-06-22,22.85126304626465,22.939426637884235,22.397847543903694,22.645546397633815,48344400
2021-06-23,22.91423988342285,23.32147243200935,22.872256073272606,23.06117921515222,40553000
2021-06-24,23.111555099487305,23.12834862130479,22.796683772242197,23.01919393252791,41756800
2021-06-25,23.233306884765625,23.24590122599531,23.044383758727975,23.17453115700246,38330000
2021-06-28,22.44822883605957,23.1451440332132,22.35586606003921,23.132548090062272,65702800
2021-06-29,22.339069366455078,22.708518816585165,22.30968150580456,22.582570613580312,31911000
2021-06-30,22.61615562438965,22.683328104818436,22.38525032301058,22.406241422859903,47034000
2021-07-01,23.010801315307617,23.203922046429906,22.796687877373998,23.132550366612474,47251600
2021-07-02,22.960420608520508,23.035989868353685,22.716920905794783,22.91424081775016,30471800
2021-07-06,22.21312141418457,22.92683004129256,22.120758650229916,22.88484623880485,68446200
2021-07-07,21.85207176208496,22.385254116507983,21.608572079835493,22.17953906099774,60823800
2021-07-08,21.726125717163086,21.931842394805418,21.390263224447878,21.465832485498638,49379800
2021-07-09,22.18793487548828,22.2047283993162,21.747115284876188,22.003210917936915,51206000
2021-07-12,22.15435028076172,22.2886952735109,21.78070316958314,21.936039267164638,41353000
2021-07-13,21.98641586303711,22.1837357504779,21.856270066230174,22.04519159082327,49786800
2021-07-14,21.331485748291016,22.309685278622094,21.24751973158209,22.053589648343223,66999400
2021-07-15,21.033403396606445,21.35667147518894,20.93264547172156,21.10057588036915,59670800
2021-07-16,20.4372501373291,21.20133782795778,20.399465510802692,21.192941066338744,74253800
2021-07-19,19.71514129638672,19.996427157415205,19.43805461621202,19.74033157695469,114994800
2021-07-20,19.979633331298828,20.189547528264978,19.555607358095227,19.72353775475721,83342000
2021-07-21,20.67655372619629,20.844485767625642,20.328095300761902,20.374276692230907,82042600
2021-07-22,20.44564437866211,20.655558588706857,20.26931560943499,20.655558588706857,47270000
2021-07-23,20.370073318481445,20.521211792479253,20.16435670631372,20.51281503264402,46951800
2021-07-26,20.87386703491211,20.957831427560944,20.382667010022143,20.42045162732137,47266200
2021-07-27,20.680749893188477,20.743724804800326,20.437250211427628,20.710139359720927,46888400
2021-07-28,20.869672775268555,21.041802383214442,20.54640466248852,20.735327793531205,39169200
2021-07-29,21.071191787719727,21.230727065760828,20.945243558326702,21.13836428349725,43794000
2021-07-30,20.735328674316406,21.117372532644996,20.609380448777486,21.02920893491961,49600600
2021-08-02,20.57999038696289,21.25171525250912,20.546403342926375,20.747920802590244,57810800
2021-08-03,20.932649612426758,20.974631822513608,20.319700376654286,20.512821105483642,64302000
2021-08-04,20.365875244140625,20.81089393047358,20.336487383879966,20.55479834690076,64523800
2021-08-05,20.596784591674805,20.84868102422431,20.403662285100495,20.491827477859434,45800000
2021-08-06,20.78570556640625,20.949440004909736,20.672353295815373,20.773111225566915,36214800
2021-08-09,20.491830825805664,20.65556369386529,20.353286644205227,20.50862274960555,42193400
2021-08-10,20.852880477905273,20.907458630418716,20.575793736595,20.60098402272088,53283000
2021-08-11,21.01661491394043,21.054399542331286,20.66815649638935,20.798303905628657,47686200
2021-08-12,20.995616912841797,21.113169950142574,20.739522942246637,20.999816093558714,36517200
2021-08-13,20.7479248046875,21.008219641623917,20.69754583043346,21.008219641623917,33050800
2021-08-16,20.365875244140625,20.475031526410156,20.18535050319013,20.466634766118787,48258400
2021-08-17,20.155960083007812,20.483427312727272,19.975435350641156,20.168556023605074,51108200
2021-08-18,19.736135482788086,20.31130163432461,19.71094679979891,20.151766368812996,56305800
2021-08-19,19.22394371032715,19.52202150376213,18.951054597086586,19.39607329823507,99256200
2021-08-20,19.265932083129883,19.387682748131105,18.963655011821704,19.0476210429094,61587600
2021-08-23,19.988037109375,20.04261526817428,19.689959229389082,19.73194144291543,58704400
2021-08-24,20.31969451904297,20.424651615522492,20.122374665175645,20.15596010325963,45382200
2021-08-25,20.475032806396484,20.588386675138825,20.14336796098575,20.277712931009628,39817600
2021-08-26,20.164358139038086,20.470832687967956,20.13077269882902,20.357480425933844,41465400
2021-08-27,20.701744079589844,20.840286652924753,20.370079177533135,20.416260569150985,46202600
2021-08-30,20.45823860168457,20.861273498299287,20.44984184114864,20.78150667548543,31817800
2021-08-31,20.31969451904297,20.542203051093736,20.269313959639696,20.357479137836325,53873200
2021-09-01,20.02161979675293,20.4162595961199,19.94605054161962,20.298706531735544,63459800
2021-09-02,20.529611587524414,20.693344424723136,20.206343492906086,20.206343492906086,61635400
2021-09-03,20.412059783935547,20.638767542332793,20.315499427918613,20.487629036734628,39162800
2021-09-07,20.290307998657227,20.571592267049322,20.214738756085378,20.31549667850231,42472800
2021-09-08,20.03001594543457,20.538008010432037,20.017421603804085,20.403663027978467,43798400
2021-09-09,20.072002410888672,20.386873805487216,19.790716465590897,19.895673597123746,50529600
2021-09-10,20.0635986328125,20.424651295284022,20.00062373530489,20.38266749643956,37513000
2021-09-13,20.63876724243164,20.777311404389618,20.32389589418369,20.32389589418369,68499600
2021-09-14,20.340686798095703,20.86127312998565,20.25252321630248,20.823488509000228,58935800
2021-09-15,21.100570678710938,21.117364195891305,20.59677797544351,20.630363408286296,76695000
2021-09-16,20.861276626586914,21.08378681036014,20.747922744631172,21.079587628703322,60643800
2021-09-17,20.705944061279297,21.083790398773704,20.651365901081476,20.75632303910561,64459000
2021-09-20,20.073644638061523,20.31585401382707,19.746449146717197,20.20537157728206,85660000
2021-09-21,20.120386123657227,20.417836727481305,19.90792163820794,20.31160448475666,51323400
2021-09-22,20.740787506103516,20.982996934832645,20.46033439805001,20.46033439805001,79252200
2021-09-23,21.467411041259766,21.53114941204376,20.75777884217563,20.85551392846667,49734200
2021-09-24,21.628887176513672,21.739368005471317,21.31019042020537,21.352682672656265,55503000
2021-09-27,22.39800453186035,22.487239222192393,22.075059243574028,22.104804140351373,81697400
2021-09-28,22.474496841430664,22.873931179568636,22.423505810106374,22.610474005612545,132975200
2021-09-29,22.474496841430664,22.614724203792036,22.177046186916932,22.453250713460182,69894400
2021-09-30,22.134550094604492,22.53398274253693,22.134550094604492,22.410754573275838,89198800
2021-10-01,22.878173828125,22.899419950589763,22.296021643519207,22.296021643519207,83312000
2021-10-04,23.252111434936523,23.507068143083984,23.01839922799693,23.124631459887574,114815800
2021-10-05,23.38809585571289,23.81727349316209,23.14588642114664,23.583562834314478,98029600
2021-10-06,23.141632080078125,23.26911045108564,22.733700644463905,23.00140635826249,100174800
2021-10-07,23.320104598999023,23.44758297822115,23.0863939669292,23.20112337354624,77596200
2021-10-08,24.038236618041992,24.093477849309632,23.511325495256784,23.566565105548715,86200400
2021-10-11,23.94899559020996,24.471657997838957,23.92774946716331,24.39941923431,86021400
2021-10-12,23.970239639282227,24.19970163867303,23.80451762449169,23.902251078830336,71038200
2021-10-13,23.94899559020996,24.07222537324594,23.528315221595005,23.79602091071361,57902600
2021-10-14,24.242197036743164,24.34418070118398,23.999987657293502,24.22095091276914,46786600
2021-10-15,24.361183166503906,24.60764117211029,24.348434192765595,24.514156262582517,45354800
2021-10-18,24.378175735473633,24.735116152396515,24.24219858816734,24.599139005090223,65257600
2021-10-19,24.654380798339844,24.739366922617062,24.348431399332053,24.48015997301052,44552600
2021-10-20,24.854095458984375,24.858344035333918,24.369675085394483,24.467410172162637,50212600
2021-10-21,24.39516830444336,24.75210864850545,24.195451200927927,24.662873967733706,64241800
2021-10-22,24.624635696411133,24.64588182206264,24.254947922953328,24.484408349355302,43005000
2021-10-25,24.985822677612305,25.121799815971322,24.794604320240136,24.926332882202153,50112200
2021-10-26,25.13030242919922,25.24503346115136,24.977327719929697,25.070812624700093,45503200
2021-10-27,24.407922744750977,24.994325256302716,24.352683138303977,24.858348097243702,68007600
2021-10-28,24.58213996887207,24.603387713895454,24.27194201903991,24.27619221643473,46735000
2021-10-29,24.420671463012695,24.760614357113045,24.3186877842948,24.705373130266867,43997800
2021-11-01,24.841346740722656,24.909335309834393,24.594888785558354,24.662877354670094,49656800
2021-11-02,24.607637405395508,24.888090470073926,24.526901481964373,24.696872103026042,34125400
2021-11-03,24.403667449951172,24.658624147759333,24.208200540233236,24.31018257096644,46674800
2021-11-04,24.437664031982422,24.82859952217868,24.21670239692952,24.764859529121843,76363200
2021-11-05,24.756359100341797,24.8668415314578,24.55239340556061,24.773356646817373,45207000
2021-11-08,24.981576919555664,25.24078387535023,24.845599765856146,24.96457937009934,40022400
2021-11-09,25.08355712890625,25.092055903009143,24.654379573050313,25.011319980494775,39378000
2021-11-10,24.420671463012695,25.058064997316695,24.2761955303981,24.977327445547147,72033000
2021-11-11,24.51415252685547,24.679876192393337,24.437665179984275,24.437665179984275,48996600
2021-11-12,24.454666137695312,24.552399623217067,24.305941620809094,24.412173881720868,34190000
2021-11-15,24.658626556396484,24.80310246486012,24.225198831005578,24.433414730634908,42751400
2021-11-16,24.696868896484375,24.896586011801194,24.57788931509149,24.730863988868183,40958800
2021-11-17,24.318683624267578,24.807352565364365,24.233697510036578,24.454660758647062,47339000
2021-11-18,24.174211502075195,24.45466458827405,23.881011064086803,24.263446206553112,57911000
2021-11-19,23.23086929321289,23.715289749057032,23.17987826348347,23.65154974616355,91379600
2021-11-22,23.643051147460938,23.999991600181456,23.192627409701547,23.196875986804194,67785800
2021-11-23,24.36967658996582,24.45041413436983,23.93200025505099,23.953246380061096,67724600
2021-11-24,24.607637405395508,24.747864748222433,24.208204743876376,24.242198219698537,42868600
2021-11-26,23.617555618286133,23.694041350292668,23.005656794429356,23.388093559339843,89454400
2021-11-29,23.75352668762207,24.373922506410555,23.677039354239913,24.131713157692104,70882400
2021-11-30,23.196876525878906,23.66004924766121,23.082145489733676,23.307357363847096,92524000
2021-12-01,22.950414657592773,23.957497558241666,22.937667306260042,23.740782859732207,89549600
2021-12-02,23.617555618286133,23.702540125176853,22.691210228592347,22.963164540983996,100743800
2021-12-03,23.43058204650879,24.0424807720078,23.20537022169335,23.93624853449481,75880200
2021-12-06,23.77902603149414,24.059479101707815,23.498572961280466,23.791775003532578,63939000
2021-12-07,24.33568572998047,24.565147795095463,24.080727339527495,24.110473862909608,73686600
2021-12-08,24.33143424987793,24.590641203741445,24.28044322286437,24.47166160038463,47030000
2021-12-09,24.144466400146484,24.24219987866461,23.99574189391793,24.178461499270465,46798800
2021-12-10,24.322935104370117,24.42066857354913,23.889507357809677,24.403671025611374,39051200
2021-12-13,23.647296905517578,24.178458097276955,23.532565893580514,24.106219332290515,57208000
2021-12-14,23.549564361572266,23.91075498353855,23.46882843526181,23.502823533271787,57597600
2021-12-15,23.434831619262695,23.57505732613594,22.912167598168505,23.51556753407,67716200
2021-12-16,23.583555221557617,24.06797393432007,23.545311553656624,23.6387964354091,53731800
2021-12-17,23.1033878326416,23.519818032106244,22.895173543396975,23.413585788743568,69270200
2021-12-20,22.81715202331543,22.834369661488576,22.236070691668747,22.481416288760844,72661600
2021-12-21,23.467105865478516,23.55319242156196,23.04097831594594,23.049587135750734,50319400
2021-12-22,23.61775779724121,23.77701851207987,23.20884785805657,23.492934006050522,42206200
2021-12-23,23.63066864013672,23.957795561886357,23.622059820884836,23.721058779334914,33370600
2021-12-27,24.14718246459961,24.168705331755117,23.355189227025335,23.553188767892077,43484400
2021-12-28,24.12996482849121,24.366701573422706,23.996530614237695,24.207442547481755,35877000
2021-12-29,23.975011825561523,24.207445006140514,23.85879523527203,24.09122841585102,30218200
2021-12-30,23.828664779663086,24.173009314231923,23.80714355412083,23.983620230710127,27180000
2021-12-31,23.8889217376709,24.013747128209378,23.729662719169692,23.768401576855286,26482400
2022-01-03,24.62926483154297,24.668003691131887,23.910444135162884,23.923358183001938,65054200
2022-01-04,25.48151969909668,25.580518648264718,24.883220773883956,24.96500208616254,79957600
2022-01-05,25.47721290588379,26.01525171093935,25.438474046241225,25.73116728754858,90804000
2022-01-06,26.04538345336914,26.191730083578918,25.679517698826817,26.07551513902678,74681400
2022-01-07,26.40264320373535,26.471512112658818,25.963603293611637,26.144385205763427,71169200
2022-01-10,26.320863723754883,26.514556414764474,25.976517513150224,26.462905139959545,66473000
2022-01-11,27.21615982055664,27.26350750699284,26.32516752369276,26.54899190559561,76887800
2022-01-12,27.26780891418457,27.43567841865445,27.069811006714623,27.362504279480763,60496800
2022-01-13,27.13007354736328,27.48733217273321,27.018162176238462,27.267811377346654,59554000
2022-01-14,27.76711082458496,27.810153277247515,27.1386801787472,27.15589781659795,64801000
2022-01-18,27.879024505615234,28.206153103398744,27.452898581035736,28.06411003389588,82133400
2022-01-19,27.676719665527344,28.124365097381514,27.457198895957415,28.094235053238858,65978000
2022-01-20,27.422765731811523,28.158802538733006,27.366810869505947,27.495939874620603,83980800
2022-01-21,26.880422592163086,27.285027236091054,26.596338131114862,27.11285578082918,114539600
2022-01-24,27.061203002929688,27.155898371078013,25.75699728544561,26.243384891892433,124505600
2022-01-25,28.111454010009766,28.214759838143937,26.45860016700707,26.95790017590522,118434400
2022-01-26,28.064104080200195,28.63657818389081,27.758498418603235,28.408450245228877,130725400
2022-01-27,28.369718551635742,28.864711744878672,27.900546892496184,28.55910602375522,108901400
2022-01-28,28.249191284179688,28.524666919354964,27.659502791974145,28.180324017350173,105302400
2022-01-31,28.37401580810547,28.55479607230523,27.736979653136267,28.184628367294128,63298400
2022-02-01,29.385536193847656,29.454406761230945,28.141590304869254,28.206155640808735,90444600
2022-02-02,29.480222702026367,29.536180842151975,28.87331660843754,29.234877126502646,65197000
2022-02-03,29.200448989868164,29.419969806018383,28.881930843640838,29.359709704946436,61962600
2022-02-04,29.656705856323242,30.13017944800612,29.501750385019182,29.57061765897157,81733400
2022-02-07,30.035478591918945,30.31525943538097,29.2908347033033,29.51465740771591,65165000
2022-02-08,29.389835357666016,30.005351969878838,29.18323026602923,29.945091877824048,75764200
2022-02-09,29.63517951965332,29.86330746907606,29.385528702427898,29.458704482599877,70791400
2022-02-10,29.450098037719727,30.0182670155432,29.256405336797936,29.488838548261494,75643200
2022-02-11,30.306655883789062,30.345393107214605,29.463008022440416,29.648093530196178,93034000
2022-02-14,29.592145919799805,30.15600975846872,29.239192456186284,30.121577757184863,99633000
2022-02-15,29.2822265625,29.351097113268587,28.70114524708664,28.86470787926912,86092200
2022-02-16,29.51896095275879,30.031171647595094,29.338180707522447,29.514655722940354,73444200
2022-02-17,29.471620559692383,29.781531504643,29.243492581861783,29.493140146246247,67622800
2022-02-18,29.290836334228516,29.52326622778294,29.00675024488428,29.054097926441653,63291600
2022-02-22,28.817363739013672,30.177527728535885,28.382630648579063,30.177527728535885,93002800
2022-02-23,29.114360809326172,29.33818683161227,28.817362284493367,28.985230159243514,67958000
2022-02-24,28.886234283447266,29.768619440596616,28.132979782832116,29.73418416099696,123485800
2022-02-25,29.648096084594727,29.67822613338676,28.950799731427903,28.950799731427903,78423000
2022-02-28,30.379825592041016,30.414260865651563,29.273617877747565,29.43718050150501,96394200
2022-03-01,30.685434341430664,31.20195036180264,30.25500322981109,30.650999064358192,124231000
2022-03-02,31.387033462524414,31.63668427624854,31.003950065295005,31.15460028601525,90908200
2022-03-03,31.47311782836914,31.688333341540332,31.016858707375093,31.081424018112074,89119800
2022-03-04,32.38133239746094,32.39854675123132,31.387034344897927,31.46881730298599,105216800
2022-03-07,32.859107971191406,33.38423442860744,32.12737642871477,32.71706820668547,131214800
2022-03-08,33.37562942504883,34.52918495752824,32.424377044314255,33.608062623824026,196054400
2022-03-09,32.35551452636719,33.11737963670853,31.63669516584418,32.15321132436774,174036400
2022-03-10,33.345497131347656,33.43158203594045,32.50615453388913,32.738587717004016,137802600
2022-03-11,33.07863235473633,33.491845853847174,32.76011423157507,32.81176715043729,91837800
2022-03-14,32.08863830566406,32.60084905744297,31.658207225957923,32.37272111062728,101490000
2022-03-15,30.913562774658203,31.270821390871195,30.31956901381631,30.844695503396117,124724400
2022-03-16,30.771520614624023,31.3009523503203,30.448697266595023,31.029778636261437,107536200
2022-03-17,31.83037757873535,31.91216053614474,31.124470858577656,31.318166818137485,76956400
2022-03-18,31.800241470336914,32.01545697285824,31.559201158369977,31.7744166608913,58550800
2022-03-21,33.08216857910156,33.18646258240139,32.426002880548076,32.44338521443138,68714800
2022-03-22,32.83881759643555,33.12562108936283,32.46510576250402,32.94310826870879,66462200
2022-03-23,33.40373229980469,33.71226122530789,33.29509521412015,33.455875979115184,58663000
2022-03-24,33.486297607421875,33.81655530950315,33.26468031732174,33.52975509835077,52700600
2022-03-25,34.22068786621094,34.264142044877545,33.260336261711245,33.286408105842945,56083600
2022-03-28,33.37331771850586,33.52975540432238,33.16038662010269,33.51671616772008,69760400
2022-03-29,33.28640365600586,33.30378598821704,32.23914383417412,32.62589160868544,73274000
2022-03-30,33.673152923583984,33.91215585790898,33.39938863863619,33.60797000373707,49736400
2022-03-31,33.216888427734375,33.98603781460506,33.212542014435115,33.35594381523299,65606600
2022-04-01,33.486297607421875,33.79917297619981,33.151696808520576,33.17342223864394,49612600
2022-04-04,33.529754638671875,33.81220843379083,33.17342178385022,33.703571338640145,46007400
2022-04-05,33.00394058227539,34.10769361273459,32.96483282838847,33.59058341330147,54577200
2022-04-06,33.199493408203125,33.66445999335513,33.01263749181452,33.364620581737434,64328400
2022-04-07,33.63404083251953,33.74702432469161,32.7388690335263,33.35593017128103,54097400
2022-04-08,34.55963897705078,34.6552401700435,33.72530671785525,33.72530671785525,53426200
2022-04-11,33.521060943603516,34.19895533882322,33.447188516502074,34.190265830186966,52461000
2022-04-12,34.0772819519043,34.69868624581669,34.012099034154424,34.19895496352223,63929400
2022-04-13,34.58570861816406,34.68130980505916,33.92519645059841,34.494453843948236,49295800
2022-04-14,34.69868850708008,34.97245611640239,34.36843080020832,34.420577800874746,51869400
2022-04-18,35.20710754394531,35.415692220682175,34.76821607647683,34.98549026187979,60913200
2022-04-19,34.92030334472656,35.36788758495256,34.71606510337903,35.02459401348296,45727800
2022-04-20,35.05501174926758,35.241867657192074,34.67261042587489,35.01155758086804,52079400
2022-04-21,33.94256591796875,35.42003071135713,33.812200109745575,35.26359306762541,65157800
2022-04-22,33.112586975097656,34.29455916144932,33.09955105346515,33.80786707201596,71499200
2022-04-25,32.017520904541016,32.19134089861852,30.852931254164556,32.06966789736646,110724400
2022-04-26,32.06097412109375,32.938763573186314,31.97840888040985,32.25652285187027,89168600
2022-04-27,32.53029251098633,32.847510976855965,31.687267579428333,32.26521772973028,89132600
2022-04-28,33.51670837402344,33.790475918213275,32.104426433215394,32.74755936039465,87469600
2022-04-29,32.656314849853516,33.78179368089516,32.538984918339764,33.590594628046055,79416200
2022-05-02,33.177764892578125,33.19080081224371,32.356468800239284,32.456416376576605,104141200
2022-05-03,34.107696533203125,34.26413419282633,33.21687447098598,33.23859989766997,83298800
2022-05-04,35.52433395385742,35.59820639086241,34.3206362682384,34.76387420560971,90767400
2022-05-05,34.989830017089844,35.81112940959441,34.2771710222528,35.77636474756805,93194000
2022-05-06,36.03274917602539,36.03709558791607,34.7334505093449,35.441763141845854,94245600
2022-05-09,33.0517463684082,35.289671029122744,32.91703744110942,35.25925277730235,106044000
2022-05-10,33.351585388183594,34.1946102361034,32.64761587767255,33.56017005196712,113727800
2022-05-11,33.79916763305664,34.907267169747676,33.74267754525684,33.9078047125228,99705000
2022-05-12,33.94256591796875,33.95994824675452,32.886613480449725,33.78612827423703,90043600
2022-05-13,35.102813720703125,35.24186905429859,34.38580830999436,34.44664481123359,59437400
2022-05-16,36.028411865234375,36.39777736707732,35.20711228372943,35.228841031331356,56518800
2022-05-17,36.44557189941406,36.6671891744648,36.1196606316256,36.515097912565025,56329400
2022-05-18,35.51129150390625,36.74975363176244,35.085432664417404,36.70629946006132,66461400
2022-05-19,35.380924224853516,35.97625663034045,34.70302989111704,34.70302989111704,71441000
2022-05-20,35.533016204833984,36.23698570721082,34.82035719443109,35.815473288121396,63840000
2022-05-23,36.47164535522461,36.59766478219167,35.732914441656035,35.954531726522006,53289400
2022-05-24,36.61070251464844,36.7627937908102,35.78940630803377,36.06751701739846,53127600
2022-05-25,37.36681365966797,37.41896065794192,36.68457284678676,36.736719845060705,52648000
2022-05-26,37.779640197753906,38.062094014757946,37.566709087714685,37.59278424700312,42678200
2022-05-27,38.47056198120117,38.574852649006544,37.518900105873065,37.61015816996088,37334400
2022-05-31,37.892616271972656,39.3092448765277,37.68838132439217,39.10500661360628,78681200
2022-06-01,38.50967788696289,38.792131676246605,37.94911008972525,38.37062254065641,59297200
2022-06-02,38.388004302978516,38.657425506174114,38.0056029021271,38.240259437424974,52605400
2022-06-03,38.89642333984375,39.01809634614751,38.392345667624454,38.43579983911283,41050600
2022-06-06,38.852962493896484,39.10934438237319,38.64437786510747,39.083272547027136,33384600
2022-06-07,40.01321029663086,40.06535397346746,38.79647366855438,38.82689191848926,51378800
2022-06-08,40.10012435913086,40.54770866435328,39.85243191277762,40.20876145516896,56985400
2022-06-09,39.21364212036133,40.008866395420796,39.17018794849081,39.75682755709472,49176200
2022-06-10,38.54877853393555,39.34400270291394,38.10119432422847,38.76170626843554,62543600
2022-06-13,36.53682327270508,37.41895582536616,35.81112837932129,37.379844752876565,89462600
2022-06-14,36.60634994506836,37.7492141608672,36.12834745095818,37.27120835141641,69512800
2022-06-15,35.798095703125,36.70630357560925,35.194073697335774,36.52379404479692,86446400
2022-06-16,33.78178787231445,35.0376323412493,33.49064127287908,34.84643332127575,115958200
2022-06-17,31.934961318969727,33.79482795980776,31.548213504185238,33.54713550185206,128468400
2022-06-21,33.589385986328125,33.817883728317874,32.7281201087967,32.785243706164,70013400
2022-06-22,32.244754791259766,32.81160903980966,31.79654624840577,31.972315553405227,82425200
2022-06-23,31.049522399902344,32.631439007158015,30.526609782503268,32.39854616655767,113842200
2022-06-24,31.458187103271484,32.126109735578424,31.124229139638377,31.581227953185138,94797000
2022-06-27,32.3809700012207,32.60068074167676,31.78335651897863,31.822902843051196,67958800
2022-06-28,33.25541687011719,33.79151159808932,32.75447666422973,33.14995665638292,79568000
2022-06-29,32.0997428894043,33.83106137219141,32.00746142138835,33.71681419254135,71184000
2022-06-30,31.423032760620117,32.23596187434967,31.141803265627406,31.409850651873587,75533400
2022-07-01,31.893218994140625,32.02943861076302,30.81663411456045,31.80533266686763,69204000
2022-07-05,30.6276798248291,31.383485405783855,29.964155716973483,31.234083692233405,89865800
2022-07-06,30.10477066040039,30.84299898210078,29.19956000779663,30.298113858391243,96419000
2022-07-07,31.190141677856445,31.436216661876387,30.847390068302676,30.92209427632606,67587200
2022-07-08,31.176956176757812,31.699868869664936,30.74192980126209,31.568041069807947,43940600
2022-07-11,30.878145217895508,31.137405628473076,30.46509131586106,30.78586711150952,45508200
2022-07-12,30.276142120361328,30.456303192645144,29.731260397269786,30.069613478276953,64690200
2022-07-13,30.227806091308594,30.86057413885217,29.836721215401816,29.836721215401816,58978000
2022-07-14,29.65655517578125,29.69170969929488,28.773320402010462,29.168797057719228,73273600
2022-07-15,30.139921188354492,30.333267734712912,29.691712702047507,30.30250836165773,59920600
2022-07-18,30.829811096191406,31.33953824405705,30.68480121047631,30.944058261433906,51453600
2022-07-19,31.778966903686523,31.858062918135815,30.77708628900911,30.78587324504995,48776400
2022-07-20,32.08655548095703,32.23156537616029,31.295598816477202,31.427423250963898,41849400
2022-07-21,31.524097442626953,31.55485681349818,30.610103271373315,31.207713426511468,43159200
2022-07-22,31.264842987060547,31.959129819215086,31.084678547917044,31.64713757813632,40836400
2022-07-25,32.41173553466797,32.44249491008067,31.317573425300807,31.695476238954285,39112000
2022-07-26,32.117313385009766,32.94342788784133,31.90199780507844,32.79841799925668,37228800
2022-07-27,32.84236526489258,33.00495244310484,31.994281550741665,32.32384770879222,44810800
2022-07-28,33.026920318603516,33.36527338588745,32.41612137204392,33.13677568951023,46665400
2022-07-29,34.45943069458008,34.56489426064888,33.56301049811376,33.628924388776824,51667600
2022-08-01,33.74757766723633,33.95849814186378,33.29497063736892,33.870615169522424,51331000
2022-08-02,33.668479919433594,34.00683303331767,33.36967313531297,33.75196773310766,39864400
2022-08-03,32.701744079589844,33.91015308834468,32.49961061133685,33.809088030478016,57013200
2022-08-04,31.48894691467285,32.569923423498544,31.370301229942683,32.47764530899733,55991000
2022-08-05,32.11293411254883,32.38976853760629,31.062716665835545,31.062716665835545,45179600
2022-08-08,32.2799072265625,32.569927063856305,32.02943707277259,32.07777371232155,37756600
2022-08-09,32.84675598144531,33.26420505090389,32.67977702416585,32.736900610269906,34683000
2022-08-10,33.08403778076172,33.272989117847445,32.271108857027954,32.92145065500727,34788400
2022-08-11,34.22214126586914,34.5121610316275,33.60255876564294,33.70362382157478,60531600
2022-08-12,34.481414794921875,34.49899206189038,33.853041749011666,33.99805168711115,38381000
2022-08-15,33.8090934753418,33.993649712705555,32.930250418348415,33.233448993297394,42024400
2022-08-16,33.72999572753906,34.21335871346701,33.51907192962358,33.857428366537164,39357600
2022-08-17,34.01122283935547,34.3627580078834,33.48831021123992,33.57619651776175,45472400
2022-08-18,34.92521667480469,34.96036784123283,34.32760326277341,34.38912199467197,46866000
2022-08-19,34.91643524169922,35.15811843023063,34.63520572369192,34.837339230227144,39488400
2022-08-22,34.850521087646484,35.06584005496785,34.04638222144477,34.6176282090322,45696200
2022-08-23,36.107261657714844,36.37970417807747,35.3954010165567,35.42176523214928,54367000
2022-08-24,36.551082611083984,36.603814401030895,35.94907391447406,36.111661085753575,49093200
2022-08-25,36.832313537597656,37.0168697807393,36.476383161178724,36.76200783414764,39798600
2022-08-26,36.40167999267578,37.157485603381836,36.23909616300278,36.757613731799694,38635200
2022-08-29,36.95095443725586,37.42992564293581,36.291822149591475,36.38410362008225,52125000
2022-08-30,35.6985969543457,36.32696974953786,35.40418539326422,36.31818279582,57641800
2022-08-31,35.37342834472656,35.96225150547899,34.6879319241444,34.81536455278181,58304600
2022-09-01,34.50337600708008,34.982347203467285,34.02001300934152,34.850519407483986,56604200
2022-09-02,35.136146545410156,35.60193231308107,34.947195145832644,35.35146216503836,57188200
2022-09-06,34.810977935791016,35.58436085155967,34.665968010486786,35.465715148121454,45568200
2022-09-07,34.406707763671875,34.55610947737026,33.73878514855364,34.05077403820639,60541400
2022-09-08,34.55611038208008,34.72748451817156,34.138661251092195,34.56050553628047,53681600
2022-09-09,35.41737747192383,35.58875161408878,34.916437155976986,35.17569762266273,38678800
2022-09-12,36.067710876464844,36.45879567117698,35.628289457460696,35.93588310975585,41731800
2022-09-13,35.15811538696289,36.1116592436844,34.99992337771176,35.50525877656842,61146000
2022-09-14,36.15121078491211,36.40607609797469,35.48768663360432,35.48768663360432,54384200
2022-09-15,35.219635009765625,35.65905652366783,35.048260887545375,35.50965146563063,55886400
2022-09-16,34.46821975708008,35.13613888880592,33.967279570155796,35.10977467450031,70403600
2022-09-19,34.48865509033203,34.51086706893966,33.440313414607594,33.52027179289411,37625800
2022-09-20,34.248783111572266,34.4486807702456,33.84455149842505,34.248783111572266,42299600
2022-09-21,33.746826171875,34.94175895235937,33.733500338335006,34.89289530333099,68705800
2022-09-22,33.62688064575195,34.47088496692994,33.60022898362246,34.35983185596105,57748000
2022-09-23,31.308095932006836,32.383089280757396,31.068220794926006,32.32089980696668,105475600
2022-09-26,30.53961753845215,31.503558107742787,30.499640029520645,31.112652223316996,72159600
2022-09-27,30.88165283203125,31.454687388273435,30.70841022073391,31.068224665720553,67671200
2022-09-28,32.24982452392578,32.42751018907763,31.00603164600721,31.192600069334166,63147600
2022-09-29,32.24982452392578,32.31645707199175,31.450244114350735,32.01439245795526,48563000
2022-09-30,31.992185592651367,32.43639813199937,31.68123817073685,31.992185592651367,43369400
2022-10-03,33.80012893676758,33.97781462214431,33.08938958433323,33.14269630666802,69550600
2022-10-04,35.25270462036133,35.28379936010648,34.21324559774614,34.484215496556324,66330800
2022-10-05,35.9812126159668,36.261065271802686,34.937313915416816,35.23937855195326,61273600
2022-10-06,36.620887756347656,36.73194090612884,35.66138691548308,35.68803858692715,52670200
2022-10-07,36.33658218383789,37.10951094933633,36.074495058578464,36.69639320778035,56915400
2022-10-10,35.590309143066406,36.78968161909113,35.47481293626311,36.47873420355069,46331600
2022-10-11,35.30600357055664,35.91457239864096,34.77738972215782,34.92398062972464,53842200
2022-10-12,35.590309143066406,35.83906707549876,34.8440319566967,35.07502098123065,41102400
2022-10-13,37.04288101196289,37.185028879884676,35.115000341456565,35.12388310048246,70134800
2022-10-14,35.661373138427734,37.16725299656834,35.59030091234315,36.63864251239769,53494600
2022-10-17,36.105587005615234,36.70083344453383,36.00342004109387,36.22108319031383,37988400
2022-10-18,36.42097091674805,36.75857326363807,35.71911795459882,36.40320201543053,50375800
2022-10-19,37.49597930908203,37.633684101625654,36.51426668710646,36.52759590912542,62527600
2022-10-20,37.531517028808594,38.12676360223051,37.30497107068496,37.78027835891411,50523600
2022-10-21,38.61539840698242,38.690913729647036,37.642571805230624,37.740299111772096,50548400
2022-10-24,38.797515869140625,39.06848574952328,38.38440152165176,38.59317853770115,44992000
2022-10-25,38.83749771118164,39.015183383051316,38.43770579674294,38.64648620700939,37683600
2022-10-26,39.36611557006836,39.677062984976445,38.95743746738148,38.984092523711205,45413000
2022-10-27,39.50825500488281,40.174573656564505,39.388315749699835,39.90804348463429,50021200
2022-10-28,39.64596176147461,40.25897373167012,38.93522250855111,39.93470053615131,49328000
2022-10-31,39.979122161865234,40.50329301021702,39.21063310022873,39.255057058332994,59520800
2022-11-01,40.36559295654297,40.66765760603571,40.12127471464716,40.6498886985276,43510800
2022-11-02,39.39276885986328,40.4455538178252,39.2994846315486,40.23677337818495,56499200
2022-11-03,40.121273040771484,40.34782236570746,39.041836525464426,39.15288965095251,53634400
2022-11-04,40.60990524291992,41.32064455296451,40.041313794884246,41.014140237769496,60590600
2022-11-07,41.30732727050781,41.43614932666039,40.62323948390776,40.694315124160106,38775400
2022-11-08,41.3473014831543,41.524987165995775,40.84089948995322,41.227362206880485,43718600
2022-11-09,39.32612609863281,40.916407420022786,39.23728496778042,40.78758540793648,63028000
2022-11-10,40.201229095458984,40.24564966526383,39.31280414307315,40.13903961991775,58488200
2022-11-11,41.369510650634766,41.58273415082419,40.87199479864706,40.96972209502252,51082600
2022-11-14,41.35618209838867,42.071364477674365,41.24512897600359,41.24957204983925,46245200
2022-11-15,41.79151916503906,41.89812923230186,41.24069314118992,41.51166307849894,51542200
2022-11-16,40.93862533569336,41.67157324422438,40.72540184601745,41.41837225658746,47277200
2022-11-17,41.0274658203125,41.06300363286629,40.103503028348,40.31228344076109,42859800
2022-11-18,40.70318603515625,40.814239148916,39.761457799479736,40.26785972709841,47366200
2022-11-21,40.152366638183594,40.258976686679276,38.775308599117224,39.8192072711963,85153600
2022-11-22,41.409488677978516,41.50277289377967,40.46775698325316,40.65432541485548,53755000
2022-11-23,40.96083450317383,41.22292164231417,40.50773924121464,40.658769865510216,41197400
2022-11-25,40.8098030090332,41.2762240938919,40.7387273832991,40.987485295223735,15182600
2022-11-28,39.69038772583008,40.312285927596484,39.557126004141054,39.810327003329995,58262400
2022-11-29,40.29007339477539,40.525508872442096,39.98356906673412,40.13015661967886,38048400
2022-11-30,40.48997116088867,40.81868747094425,39.85474713294183,40.738729083193164,43830200
2022-12-01,40.356712341308594,40.978610633066765,40.21900752558161,40.77427325231693,38902000
2022-12-02,40.11682891845703,40.592136147562144,39.881396840826326,40.076851421080804,36770000
2022-12-05,38.92633819580078,40.67209336850114,38.59317883756844,40.51217660542384,51753800
2022-12-06,37.90020751953125,39.148443466331656,37.638123790958815,38.6820224097861,64930200
2022-12-07,37.81135940551758,38.38883347218142,37.47820011699445,37.89131777032599,48894200
2022-12-08,37.64256286621094,38.744211256878415,37.433782468010364,38.65980980507679,51280800
2022-12-09,36.72749710083008,37.93575588867353,36.71417126537304,37.522638044139896,48097800
2022-12-12,37.691429138183594,37.7802736697201,36.794121398635106,36.93626926002118,42184800
2022-12-13,38.4066162109375,38.726449785396994,38.10455154495606,38.424385119415554,54557400
2022-12-14,38.171180725097656,38.80640474339109,37.82913858712695,38.66869995121843,52675600
2022-12-15,37.9401969909668,38.02903814877683,37.296086735088814,37.83802660931963,40406600
2022-12-16,37.4737663269043,37.65145200261246,36.96292128014547,37.225008414356296,59101000
2022-12-19,37.469276428222656,37.98987169694272,37.19551571346085,37.86869712537131,36836600
2022-12-20,38.034751892089844,38.2770976247575,37.44235235356154,37.58596425914483,28593000
2022-12-21,38.757301330566406,38.93232823835373,38.24119485356208,38.81115708064635,34058200
2022-12-22,37.86421203613281,38.82012841653219,37.10575987659936,38.797687666353504,37359400
2022-12-23,39.071449279785156,39.08042694965369,38.16938862473366,38.366852850129646,29630000
2022-12-27,39.48881912231445,39.654871763401665,39.09837610999498,39.24198800197018,32749200
2022-12-28,38.60470962524414,39.43496946270377,38.483538474207954,39.43496946270377,31838000
2022-12-29,39.00862503051758,39.18365195497007,38.42520309033539,38.443155008737996,26915800
2022-12-30,39.25545120239258,39.331744271243586,38.79768594133134,38.80217477596304,22661800
2023-01-03,37.8776741027832,39.206084987133885,37.40644575346599,39.00861734757579,53082800
2023-01-04,37.87318801879883,38.09309299992896,37.173080408029776,37.31669231341773,45705200
2023-01-05,38.56431579589844,38.77524650037047,37.70264448841802,37.81035254585871,38723800
2023-01-06,39.295841217041016,39.776043812774965,38.96373935127545,39.062473171254375,44422400
2023-01-09,39.15671920776367,39.95107177568614,39.03105922404511,39.888241783826864,46003200
2023-01-10,39.434974670410156,39.51575658976146,38.815645480724086,39.412533916821026,31599000
2023-01-11,39.5561408996582,39.879268536727416,39.12979402651168,39.7805347116254,32903000
2023-01-12,40.310096740722656,40.570394335902435,39.71769732436912,39.793990384480615,36716000
2023-01-13,40.36845016479492,40.46718400154267,39.85234707557792,40.278693999012376,31808400
2023-01-17,40.45371627807617,40.8755777416088,40.287663624052556,40.46269394801143,33933200
2023-01-18,39.71321105957031,41.09547759514922,39.67282182183136,40.642201191317824,38075200
2023-01-19,40.20688247680664,40.36844629892572,39.39906679018916,39.48433753630143,34293800
2023-01-20,40.60630798339844,40.74543105889946,39.88375959467333,40.29215457474776,28560000
2023-01-23,40.66016387939453,41.1044627321436,40.53001503889666,40.90250964197903,29305000
2023-01-24,40.503082275390625,40.597327263713645,39.69975203323408,40.52552302574372,30755200
2023-01-25,40.507572174072266,40.507572174072266,39.663849243917724,40.30561568752389,26861200
2023-01-26,41.78661346435547,41.80456537912729,40.66015563626145,41.16279897793958,36663000
2023-01-27,40.94289779663086,41.76866540856097,40.87557896601139,41.56222350557844,34841000
2023-01-30,40.004920959472656,40.705028424761245,39.951065222151534,40.64668727731293,27525000
2023-01-31,40.35947036743164,40.42230035963447,39.46189513713091,39.8702900864493,27848200
2023-02-01,39.56511688232422,40.34151752119378,39.04452161725157,40.170979464003274,46967200
2023-02-02,38.66305923461914,39.48882692055444,38.23670888513836,39.41253383687138,49803000
2023-02-03,38.577781677246094,39.45291955145401,38.53739243676362,38.82461622678676,45454800
2023-02-06,38.40275955200195,38.905402958896495,37.93153114403969,38.61369029796643,31714400
2023-02-07,39.650386810302734,39.708731394114515,38.44315040219782,38.645103468065564,41014000
2023-02-08,39.295841217041016,39.82092531202186,39.071447416717156,39.61896883734379,26967200
2023-02-09,38.959259033203125,39.42599865078519,38.932332866950944,39.30033864297048,32150400
2023-02-10,40.485130310058594,40.565912217661406,39.56960316521929,39.60550699614893,40003200
2023-02-13,40.381919860839844,40.538994875355115,39.861324471042366,40.278697180456376,24744800
2023-02-14,40.3953742980957,40.69157234435753,39.95107209273628,40.06326899680078,27022600
2023-02-15,39.70873260498047,40.02737142421031,39.20160037135123,39.94210067541006,31939600
2023-02-16,39.31828308105469,39.834389521222995,39.27789041538316,39.493309976349835,25314200
2023-02-17,37.918060302734375,38.734853531804816,37.752011095491476,38.707927373652424,44680400
2023-02-21,37.72957992553711,38.16490452072252,37.65777567757712,37.752020679012375,33622600
2023-02-22,37.47825241088867,37.98089231781193,37.155124799879395,37.62634971261995,40270400
2023-02-23,38.043731689453125,38.263640126948815,37.563528989091,38.043731689453125,35023400
2023-02-24,37.994361877441406,38.048214200955876,37.267324694195516,37.48274083620907,37496800
2023-02-27,38.10655975341797,38.27260898711821,37.79240635434936,38.07065592084248,30676400
2023-02-28,37.55902862548828,38.50597056612781,37.52761363606324,38.49250406439389,38007600
2023-03-01,38.299537658691406,38.49251649145492,37.45132924639968,37.59045575074985,37094000
2023-03-02,38.636131286621094,38.779746637034975,38.111050501589375,38.232225097506486,32798600
2023-03-03,39.16121292114258,39.35419175560164,38.146951831382516,38.17387799582577,50675200
2023-03-06,39.17915344238281,39.241983423793286,38.78870705163729,38.94578200516347,33898400
2023-03-07,38.49699783325195,39.04451922539854,38.398264018408796,38.94578541055538,37000400
2023-03-08,38.10206985473633,38.81564053137073,37.734064141055256,38.32646366610229,39399000
2023-03-09,37.56351852416992,38.860514337383975,37.554544279251964,38.32197061889236,37888200
2023-03-10,37.08332061767578,38.09309278472398,36.867904472799786,37.56352324460181,56624800
2023-03-13,36.329349517822266,36.98009349668971,35.50358209854143,36.13637074118946,83327000
2023-03-14,36.688385009765625,37.50517827608204,36.04212979281988,36.32486816222241,61066400
2023-03-15,34.71821212768555,35.61129857317281,34.21556873791517,35.34202667378717,115347000
2023-03-16,35.09518814086914,35.18494771318525,33.82063302977855,33.95527067626393,88790400
2023-03-17,34.543182373046875,35.18494878271029,34.26044399162863,34.893236155776435,67351600
2023-03-20,35.2347297668457,35.461465488536376,34.50917614937806,34.50917614937806,52288800
2023-03-21,36.454566955566406,36.56793480987771,35.8514491402993,35.96028477143104,59712400
2023-03-22,35.67913055419922,36.64502340867327,35.65192337680094,36.4772412017675,49209400
2023-03-23,35.184837341308594,36.187011982637245,34.84473385823761,35.87411567110425,49486200
2023-03-24,35.320884704589844,35.456927499367055,34.377663425404904,34.486499045111465,41298000
2023-03-27,36.07365036010742,36.27771110116663,35.407046865069546,35.69273259449486,40223800
2023-03-28,36.63142395019531,36.790138269100915,35.85598816950281,35.86959175973576,32596800
2023-03-29,37.139305114746094,37.18011587652701,36.75385515028575,36.99419441778296,36204600
2023-03-30,37.302555084228516,37.50208013024858,37.08488730891072,37.44766578120307,27460800
2023-03-31,37.56103515625,37.624520872538696,37.26174238542153,37.39778518301848,32294600
2023-04-03,39.26155471801758,39.515497595399204,38.93959043856238,39.143651185070865,62452200
2023-04-04,38.549598693847656,39.42933072057261,38.204959514669646,39.379448597545064,49363000
2023-04-05,39.13004684448242,39.13004684448242,38.32286831999507,38.64483259326181,40552200
2023-04-06,38.53599548339844,39.111902555272486,38.45890272724193,39.071091795876434,33378600
2023-04-10,38.8443603515625,39.288760369728244,38.68111037680836,38.68111037680836,26977200
2023-04-11,39.21167755126953,39.45655255390778,38.839831093866124,39.06203113970516,25575200
2023-04-12,39.238887786865234,39.56538781580474,39.12098422981198,39.483762808569864,33334400
2023-04-13,39.483760833740234,39.58352511089446,39.08470718483608,39.179935778561635,31384600
2023-04-14,39.55631637573242,39.787584325817676,39.325044965934545,39.538177102443115,23560200
2023-04-17,39.0892333984375,39.588054707513024,38.953194053908724,39.424804726308714,23762000
2023-04-18,39.2434196472168,39.34318391964129,38.80355178773385,38.9985446493692,24493600
2023-04-19,39.10737991333008,39.139122778904266,38.67658338629283,38.88971553788218,34246200
2023-04-20,38.76273727416992,38.77180518000881,38.29112659716575,38.56320874859178,30396200
2023-04-21,38.53599548339844,38.92144542533414,38.36367416227275,38.90330615680977,33757600
2023-04-24,39.125511169433594,39.30690041827444,38.39995763378238,38.41356122199581,25251800
2023-04-25,38.39089584350586,38.81262098414769,38.16416011126606,38.74460303224593,30665200
2023-04-26,37.87846755981445,38.47251401919173,37.64719616444805,38.11880686140335,40070000
2023-04-27,38.014503479003906,38.109732045780774,37.49754642523704,37.85578920104246,34114600
2023-04-28,38.60401916503906,38.812615594568136,37.746958492962385,37.87846561456571,38228600
2023-05-01,38.1686897277832,38.58135039293472,37.96462896659095,38.11880759332066,27821400
2023-05-02,36.50897979736328,37.7696296120075,36.15980491621508,37.71067958129307,67648000
2023-05-03,35.819705963134766,36.463637999317406,35.80610237429153,36.0419094466154,59367600
2023-05-04,35.42064666748047,36.196082244225224,35.311814514528166,35.833303788101844,52861000
2023-05-05,36.38201141357422,36.667697145910566,36.1824828933768,36.400147224762925,39073400
2023-05-08,36.38201141357422,37.07128640924649,36.377475730920956,36.912572113504076,32711800
2023-05-09,36.395626068115234,36.74026194088375,36.01924386683342,36.09633319681744,41421200
2023-05-10,35.98295974731445,36.64956334870349,35.71087756258964,36.577009713976125,36052000
2023-05-11,35.55215835571289,35.7380798301593,35.28007620839178,35.47506904825248,38168200
2023-05-12,35.606571197509766,35.96934968500929,35.34809264957277,35.729010407418485,37913200
2023-05-15,35.7879638671875,35.99202808333277,35.456931665888625,35.73808173388837,32544600
2023-05-16,34.90822982788086,35.7743584011832,34.85381201448796,35.6201797861383,44511200
2023-05-17,35.57936477661133,35.769821929718425,35.0079898575779,35.266468410998144,46200600
2023-05-18,35.83784484863281,35.88319129752572,35.14403414740573,35.36623416877957,33154200
2023-05-19,36.11445617675781,36.395609644770225,35.9103954636549,36.168873981450695,36122200
2023-05-22,35.96481704711914,36.33213124822845,35.91040269118618,35.978420636102385,26943600
2023-05-23,36.35026550292969,36.76292263721863,36.21422271244962,36.30945128190091,42803800
2023-05-24,36.50897979736328,36.790129823537185,36.200619137257284,36.63595122334013,33474200
2023-05-25,35.86051940917969,36.0600444740601,35.5249480796898,35.98295516581739,38251000
2023-05-26,35.71994400024414,36.17795112584753,35.534022507886355,36.07818685495248,28785800
2023-05-30,35.352630615234375,35.39344484107717,34.96264492688551,35.09868773341178,40331600
2023-05-31,34.73137283325195,35.066944159934735,34.61347276035367,34.79939423513156,44797600
2023-06-01,35.16217041015625,35.556691747162006,34.57719192826992,34.812995518163206,51623600
2023-06-02,36.232364654541016,36.404682536776654,35.57482906499949,35.819704030099906,55278800
2023-06-05,35.99202346801758,36.76292340425736,35.92853775372546,36.76292340425736,37826200
2023-06-06,36.282249450683594,36.31399231184187,35.47960309613334,35.51588164023206,34750800
2023-06-07,37.24360275268555,37.288952657917946,36.436424259401974,36.459099212018174,60654200
2023-06-08,37.08489227294922,37.420460155924694,36.46817086332747,37.29348871154005,46155200
2023-06-09,36.88083267211914,37.24814342769218,36.78106840277523,37.0667541615862,38387000
2023-06-12,36.52712631225586,36.894437075935926,36.27771563339127,36.327597769164186,36387000
2023-06-13,36.699440002441406,37.42045785721073,36.681300731541825,36.930711381770806,40136400
2023-06-14,36.32305908203125,37.22546621506222,36.05097692922484,37.0622196911482,47605400
2023-06-15,36.72211456298828,36.99872892703801,36.377475339009024,36.38654324450568,46777000
2023-06-16,36.66769790649414,36.962455010251034,36.56339796157872,36.858155065335616,47461800
2023-06-20,35.84700393676758,36.46458178566382,35.57709742358175,36.42341155782396,42552000
2023-06-21,36.13063430786133,36.43713541953765,35.64571840277384,35.70061553076078,34473800
2023-06-22,35.64571762084961,35.84242796242254,35.513052182097134,35.801257734974584,33507400
2023-06-23,35.3895378112793,35.4856051649717,35.09676011711614,35.2614480063561,34905200
2023-06-26,36.02541732788086,36.22670331615954,35.3712413561608,35.45358530680338,32488600
2023-06-27,36.107765197753906,36.26330184908021,35.77838935943227,35.988823147207526,28388400
2023-06-28,36.47373580932617,36.51948167377948,35.75093928433231,36.071163825691244,32903200
2023-06-29,36.89460372924805,36.89460372924805,36.41426342204204,36.61097378239864,28435800
2023-06-30,37.13248062133789,37.320043186095695,36.87172537802526,37.146204030430326,35970600
2023-07-03,37.219398498535156,37.498452771282246,37.08215743351075,37.22397413141871,19539800
2023-07-05,37.01354217529297,37.38408818246037,36.80310493472942,37.37493691625216,32557400
2023-07-06,36.18095779418945,36.86715629215656,35.90647909303982,36.610976636441706,41967800
2023-07-07,36.95863723754883,37.30173635394993,35.97508573916206,36.00253255161505,48916000
2023-07-10,37.24684524536133,37.32004141061931,36.83512554124831,36.86257584831269,30925000
2023-07-11,38.06571960449219,38.12518888766017,37.34292297743712,37.416119163046545,39642000
2023-07-12,38.4179573059082,38.632963176391456,38.18007327233195,38.37678359271094,43077600
2023-07-13,38.271575927734375,38.65584537809731,37.91474980787284,38.41796478837536,53226400
2023-07-14,37.26056671142578,38.061131403729334,37.169074999807975,38.02453681319326,43988200
2023-07-17,37.187374114990234,37.34748635573607,37.01811060895315,37.12790485133751,32445800
2023-07-18,37.5625,37.951345054766065,37.04098950486707,37.10045877529961,43209400
2023-07-19,37.782081604003906,38.03826470909422,37.48015612789257,37.56250007413848,37521000
2023-07-20,38.22582244873047,38.303594249262616,37.905597941311164,38.09315701274665,35449800
2023-07-21,38.56435012817383,38.58264568017108,38.12060795325381,38.367639787441824,31529000
2023-07-24,39.18650817871094,39.47013464020706,38.74733809540152,38.76106499628092,44539600
2023-07-25,39.392364501953125,39.62109731012139,38.93032325220125,39.168207327200214,33606600
2023-07-26,39.40609359741211,39.56163374430397,39.01267283138622,39.067569969733846,32788000
2023-07-27,39.15447235107422,39.78120137265492,39.04468160305054,39.621089137998524,35550600
2023-07-28,39.27341842651367,39.282569692403484,38.70158646488655,39.12702958394454,34627800
2023-07-31,40.01909637451172,40.13346278637394,39.50215795917548,39.616524371037706,36266400
2023-08-01,39.8315315246582,39.94589793003395,39.40151272358596,39.85897834508896,35766000
2023-08-02,39.31001663208008,39.762906569846784,38.976065229768665,39.56162409205343,45920000
2023-08-03,39.7080192565918,40.06484190013445,39.200232113031596,39.41524152393188,41630600
2023-08-04,39.76290512084961,40.36675951259531,39.71715926348111,39.991637897877304,43208200
2023-08-07,39.808658599853516,40.06941387598103,39.68972004596087,39.98707341106421,26821600
2023-08-08,40.00536346435547,40.02366250632714,38.87085078359496,39.163628474770924,37237200
2023-08-09,40.50857925415039,40.87912526394312,40.14260538730872,40.394212857035555,52085600
2023-08-10,40.50400161743164,41.030087716173476,40.22952297597055,40.568046517433054,39226600
2023-08-11,41.126155853271484,41.171901712692964,40.476555575004596,40.485703350814745,46689200
2023-08-14,40.95232391357422,41.12158746244761,40.677845218519884,41.011796682463064,30189400
2023-08-15,40.101436614990234,40.71443885048372,40.028240442891295,40.668692988014676,44982400
2023-08-16,39.75375747680664,40.57719338271606,39.72630717014668,40.14260250100153,37995400
2023-08-17,40.229522705078125,40.7784799843038,40.170049948202085,40.3118666459805,40464200
2023-08-18,40.62752151489258,40.6778430134464,39.868130383401294,39.996220201470734,35307200
2023-08-21,40.371341705322266,40.956897151230365,40.09228739279016,40.79220924579549,30488400
2023-08-22,40.060264587402344,40.56347607618387,40.03738991010902,40.421662849485315,25732800
2023-08-23,39.95962142944336,39.99621951688986,39.28257426261169,39.62567347950477,38798600
2023-08-24,39.68513870239258,40.10600619450257,39.570772308437554,39.59821912612745,33455000
2023-08-25,40.06940841674805,40.27069438850515,39.57534824363076,39.92301957097526,38036800
2023-08-28,40.33932113647461,40.641246650427234,40.10601267783899,40.17463322334193,25718200
2023-08-29,40.44910430908203,40.49027802471583,40.046535869449215,40.48570239182646,27019400
2023-08-30,40.650394439697266,40.723587122501364,40.47198313076685,40.632095396449834,27890200
2023-08-31,40.67783737182617,40.86997207228312,40.3850596882198,40.80135502939513,29617400
2023-09-01,41.51042556762695,41.556171427386744,41.11700489135905,41.12615615742224,35764200
2023-09-05,41.73001480102539,42.15545797117014,41.70256798043081,41.743738211322686,48737400
2023-09-06,41.74831008911133,41.972467247568495,41.44180549590697,41.647667102404114,40324200
2023-09-07,41.70714569091797,42.0456728109721,41.63395299616721,41.830663380452535,30729200
2023-09-08,42.109710693359375,42.4116361803228,41.88097788892002,41.90384907525259,34739000
2023-09-11,41.556175231933594,42.54430264609989,41.38691518630774,42.416212830971446,44095000
2023-09-12,42.53515625,42.58090211543274,41.92672611820566,42.0044944384599,53599400
2023-09-13,42.21492385864258,42.66324167010149,41.99534233113305,42.57632209161186,36315400
2023-09-14,42.708980560302734,42.8599450171926,42.525993657119706,42.65408344229236,37099800
2023-09-15,42.09141159057617,42.73186414013654,42.09141159057617,42.31556876135733,49612800
2023-09-18,42.44810104370117,42.65087238197634,42.13472875543082,42.52644323678356,33746600
2023-09-19,42.05177688598633,42.82599056271664,41.802922113186504,42.766082447686244,36264400
2023-09-20,41.66006088256836,42.31906418754795,41.63240800930877,41.844398135222775,35930400
2023-09-21,41.088623046875,42.042564653810174,41.01949613009456,41.94578486075294,43446200
2023-09-22,41.157745361328125,41.67388900826495,41.12088072050052,41.39738486438274,42067400
2023-09-25,41.673885345458984,41.738402856162885,41.047140799243365,41.047140799243365,35073800
2023-09-26,41.43424987792969,41.68310112738705,41.249912624011806,41.31443013549197,33460000
2023-09-27,42.46653747558594,42.586357229022,41.7660565495885,41.950393820426825,46289400
2023-09-28,42.51261520385742,42.761469958670915,42.18541826214168,42.28219452524573,48462800
2023-09-29,41.655452728271484,42.614003657945894,41.49876834419779,42.44810047719683,48369200
2023-10-02,40.82593536376953,41.71075346808589,40.54482536216258,41.60014900758345,50599800
2023-10-03,40.79827880859375,40.876620984005626,40.397349136815286,40.729151911960905,41466600
2023-10-04,39.517147064208984,40.25910194342448,39.13004200510903,40.18997503545932,59572400
2023-10-05,39.27290344238281,39.61853448157402,38.95031236290657,38.95031236290657,47037000
2023-10-06,39.507930755615234,39.867386448549524,38.830493403881924,39.27290068102724,51481000
2023-10-09,40.82593536376953,40.996447936755324,40.27753652319263,40.567865321145106,61489000
2023-10-10,40.87663269042969,41.148530957468914,40.632387299526954,40.86280801033195,41700600
2023-10-11,40.35127258300781,40.49874169301653,39.885825292132715,40.457267653923886,47145400
2023-10-12,40.39735794067383,40.816721777342984,40.208411283095955,40.77985362231207,39986400
2023-10-13,41.286781311035156,41.48494326314099,40.88124212539716,41.05636060002563,48511800
2023-10-16,41.56328201293945,41.68770762902264,41.166958175133104,41.554063217116735,38365200
2023-10-17,41.99647521972656,42.12551376420575,41.411208192873076,41.47111630871136,40424000
2023-10-18,42.37897491455078,42.55409338160737,42.07021201897434,42.16698829150095,47616800
2023-10-19,42.305240631103516,42.65547755290279,41.830571050246306,42.231504321709515,63297000
2023-10-20,41.59554672241211,42.388194511522286,41.45268349422722,42.231506603564235,46549600
2023-10-23,40.92271423339844,41.36051211965365,40.73376758787446,41.35590272158365,51888200
2023-10-24,40.3466682434082,41.05636094525705,40.33284004724089,41.024102186082104,44271600
2023-10-25,40.27293014526367,40.581693043122044,40.07015880174312,40.37431581702395,41412600
2023-10-26,39.95956039428711,40.14389767141698,39.563236479037286,39.90425815636581,44770400
2023-10-27,39.001007080078125,40.070159005638,38.867362649890524,39.91808401316465,53809400
2023-10-30,39.130043029785156,39.42037183171279,38.752149725138686,39.139258310316215,45530600
2023-10-31,39.25907516479492,39.342026747234925,38.784409143698426,39.176123582354926,37205600
2023-11-01,39.166908264160156,39.71992003484177,39.11160954825051,39.50793341999308,46082600
2023-11-02,40.35127258300781,40.38814073949522,39.0378752726269,39.26368657821567,45323000
2023-11-03,39.94573211669922,40.4065735100548,39.701486740771294,40.277538482465765,47235000
2023-11-06,39.494102478027344,40.263710208332945,39.37889213997482,40.263710208332945,41035400
2023-11-07,38.61851119995117,39.04709384784447,38.44799861412149,38.9779669338086,47550200
2023-11-08,38.13462829589844,38.7245047631817,38.12080361556228,38.47104408648962,50742000
2023-11-09,38.0194206237793,38.50330556536757,37.99637714429745,38.415744562466124,38232200
2023-11-10,38.43878173828125,38.530948609211336,38.07471662100812,38.44799701899795,34565600
2023-11-13,38.71528625488281,38.79362844755234,38.378870492330165,38.4986902384923,28447400
2023-11-14,39.060916900634766,39.171517848921255,38.798237450991394,38.862754963820244,34724000
2023-11-15,38.98717498779297,39.480275059795424,38.9318762795678,39.00099966484926,33043600
2023-11-16,38.2267951965332,38.76598234152853,37.8396900831428,38.61851322462631,53166000
2023-11-17,39.028656005859375,39.28672604303522,38.46181958455892,38.55398996636498,48850800
2023-11-20,39.08395767211914,39.42037343823428,39.074742391212524,39.18995274021977,29093800
2023-11-21,38.996395111083984,39.06551849871933,38.623111238151296,38.89961885245414,26973800
2023-11-22,38.97796630859375,39.01022506583426,38.000981278545424,38.21757729827781,36547200
2023-11-24,39.139259338378906,39.42958814793255,38.941097400319535,38.96414087616348,19152600
2023-11-27,39.001007080078125,39.07013399444287,38.63694194596865,38.93648956425527,24501800
2023-11-28,39.010223388671875,39.36967910130952,38.93648708046893,39.07935029862697,28921800
2023-11-29,38.71989059448242,39.305161106847656,38.595464970844034,39.25446827456592,45268000
2023-11-30,38.97796630859375,39.53558397857455,38.512515511888466,39.05169910402599,58364600
2023-12-01,39.18073654174805,39.6461873670684,38.75676327311023,38.931885265417066,43048000
2023-12-04,39.001007080078125,39.24525597962568,38.715287657417186,38.895015525200975,37070200
2023-12-05,38.3189582824707,39.051694328446,38.29591480899936,38.97796154203044,37747200
2023-12-06,37.74752426147461,38.337400745615426,37.60005162449822,38.0701118650075,62306600
2023-12-07,37.48944854736328,38.11158375675338,37.35580411460021,37.92264060418558,40908800
2023-12-08,37.894989013671875,38.01019936107142,37.65995892051339,37.738301112919295,34127200
2023-12-11,37.941070556640625,38.06549617861085,37.75212390867997,37.92724587819289,29344200
2023-12-12,37.420318603515625,37.63230873208224,37.20833199088971,37.59083117964418,45386600
2023-12-13,37.941070556640625,37.954895235088365,37.268242583306204,37.44336103687853,46445600
2023-12-14,39.05630874633789,39.1070015817382,38.323572606182104,38.323572606182104,60717400
2023-12-15,38.848934173583984,38.922666974508765,38.5263430612074,38.70607093864161,46366400
2023-12-18,39.16624450683594,39.738525476748556,39.129022229991996,39.53846017585198,42447200
2023-12-19,39.63615798950195,39.67803038021544,39.15227913733945,39.24067758986047,36862400
2023-12-20,39.26859664916992,40.00837062710214,39.22207058667229,39.77573676490292,39818200
2023-12-21,39.42213821411133,39.48262174401407,39.05457626383029,39.3476936698822,26062800
2023-12-22,39.5384521484375,39.88274926506276,39.47796507341874,39.705945260806054,25037800
2023-12-26,39.87809753417969,40.09212026842514,39.75247680636365,39.87344386286468,25983400
2023-12-27,39.701297760009766,40.01302629901325,39.55706234443063,39.87809822622565,20238200
2023-12-28,39.0964469909668,39.65011672850609,39.08248952694666,39.496577524862424,26198000
2023-12-29,39.008052825927734,39.26860522227806,38.891735869433845,39.231382944269185,24345400
2024-01-02,39.426788330078125,39.78969660886397,39.22672305463064,39.282556462794325,39301800
2024-01-03,40.0688591003418,40.21309096402733,39.28720915410685,39.48727442456315,37936000
2024-01-04,39.366310119628906,40.529479657380115,39.34304530898919,40.35732928789672,42049000
2024-01-05,39.39887619018555,39.76178449466432,39.21742203794616,39.74317335729214,34029200
2024-01-08,38.94291305541992,38.989442674729574,38.198485292716036,38.72889029549953,47218600
2024-01-09,38.319454193115234,39.03596699183525,38.235705851713895,38.99409104627888,33750400
2024-01-10,37.942588806152344,38.407856585260475,37.78904958711592,38.39389557012961,33159800
2024-01-11,38.04029083251953,38.24500622117421,37.8867516287452,38.147300423239024,38588600
2024-01-12,38.46833801269531,38.7800665557014,38.235704135876816,38.62652734507049,38769200
2024-01-16,37.5517578125,38.43576720356083,37.5284965559814,38.38458746962445,36031200
2024-01-17,37.24003219604492,37.61224427681363,37.08183931069195,37.16558765006439,39284200
2024-01-18,37.17955017089844,37.28190610120122,36.74685099156366,37.24933749844318,35705600
2024-01-19,37.30052185058594,37.30517552290149,37.03066565167417,37.160943628526404,39940200
2024-01-22,37.440093994140625,37.52384232572411,36.97947994528693,37.22141759779979,30136800
2024-01-23,37.51919174194336,37.82161649475328,37.323780135405734,37.37960999458146,24709200
2024-01-24,38.05424880981445,38.072859945345186,37.537801335397745,37.71460179837302,33841000
2024-01-25,38.910343170166016,38.92430418532603,38.096124555026606,38.32410832305789,37609400
2024-01-26,39.19881057739258,39.212768042878764,38.58465724802011,38.868470878610786,36469600
2024-01-29,39.142982482910156,39.19881590215076,38.733548057614854,39.1383323602574,29680600
2024-01-30,39.547760009765625,39.557063803189045,38.60792068670065,38.756806229454845,35341200
2024-01-31,38.807987213134766,39.6222058277041,38.789376075979234,39.547761279081975,38580800
2024-02-01,38.8033332824707,39.22207499139711,38.445075106612556,39.040620842480905,51101400
2024-02-02,38.85916519165039,39.16624364428263,38.533479150717675,39.12902136825843,38075000
2024-02-05,38.76145935058594,38.99409325099702,38.342721169615295,38.62188114016626,31593600
2024-02-06,38.88707733154297,39.26859672429109,38.72423433763421,38.95221452910648,28056200
2024-02-07,38.9661750793457,39.166240359054974,38.64979285910107,38.99874368070715,26920400
2024-02-08,39.366310119628906,39.510542006402304,38.933610909596986,38.94291470402584,36201000
2024-02-09,38.76145935058594,39.60824660609379,38.71958695237352,39.44074991382089,38073400
2024-02-12,39.18949890136719,39.301162152509065,38.896377986267474,38.896377986267474,25893800
2024-02-13,38.79402542114258,39.36165266902957,38.54278039914122,39.22672458963746,41156800
2024-02-14,38.75680923461914,39.198812225586806,38.55209026631667,39.07784160343429,40894600
2024-02-15,39.83622741699219,39.947890686952746,38.71493039667172,38.74749899831485,43364400
2024-02-16,39.812957763671875,40.129339948150076,39.69664083628594,39.99906555743157,26960800
2024-02-20,39.45005798339844,39.87810351609835,39.39887824038957,39.8548422554563,28995600
2024-02-21,40.18982696533203,40.227049237261085,39.58963114189314,39.61754962069555,28745800
2024-02-22,40.259620666503906,40.42711735224212,39.743173143763,39.93393463851932,35206800
2024-02-23,39.994415283203125,40.12468968498603,39.61289587096265,39.868794552829954,28952400
2024-02-26,40.134002685546875,40.399205197908366,39.74782954745734,39.947894849744905,23376400
2024-02-27,39.961849212646484,40.34336864904004,39.757130254192376,40.171218293093496,26317400
2024-02-28,39.882755279541016,40.3154544635474,39.724562386071575,40.01302969197967,26679600
2024-02-29,40.07817459106445,40.208449028508824,39.85484799822044,39.966511294642444,27335400
2024-03-01,40.543434143066406,40.729541965366025,40.29684278714679,40.36663366422307,32459600
2024-03-04,40.11073303222656,40.627180528111516,40.0735107596178,40.52016738178913,33198000
2024-03-05,40.40850830078125,40.66906068632963,39.99907390879332,40.05025365150577,32174200
2024-03-06,40.53413009643555,40.96217560025613,40.44572808270967,40.74815284834584,28008800
2024-03-07,40.878421783447266,41.10640197021042,40.557385923721924,40.58995452183095,24569200
2024-03-08,41.02265548706055,41.03196282963145,40.720230748306435,40.82259021831962,28252000
2024-03-11,41.4460563659668,41.46001383197591,40.72488985799554,41.03196830904238,24983800
2024-03-12,41.380916595458984,41.55771707014473,41.162240175627616,41.44140012765668,23780600
2024-03-13,42.04159927368164,42.26957950491682,41.74382816153849,41.81361904244646,42725200
2024-03-14,42.47429656982422,42.492907707212034,42.0462510590389,42.20909407404294,35946000
2024-03-15,42.59991455078125,42.906992973222984,42.34401941512441,42.44172521779825,37753400
2024-03-18,42.747188568115234,42.897277303994066,42.414179297208996,42.77064138682038,30496800
2024-03-19,43.234981536865234,43.26781333881025,42.71436040716706,42.74250092929192,28545800
2024-03-20,43.174007415771484,43.32878385941404,42.92073199199565,42.98639559315258,32659400
2024-03-21,43.43197250366211,43.521088928573185,43.11303346431504,43.24905195240109,23334200
2024-03-22,43.33816909790039,43.55861273472595,43.230291130246016,43.45073476707157,17948800
2024-03-25,43.74152755737305,44.032322462827565,43.47886959252677,43.488252151127156,35074400
2024-03-26,43.40383529663086,43.88224210299325,43.31941014510828,43.783746689283305,35373800
2024-03-27,43.80718994140625,43.81656892134939,43.23497554814116,43.310018122878894,33960000
2024-03-28,44.28091812133789,44.360651991773764,43.85410108830185,44.06516217554935,34615200
2024-04-01,44.609230041503906,44.740557240293086,43.976043288257344,44.41223924332014,42899000
2024-04-02,45.233036041259766,45.27993809921791,44.60453701374816,44.801527804210956,38671200
2024-04-03,45.542598724365234,45.60357462862043,45.25180377815664,45.4018925312186,29148800
2024-04-04,45.51445007324219,45.777104449595086,45.336220829059506,45.612945464374526,36941200
2024-04-05,46.00224685668945,46.185167409927914,45.42534109604641,45.70206935504695,31194600
2024-04-08,45.71144485473633,46.15702337177231,45.63171099471018,46.02569259370842,34034600
2024-04-09,45.72551345825195,46.03038220551557,45.392504191621676,45.90843399093058,35322800
2024-04-10,45.8662223815918,46.03507265153051,45.40188592845915,45.59887671725511,39199600
2024-04-11,45.833396911621094,46.030387727615334,45.186136261357,46.01162618632091,39204600
2024-04-12,45.0876350402832,46.41967567326425,44.87188271081114,46.1241859089718,46572400
2024-04-15,44.66551208496094,45.519142406269516,44.6092274694118,45.30338650252994,48690800
2024-04-16,44.27622604370117,44.78746463970926,43.961978269362355,44.58109483632164,36497600
2024-04-17,44.14958572387695,44.62330480595402,43.83533795528247,44.182417526888344,27421000
2024-04-18,44.01356887817383,44.426315649639314,43.858792417272554,44.29967613443121,25555600
2024-04-19,44.54357147216797,44.84374898283998,44.03232930098088,44.09799290779049,35451400
2024-04-22,44.8343620300293,45.13923079085981,43.95728240569272,44.30905322702074,30244400
2024-04-23,45.082950592041016,45.082950592041016,44.41224073704014,44.62799308207847,28657400
2024-04-24,45.115779876708984,45.16737321486227,44.585776235388465,44.801528568394154,21303800
2024-04-25,45.3221435546875,45.45816201166884,44.67488664273233,45.064180477017146,26500200
2024-04-26,44.904720306396484,45.08295315952482,44.445075068998186,44.91410286624435,32366600
2024-04-29,45.209590911865234,45.308086323847725,44.745254375834016,44.77339489971522,22236400
2024-04-30,43.863468170166016,45.1063922693287,43.84471021148043,45.02665842052438,35399000
2024-05-01,43.16462707519531,43.94321492664413,42.93011317946708,43.80250515784796,50943800
2024-05-02,43.4132080078125,43.70869778465873,43.206838228209484,43.45542236667531,34616800
2024-05-03,43.41790008544922,43.49763394672512,42.84568563930857,43.450731885880344,38087800
2024-05-06,43.760292053222656,44.20117572049679,43.55391869084037,43.55391869084037,33445600
2024-05-07,43.718082427978516,44.041712767053696,43.70401216600103,43.82126912034441,20942200
2024-05-08,43.66648483276367,43.87754947708276,43.39913914601116,43.4648027477821,19811800
2024-05-09,44.252769470214844,44.252769470214844,43.71338681798223,43.71338681798223,22489400
2024-05-10,44.00887680053711,44.49197483419586,43.89161985728409,44.34657736964946,20568400
2024-05-13,43.89161682128906,44.27621942541997,43.70400500938182,44.112060431900254,20978000
2024-05-14,43.94790267944336,43.98073448174774,43.62896363774451,43.80719648888091,24911600
2024-05-15,44.04640197753906,44.12613584393047,43.206841794481676,43.85409886382064,38792200
2024-05-16,43.9244499206543,44.26683817750575,43.807192982039844,43.94789916133852,24580200
2024-05-17,44.53887939453125,44.60923428010968,43.99011772813609,44.00418798957216,29001600
2024-05-20,44.24808120727539,44.65613668401546,44.140206816513015,44.55764127481575,20134600
2024-05-21,44.03233337402344,44.496673523069695,43.99950156758165,44.1355200738115,22467600
2024-05-22,43.188079833984375,43.87285997911773,43.014538263171886,43.8540984380787,34868000
2024-05-23,42.79409408569336,43.5539203853369,42.71905150088796,43.40383163732808,26931400
2024-05-24,42.855072021484375,43.23967468015729,42.73312378969106,43.127105430010445,19041400
2024-05-28,43.29595184326172,43.4085210833113,42.897278958680246,43.0051569191283,28904200
2024-05-29,42.53144454956055,43.21153348420598,42.33914141809346,43.174013976698866,30053600
2024-05-30,42.65338897705078,42.80816543037946,42.42356278022079,42.437636619976224,22731400
2024-05-31,43.713382720947266,43.74621451869829,42.686214432223814,42.72842521001902,32503000
2024-06-03,42.56896209716797,43.582060236022755,42.25471076659174,43.56798997523835,40796600
2024-06-04,42.16090393066406,42.19842700927432,41.60275976612909,42.12807213147952,34721400
2024-06-05,42.156211853027344,42.27816006700278,41.89824874386114,42.212496469877,21040200
2024-06-06,42.37665939331055,42.39072965422863,41.851350567579686,42.01081829584856,25506600
2024-06-07,42.20780944824219,42.70029005476201,42.00143965577126,42.29692587264433,20089800
2024-06-10,42.5267448425293,42.780020254607436,42.20780583232695,42.36727712662698,22543800
2024-06-11,42.442325592041016,42.489227657435514,41.94984853780144,42.339138901134184,18591200
2024-06-12,41.987361907958984,42.80816045682287,41.77630085532449,42.79409019710026,32560600
2024-06-13,41.60276412963867,41.99205805965634,41.391703052514835,41.87480111049907,28495600
2024-06-14,41.29320526123047,41.60276172837136,41.11966369827103,41.55585966709521,25811400
2024-06-17,41.401084899902344,41.588696747220844,41.08683711322292,41.23692587539804,29547800
2024-06-18,41.574623107910156,42.099935522052725,41.47143642134661,41.6684272347508,29285800
2024-06-20,42.33913803100586,42.554893968503265,41.56524502190564,41.69657223367057,34073800
2024-06-21,42.09524154663086,42.56896058715715,42.0342692259286,42.45170364691584,39972600
2024-06-24,43.15666580200195,43.32214309583251,42.25835585489175,42.329275725714695,31188200
2024-06-25,43.25594711303711,43.26067606577407,42.88243920376615,43.11883634073759,27666600
2024-06-26,42.83042907714844,43.303223323848655,42.62713101391583,43.303223323848655,23127400
2024-06-27,42.92972946166992,43.10466106683677,42.68860332733744,43.05738235211964,15631600
2024-06-28,43.09519958496094,43.41197088862415,42.939176605974296,43.26067686246156,25670000
2024-07-01,43.11884307861328,43.58218312661916,42.86353730506727,43.44034337941838,24563200
2024-07-02,43.08574295043945,43.54435399528133,42.81152499983442,43.53489969648842,25226800
2024-07-03,43.274864196777344,43.47343694851341,43.04792493968883,43.123570156340186,16280000
2024-07-05,42.5987663269043,43.222854667677716,42.40964788273235,43.1897592104827,23450400
2024-07-08,42.3387336730957,42.731150225376474,42.17325277197121,42.29145135441186,19595000
2024-07-09,41.96522521972656,42.42856163737813,41.79501897446921,41.917946508740506,19086600
2024-07-10,42.2489013671875,42.263084619862,41.79029029266172,41.91794678100109,19320800
2024-07-11,42.6885986328125,42.77843070589038,41.99359042078413,42.14015550242968,22684800
2024-07-12,42.797340393066406,42.991187796296984,42.48056906338828,42.929725833073206,18117200
2024-07-15,43.445068359375,43.83748849788943,42.934449644715315,43.09993053702608,30792000
2024-07-16,43.638916015625,43.68146577186629,43.03846522523521,43.26067912685343,24129400
2024-07-17,44.073890686035156,44.35756657976952,43.72874921711631,43.73820712428378,29435400
2024-07-18,44.15426254272461,44.68379349512161,43.8705866638862,44.0266096597444,32867600
2024-07-19,43.67201232910156,44.38592915013202,43.558539095964726,44.08334107603588,26500200
2024-07-22,43.39778518676758,43.64836556528116,43.15193015367711,43.44033493837905,21527600
2024-07-23,42.70751190185547,43.31268805588039,42.655504237950105,43.27486364447023,33103800
2024-07-24,42.71223449707031,43.09520032544824,42.4191043453565,42.8209787710873,29328600
2024-07-25,43.44979476928711,43.586905542446566,42.53730167056899,42.74060335392487,36437400
2024-07-26,43.586910247802734,43.77129974713167,43.18030683719675,43.33632983113184,23730800
2024-07-29,43.213401794433594,43.62473054640932,42.80679838854571,43.591635088122366,27156600
2024-07-30,43.88477325439453,44.021884054473475,43.156669492148495,43.208677161389986,25673200
2024-07-31,44.069156646728516,44.50885549377124,44.03606118973107,44.4804889898118,36173800
2024-08-01,42.9013557434082,44.192085828858986,42.67914183505554,43.969871920506314,42558400
2024-08-02,41.795021057128906,42.64132337234825,41.374234376256524,42.409651544843754,45836200
2024-08-05,40.873069763183594,41.218211222855,40.409733324163156,40.896710923334155,50039200
2024-08-06,41.12364959716797,41.586985988874666,40.86361129060405,41.024359620382306,31418600
2024-08-07,41.289127349853516,42.050326466312356,41.265486191848005,41.62481087215303,26126000
2024-08-08,42.177982330322266,42.23471894927609,41.407328860322366,41.407328860322366,21596800
2024-08-09,42.272544860839844,42.45220541652903,41.847029221434234,42.11652185853534,22345600
2024-08-12,42.480567932128906,42.75478949699598,41.36950202766978,42.518392342552154,28785800
2024-08-13,42.06924057006836,42.196893450510586,41.86120991306014,42.15906903884829,31386400
2024-08-14,42.315093994140625,42.504212454088844,41.984139394582186,42.149616694361406,21657600
2024-08-15,42.820980072021484,42.95809085336749,42.51839200530421,42.556216415427436,18335200
2024-08-16,42.77370071411133,42.87771603680529,42.52312031333091,42.55621576990315,17753000
2024-08-19,43.06211471557617,43.4261648155733,42.84462972494821,42.84462972494821,21762600
2024-08-20,41.927406311035156,43.00537693439187,41.90849410273162,42.96755251778482,33866400
2024-08-21,41.99831771850586,42.40492109717456,41.88011914580296,42.19216150202884,22737800
2024-08-22,42.10706329345703,42.29618175325242,41.941585993811536,42.02668912036273,19595400
2024-08-23,42.73588180541992,42.806801680670276,42.253633146559956,42.30564081460123,20734600
2024-08-26,43.11884307861328,43.497079999725614,42.80207173128411,43.20867515898275,19514800
2024-08-27,42.71696472167969,43.237037735586725,42.64131950861368,43.118839159374474,16627200
2024-08-28,42.442745208740234,42.70751248509275,42.2536303633756,42.456932068563596,17049000
2024-08-29,42.995914459228516,43.15666278854393,42.291448360614325,42.69332639817131,22498800
2024-08-30,43.15666580200195,43.17084905473965,42.46165756077914,42.560943937077475,28085000
2024-09-03,42.08342742919922,42.518397379189224,41.81866013200704,42.452206456674865,38194200
2024-09-04,41.50188446044922,42.3954654286687,41.42151029248192,42.12597281296972,30114000
2024-09-05,41.180381774902344,41.832840201090875,41.142557366139556,41.79974474520697,24991200
2024-09-06,40.6650390625,41.52079559773022,40.499561777667395,41.270215193964525,35912000
2024-09-09,40.95817565917969,41.33641260435613,40.72650742400491,40.787969394563774,32824400
2024-09-10,40.25370788574219,41.071643641797934,39.90857005411366,41.01963597832497,49326800
2024-09-11,39.88020324707031,40.26789447509278,39.25138588724891,40.2489822679777,48125800
2024-09-12,40.239524841308594,40.39554783253376,39.738364016671355,40.0362231395367,31762000
2024-09-13,40.46646499633789,40.76905668627406,40.348266413770524,40.442827444105106,26195400
2024-09-16,40.929805755615234,41.1851151313609,40.62248871404352,40.80687821755964,26875000
2024-09-17,41.482975006103516,41.511345119782106,40.85416126585936,40.94398973896018,25034600
2024-09-18,41.5633544921875,42.07396966660656,41.364778116826734,41.421514739377635,28209600
2024-09-19,42.05978012084961,42.53257441664217,41.82811192590884,42.26781076528128,37806800
2024-09-20,41.96522521972656,42.06451159493761,41.50188519494056,41.88484744320239,27961600
2024-09-23,42.483394622802734,42.69313960321788,41.90182155612753,42.044829001375646,26630200
2024-09-24,42.37852096557617,42.96962641625189,42.31654779845206,42.96962641625189,34627400
2024-09-25,41.549068450927734,42.39759171866739,41.4632625229022,42.26888100816751,27633600
2024-09-26,40.733909606933594,41.27258156007314,40.60043452942319,40.724377231507034,46896400
2024-09-27,41.56336975097656,41.625339286005,40.92935947083291,40.95319586572559,30489600
2024-09-30,41.85415267944336,41.93042259001961,41.24874321616816,41.487092596718696,22806600
2024-10-01,42.80755615234375,42.97916802114982,41.42512882559419,41.47756598755846,66114200
2024-10-02,43.246116638183594,43.51783481448882,42.7646498215995,43.40819248790942,41925200
2024-10-03,44.00883102416992,44.066036186802314,43.069733849929,43.39865717044992,44726000
2024-10-04,44.41879653930664,44.55703963461501,43.9754664877741,44.38065976054777,35945600
2024-10-07,44.576107025146484,44.909794739500946,44.4283279199981,44.576107025146484,32519400
2024-10-08,43.412960052490234,44.04697033639054,43.20321141434619,43.99930118324596,39759800
2024-10-09,43.67514419555664,43.789550886154025,43.00299715983537,43.088803087014185,31519600
2024-10-10,43.970699310302734,44.21381673332048,43.59887480270116,43.91826214775139,26047400
2024-10-11,44.24241256713867,44.39972403725498,43.87058810098964,43.95639402678735,26414600
2024-10-14,44.22334289550781,44.294848437750254,43.86581882121854,43.93255999438833,22198600
2024-10-15,42.79801940917969,43.33192339601741,42.77418665037186,43.04590483185995,37839200
2024-10-16,43.002994537353516,43.14600561957124,42.88858785373307,43.04113131086796,19877000
2024-10-17,43.207977294921875,43.35098838424277,42.950559516298114,42.99822866709738,21433400
2024-10-18,43.064964294433594,43.25088015706928,42.75987737854992,43.12693746095313,24015200
2024-10-21,42.936256408691406,43.489228706238904,42.85998649963963,43.350985631852026,21162000
2024-10-22,43.03636169433594,43.23657429240959,42.87905023716831,43.093566852466736,17956400
2024-10-23,42.812313079833984,43.084031218722735,42.564431332939414,42.91718738553189,19813200
2024-10-24,42.80755615234375,43.03160154619066,42.52153394638469,42.90289446304782,17046600
2024-10-25,42.79324722290039,43.15077130240757,42.66930816058913,43.03636461530372,19104600
2024-10-28,42.52153015136719,42.55013455156423,41.84461874978127,41.882755525428585,24228000
2024-10-29,41.87322235107422,42.459563496391766,41.78265204892718,42.42619472466952,23791600
2024-10-30,41.968563079833984,42.29748641793325,41.85892075482648,42.02100023915193,19364200
2024-10-31,42.230743408203125,42.55013435663233,42.12110472487325,42.23551141436797,31623200
2024-11-01,41.96379470825195,42.9553290833688,41.87798877892601,42.80278561311415,26304600
2024-11-04,42.69791030883789,42.764647848224605,42.192610757217615,42.249812284164435,25811800
2024-11-05,42.98392868041992,43.093571001496244,42.71697852395321,42.907658765825055,20876600
2024-11-06,44.59994125366211,44.93839698564097,43.880128640840496,44.16614721070342,50053200
2024-11-07,44.39495849609375,44.57133836361648,44.05650278024468,44.57133836361648,26138000
2024-11-08,44.690513610839844,44.757251153544836,44.22334717498161,44.399727044658114,22336800
2024-11-11,44.94316482543945,45.09570830459501,44.49030239458112,44.700047405342865,20909400
2024-11-12,44.704811096191406,45.21487864633792,44.657141945480376,45.071871194204824,18500400
2024-11-13,45.05280303955078,45.238715274131515,44.2996180888825,44.83828640485703,23676200
2024-11-14,45.22441482543945,45.372190284265635,44.93839264627214,45.353121896526275,18011000
2024-11-15,45.157676696777344,45.61530708577327,44.995597221572076,45.18150945344783,28080400
2024-11-18,45.7583122253418,45.8488861521147,45.31498224012509,45.515198480197974,23892600
2024-11-19,45.467529296875,45.7392474617935,45.25301629606892,45.39125938164825,23796400
2024-11-20,45.9251594543457,45.95853186092585,45.491365448804366,45.634376539861975,17917600
2024-11-21,46.296993255615234,46.64498137668943,46.0205070519374,46.13491375669515,33541000
2024-11-22,46.36848449707031,46.678339403166234,46.19210829220362,46.23500943276382,21555600
2024-11-25,45.45322799682617,46.59253779135595,45.343589313979564,46.35895640723125,32950600
2024-11-26,45.391258239746094,45.6105392412759,45.18150961353365,45.51520094041009,24932800
2024-11-27,45.34358596801758,45.72971078794458,45.286380809282065,45.348350336886774,15595600
2024-11-29,45.53903579711914,45.615309350867456,45.362659568691804,45.443697491856966,13636400
2024-12-02,45.05757141113281,45.601011418475316,44.652378136616605,45.52473786062956,22190000
2024-12-03,45.05280303955078,45.429395514884924,44.85735479262468,45.34835395764164,17886600
2024-12-04,43.9659309387207,45.03373520844666,43.703745149828485,45.03373520844666,32518000
2024-12-05,44.137542724609375,44.428329300549784,43.95163047270301,44.12801034829875,22662400
2024-12-06,43.38912582397461,44.051740542386135,43.3080878958901,44.04697253575662,26206600
2024-12-09,43.31761932373047,43.98499470427911,43.279482548578244,43.751413321087085,23627800
2024-12-10,43.02206802368164,43.62747391806225,42.96009848706735,43.56550438144796,23299800
2024-12-11,43.093570709228516,43.25564654972033,42.883822080899726,43.11263909697868,23147600
2024-12-12,42.74557876586914,43.09357047580943,42.70267762135595,43.01729692522189,21746200
2024-12-13,42.531070709228516,42.8647584394975,42.411896000286234,42.85045805633219,22346000
2024-12-16,41.596736907958984,42.411891392124716,41.56336813855769,42.411891392124716,25036200
2024-12-17,41.28688430786133,41.36315422641419,40.900759434802346,41.28211630141325,32011600
2024-12-18,40.06653594970703,41.36792164855863,40.06653594970703,41.17247703002731,39241200
2024-12-19,39.71854019165039,40.619500549246375,39.689939430114926,40.490793485413896,49981400
2024-12-20,40.109432220458984,40.2476752933089,39.60889708210318,39.71377138819089,35704800
2024-12-23,40.34497833251953,40.479573169202354,39.77775461547461,40.04694428884025,34445400
2024-12-24,40.686275482177734,40.76318891698023,40.1959651713323,40.46034685173843,15024200
2024-12-26,40.65262222290039,40.72472764310163,40.40266092262799,40.70069128055654,15386400
2024-12-27,40.6478157043457,41.09006058629399,40.44592345434153,40.61897500218343,20369800
2024-12-30,40.64301300048828,40.87374596193604,40.30652223617838,40.652625345784315,23545400
2024-12-31,41.17658996582031,41.291956452005536,40.65743527683511,40.73915305173987,21165000
2025-01-02,41.65728759765625,41.964934003267544,41.37848189649775,41.51307674052339,34887000
2025-01-03,42.04664993286133,42.186052777324775,41.734195534404236,41.902439082055196,22120800
2025-01-06,41.8543701171875,42.57541703800785,41.74861598201103,42.23892994193207,22835200
2025-01-07,42.27257537841797,42.59464209792954,41.907243939941296,42.16201324544848,25035800
2025-01-08,42.31584167480469,42.335070033679784,41.86398440982616,42.01300327424951,28483800
2025-01-10,42.488887786865234,43.358949826605404,42.26295918335759,42.86383156824643,34075800
2025-01-13,43.382991790771484,43.637761128071816,42.68117319469158,42.68117319469158,48896200
2025-01-14,43.84926223754883,43.887718949042544,43.243581867541316,43.3060712731432,31173000
2025-01-15,44.49821090698242,44.613577392825015,43.935795162636005,44.118459070839656,34657800
2025-01-16,44.82027816772461,44.86354289254596,44.29631913527763,44.349196205929005,25230600
2025-01-17,45.1663818359375,45.32501304978601,44.66165115655754,44.8202787029715,23899600
2025-01-21,44.93564987182617,45.18561121380578,44.70010521537149,45.051016362937176,49302000
2025-01-22,44.11845397949219,44.8491168628559,44.08961327821842,44.79623979889797,35880200
2025-01-23,44.320350646972656,44.61838470380703,44.00789990549648,44.45494915703084,29359200
2025-01-24,43.89252853393555,44.565506395782066,43.839651466169684,44.38284249550365,29156800
2025-01-27,43.43586730957031,43.82042713879438,43.133028919574535,43.743513705975836,31993400
2025-01-28,43.02246856689453,43.719479160501706,42.80615594610182,43.56565595589846,37401800
2025-01-29,43.11860656738281,43.33973086156801,42.85422488357487,42.916714299580136,20681800
2025-01-30,43.33972930908203,43.56565426690098,43.07053596088684,43.382990364589595,39092600
2025-01-31,42.12836456298828,43.315688988153646,42.0274184419229,43.21955087307252,44537400
2025-02-03,42.39274978637695,42.56580132708551,41.73900033646329,42.123556463366974,39816400
2025-02-04,43.28204345703125,43.37337724026391,42.123559647897544,42.19566507321626,40279800
2025-02-05,43.37337875366211,43.43586816848712,43.027275634003345,43.26762461516255,21772000
2025-02-06,42.575416564941406,43.676215291921324,42.344679939171584,43.570461157919915,41309600
2025-02-07,42.570613861083984,42.95998173635419,42.51293244803262,42.73405308874381,22568400
2025-02-10,43.50797653198242,43.580081964682314,42.95036509770022,42.95036509770022,25871400
2025-02-11,43.85887908935547,44.152105126622466,43.43586622175051,43.71467190758376,26226800
2025-02-12,42.80134201049805,43.79638652968951,42.7244285851335,43.49835250755285,38798800
2025-02-13,43.1234130859375,43.21955487736016,42.45524322214597,42.734048916120166,31550400
2025-02-14,43.29646301269531,43.90214343983041,43.28685066763218,43.28685066763218,25885800
2025-02-18,43.88772201538086,44.17614003686714,43.2532009011374,43.50316220844307,29574800
2025-02-19,44.233821868896484,44.64722238175447,44.04634996974393,44.070386333198016,24531200
2025-02-20,44.637611389160156,44.714521153161776,43.955021188620854,44.142493093453,28332200
2025-02-21,43.70986557006836,44.488597584129636,43.68582920513828,44.36842309434802,31276600
2025-02-24,43.719478607177734,43.95502325142854,43.48874563691031,43.786776029125264,26295200
2025-02-25,43.08976745605469,43.911760577448014,42.73885997772193,43.70986830217975,26608600
2025-02-26,42.84461212158203,43.258012701748925,42.64752784541953,43.14264620674076,24305600
2025-02-27,43.07534408569336,43.604111103255796,42.77250569400512,43.14264150606852,30048000
2025-02-28,43.74351501464844,43.77716372565464,42.66675259501566,42.935942283065245,26627200
2025-03-03,42.21488952636719,44.16171749272486,41.825525400069225,43.91175253039896,49501800
2025-03-04,41.806297302246094,42.48407943989463,41.06602208991298,41.59478905088407,50677000
2025-03-05,41.1958122253418,41.412128500032715,40.39304754116001,41.20062023165073,56510800
2025-03-06,41.32079315185547,41.575562465062895,40.676659693363796,40.99872642260963,47104200
2025-03-07,42.02742385864258,42.33026226087017,41.50826916845143,41.50826916845143,44849200
2025-03-10,42.33987808227539,42.92152218594495,41.945705893530956,42.258160307550995,40045400
2025-03-11,42.003387451171875,42.69559370406981,41.777462485094695,42.51292979508151,30230200
2025-03-12,42.19566345214844,42.58502759950298,41.87359672119013,42.03222791731018,32240400
2025-03-13,41.90725326538086,42.65233665864476,41.65248390318096,42.0466561303918,30742000
2025-03-14,43.14745330810547,43.20513472068153,41.945708313641795,42.13798824624292,32023200
2025-03-17,43.83484649658203,44.03673875200107,43.113799583713245,43.113799583713245,29761600
2025-03-18,43.90694808959961,44.180949436201175,43.56084865336264,44.07999964143521,30806600
2025-03-19,44.62319564819336,44.820279918601045,43.955025730152904,43.964638076358426,31742600
2025-03-20,44.78662109375,44.935639932049774,44.19055674285237,44.3780286247269,33163600
2025-03-21,44.47417068481445,44.74336401834922,44.19536867382487,44.63760988739993,36975600
2025-03-24,44.98091125488281,45.247358630947424,44.60304311867333,44.67571092087622,23824600
2025-03-25,45.165000915527344,45.55740185040022,45.029352634399615,45.17953373592445,22292000
2025-03-26,45.43144226074219,45.93526761966648,45.32002151269442,45.58646516379293,25564600
2025-03-27,44.9906005859375,45.465356643326096,44.811353840003875,45.29580090854445,19147800
2025-03-28,44.77743911743164,45.13592888463457,44.554593927222385,44.966373163392475,22248800
2025-03-31,45.27157211303711,45.53801944993574,44.61756938142105,44.68054985889022,28813800
2025-04-01,45.53801727294922,45.581615728155235,44.806501279738015,45.29579377681651,27121200
2025-04-02,45.60100173950195,45.63975839246633,45.043890561299975,45.15046581289521,33960600
2025-04-03,42.020931243896484,43.764939683887015,42.00639842543579,43.4306737711794,75657800
2025-04-04,38.15504837036133,40.979371690953805,38.15504837036133,40.52399400497864,100752000
2025-04-07,37.907981872558594,39.521191445046874,36.32384163653701,36.919709441557785,113906800
2025-04-08,37.03113555908203,39.278969689174296,36.44010953680092,39.07550280492476,90538400
2025-04-09,39.8990592956543,40.31083854855429,36.086459685214614,36.30930488447769,118962400
2025-04-10,37.29273223876953,38.86233950713372,36.5660617280035,38.86233950713372,79046600
2025-04-11,38.21802520751953,38.5038508719725,36.73077300024845,37.46713084623012,41916800
2025-04-14,38.35367202758789,39.12394475834739,37.970958414901276,39.12394475834739,32748200
2025-04-15,38.29553985595703,39.0076738975851,38.27616153090056,38.31975999024943,22167000
2025-04-16,38.61043167114258,39.264438200769746,38.436030422713735,38.53292205852864,27331400
2025-04-17,39.4824333190918,40.09283761756581,38.90594016519758,38.92531849010569,47908800
2025-04-21,38.4505615234375,38.95438687058526,38.0242457779846,38.857495248419845,31012000
2025-04-22,39.42914581298828,39.71981330900868,38.77998852841064,38.949544259752734,22097400
2025-04-23,39.356475830078125,40.19941632659006,39.11425231416867,39.77310057312539,43216200
2025-04-24,39.98625946044922,40.1025257161337,39.380700655371,39.724657613130915,21219000
2025-04-25,39.91358947753906,39.947500620923755,39.47274461353809,39.627767511302025,17664800
2025-04-28,40.19457244873047,40.30599320077887,39.816704339979054,39.86999381131966,16436800
2025-04-29,40.07830810546875,40.22364001021717,39.66652513525359,39.74403844128304,19843400
2025-04-30,38.99798583984375,39.49212018323495,38.518384315958535,39.433988905210995,37814200
2025-05-01,39.14332580566406,39.656838531185436,38.67825335322298,38.67825335322298,36314400
2025-05-02,39.714969635009766,39.91359099781759,38.9107857812029,39.618078010193386,32038800
2025-05-05,38.99798583984375,39.26927499338892,38.77998615517888,39.21598552450862,29530200
2025-05-06,39.00767135620117,39.34678647853943,38.78967168158449,39.17238526043114,22995400
2025-05-07,39.02220916748047,39.22083052490184,38.726696187870346,39.0948732640752,22446200
2025-05-08,39.53572463989258,40.073461169150804,39.317724942533935,39.3807017294061,30565800
2025-05-09,39.93296813964844,40.13158949657152,39.60838952221471,40.01532324627417,19993200
2025-05-12,40.97453308105469,41.599470229831844,40.67417457431317,41.41053617276407,32610000
2025-05-13,41.5510139465332,41.88043802569678,41.013281223699664,41.17799141526297,29031600
2025-05-14,41.299110412597656,41.45897882382448,41.13924200137083,41.27488658203446,21332600
2025-05-15,41.4735107421875,41.49773457222412,40.674172399467174,40.775905832753395,29721600
2025-05-16,41.4105339050293,41.589776941333476,40.98906365678461,41.5655568073657,21725800
2025-05-19,40.872798919677734,41.110176939174536,40.5724404182467,41.06657478275564,24787000
2025-05-20,40.49492645263672,40.93577503480187,40.456173498278744,40.84372891412176,22782200
2025-05-21,39.74888229370117,40.33021728059192,39.7440367882664,40.252703977786375,25698400
2025-05-22,39.5938606262207,39.82154764426988,39.10456805101489,39.540571152879586,23732200
2025-05-23,39.719810485839844,39.82154391741418,39.230521652463864,39.24505447182627,23511000
2025-05-27,40.06376647949219,40.126746956619094,39.70043121989811,39.99594419338428,19028000
2025-05-28,39.55510330200195,40.378661827956115,39.453369862633814,40.25755006260769,29552600
2025-05-29,39.850616455078125,39.850616455078125,39.366169391861646,39.618080238477596,23792800
2025-05-30,39.49696731567383,39.70527969459625,39.18207599459979,39.545411281368835,31038600
2025-06-02,40.015323638916016,40.29145829610515,39.55510044227996,40.238168827521505,32031000
2025-06-03,40.49008560180664,40.741996443265705,39.66652339357517,40.044395199820315,30352600
2025-06-04,39.70043182373047,40.785595810036746,39.65198786092191,40.47070450772499,44939200
2025-06-05,39.661678314208984,40.01532256417953,39.55994488492825,39.99594424012071,27655000
2025-06-06,40.4077262878418,40.52883803857236,40.02016720708908,40.02016720708908,28556800
2025-06-09,40.48523712158203,40.90670735755695,40.247859117798136,40.56759222754253,28680400
2025-06-10,41.20706558227539,41.473512942665025,40.897019760751675,40.916398086601625,46092200
2025-06-11,41.80293655395508,41.870758845541275,41.08111148148045,41.48804523099763,48996600
2025-06-12,41.94826889038086,41.96280540676215,41.30395711357721,41.609157428905256,34028200
2025-06-13,42.67978286743164,42.90747356430412,42.12266804028276,42.73307233674382,84194800
2025-06-16,42.5538215637207,42.994670095985846,42.23408847424201,42.563512573241475,69406600
2025-06-17,42.95107650756836,43.2708096332725,42.641027000407746,42.90747435185921,67884200
2025-06-18,42.67009353637695,43.32409626080019,42.573201916735165,43.10609658467157,70473000
2025-06-20,43.10609817504883,43.22720993204139,42.713693569087425,42.83965083125019,56744800
2025-06-23,42.016014099121094,43.6765338489219,41.835312945094145,43.64723176472386,105688200
2025-06-24,41.46902084350586,41.90368580226511,41.31273312915232,41.40552802802369,65358800
2025-06-25,41.2883186340332,41.571584545431016,41.151570601249276,41.42018174390215,43723000
2025-06-26,41.87926483154297,41.96228988504895,41.27854604053762,41.38111078440288,33565600
2025-06-27,41.65949249267578,41.85484468648046,41.410413601639284,41.85484468648046,35411800
2025-06-30,41.4201774597168,41.679022455871205,41.298080482202145,41.49832131385612,26247600
2025-07-01,41.737632751464844,41.932988671965816,41.102730667467014,41.483672663086566,40772800
2025-07-02,42.45556640625,42.52394042400207,41.625308347200836,42.08927542853339,42468800
2025-07-03,42.50440216064453,42.64115018875728,42.29928011847541,42.39695621681185,22266200
2025-07-07,42.094154357910156,42.47021140200114,41.65948942433186,42.24555341478907,35673000
2025-07-08,43.22721862792969,43.38350262335595,42.0355508339892,42.04531695353268,47472400
2025-07-09,43.00743865966797,43.29070454500918,42.88046048439426,43.119769519752964,28672400
2025-07-10,43.33466339111328,43.35908055235799,42.60208148389542,42.909764543529384,28823800
2025-07-11,43.53001403808594,43.68141682727981,43.12953609208717,43.261402917317184,30171600
2025-07-14,43.051395416259766,43.44698843472372,42.821852500226186,43.44698843472372,33441600
2025-07-15,42.43114471435547,43.15396053619081,42.37742174055196,42.96837445239059,33859000
2025-07-16,42.064849853515625,42.61673058316886,41.91345079194553,42.37253662522788,35501600
2025-07-17,42.323699951171875,42.38718904089764,41.74740204270101,41.84996306122919,36085600
2025-07-18,41.98183059692383,42.85604553415481,41.815780471133664,42.6606895956158,60975600
2025-07-21,41.54716110229492,42.08438708067198,41.46413604836753,42.011128145869606,30434400
2025-07-22,41.74251937866211,41.97206231516604,41.45925346867409,41.49832539959059,32444000
2025-07-23,42.39695739746094,42.421378285777266,41.80600841602907,41.91345436285385,28046000
2025-07-24,42.69976043701172,42.75348341188924,42.09416039651588,42.28463140704364,24022200
2025-07-25,42.53858947753906,42.81697045854051,42.318816391629,42.74371152120237,20143200
2025-07-28,43.0220947265625,43.09535366768832,42.758368500276795,42.82185759533009,23705200
2025-07-29,43.442108154296875,43.45676292322793,42.94883899064819,43.09047194814581,24552000
2025-07-30,42.82185363769531,43.197910702432345,42.55323878709444,43.173493541716745,26552400
2025-07-31,42.59231185913086,43.085584722521766,42.37253877626884,42.37253877626884,24960800
2025-08-01,41.801124572753906,42.58254830580546,41.57158535673236,42.43114550132186,42329400
2025-08-04,41.70833206176758,42.04043601988964,41.4934401694226,41.72786802708116,26509600
2025-08-05,41.762054443359375,41.82065861236568,41.19552263560279,41.69856162546343,31413600
2025-08-06,41.376224517822266,42.269975291414575,41.254127539772085,42.025781335314214,38249400
2025-08-07,41.21506118774414,42.08439119288015,41.16133821204656,41.620424103969675,35042000
2025-08-08,41.47878646850586,41.85972845244435,41.20040550131203,41.41041245734276,40736200
2025-08-11,41.14668655395508,41.74252047471133,41.07342761308915,41.56181558405598,28828800
2025-08-12,41.346923828125,41.70832985201758,41.107611060290985,41.22970804245374,34522600
2025-08-13,41.82554244995117,41.83042737260973,41.22970857315086,41.37622644407378,25601200
2025-08-14,41.78647232055664,41.849965139539734,41.34204121819699,41.79624216629453,24944600
2025-08-15,41.78647232055664,42.26020923402557,41.65460921193031,41.80600828592802,27297800
2025-08-18,41.53739547729492,41.73274767095287,41.29808270568672,41.566697561122766,26428400
2025-08-19,41.55204772949219,41.79624170478149,41.31273495091354,41.42018089621752,25693800
2025-08-20,41.898799896240234,42.06973492217208,41.58134700459302,41.620418932264336,27967200
2025-08-21,42.186946868896484,42.27974176534745,41.713213720009556,41.82554085414106,22088000
2025-08-22,43.046512603759766,43.14907362371811,42.260207724641525,42.32858173794708,30936400
2025-08-25,43.158843994140625,43.21256696612058,42.79743423243831,42.939067183466896,23412800
2025-08-26,43.09046936035156,43.12953756350801,42.68999140068997,42.98790461451614,22855600
2025-08-27,43.573970794677734,43.730254779947856,42.97813693642787,43.02697498318026,26877400
2025-08-28,43.90607833862305,43.96956743201013,43.30047831167847,43.58862541947879,24086200
2025-08-29,44.145389556884766,44.25772043264299,43.86700855516742,43.92561645462014,23745000
2025-09-02,44.20887756347656,44.287021427487005,43.69607242880001,44.02817639863533,25964400
2025-09-03,43.21744918823242,44.22353091146218,43.07093503707777,43.85723994441894,36018200
2025-09-04,43.50559997558594,43.68630113443647,43.03674798538047,43.222334067095844,25895400
2025-09-05,42.66557312011719,43.29070912206543,42.450681222158295,43.14907616442021,48182200
2025-09-08,42.56789779663086,42.99279295124298,42.191836968316146,42.807206861673684,34931800
2025-09-09,42.77301788330078,43.378617902636044,42.74859699517175,42.79743504532543,41193400
2025-09-10,43.52024841308594,43.54466929984396,42.77301548198232,42.870691576806045,29932800
2025-09-11,43.53001403808594,43.622808935388235,43.04162611730188,43.17349294253189,25176800
2025-09-12,43.27117156982422,43.90607739445962,43.261405450322535,43.710721469486856,22297800
2025-09-15,43.124656677246094,43.46652674547667,43.05139774088117,43.354195879569886,23287800
2025-09-16,43.847469329833984,43.984217358955604,43.3053584100273,43.31512825559561,41593000
2025-09-17,43.95003128051758,44.25771807864824,43.598391354713634,43.788866086277785,26044800
2025-09-18,43.81328201293945,44.077011949855034,43.48117806194623,43.989101970883176,28713000
2025-09-19,43.23210144042969,43.808399393747486,43.08070236216888,43.774212384911024,29979200
2025-09-22,43.182350158691406,43.394149224897184,42.90652021494478,43.078913929786424,22502400
2025-09-23,43.926109313964844,44.39896224715108,43.354743004343305,43.354743004343305,44214800
2025-09-24,44.497474670410156,44.911223361715315,44.18716597035726,44.23642078272896,35406200
2025-09-25,44.896446228027344,44.94077443073921,44.36941185656831,44.49255076352511,31887200
2025-09-26,45.3101921081543,45.763346151326765,44.96047805596233,44.97033127315156,40161600
2025-09-29,44.47777557373047,45.05899137635297,44.24627382281878,44.99495673841493,37674400
2025-09-30,44.00491714477539,44.18223746803435,43.66012971505027,44.08865445590961,47544800
2025-10-01,44.00491714477539,44.15268533345824,43.73894041778809,43.78819522804866,27661200
2025-10-02,43.561622619628906,44.29552948138622,43.51729065729384,43.90641006934003,31793600
2025-10-03,43.79312515258789,44.049252440078234,43.72909051228923,43.78327193504898,24048000
2025-10-06,44.00984573364258,44.26105016254732,43.832525402404094,44.06895376335584,21488400
2025-10-07,44.078800201416016,44.11327894357683,43.30056519865746,43.97043736665315,25324000
2025-10-08,43.82267761230469,44.078804901682275,43.492666222446545,44.078804901682275,20024200
2025-10-09,43.226680755615234,44.29059890359593,43.182348797252985,43.91625935114216,23397800
2025-10-10,41.975589752197266,43.12324522721807,41.96081368513794,42.906519555945174,44892200
2025-10-13,42.54695129394531,42.601132710473976,42.15783191973991,42.29575064411351,22889600
2025-10-14,42.542030334472656,42.78338153652683,41.886930456710154,41.941111875646975,25084600
2025-10-15,42.51740264892578,43.054290250059175,42.20216734029567,42.81293528102885,24267000
2025-10-16,42.00514221191406,42.719350107826266,41.71945905354918,42.591284595817676,29193800
2025-10-17,42.349937438964844,42.438597608371246,42.01007282992338,42.182466559907645,24071800
2025-10-20,42.798160552978516,42.89667018079645,42.423817203047804,42.423817203047804,25352400
2025-10-21,42.699649810791016,43.014885121063145,42.48292412576593,42.91637173791478,25885200
2025-10-22,43.24638366699219,43.433553444241845,42.62576255183652,42.98532603943468,32814000
2025-10-23,43.82267761230469,44.11328364751967,43.55669710531558,44.019700627619,47308800
2025-10-24,43.37937545776367,44.03447536679916,43.34982332162417,44.01969929872941,21191000
2025-10-27,43.482810974121094,43.6601313038327,43.29071457658373,43.51728971834828,19597200
2025-10-28,43.0296630859375,43.45818786624559,43.00503379958935,43.320269123757996,22474600
2025-10-29,43.349822998046875,43.57147153324137,42.99025572679437,43.07891589245243,26807800
2025-10-30,43.093692779541016,43.65028306926908,43.03458850657972,43.33504775380424,20663400
2025-10-31,43.40892791748047,43.65520574154903,43.00995904501784,43.19712883846545,26985400
2025-11-03,43.41385269165039,43.53206498999566,42.91637045584144,43.41877930013596,22232000
2025-11-04,42.945926666259766,43.064138965478726,42.54203119918552,42.881892029177685,29477600
2025-11-05,43.0592155456543,43.53699514433474,42.89667127350293,42.95085269755339,23857200
2025-11-06,43.477882385253906,43.88670444668508,43.12324549988465,43.12324549988465,32154800
2025-11-07,44.103431701660156,44.206867933341556,43.512362689036294,43.630578746301815,35458400
2025-11-10,44.502403259277344,44.605839497230996,43.6453574605889,44.216720073747375,31264600
2025-11-11,45.0836181640625,45.39885348027524,44.73390410257341,44.768382847849765,38752800
2025-11-12,44.453147888183594,44.98510889777233,44.38911700584291,44.77823642445496,29863200
2025-11-13,44.566436767578125,44.97033224937484,44.369413756430646,44.59598890398477,32243800
2025-11-14,45.32497024536133,45.42348363224487,44.24134929495265,44.8028624475337,34179400
2025-11-17,44.497474670410156,45.285566699962594,44.32015809745229,45.27079063204122,37447400
2025-11-18,44.852115631103516,44.97033169106517,44.18223965625947,44.305378566960194,34839400
2025-11-19,44.27090072631836,44.41374231659627,43.748792936813956,44.059101645271994,41062800
2025-11-20,43.76849365234375,45.10331896082773,43.734014908504726,44.497473881483465,41630000
2025-11-21,44.0443229675293,44.23641936013223,43.37937362714214,43.842377115929295,39317200
2025-11-24,43.92118453979492,44.059099514662535,43.24145912456115,43.99506863573149,33681800
2025-11-25,43.645355224609375,43.81774894570029,43.28578795670438,43.57639773617301,29299000
2025-11-26,43.975364685058594,44.290599977876845,43.59609851516514,43.63550010834158,26611000
2025-11-28,44.551658630371094,44.74375504009914,43.93596404588337,43.999998687727064,16666600
2025-12-01,44.98017883300781,45.22645664172071,44.58120998542128,44.61568872832504,31150000
2025-12-02,44.398963928222656,44.91122223137858,44.17731539917786,44.91122223137858,33305000
2025-12-03,45.23138427734375,45.31019122381305,44.63539241767128,44.69942329654641,30174000
2025-12-04,45.42348098754883,45.497365083934355,45.073766939752,45.20675530692495,23799600
2025-12-05,45.23630905151367,45.9652930663345,45.22645959199914,45.34467189568041,22164400
2025-12-08,44.743751525878906,45.23630715478326,44.59598709194833,44.98017988122953,27891900
2025-12-09,45.01958465576172,45.39392798113792,44.78315630344486,44.822561655147865,20917400
2025-12-10,45.49243927001953,45.58109943565054,44.95062881689726,45.157501284069184,26255100
2025-12-11,45.27571487426758,45.56139805586556,45.15750256936205,45.21661060076552,25827200
2025-12-12,44.83241271972656,45.55154726140699,44.71420041828513,45.36437371306497,33161200
2025-12-15,44.51717758178711,44.93092627527498,44.152687458832105,44.93092627527498,27521600
2025-12-16,43.15772247314453,44.18223525204308,43.11831712375202,44.16253633524777,49312400
2025-12-17,44.11328125,44.21179463125377,43.40400369447914,43.47296118240615,43375300
2025-12-18,43.47296142578125,44.044324008646754,43.32519323202397,43.98521973746486,29920200
2025-12-19,43.47296142578125,43.867003679298534,43.374448043975974,43.59117372604631,31959600
2025-12-22,43.92301940917969,44.2012044267167,43.80379942448381,43.85347410227918,23707400
2025-12-23,44.21113586425781,44.260810539826196,43.93295464912701,44.08197867583216,19137500
2025-12-24,44.08198165893555,44.27075074477847,44.02237356019363,44.1316563378655,11293900
2025-12-26,43.9130859375,44.15152590660888,43.704450017045986,44.03230592205444,17884500
2025-12-29,44.33035659790039,44.44958036921491,44.002500701622665,44.22107003582953,31352100
2025-12-30,44.66815185546875,44.797309052314645,44.50919060932575,44.50919060932575,18654700
2025-12-31,44.41977310180664,44.727762163421666,44.280682490088545,44.63834622875504,16965900
2026-01-02,45.35367202758789,45.482825425154886,44.20120212894493,44.42970866687282,31935500
2026-01-05,46.58562088012695,47.01282991096521,45.45302160392687,46.85386867553247,94961000
2026-01-06,45.34373474121094,46.75451901245013,45.23444818196782,46.69490712833531,69568200
2026-01-07,44.8370475769043,45.5225671984761,44.787372901126886,45.5225671984761,42739200
2026-01-08,46.24782943725586,46.54588129062382,44.92646483101509,45.02581418549276,51451000
2026-01-09,46.36705017089844,46.57568988257353,46.20808892720098,46.446532687714665,38839900
2026-01-12,46.03919219970703,46.506142490229195,45.800748449883955,46.44653060528972,28264400
2026-01-13,46.694908142089844,47.082375922411224,46.37698566644487,46.42666034265161,50469200
2026-01-14,47.74802780151367,48.334198065427145,46.873739115182524,46.943284418533715,80750200
2026-01-15,47.30094909667969,47.75796218217059,46.963155992200576,47.3208197251708,49328800
2026-01-16,47.380428314208984,47.49965208639743,47.18172960709805,47.251274912573855,30796300
2026-01-20,47.291011810302734,47.996405855814075,47.19166245794416,47.777832732703395,50178700
2026-01-21,48.43354797363281,48.73159981856051,47.976534892081354,47.976534892081354,58996000
2026-01-22,48.59251022338867,48.681926157724746,48.105689294240065,48.30439179164633,50869500
2026-01-23,48.87069320678711,49.56615007780146,48.77134384947151,49.19855290781168,51431200
2026-01-26,48.90049743652344,49.56614641926269,48.63224964364896,49.546275791279236,40122600
2026-01-27,49.34757614135742,49.49660396484257,48.8408883633909,49.06939491344914,39840300
2026-01-28,49.7251091003418,49.81452503390222,49.23829196535106,49.645630376029686,41890400
2026-01-29,50.18212127685547,51.39420306758355,50.15231722952111,50.817970009488675,77520700
2026-01-30,50.7186164855957,50.75835774169804,49.556213169113235,50.03309687253692,74039400
2026-02-02,49.7251091003418,50.18212218745735,49.44692788034709,49.774783776778726,61479900
2026-02-03,51.334590911865234,51.443877471427115,49.69530388824132,49.91387700736509,83754100
2026-02-04,52.487064361572266,52.61621775870438,51.48361849194724,51.48361849194724,78149900
2026-02-05,51.871089935302734,52.14927495713522,51.10608775764971,51.920764613865124,54235600
2026-02-06,52.90433883666992,53.073233498294265,52.02011669067198,52.15920730375908,41669600
2026-02-09,53.291805267333984,53.37128778131812,52.63608968670435,52.86459622950644,38798500
2026-02-10,53.23219680786133,53.44083272074105,52.89440370560781,53.42096209238086,32146000
2026-02-11,54.62310791015625,54.75226510243012,53.8978470134313,53.92765106167338,57349700
2026-02-12,53.629600524902344,54.881423640863865,53.411027392606044,54.58336799139254,67427800
2026-02-13,53.997196197509766,54.22570653309593,53.46070438116699,53.58985778309928,48392100
2026-02-17,53.401092529296875,54.55356246763407,52.83479287450657,54.20583593923122,50499600
2026-02-18,54.42440414428711,54.503886657661106,53.868041710408434,54.176026974895606,59196100
2026-02-19,54.82181167602539,55.51726854059053,54.57343449510463,55.099992905877436,62513500
2026-02-20,54.52375793457031,54.93109634562031,54.15615699074515,54.64297791611461,50833500
2026-02-23,54.79200744628906,55.56694303542547,54.51382242741997,54.682720880654955,44013500
2026-02-24,54.74232864379883,54.861552418272026,54.0468755757134,54.75226585330575,42921700
2026-02-25,54.51382064819336,55.01057499218256,53.838234437173256,54.941029687218865,36207500
2026-02-26,54.69265365600586,55.308627994218725,53.768690253719086,54.01706743089435,47033500
2026-02-27,55.557003021240234,55.785513350540484,54.57343156005572,55.27882180634923,59071500
2026-03-02,56.66973876953125,57.504286252867,55.904736593978896,57.3949996863688,135633300
2026-03-03,56.15311050415039,57.34532166658233,55.68616021629697,57.01746198619125,154770800
2026-03-04,55.825252532958984,56.06369628871972,54.97083823382575,55.696099130609554,70732700
2026-03-05,56.11336898803711,56.689605833353845,55.715967795689,56.163043663338776,85177800
2026-03-06,56.20278549194336,56.96778762717139,55.80538050561314,56.779022343128695,68219000
2026-03-09,55.954410552978516,56.77902460600071,55.57687617991203,56.47103553982345,88747400
2026-03-10,55.23908233642578,56.09350042686328,55.01057578967028,55.69609921987172,88817900
2026-03-11,56.61012649536133,56.66973838302696,55.17947530080109,55.26889123733204,48743700
2026-03-12,57.13668441772461,57.842078484313404,56.689608528817374,56.75915383553338,69358700
2026-03-13,57.3254508972168,57.5539574360472,56.729343422501366,57.12674840564499,43374600
2026-03-16,57.52415466308594,57.7228533691246,56.898243127246474,57.385060262950034,39474300
2026-03-17,58.130191802978516,58.66668740533501,57.603633409888744,57.85201058246843,40137700
2026-03-18,58.05071258544922,58.58720818324884,58.05071258544922,58.3587016412086,42908000
2026-03-19,58.97467803955078,59.33234178401211,58.14013056578601,58.48785710071508,69231400
2026-03-20,58.92500305175781,59.92844518294305,58.89519521325283,59.17338022966787,73003400
2026-03-23,59.630001068115234,59.84000015258789,57.65999984741211,57.88999938964844,71027200
2026-03-24,60.84000015258789,61.470001220703125,59.77000045776367,59.79999923706055,51207500
2026-03-25,60.56999969482422,61.0,60.2599983215332,60.31999969482422,42680700
2026-03-26,61.52000045776367,61.86000061035156,60.59000015258789,60.66999816894531,54967600
2026-03-27,62.560001373291016,62.790000915527344,61.2599983215332,61.529998779296875,59553200
2026-03-30,61.959999084472656,63.459999084472656,61.779998779296875,63.130001068115234,49750100
2026-03-31,61.2599983215332,62.83000183105469,60.040000915527344,62.040000915527344,94766900
2026-04-01,58.970001220703125,60.619998931884766,58.36000061035156,59.720001220703125,96652900
2026-04-02,59.25,61.0099983215332,58.97999954223633,60.529998779296875,60400500
2026-04-06,59.68000030517578,59.689998626708984,58.88999938964844,59.11000061035156,25474200
2026-04-07,60.15999984741211,60.77000045776367,59.790000915527344,59.810001373291016,38811700
2026-04-08,58.04999923706055,58.189998626708984,56.18000030517578,56.68000030517578,88023600
2026-04-09,57.33000183105469,59.02000045776367,57.11000061035156,58.20000076293945,55088500
2026-04-10,56.939998626708984,57.47999954223633,56.400001525878906,57.16999816894531,42561700
2026-04-13,57.11000061035156,57.720001220703125,56.650001525878906,57.619998931884766,43100900
2026-04-14,55.95000076293945,56.5,55.40999984741211,56.5,58830100
2026-04-15,55.7599983215332,56.209999084472656,55.27000045776367,55.599998474121094,39535500
