Price,Close,High,Low,Open,Volume
Ticker,XLV,XLV,XLV,XLV,XLV
Date,,,,,
1998-12-22,16.789867401123047,16.810828533958407,16.64313947127553,16.64313947127553,5700
1998-12-23,17.167171478271484,17.167171478271484,16.894676692902095,16.894676692902095,18100
1998-12-24,17.271970748901367,17.271970748901367,17.114762277279084,17.188126230702817,4900
1998-12-28,17.02043914794922,17.27197273141645,17.02043914794922,17.219569901527443,15500
1998-12-29,17.39773178100586,17.39773178100586,17.020431573706936,17.020431573706936,5300
1998-12-30,17.251020431518555,17.460631858389984,17.251020431518555,17.439670715702842,17300
1998-12-31,17.439664840698242,17.439664840698242,17.27197575569153,17.313898026943207,6600
1999-01-04,17.39773178100586,17.691187497793912,17.29292616786727,17.60734300728304,249200
1999-01-05,17.67023468017578,17.67023468017578,17.439662222901838,17.439662222901838,4400
1999-01-06,17.963693618774414,17.963693618774414,17.75408225799525,17.796004530151084,38500
1999-01-07,17.879846572875977,17.9008077060212,17.67023524142374,17.796002040295082,15900
1999-01-08,18.09993553161621,18.09993553161621,17.921765928815123,17.921765928815123,24400
1999-01-11,18.141862869262695,18.27811025071874,17.984654352198028,18.08946003024114,7700
1999-01-12,18.06849479675293,18.278106105299948,18.04753366589823,18.194261581881143,270700
1999-01-13,17.90081214904785,18.02657897913484,17.292939136960747,17.292939136960747,7100
1999-01-14,17.754079818725586,18.016093983700877,17.69119641913152,17.96369115070582,12200
1999-01-15,17.995128631591797,18.04753145230115,17.816959041179995,17.816959041179995,7700
1999-01-19,18.50867462158203,18.550596874405546,18.194257725405667,18.299063357464455,22700
1999-01-20,18.613487243652344,18.86502085505305,18.508681572235382,18.613487243652344,25800
1999-01-21,17.963693618774414,18.571566565033994,17.92177134661858,18.571566565033994,23200
1999-01-22,17.89033317565918,18.026580587073102,17.7121634838102,17.837930325115362,67100
1999-01-25,18.037052154541016,18.047532719418726,17.90080481113077,17.90080481113077,495300
1999-01-26,18.120899200439453,18.13137976677863,17.890326740977528,18.06849636874356,187400
1999-01-27,17.942737579345703,18.173310141697108,17.942737579345703,18.173310141697108,6800
1999-01-28,18.27810287475586,18.340986256205706,18.110413857556264,18.110413857556264,25800
1999-01-29,18.27810287475586,18.29906400190581,18.047530476106417,18.29906400190581,13800
1999-02-01,18.382904052734375,18.424826296868318,18.2152150761986,18.3619429306674,34000
1999-02-02,18.110414505004883,18.14185619685385,17.85888097021315,18.089453377105574,141700
1999-02-03,18.456274032592773,18.456274032592773,18.068493147183386,18.068493147183386,38900
1999-02-04,18.320030212402344,18.403874744266886,18.19426341460553,18.34099134536848,7400
1999-02-05,18.110414505004883,18.320025783997995,17.984647737609016,18.320025783997995,16900
1999-02-08,18.09993553161621,18.19426061545208,18.026571577521644,18.19426061545208,6500
1999-02-09,17.775033950805664,18.17329532470343,17.775033950805664,18.152334199761444,220800
1999-02-10,17.816965103149414,17.816965103149414,17.565431478163777,17.649276019825656,17800
1999-02-11,18.299074172973633,18.299074172973633,17.69120114775458,17.75408456415655,5300
1999-02-12,18.02657699584961,18.19426608418309,17.92177131564118,18.19426608418309,8400
1999-02-16,18.19426727294922,18.32003409741661,18.11042272330429,18.11042272330429,18500
1999-02-17,18.0056209564209,18.278115802094323,17.984659814446022,18.152348950245052,12900
1999-02-18,18.236190795898438,18.246671365321365,17.95321542147932,18.068501685131555,11500
1999-02-19,18.288593292236328,18.36195727678971,18.236190446126766,18.236190446126766,13900
1999-02-22,18.676376342773438,18.686856913111694,18.32003695127271,18.361959232625736,17800
1999-02-23,18.644926071166992,18.718290029850618,18.445795326168582,18.718290029850618,15000
1999-02-24,18.42483901977539,18.770697772706328,18.42483901977539,18.697333794811886,28000
1999-02-25,18.246652603149414,18.34097763096581,18.026560871577825,18.34097763096581,98900
1999-02-26,18.299074172973633,18.351477019975277,18.03705993796542,18.32003531177429,10800
1999-03-01,18.26761817932129,18.27809874052572,18.047526394028264,18.25713761811686,8800
1999-03-02,18.25714683532715,18.540122130708223,18.1418606038756,18.382913633274292,11500
1999-03-03,18.141862869262695,18.320032521935985,18.11042116584976,18.320032521935985,13100
1999-03-04,18.466754913330078,18.466754913330078,18.267624184979756,18.403871525429977,10400
1999-03-05,18.88597869873047,18.92790095999291,18.676367392418253,18.73925078431192,25400
1999-03-08,18.906936645507812,18.906936645507812,18.739247628696212,18.844053264203463,62700
1999-03-09,18.76021385192871,18.94886404708777,18.655408187951455,18.676369320746907,12200
1999-03-10,18.927898406982422,18.927898406982422,18.63444261772688,18.739248256746716,10700
1999-03-11,19.053665161132812,19.158470800082938,18.927898394392663,18.927898394392663,23600
1999-03-12,18.948869705200195,19.221364512907723,18.948869705200195,19.13751995669002,24600
1999-03-15,19.01174545288086,19.147992801771405,18.927900930486675,19.074628844676496,144800
1999-03-16,18.969816207885742,19.07462182229395,18.93837452356328,19.07462182229395,9100
1999-03-17,18.865018844604492,19.022227334976197,18.79165488243103,18.906941108703613,2700
1999-03-18,19.127033233642578,19.127033233642578,18.76021341820286,18.76021341820286,9500
1999-03-19,19.04319190979004,19.221361564422086,18.969827934353315,19.13751702106583,6900
1999-03-22,18.990785598754883,19.179435786821983,18.969824466747426,18.990785598754883,40900
1999-03-23,18.466754913330078,18.948860887230865,18.403871525429977,18.948860887230865,15400
1999-03-24,18.55060386657715,18.55060386657715,18.340992523451984,18.42483706070205,12800
1999-03-25,18.865018844604492,18.865018844604492,18.613485260009767,18.71829092025757,9700
1999-03-26,18.718292236328125,18.80213677042142,18.676369969281478,18.72877280308979,6600
1999-03-29,18.948869705200195,19.00127255283626,18.739258314655945,18.739258314655945,8100
1999-03-30,18.88597869873047,19.022226047833406,18.844056437468026,18.92790095999291,37300
1999-03-31,18.78118133544922,18.948870454515728,18.78118133544922,18.948870454515728,6300
1999-04-01,18.78118133544922,18.833584185157502,18.550608796732767,18.78118133544922,22500
1999-04-05,19.200401306152344,19.28424585334078,19.07463448536969,19.07463448536969,12400
1999-04-06,19.221359252929688,19.36808718615816,19.15847585297463,19.284242652884746,14500
1999-04-07,19.58817481994629,19.682499899336076,19.347121839283492,19.347121839283492,15700
1999-04-08,19.787303924560547,19.787303924560547,19.514809273057065,19.535770400095796,29600
1999-04-09,19.850189208984375,19.850189208984375,19.640577918498796,19.787305821838704,6600
1999-04-12,20.3532657623291,20.3532657623291,19.640587043565773,19.640587043565773,87300
1999-04-13,20.143644332885742,20.437100129618727,20.143644332885742,20.41613900128066,23600
1999-04-14,19.955001831054688,20.332302285843536,19.955001831054688,20.29038001308922,96900
1999-04-15,19.451929092407227,19.99691848508243,19.305201178994672,19.99691848508243,17800
1999-04-16,19.26328468322754,19.451934914075252,19.137517862662396,19.451934914075252,10400
1999-04-19,18.7392578125,19.514819936730984,18.69733553551454,19.410014244267337,32700
1999-04-20,19.095600128173828,19.095600128173828,18.718299576793882,18.865027568997196,15700
1999-04-21,19.53577995300293,19.53577995300293,19.053673795364446,19.053673795364446,16000
1999-04-22,19.93403434753418,20.017878866346102,19.619617401989476,19.619617401989476,20200
1999-04-23,20.38469696044922,20.38469696044922,20.059799476760826,20.059799476760826,9800
1999-04-26,20.3532657623291,20.47903259505204,20.248460068393317,20.47903259505204,36200
1999-04-27,20.37421226501465,20.52094013112072,20.185562151449698,20.510459569256,13900
1999-04-28,19.829233169555664,20.29037812698719,19.829233169555664,20.29037812698719,25500
1999-04-29,19.598661422729492,19.996922991747525,19.47289461146064,19.87115618047867,9800
1999-04-30,19.451929092407227,19.850190571669874,19.451929092407227,19.745384919232333,5800
1999-05-03,19.829233169555664,19.85019430398437,19.619621825268606,19.682505228554724,13000
1999-05-04,19.451929092407227,19.913073963132398,19.451929092407227,19.913073963132398,23000
1999-05-05,19.619617462158203,19.661539721692726,19.32616164541652,19.514811813321888,17100
1999-05-06,19.70345687866211,19.850184749035126,19.661534629984104,19.70345687866211,17500
1999-05-07,19.640579223632812,19.871151658488692,19.57769583230848,19.871151658488692,8000
1999-05-10,19.598661422729492,19.82923391005572,19.55673915230654,19.66154482836392,27300
1999-05-11,19.91307830810547,19.955000578227796,19.78731149773849,19.829233767860817,51000
1999-05-12,20.101722717285156,20.164606104304816,19.724422395167185,19.766344653180294,8100
1999-05-13,19.9759578704834,20.18556918077179,19.95499673945456,20.18556918077179,9600
1999-05-14,19.619617462158203,19.661539721692726,19.53577294308915,19.53577294308915,4600
1999-05-17,19.493854522705078,19.493854522705078,19.242320915960494,19.389048853228168,5800
1999-05-18,19.284238815307617,19.59865575251372,19.284238815307617,19.41000559019006,8500
1999-05-19,19.514806747436523,19.5776901204143,19.38904000148097,19.430962250132822,12100
1999-05-20,19.77682876586914,19.871153863321616,19.619620270115014,19.619620270115014,15300
1999-05-21,19.556734085083008,19.70346199354558,19.493850695741905,19.70346199354558,8400
1999-05-24,19.095600128173828,19.61962867175708,19.095600128173828,19.598667530013753,14000
1999-05-25,18.906936645507812,19.28423693333391,18.906936645507812,19.11654791652231,7200
1999-05-26,18.927898406982422,19.032704046002255,18.76020938455068,19.032704046002255,9300
1999-05-27,18.718292236328125,18.854539604229732,18.603006001949847,18.854539604229732,6600
1999-05-28,18.85453987121582,18.865020438125892,18.74973420211512,18.781175902845334,6000
1999-06-01,18.906936645507812,18.906936645507812,18.676364247391863,18.760208755797663,4400
1999-06-02,18.844058990478516,19.01174805824696,18.634447655767968,19.01174805824696,9200
1999-06-03,18.990785598754883,19.074630126784704,18.969824466747426,18.969824466747426,4900
1999-06-04,19.451929092407227,19.472890222894733,19.32616230948218,19.368084570457192,1200
1999-06-07,19.284238815307617,19.284238815307617,19.137510911278103,19.284238815307617,4200
1999-06-08,19.127033233642578,19.294722292129308,19.127033233642578,19.200397196730524,6400
1999-06-09,19.137521743774414,19.284249730857024,19.106080032256713,19.137521743774414,3000
1999-06-10,18.980300903320312,18.980300903320312,18.73924793767903,18.927898084702644,13300
1999-06-11,18.76021385192871,19.09559197665593,18.76021385192871,19.074630843860476,2500
1999-06-14,18.865018844604492,18.948863372802734,18.82309658050537,18.948863372802734,12700
1999-06-15,19.074634552001953,19.242323646964607,18.990790004520626,18.990790004520626,3600
1999-06-16,19.451929092407227,19.451929092407227,19.389045700944703,19.41000683143221,13500
1999-06-17,19.546260833740234,19.63010538423349,19.43097457681201,19.493857989681953,12300
1999-06-18,19.451929092407227,19.556734744844764,19.41000683143221,19.451929092407227,6200
1999-06-21,19.357603073120117,19.514811544206637,19.347122508381016,19.514811544206637,14100
1999-06-22,19.326169967651367,19.5148202167933,19.326169967651367,19.5148202167933,3900
1999-06-23,19.36808204650879,19.36808204650879,19.095587385681284,19.252795843851,7900
1999-06-24,19.01174545288086,19.221356758866314,18.917420365187404,19.158473367070677,14100
1999-06-25,19.03270721435547,19.200396264702214,19.03270721435547,19.200396264702214,3000
1999-06-28,19.242324829101562,19.242324829101562,19.053674585679,19.074635723837062,3000
1999-06-29,19.43096351623535,19.472885767618813,19.22135225931803,19.284235636393227,2100
1999-06-30,19.682504653930664,19.766349189197676,19.284243111412366,19.472893315763137,22500
1999-07-01,19.745397567749023,19.787319855578637,19.535786128600943,19.598669560345368,3900
1999-07-02,19.745397567749023,19.808280999493448,19.598669560345368,19.808280999493448,17700
1999-07-06,19.70345687866211,19.724418003001112,19.53576788395009,19.53576788395009,7100
1999-07-07,19.829233169555664,19.829233169555664,19.682505228554724,19.703466362983427,3200
1999-07-08,19.787303924560547,19.83970674215737,19.661537162328173,19.703459416405632,9600
1999-07-09,19.871156692504883,19.871156692504883,19.72442874224377,19.72442874224377,17000
1999-07-12,19.91307830810547,19.97596171328896,19.78731149773849,19.91307830810547,4700
1999-07-13,19.871156692504883,19.955001235511233,19.829234421001708,19.871156692504883,5300
1999-07-14,19.91307830810547,19.955000578227796,19.74538922761616,19.955000578227796,19700
1999-07-15,20.00739860534668,20.059801430399972,19.89211239022944,20.059801430399972,12700
1999-07-16,20.017881393432617,20.08076479048005,19.892114599337752,20.017881393432617,4900
1999-07-19,19.93403434753418,20.143645644563982,19.9130732178312,20.143645644563982,7000
1999-07-20,19.850189208984375,19.975955983275725,19.808266950887262,19.871150338032933,18900
1999-07-21,19.808279037475586,19.89212360482998,19.70347332828259,19.74539561195979,16200
1999-07-22,19.493854522705078,19.78731039724042,19.472893388809695,19.703465861658895,12100
1999-07-23,19.326169967651367,19.577703633173943,19.28424769006427,19.451936800412657,27300
1999-07-26,19.347126007080078,19.430970540155183,19.158475807661098,19.158475807661098,17400
1999-07-27,19.70345687866211,19.766340251679114,19.472884510933085,19.640573505645104,16300
1999-07-28,19.556734085083008,19.682500863765213,19.514811825522273,19.640578604204478,7400
1999-07-29,19.221359252929688,19.36808718615816,19.15847585297463,19.347126052839805,10500
1999-07-30,19.095600128173828,19.34713382909379,19.095600128173828,19.242328120377138,2800
1999-08-02,18.969816207885742,19.22134968246544,18.948855085004098,19.116544068057234,87600
1999-08-03,18.88597869873047,18.990784351886575,18.728770218996306,18.990784351886575,5500
1999-08-04,18.613487243652344,18.885981989336443,18.613487243652344,18.844059720769657,86400
1999-08-05,18.561077117919922,18.613479933046744,18.236179664133633,18.613479933046744,31900
1999-08-06,18.3619441986084,18.466749816180364,18.278099704550826,18.38290532212279,11700
1999-08-09,18.382904052734375,18.44578741893529,18.320020686533457,18.3619429306674,6200
1999-08-10,18.01609230041504,18.215223047191007,17.900806078597377,18.215223047191007,6000
1999-08-11,18.19426727294922,18.19426727294922,17.974175330131285,17.974175330131285,11700
1999-08-12,18.19426727294922,18.32003409741661,18.131383860715523,18.23618954777168,10000
1999-08-13,18.50867462158203,18.571558000817305,18.424830115935002,18.445791242346758,8000
1999-08-16,18.50867462158203,18.676363632876093,18.487713495170272,18.52963574799379,18400
1999-08-17,18.7392578125,18.802141227978186,18.60301041229726,18.69733553551454,15100
1999-08-18,18.865018844604492,18.959343938827516,18.728771486282348,18.82309658050537,7900
1999-08-19,18.78118133544922,18.78118133544922,18.582050506557735,18.613492216382706,4900
1999-08-20,18.7392578125,18.865024643456376,18.7392578125,18.823102366470916,2700
1999-08-23,18.917421340942383,18.948863038461955,18.833576814223527,18.927901906782242,8700
1999-08-24,18.655414581298828,18.865025981088703,18.529647741424903,18.865025981088703,14300
1999-08-25,19.03270721435547,19.03270721435547,18.54012062896191,18.55060119460858,22100
1999-08-26,18.88597869873047,19.011745482517796,18.802134176205584,18.90693982936169,6000
1999-08-27,18.749731063842773,18.90693954118075,18.665886542595853,18.90693954118075,6500
1999-08-30,18.299074172973633,18.728777518387105,18.299074172973633,18.728777518387105,18000
1999-08-31,18.236190795898438,18.33051592070481,18.026579407439833,18.236190795898438,18100
1999-09-01,18.25714683532715,18.34099136729191,18.13138003738,18.152341170371194,3800
1999-09-02,18.06849479675293,18.18378101645379,18.04753366589823,18.06849479675293,8600
1999-09-03,18.644926071166992,18.707809464324384,18.48771758827351,18.49819815379974,6200
1999-09-07,18.865018844604492,18.927902240753173,18.81261601448059,18.81261601448059,11500
1999-09-08,18.78118133544922,18.948870454515728,18.78118133544922,18.78118133544922,14300
1999-09-09,18.655414581298828,18.812623131141233,17.942735822013255,18.760220281193764,6900
1999-09-10,18.76021385192871,18.823097250315065,18.64492762155373,18.749733285530986,11300
1999-09-13,18.728771209716797,18.770693473196857,18.623965551016646,18.739251775586812,5500
1999-09-14,18.540119171142578,18.686847078658687,18.540119171142578,18.603002560078053,6100
1999-09-15,18.3619441986084,18.676361051324296,18.320021951579612,18.655399927809903,7300
1999-09-16,18.372434616088867,18.372434616088867,18.15234270112146,18.257148374915463,7000
1999-09-17,18.896459579467773,18.896459579467773,18.45627582886453,18.45627582886453,9800
1999-09-20,18.665882110595703,18.99077955328434,18.32002354257231,18.99077955328434,7600
1999-09-21,18.33051109313965,19.064150759531746,18.28858882648867,18.5086807264063,9600
1999-09-22,18.288593292236328,18.40387955367736,18.173307030795296,18.351476707567798,4800
1999-09-23,18.089462280273438,18.435321060834866,18.089462280273438,18.330515369755645,4000
1999-09-24,17.806482315063477,18.120899307089317,17.796001748662615,18.120899307089317,5500
1999-09-27,17.942737579345703,18.026582147473487,17.911295866297785,18.026582147473487,5200
1999-09-28,17.775033950805664,17.932242387870573,17.586383826327776,17.858878450573616,20000
1999-09-29,17.827434539794922,18.005604079581232,17.827434539794922,17.879837345614426,3900
1999-09-30,17.984649658203125,18.047533048616422,17.754077226687702,17.85888287737653,9600
1999-10-01,17.92177391052246,18.016099036367315,17.680720811141164,17.95321561913741,9900
1999-10-04,18.19426727294922,18.19426727294922,17.942733624014437,17.942733624014437,6400
1999-10-05,17.95320701599121,18.173298870828233,17.95320701599121,18.11041548373194,9200
1999-10-06,18.40387725830078,18.40387725830078,17.98465454171079,17.98465454171079,21700
1999-10-07,18.236190795898438,18.45628275377997,18.215229657052575,18.372438198396527,12600
1999-10-08,18.4353084564209,18.4353084564209,18.16281384592235,18.16281384592235,4300
1999-10-11,18.382904052734375,18.487709663069232,18.320020686533457,18.320020686533457,3600
1999-10-12,18.06849479675293,18.278106105299948,18.06849479675293,18.236183843590545,4300
1999-10-13,17.67023468017578,18.068496197285317,17.67023468017578,18.037054498566143,12900
1999-10-14,17.607345581054688,17.712151209513344,17.502539952596027,17.554942766825356,5200
1999-10-15,17.303417205810547,17.43966458538386,17.188130961556208,17.313897773470032,7100
1999-10-18,17.219562530517578,17.271965337975026,16.988990177704803,17.13571803858566,3900
1999-10-19,17.230058670043945,17.544475799059345,17.230058670043945,17.471111802289084,6300
1999-10-20,17.64927101135254,17.691193270286867,17.408218022480145,17.544465364016716,46400
1999-10-21,17.680706024169922,17.680706024169922,17.502536491027723,17.554939294893074,4200
1999-10-22,17.90081214904785,17.921773287395684,17.775045318960863,17.775045318960863,25900
1999-10-25,17.90081214904785,17.90081214904785,17.733123042265202,17.85888987235219,24600
1999-10-26,17.775033950805664,17.984645200225543,17.775033950805664,17.942722950341565,30800
1999-10-27,17.775033950805664,17.827436763160634,17.586383826327776,17.806475638218647,33200
1999-10-28,18.540119171142578,18.550599735965157,18.078974318949093,18.078974318949093,8000
1999-10-29,18.896459579467773,19.116551454769393,18.85453731750556,18.906940144958327,39400
1999-11-01,18.906936645507812,18.980300590362887,18.865014391304914,18.980300590362887,22400
1999-11-02,18.665882110595703,19.001260115951716,18.644920985260953,18.96981842794959,19900
1999-11-03,18.749731063842773,18.8021338896221,18.603003151660662,18.8021338896221,7400
1999-11-04,18.959346771240234,19.032710744373833,18.865021662925606,18.865021662925606,8800
1999-11-05,18.87550163269043,19.221360352223346,18.87550163269043,19.221360352223346,23600
1999-11-08,18.906936645507812,18.948858899710714,18.781169882899114,18.781169882899114,16600
1999-11-09,18.78118133544922,19.001273304224014,18.73925905568259,18.99079273428236,10000
1999-11-10,18.896459579467773,18.906940144958327,18.561081483770064,18.561081483770064,21300
1999-11-11,19.116546630859375,19.17943000793457,19.011741002400715,19.064143816630043,8000
1999-11-12,19.493854522705078,19.53577679049584,19.137515246483588,19.378568286280476,33500
1999-11-15,19.57769203186035,19.68249766372256,19.451925273625704,19.451925273625704,15700
1999-11-16,19.829233169555664,19.86067487119872,19.619621825268606,19.619621825268606,17700
1999-11-17,19.630102157592773,19.787310663926938,19.61962159050383,19.787310663926938,3300
1999-11-18,19.7558650970459,19.892112442542768,19.640578881625473,19.640578881625473,8200
1999-11-19,19.661548614501953,19.766354310741303,19.630106905630146,19.766354310741303,8700
1999-11-22,19.451929092407227,19.514812483869747,19.368084570457192,19.451929092407227,15700
1999-11-23,19.127033233642578,19.389047387528095,19.095591535176318,19.389047387528095,7000
1999-11-24,19.399526596069336,19.399526596069336,19.07462906798822,19.07462906798822,21400
1999-11-26,19.242324829101562,19.326169381733816,19.242324829101562,19.326169381733816,9400
1999-11-29,19.127033233642578,19.263280593663048,19.127033233642578,19.127033233642578,31700
1999-11-30,19.116546630859375,19.32615788777669,19.05366325378418,19.158468882242836,7500
1999-12-01,19.074634552001953,19.17944023635361,19.03271227826129,19.095595688872283,40700
1999-12-02,19.242324829101562,19.242324829101562,19.116558000153187,19.116558000153187,20800
1999-12-03,19.619617462158203,19.892112149132622,19.410006164485573,19.410006164485573,24600
1999-12-06,19.734909057617188,19.745389625358882,19.61962281245851,19.692986786650394,40700
1999-12-07,19.682504653930664,19.829232590647933,19.682504653930664,19.74538805538092,11500
1999-12-08,19.871156692504883,19.94452066763544,19.72442874224377,19.72442874224377,38900
1999-12-09,20.175086975097656,20.206528669084822,20.007397940499445,20.007397940499445,12100
1999-12-10,20.04932403564453,20.29037706900565,19.96547950230153,20.29037706900565,18800
1999-12-13,19.91307830810547,20.09124795612536,19.91307830810547,19.91307830810547,10700
1999-12-14,19.955001831054688,20.007404671997584,19.808273876414578,19.808273876414578,16000
1999-12-15,19.787303924560547,20.05979857606403,19.755862234002453,19.829226178638006,8400
1999-12-16,19.944515228271484,19.944515228271484,19.70346223286936,19.871151273149096,9500
1999-12-17,20.290372848510742,20.290372848510742,19.996917042850463,20.101722687729136,485300
1999-12-20,20.219369888305664,20.514543171346624,20.219369888305664,20.345872723894647,301300
1999-12-21,20.092866897583008,20.28262114950142,20.05069928604558,20.11395070335172,558700
1999-12-22,20.113941192626953,20.24044396742335,20.092857396827554,20.145566886326055,153500
1999-12-23,20.535627365112305,20.59887878410136,20.24045407649673,20.24045407649673,445400
1999-12-27,20.535627365112305,20.74646542840915,20.535627365112305,20.74646542840915,500800
1999-12-28,20.577787399291992,20.69374829139866,20.51453600359745,20.51453600359745,112800
1999-12-29,20.567243576049805,20.567243576049805,20.45128269479068,20.45128269479068,27900
1999-12-30,20.641040802001953,20.74645980507653,20.514537998312463,20.514537998312463,7300
1999-12-31,20.841337203979492,20.841337203979492,20.641041095291776,20.641041095291776,7200
2000-01-03,20.440752029418945,20.915137713443624,20.282623468077386,20.915137713443624,246700
2000-01-04,19.97689437866211,20.377486455912326,19.924184894813397,20.36694455914258,35300
2000-01-05,19.79768943786621,20.09286265632215,19.713354232593087,20.09286265632215,137600
2000-01-06,19.86094856262207,19.945283800679913,19.671194276991923,19.776613324564227,50000
2000-01-07,20.103408813476562,20.103408813476562,19.808235532523575,19.882028852761824,22100
2000-01-10,22.159082412719727,22.222333837304085,21.336813893123086,21.7584900570188,31800
2000-01-11,21.5687255859375,21.948233954018512,21.55818368682414,21.948233954018512,17900
2000-01-12,21.210309982299805,21.73740516078638,21.125974753741954,21.73740516078638,12400
2000-01-13,21.84282112121582,21.884988729557936,21.315726016939376,21.400061233623607,600000
2000-01-14,21.653066635131836,21.990407497996596,21.52656381155755,21.990407497996596,23600
2000-01-18,21.25246810913086,21.505473681858607,21.23138431140355,21.505473681858607,417300
2000-01-19,21.758481979370117,21.758481979370117,21.252470770547557,21.315722171650375,10400
2000-01-20,21.589815139770508,21.927156001329422,21.50547992438078,21.863904589787126,64200
2000-01-21,21.54764747619629,21.621440789470935,21.378977045854246,21.505479868610777,37300
2000-01-24,20.904592514038086,21.716319000967452,20.904592514038086,21.610899976690913,72100
2000-01-25,21.052173614501953,21.210302109352995,20.915128918964385,21.083799313472163,24400
2000-01-26,20.95729637145996,21.1154248652084,20.91512877312704,21.041631568125794,10500
2000-01-27,20.830799102783203,21.178681881321587,20.830799102783203,21.052179052762174,10700
2000-01-28,20.409122467041016,20.93621757207823,20.409122467041016,20.872966159473766,18100
2000-01-31,20.31424331665039,20.493455634441286,20.145572899906018,20.493455634441286,27500
2000-02-01,20.577787399291992,20.59887119785684,20.34586561507866,20.388033212208356,161600
2000-02-02,21.08379554748535,21.08379554748535,20.7253710231781,20.7253710231781,7700
2000-02-03,21.273557662963867,21.326267171544053,20.925674906334624,21.052177726927077,31500
2000-02-04,21.34734535217285,21.463306240505645,21.210300665961373,21.41059674580892,11300
2000-02-07,20.999467849731445,21.336808698723118,20.90459073595254,21.336808698723118,36400
2000-02-08,21.231399536132812,21.27356716182523,21.041645220516926,21.041645220516926,265000
2000-02-09,20.851877212524414,21.210301795550617,20.757000117017476,21.210301795550617,19000
2000-02-10,20.67266845703125,20.9572997922377,20.66212655572731,20.83079697659039,5000
2000-02-11,20.683210372924805,20.830796991284107,20.63050086636791,20.672668471613427,9200
2000-02-14,20.303699493408203,20.556705094572166,20.177196692826218,20.45128609408718,14900
2000-02-15,20.145580291748047,20.261541245808342,19.987451718029458,20.261541245808342,23100
2000-02-16,19.57630729675293,20.07177657136111,19.56576539729318,19.98744137568312,35000
2000-02-17,19.565765380859375,19.76606147042636,19.481430185252222,19.671184375368316,15300
2000-02-18,19.02813148498535,19.555226539971095,19.02813148498535,19.52360083667195,109900
2000-02-22,18.891090393066406,19.1968055835792,18.785671361855098,19.1968055835792,35300
2000-02-23,19.186264038085938,19.312766877897495,18.84892313192179,18.84892313192179,17500
2000-02-24,19.03866958618164,19.29167516207774,18.722412616311512,19.207339970112375,172800
2000-02-25,18.448328018188477,19.01759071132115,18.21640618024554,18.996506907871794,21200
2000-02-28,18.775127410888672,18.775127410888672,18.406160841893104,18.53266366554873,103600
2000-02-29,18.98595428466797,19.133540825470494,18.775116369235786,18.84890963963705,15500
2000-03-01,19.144094467163086,19.24951348955936,18.912172617891287,19.070301151485694,26700
2000-03-02,19.05975341796875,19.18625620614111,18.99650202388257,19.12300481205493,47600
2000-03-03,19.323301315307617,19.365468912285923,19.123005229660677,19.207340423617282,372700
2000-03-06,18.943796157836914,19.302220792987974,18.943796157836914,19.196801782649427,316300
2000-03-07,18.595911026000977,19.059754611683537,18.55374342730256,18.954335614937502,635200
2000-03-08,18.501033782958984,18.680246076013287,18.427240485818977,18.427240485818977,184000
2000-03-09,18.93325424194336,18.996505648096843,18.4694105968178,18.532662002971282,15400
2000-03-10,18.775127410888672,19.028133058199916,18.764585508917367,18.89108833257299,165300
2000-03-13,18.63808822631836,18.78567489779373,18.36399869357838,18.36399869357838,64200
2000-03-14,18.690799713134766,18.954347368424315,18.690799713134766,18.76459305661584,36200
2000-03-15,18.785667419433594,18.933254032156416,18.59591320307568,18.785667419433594,42200
2000-03-16,19.75551414489746,19.75551414489746,18.975413799794786,18.975413799794786,168500
2000-03-17,19.77660369873047,19.96635789200187,19.607933304711448,19.67118470246858,62000
2000-03-20,20.156112670898438,20.240447870358263,20.040151771641174,20.113945071168523,8200
2000-03-21,20.28261947631836,20.324787084377235,20.050697631994552,20.240451868259484,18100
2000-03-22,20.799175262451172,20.94676190901697,20.45129245268894,20.45129245268894,29900
2000-03-23,20.88350486755371,21.02054957390313,20.662124957296957,20.662124957296957,24900
2000-03-24,21.062721252441406,21.157598375200152,20.915134617038916,20.915134617038916,9200
2000-03-27,20.915124893188477,21.157588538623624,20.915124893188477,20.94675058607132,14400
2000-03-28,20.93621253967285,21.031089635774087,20.83079354400481,20.91512874053924,13700
2000-03-29,20.619962692260742,20.79917504694808,20.51454366009172,20.767549337297375,6800
2000-03-30,20.324787139892578,20.662128005284984,20.229910021500963,20.577792788936883,14000
2000-03-31,20.693748474121094,20.693748474121094,20.282614398476305,20.472368587235437,14400
2000-04-03,20.683210372924805,20.862422695218243,20.683210372924805,20.862422695218243,11200
2000-04-04,20.451290130615234,20.999469041332755,19.860943611380982,20.79917290087828,7600
2000-04-05,20.31424331665039,20.472371832348237,20.18774050409211,20.240450009324725,7100
2000-04-06,20.70429229736328,20.80971130091401,20.430202888131383,20.430202888131383,29000
2000-04-07,20.75700569152832,20.8518828125155,20.6094190588816,20.788631398524046,6000
2000-04-10,20.619962692260742,20.820258853381883,20.619962692260742,20.78863314373118,16000
2000-04-11,20.799175262451172,20.799175262451172,20.56725338927635,20.577795292602477,10100
2000-04-12,20.419662475585938,20.872964223882374,20.419662475585938,20.83079661938968,13100
2000-04-13,19.903100967407227,20.282609248565418,19.81876579381652,20.2509835584689,17500
2000-04-14,18.701339721679688,19.29168640962448,18.701339721679688,19.20735116848951,9800
2000-04-17,18.859453201293945,18.933246478213483,18.31127457274879,18.74349233756324,16900
2000-04-18,19.37601089477539,19.37601089477539,18.817290232412443,18.817290232412443,50900
2000-04-19,19.882017135620117,19.903100928977086,19.62901161533651,19.69226299540741,7200
2000-04-20,19.966360092163086,19.966360092163086,19.734438274830673,19.88202488586039,4000
2000-04-24,19.68173599243164,19.7766131343341,19.4814398039709,19.565775041217528,18000
2000-04-25,20.17719841003418,20.17719841003418,19.776606174098287,19.776606174098287,3600
2000-04-26,20.388036727905273,20.556707145509453,20.240450112501616,20.240450112501616,15500
2000-04-27,20.261524200439453,20.366943160899595,19.98743490324308,19.98743490324308,5200
2000-04-28,20.451290130615234,20.630502466811347,20.366954913581772,20.630502466811347,4900
2000-05-01,20.5145320892334,20.619951061942718,20.430196911065945,20.5145320892334,3500
2000-05-02,20.103408813476562,20.198285939497165,19.99798978456478,20.198285939497165,3800
2000-05-03,19.544681549072266,19.83985473320065,19.354927359275447,19.77660333660171,10600
2000-05-04,19.481433868408203,19.607936685735528,19.407640558300596,19.481433868408203,18600
2000-05-05,19.46035385131836,19.586856693255424,19.418186237339338,19.418186237339338,4700
2000-05-08,19.502517700195312,19.502517700195312,19.281137769544447,19.344389178301835,5800
2000-05-09,19.365468978881836,19.523597468094263,19.33384328103935,19.523597468094263,6200
2000-05-10,19.333837509155273,19.629010600898102,19.207334755551205,19.523591639561378,9100
2000-05-11,19.312772750854492,19.39710800304163,19.270605124760927,19.33385656390128,3800
2000-05-12,19.650110244750977,19.713361672577427,19.46035596127162,19.481439770547105,5100
2000-05-15,19.97689437866211,19.98743627543185,19.56576040464215,19.56576040464215,8000
2000-05-16,20.24045181274414,20.345870832602184,20.135032792886097,20.135032792886097,11200
2000-05-17,20.008529663085938,20.177200092279495,19.96636205578755,20.008529663085938,6600
2000-05-18,19.987451553344727,20.113954411277287,19.945283934033874,20.113954411277287,2200
2000-05-19,19.46035385131836,19.671191921213467,19.439270044328847,19.671191921213467,5500
2000-05-22,19.238964080810547,19.439260145213506,19.144086997672304,19.439260145213506,47300
2000-05-23,19.080841064453125,19.33384669182709,19.080841064453125,19.2705952849836,6600
2000-05-24,19.20734405517578,19.43926588240622,18.943796524232095,19.43926588240622,7800
2000-05-25,19.05975341796875,19.354926590370923,19.05975341796875,19.228423802198563,112100
2000-05-26,18.91217041015625,19.228427440426422,18.87000280612023,19.228427440426422,139600
2000-05-30,19.692272186279297,19.7344397926739,19.08084189355756,19.08084189355756,52200
2000-05-31,19.903100967407227,19.903100967407227,19.650095446635103,19.73443062022581,41100
2000-06-01,19.77660369873047,20.008525490506628,19.734436100225714,19.945274092749493,19300
2000-06-02,20.261524200439453,20.40911074508365,20.11393765579525,20.13502144788728,26900
2000-06-05,20.19827651977539,20.37748878534751,20.156108927876065,20.345863091423016,8100
2000-06-06,20.02960777282715,20.219361951727617,19.966356379860326,20.156110558760794,22800
2000-06-07,19.97689437866211,20.11393903666876,19.839849720655454,19.966352481892365,9400
2000-06-08,19.818771362304688,20.071776954163898,19.818771362304688,20.071776954163898,9500
2000-06-09,20.113941192626953,20.21936017162395,19.966354622031158,19.966354622031158,14300
2000-06-12,19.924203872680664,20.071790568033855,19.818784804571244,20.071790568033855,17200
2000-06-13,19.650110244750977,19.839864528230333,19.650110244750977,19.755529291128397,4100
2000-06-14,19.987451553344727,20.135038220932714,19.882032505067592,20.02961917265558,10100
2000-06-15,20.55669593811035,20.55669593811035,20.240439077524037,20.240439077524037,57000
2000-06-16,20.324787139892578,20.577792788936883,20.282619531718527,20.45128996441473,1318500
2000-06-19,20.451290130615234,20.514541543390333,20.345871109323404,20.451290130615234,21100
2000-06-20,20.419662475585938,20.493455783448148,20.198282551999306,20.28261776098469,5300
2000-06-21,20.324787139892578,20.40912235624068,20.240451923544477,20.2615357276315,134600
2000-06-22,20.28261947631836,20.388038496465544,20.240451868259484,20.240451868259484,25200
2000-06-23,19.903100967407227,20.282609248565418,19.776598207021166,20.282609248565418,2900
2000-06-26,19.713354110717773,19.903108321409174,19.650102707153973,19.903108321409174,6600
2000-06-27,19.67118263244629,19.81876921168222,19.607931241345174,19.67118263244629,59200
2000-06-28,19.586851119995117,19.892566234354568,19.586851119995117,19.79768912989819,42100
2000-06-29,19.882017135620117,19.882017135620117,19.50250885519471,19.565760235265607,31900
2000-06-30,19.945266723632812,19.945266723632812,19.787138287663208,19.818763974857127,16600
2000-07-03,19.903100967407227,19.903100967407227,19.73443062022581,19.73443062022581,2400
2000-07-05,20.02960777282715,20.09285916579397,19.83985359392668,19.94527258220472,83100
2000-07-06,19.987451553344727,20.135038220932714,19.83986488575674,20.05070298231101,12400
2000-07-07,20.156112670898438,20.17719647076339,19.903107072518956,19.903107072518956,14400
2000-07-10,19.987451553344727,20.135038220932714,19.83986488575674,20.135038220932714,23200
2000-07-11,19.766067504882812,19.903112239583333,19.71335799153646,19.75552560221354,6400
2000-07-12,20.135032653808594,20.240451672938484,19.945278419374798,20.061239340417675,98400
2000-07-13,20.19827651977539,20.282611703574034,20.00852235622844,20.00852235622844,5600
2000-07-14,20.5145320892334,20.5145320892334,20.219358965647306,20.34586173289849,4000
2000-07-17,20.261524200439453,20.535613497635822,20.240440408347425,20.535613497635822,26200
2000-07-18,19.945266723632812,20.177188429721564,19.934724827901505,20.09285326387111,56600
2000-07-19,20.0717830657959,20.219369705985574,19.98744784283037,20.029615454313134,7600
2000-07-20,20.388036727905273,20.43020433230632,20.17719870590005,20.17719870590005,2000
2000-07-21,19.882017135620117,20.303693002759463,19.86093334226315,20.303693002759463,6500
2000-07-24,19.692272186279297,19.90311021825231,19.671188383081994,19.90311021825231,61200
2000-07-25,19.702817916870117,19.86094647158015,19.62902459133877,19.86094647158015,42500
2000-07-26,19.544681549072266,19.755519537735395,19.544681549072266,19.734435738869085,26900
2000-07-27,19.67118263244629,19.797685414648516,19.618473139862026,19.65009883541258,2000
2000-07-28,19.46035385131836,19.713359535192488,19.312767202391786,19.713359535192488,7800
2000-07-31,19.650110244750977,19.650110244750977,19.523607389098075,19.56577500764904,33800
2000-08-01,19.818771362304688,19.966357957555893,19.58684956976708,19.58684956976708,6200
2000-08-02,19.903100967407227,19.987436140997936,19.776598207021166,19.776598207021166,9500
2000-08-03,20.008529663085938,20.008529663085938,19.7555240192956,19.860943037541574,18400
2000-08-04,20.419662475585938,20.57779099243353,20.261533958738344,20.345869167723727,57300
2000-08-07,20.261524200439453,20.472362121359737,20.261524200439453,20.43019453717568,3500
2000-08-08,20.324787139892578,20.45128996441473,20.2615357276315,20.430206160327707,4000
2000-08-09,20.135032653808594,20.28261928059044,20.135032653808594,20.219367869112506,7900
2000-08-10,20.17719841003418,20.17719841003418,20.008527994903275,20.092863202468727,28700
2000-08-11,20.303699493408203,20.47236989418418,20.156112892729222,20.156112892729222,10400
2000-08-14,20.535627365112305,20.535627365112305,20.34587310814515,20.472375946123254,3400
2000-08-15,20.43020248413086,20.683208087649508,20.282615882078314,20.43020248413086,32800
2000-08-16,20.135032653808594,20.514541122676192,20.09286504615664,20.514541122676192,3700
2000-08-17,20.324787139892578,20.388038552153652,20.1772005112834,20.1772005112834,60400
2000-08-18,20.324787139892578,20.324787139892578,20.208826217413936,20.2615357276315,2100
2000-08-21,20.388036727905273,20.451288134506843,20.324785321303708,20.324785321303708,3800
2000-08-22,20.135032653808594,20.219367869112506,20.113948849982616,20.219367869112506,3800
2000-08-23,20.156112670898438,20.272073570155698,20.050693671573654,20.092861271303565,41100
2000-08-24,20.103408813476562,20.240453551061876,20.07178310480303,20.240453551061876,2100
2000-08-25,20.440752029418945,20.440752029418945,20.240455851719638,20.240455851719638,5300
2000-08-28,20.24045181274414,20.3880384405454,20.208826106786727,20.3880384405454,13100
2000-08-29,20.33531951904297,20.47236418143154,20.272068136402087,20.33531951904297,23800
2000-08-30,20.47237205505371,20.546165363182123,20.335327339958088,20.335327339958088,9500
2000-08-31,20.345869064331055,20.53562328358388,20.324785262191853,20.409120470748665,3700
2000-09-01,20.324787139892578,20.430206160327707,20.2615357276315,20.2615357276315,68400
2000-09-05,19.924203872680664,20.24046107700893,19.74499145689465,20.24046107700893,436100
2000-09-06,19.839860916137695,20.092866581380683,19.839860916137695,19.924196137885357,36400
2000-09-07,19.68173599243164,19.966367418139008,19.650110278464158,19.966367418139008,37500
2000-09-08,19.692272186279297,19.882026415055005,19.692272186279297,19.7766073990685,956100
2000-09-11,19.766067504882812,19.903112239583333,19.60793896484375,19.671190380859375,536300
2000-09-12,19.75551414489746,19.924184489784523,19.650095179343044,19.83984931734099,561400
2000-09-13,19.966360092163086,19.966360092163086,19.660644969315815,19.77660587798202,14300
2000-09-14,19.75551414489746,20.0190615587835,19.75551414489746,20.0190615587835,43100
2000-09-15,19.67118263244629,19.91364629833389,19.67118263244629,19.91364629833389,21900
2000-09-18,19.63955307006836,19.90310048109987,19.544676002097013,19.818765309569788,50300
2000-09-19,19.5130615234375,19.586854840922136,19.40764249845945,19.544687230930915,13000
2000-09-20,19.133541107177734,19.344379025714126,18.97541266827544,19.344379025714126,14700
2000-09-21,19.312772750854492,19.312772750854492,18.985973648629336,19.165186059527002,12100
2000-09-22,19.144094467163086,19.144094467163086,18.89108881341203,19.12301066268383,4800
2000-09-25,19.42872428894043,19.52360140158311,19.33384717629775,19.33384717629775,7100
2000-09-26,19.42872428894043,19.544685204392596,19.35493097910723,19.544685204392596,5400
2000-09-27,19.10192108154297,19.35492665878195,19.10192108154297,19.312759062575452,7200
2000-09-28,19.660655975341797,19.660655975341797,19.228437801084954,19.27060542784172,56300
2000-09-29,19.60793685913086,19.60793685913086,19.481434040684853,19.586853056056523,2600
2000-10-02,19.86094856262207,19.86094856262207,19.713361896020842,19.734445705535304,4000
2000-10-03,19.934728622436523,20.11394088398143,19.860935338270973,19.987438111126203,15900
2000-10-04,20.092866897583008,20.092866897583008,19.839861228358455,19.987447868739444,1700
2000-10-05,20.272069931030273,20.55670117811182,20.156109052589642,20.19827664474987,19900
2000-10-06,19.79768943786621,20.324784470823246,19.79768943786621,20.324784470823246,3700
2000-10-09,19.67118263244629,19.755517820581105,19.618473139862026,19.755517820581105,9400
2000-10-10,19.692272186279297,19.95581972624556,19.671188383081994,19.671188383081994,2000
2000-10-11,19.19678497314453,19.59737686165606,19.186243081341598,19.502499835429646,29100
2000-10-12,18.553747177124023,19.29168030348691,18.46941196268255,19.29168030348691,7900
2000-10-13,18.901626586914062,19.112464585652646,18.279654490635238,18.38507349000453,5700
2000-10-16,18.722412109375,18.848914893897806,18.659160717113597,18.785663501636403,6400
2000-10-17,17.79472541809082,18.78566391886128,17.626055034980954,18.659161131528883,13500
2000-10-18,18.08990478515625,18.216407615821677,16.993546919389203,17.120049750054633,8700
2000-10-19,18.300750732421875,18.342918360837594,18.11099640455114,18.258583104006156,8100
2000-10-20,18.680238723754883,19.080830750562267,18.47994271035119,18.47994271035119,11400
2000-10-23,18.95433807373047,19.017589479983183,18.78566765705656,18.848919063309275,4000
2000-10-24,18.99650764465332,19.43926753426233,18.933256231852035,19.1019266659888,103300
2000-10-25,18.659168243408203,19.070302458940926,18.659168243408203,19.059760555978546,5800
2000-10-26,18.922700881958008,19.017577933733843,18.648611621272266,18.93324277659977,4800
2000-10-27,19.091394424438477,19.091394424438477,18.848930552675867,18.848930552675867,3000
2000-10-30,19.46035385131836,19.46035385131836,19.059761518517657,19.270599588412765,3700
2000-10-31,19.903100967407227,19.903100967407227,19.35492233906762,19.58684406644207,22700
2000-11-01,20.040151596069336,20.040151596069336,19.797687899746563,19.93473259766813,5900
2000-11-02,20.219369888305664,20.219369888305664,19.987448023059198,19.987448023059198,16200
2000-11-03,20.145580291748047,20.29316696055206,20.13503838683347,20.2404574359792,5400
2000-11-06,20.28261947631836,20.366954692436106,20.113949044082865,20.113949044082865,9100
2000-11-07,20.3669490814209,20.3669490814209,20.13502730099064,20.21936249387437,29100
2000-11-08,20.19827651977539,20.493449663070646,20.19827651977539,20.409114479272002,14800
2000-11-09,19.270593643188477,19.671185852401365,18.99650423688492,19.671185852401365,14700
2000-11-10,19.19678497314453,19.34437145838562,19.144075514129856,19.144075514129856,11200
2000-11-13,18.785667419433594,18.891086428521323,18.574829401258132,18.80675122125114,21200
2000-11-14,19.238964080810547,19.27058977518996,18.9965004239017,19.017584220154642,8600
2000-11-15,19.333837509155273,19.39708888595731,19.133541482615495,19.31275371688793,4000
2000-11-16,19.10192108154297,19.344384759730325,19.10192108154297,19.3338428606787,3700
2000-11-17,18.97542381286621,19.32330658276876,18.87000479168362,19.059759029812284,11500
2000-11-20,18.87000274658203,18.954337954387984,18.701332330970125,18.87000274658203,3500
2000-11-21,18.42724609375,18.42724609375,18.21640803775744,18.25857564895595,8200
2000-11-22,18.248027801513672,18.311279197706092,18.174234505955845,18.30073729834069,3500
2000-11-24,18.332368850708008,18.34291075343987,18.02665367148401,18.02665367148401,9400
2000-11-27,18.448328018188477,18.616998445783345,18.42724421473912,18.616998445783345,5000
2000-11-28,18.21640396118164,18.616996177920587,18.21640396118164,18.469409571753605,19800
2000-11-29,18.258573532104492,18.363992547878766,18.110986910020507,18.258573532104492,120200
2000-11-30,18.08990478515625,18.216407615821677,17.794731513603583,18.04773717493444,6100
2000-12-01,18.21640396118164,18.44832577087261,18.13206875765765,18.13206875765765,7400
2000-12-04,18.22694969177246,18.300743010362634,18.153156373182288,18.17424017849377,25500
2000-12-05,18.701339721679688,18.785674962814657,18.279663516004835,18.279663516004835,14600
2000-12-06,18.901626586914062,19.03867128609414,18.827833287355556,18.975419886472565,10700
2000-12-07,18.585372924804688,18.764585255900368,18.553747219317216,18.764585255900368,5000
2000-12-08,18.98595428466797,19.144082721242103,18.84890963963705,18.97541238889636,45300
2000-12-11,19.186264038085938,19.228431651356455,18.82783932528653,18.954342165098087,6600
2000-12-12,19.22843360900879,19.270601226572403,18.975427903627093,18.975427903627093,7600
2000-12-13,19.333837509155273,19.439256470491998,19.249502340085893,19.333837509155273,7200
2000-12-14,19.16517448425293,19.291677286129186,19.017587882063964,19.16517448425293,9300
2000-12-15,18.680238723754883,18.901618528043173,18.53265218756269,18.701322514639482,10300
2000-12-18,18.578189849853516,18.894504092473042,18.43057653663107,18.841785052036453,12800
2000-12-19,18.599267959594727,18.957757251332946,18.599267959594727,18.683618381180192,29600
2000-12-20,17.75577163696289,18.156436317606946,17.650333563109193,17.96664778467029,94400
2000-12-21,17.88228416442871,17.903371763679218,17.523794977170116,17.692495771174162,25800
2000-12-22,18.18805694580078,18.24077595144078,17.966637122112772,18.029899928880774,10200
2000-12-26,18.219696044921875,18.409484545389812,18.029907544453938,18.325134100737394,16500
2000-12-27,18.282957077026367,18.282957077026367,18.05099337708716,18.05099337708716,14400
2000-12-28,18.599267959594727,18.599267959594727,18.135340640874677,18.135340640874677,10400
2000-12-29,18.388397216796875,18.662536166129858,18.388397216796875,18.493835274232637,34100
2001-01-02,17.639795303344727,18.409493484542672,17.639795303344727,18.21970489191852,9400
2001-01-03,19.031574249267578,19.316257077372967,17.903386745294377,17.903386745294377,177400
2001-01-04,19.590389251708984,19.65365208029362,19.10537423256011,19.189724670672955,44300
2001-01-05,19.063199996948242,19.252988492493078,18.97884955448387,19.168638050028708,43300
2001-01-08,18.789060592651367,19.021024303671755,18.48329024630631,19.021024303671755,9500
2001-01-09,19.021018981933594,19.063194190319255,18.8206867421017,18.894493356776607,12600
2001-01-10,19.168642044067383,19.295167734127233,18.957765893967633,18.957765893967633,8300
2001-01-11,19.600934982299805,19.801267292500825,19.463865506899108,19.653654011300073,36500
2001-01-12,19.864530563354492,19.92779339954352,19.611479218598387,19.769636309070954,39900
2001-01-16,20.075408935546875,20.075408935546875,19.653656646984967,19.780182333553537,50600
2001-01-17,20.22301483154297,20.412803291901557,20.0754015845974,20.307365258369007,47900
2001-01-18,20.15974998474121,20.180837589327762,19.991049148048816,20.075399566395014,10100
2001-01-19,19.66420555114746,20.033238899292318,19.66420555114746,20.033238899292318,19200
2001-01-22,19.527135848999023,19.653661567243077,19.42169775046231,19.42169775046231,11000
2001-01-23,19.98050880432129,19.98050880432129,19.56930044370465,19.653650876651653,13000
2001-01-24,19.790725708007812,20.03323326862805,19.69583144515642,19.83290093594177,24700
2001-01-25,19.75908660888672,19.84343703197695,19.579841959819976,19.73799900311416,7700
2001-01-26,19.558761596679688,19.590393017051674,19.252991199750465,19.590393017051674,221300
2001-01-29,19.879703521728516,19.899948082980906,19.50856224169693,19.64352340920937,34900
2001-01-30,19.83922576904297,20.028171242169645,19.596297345978083,19.83922576904297,229800
2001-01-31,19.717761993408203,19.920203858644893,19.717761993408203,19.771746233387493,20200
2001-02-01,19.980937957763672,20.001181245017438,19.771747884178065,19.90670913893743,22400
2001-02-02,19.744752883911133,20.00792586795929,19.609791653222718,20.00792586795929,123200
2001-02-05,19.731258392333984,19.879714730634685,19.690770534085758,19.72451020144498,15100
2001-02-06,19.751493453979492,19.953933934824395,19.751493453979492,19.893201533153885,21100
2001-02-07,19.94044303894043,20.142884862499113,19.87971062058138,19.893206999569067,19100
2001-02-08,20.061901092529297,20.14287805199076,19.926941209540338,20.075397466953728,510300
2001-02-09,19.73800277709961,19.87971089718541,19.623286128279197,19.87971089718541,10600
2001-02-12,19.899961471557617,20.001181771749827,19.704269062797472,19.704269062797472,14600
2001-02-13,19.92020606994629,20.14289124546641,19.92020606994629,19.974190315918257,17600
2001-02-14,19.704261779785156,19.9067023053443,19.49507177801051,19.9067023053443,5600
2001-02-15,19.78523063659668,19.87970267759285,19.737994616098597,19.852711217487528,17100
2001-02-16,19.69751739501953,19.852721913729997,19.657028252419284,19.852721913729997,8500
2001-02-20,19.67727279663086,19.886461551434625,19.636784941172067,19.85272188639992,13700
2001-02-21,19.57604217529297,19.82571865368811,19.56929398843296,19.771734445893077,12700
2001-02-22,19.204912185668945,19.576054983286202,19.204912185668945,19.55581040946079,36900
2001-02-23,19.150922775268555,19.164419154177246,18.752789894146375,19.164419154177246,62400
2001-02-26,19.252153396606445,19.40060977325951,19.123940310764265,19.231908818709428,8000
2001-02-27,19.596294403076172,19.657025534407705,19.231899892573715,19.366861108408447,9200
2001-02-28,19.339879989624023,19.569313422370442,19.326383602500982,19.569313422370442,8000
2001-03-01,19.27239418029785,19.339874810756648,19.218409933348006,19.25215089212039,16900
2001-03-02,19.30613899230957,19.41410750775829,19.06995738210817,19.13068983293385,5600
2001-03-05,19.198163986206055,19.40060456245826,19.198163986206055,19.40060456245826,4600
2001-03-06,19.265644073486328,19.39385712990472,19.22515621407004,19.258897169488485,5200
2001-03-07,19.353368759155273,19.4343444758484,19.25889666065136,19.4343444758484,5000
2001-03-08,19.461328506469727,19.461328506469727,19.265634919285464,19.265634919285464,18200
2001-03-09,19.29262924194336,19.31962070856521,19.083440549053986,19.306125618796955,27300
2001-03-12,18.327667236328125,18.800030311453565,18.260186613155085,18.78653392940179,23300
2001-03-13,18.334413528442383,18.36140500266457,17.990263544281056,18.341161718769353,56800
2001-03-14,17.983509063720703,18.233186870144063,17.747327633230547,17.81480822581134,51000
2001-03-15,18.51660919189453,18.51660919189453,18.057742586346144,18.152214668517075,14400
2001-03-16,18.270267486572266,18.52674038047392,18.16902872837768,18.52674038047392,10200
2001-03-19,18.270267486572266,18.277016908761325,18.108285215996794,18.15552988399956,15100
2001-03-20,17.885549545288086,18.492983045965957,17.885549545288086,18.344499701855348,10200
2001-03-21,17.413101196289062,17.818057307502293,17.338860165145963,17.818057307502293,44700
2001-03-22,17.028383255004883,17.345599309767582,16.56943335329485,17.298353406799244,45600
2001-03-23,17.413101196289062,17.413101196289062,17.01489450378338,17.18362610951223,18600
2001-03-26,17.716815948486328,17.838302892389972,17.548084368024554,17.548084368024554,8700
2001-03-27,18.24325942993164,18.24325942993164,17.946291479942374,17.946291479942374,7800
2001-03-28,17.865299224853516,17.986786168410326,17.750561698974284,17.750561698974284,2400
2001-03-29,18.088024139404297,18.236508747764795,17.865298514183298,17.865298514183298,13500
2001-03-30,18.101537704467773,18.223024742052786,18.020547204291624,18.115036550270727,14700
2001-04-02,17.87880516052246,18.39174952184879,17.87880516052246,18.189272060389584,3000
2001-04-03,17.480594635009766,17.71681914777747,17.34561011865681,17.71681914777747,29400
2001-04-04,17.588586807250977,17.588586807250977,17.372610501569728,17.514345756748252,7500
2001-04-05,18.02727699279785,18.108268697866322,17.75055737206976,17.75055737206976,5000
2001-04-06,17.946298599243164,18.115030251144795,17.845059865566252,17.919300917025136,12900
2001-04-09,18.169025421142578,18.223019501506077,18.047538418494604,18.088033656937125,4700
2001-04-10,18.526735305786133,18.58747880152867,18.243266088094398,18.277011902475675,12700
2001-04-11,18.304018020629883,18.546990828272143,18.16228270279441,18.546990828272143,8400
2001-04-12,18.290515899658203,18.405253503150035,18.135283050028278,18.25676878844257,8100
2001-04-16,18.418745040893555,18.56722840937679,18.358001552123106,18.47948724234385,4300
2001-04-17,18.7359619140625,18.7359619140625,18.452492700501054,18.580729110457973,4400
2001-04-18,19.485124588012695,19.640357341922783,18.803448809640724,18.803448809640724,12900
2001-04-19,19.505373001098633,19.57961531817742,19.316394430090764,19.45137893976496,7300
2001-04-20,19.55936622619629,19.55936622619629,19.32989115350911,19.55261680790315,14700
2001-04-23,19.10717010498047,19.49187802918568,19.10717010498047,19.49187802918568,13000
2001-04-24,19.161169052124023,19.32315130945873,19.080178567116945,19.113924387983136,8007800
2001-04-25,19.383886337280273,19.383886337280273,18.992429064803193,18.992429064803193,14700
2001-04-26,19.626859664916992,19.694352562396144,19.30289530180099,19.410883422839657,33300
2001-04-27,19.43787956237793,19.48512549113679,19.24890099662221,19.451378399166178,10600
2001-04-30,19.43787956237793,19.74834637190793,19.370387953076563,19.55936651883228,20000
2001-05-01,19.74159812927246,19.78884277352516,19.404134913387463,19.49862420189286,18600
2001-05-02,19.802345275878906,19.802345275878906,19.55262188348763,19.64711247680013,19000
2001-05-03,19.417631149291992,19.5458662272762,19.302893619771496,19.5458662272762,14000
2001-05-04,19.478378295898438,19.53237236189408,19.19490912759131,19.262402031915876,11300
2001-05-07,19.525619506835938,19.606609947917594,19.39738313991682,19.43787836045765,15900
2001-05-08,19.201658248901367,19.478377993751582,19.181409991722063,19.478377993751582,7800
2001-05-09,19.323137283325195,19.36363378375399,19.120659930459688,19.161155143568866,8200
2001-05-10,19.45137596130371,19.56611348498376,19.410880743334214,19.4446265437555,8300
2001-05-11,19.545873641967773,19.599869005585013,19.42438793578996,19.572871323776393,14100
2001-05-14,19.458127975463867,19.61336073782862,19.397384496743754,19.61336073782862,22600
2001-05-15,19.545873641967773,19.653863081881926,19.370393859493042,19.404139674433495,69600
2001-05-16,20.085817337036133,20.133061996749646,19.518878845833147,19.545875242532112,17300
2001-05-17,20.261301040649414,20.389536194358918,20.14656344337419,20.14656344337419,19600
2001-05-18,20.315284729003906,20.315284729003906,20.065561396653905,20.301785892159057,9400
2001-05-21,20.625751495361328,20.706743233990817,20.29503769665428,20.35578117879639,68500
2001-05-22,20.652746200561523,20.794480113630048,20.585253309296586,20.585253309296586,8900
2001-05-23,20.308544158935547,20.585263998221077,20.288295894846183,20.585263998221077,8800
2001-05-24,20.558271408081055,20.558271408081055,20.34229502021396,20.382791558429652,10600
2001-05-25,20.409770965576172,20.457015600160695,20.301782861577337,20.457015600160695,17000
2001-05-29,20.25454330444336,20.355782016406028,20.180300981588037,20.247793885336506,5300
2001-05-30,20.187042236328125,20.315278572854815,20.011561272480954,20.281531490969083,18100
2001-05-31,20.180299758911133,20.180299758911133,19.964323509857582,20.058812796988512,5000
2001-06-01,20.11956024169922,20.146557921809713,19.910333370123855,20.112810821671594,15600
2001-06-04,20.146556854248047,20.20730034395763,19.998072196148982,20.15330627391802,6800
2001-06-05,20.33553695678711,20.33553695678711,20.14655834135916,20.19380299521615,93200
2001-06-06,20.173559188842773,20.36928855497436,20.133063946213,20.36928855497436,9800
2001-06-07,20.28829002380371,20.30178886262365,20.112808981104877,20.187051307294418,4300
2001-06-08,20.180299758911133,20.281538464739988,20.01831757212097,20.281538464739988,7500
2001-06-11,20.079063415527344,20.180302133267656,19.957576439310913,20.146556323127598,12500
2001-06-12,20.031814575195312,20.146552107913447,19.74834545243991,19.876581821317796,7700
2001-06-13,19.937332153320312,20.166806010354556,19.9103344717161,20.03182146429443,9300
2001-06-14,19.566123962402344,19.84284379346021,19.566123962402344,19.788849711481127,3400
2001-06-15,19.513450622558594,19.58097147140993,19.20960873450718,19.378410212708992,56100
2001-06-18,19.216360092163086,19.513451061073493,19.216360092163086,19.513451061073493,10900
2001-06-19,19.2703800201416,19.472941306702882,19.250123376344174,19.31089201988321,8100
2001-06-20,19.689002990722656,19.716011843588593,19.24336722125859,19.24336722125859,4600
2001-06-21,19.911828994750977,19.95234100271617,19.689011019162137,19.689011019162137,7400
2001-06-22,19.65524673461914,19.824048231720703,19.58772587820787,19.78353494516201,6800
2001-06-25,19.7025089263916,19.7025089263916,19.56071501368982,19.607980509825804,5100
2001-06-26,19.39866828918457,19.580974220320613,19.39866828918457,19.580974220320613,31600
2001-06-27,19.71601676940918,19.729519911362765,19.39866910821368,19.39866910821368,33600
2001-06-28,19.864561080932617,20.03336258526146,19.75652822119042,19.803792436345972,12400
2001-06-29,19.95233917236328,20.100885334364445,19.7160180743676,19.7160180743676,19600
2001-07-02,20.094131469726562,20.1616523298348,19.844304673682064,19.95233753471393,5600
2001-07-03,20.094131469726562,20.094131469726562,19.97259417910239,20.06712261054195,3500
2001-07-05,19.857807159423828,20.040113077514437,19.857807159423828,20.02660864924406,13200
2001-07-06,19.486446380615234,19.7835361056873,19.378413519161157,19.7835361056873,20100
2001-07-09,19.37841033935547,19.53370739123133,19.37841033935547,19.405417906360665,6100
2001-07-10,19.37841033935547,19.5404596049459,19.256873068199376,19.5404596049459,28800
2001-07-11,19.36490821838379,19.378412647421374,19.135338076157787,19.20961114801127,14500
2001-07-12,19.55396270751953,19.55396270751953,19.331144806772695,19.331144806772695,3300
2001-07-13,19.689002990722656,19.689002990722656,19.398664261678768,19.526953737085996,13400
2001-07-16,19.594478607177734,19.69575925052762,19.47294132001657,19.689007035923858,18700
2001-07-17,19.72951889038086,19.770032177705026,19.526957605173,19.526957605173,9500
2001-07-18,19.53371238708496,19.689009478678905,19.39191843852058,19.60123325364641,4900
2001-07-19,19.41893196105957,19.709270855461174,19.297394629649254,19.648502189756012,17100
2001-07-20,19.4661808013916,19.56070918981314,19.398659972010776,19.47968522483831,10800
2001-07-23,19.088071823120117,19.46618678080423,19.088071823120117,19.3784105771439,11400
2001-07-24,19.000301361083984,19.17585512120677,18.831499817256717,19.17585512120677,21300
2001-07-25,19.10833168029785,19.250125627756965,18.892265939268157,18.892265939268157,10900
2001-07-26,19.66874885559082,19.66874885559082,19.378411377429835,19.513451795395913,12300
2001-07-27,19.695758819580078,19.7025110340361,19.547213965107325,19.5809737495342,8600
2001-07-30,19.695758819580078,19.709263248492118,19.547213965107325,19.661999035153208,12500
2001-07-31,19.55396270751953,19.78353282196816,19.55396270751953,19.68225219214743,11900
2001-08-01,19.53371238708496,19.702513909561876,19.479695951406487,19.479695951406487,20700
2001-08-02,19.73626708984375,19.783531294253404,19.59447447661479,19.64849089420482,13300
2001-08-03,19.574222564697266,19.62148678052231,19.479694133047175,19.62148678052231,3100
2001-08-06,19.445932388305664,19.60123074790027,19.445932388305664,19.60123074790027,4200
2001-08-07,19.499954223632812,19.58773174963476,19.46619442923428,19.513458656533665,18500
2001-08-08,19.36490821838379,19.641742574388104,19.243370932751994,19.405420217643307,5500
2001-08-09,19.277132034301758,19.31089310920192,19.108330523360927,19.175851385307926,21400
2001-08-10,19.310895919799805,19.479697455308802,19.101582376367634,19.277134839985898,23800
2001-08-13,19.459436416625977,19.47294084550442,19.331146917987184,19.331146917987184,8000
2001-08-14,19.209609985351562,19.439180113682855,19.209609985351562,19.41892347135251,4500
2001-08-15,18.946279525756836,19.277130302943398,18.939527311383248,19.277130302943398,19600
2001-08-16,19.04080581665039,19.04080581665039,18.824738859092083,18.87200435121148,5300
2001-08-17,18.831491470336914,18.95302873407862,18.77747505176871,18.804483904979318,11800
2001-08-20,18.97329330444336,19.040814177839238,18.86526042215137,18.872012638276313,18800
2001-08-21,19.081317901611328,19.24336715468739,19.034053697112434,19.0745656884182,16400
2001-08-22,19.007049560546875,19.162346638963577,18.9260255578309,19.040810634889617,81300
2001-08-23,19.10833168029785,19.155597188019826,19.040812102116124,19.07457189120699,41400
2001-08-24,19.452682495117188,19.50669891803754,19.148840599135116,19.22311237574241,10800
2001-08-27,19.209609985351562,19.44593103993981,19.209609985351562,19.412171257242395,11500
2001-08-28,18.939533233642578,19.229872103227752,18.939533233642578,19.17585565920169,18600
2001-08-29,18.770723342895508,19.074566510415018,18.770723342895508,19.040806730847535,28700
2001-08-30,18.385854721069336,18.85849932438928,18.338590518307928,18.85849932438928,22500
2001-08-31,18.561416625976562,18.615433065638904,18.365607515145633,18.365607515145633,181100
2001-09-04,18.480382919311523,18.912514210000957,18.480382919311523,18.5343993306477,132700
2001-09-05,18.493894577026367,18.53440787008399,18.298085478661577,18.487142361516764,22800
2001-09-06,17.953731536865234,18.298086826092003,17.953731536865234,18.298086826092003,20200
2001-09-07,17.602628707885742,17.852455615092214,17.42032269083133,17.791686942740746,25800
2001-09-10,17.373046875,17.69714538629463,17.312278243150633,17.352791522952213,24000
2001-09-17,15.921359062194824,16.542548697449938,15.718797756551073,16.2049456628081,35000
2001-09-18,15.631026268005371,15.92136519570336,15.529745576166363,15.833588939537252,20000
2001-09-19,15.374441146850586,15.772812795521439,14.962565068903677,15.56349800530234,39600
2001-09-20,14.787012100219727,15.360937494964904,14.685731451230183,15.360937494964904,17800
2001-09-21,14.833623886108398,14.928192495844375,14.18516004531777,14.18516004531777,43600
2001-09-24,15.292943954467773,15.367247541676916,15.205131678260711,15.265925288089583,1752100
2001-09-25,15.184867858886719,15.401022359764722,15.076790608447718,15.346983734545221,39400
2001-09-26,15.3267240524292,15.529368627755,15.198381800918705,15.401026376244506,32500
2001-09-27,15.563145637512207,15.569899340983072,15.205138799557327,15.36725473890021,7400
2001-09-28,15.87386417388916,15.87386417388916,15.71850325927145,15.826580529299656,17900
2001-10-01,15.57664966583252,15.87386277643632,15.57664966583252,15.87386277643632,13100
2001-10-02,15.779300689697266,15.880622993733516,15.644203425393597,15.644203425393597,22500
2001-10-03,16.366971969604492,16.42101062142473,15.704998162710774,15.704998162710774,149100
2001-10-04,16.319686889648438,16.515577790683547,16.27915822640713,16.414254200005814,31300
2001-10-05,16.144065856933594,16.319691835380546,16.022478541979293,16.2791631598569,10200
2001-10-08,16.022472381591797,16.096775998469386,15.894131410381434,16.015717390204482,34600
2001-10-09,15.87386417388916,15.887374154738357,15.73876694216256,15.80631555802586,48700
2001-10-10,16.21835708618164,16.21835708618164,15.704989531825753,15.704989531825753,900
2001-10-11,16.60338592529297,16.7384831532321,16.48179867782428,16.48179867782428,33600
2001-10-12,16.454776763916016,16.562854009624626,16.14405371621696,16.54934403181545,19400
2001-10-15,16.51556968688965,16.51556968688965,16.279150238618584,16.346698836464938,7800
2001-10-16,16.677690505981445,16.785767779307648,16.515574595992142,16.549348260763058,29000
2001-10-17,16.177833557128906,16.78576857033328,16.177833557128906,16.684446282863014,45100
2001-10-18,15.921151161193848,16.042738437599027,15.873867506676934,16.042738437599027,13700
2001-10-19,15.867109298706055,15.975186569519217,15.779296999313873,15.806315672825814,24100
2001-10-22,16.31293296813965,16.31293296813965,15.907642443983129,15.907642443983129,13200
2001-10-23,16.41425323486328,16.650672785238452,16.31968593006637,16.43451820948386,32000
2001-10-24,16.15081214904785,16.448025282314116,16.144057158702857,16.448025282314116,15200
2001-10-25,16.245389938354492,16.346713570643672,15.907647933079899,15.907647933079899,6800
2001-10-26,16.387231826782227,16.515574067896793,16.21160594114721,16.21160594114721,8300
2001-10-29,15.968436241149902,16.299423140697144,15.968436241149902,16.225120800559157,17600
2001-10-30,15.74552059173584,15.914391472822102,15.71174693087162,15.87386282210852,5200
2001-10-31,15.954919815063477,16.04273209755127,15.840087575882547,15.873861233366519,11200
2001-11-01,16.177833557128906,16.177833557128906,15.853600433488161,15.853600433488161,5300
2001-11-02,16.265642166137695,16.41424806809608,16.211603539208966,16.211603539208966,569000
2001-11-05,16.51556968688965,16.68444053731436,16.41424614592895,16.4817947437753,27200
2001-11-06,16.71821403503418,16.71821403503418,16.448020934568678,16.616891783407407,35100
2001-11-07,16.623653411865234,16.704710730190016,16.549349796415147,16.664182071027625,5600
2001-11-08,16.7655029296875,16.887090185161906,16.637160683533104,16.751992948327516,18400
2001-11-09,16.6641845703125,16.77226186987681,16.54935227847754,16.54935227847754,19200
2001-11-12,16.7047061920166,16.745236128551056,16.31292582419434,16.414248088765486,32300
2001-11-13,17.19105339050293,17.26535568989473,16.887085339047136,16.887085339047136,17100
2001-11-14,17.393701553344727,17.630121055435648,17.359927890924293,17.630121055435648,11400
2001-11-15,17.596351623535156,17.798997526763312,17.461255643099427,17.562577950521984,115100
2001-11-16,17.596351623535156,17.832771199776484,17.4950293161126,17.832771199776484,25200
2001-11-19,17.900314331054688,18.01514658773261,17.765217103769142,17.866540668424623,77800
2001-11-20,17.900314331054688,18.055675240565215,17.81250203518693,17.934087993684752,10100
2001-11-21,17.724685668945312,17.765214315416713,17.562569794677263,17.765214315416713,12700
2001-11-23,17.79900550842285,17.900327861281685,17.663908179021995,17.663908179021995,59300
2001-11-26,18.02865982055664,18.069188480700728,17.900317560320346,17.967866186149074,34600
2001-11-27,17.967851638793945,18.102947492690543,17.832754496515516,18.001625280172636,87100
2001-11-28,17.69091033935547,17.86653617530683,17.630116731203753,17.75170394750718,38600
2001-11-29,17.731441497802734,17.731441497802734,17.49502202015553,17.663892891563176,21800
2001-11-30,17.805744171142578,17.967860044690195,17.697666922110834,17.731440579289842,25200
2001-12-03,17.819259643554688,17.934091925407493,17.657143708300655,17.697673658401357,7200
2001-12-04,18.048927307128906,18.048927307128906,17.765224049613128,17.765224049613128,17700
2001-12-05,18.677112579345703,18.778434814456016,18.21102875177971,18.21102875177971,33900
2001-12-06,18.744672775268555,18.933808676098124,18.60957551919273,18.677124147230643,31000
2001-12-07,18.6365909576416,18.845990494136842,18.548777376013444,18.7108945592681,11100
2001-12-10,18.211040496826172,18.602822291791203,18.13673816362845,18.5758023245317,30200
2001-12-11,18.339385986328125,18.50825694621767,18.204289991446394,18.231308675069467,29000
2001-12-12,18.258317947387695,18.37315018435425,18.136730721378118,18.27182663709132,34000
2001-12-13,17.86653709411621,18.15024018395323,17.86653709411621,18.001633005992364,22800
2001-12-14,17.832775115966797,18.02191107617192,17.731452786293215,17.866550084780204,62200
2001-12-17,18.001636505126953,18.035411455947912,17.83276561617007,17.934087891867673,10000
2001-12-18,18.265077590942383,18.271831293324038,18.06918672392286,18.06918672392286,66400
2001-12-19,18.17050552368164,18.29884774682495,18.035409599451974,18.035409599451974,16000
2001-12-20,17.947599411010742,18.136735286676576,17.947599411010742,18.001638048574875,21300
2001-12-21,17.91850471496582,18.033540486162075,17.83053679142328,17.965872157693806,80900
2001-12-24,17.999696731567383,18.135032020878246,17.938795399644647,17.938795399644647,4200
2001-12-26,18.135038375854492,18.270375003256014,18.08090398302703,18.101204864336978,30400
2001-12-27,18.338041305541992,18.35157522493082,18.101202878899905,18.101202878899905,375200
2001-12-28,18.520736694335938,18.60193759140911,18.344799696457407,18.344799696457407,28600
2001-12-31,18.23654556274414,18.60871943518136,18.23654556274414,18.473382777568176,27100
2002-01-02,18.392179489135742,18.40571341131838,18.135040130329045,18.40571341131838,182900
2002-01-03,18.47337532043457,18.47337532043457,18.304205212039875,18.405708309609093,9300
2002-01-04,18.689918518066406,18.811719940461483,18.56134884420594,18.70345114899977,51000
2002-01-07,18.710216522216797,19.014723279031266,18.710216522216797,18.980888477904273,25600
2002-01-08,18.811716079711914,18.913219180208255,18.568111994251094,18.568111994251094,33200
2002-01-09,18.710216522216797,19.007956318805867,18.689916932206295,18.74405132334379,20100
2002-01-10,18.76435661315918,18.804958386844646,18.57488683195802,18.71022220557798,10000
2002-01-11,18.642539978027344,18.7778765414389,18.642539978027344,18.676374764212795,5300
2002-01-14,18.507204055786133,18.676374108781133,18.480136227787696,18.541037550119103,77400
2002-01-15,18.737289428710938,18.764355986264235,18.547818363173697,18.67638806088347,14900
2002-01-16,18.277149200439453,18.656090100271463,18.270382237323457,18.574889124212014,86000
2002-01-17,18.392179489135742,18.40571341131838,18.135040130329045,18.40571341131838,58800
2002-01-18,18.25007438659668,18.405711897565105,18.202706953518977,18.236541756192874,20600
2002-01-22,18.202709197998047,18.331278882680596,18.053839919873877,18.27037752102391,1036000
2002-01-23,18.135038375854492,18.2365414917385,17.93880168585459,18.2365414917385,908500
2002-01-24,18.28391456604004,18.37188249752949,18.13504397182787,18.13504397182787,60900
2002-01-25,18.304210662841797,18.40571379063758,18.168875310223893,18.236543631865786,28900
2002-01-28,18.338041305541992,18.338041305541992,18.18917077359609,18.23653949145698,47700
2002-01-29,17.992937088012695,18.304209541565292,17.864367413835588,18.23654251473442,32700
2002-01-30,17.91850471496582,17.965872157693806,17.492196439747946,17.83053679142328,34800
2002-01-31,18.101207733154297,18.16887605757965,17.999705891849235,18.101207733154297,56900
2002-02-01,18.067367553710938,18.304204665864173,18.067367553710938,18.304204665864173,24200
2002-02-04,17.722261428833008,17.986166392540316,17.62752528774239,17.986166392540316,35100
2002-02-05,17.81699562072754,17.891430880833504,17.661359432020053,17.661359432020053,70600
2002-02-06,17.722261428833008,17.92526504850547,17.722261428833008,17.89819850152639,13800
2002-02-07,18.067367553710938,18.2365376570578,17.864362655295427,17.864362655295427,50600
2002-02-08,18.439550399780273,18.439550399780273,18.11474395020456,18.135043546636727,20800
2002-02-11,18.608720779418945,18.635788629163287,18.439550590515136,18.439550590515136,121200
2002-02-12,18.439550399780273,18.63578843639858,18.378649029151564,18.541052253939423,34700
2002-02-13,18.74405288696289,18.91322303471286,18.54104793526345,18.64254976578027,209800
2002-02-14,18.798187255859375,18.94705652102776,18.74405286028307,18.845554690655415,33500
2002-02-15,18.507204055786133,18.811709376778087,18.507204055786133,18.811709376778087,19900
2002-02-19,18.202709197998047,18.541049522461453,18.202709197998047,18.43954768325561,58900
2002-02-20,18.642539978027344,18.642539978027344,18.27036636464325,18.304199860163582,22200
2002-02-21,18.507204055786133,18.77787588244512,18.507204055786133,18.595171915450898,15300
2002-02-22,18.676389694213867,18.70345625413425,18.446318126892916,18.50721950004647,16800
2002-02-25,19.00118637084961,19.007953330010977,18.676380075096912,18.81171538632779,27200
2002-02-26,18.947052001953125,19.082388603947557,18.811715399958693,18.953818961119396,23300
2002-02-27,18.8793888092041,19.035025040142777,18.750819131588486,18.947057128510522,24000
2002-02-28,18.933513641357422,19.07561716917718,18.8117109862734,18.87937927139399,21100
2002-03-01,19.292152404785156,19.292152404785156,18.886144031957542,18.980878845706805,130200
2002-03-04,19.488401412963867,19.488401412963867,19.21772942207995,19.35306606285484,140400
2002-03-05,19.461334228515625,19.718472288855683,19.461334228515625,19.52223558582408,108100
2002-03-06,19.732009887695312,19.826744776421982,19.54930578172297,19.58990755460531,107200
2002-03-07,19.583147048950195,19.786150817627245,19.46134427147737,19.74555032202513,44800
2002-03-08,19.786136627197266,19.87410581035541,19.630500430121234,19.826737093681107,46700
2002-03-11,19.69139862060547,19.792900415887203,19.623730326862525,19.75906691434841,37600
2002-03-12,19.623741149902344,19.718476038992183,19.549305856665438,19.556072818838434,39900
2002-03-13,19.556076049804688,19.691412734292225,19.522242524015944,19.623744392048454,31700
2002-03-14,19.69139862060547,19.75906691434841,19.58989682532373,19.58989682532373,14300
2002-03-15,20.05223274230957,20.126699978348448,19.767899891431366,19.86267707797666,70700
2002-03-18,20.22825050354004,20.309489027797948,20.0725447308918,20.207941840907466,41200
2002-03-19,20.20794105529785,20.377186790616523,20.174091133488627,20.377186790616523,82700
2002-03-20,20.21471405029297,20.37041984007764,20.14024550246435,20.14024550246435,24200
2002-03-21,20.086091995239258,20.241797824438528,19.937156153123823,20.241797824438528,73800
2002-03-22,19.977771759033203,20.106398911661366,19.869454564580902,20.004850412024876,63800
2002-03-25,19.679901123046875,20.072551321524248,19.679901123046875,20.004852744288225,45400
2002-03-26,19.564802169799805,19.97099209783471,19.537723529926645,19.76789777943835,76900
2002-03-27,19.85590171813965,19.896520316911957,19.530950345477244,19.530950345477244,13900
2002-03-28,20.031930923461914,20.065779563470624,19.767907915913987,19.767907915913987,20400
2002-04-01,19.84914207458496,19.943919284830894,19.56480915260452,19.700206274020978,24700
2002-04-02,19.73405647277832,19.835603676267475,19.67312789243628,19.835603676267475,41000
2002-04-03,19.476791381835938,19.80174274779919,19.429402802371538,19.80174274779919,22800
2002-04-04,19.754365921020508,19.761135906577728,19.530961562603075,19.530961562603075,27400
2002-04-05,19.99131202697754,20.038700638846315,19.788216315941998,19.903303498155957,14800
2002-04-08,20.072553634643555,20.079323622271612,19.8017605857368,19.8017605857368,52900
2002-04-09,20.099628448486328,20.241794278614247,20.059008533098822,20.14024707263105,90100
2002-04-10,20.28240966796875,20.336569546514266,20.072545303575176,20.160553814969063,313200
2002-04-11,19.943918228149414,20.295949692186525,19.943918228149414,20.207942471798535,174000
2002-04-12,20.011613845825195,20.126700988653962,19.970995234015742,20.106392328370433,27100
2002-04-15,19.998077392578125,20.09962457901199,19.9371488224693,20.09962457901199,76300
2002-04-16,20.133468627929688,20.16054856014409,20.01838149850295,20.10638998695752,55000
2002-04-17,20.18086051940918,20.228249117294354,20.133471921524006,20.17409053524809,164400
2002-04-18,20.390731811523438,20.43812042255528,20.07931890993265,20.37719183944497,192400
2002-04-19,20.55320167541504,20.60059027278052,20.377185962884376,20.377185962884376,44600
2002-04-22,20.458436965942383,20.61414412230654,20.431358302602945,20.61414412230654,39900
2002-04-23,20.309490203857422,20.492275925590366,20.309490203857422,20.444887321713516,22800
2002-04-24,20.44489288330078,20.65475731094842,20.431352909583396,20.505821473786057,34200
2002-04-25,20.50581932067871,20.587056571967203,20.377192166355293,20.377192166355293,20400
2002-04-26,20.174087524414062,20.505810242587998,20.140238899902727,20.485500293135843,42100
2002-04-29,19.7137508392334,20.106401033367682,19.632512289200154,20.052242430426503,702900
2002-04-30,19.910066604614258,19.94391523246942,19.59865509637115,19.66635235208147,80800
2002-05-01,20.268877029418945,20.3365756065315,19.862686857986567,19.971004064869472,253600
2002-05-02,20.201171875,20.377187601686444,20.140243304560748,20.275640414701872,136400
2002-05-03,20.072553634643555,20.19441082946237,19.903307817671443,20.19441082946237,43600
2002-05-06,19.693445205688477,20.113174147888973,19.693445205688477,20.03870685951076,140000
2002-05-07,19.73405647277832,19.916842213804447,19.679897878167925,19.835603676267475,66200
2002-05-08,20.174087524414062,20.1876274907155,19.835596114331665,19.876216013235975,206000
2002-05-09,19.943918228149414,20.106395281737758,19.937149534555594,20.106395281737758,24400
2002-05-10,19.679901123046875,20.038702678527716,19.632512506354548,20.038702678527716,27500
2002-05-13,19.910066604614258,19.930376556072783,19.67989231972049,19.76790081813172,43600
2002-05-14,20.268877029418945,20.268877029418945,19.977774051705023,20.119939901522727,35300
2002-05-15,20.44489288330078,20.647987324089726,20.24856713812757,20.24856713812757,125800
2002-05-16,20.49904441833496,20.580281650140687,20.438115848859407,20.56674168109223,20000
2002-05-17,20.492286682128906,20.5938339282025,20.411048110524057,20.546445299451044,38800
2002-05-20,20.309490203857422,20.3907287328196,20.180863071018393,20.316260188874487,34800
2002-05-21,20.133468627929688,20.417801459969727,20.065770088635915,20.411031476916126,47000
2002-05-22,20.011613845825195,20.113161020970015,19.855908091186972,20.038693781193086,51100
2002-05-23,20.194398880004883,20.194398880004883,19.950684634578177,20.16055025313666,15500
2002-05-24,20.113162994384766,20.241790117517805,20.113162994384766,20.14024293240962,44700
2002-05-28,20.092864990234375,20.241800854645575,19.950697822677284,20.241800854645575,13100
2002-05-29,20.079309463500977,20.174086640976167,19.998072251734303,20.09284942920949,15800
2002-05-30,20.0387020111084,20.16055918782601,19.889764887901134,19.98454340937201,41300
2002-05-31,20.187633514404297,20.26887204521103,20.011617773691906,20.011617773691906,15400
2002-06-03,19.842374801635742,20.289183555644446,19.842374801635742,20.275644874646318,23500
2002-06-04,19.79498291015625,19.91684005764833,19.679895747662908,19.842371513904812,31400
2002-06-05,19.9642276763916,20.004846293137366,19.76790328608497,19.76790328608497,48300
2002-06-06,19.693445205688477,19.957468291628892,19.646056579108734,19.92361964157,236400
2002-06-07,19.83559799194336,19.8762178946927,19.497106549819804,19.53095646877759,29000
2002-06-10,19.876222610473633,20.01161844470129,19.76790542659443,19.76790542659443,35700
2002-06-11,19.7272891998291,20.133479360885378,19.7272891998291,20.004852196781588,52000
2002-06-12,19.321107864379883,19.564821023056492,18.955536189499828,19.564821023056492,85400
2002-06-13,18.969057083129883,19.226309961586775,18.969057083129883,19.20600130535515,83100
2002-06-14,18.82689666748047,18.948753812778495,18.40039795017996,18.779508064585144,104000
2002-06-17,19.354936599731445,19.354936599731445,19.124762365309763,19.124762365309763,101600
2002-06-18,19.442947387695312,19.52418589951552,19.32786024917472,19.32786024917472,19700
2002-06-19,19.375259399414062,19.558043878741746,19.361719425762246,19.361719425762246,31300
2002-06-20,18.86075210571289,19.429418089188665,18.86075210571289,19.429418089188665,16100
2002-06-21,18.465967178344727,18.696199358503446,18.465967178344727,18.65556923854567,164200
2002-06-24,18.608169555664062,18.81808797679874,18.12061971847175,18.55399735153158,544900
2002-06-25,18.31699562072754,18.872262392617543,18.31699562072754,18.757146283899385,309000
2002-06-26,18.6217098236084,18.6217098236084,17.97841387671149,18.046129443474374,52700
2002-06-27,19.095718383789062,19.095718383789062,18.574310174603216,18.757141825860653,103100
2002-06-28,18.74359703063965,19.183746264219057,18.65556640898358,19.028001369371523,20200
2002-07-01,17.958101272583008,18.621711028344265,17.917471154956495,18.621711028344265,200500
2002-07-02,17.55180549621582,17.985182995125626,17.396060618990962,17.985182995125626,114300
2002-07-03,17.578886032104492,17.578886032104492,17.28093973064156,17.40282744104297,23100
2002-07-05,18.16801643371582,18.181559804806597,17.775267713052017,17.775267713052017,9700
2002-07-08,17.944561004638672,18.154478149091823,17.903932171550036,18.012276587497944,154000
2002-07-09,17.125205993652344,17.978417936189846,17.084575869480233,17.978417936189846,32200
2002-07-10,16.332931518554688,16.98299780209572,16.22458584639762,16.928825611800637,92700
2002-07-11,16.64442253112793,16.64442253112793,15.825067930365007,15.93341231903503,174100
2002-07-12,16.86111831665039,16.888205070859776,16.312624459585656,16.522541638438266,66200
2002-07-15,16.5563907623291,16.5563907623291,15.980810475024041,16.522532338624803,38200
2002-07-16,16.441280364990234,16.73922684675916,16.427736990846032,16.48868088292769,39300
2002-07-17,16.800172805786133,16.81371618159659,16.56994058327797,16.793401117880904,40100
2002-07-18,16.007902145385742,16.59025434381719,16.007902145385742,16.59025434381719,32700
2002-07-19,15.351058959960938,15.62191990867532,15.263029635966342,15.506803844025846,47600
2002-07-22,15.222395896911621,15.642231236031442,15.09373778416568,15.405227478055732,32600
2002-07-23,14.937995910644531,15.276572435401633,14.863509953463492,14.998939788426165,41000
2002-07-24,15.90633773803711,15.926652810783224,14.66037502410433,14.728090641690063,36400
2002-07-25,16.448043823242188,16.54961649537323,15.91309243628325,15.980807981559478,106000
2002-07-26,16.813716888427734,16.813716888427734,16.353252424053963,16.44128307895525,35700
2002-07-29,17.565351486206055,17.565351486206055,17.091343807389688,17.179374432216708,117100
2002-07-30,17.69400978088379,17.91069985591626,17.301261037960916,17.402835035331492,81400
2002-07-31,18.201881408691406,18.201881408691406,17.45024207139001,17.504414287515946,53100
2002-08-01,17.69400978088379,18.12061695345253,17.605980446938588,18.079988129444516,37400
2002-08-02,17.55180549621582,17.93778249262822,17.348660116493555,17.639834816344315,100700
2002-08-05,16.800172805786133,17.551813372890273,16.800172805786133,17.504412849121074,71900
2002-08-06,17.213228225708008,17.51117588854969,17.09134048674701,17.199684856586394,64600
2002-08-07,17.788806915283203,17.836207411425516,17.389286602702782,17.605975323105724,72800
2002-08-08,18.452417373657227,18.48627450358771,17.94455267529969,17.94455267529969,156000
2002-08-09,18.425331115722656,18.567533906576312,18.147698510057676,18.24927248562461,52700
2002-08-12,18.452417373657227,18.50658955648603,18.147698038016017,18.22895695804258,24900
2002-08-13,18.01227569580078,18.39825281995332,18.01227569580078,18.283136722261577,44200
2002-08-14,18.465967178344727,18.52691106671422,17.592438972760085,17.77527063786857,41600
2002-08-15,18.594621658325195,18.7842249724487,18.438876770777444,18.587851264576955,191900
2002-08-16,18.445648193359375,18.587850999818247,18.34407549821269,18.48627701310467,34200
2002-08-19,18.70297622680664,18.70297622680664,18.405028389072605,18.452428917255116,54600
2002-08-20,18.465967178344727,18.62171209681469,18.44565211836584,18.587854955083714,45900
2002-08-21,18.777454376220703,18.804541119052335,18.438877840227253,18.655566616612344,64300
2002-08-22,19.366580963134766,19.38012433654083,18.723284933585507,18.723284933585507,41900
2002-08-23,18.8654842376709,19.26500463734866,18.8654842376709,19.26500463734866,57000
2002-08-26,19.075407028198242,19.088950403120464,18.777459237745916,19.061863653276017,25500
2002-08-27,18.53368377685547,19.149893089671668,18.459196511053324,19.149893089671668,36000
2002-08-28,18.384702682495117,18.581077661667592,18.296673365616723,18.50659042245503,67400
2002-08-29,18.432100296020508,18.55398801688781,18.147696044518995,18.147696044518995,23100
2002-08-30,18.377939224243164,18.62848650092969,18.19510882403122,18.19510882403122,41600
2002-09-03,17.612754821777344,18.228964128170468,17.612754821777344,18.147705176181745,55000
2002-09-04,18.154478073120117,18.18833651019172,17.673699890809136,17.741415473385032,87400
2002-09-05,17.944561004638672,18.140936065773822,17.721100485300205,17.809129838920132,31900
2002-09-06,17.944561004638672,18.07999217035721,17.924245942310698,18.012276587497944,17700
2002-09-09,18.147708892822266,18.195110711271102,17.77527507455385,17.77527507455385,29300
2002-09-10,18.215417861938477,18.2831334292491,18.059672961220958,18.059672961220958,22300
2002-09-11,18.249279022216797,18.655569903744247,18.215420587711368,18.655569903744247,13900
2002-09-12,17.903928756713867,18.1138458611293,17.836213186770063,18.1138458611293,35200
2002-09-13,18.03936004638672,18.03936004638672,17.71432683456666,17.76172734984452,23400
2002-09-16,18.03936004638672,18.113847308433176,17.01008820895652,17.01008820895652,86200
2002-09-17,17.768497467041016,18.3305344971727,17.714325269856047,18.3305344971727,19400
2002-09-18,17.870067596435547,17.870067596435547,17.54503446023222,17.673693894316948,45300
2002-09-19,17.267406463623047,17.64661189098928,17.240319715884706,17.50441034006465,105200
2002-09-20,17.40258026123047,17.42295716003421,17.219180398510485,17.355031140999284,23300
2002-09-23,17.19879913330078,17.273517870456367,17.015399303326618,17.096910770730965,23300
2002-09-24,17.185205459594727,17.287095069049958,16.98142883184467,16.98142883184467,57100
2002-09-25,17.674270629882812,17.694647514376715,17.25313064408024,17.388982586746913,87400
2002-09-26,17.986738204956055,18.013909126707823,17.72862092621857,17.830509291625976,359300
2002-09-27,17.321067810058594,17.891644265095238,17.287105450232048,17.728622605882048,171300
2002-09-30,17.23955535888672,17.388992843076913,16.98823080097197,16.98823080097197,545800
2002-10-01,17.776161193847656,17.782953921400605,17.307473357336722,17.429739862129168,42100
2002-10-02,17.789751052856445,18.054661015099075,16.981434412078915,17.96635812621174,145600
2002-10-03,17.721820831298828,18.034278528114033,17.565591982891227,17.728613558913985,427000
2002-10-04,17.16483497619629,17.728618571866658,17.16483497619629,17.728618571866658,92400
2002-10-07,17.12407875061035,17.538426186902573,17.117287316595032,17.30747856296075,159000
2002-10-08,17.626737594604492,17.74900289066104,17.30748565075448,17.38899714370674,81700
2002-10-09,17.443328857421875,17.5791795493113,17.307476869951884,17.321062327814996,125400
2002-10-10,17.660696029663086,17.687866953126033,17.25993397765118,17.558807657838912,544700
2002-10-11,17.871261596679688,18.11579467205604,17.728618166430586,17.86446886729916,142700
2002-10-14,18.339946746826172,18.387494549617664,18.068244091174467,18.068244091174467,102600
2002-10-15,18.665996551513672,18.720337101910093,18.523353092565905,18.679582013008005,202100
2002-10-16,18.7203369140625,18.951284574825102,18.557315264509057,18.713544183383494,267100
2002-10-17,18.951276779174805,19.114298361668954,18.781462468795855,19.087128745710114,830600
2002-10-18,18.958078384399414,19.073552221352276,18.83581181638097,18.883359638259037,218500
2002-10-21,19.01921272277832,19.073553278734448,18.645621562527595,18.815435961838116,77200
2002-10-22,18.665996551513672,18.883358753099362,18.502974900324404,18.883358753099362,655500
2002-10-23,18.54372787475586,18.564106064673716,18.204099149609558,18.509765520473536,182600
2002-10-24,18.238067626953125,18.611658805268547,18.15655614128699,18.611658805268547,104100
2002-10-25,18.57090187072754,18.699961170423112,18.16334707392851,18.16334707392851,180100
2002-10-28,18.489381790161133,18.781462613557046,18.394286190201676,18.781462613557046,159600
2002-10-29,18.258447647094727,18.47581121415865,18.054670841475133,18.407885180425005,234700
2002-10-30,18.380704879760742,18.502971419043828,18.258438340477657,18.278816528885063,86100
2002-10-31,18.24485969543457,18.57769576660728,18.081838025610047,18.57769576660728,155300
2002-11-01,18.428264617919922,18.50977612872614,18.06825879211136,18.06825879211136,41200
2002-11-04,18.455429077148438,18.842605702554597,18.455429077148438,18.543731995252223,110600
2002-11-05,18.686378479003906,18.7543045044725,18.448638037654412,18.475808966074318,49000
2002-11-06,19.066757202148438,19.16864556474286,18.81543266078758,18.951283379053205,216300
2002-11-07,18.98525047302246,19.13468667888712,18.849398434541094,19.066760659646437,172300
2002-11-08,18.86298179626465,18.964870165985296,18.72712977291651,18.81543397676707,46600
2002-11-11,18.6048641204834,18.849397256231228,18.516561207897222,18.84260452517368,42000
2002-11-12,18.618453979492188,18.733927843578613,18.502980115405762,18.60486851416878,68900
2002-11-13,18.401084899902344,18.7950541792651,18.204099612430564,18.672787627811,58000
2002-11-14,18.693166732788086,18.740714550550724,18.550521983919314,18.604862532159594,30600
2002-11-15,18.869766235351562,18.890143122993255,18.679573745353583,18.713536088476634,43300
2002-11-18,18.767879486083984,18.998827082277927,18.767879486083984,18.985242920298695,57100
2002-11-19,18.74750518798828,18.95807462696301,18.686371916095503,18.686371916095503,36600
2002-11-20,18.91732406616211,18.951286427296026,18.611657633632724,18.611657633632724,35300
2002-11-21,19.01921272277832,19.155064760459158,18.951286703937903,19.155064760459158,92700
2002-11-22,18.883363723754883,19.08714181306753,18.869779554265712,19.08714181306753,228500
2002-11-25,18.829017639160156,18.90373637956179,18.652410531762314,18.815433473653307,57000
2002-11-26,18.5301456451416,18.727129652591746,18.45542690322211,18.679581833399673,903700
2002-11-27,18.883363723754883,18.91732738643095,18.754305692329588,18.781475326889186,52900
2002-11-29,18.80864715576172,18.917328290355726,18.74751385560492,18.869780455918512,27200
2002-12-02,18.638826370239258,18.91732184469284,18.482596158858737,18.91732184469284,58900
2002-12-03,18.51656150817871,18.591280255442474,18.272028368465307,18.44184276091495,135600
2002-12-04,18.686378479003906,18.720340843947614,18.39429747639577,18.407882940605724,74500
2002-12-05,18.577693939208984,18.774677951694354,18.489389733668595,18.774677951694354,47900
2002-12-06,18.659215927124023,18.659215927124023,18.33996514835833,18.33996514835833,34200
2002-12-09,18.577693939208984,18.86977488809023,18.577693939208984,18.611656297905483,53200
2002-12-10,18.645627975463867,18.679590348774493,18.482604955944662,18.679590348774493,45100
2002-12-11,18.618453979492188,18.693172743189663,18.475810480340225,18.54373521579471,137400
2002-12-12,18.428264617919922,18.598079077816493,18.37392404257628,18.57770217180107,83400
2002-12-13,18.326372146606445,18.462224202700657,17.524847865929306,18.204105555237902,57600
2002-12-16,18.509763717651367,18.509763717651367,18.21089010586983,18.27202337408834,39900
2002-12-17,18.265233993530273,18.441841101253985,18.23127163632916,18.441841101253985,48000
2002-12-18,18.210895538330078,18.25165192635415,18.109007159431965,18.244859195016804,31700
2002-12-19,18.034284591674805,18.30598860531315,18.00032223776039,18.15655113869591,49000
2002-12-20,18.190418243408203,18.23814401969001,18.06769407558076,18.23814401969001,424800
2002-12-23,18.30632972717285,18.394963152403324,18.231331313218426,18.25860393663104,60000
2002-12-24,18.408592224121094,18.504043767664204,18.37450275869277,18.37450275869277,67500
2002-12-26,18.0949649810791,18.40859222439963,18.03360290296339,18.40859222439963,76000
2002-12-27,17.856334686279297,18.08814669063953,17.801790761749228,18.0676922312796,42800
2002-12-30,18.019977569580078,18.09497599970825,17.81543675116612,17.863163852430755,88600
2002-12-31,18.101783752441406,18.163145837060927,17.85633671439321,17.992695890991122,93700
2003-01-02,18.592681884765625,18.626771356476034,18.204056185375034,18.23814565708544,102000
2003-01-03,18.78359603881836,18.824504989413054,18.61314597929939,18.61314597929939,71100
2003-01-06,18.98812484741211,19.022214317522593,18.783584125459438,18.84494621200225,55500
2003-01-07,18.715412139892578,18.98131374676727,18.674503200042313,18.954041120200426,136200
2003-01-08,18.57222557067871,18.783583135166516,18.48359217280636,18.626769500237817,63100
2003-01-09,18.763132095336914,18.851765503228393,18.56540951556591,18.613135296771322,623400
2003-01-10,18.756311416625977,18.80403719140854,18.633587252653772,18.681313027436335,544300
2003-01-13,18.769954681396484,18.865406266343193,18.660866784191583,18.865406266343193,61400
2003-01-14,18.756311416625977,18.78358273060323,18.619950945450235,18.619950945450235,26400
2003-01-15,18.544954299926758,18.749493711149167,18.476774062709335,18.749493711149167,154300
2003-01-16,18.490421295166016,18.701778985032266,18.374515213543113,18.408604702078414,85000
2003-01-17,18.476776123046875,18.572227685537115,18.388141414651646,18.388141414651646,56400
2003-01-21,18.340408325195312,18.54494897815131,18.272228107543313,18.47676876049931,103000
2003-01-22,18.292688369750977,18.463138317773417,18.292688369750977,18.306324677695947,173100
2003-01-23,18.347232818603516,18.38132228899757,18.217690490332213,18.340414664438715,138200
2003-01-24,17.944971084594727,18.292689149432732,17.822246908718963,18.292689149432732,165500
2003-01-27,17.54952621459961,17.69270484489606,17.39953073086846,17.69270484489606,69500
2003-01-28,17.84952735900879,17.85634551626402,17.48817282706472,17.556353099186502,39200
2003-01-29,18.019977569580078,18.08815784238473,17.638169862476783,17.794983579626106,35300
2003-01-30,17.685882568359375,18.033600531818866,17.67224626380891,18.033600531818866,72300
2003-01-31,18.040424346923828,18.040424346923828,17.638163610856658,17.726797023786354,19900
2003-02-03,17.96542739868164,18.156330536000567,17.944972933784573,18.101786596705146,189200
2003-02-04,17.754066467285156,17.754066467285156,17.535889450585177,17.726793852536467,50600
2003-02-05,17.624526977539062,18.03360716143443,17.624526977539062,17.79497694579296,147400
2003-02-06,17.590425491333008,17.672241998459114,17.460884530658127,17.62451624448108,104200
2003-02-07,17.556344985961914,17.760884407373965,17.39953134285068,17.760884407373965,398900
2003-02-10,17.685882568359375,17.7063357247555,17.413162979497887,17.454070592719717,20500
2003-02-11,17.48134994506836,17.84952253476046,17.48134994506836,17.658618084501946,28400
2003-02-12,17.283628463745117,17.501804233000588,17.181358734460385,17.48816792231458,43600
2003-02-13,17.07908821105957,17.22226687664689,16.813186646950513,17.09954267769496,100500
2003-02-14,17.26317024230957,17.317714172758027,17.004086897786877,17.147264227552867,136600
2003-02-18,17.685882568359375,17.726790181581205,17.55634027598908,17.55634027598908,99300
2003-02-19,17.604068756103516,17.71997476179651,17.488162750410517,17.71997476179651,110400
2003-02-20,17.40635108947754,17.69270708591133,17.38589662529297,17.624526839059467,20200
2003-02-21,17.5836124420166,17.719971582796568,17.256347643199685,17.385889932305766,60800
2003-02-24,17.351816177368164,17.590445214823923,17.283635895053354,17.590445214823923,31400
2003-02-25,17.467714309692383,17.467714309692383,16.98363569616867,17.113178043510246,27400
2003-02-26,17.37225914001465,17.69952274223707,17.344987823377757,17.440439382251807,27400
2003-02-27,17.590425491333008,17.726785903066766,17.419975626880444,17.419975626880444,9900
2003-02-28,17.638160705566406,17.774519879953846,17.590433629079445,17.590433629079445,35200
2003-03-03,17.54952621459961,17.94497003573617,17.508618591842,17.726794313789085,416900
2003-03-04,17.35863494873047,17.60408347194837,17.35863494873047,17.60408347194837,23300
2003-03-05,17.52225685119629,17.644979733137962,17.317716113766785,17.351806886886717,143200
2003-03-06,17.556344985961914,17.59725261015834,17.41998450473393,17.41998450473393,83300
2003-03-07,17.72679901123047,17.77452480049956,17.31771877396218,17.31771877396218,49300
2003-03-10,17.426803588867188,17.6381624760933,17.372259653551094,17.624526167156777,161000
2003-03-11,17.194988250732422,17.351803172657128,17.147262479010458,17.317712406834477,34600
2003-03-12,17.249530792236328,17.249530792236328,16.963174884440033,17.147261103829717,59700
2003-03-13,17.494983673095703,17.494983673095703,17.174538218598464,17.454076047090307,27400
2003-03-14,17.351816177368164,17.569992040430986,17.283635895053354,17.569992040430986,408900
2003-03-17,17.842695236206055,17.917693606881546,17.181350105252417,17.181350105252417,315000
2003-03-18,18.03360366821289,18.047238674705174,17.86315373297621,17.86315373297621,68800
2003-03-19,18.238143920898438,18.33359547294502,17.965424271886864,18.10178344617772,39400
2003-03-20,18.217683792114258,18.28586400826403,17.985871837462707,18.238138247088028,106100
2003-03-21,18.690771102905273,18.745462406997977,18.348950126339986,18.38996827842363,50900
2003-03-24,18.164363861083984,18.417311920923485,18.116509139911383,18.38996562085722,56400
2003-03-25,18.526702880859375,18.622412366431625,18.16437206499537,18.171208643099668,68300
2003-03-26,18.383127212524414,18.51301951699852,18.369455367798107,18.49250979399422,193000
2003-03-27,18.451494216918945,18.533531816397172,18.15069142408998,18.184874300515663,93400
2003-03-28,18.47884178161621,18.567714658513168,18.342112874450972,18.342112874450972,235800
2003-03-31,18.26690673828125,18.472000041691672,18.157524164706278,18.253234894541727,203500
2003-04-01,18.519868850708008,18.519868850708008,18.253248787678764,18.37630329865402,197100
2003-04-02,18.793317794799805,18.86851882954593,18.738626488787236,18.800154371044325,27000
2003-04-03,18.745466232299805,18.848012285406785,18.663428607447933,18.834339130607507,466700
2003-04-04,18.820669174194336,18.882197073040533,18.73179496299696,18.868523916864948,114600
2003-04-07,18.65658187866211,19.169313133318653,18.6087258662487,19.141966840510992,70100
2003-04-08,18.677095413208008,18.731786709869716,18.547203094657696,18.615567541470668,64000
2003-04-09,18.430986404418945,18.841171836505392,18.389968252393363,18.59506162040836,185200
2003-04-10,18.39679718017578,18.417306899633715,18.21905019003604,18.383124033870494,33300
2003-04-11,18.307931900024414,18.615569995319685,18.253240596153464,18.444659507730023,47600
2003-04-14,18.608734130859375,18.608734130859375,18.355787329763476,18.355787329763476,26900
2003-04-15,18.492517471313477,18.62924640688648,18.417317730297714,18.595064824965114,400200
2003-04-16,18.054975509643555,18.595053028191508,18.013957376571224,18.595053028191508,166100
2003-04-17,18.232725143432617,18.280579856301124,18.075487857166625,18.184870430564107,24000
2003-04-21,18.280580520629883,18.485673831160746,18.212216083786263,18.25323552825834,59000
2003-04-22,18.58823013305664,18.670266459565756,18.150698277213717,18.150698277213717,183900
2003-04-23,18.745466232299805,18.868522017605706,18.663428607447933,18.868522017605706,66300
2003-04-24,18.861675262451172,18.97105783393499,18.67025511038294,18.731782969835475,35300
2003-04-25,18.601898193359375,18.93688392081631,18.560880038465243,18.88219261297625,233100
2003-04-28,18.752294540405273,18.848003973907144,18.52669280147713,18.52669280147713,156500
2003-04-29,18.868518829345703,18.957391712636333,18.738626488588388,18.752299641077283,52500
2003-04-30,18.868518829345703,19.005246442403873,18.73178991234394,18.806990947089268,34100
2003-05-01,18.923213958740234,19.059941599423844,18.663429224736824,18.923213958740234,50800
2003-05-02,19.210346221923828,19.271874124691383,18.902706708086047,18.936889600703594,38500
2003-05-05,19.237682342529297,19.394920968023523,19.141972895314616,19.278701794715662,152200
2003-05-06,19.27186393737793,19.333391807621194,19.12829847216253,19.27870051228755,107100
2003-05-07,19.1077938079834,19.292376151058882,19.087284079222304,19.141975385308296,57900
2003-05-08,19.039426803588867,19.189827549229058,18.936880781382218,18.936880781382218,37100
2003-05-09,19.25135612487793,19.27186585164402,19.053100648579594,19.141973523345715,21700
2003-05-12,19.442779541015625,19.511144004251307,19.176158264790832,19.265032458180325,226900
2003-05-13,19.483795166015625,19.606850923063526,19.278703106898128,19.40175756000252,112900
2003-05-14,19.449615478515625,19.59317967304296,19.367577864540262,19.586343096549708,44800
2003-05-15,19.634201049804688,19.647874205034793,19.483800254105066,19.552164726311748,104500
2003-05-16,19.586336135864258,19.702555287059717,19.48379013279607,19.634190850366533,138200
2003-05-19,18.923213958740234,19.415435812300167,18.806994746990046,19.415435812300167,134800
2003-05-20,18.690771102905273,19.005245775452433,18.48567903854352,19.005245775452433,298900
2003-05-21,18.827499389648438,18.84117123725977,18.581387877435464,18.595061028990298,44100
2003-05-22,19.039426803588867,19.114626524437252,18.806988457817305,18.806988457817305,374700
2003-05-23,18.9642276763916,19.053101860755447,18.800153763654748,19.039428708708154,44500
2003-05-27,19.237682342529297,19.237682342529297,18.813825101484216,18.86851640045595,138300
2003-05-28,19.203506469726562,19.29921594535018,19.073614107134645,19.24452463014471,92800
2003-05-29,19.0462646484375,19.3744124629485,18.97106361863325,19.292374857348996,81400
2003-05-30,19.258197784423828,19.265034361817307,19.073614106631315,19.10779699359871,221600
2003-06-02,19.1077938079834,19.422268491991968,19.100957231729698,19.415431915738267,241600
2003-06-03,19.258197784423828,19.34023540920177,19.09412383881175,19.09412383881175,130500
2003-06-04,19.59317970275879,19.627361281333243,19.24452212473608,19.415432625495626,87100
2003-06-05,19.777769088745117,19.777769088745117,19.38809324270402,19.456456419666726,149000
2003-06-06,19.95550537109375,20.34518100533415,19.85295935744259,19.893977502114392,269000
2003-06-09,19.750415802001953,19.955509172314752,19.66154292096023,19.928162868028956,520300
2003-06-10,19.900808334350586,19.900808334350586,19.702551635082653,19.839280483125567,112600
2003-06-11,20.126422882080078,20.18111419545759,19.92816605612175,19.96234894194755,73800
2003-06-12,20.167434692382812,20.372526726999194,20.085397096170247,20.372526726999194,65600
2003-06-13,20.044384002685547,20.256312665736434,19.941837959528257,20.256312665736434,44400
2003-06-16,20.652822494506836,20.687005374059975,19.996526854408874,19.996526854408874,81400
2003-06-17,21.063003540039062,21.268096862864056,20.71434606478551,21.05616696555057,227800
2003-06-18,21.008316040039062,21.192899672715605,20.89893343636633,21.063007341875426,130900
2003-06-19,20.55711555480957,21.056173921853496,20.481914514535337,21.008319188567597,411500
2003-06-20,20.70520782470703,20.79433562512792,20.568086723477023,20.70520782470703,83600
2003-06-23,20.36240005493164,20.636640864531113,20.211566628889432,20.636640864531113,46300
2003-06-24,20.376102447509766,20.513223447825645,20.280118531898314,20.362391393624396,120200
2003-06-25,20.26641845703125,20.533804438984127,20.156722113347247,20.430962972557253,38600
2003-06-26,20.55436134338379,20.561217524874525,20.156711970701377,20.156711970701377,49000
2003-06-27,20.238994598388672,20.568083622504698,20.16357787331409,20.568083622504698,57200
2003-06-30,20.108728408813477,20.328121077441562,19.999032074499436,20.328121077441562,114500
2003-07-01,20.218425750732422,20.225281935429166,19.75221565282198,19.951041085977,89200
2003-07-02,20.4103946685791,20.4103946685791,20.204713054059006,20.225281607816065,29000
2003-07-03,20.286983489990234,20.369255079628932,20.23213532766999,20.362400203561823,53800
2003-07-07,20.430959701538086,20.499520232284862,20.355544294631652,20.362400478474665,69200
2003-07-08,20.43781089782715,20.492659047502993,20.293834995309187,20.293834995309187,127200
2003-07-09,20.31439971923828,20.485800329216502,20.259551576352568,20.259551576352568,213300
2003-07-10,20.09501838684082,20.307556203617903,20.019602965494908,20.307556203617903,62600
2003-07-11,20.328126907348633,20.33498309366998,20.122446548443563,20.259566351819,88500
2003-07-14,20.307554244995117,20.636643254628964,20.286985691511696,20.636643254628964,88100
2003-07-15,20.232133865356445,20.602358607338612,20.232133865356445,20.602358607338612,226500
2003-07-16,20.115585327148438,20.24585021928078,20.01960135804224,20.238994034675553,63000
2003-07-17,19.985313415527344,20.211562197299994,19.95103381222481,20.15671404740611,29600
2003-07-18,20.170429229736328,20.170429229736328,19.951036599510264,20.019597123376716,18000
2003-07-21,19.855056762695312,20.122442747992302,19.745360417639375,20.122442747992302,57400
2003-07-22,19.820772171020508,19.9167561219354,19.628802961507464,19.9167561219354,120700
2003-07-23,19.96476173400879,19.999041364023466,19.656239833140432,19.951049358929293,36700
2003-07-24,19.80706214904785,20.115583895914153,19.80706214904785,19.971606644815406,28400
2003-07-25,19.96476173400879,19.96476173400879,19.621960203125756,19.813928223502455,81100
2003-07-28,19.916759490966797,20.053880564911378,19.848200261677984,20.053880564911378,114100
2003-07-29,19.82762908935547,20.012742122425017,19.69050803352248,19.882477250152004,295000
2003-07-30,19.909908294677734,19.98532372237322,19.848203930764516,19.848203930764516,34800
2003-07-31,19.80706214904785,20.136152448266376,19.80706214904785,20.033310994188668,59400
2003-08-01,19.50540542602539,19.711085798237786,19.46426830543578,19.711085798237786,69900
2003-08-04,19.539670944213867,19.642511056067875,19.265430210042197,19.45739807012088,616300
2003-08-05,19.217449188232422,19.64937842705079,19.217449188232422,19.608242620421358,46800
2003-08-06,19.2037296295166,19.333994494053943,19.100889497590583,19.2037296295166,129400
2003-08-07,19.512250900268555,19.573955243727774,19.21058667411602,19.224299041036573,51600
2003-08-08,19.587675094604492,19.67680420595881,19.49854729093396,19.6630918337991,79900
2003-08-11,19.54653549194336,19.67680038680938,19.436839151324673,19.436839151324673,100700
2003-08-12,19.60137939453125,19.60137939453125,19.45054728594144,19.573954661505876,42200
2003-08-13,19.320289611816406,19.676803427766437,19.231160503987034,19.676803427766437,91700
2003-08-14,19.30657386779785,19.402557836986066,19.14888554479335,19.402557836986066,60200
2003-08-15,19.265443801879883,19.402563611862735,19.265443801879883,19.395708732894903,16100
2003-08-18,19.39569854736328,19.443690521038786,19.299713292329066,19.333994207585288,80400
2003-08-19,19.292863845825195,19.416272568472177,19.176311308623454,19.402560197581696,62900
2003-08-20,19.238012313842773,19.286004295903503,19.169451779034546,19.19687651603121,33200
2003-08-21,19.128314971923828,19.29971564605878,19.059754440733172,19.286003278283975,79100
2003-08-22,18.84035873413086,19.18316002685238,18.819791493484786,19.18316002685238,75200
2003-08-25,18.977487564086914,18.991199935268327,18.8540788388216,18.8540788388216,675600
2003-08-26,18.991199493408203,19.05290385460521,18.792374038954808,18.956918566252277,63600
2003-08-27,19.004899978637695,19.004899978637695,18.902059869777077,18.99118892309043,131100
2003-08-28,19.018625259399414,19.02548144567126,18.860936898198325,18.888360335601906,91500
2003-08-29,19.073471069335938,19.114606874166324,18.922638913168758,18.922638913168758,78300
2003-09-02,19.361419677734375,19.40255547270483,19.073466497574504,19.073466497574504,139400
2003-09-03,19.28601837158203,19.423139541274793,19.26545111150719,19.423139541274793,182300
2003-09-04,19.333995819091797,19.34770687865391,19.135170417083046,19.333995819091797,214500
2003-09-05,19.28601837158203,19.423139541274793,19.231170165241807,19.33401169635357,131300
2003-09-08,19.628808975219727,19.697369521599633,19.36142428279012,19.42312864376367,260800
2003-09-09,19.690513610839844,19.74536178717207,19.56025000935311,19.711082167345804,250300
2003-09-10,19.717927932739258,19.875616192902225,19.66307978539201,19.66307978539201,264200
2003-09-11,19.82762908935547,19.903045800831944,19.752212377878994,19.84819764003541,164700
2003-09-12,19.868759155273438,19.868759155273438,19.656222756917188,19.7864875916375,146700
2003-09-15,19.813922882080078,19.9167630520846,19.683657969309706,19.882483431310995,204400
2003-09-16,19.93732452392578,19.93732452392578,19.786492415366737,19.81391584070327,145500
2003-09-17,19.889331817626953,19.985315764301,19.84819602729282,19.985315764301,70800
2003-09-18,19.95789909362793,20.06073925810547,19.88933854808169,19.985322527236242,89900
2003-09-19,19.79698371887207,19.95513922593025,19.721343558297384,19.94138623099707,108800
2003-09-22,19.5288143157959,19.68009470474198,19.43942243178461,19.666341703645358,166500
2003-09-23,19.693849563598633,19.714479068563456,19.54257046186568,19.570075156926862,84500
2003-09-24,19.34315299987793,19.700723163923936,19.301895307582896,19.700723163923936,124700
2003-09-25,19.21251106262207,19.384419712366036,19.15062384378953,19.28127478483144,102300
2003-09-26,19.123111724853516,19.184998923927353,19.02684333143132,19.184998923927353,64000
2003-09-29,19.21251106262207,19.2468922679473,19.01997290274762,19.15750034716636,120000
2003-09-30,19.123111724853516,19.2675156265453,19.04747283497543,19.164370731941734,199900
2003-10-01,19.4669246673584,19.50130716576382,19.19874773758716,19.253758423477624,124000
2003-10-02,19.597578048706055,19.638835740519617,19.44629897101741,19.515061353520554,79400
2003-10-03,19.50818634033203,19.83825050093194,19.46005083596429,19.83825050093194,230400
2003-10-06,19.432537078857422,19.52880541956254,19.384402908504864,19.52880541956254,85400
2003-10-07,19.41878890991211,19.425665409036792,19.267509863843358,19.308767547033362,268000
2003-10-08,19.315654754638672,19.418799675575645,19.281273551512623,19.39129497538657,50900
2003-10-09,19.34315299987793,19.52881458254317,19.288142306298422,19.50818639217485,170000
2003-10-10,19.295015335083008,19.3844085157887,19.27438714842643,19.37753201638379,66200
2003-10-13,19.35003089904785,19.46005229415869,19.288143700353196,19.35690740018709,84200
2003-10-14,19.377534866333008,19.425669057688566,19.25376048195681,19.398163056023478,177600
2003-10-15,19.336271286010742,19.501303311061275,19.253754617706505,19.494426812739423,58700
2003-10-16,19.439416885375977,19.46004506957695,19.253755358219227,19.253755358219227,93600
2003-10-17,19.21938133239746,19.460052314732817,19.191875327811427,19.391289926384708,54600
2003-10-20,19.315654754638672,19.329407760512623,19.14374611589077,19.281273551512623,67600
2003-10-21,19.494428634643555,19.570067500137032,19.322520095205004,19.343148280540465,189800
2003-10-22,18.971834182739258,19.356909099430947,18.868689279713095,19.356909099430947,275300
2003-10-23,19.16436767578125,19.198748864646806,18.87556123001242,18.87556123001242,273600
2003-10-24,19.21938133239746,19.23313302313199,18.971832537357113,19.116235126758323,378100
2003-10-27,19.171245574951172,19.30877297297511,19.143740882281463,19.27439177924836,63400
2003-10-28,19.32252311706543,19.363780805746735,19.129985050622206,19.184995739383375,73100
2003-10-29,19.26752281188965,19.315657026551207,19.143748367583367,19.288151011568043,80900
2003-10-30,19.08872413635254,19.356901034802252,19.00620746137521,19.356901034802252,134600
2003-10-31,19.253759384155273,19.33627607288729,19.116232006787996,19.116232006787996,302600
2003-11-03,19.19875144958496,19.356907038153988,19.19875144958496,19.356907038153988,127400
2003-11-04,19.07497787475586,19.16437108017955,19.01309067455746,19.143741576260577,86100
2003-11-05,19.05434226989746,19.233127311941804,18.978703402863463,18.978703402863463,68200
2003-11-06,19.150615692138672,19.205626384178533,18.951201113770203,19.150615692138672,42900
2003-11-07,18.97870635986328,19.226253808406483,18.95807685933539,19.212502119612857,98400
2003-11-10,18.834299087524414,18.978702942098202,18.80679440333202,18.971826443160587,113500
2003-11-11,18.87555503845215,18.944317393627827,18.779285380402058,18.87555503845215,64500
2003-11-12,19.226253509521484,19.253759509797742,18.923695375832338,19.033716753820805,235300
2003-11-13,19.67322540283203,19.824504535574352,19.391295334982026,19.425676538745645,163200
2003-11-14,19.962026596069336,20.11330568805777,19.879509893083874,19.90701589793186,1251500
2003-11-17,19.900135040283203,19.913886728138248,19.714473482878873,19.83824785448176,188300
2003-11-18,19.783235549926758,20.02390777373659,19.76948255163863,19.941391095565923,128200
2003-11-19,19.989524841308594,20.023907336277766,19.783235117725862,19.87262698152956,87400
2003-11-20,19.72821807861328,19.95513722603785,19.666330919174065,19.907003060153492,125500
2003-11-21,19.487560272216797,19.735109092064643,19.425673067254838,19.735109092064643,571000
2003-11-24,19.803863525390625,19.81761652353263,19.597573799492885,19.597573799492885,88300
2003-11-25,19.70758819580078,19.80385652565229,19.597566872668306,19.80385652565229,535800
2003-11-26,19.70758819580078,19.769475354007504,19.466916059614384,19.769475354007504,138300
2003-11-28,19.666337966918945,19.721348649294683,19.631955470710285,19.721348649294683,39700
2003-12-01,19.982656478881836,20.00328598426329,19.748860664126443,19.838253875887474,183000
2003-12-02,19.99639892578125,20.06516259585846,19.92075875754053,19.92075875754053,517100
2003-12-03,20.044538497924805,20.209570563606654,20.010157309408772,20.147683375031175,273400
2003-12-04,20.078922271728516,20.0995504615234,19.920765384470393,20.078922271728516,109600
2003-12-05,19.927635192871094,20.044533038166385,19.872624519294362,20.037656540024553,88900
2003-12-08,20.078922271728516,20.092673961072318,19.879507693322267,19.94139488582363,184400
2003-12-09,19.99639892578125,20.147677950704775,19.948264750194582,20.127049767772153,302800
2003-12-10,19.858884811401367,20.00328874589055,19.796998909830336,19.87263781688773,96800
2003-12-11,20.106428146362305,20.18894484507763,19.872632363487057,19.872632363487057,159900
2003-12-12,20.16831398010254,20.209571670893954,20.044539596169955,20.209571670893954,99300
2003-12-15,20.133922576904297,20.31958274706994,20.078911913233426,20.26457208339907,108100
2003-12-16,20.209566116333008,20.21644261483464,19.80386188564251,19.80386188564251,109500
2003-12-17,20.250831604003906,20.250831604003906,20.113304212967094,20.250831604003906,87900
2003-12-18,20.40210723876953,20.40210723876953,20.1958174986172,20.298962368693363,616600
2003-12-19,20.369678497314453,20.493884062659724,20.259273842813613,20.493884062659724,392000
2003-12-22,20.362770080566406,20.459373786453224,20.27306551127712,20.424872838958443,230000
2003-12-23,20.3765811920166,20.411082156791853,20.335178454933367,20.355879823474986,128400
2003-12-24,20.438678741455078,20.493881060619202,20.35587460464534,20.390375560575254,59400
2003-12-26,20.493881225585938,20.51458127285967,20.445578044317294,20.48008031665204,35200
2003-12-29,20.65949249267578,20.70089391198408,20.535286918623495,20.597389705649636,121800
2003-12-30,20.714693069458008,20.756094485259997,20.673290337528737,20.749194029938455,157500
2003-12-31,20.80438995361328,20.825091313206855,20.70088578789916,20.769889003750865,221400
2004-01-02,20.852691650390625,21.004498987328734,20.783689751193517,20.838892060227323,628700
2004-01-05,20.949308395385742,21.045912161194327,20.797500973540707,20.976908907276364,191500
2004-01-06,21.011404037475586,21.032104085312856,20.914798988435447,21.025203630658048,289300
2004-01-07,21.142515182495117,21.142515182495117,20.91480537387369,21.011410452408043,262300
2004-01-08,21.05280876159668,21.183914788411116,20.92170273478224,21.183914788411116,214300
2004-01-09,20.921689987182617,21.03899503104205,20.838887201003345,21.032094579506015,153400
2004-01-12,20.887197494506836,20.97690076850714,20.79749290437944,20.97690076850714,109900
2004-01-13,20.797487258911133,20.96999462188452,20.735384502950577,20.96309416943038,342500
2004-01-14,20.914793014526367,20.94239482526167,20.735385193127254,20.76988745654638,395500
2004-01-15,20.970001220703125,21.045904905457267,20.76989330107014,21.045904905457267,139800
2004-01-16,21.01830291748047,21.032103826620332,20.907898276615832,20.907898276615832,186600
2004-01-20,20.949308395385742,21.149416384007466,20.949308395385742,21.114915415112286,380200
2004-01-21,21.301218032836914,21.315017626978484,20.949302717745574,21.11490969258963,222100
2004-01-22,21.342618942260742,21.432322224629964,21.28741661861956,21.39092081093088,216100
2004-01-23,21.23911476135254,21.45992405603583,21.1563106177827,21.45992405603583,178900
2004-01-26,21.508228302001953,21.57033108751165,21.252916704225708,21.28741898291296,667100
2004-01-27,21.37021827697754,21.597928014056652,21.342617774730414,21.597928014056652,161400
2004-01-28,21.183908462524414,21.459920029084998,21.13560528676522,21.459920029084998,144800
2004-01-29,21.49442481994629,21.501325274858495,21.08040673810438,21.287416437088932,130600
2004-01-30,21.377120971679688,21.528928356391756,21.23911581372823,21.528928356391756,122700
2004-02-02,21.65313148498535,21.735935628379913,21.34951936350211,21.425421735809316,239100
2004-02-03,21.7911319732666,21.804932879400447,21.542720927364776,21.542720927364776,251000
2004-02-04,21.860136032104492,21.963640199852236,21.701429553816155,21.70832869102269,437900
2004-02-05,21.749732971191406,21.908439460864198,21.6117265268769,21.908439460864198,237200
2004-02-06,21.91535186767578,21.91535186767578,21.653139743688932,21.756645291441888,388000
2004-02-09,21.70143699645996,21.894644491550302,21.680735629359987,21.894644491550302,2212500
2004-02-10,21.79803466796875,21.839436074501016,21.673829132244965,21.770432852862584,186500
2004-02-11,21.998157501220703,22.04646071045765,21.70144568410387,21.825649988043814,203300
2004-02-12,21.860136032104492,22.067144367599983,21.804933721563902,22.067144367599983,603900
2004-02-13,21.763532638549805,21.977441430532387,21.735930824809127,21.977441430532387,297600
2004-02-17,21.90154266357422,21.95674498729084,21.81873983606289,21.839439884877113,250900
2004-02-18,21.804943084716797,21.977450543747583,21.735939837878988,21.977450543747583,173000
2004-02-19,21.729026794433594,21.929135962731632,21.722126342134345,21.929135962731632,115500
2004-02-20,21.611730575561523,21.804939370571663,21.535826885356247,21.804939370571663,492200
2004-02-23,21.57032012939453,21.70142608954715,21.47371643040138,21.70142608954715,331700
2004-02-24,21.66692543029785,21.71522728336555,21.49441806012649,21.59792221900395,228900
2004-02-25,21.694530487060547,21.708330078482504,21.563424497599588,21.701430940835017,87800
2004-02-26,21.66692543029785,21.7014276940082,21.528920323836836,21.69452724126613,144900
2004-02-27,21.604827880859375,21.72213297350426,21.584127833768992,21.666930654384732,84700
2004-03-01,21.66692543029785,21.729028188849686,21.49441806012649,21.646225388198435,183800
2004-03-02,21.528932571411133,21.694539583052446,21.508231201408144,21.66693775638179,161100
2004-03-03,21.618627548217773,21.6738298641673,21.41161919243881,21.52892427834743,148600
2004-03-04,21.715225219726562,21.73592657598548,21.618621522771605,21.65312246707647,158000
2004-03-05,21.825641632080078,21.894644874158466,21.646235045254596,21.71523697120561,310300
2004-03-08,21.804943084716797,21.942948262264945,21.735939837878988,21.942948262264945,225700
2004-03-09,21.5565242767334,21.873938573153612,21.47372146279908,21.873938573153612,242200
2004-03-10,21.225311279296875,21.63242886058195,21.14940759989988,21.63242886058195,215600
2004-03-11,20.81820297241211,21.135616107428973,20.76990108805108,21.114916051918613,185400
2004-03-12,20.873390197753906,20.92859249935083,20.735383785698247,20.90789114270448,293500
2004-03-15,20.687082290649414,20.907891500819186,20.638780440440616,20.907891500819186,143900
2004-03-16,20.83199691772461,20.887199240830988,20.645688583692888,20.873398331022592,144400
2004-03-17,20.81130027770996,20.88720398276101,20.7077960629033,20.88720398276101,323600
2004-03-18,20.790592193603516,20.83889537329858,20.576683376605096,20.769892147004132,75800
2004-03-19,20.462007522583008,20.8217185876929,20.441254504415113,20.8217185876929,175100
2004-03-22,20.206064224243164,20.468930579199643,20.129972443102293,20.406672827731608,150000
2004-03-23,20.275239944458008,20.46201320157229,20.21298219208658,20.37208607004219,252000
2004-03-24,20.16456413269043,20.33750207777253,20.088472334054337,20.33750207777253,93200
2004-03-25,20.275239944458008,20.44126017764464,20.116137385913927,20.44126017764464,325900
2004-03-26,20.358245849609375,20.46892597858453,20.25448339362157,20.337492830647328,93100
2004-03-29,20.634944915771484,20.704120322022295,20.406666998731612,20.44125404215145,440500
2004-03-30,20.586538314819336,20.704136199806953,20.46202275196043,20.704136199806953,459100
2004-03-31,20.704124450683594,20.76638219678318,20.55193826270176,20.66953608095527,266300
2004-04-01,20.849395751953125,20.92548886093188,20.75255093646137,20.75255093646137,144000
2004-04-02,21.098419189453125,21.160676925401127,20.987739063192492,21.036161453505123,542900
2004-04-05,21.340538024902344,21.340538024902344,21.10534236541922,21.236775544403677,108200
2004-04-06,21.2713623046875,21.340537730536266,21.139929127515998,21.340537730536266,175500
2004-04-07,21.17452049255371,21.243694608766734,21.119180407936277,21.236778252674785,65600
2004-04-08,21.029247283935547,21.305947645682448,20.93240248717698,21.305947645682448,105300
2004-04-12,21.202190399169922,21.202190399169922,20.98774773090386,21.063840843912864,382200
2004-04-13,21.015405654907227,21.31977662156407,20.994653958610606,21.202178838042858,189800
2004-04-14,21.229854583740234,21.25060628498102,20.890896496223732,21.01541066190242,215200
2004-04-15,21.617238998413086,21.651826053045923,21.271363174438477,21.305950229071314,142300
2004-04-16,21.776336669921875,21.804007362942688,21.58956345026518,21.617234143285994,1974700
2004-04-19,21.686410903930664,21.804008717753632,21.62415316017666,21.804008717753632,886400
2004-04-20,21.326696395874023,21.859345310179823,21.326696395874023,21.859345310179823,122100
2004-04-21,21.575729370117188,21.69332717634397,21.333616084425422,21.340533757663614,149800
2004-04-22,21.748666763305664,21.79017148240844,21.471966436935105,21.57572889439766,788700
2004-04-23,21.686410903930664,21.790173370383556,21.589564791751467,21.790173370383556,127500
2004-04-26,21.56881332397461,21.859349024839737,21.541142628934423,21.859349024839737,233400
2004-04-27,21.651823043823242,21.831678605622667,21.617235993997397,21.75558683212353,177000
2004-04-28,21.4581356048584,21.686413587062784,21.382042504319767,21.686413587062784,81100
2004-04-29,21.326696395874023,21.49963425225296,21.20218092817541,21.47888123449948,264400
2004-04-30,21.347454071044922,21.5065566169666,21.305948026482504,21.40971181847713,163100
2004-05-03,21.6241512298584,21.6241512298584,21.319780211943637,21.44429568833655,276200
2004-05-04,21.589569091796875,21.69333289832799,21.444301873711883,21.686415223265143,253900
2004-05-05,21.714075088500977,21.762497473309512,21.541137245949905,21.617230318883905,443300
2004-05-06,21.631072998046875,21.748670823635486,21.513475172458264,21.700248422406904,182200
2004-05-07,21.485803604125977,21.741752268061003,21.485803604125977,21.61723677314188,372800
2004-05-10,21.209108352661133,21.47197475409274,21.0707574761801,21.27136611513642,375500
2004-05-11,21.229854583740234,21.27135930563313,21.126092119302335,21.27135930563313,178700
2004-05-12,21.30594825744629,21.333618954121196,20.93932076238384,21.236774154581898,465300
2004-05-13,21.278274536132812,21.36128397038793,21.18142975636479,21.271356863376358,219500
2004-05-14,21.23677635192871,21.45121899570164,21.105343167946526,21.305950461950474,107600
2004-05-17,21.17452049255371,21.28520066178858,21.03616962130428,21.20218987515658,2092100
2004-05-18,21.167598724365234,21.264443523868202,21.105340976281486,21.174516398531367,302400
2004-05-19,20.96006965637207,21.278276028429715,20.96006965637207,21.271358355188106,1147700
2004-05-20,20.821727752685547,21.02925274806507,20.77330534172444,21.02925274806507,79700
2004-05-21,20.86322784423828,20.960072644605223,20.787134747143426,20.960072644605223,73100
2004-05-24,20.759464263916016,20.960071528192646,20.697206518592935,20.925484478307105,183600
2004-05-25,20.96006965637207,21.04999808910171,20.662617623450508,20.752544736768886,346900
2004-05-26,21.070741653442383,21.119165347435963,20.960061563135707,20.960061563135707,518600
2004-05-27,21.28519630432129,21.32670102943467,21.091505388106476,21.167598483657194,443000
2004-05-28,21.278274536132812,21.340532271529735,21.19526378246653,21.340532271529735,228200
2004-06-01,21.38895606994629,21.4027914163703,21.222935871091913,21.278275937376705,472600
2004-06-02,21.520395278930664,21.56881768563163,21.395879764892968,21.513477603771722,139800
2004-06-03,21.465051651000977,21.617236521121566,21.437380954936465,21.513474049702463,119600
2004-06-04,21.506555557250977,21.65182274782727,21.471968507897962,21.65182274782727,352800
2004-06-07,21.721004486083984,21.721004486083984,21.541148874410908,21.721004486083984,245300
2004-06-08,21.748666763305664,21.748666763305664,21.624151286586105,21.651820659517547,238100
2004-06-09,21.492713928222656,21.74866250462932,21.492713928222656,21.74866250462932,108300
2004-06-10,21.49964141845703,21.582652197728756,21.46505436341723,21.582652197728756,124700
2004-06-14,21.347454071044922,21.458134217721863,21.305948026482504,21.437381195440654,131300
2004-06-15,21.375123977661133,21.47888645281546,21.312866228686246,21.47888645281546,175400
2004-06-16,21.38204574584961,21.458138857924,21.326705660544153,21.444303506744706,821900
2004-06-17,21.416635513305664,21.416635513305664,21.264450589319225,21.38204845039434,267900
2004-06-18,21.406917572021484,21.47628435914073,21.372232855375202,21.399980628692227,117000
2004-06-21,21.26124382019043,21.39998003676477,21.240434313864913,21.372232264215253,105200
2004-06-22,21.171070098876953,21.26124773007305,21.046207745615543,21.26124773007305,129800
2004-06-23,21.29593276977539,21.33061616927116,21.11557618160625,21.22656464769697,174000
2004-06-24,21.30286979675293,21.358365356546727,21.254312505020323,21.29593417486567,519000
2004-06-25,21.115570068359375,21.261241891771878,21.073948413310234,21.15719040032202,304200
2004-06-28,21.011516571044922,21.205745650386177,20.928274591979832,21.191871766694266,391700
2004-06-29,21.122512817382812,21.219627393020986,21.011524352914368,21.02539691865778,681300
2004-06-30,21.198816299438477,21.247373586661244,21.073953947673164,21.157195956545653,176800
2004-07-01,20.900531768798828,21.24043538422593,20.747922981345994,21.22656149725203,1131500
2004-07-02,20.88666534423828,20.983779935427606,20.824234157591697,20.983779935427606,138300
2004-07-06,20.734041213989258,20.893588207376734,20.664674451657344,20.893588207376734,666500
2004-07-07,20.685483932495117,20.76178895869493,20.61611584713949,20.740978136162386,277900
2004-07-08,20.636940002441406,20.900537309389925,20.602256598899007,20.602256598899007,276000
2004-07-09,20.588382720947266,20.810359679164428,20.560634939626603,20.810359679164428,135300
2004-07-12,20.498191833496094,20.588370747255365,20.414951184118898,20.567559923367934,175300
2004-07-13,20.664688110351562,20.685497623571084,20.532888793250688,20.532888793250688,518900
2004-07-14,20.740985870361328,20.90053160001267,20.60225097100277,20.60225097100277,122600
2004-07-15,20.512067794799805,20.817286627315305,20.512067794799805,20.775666298408865,226700
2004-07-16,20.33171844482422,20.581443152534906,20.297035045680786,20.546759753391473,97800
2004-07-19,20.234603881835938,20.46351775635645,20.1305523612515,20.46351775635645,128500
2004-07-20,20.31784439086914,20.324780011720343,20.179108158283203,20.234602386700224,329000
2004-07-21,20.088937759399414,20.53289309875585,20.088937759399414,20.53289309875585,137900
2004-07-22,20.186033248901367,20.255401324461126,19.950182585849795,20.0056767816804,454300
2004-07-23,20.06118392944336,20.151361559731466,19.929384633095957,20.151361559731466,66600
2004-07-26,19.860017776489258,20.07505909555197,19.707408960488205,20.07505909555197,419800
2004-07-27,19.943254470825195,20.01955952001432,19.742087094994442,19.908571079241,163500
2004-07-28,19.894695281982422,19.964063381572824,19.603350322171895,19.894695281982422,126800
2004-07-29,19.984872817993164,20.07505174408296,19.797580669742146,19.943252487613655,216100
2004-07-30,20.06118392944336,20.09586732807259,19.950195466125603,20.012626642127696,314600
2004-08-02,20.040372848510742,20.130551800770167,20.005689450310552,20.061183681282955,254700
2004-08-03,20.01956558227539,20.15136356867524,19.943260509979808,20.012628637240613,169700
2004-08-04,19.977943420410156,20.054248490827874,19.85308238211791,20.03343765623569,344600
2004-08-05,19.610288619995117,20.047305428376347,19.582540849006318,20.047305428376347,441200
2004-08-06,19.339759826660156,19.429938790442048,19.27732996654031,19.429938790442048,582500
2004-08-09,19.249576568603516,19.381375841699647,19.249576568603516,19.3189446767113,512300
2004-08-10,19.533987045288086,19.533987045288086,19.284262354343195,19.353630471059752,77900
2004-08-11,19.860017776489258,19.90857638998166,19.423000839753062,19.492368964512423,1819900
2004-08-12,19.74903106689453,19.929387678114345,19.74903106689453,19.860019547170257,511600
2004-08-13,19.596418380737305,19.83920612971778,19.5547980395965,19.804521409528117,1089000
2004-08-16,19.860017776489258,19.90857638998166,19.638040835728845,19.665788614867363,643400
2004-08-17,19.887758255004883,19.977935857927786,19.811453213471808,19.846137924662496,142000
2004-08-18,20.151357650756836,20.172168479749583,19.80451843939726,19.80451843939726,709100
2004-08-19,20.08199691772461,20.186048447866224,19.991817954671415,20.186048447866224,842600
2004-08-20,20.248476028442383,20.276222480770233,20.047308625946776,20.07505640136138,129100
2004-08-23,20.206850051879883,20.331712368418444,20.172166663102047,20.18604054784777,133100
2004-08-24,20.220727920532227,20.31090686606009,20.17217063744187,20.20685403305306,443000
2004-08-25,20.414958953857422,20.414958953857422,20.19298204025425,20.290096609183944,149800
2004-08-26,20.387208938598633,20.421893654468278,20.310905209858664,20.414956711294348,664600
2004-08-27,20.532878875732422,20.53981581781736,20.324774582443595,20.324774582443595,372700
2004-08-30,20.276216506958008,20.49819335252863,20.25540700461474,20.49819335252863,110100
2004-08-31,20.387208938598633,20.387208938598633,20.241537101206,20.29009438033688,598000
2004-09-01,20.470443725585938,20.477380666317245,20.324770616400816,20.428823404284255,462400
2004-09-02,20.678556442260742,20.720178106347955,20.428833073171397,20.498199867143178,278400
2004-09-03,20.636940002441406,20.80342272100158,20.56757187226957,20.56757187226957,1711100
2004-09-07,20.775667190551758,21.073947770790735,20.664678759977615,20.810350578948757,188400
2004-09-08,20.727108001708984,20.84503337120732,20.69242461430388,20.84503337120732,401100
2004-09-09,20.643871307373047,20.77567058638014,20.623060477081395,20.77567058638014,506500
2004-09-10,20.616117477416992,20.636928301595212,20.43576097046463,20.636928301595212,160700
2004-09-13,20.636940002441406,20.69937118728735,20.56757187226957,20.643876947767293,3257800
2004-09-14,20.796478271484375,20.851972490979925,20.671615946847748,20.671615946847748,178100
2004-09-15,20.713241577148438,20.796482260816315,20.69243074468806,20.796482260816315,169000
2004-09-16,20.706310272216797,20.76180451747113,20.66468991904784,20.740993679343067,58700
2004-09-17,20.768226623535156,20.803013741558843,20.698651060444295,20.803013741558843,948100
2004-09-20,20.53862762451172,20.733437603309802,20.476009752171347,20.733437603309802,160200
2004-09-21,20.64298439025879,20.7195176183197,20.503833307792238,20.559493475370243,203600
2004-09-22,20.385562896728516,20.629076718438974,20.32990270836986,20.629076718438974,2548800
2004-09-23,20.239456176757812,20.45513924904549,20.239456176757812,20.45513924904549,187800
2004-09-24,20.295106887817383,20.385554157484304,20.07246622982834,20.07246622982834,531000
2004-09-27,20.176837921142578,20.315989058312724,20.16988023157971,20.295115989624122,402100
2004-09-28,20.329906463623047,20.441226860902987,20.07247854255462,20.315992409245915,673400
2004-09-29,20.420347213745117,20.427304901763172,20.309026859542865,20.385558773654854,668100
2004-09-30,20.030725479125977,20.176832942765234,19.933319176323206,20.176832942765234,1650500
2004-10-01,20.218576431274414,20.253364868248507,20.03072417978702,20.03072417978702,644200
2004-10-04,20.30902862548828,20.406433612124154,20.218580000432045,20.218580000432045,227300
2004-10-05,20.246414184570312,20.378607636714374,20.20466937280405,20.378607636714374,210100
2004-10-06,20.225540161132812,20.872590684685022,20.079432663320933,20.288158039350353,403800
2004-10-07,19.766340255737305,20.246410139794897,19.689807010252412,20.239452451383237,549100
2004-10-08,19.4950008392334,19.794174863977204,19.481085459700285,19.682854481799552,315700
2004-10-11,19.627193450927734,19.655024210684886,19.488043633272977,19.495001323212264,220500
2004-10-12,19.5924072265625,19.6411097313268,19.44629971226961,19.488044526775617,221900
2004-10-13,19.383678436279297,19.675894740792575,19.321060561951917,19.59240379934157,1533800
2004-10-14,19.251489639282227,19.522832942080978,19.24453194856382,19.3767254181259,170800
2004-10-15,19.279312133789062,19.30018519842914,19.084502171988333,19.23756733155224,229300
2004-10-18,19.460206985473633,19.48108004897597,19.216694546496047,19.237566282955118,518500
2004-10-19,19.140167236328125,19.515873206448067,19.105378786381305,19.515873206448067,474800
2004-10-20,19.133203506469727,19.16799061839146,18.931434541602556,19.16799061839146,268600
2004-10-21,18.952312469482422,19.133208417401267,18.83403440072947,19.133208417401267,316000
2004-10-22,18.81315803527832,19.028841051038757,18.77141190806538,19.007967987432288,402300
2004-10-25,18.70879364013672,18.889689539688547,18.57660155461454,18.889689539688547,203700
2004-10-26,19.06363296508789,19.06363296508789,18.75054489438984,18.75054489438984,463500
2004-10-27,19.5645694732666,19.634143692177474,19.098415040530668,19.133202149986104,480600
2004-10-28,19.529787063598633,19.62719206176726,19.48108456451432,19.62023569936399,263800
2004-10-29,19.585447311401367,19.627192121165173,19.425424434770466,19.620235758740854,303700
2004-11-01,19.40454864501953,19.550657449267515,19.32105903720073,19.550657449267515,1321300
2004-11-02,19.258441925048828,19.634147829092807,19.14712155888443,19.37671997997893,1214700
2004-11-03,19.828950881958008,21.067391098987667,19.745459978556156,20.45512801282179,1322700
2004-11-04,19.870704650878906,19.898535406938844,19.488041044359186,19.898535406938844,1230700
2004-11-05,19.98897933959961,20.058554890974463,19.884616676058958,19.96810760311744,707400
2004-11-08,19.982017517089844,19.982017517089844,19.84982545657832,19.95418809852431,379100
2004-11-09,19.98897933959961,20.093342003140258,19.933319163908376,20.002894715283233,410000
2004-11-10,19.933317184448242,20.065510586228797,19.828954531271233,20.037679837625255,301000
2004-11-11,20.037683486938477,20.12813210932958,19.954193880008784,20.037683486938477,242400
2004-11-12,20.065519332885742,20.107264146944686,19.877665679054925,20.05160395251819,354400
2004-11-15,20.16986656188965,20.25335745301631,20.00984379152646,20.016801476373907,445200
2004-11-16,20.07246971130371,20.211619483160238,20.03768127305716,20.211619483160238,747600
2004-11-17,20.065519332885742,20.20467048247384,20.00290144827547,20.12117952731224,562600
2004-11-18,20.009851455688477,20.08638469128141,19.961148970145047,20.030724518225604,238300
2004-11-19,19.766340255737305,19.96115155013368,19.74546719050232,19.919405419663715,839300
2004-11-22,19.801128387451172,19.856789897602425,19.65502090443446,19.8289591425268,292900
2004-11-23,19.738515853881836,19.828963172171456,19.661982588914206,19.828963172171456,162900
2004-11-24,19.787208557128906,19.8846135173548,19.71067533006967,19.82895335050528,302400
2004-11-26,19.905498504638672,19.988988141417156,19.801134468099793,19.86375235920558,3009300
2004-11-29,19.89853858947754,20.009858977434707,19.83592070537117,19.968114163711697,809000
2004-11-30,19.96811294555664,20.016815446436343,19.856792564390574,19.863748927050285,340200
2004-12-01,20.30207061767578,20.309028306189443,19.9681095312804,19.9681095312804,669100
2004-12-02,20.49687385559082,20.524704600504325,20.246403786584047,20.35076642592378,487500
2004-12-03,20.35773468017578,20.58733313672859,20.315989868178082,20.496884495849322,771200
2004-12-06,20.315980911254883,20.39947049844133,20.15595676956857,20.357725704848107,370900
2004-12-07,20.107263565063477,20.489928551835,20.086391822159865,20.489928551835,300200
2004-12-08,20.399477005004883,20.434265449964485,20.13509145852932,20.14204914752124,372600
2004-12-09,20.53166961669922,20.59428748806672,20.218580259861707,20.455136367907063,1360000
2004-12-10,20.517757415771484,20.62907779831612,20.455139534709673,20.62907779831612,1367700
2004-12-13,20.615148544311523,20.629063914525176,20.462083453089562,20.594276816033787,661900
2004-12-14,20.79606056213379,20.809975943178184,20.587335154642957,20.69865554891057,479500
2004-12-15,20.858671188354492,20.86562887645454,20.65690354162632,20.803011010597412,604900
2004-12-16,21.15087890625,21.178709647403767,20.87953581521465,20.92128059990252,623500
2004-12-17,20.727277755737305,20.797065503044173,20.364375612831385,20.587699598891657,1019000
2004-12-20,20.47603416442871,20.79706200765581,20.455097045086006,20.776126219428836,2002900
2004-12-21,20.671438217163086,20.678415924117612,20.47602914455127,20.47602914455127,3683200
2004-12-22,20.824966430664062,20.838924502359657,20.65747356366187,20.692367411785874,912000
2004-12-23,20.908729553222656,20.992476721792872,20.69238458683072,20.69238458683072,642900
2004-12-27,20.880796432495117,21.020374480845167,20.86683836143713,21.006416409787178,563100
2004-12-28,21.09715461730957,21.104133657273955,20.93664069147604,20.971534560182192,413000
2004-12-29,21.139022827148438,21.14600053400665,21.055275702580627,21.14600053400665,300100
2004-12-30,21.152976989746094,21.215786992725622,21.104125061009846,21.215786992725622,268000
2004-12-31,21.06923484802246,21.180896799037352,21.0622558096946,21.180896799037352,236300
2005-01-03,20.824966430664062,21.250678299574833,20.81100835896847,21.250678299574833,606200
2005-01-04,20.65747833251953,20.971527031479866,20.56675217666867,20.92267510038261,454300
2005-01-05,20.622591018676758,20.75519011879065,20.615613309669108,20.6435281390471,448300
2005-01-06,20.776123046875,20.852889810511027,20.622586857371893,20.727271106984205,1247500
2005-01-07,20.762165069580078,20.866847988581743,20.734248914584683,20.831954125953033,173600
2005-01-10,20.943614959716797,20.971529782098546,20.755184916957003,20.831953007958873,456100
2005-01-11,20.79705810546875,20.894763312953053,20.75518520575575,20.79705810546875,570800
2005-01-12,20.93663787841797,20.964554034524674,20.769144935124494,20.901744014400172,318000
2005-01-13,20.622591018676758,20.964557329146658,20.59467618929877,20.93664116865287,247500
2005-01-14,20.706336975097656,20.74820988230811,20.587695962071596,20.692378895655597,275800
2005-01-18,20.873823165893555,20.873823165893555,20.643520254247285,20.727267372625604,255500
2005-01-19,20.741228103637695,20.936637196674923,20.73424906483827,20.936637196674923,549300
2005-01-20,20.636545181274414,20.80403811909282,20.615609395994326,20.692376160547216,509700
2005-01-21,20.496963500976562,20.72726640183629,20.496963500976562,20.72726640183629,350300
2005-01-24,20.322490692138672,20.587687436133788,20.322490692138672,20.587687436133788,341200
2005-01-25,20.46207618713379,20.594675281402175,20.434161358986398,20.51790717454431,174900
2005-01-26,20.587690353393555,20.685394220639186,20.517901306311522,20.524880344131258,498200
2005-01-27,20.54581642150879,20.657478358763026,20.483006415413872,20.657478358763026,741800
2005-01-28,20.378324508666992,20.61560646967386,20.301556423895548,20.587690318442295,506200
2005-01-31,20.413227081298828,20.51791003087718,20.315523172507827,20.476037117269023,690500
2005-02-01,20.608633041381836,20.608633041381836,20.413223922918057,20.48301298887767,806900
2005-02-02,20.692380905151367,20.713318026347718,20.517908888529323,20.517908888529323,327600
2005-02-03,20.62957000732422,20.727275237692872,20.56675997748572,20.727275237692872,407700
2005-02-04,20.817989349365234,20.831947422371318,20.580707432722242,20.657475503140596,369100
2005-02-07,20.83195686340332,20.89476688928106,20.657484865101978,20.657484865101978,671100
2005-02-08,20.880796432495117,20.922669314554167,20.81798644384909,20.81798644384909,434800
2005-02-09,20.65747833251953,20.9785060689388,20.650499295060595,20.901739319121095,485000
2005-02-10,20.692380905151367,20.762169978023355,20.594677001800093,20.727276107145286,314000
2005-02-11,20.901742935180664,21.02736163782801,20.70633384587004,20.70633384587004,281600
2005-02-14,20.915708541870117,20.95060374998433,20.838941746251013,20.93664566673865,415000
2005-02-15,20.908729553222656,21.006434805073923,20.859877592855067,20.9715395968713,214100
2005-02-16,20.880796432495117,20.936627385612155,20.76913452626105,20.936627385612155,211300
2005-02-17,20.85289192199707,20.929660024521876,20.790083229431648,20.85289192199707,198500
2005-02-18,21.16693878173828,21.20183264235999,20.8040367743645,20.929656802387385,947900
2005-02-22,20.915708541870117,21.222779717694788,20.873835623249143,21.215800676071947,3282500
2005-02-23,21.013410568237305,21.090177352073887,20.915705331629844,21.00643152768564,482400
2005-02-24,21.173917770385742,21.201832592594496,20.88080481605884,21.090170641528577,410100
2005-02-25,21.348388671875,21.376303492693214,21.146000563702547,21.146000563702547,448200
2005-02-28,21.02736473083496,21.425162006636274,20.950597956444433,21.425162006636274,779800
2005-03-01,21.19485092163086,21.24370284969674,21.13901995653911,21.14599766244977,390800
2005-03-02,21.21578598022461,21.36932212734287,21.118082127414926,21.21578598022461,758500
2005-03-03,21.19485092163086,21.36932285393198,21.132040919513237,21.35536477988024,312900
2005-03-04,21.390262603759766,21.404220680402013,21.285579691173805,21.299537767816055,333800
2005-03-07,21.439115524291992,21.55077748032095,21.355369722828033,21.355369722828033,438600
2005-03-08,21.299541473388672,21.494949255914275,21.27162531524748,21.494949255914275,731200
2005-03-09,21.16693878173828,21.376304607699446,21.132044921116574,21.376304607699446,386000
2005-03-10,21.24370765686035,21.320474419285784,21.173918601924544,21.285580557375635,577600
2005-03-11,21.07621192932129,21.320471592538507,21.006422883638372,21.320471592538507,428700
2005-03-14,21.111106872558594,21.125064948636247,20.936634914934142,21.111106872558594,1195700
2005-03-15,20.866846084594727,21.17391710594784,20.852888008370627,21.15995902972374,688100
2005-03-16,20.664461135864258,20.873826973325922,20.629565942210295,20.81799599459511,1745900
2005-03-17,20.73423957824707,20.76215572067222,20.60164189507242,20.741218613853356,196200
2005-03-18,20.713945388793945,20.825988259316528,20.587896825541947,20.713945388793945,1285200
2005-03-21,20.629899978637695,20.783959833333203,20.53886570276308,20.76995414915078,667400
2005-03-22,20.636911392211914,20.804975665239308,20.594895657869092,20.762959930896486,233000
2005-03-23,20.86099624633789,20.90301197629223,20.636909236717475,20.636909236717475,274800
2005-03-24,20.868000030517578,21.022059949909696,20.84699283107765,20.973041370341704,612300
2005-03-28,20.853994369506836,20.97304005628009,20.853994369506836,20.97304005628009,243500
2005-03-29,20.783973693847656,20.938032315626945,20.76996800032505,20.868005183670377,525700
2005-03-30,21.11309242248535,21.11309242248535,20.81197679065319,20.81197679065319,304700
2005-03-31,20.91002655029297,21.113103805370898,20.882015157506096,21.113103805370898,898600
2005-04-01,20.727947235107422,21.078081474431343,20.685931500372266,21.036065739696188,344700
2005-04-04,20.832988739013672,20.9380287512388,20.727948726788544,20.832988739013672,215800
2005-04-05,21.253145217895508,21.260148061848273,21.022056710077848,21.029059554030617,456500
2005-04-06,21.267152786254883,21.414208515298004,21.253147097110958,21.295162828886703,1220800
2005-04-07,21.484235763549805,21.49123860816681,21.120095857401765,21.253147233812786,1007500
2005-04-08,21.330175399780273,21.50524250451513,21.28815966862759,21.463226773362447,552900
2005-04-11,21.309175491333008,21.428221216701324,21.288166950742202,21.428221216701324,417200
2005-04-12,21.44923210144043,21.463237797570436,21.113103408260457,21.246154850182123,373100
2005-04-13,21.547264099121094,21.638298425023915,21.35819126571951,21.484239821320564,420600
2005-04-14,21.463226318359375,21.60328053344063,21.42121058809739,21.60328053344063,1148000
2005-04-15,21.56827163696289,21.77835301145303,21.533258742376024,21.533258742376024,4044300
2005-04-18,21.42120933532715,21.988426335487482,21.267150776272317,21.988426335487482,1153800
2005-04-19,21.407207489013672,21.519250340369716,21.267154592646687,21.456226069524924,926900
2005-04-20,21.141103744506836,21.463226573098503,21.09208516934341,21.463226573098503,433100
2005-04-21,21.428218841552734,21.449226044158593,21.239146004162087,21.39320461111577,429400
2005-04-22,21.35118865966797,21.519252957138875,21.253151486724015,21.519252957138875,795200
2005-04-25,21.400203704833984,21.498242197210832,21.30916939297272,21.428215084271965,344500
2005-04-26,21.267152786254883,21.484235625361595,21.267152786254883,21.42821420444193,345200
2005-04-27,21.428218841552734,21.477237428508165,21.141108830251227,21.239146004162087,339100
2005-04-28,21.32318115234375,21.46323408243152,21.288166918079458,21.309175458638034,347100
2005-04-29,21.638296127319336,21.638296127319336,21.295164726650476,21.414210423670788,429800
2005-05-02,21.729326248168945,21.74333059934016,21.61728342486436,21.74333059934016,502700
2005-05-03,21.715330123901367,21.813367303550564,21.624294455093057,21.74334017423411,2936300
2005-05-04,21.932416915893555,21.93941976363391,21.70833113082877,21.81337117562081,532500
2005-05-05,21.925405502319336,21.988429771703515,21.83437118857336,21.988429771703515,637000
2005-05-06,21.827369689941406,22.093471138244844,21.827369689941406,22.093471138244844,1699700
2005-05-09,21.988435745239258,22.0024414390531,21.771352833750623,21.89039855985532,1036100
2005-05-10,21.848373413085938,22.023440503461128,21.806356349723643,22.023440503461128,550000
2005-05-11,21.939411163330078,21.967422543310963,21.722328311102668,21.81336262472832,573500
2005-05-12,21.911409378051758,22.058465171412667,21.862389444608173,21.988438030721305,716500
2005-05-13,21.764345169067383,21.953417986731473,21.603283732830352,21.904399404890302,1828500
2005-05-16,22.02344512939453,22.02344512939453,21.813363775424044,21.848378002247216,653500
2005-05-17,22.00944709777832,22.030454305526384,21.806368518502733,22.02345279338146,1428900
2005-05-18,22.058456420898438,22.14949073272458,22.002434997700178,22.100472154383112,628700
2005-05-19,22.05145835876465,22.128488333240256,21.932412641691606,22.093474101362084,490300
2005-05-20,22.037445068359375,22.093466484394074,21.407203804055033,21.407203804055033,311400
2005-05-23,22.079469680786133,22.149495473028402,21.96042396405536,22.030449756297628,508600
2005-05-24,22.10747528076172,22.163496704673367,22.058456701796036,22.128483815599626,540200
2005-05-25,21.967426300048828,22.128487755514346,21.883393481391494,22.128487755514346,748700
2005-05-26,22.05145835876465,22.093474101362084,21.98843407704031,21.98843407704031,821000
2005-05-27,21.9814395904541,22.163509658494785,21.9464266809165,22.163509658494785,791100
2005-05-31,21.911409378051758,22.058465171412667,21.862389444608173,22.058465171412667,1182500
2005-06-01,21.967426300048828,22.037452090664207,21.848380586083803,21.946417761470407,591900
2005-06-02,21.967426300048828,22.023447733934937,21.883393481391494,21.953420607663215,408900
2005-06-03,21.890392303466797,21.988429460831203,21.841373724784596,21.988429460831203,1874900
2005-06-06,21.897403717041016,21.960428010196182,21.834379423885846,21.876395174103752,537100
2005-06-07,21.904396057128906,22.09346751024005,21.883387524269455,21.960417475764796,453800
2005-06-08,21.75034523010254,21.967429486600317,21.71533232971595,21.967429486600317,494900
2005-06-09,21.84136962890625,21.911396729172793,21.722323959149882,21.75733684145523,373200
2005-06-10,21.7923583984375,21.90440126233435,21.71532842863731,21.813365600632977,966000
2005-06-13,21.883394241333008,21.967427062908534,21.736338473146315,21.84838134480943,363300
2005-06-14,22.072460174560547,22.128481592844977,21.883387386979614,21.95341449374914,1039800
2005-06-15,21.988435745239258,22.163502910942846,21.89039855985532,22.163502910942846,685800
2005-06-16,22.12848663330078,22.13548947913845,22.02344661704832,22.093472404112447,979500
2005-06-17,22.238061904907227,22.31532660466608,22.05543710348491,22.05543710348491,536300
2005-06-20,22.2099666595459,22.301278391037464,22.125677773785203,22.301278391037464,484500
2005-06-21,22.174840927124023,22.266153978555067,22.132697163239133,22.266153978555067,400800
2005-06-22,22.097572326660156,22.238053301010314,22.076501118315736,22.125669057420534,507300
2005-06-23,21.950077056884766,22.14675022961595,21.943052871459397,22.125677673339844,561800
2005-06-24,21.844715118408203,22.020315720100026,21.844715118408203,22.020315720100026,358200
2005-06-27,21.75341033935547,21.851747624765288,21.70424236651395,21.84472343725553,869400
2005-06-28,21.97113609313965,21.97816027424266,21.837679331633524,21.914943984041106,529200
2005-06-29,21.943050384521484,22.05543465913744,21.914954985730613,22.05543465913744,403100
2005-06-30,21.795541763305664,21.985189347945763,21.753396664740364,21.96411813838905,625900
2005-07-01,21.76744842529297,21.84471311165189,21.68316089447065,21.84471311165189,483900
2005-07-05,21.844715118408203,21.90793144219536,21.669114516716377,21.690185731494584,443900
2005-07-06,21.704235076904297,21.879835686490456,21.669115490877594,21.76745140353342,1084000
2005-07-07,21.697208404541016,21.725305141922632,21.49351241742901,21.49351241742901,387400
2005-07-08,21.957094192504883,22.01328631813974,21.669109381160485,21.746372716579696,667900
2005-07-11,22.027345657348633,22.09056199764466,21.90793716342576,22.02032147067945,545800
2005-07-12,22.0132999420166,22.069492102428395,21.936035219052844,22.05544372739375,583600
2005-07-13,21.89388084411621,22.020313478821922,21.837688710883242,21.99221674234237,728300
2005-07-14,22.027345657348633,22.09056199764466,21.950080943714237,22.02032147067945,1118500
2005-07-15,22.132694244384766,22.160789636694112,22.02733417870435,22.055429571013697,454500
2005-07-18,21.999252319335938,22.160804618578933,21.985203943820853,22.160804618578933,626500
2005-07-19,22.00626564025879,22.10460154085183,21.929000952806447,22.09055451200009,322600
2005-07-20,22.32234764099121,22.343418854515495,22.125674496498682,22.125674496498682,1247900
2005-07-21,22.08353042602539,22.322347334008406,22.034362475509976,22.301274781047724,709000
2005-07-22,22.05544090270996,22.125681429160554,21.978177529368256,22.125681429160554,838100
2005-07-25,21.921974182128906,22.125671483297587,21.91495133839468,22.125671483297587,506400
2005-07-26,22.027345657348633,22.104609031256405,21.92900838370669,22.055441064298744,431400
2005-07-27,22.231035232543945,22.259131971031795,22.04841045155161,22.125675142666967,424100
2005-07-28,22.44175910949707,22.476878696569912,22.259134309320274,22.266158494680116,1833600
2005-07-29,22.28722381591797,22.476872751291232,22.28722381591797,22.476872751291232,958000
2005-08-01,22.399608612060547,22.504970027400997,22.350440666088897,22.441753714087145,1020700
2005-08-02,22.48390007019043,22.52604517959026,22.37151713096973,22.455804670316823,725300
2005-08-03,22.540090560913086,22.540090560913086,22.406633744960555,22.44175466480391,723600
2005-08-04,22.31532096862793,22.519018274826966,22.31532096862793,22.483896016932448,694700
2005-08-05,22.160797119140625,22.29425396191713,22.139725902725537,22.29425396191713,597400
2005-08-08,22.076509475708008,22.245085904909804,22.027341517989946,22.231037534211396,416500
2005-08-09,22.32937240600586,22.32937240600586,22.125675071800064,22.125675071800064,394400
2005-08-10,22.294261932373047,22.504983549943944,22.259142332641325,22.3434299078882,1930400
2005-08-11,22.427711486816406,22.469855260654725,22.28020626879266,22.30127882557503,432600
2005-08-12,22.301273345947266,22.41365760838655,22.23103284699119,22.406633424518336,204700
2005-08-15,22.31532096862793,22.37151309797145,22.216983737482238,22.27317586682576,521500
2005-08-16,22.160797119140625,22.37151866137611,22.153774273486512,22.35747029061514,431800
2005-08-17,22.20293426513672,22.30127014572843,22.132693776260112,22.160789167975217,403500
2005-08-18,22.2099666595459,22.31532676195198,22.146750330156973,22.2099666595459,375700
2005-08-19,22.05544090270996,22.37152260187433,22.04841671609224,22.37152260187433,1864600
2005-08-22,22.05544090270996,22.16782520914027,21.957104969515097,22.06246508932768,1283000
2005-08-23,21.914953231811523,22.048408709908234,21.886856495543086,22.048408709908234,2321400
2005-08-24,21.844715118408203,22.083532043887185,21.837690933573377,21.9851947959259,1617800
2005-08-25,21.872819900512695,21.95008462711272,21.851748676695845,21.879844088360592,966900
2005-08-26,21.795541763305664,21.91495019645547,21.767445030928798,21.91495019645547,718300
2005-08-29,22.0132999420166,22.034372504568566,21.598882256582087,21.767458737817464,1147400
2005-08-30,21.985187530517578,22.006260078058244,21.851732081937506,21.950067957675625,394700
2005-08-31,22.2099666595459,22.23103787619128,21.907933383515783,21.971149712904708,691500
2005-09-01,22.21698570251465,22.476875161043726,22.16781775245605,22.266154992299406,485300
2005-09-02,22.20293426513672,22.32234269430918,22.181861716555968,22.287221780007933,817000
2005-09-06,22.55413818359375,22.56818655106689,22.2029370351216,22.2029370351216,641900
2005-09-07,22.701648712158203,22.757842198608756,22.603312790322647,22.617361161935285,1813800
2005-09-08,22.68760108947754,22.792962540323916,22.582242318084162,22.715697833630305,1928900
2005-09-09,22.764856338500977,22.82104980346091,22.673543297667027,22.722711239781027,665000
2005-09-12,22.68760108947754,22.84213050286476,22.666529871089462,22.828082130788374,566500
2005-09-13,22.448776245117188,22.6875931277015,22.41365666697727,22.6875931277015,776400
2005-09-14,22.385562896728516,22.547113771730032,22.3644903444799,22.47687461035358,1536900
2005-09-15,22.37150764465332,22.50496442170979,22.350435098888916,22.37150764465332,650600
2005-09-16,22.544830322265625,22.558921163723426,22.375744256101825,22.474377458753224,509400
2005-09-19,22.382781982421875,22.537777153846015,22.319374561435602,22.509596824394418,688400
2005-09-20,22.213708877563477,22.453247864034655,22.17143634316721,22.382794983817792,613200
2005-09-21,22.108020782470703,22.25597191107778,22.079840446978572,22.079840446978572,1017400
2005-09-22,22.1573429107666,22.227794434706322,22.023482596483102,22.164386988139228,1725700
2005-09-23,22.171430587768555,22.277110552549242,22.009389945977144,22.016435366547626,1253300
2005-09-26,22.136205673217773,22.305291742030523,22.002345364824777,22.305291742030523,463300
2005-09-27,22.009384155273438,22.150289842057465,21.981203824182366,22.13619900462382,472200
2005-09-28,22.02347755432129,22.136201579349276,21.9530247027347,22.08688498637158,470500
2005-09-29,22.072795867919922,22.10097754826193,21.847347800289793,21.924846077453832,700100
2005-09-30,22.086885452270508,22.10802036754884,22.00234175982797,22.086885452270508,957000
2005-10-03,22.108020782470703,22.18551905668281,22.016433012400746,22.157338721190683,1464100
2005-10-04,22.199613571166992,22.39688132737266,21.438725574054622,21.438725574054622,618700
2005-10-05,21.833261489868164,22.20666076921006,21.833261489868164,22.199615347662846,1116100
2005-10-06,21.6853084564209,21.917801957932287,21.516222395665032,21.84030367616964,2054400
2005-10-07,21.664167404174805,21.8050730955336,21.650076566283673,21.8050730955336,450900
2005-10-10,21.635997772216797,21.755767273409397,21.53736453962654,21.69940523424682,1276300
2005-10-11,21.452823638916016,21.769859627251797,21.424641945493935,21.664180964473204,712400
2005-10-12,21.502138137817383,21.69940459720664,21.417594409667004,21.417594409667004,1276500
2005-10-13,21.607812881469727,21.68531117294059,21.445772220918585,21.473952562686435,1285300
2005-10-14,21.706443786621094,21.79098749049381,21.037144951383166,21.664172606573032,1362300
2005-10-17,21.699399948120117,21.734627053875787,21.593721318406473,21.66417418614113,895500
2005-10-18,21.671220779418945,21.790990257912803,21.65008451482235,21.734628229431973,1029900
2005-10-19,21.882577896118164,21.917805003530983,21.558496570580687,21.572587413545815,1051800
2005-10-20,21.431690216064453,21.94599409534912,21.38237358980117,21.94599409534912,1750100
2005-10-21,21.29781723022461,21.628945256956204,21.24145521304552,21.628945256956204,1361700
2005-10-24,21.473953247070312,21.473953247070312,21.26259597385684,21.27668681707821,937700
2005-10-25,21.34009552001953,21.4880453511952,21.178053501018802,21.4880453511952,1216500
2005-10-26,21.07237434387207,21.35418449907357,21.07237434387207,21.28373162432899,1346900
2005-10-27,20.994874954223633,21.14987153934751,20.980785455029707,21.12168985340617,2871100
2005-10-28,21.31191635131836,21.318961774175342,21.030106155924095,21.030106155924095,1076600
2005-10-31,21.410539627075195,21.502128737846665,21.354177614206748,21.45281214455882,1238900
2005-11-01,21.347137451171875,21.452817427127318,21.276685925570533,21.452817427127318,1293600
2005-11-02,21.347137451171875,21.389409979064737,21.23441339767767,21.262595082939576,1188900
2005-11-03,21.481000900268555,21.628952081909542,20.783520213673093,20.783520213673093,1788800
2005-11-04,21.593719482421875,21.614855744078188,21.473950020589243,21.473950020589243,507900
2005-11-07,21.635997772216797,21.69940523424682,21.50918419193376,21.69940523424682,508900
2005-11-08,21.586679458618164,21.635996071035656,21.565544535454613,21.59372488093165,576000
2005-11-09,21.607812881469727,21.6712203301683,21.516225091003303,21.607812881469727,328100
2005-11-10,21.889619827270508,21.903710667988832,21.614855152145843,21.621900572505005,1473800
2005-11-11,21.896663665771484,21.931889421245987,21.74166846039667,21.90370908562167,1651500
2005-11-14,21.74871253967285,21.93188806938118,21.706440023177375,21.93188806938118,296900
2005-11-15,21.861438751220703,21.981208205728077,21.748714716834527,21.748714716834527,451600
2005-11-16,21.819164276123047,21.945979139392648,21.762802263978376,21.924844224698624,328200
2005-11-17,21.931896209716797,21.96007789784048,21.790991800428916,21.875534177246273,397200
2005-11-18,22.02347755432129,22.06574872776269,21.93188844412581,22.051657888690098,1958400
2005-11-21,22.065753936767578,22.08689020036605,21.938939042730134,22.08689020036605,514500
2005-11-22,21.93894386291504,22.08689505305717,21.882581824712556,22.05166793932,684600
2005-11-23,21.99529457092285,22.023476247395667,21.903706809938786,21.98120507646274,718500
2005-11-25,22.02347755432129,22.051657888690098,21.981206380879886,22.002341295712398,115200
2005-11-28,21.790983200073242,22.044612917977716,21.762801523072156,22.044612917977716,861200
2005-11-29,21.812124252319336,21.953029989425186,21.798034753630112,21.889622542105222,490500
2005-11-30,21.671220779418945,21.882578050277868,21.671220779418945,21.826216021797038,542000
2005-12-01,21.889619827270508,21.92484692906632,21.790986629795302,21.840303228532903,488200
2005-12-02,21.967119216918945,21.981210058348942,21.783942309658766,21.84030433160216,585700
2005-12-05,22.009384155273438,22.016429573990262,21.910750980790354,21.96711298674872,2846000
2005-12-06,21.967119216918945,22.122114441319127,21.945982954773946,22.037572080292335,719200
2005-12-07,21.87552833557129,21.953026613439313,21.812120898002263,21.945981193289814,887300
2005-12-08,21.953031539916992,22.0516647565913,21.85439832324268,21.85439832324268,338800
2005-12-09,21.981216430664062,22.03757846894671,21.924854392381416,21.953034739634244,492600
2005-12-12,21.988256454467773,22.0798455896464,21.80508087166401,22.051663903813978,753200
2005-12-13,22.2277889251709,22.26301602218581,21.953024287336362,21.953024287336362,1674000
2005-12-14,22.291200637817383,22.41097010312124,22.2348386155436,22.284155217061084,3037800
2005-12-15,22.35460662841797,22.446195748522488,22.298244609806158,22.446195748522488,569300
2005-12-16,22.406917572021484,22.512943723672937,22.406917572021484,22.49173795406438,501300
2005-12-19,22.604829788208008,22.831019242158018,22.583625369522377,22.59069261028726,985000
2005-12-20,22.576549530029297,22.67550839549808,22.5482751832682,22.661371222117534,408200
2005-12-21,22.64724349975586,22.88757015473671,22.60483196191527,22.88757015473671,469200
2005-12-22,22.795682907104492,22.838094450655895,22.65431379165808,22.767408544736888,625600
2005-12-23,22.823949813842773,22.88049582371516,22.78153828414544,22.873428583627636,741800
2005-12-27,22.640172958374023,22.972389921624224,22.626035779470698,22.972389921624224,432600
2005-12-28,22.640172958374023,22.767404872112774,22.633105717117946,22.732063273050045,323300
2005-12-29,22.56241798400879,22.75326447946556,22.548280807102245,22.75326447946556,462300
2005-12-30,22.42106056213379,22.512950911580507,22.385718949698035,22.512950911580507,417500
2006-01-03,22.696725845336914,22.753271874951434,22.38571459328206,22.46346774334473,1230000
2006-01-04,22.922903060913086,22.944107473595693,22.71085084491637,22.71085084491637,2160600
2006-01-05,22.866365432739258,23.16324083593686,22.82395658684783,23.16324083593686,1261100
2006-01-06,23.014802932739258,23.064281713875086,22.894638252558433,22.95825421350326,774900
2006-01-09,23.120824813842773,23.142031929070995,23.014800023265682,23.085483216983743,622700
2006-01-10,23.036006927490234,23.290470766555323,22.95825378817687,23.290470766555323,823300
2006-01-11,22.97945213317871,23.07134242774195,22.929973366042486,22.965317653760287,1015600
2006-01-12,22.95825958251953,23.014808314980012,22.9087807898126,22.9087807898126,547900
2006-01-13,22.94411277770996,23.403561598907963,22.823950816209745,23.403561598907963,878500
2006-01-17,22.8804988861084,22.90170600199085,22.78154133329391,22.78154133329391,1063700
2006-01-18,22.91583824157715,22.965319709533357,22.8451550525954,22.901703760893454,1213900
2006-01-19,23.036006927490234,23.1208273083815,22.83809180661352,23.05014410703733,2798500
2006-01-20,22.597763061523438,23.043073417160993,22.590694471980544,23.043073417160993,3070600
2006-01-23,22.583629608154297,22.647245572542,22.484670692331342,22.6331083919679,1085000
2006-01-24,22.477602005004883,22.590696752717943,22.428123221404885,22.53414937886141,1173700
2006-01-25,22.449321746826172,22.597758049719474,22.36450003931907,22.548279282088373,1425200
2006-01-26,22.56241798400879,22.64723969725266,22.498802036124733,22.505870624578005,1221300
2006-01-27,22.823949813842773,22.859291407061857,22.590690445093532,22.590690445093532,1228700
2006-01-30,22.717918395996094,22.96531489838521,22.69671398302198,22.894629027821065,977700
2006-01-31,22.71087074279785,22.767416791623745,22.343311988055515,22.343311988055515,2370400
2006-02-01,22.852224349975586,22.922907536979782,22.767401289901656,22.82394999661761,1472700
2006-02-02,22.668445587158203,22.929976635943653,22.611898224053608,22.929976635943653,900500
2006-02-03,22.62603187561035,22.73912659093259,22.52000709671552,22.63310181203776,823400
2006-02-06,22.42106056213379,22.54829252401626,22.350377337262277,22.541223931889892,924800
2006-02-07,22.385713577270508,22.52708268947804,22.3362347924566,22.442260952514367,1328600
2006-02-08,22.67551040649414,22.67551040649414,22.27260901858721,22.357429370002748,1537800
2006-02-09,22.696725845336914,22.866366630572138,22.675521421280425,22.675521421280425,1491900
2006-02-10,22.64724349975586,22.654310741200337,22.456395624060075,22.562421772270305,812200
2006-02-13,22.618967056274414,22.640171475044554,22.50587232884868,22.633104234251505,644600
2006-02-14,22.838088989257812,23.08548285983467,22.65430837420847,23.08548285983467,900300
2006-02-15,22.972394943237305,23.00066930722454,22.80275145570564,22.838095758885565,974500
2006-02-16,23.120824813842773,23.134961991864586,22.915839777112993,22.97945573001565,1161200
2006-02-17,23.106685638427734,23.127892751822767,22.986523680215896,22.993590920420395,756200
2006-02-21,22.986522674560547,23.191507684602918,22.937043906121442,23.142028916163813,692800
2006-02-22,23.184446334838867,23.212720697673006,22.951189582436346,22.951189582436346,641800
2006-02-23,23.099624633789062,23.184445021093484,23.028941427100623,23.127898995021035,790800
2006-02-24,23.099624633789062,23.156170659861512,23.014804246484637,23.085487453173073,665900
2006-02-27,23.27634048461914,23.347023706909276,23.11376691623816,23.11376691623816,1548200
2006-02-28,22.972394943237305,23.184447280358068,22.9087789724619,23.184447280358068,912700
2006-03-01,22.99359130859375,23.0218656626706,22.838087753952706,22.94411253715467,1319700
2006-03-02,22.95117950439453,22.99358833363204,22.873426388938473,22.972383919013286,757400
2006-03-03,22.873424530029297,23.085476748154896,22.85222011713381,22.880491768864378,795500
2006-03-06,22.753271102905273,22.887572974417104,22.689655136502715,22.87343579339525,954100
2006-03-07,22.760330200195312,22.873424898108233,22.689644328755808,22.689644328755808,1244300
2006-03-08,22.91583824157715,22.993591367291565,22.710855914973745,22.710855914973745,490900
2006-03-09,22.838088989257812,22.979455374506895,22.816881874357684,22.972388133800827,381500
2006-03-10,22.922903060913086,22.96531458266852,22.838082713792442,22.894628713076134,626700
2006-03-13,22.908775329589844,23.064281610399835,22.86636379035312,23.064281610399835,761900
2006-03-14,23.07134437561035,23.078414312307046,22.873429290355865,22.908770884666907,868500
2006-03-15,23.149091720581055,23.17029613259476,23.01479261717737,23.120817373636026,729000
2006-03-16,23.149091720581055,23.19857047953979,23.09961296162232,23.149091720581055,815000
2006-03-17,23.203702926635742,23.25334388210822,23.16115237684683,23.22497684891561,395200
2006-03-20,23.246252059936523,23.295893018161028,23.15406325479349,23.239161653859878,745800
2006-03-21,23.104427337646484,23.274624172913946,23.019326214782836,23.21079968338117,1330400
2006-03-22,23.338438034057617,23.345528438452305,23.125690734244042,23.132781138638727,559600
2006-03-23,23.210790634155273,23.260431583857184,23.090234814944598,23.260431583857184,1707700
2006-03-24,23.175342559814453,23.253350570918492,23.118608477109714,23.118608477109714,465500
2006-03-27,22.998044967651367,23.125693906093186,22.969677935724505,23.111510390129755,778800
2006-03-28,22.785306930541992,22.962596894540415,22.76403029530567,22.863314947538125,1013700
2006-03-29,22.8491268157959,22.92713481705329,22.78530233342436,22.92713481705329,503300
2006-03-30,22.806575775146484,22.97677529293522,22.742751294129402,22.792392256561627,690200
2006-03-31,22.678922653198242,22.856212545144974,22.657648731837934,22.778204559851762,895800
2006-04-03,22.66474151611328,22.827847909196482,22.65765110999199,22.76402343318746,2382100
2006-04-04,22.6931095123291,22.749843584620066,22.579644072976635,22.728566954896223,2518900
2006-04-05,22.6221981048584,22.721481399951767,22.586740654720423,22.60092417582162,1908800
2006-04-06,22.45199203491211,22.600916249012528,22.345618369191552,22.600916249012528,2216300
2006-04-07,22.182518005371094,22.544189648963627,22.161242725413327,22.50873084903402,1833100
2006-04-10,22.13996124267578,22.19669395405388,21.998130140537793,22.19669395405388,1887700
2006-04-11,21.898847579956055,22.147053707385943,21.792473911804557,22.147053707385943,2293300
2006-04-12,22.047773361206055,22.047773361206055,21.884666968297736,21.913032650596513,4217500
2006-04-13,21.99812889099121,22.033586326358005,21.90593739485441,21.92721266764316,1763700
2006-04-17,21.870487213134766,22.005227946923224,21.79247920631804,22.005227946923224,1521400
2006-04-18,22.076133728027344,22.09031724206897,21.89884386035004,21.969760077943832,7651600
2006-04-19,21.94849395751953,22.061959404936704,21.86339419564924,22.061959404936704,1405900
2006-04-20,22.147066116333008,22.175433165128503,21.948502185225873,21.99105140580378,3495900
2006-04-21,22.0974178314209,22.274707769960933,22.005227658530632,22.274707769960933,1167900
2006-04-24,22.01231575012207,22.054864949548858,21.757017848332023,21.757017848332023,1619700
2006-04-25,21.877578735351562,22.012319467675866,21.806662489253775,21.991044188062062,2743900
2006-04-26,21.877578735351562,21.983952428190797,21.799570729382506,21.85630345573776,2192300
2006-04-27,21.75702667236328,21.87758391347932,21.686110409480577,21.806667650596612,4469800
2006-04-28,21.976856231689453,21.983947990129053,21.757017130520254,21.757017130520254,2495700
2006-05-01,21.785381317138672,22.00522175584095,21.77828955918558,21.934305528924554,1018600
2006-05-02,21.785381317138672,21.86338930200816,21.728648606128463,21.81374834895104,791300
2006-05-03,21.544275283813477,21.735748764705743,21.530093115040565,21.67192427107499,2203100
2006-05-04,21.615182876586914,22.196693494322002,21.544266650679454,22.196693494322002,1475800
2006-05-05,21.827938079833984,21.863395527080566,21.657739898343543,21.721563032864413,1190000
2006-05-08,21.820844650268555,21.85630209480216,21.771203686875587,21.778294093690462,3090900
2006-05-09,21.664819717407227,21.813743898811648,21.636454043996157,21.76410295588159,3177400
2006-05-10,21.643552780151367,21.74283469802808,21.629369262564783,21.636461021358077,2280700
2006-05-11,21.600997924804688,21.735738609809584,21.558448733134767,21.664822388616777,1620600
2006-05-12,21.551361083984375,21.671918277209052,21.530087160401276,21.544269325251783,1406100
2006-05-15,21.85630226135254,21.85630226135254,21.55845512611025,21.601004330397775,2248900
2006-05-16,21.91303825378418,21.983954506586496,21.827939832513415,21.842122000981863,1808200
2006-05-17,21.686105728149414,21.99104464588792,21.671922208111596,21.835029983316673,3359700
2006-05-18,21.59391212463379,21.728651485755528,21.579728606847908,21.721559726862587,1288500
2006-05-19,21.473350524902344,21.622273373268683,21.36697551593847,21.622273373268683,1091100
2006-05-22,21.381160736083984,21.57263414435273,21.374068978079826,21.388252494088146,873300
2006-05-23,21.281875610351562,21.473348989659783,21.281875610351562,21.452073718865204,2276200
2006-05-24,21.345706939697266,21.40953142000697,21.125867814527606,21.317339902841947,1705700
2006-05-25,21.544275283813477,21.57264232658939,21.402444127779052,21.494634311570675,531000
2006-05-26,21.664819717407227,21.707370256445202,21.551354318534454,21.6222705309835,1935800
2006-05-30,21.381160736083984,21.57263414435273,21.338611540673554,21.515901432933976,1443900
2006-05-31,21.51590347290039,21.530086990253483,21.374071004598818,21.40952979798154,1171000
2006-06-01,21.820844650268555,21.82793640969824,21.55845496182954,21.60809592522251,876200
2006-06-02,21.905942916870117,21.934309954405837,21.77829395318897,21.920126435637975,969700
2006-06-05,21.56554412841797,21.83502554388672,21.5513606112639,21.80665850957858,878200
2006-06-06,21.600997924804688,21.700281175520388,21.48753251194196,21.608089682185412,3027300
2006-06-07,21.700281143188477,21.891754534339455,21.615181407361014,21.664822356337694,1461000
2006-06-08,21.735746383666992,21.799570870306106,21.487540197027652,21.72156286383277,2199300
2006-06-09,21.57973861694336,21.74993685147888,21.57973861694336,21.63647136178853,791500
2006-06-12,21.359895706176758,21.657742903263795,21.359895706176758,21.58682664631639,763800
2006-06-13,21.30315399169922,21.537176594152783,21.28897047576518,21.381160624107387,1069400
2006-06-14,21.3386173248291,21.388258291699632,21.232243631161555,21.232243631161555,1023000
2006-06-15,21.600997924804688,21.693189418139667,21.33151790740931,21.366975341698506,975500
2006-06-16,21.573238372802734,21.694236466959907,21.537651257046512,21.580356067466266,803100
2006-06-19,21.409542083740234,21.64442064996815,21.34548416953609,21.601715826352674,957800
2006-06-20,21.33125114440918,21.438015251645634,21.302781711358268,21.438015251645634,474100
2006-06-21,21.438016891479492,21.53054425292506,21.317018737243213,21.317018737243213,465900
2006-06-22,21.31700897216797,21.466476493163494,21.252951075295172,21.466476493163494,372300
2006-06-23,21.338367462158203,21.43801386529752,21.21025162780903,21.26007550815965,1943300
2006-06-26,21.260080337524414,21.352607706927046,21.196022405798654,21.331254610497716,754100
2006-06-27,21.039426803588867,21.26007130021286,20.989604290661404,21.188895699932917,673500
2006-06-28,21.039426803588867,21.160424916796277,20.946899473518105,21.09636701230049,481600
2006-06-29,21.402429580688477,21.430900375049156,21.16043325887148,21.217373490030642,632400
2006-06-30,21.52341651916504,21.637296922105477,21.416653811103565,21.42377150598253,1312400
2006-07-03,21.566123962402344,21.608830136887185,21.50206605823674,21.516301449731685,313800
2006-07-05,21.544776916503906,21.559012311093593,21.466483603822578,21.53054152191422,1093000
2006-07-06,21.623071670532227,21.71560038978024,21.487839477111475,21.487839477111475,937700
2006-07-07,21.644418716430664,21.729829713593553,21.566125415494827,21.566125415494827,699600
2006-07-10,21.722715377807617,21.808125030621387,21.680009193838778,21.72983307513576,1642100
2006-07-11,21.772541046142578,21.815245878717306,21.672895984280828,21.758305649430284,1552700
2006-07-12,21.694242477416992,21.850829088274633,21.651537655165733,21.808122908461556,677400
2006-07-13,21.466474533081055,21.637295123290553,21.423769724919023,21.57323723226682,788700
2006-07-14,21.33125114440918,21.544778001320076,21.24584148769443,21.466484684696546,1319700
2006-07-17,21.416658401489258,21.509185739624854,21.302777974140014,21.302777974140014,432600
2006-07-18,21.416658401489258,21.502068043220305,21.25295545686994,21.40242300868016,689000
2006-07-19,21.92200469970703,22.00029800999374,21.487836038496322,21.487836038496322,1708900
2006-07-20,21.943363189697266,22.092832149967613,21.943363189697266,22.000303422761625,1092700
2006-07-21,22.043004989624023,22.085711176261484,21.92200684260863,21.971830727019,644200
2006-07-24,22.470050811767578,22.512755628411124,22.17111438013947,22.17111438013947,1857600
2006-07-25,22.662229537963867,22.72628745588548,22.363293040183667,22.363293040183667,2366200
2006-07-26,22.768993377685547,22.804581865777916,22.58393731229126,22.70493545668129,1877800
2006-07-27,22.655115127563477,22.669350524180697,22.50564753576912,22.655115127563477,1919500
2006-07-28,22.77610969543457,22.84728395218326,22.647993861187842,22.70493408112395,1817000
2006-07-31,22.697818756103516,22.790347471646147,22.6551139260788,22.790347471646147,462400
2006-08-01,22.697818756103516,22.747641284059362,22.57682060639843,22.690701058172387,3115000
2006-08-02,22.840166091918945,22.96828191763605,22.797459911638683,22.847282431070486,633700
2006-08-03,22.640878677368164,22.80458301572401,22.5910561490885,22.66934946927773,2033400
2006-08-04,22.647993087768555,22.768991220695995,22.605288263665308,22.74052179048112,899700
2006-08-07,22.576826095581055,22.662237133958836,22.548356654496725,22.60529689422778,630800
2006-08-08,22.569698333740234,22.68358011999318,22.51987581588308,22.605286816182343,1020700
2006-08-09,22.591053009033203,22.81169618541561,22.576817615057077,22.72628653668263,739700
2006-08-10,22.569698333740234,22.633756244574233,22.448701566122455,22.448701566122455,680000
2006-08-11,22.462936401367188,22.54834740470765,22.384644452330427,22.519876617740213,456200
2006-08-14,22.51275634765625,22.690694673177774,22.491404617433147,22.548344827297566,408700
2006-08-15,22.704931259155273,22.73340204436569,22.612403922344928,22.68357952780922,651400
2006-08-16,22.90422248840332,22.90422248840332,22.768988974925968,22.77610667116812,1290600
2006-08-17,22.961162567138672,23.032339533354186,22.88287197698707,22.88287197698707,998300
2006-08-18,22.996753692626953,23.003870032084272,22.86151880682378,22.918460382977496,484900
2006-08-21,22.918453216552734,22.989627449365443,22.882866100146376,22.975392059778315,468900
2006-08-22,22.989625930786133,23.01809670807976,22.833042085916723,22.861510148087586,376200
2006-08-23,22.975393295288086,23.01098312873124,22.925570786615378,23.01098312873124,422000
2006-08-24,23.131986618041992,23.174692801550666,23.067928700340918,23.10351582903621,701200
2006-08-25,23.146221160888672,23.188927342825988,23.04657611815871,23.09639863952369,394300
2006-08-28,23.295692443847656,23.388221161920995,23.139105800204188,23.1675765927074,335000
2006-08-29,23.402454376220703,23.41668977114506,23.295690271850013,23.324161061698724,845800
2006-08-30,23.416690826416016,23.466513353334527,23.38822003528427,23.445158902423678,685700
2006-08-31,23.34551429748535,23.42380761704107,23.309927165448425,23.416691276683338,375900
2006-09-01,23.466506958007812,23.49497502625707,23.34550748623592,23.34550748623592,2468600
2006-09-05,23.3597469329834,23.48786276527663,23.3597469329834,23.452275637444913,805700
2006-09-06,23.274333953857422,23.373978983581914,23.2173923853729,23.373978983581914,1378000
2006-09-07,23.103517532348633,23.22451703698199,23.082165796582075,23.17469451011063,1418700
2006-09-08,23.288564682006836,23.309916408350734,23.11774272588699,23.160448893697673,468700
2006-09-11,23.43804359436035,23.445159934894633,23.203163629866005,23.288576007022606,1016900
2006-09-12,23.708505630493164,23.722741023646964,23.49497744830977,23.50921284146357,1090100
2006-09-13,23.658689498901367,23.72986376876091,23.60174791091425,23.7227474278247,905700
2006-09-14,23.630216598510742,23.651568334540443,23.53768788384186,23.594629466753208,557400
2006-09-15,23.668060302734375,23.775189005974877,23.668060302734375,23.746620988524597,1960100
2006-09-18,23.660930633544922,23.725207340418923,23.61807858749647,23.668071279020985,1559700
2006-09-19,23.696626663208008,23.70376730487322,23.575213959732093,23.66805864775533,693900
2006-09-20,23.789478302001953,23.87517964900415,23.6966335868515,23.710917598751315,716900
2006-09-21,23.63949966430664,23.803764453722632,23.60379099354545,23.803764453722632,572800
2006-09-22,23.48952293395996,23.618076335450052,23.446673616394662,23.568083648692472,1020700
2006-09-25,23.582359313964844,23.63235198302383,23.432381306787878,23.568075305034256,795700
2006-09-26,23.60378646850586,23.618070478951363,23.518085130229256,23.582361815035814,774200
2006-09-27,23.668060302734375,23.668060302734375,23.489514280264263,23.63235164311957,1074300
2006-09-28,23.625219345092773,23.66806866200595,23.55379927624238,23.66806866200595,463800
2006-09-29,23.703765869140625,23.760901896585253,23.61092391113671,23.760901896585253,575800
2006-10-02,23.568077087402344,23.710914463114353,23.54665243458426,23.625213127445683,423200
2006-10-03,23.63949966430664,23.718060374619434,23.525230283232656,23.55379830960039,1416100
2006-10-04,23.846614837646484,23.846614837646484,23.58236739289415,23.61093542054226,1627800
2006-10-05,23.846614837646484,23.846614837646484,23.718061437627064,23.768054123812718,1045000
2006-10-06,23.753767013549805,23.910888420735663,23.682349678136255,23.910888420735663,1331700
2006-10-09,23.703765869140625,23.753758530956805,23.632348559230575,23.746617889724096,806800
2006-10-10,23.60378646850586,23.739483205539937,23.489517109338248,23.739483205539937,1355100
2006-10-11,23.596649169921875,23.646641851368575,23.48237979455844,23.532372476005143,736700
2006-10-12,23.73948097229004,23.7609056237446,23.58950023891963,23.596643605668593,890600
2006-10-13,23.660930633544922,23.682355294370467,23.575226541448018,23.668071279020985,3143600
2006-10-16,23.696626663208008,23.710910670934343,23.56807331806688,23.596641333519553,969700
2006-10-17,23.760915756225586,23.78948378661151,23.610937683295475,23.71092306524888,1388400
2006-10-18,24.01801300048828,24.03229700998357,23.82518295889622,23.846607610941035,755700
2006-10-19,23.996580123901367,24.125133455497622,23.996580123901367,24.003723489209836,1428000
2006-10-20,24.18227195739746,24.18227195739746,23.960873924882417,24.010866589580022,1987400
2006-10-23,24.246551513671875,24.246551513671875,24.039437464207065,24.103714144234207,772700
2006-10-24,24.167993545532227,24.167993545532227,24.03229952770547,24.167993545532227,689200
2006-10-25,24.025157928466797,24.175135968324952,23.939456580604528,24.175135968324952,1141500
2006-10-26,24.118000030517578,24.125140673566857,23.932310618479104,24.082291366478312,2016300
2006-10-27,24.01801300048828,24.0751463140732,23.96087696250712,24.039437652533096,829900
2006-10-30,23.882320404052734,24.00373314356863,23.875179760267898,23.925172439951883,1657400
2006-10-31,23.782333374023438,23.93231140253973,23.72520005456812,23.889462094047374,1331500
2006-11-01,23.610937118530273,23.975169961847843,23.582369088827686,23.74663117302167,1867200
2006-11-02,23.73948097229004,23.768046266097397,23.53950756926155,23.53950756926155,1797800
2006-11-03,23.618072509765625,23.832327236078164,23.59664785445337,23.782334557418462,735000
2006-11-06,23.903751373291016,23.94660069122717,23.610935895006417,23.710921269386944,896900
2006-11-07,24.08942985534668,24.160849901434954,23.875175165874236,23.875175165874236,957800
2006-11-08,23.72519874572754,23.79661607220596,23.61807003161354,23.79661607220596,2985100
2006-11-09,23.168132781982422,23.703770893020454,23.053863427270162,23.618069558085338,4776400
2006-11-10,23.20384407043457,23.23955273280631,23.039579319611217,23.118140011466828,1914500
2006-11-13,23.246692657470703,23.353821365673202,23.082430636117437,23.082430636117437,1603300
2006-11-14,23.43952751159668,23.460952167878876,23.12528741373841,23.146712070020605,2427800
2006-11-15,23.553787231445312,23.6537725523089,23.36810059618374,23.403809250149926,1415900
2006-11-16,23.65377426147461,23.703766925518753,23.54664829183538,23.54664829183538,801400
2006-11-17,23.72519874572754,23.732339388616833,23.589502011263626,23.589502011263626,1078200
2006-11-20,23.668060302734375,23.775189005974877,23.618067634394432,23.725196337634934,1454500
2006-11-21,23.63235092163086,23.7251956133117,23.582358254817176,23.7251956133117,1509900
2006-11-22,23.68235206604004,23.703776723945023,23.582366696620813,23.610934723425444,1215000
2006-11-24,23.582359313964844,23.625211340756604,23.553791296103668,23.57521594730148,118700
2006-11-27,23.425241470336914,23.553794845689215,23.34668077157756,23.525226823522807,1512900
2006-11-28,23.47522735595703,23.532363383761396,23.38238539736857,23.38238539736857,1389200
2006-11-29,23.63949966430664,23.65378367749051,23.50380562565533,23.518089638839196,1137700
2006-11-30,23.753767013549805,23.825187073360063,23.660925022391535,23.675209034353585,1195400
2006-12-01,23.732341766357422,23.825186479598564,23.58950437469335,23.78233444478035,833400
2006-12-04,23.618072509765625,23.66806518842533,23.48951912909877,23.48951912909877,1611400
2006-12-05,23.710914611816406,23.74662327486927,23.589501888161045,23.660921938663126,1009100
2006-12-06,23.746623992919922,23.76804864652021,23.582361958392713,23.68948795079058,1639600
2006-12-07,23.696626663208008,23.87517267319336,23.68234265548167,23.75375996971745,605000
2006-12-08,23.73948097229004,23.79661428430092,23.582359596566832,23.675204293530197,827600
2006-12-11,23.789478302001953,23.825186969553144,23.70377423060306,23.782334933853697,348900
2006-12-12,23.796621322631836,23.796621322631836,23.67521129595165,23.796621322631836,1067500
2006-12-13,23.746623992919922,23.882318006382462,23.725199339319637,23.782332657052546,720200
2006-12-14,23.86802864074707,23.98944134083319,23.789470687039376,23.86802864074707,1075700
2006-12-15,23.94472312927246,23.994891441734435,23.844386504348513,23.86588642855565,709400
2006-12-18,23.994895935058594,24.059398453726835,23.937561881780432,23.994895935058594,1903800
2006-12-19,24.11672592163086,24.15256003282852,23.93755263167511,23.93755263167511,1605100
2006-12-20,24.131067276000977,24.217072458910277,24.080898952954833,24.217072458910277,1349000
2006-12-21,24.066558837890625,24.181229639910534,24.02355626189532,24.09522448791992,498800
2006-12-22,23.966217041015625,24.10955621236198,23.901714550608133,24.10955621236198,275000
2006-12-26,23.98055076599121,23.987719228101373,23.89454835843996,23.937550929199208,432700
2006-12-27,24.09522247314453,24.11672512632798,24.05222263471233,24.05938836312858,817800
2006-12-28,24.066558837890625,24.145392792930657,24.016387798912312,24.09522448791992,281600
2006-12-29,24.00205421447754,24.109556543990536,23.88738342261661,23.966217370672542,315900
2007-01-03,24.009218215942383,24.252893972865856,23.894547432329404,24.15255737895039,1806100
2007-01-04,24.281578063964844,24.360414791329912,24.037902149367767,24.152573007179985,1701900
2007-01-05,24.1453914642334,24.303064833572005,24.08805743336227,24.303064833572005,1529200
2007-01-08,24.174062728881836,24.224231037113338,24.023557804187337,24.188396921800514,1609900
2007-01-09,24.1453914642334,24.310230562193112,24.116725815781546,24.310230562193112,934800
2007-01-10,24.188398361206055,24.23140094252109,24.030724963685497,24.145395779891015,526300
2007-01-11,24.453567504882812,24.453567504882812,24.15255771889968,24.174057636764996,2622600
2007-01-12,24.568233489990234,24.604070324720226,24.42489708693683,24.47506537479885,1281100
2007-01-16,24.625577926635742,24.63991211820963,24.52524131958602,24.625577926635742,651000
2007-01-17,24.768909454345703,24.85491184324517,24.589736215991262,24.632736043457673,2826700
2007-01-18,24.84058380126953,24.905086292392696,24.740247200404017,24.81191541988872,2561300
2007-01-19,24.847749710083008,24.93375485485004,24.811915600080418,24.83341825325585,1521400
2007-01-22,24.697237014770508,25.026915097116067,24.654237189922426,24.890744428486332,5078500
2007-01-23,24.568233489990234,24.71157262701028,24.503731015029548,24.654238612582247,2029300
2007-01-24,24.75457763671875,24.783246013751604,24.553901731455685,24.61840421279615,3488200
2007-01-25,24.6685848236084,24.76175572850559,24.63275070140741,24.76175572850559,3214300
2007-01-26,24.532413482666016,24.618415920698272,24.41057692328434,24.546747677999427,2505600
2007-01-29,24.496580123901367,24.582582564610902,24.46074600143642,24.546748442145955,1967500
2007-01-30,24.618408203125,24.639910856368402,24.53240579205346,24.611242474688773,1187600
2007-01-31,24.73307991027832,24.776082484387608,24.575409273145844,24.639911767326048,1685900
2007-02-01,24.94092559814453,24.96242825564351,24.80475485916785,24.833423246521225,2628200
2007-02-02,24.89076042175293,25.01259971636404,24.84059210455078,24.991097056157233,1197600
2007-02-05,24.883594512939453,24.926594365108897,24.78325787925312,24.890760243644955,3132600
2007-02-06,24.811922073364258,24.897927240569526,24.747419564944334,24.890758776318393,2216100
2007-02-07,24.847749710083008,24.883586554052943,24.77608149007783,24.819084062461343,1572700
2007-02-08,24.826250076293945,24.883586840131148,24.797581694375346,24.862084186708508,1345800
2007-02-09,24.75457763671875,24.89074832667444,24.690075155378285,24.89074832667444,2625700
2007-02-12,24.64707374572754,24.740244608470384,24.618405367350192,24.725910419281714,1421000
2007-02-13,24.747413635253906,24.754582097787416,24.654245494057495,24.654245494057495,1295000
2007-02-14,24.876426696777344,24.897929357390847,24.73308747321659,24.73308747321659,2023400
2007-02-15,24.991100311279297,25.005434508628134,24.854929537418222,24.90509786115486,1134100
2007-02-16,24.89076042175293,24.919428812716514,24.833426373794005,24.833426373794005,1294300
2007-02-20,24.90508270263672,24.940916807214034,24.840580220810782,24.840580220810782,739000
2007-02-21,24.790428161621094,24.85493068568651,24.761759765598974,24.84059648767545,975800
2007-02-22,24.75457763671875,24.833414306575644,24.682906694136616,24.826245845333975,1374700
2007-02-23,24.64707374572754,24.73307614689253,24.582571261362034,24.73307614689253,898000
2007-02-26,24.747413635253906,24.768916288887034,24.654245494057495,24.704413795922456,1881500
2007-02-27,23.994895935058594,24.611252728117684,23.765554254008954,24.561084406261106,3057900
2007-02-28,24.159727096557617,24.35323458847922,24.04505629400788,24.04505629400788,2330100
2007-03-01,24.052217483520508,24.166888251393267,23.729705094513758,23.959046630259277,2406700
2007-03-02,23.837217330932617,24.13106146688028,23.837217330932617,24.00922492137491,2559100
2007-03-05,23.715375900268555,23.973385865800264,23.636539218137496,23.722541628658952,1744400
2007-03-06,23.966217041015625,24.037887993672452,23.650873051227485,23.85871471298133,2897500
2007-03-07,23.973390579223633,24.080892930019726,23.85871976466041,23.901719611391698,1175800
2007-03-08,24.052217483520508,24.338893036219027,24.009214920330688,24.066551671250448,1161000
2007-03-09,24.102386474609375,24.224222972907334,24.03788399493197,24.18838886952363,1147300
2007-03-12,24.102386474609375,24.17405468137678,23.99488143049142,24.13105211693623,2392700
2007-03-13,23.70821762084961,24.11673261663852,23.70821762084961,24.04506164037929,3381500
2007-03-14,23.80137825012207,23.844380822256856,23.5720366666712,23.787044059410473,3423800
2007-03-15,23.858722686767578,23.86588841744446,23.729717662838024,23.772717514835733,1382000
2007-03-16,23.8831729888916,23.933528855826477,23.76807347244203,23.926333592442106,859200
2007-03-19,24.070207595825195,24.070207595825195,23.847203836299894,23.90475221985233,782500
2007-03-20,24.1924991607666,24.206886940793208,23.969492686636872,23.969492686636872,2089000
2007-03-21,24.437105178833008,24.480265808716506,24.08461115103768,24.17093515499528,1889100
2007-03-22,24.52341651916504,24.530609039034612,24.3867366881296,24.465865383451682,1667000
2007-03-23,24.401121139526367,24.696066586662024,24.027049743165644,24.45867227385209,1487400
2007-03-26,24.437105178833008,24.47307328513279,24.2644544267272,24.47307328513279,961500
2007-03-27,24.264440536499023,24.386735320939117,24.221277187133868,24.386735320939117,2922100
2007-03-28,24.098987579345703,24.278830770236343,24.098987579345703,24.242862680896078,2763600
2007-03-29,24.214086532592773,24.242862101052456,24.07021143448362,24.163730659882958,2708200
2007-03-30,24.206897735595703,24.36515789808588,23.998278948461305,24.206897735595707,3073900
2007-04-02,24.336381912231445,24.3795425217706,24.257250469157245,24.314798863272554,1188800
2007-04-03,24.58816146850586,24.652905127495416,24.408318276222573,24.458674150526747,982500
2007-04-04,24.732040405273438,24.7464281921893,24.53061413264115,24.602553067220455,922600
2007-04-05,24.904695510864258,24.926278569530155,24.717659715633292,24.717659715633292,1102400
2007-04-09,24.911880493164062,24.919073013622768,24.83274904717123,24.90468522851594,1307700
2007-04-10,24.947847366333008,24.955039886440705,24.81836005088023,24.854328139797275,1422400
2007-04-11,24.839937210083008,24.940648943974008,24.768001041357703,24.926263905580097,2447600
2007-04-12,25.120502471923828,25.156473315313015,24.724847892353356,24.803979357105465,1072500
2007-04-13,25.487375259399414,25.501763042859523,25.29314429897159,25.3075320824317,2666700
2007-04-16,25.73196792602539,25.73196792602539,25.530544400277865,25.55931722953485,3204800
2007-04-17,25.81110191345215,25.897425898072527,25.803906647289622,25.85426253366734,2849000
2007-04-18,25.80390167236328,25.81109693713858,25.602478165686342,25.782321366416316,2173900
2007-04-19,25.911806106567383,25.96216197821516,25.68160705212349,25.739155443639866,3099400
2007-04-20,26.01251983642578,26.06287571191921,25.926195870464102,26.005327316007893,2496700
2007-04-23,26.041292190551758,26.09884057935624,25.969353274309828,26.091648059826575,1399900
2007-04-24,26.041292190551758,26.106035843074963,25.94058045200212,26.062872493329806,1031200
2007-04-25,26.12042808532715,26.170783963198193,25.717578318169274,26.06287694250908,1995200
2007-04-26,26.149194717407227,26.264294231585016,26.106034114708606,26.13480967930027,1129400
2007-04-27,26.062870025634766,26.142001453914002,26.01251416112776,26.127613672027888,842800
2007-04-30,25.97654914855957,26.134812023822427,25.969353884671733,26.134812023822427,1364500
2007-05-01,26.03409767150879,26.070068502753188,25.918998146418474,25.94058119400294,2680900
2007-05-02,26.199552536010742,26.22832810274706,26.041292407339142,26.12761636335902,1347900
2007-05-03,26.257095336914062,26.293063411825617,26.156383629486427,26.199544221705008,1301300
2007-05-04,26.40097999572754,26.65275935599222,26.22113681148442,26.645566836065747,942300
2007-05-07,26.45853042602539,26.45853042602539,26.400982029612557,26.429757599913685,2263000
2007-05-08,26.35781478881836,26.41536592093714,26.2858786178589,26.41536592093714,1927400
2007-05-09,26.444135665893555,26.480106491376908,26.33623142200959,26.400975066015448,1841100
2007-05-10,25.97654914855957,26.37220359252759,25.918998014213393,26.37220359252759,1367400
2007-05-11,26.0772647857666,26.113232878012507,25.86864600887498,25.904614101120888,1189300
2007-05-14,26.048484802246094,26.242715760502936,26.048484802246094,26.09164815214397,1162600
2007-05-15,26.01972007751465,26.206758594151374,26.005335032410482,26.005335032410482,2288300
2007-05-16,26.31464958190918,26.34342239874765,26.141998959935666,26.213935118314648,3063800
2007-05-17,26.213953018188477,26.249923866128757,26.149209333762553,26.249923866128757,1415400
2007-05-18,26.32185173034668,26.357819822695678,26.192364402538647,26.27149585222017,693700
2007-05-21,26.3793888092041,26.4081643684108,26.314647917271586,26.343420732289918,1768700
2007-05-22,26.365009307861328,26.480108824659382,26.271490092903864,26.472913561253225,1101400
2007-05-23,26.45853042602539,26.57362996304048,26.39378676494256,26.472918211175955,1724500
2007-05-24,26.35781478881836,26.52327017737633,26.329039222758965,26.38659035487775,1955900
2007-05-25,26.34343147277832,26.4297581855947,26.293075595730176,26.314658646029013,997900
2007-05-29,26.35781478881836,26.400978137907444,26.27868335424954,26.365010052427717,1565600
2007-05-30,26.365009307861328,26.365009307861328,26.156390576105807,26.336233742614578,3190000
2007-05-31,26.422555923461914,26.472911787174667,26.343424496430806,26.408168141802737,1386600
2007-06-01,26.45133399963379,26.487302085104297,26.357814782059258,26.42975369718929,3572300
2007-06-04,26.40097999572754,26.451335867780475,26.329041075516763,26.329041075516763,1749200
2007-06-05,26.336244583129883,26.365020160221224,26.206757230408915,26.32185679458421,1685300
2007-06-06,26.091646194458008,26.28587713814148,26.041290328783276,26.28587713814148,3136400
2007-06-07,25.703208923339844,26.04131526884026,25.645660483534886,25.854276665043287,3280800
2007-06-08,25.78951072692871,25.832674077723162,25.45859993673862,25.45859993673862,1995600
2007-06-11,25.79671287536621,25.92620021811761,25.731969203990513,25.731969203990513,1267400
2007-06-12,25.60967254638672,25.825486598289537,25.5880922388723,25.717579572338128,2087200
2007-06-13,25.81829071044922,25.847066282567702,25.55931604976208,25.847066282567702,2145000
2007-06-14,25.890220642089844,25.940576503700218,25.54491938506351,25.911800941583248,1747400
2007-06-15,26.087675094604492,26.145536524967287,26.000885708045153,26.109371751498113,1221500
2007-06-18,25.935800552368164,26.058751989317127,25.892404466923182,26.04428662750213,984400
2007-06-19,25.935800552368164,26.0298240246728,25.914103889138502,25.97196257741282,1632000
2007-06-20,25.61033058166504,26.080445069890942,25.574168565413427,26.080445069890942,1913600
2007-06-21,25.682647705078125,25.682647705078125,25.429510900430174,25.574161685507967,1597900
2007-06-22,25.292097091674805,25.588629993772038,25.227004368824943,25.523537270922176,3168700
2007-06-25,25.24870491027832,25.501841783115815,25.161915519446183,25.292100985186888,2120600
2007-06-26,25.378890991210938,25.552472536067878,25.32102955659694,25.371659691376717,1172800
2007-06-27,25.58863639831543,25.58863639831543,25.263172702606287,25.31380008205157,5263600
2007-06-28,25.61033058166504,25.70435403110722,25.538006549161818,25.545237848818143,1713800
2007-06-29,25.538007736206055,25.64649379000348,25.2848680927085,25.57416975413853,1731500
2007-07-02,25.682647705078125,25.820067192444938,25.169140039087,25.61755498974233,1264200
2007-07-03,25.726045608520508,25.78390703028424,25.70434895485133,25.78390703028424,671800
2007-07-05,25.718812942504883,25.762206247535477,25.5886275094445,25.66095152381836,3255600
2007-07-06,25.77667808532715,25.776678085327152,25.62479596155143,25.66819203648092,977800
2007-07-09,25.697113037109375,25.79836775888039,25.632020321830257,25.783905163471026,1264800
2007-07-10,25.48014259338379,25.682652071531937,25.422283924906342,25.595862689323404,1916700
2007-07-11,25.566940307617188,25.639267115515523,25.44398887266845,25.451220173965474,1717900
2007-07-12,26.044292449951172,26.058757815000035,25.595877169381488,25.595877169381488,863600
2007-07-13,25.97917938232422,26.06597150478378,25.90685537259204,25.99364473606748,1806700
2007-07-16,26.00811195373535,26.03704266329525,25.950253293599875,25.950253293599875,1388300
2007-07-17,25.928552627563477,25.986414043884047,25.87069397022709,25.892390621855213,1450300
2007-07-18,25.856229782104492,25.86346107997856,25.668185688551375,25.86346107997856,2247200
2007-07-19,25.718812942504883,25.820067666222005,25.617555459803466,25.79836825472241,1332600
2007-07-20,25.48014259338379,25.675420772591526,25.393353211175256,25.6320247019949,2122400
2007-07-23,25.675426483154297,25.834542685080137,25.617565042822964,25.704357203319965,1916100
2007-07-24,25.415048599243164,25.704350204153794,25.349955876087503,25.595861412566162,2853300
2007-07-25,25.40058135986328,26.02981189004415,25.27039592320409,25.57416286173699,2130400
2007-07-26,24.879844665527344,25.270398252520074,24.778587170693317,25.234236241000236,3470400
2007-07-27,24.28677749633789,25.0317253763332,24.28677749633789,24.785819849104,3411600
2007-07-30,24.59054183959961,24.5977731379522,24.30124024377523,24.359101666533903,2987900
2007-07-31,24.322935104370117,24.95216278468581,24.315701048387005,24.930466134704435,2694200
2007-08-01,24.489290237426758,24.590544981205912,24.214453962179878,24.27954669160717,4001600
2007-08-02,24.699031829833984,24.807517864309567,24.50375365699639,24.50375365699639,2384900
2007-08-03,24.35910415649414,24.814753250848906,24.351870098417606,24.713495750670802,4094700
2007-08-06,24.836456298828125,24.944945126017842,24.47483055350971,24.47483055350971,3419300
2007-08-07,24.952178955078125,25.161922570770148,24.785831426455896,24.800296788812496,1435200
2007-08-08,25.24147605895996,25.24147605895996,24.916012363039282,25.024498422356004,2436400
2007-08-09,24.648401260375977,25.14020951895679,24.62670184911169,24.952165428233325,2228400
2007-08-10,24.51821517944336,24.67732855692369,24.315702980583726,24.503749825311655,2373300
2007-08-13,24.59054183959961,24.850912724044655,24.59054183959961,24.677331214753128,2071000
2007-08-14,24.388032913208008,24.735193180426418,24.36633349970498,24.727959122930557,1358700
2007-08-15,24.33017921447754,24.69180495252622,24.272320531062174,24.373575296278133,2001100
2007-08-16,24.337392807006836,24.38802014703823,23.823882594000665,24.069787999431625,3455600
2007-08-17,24.395267486572266,24.87984732141714,24.1493619194088,24.87984732141714,1859200
2007-08-20,24.5109920501709,24.61224681524917,24.359109902553488,24.53268871154898,1554900
2007-08-21,24.576087951660156,24.626715340705616,24.395275059644717,24.4386711469633,1559200
2007-08-22,24.699031829833984,24.735193841325845,24.56884638127559,24.655635760652977,2742800
2007-08-23,24.858144760131836,24.908772127055936,24.691797303240566,24.756890026283635,6065200
2007-08-24,25.010028839111328,25.010028839111328,24.749657955067462,24.807516618752494,4721600
2007-08-27,24.836456298828125,24.988338449705342,24.836456298828125,24.92324570518861,741500
2007-08-28,24.58331871032715,24.850920982049487,24.50376060708892,24.836455621552954,1447900
2007-08-29,24.764123916625977,24.836447937747906,24.489287670190453,24.590542403354974,1300100
2007-08-30,24.764123916625977,24.908771958869835,24.691797136519494,24.691797136519494,1152300
2007-08-31,24.879844665527344,25.067888780821278,24.83644859631276,24.944937389856904,1085200
2007-09-04,25.096818923950195,25.18360830142467,24.944936823623717,24.95939942071566,896400
2007-09-05,25.04619026184082,25.08958356884157,24.908770765713317,25.04619026184082,868200
2007-09-06,25.12574577331543,25.212535137447063,24.98109499377328,25.03172235276541,2101200
2007-09-07,24.858144760131836,25.096818997617945,24.749658727716437,24.901540828488738,2286100
2007-09-10,24.879844665527344,24.973865343681997,24.727959802768616,24.879844665527344,1057700
2007-09-11,25.06789207458496,25.111288149501515,24.858148517632433,24.94494066746554,864300
2007-09-12,25.176374435424805,25.270395101857147,25.053420300805477,25.07511695321536,1213100
2007-09-13,25.234230041503906,25.415042813665995,25.234230041503906,25.364415458179327,889500
2007-09-14,25.16191291809082,25.313795026091036,25.10405149086138,25.313795026091036,1140200
2007-09-17,25.082359313964844,25.169148711321814,24.93047717884385,25.104055973557788,2763000
2007-09-18,25.5307674407959,25.53800149800639,25.060655804538253,25.075118400990355,2328700
2007-09-19,25.632017135620117,25.798364551992286,25.566924428432404,25.632017135620114,1623600
2007-09-20,25.603099822998047,25.769447308458343,25.552472447379046,25.660958498426172,1046300
2007-09-21,25.728647232055664,25.779451108380734,25.692359144481134,25.721387953378592,1371400
2007-09-24,25.67784309387207,25.735903479678505,25.598007640860082,25.634295728064554,1385100
2007-09-25,25.590757369995117,25.714140232244382,25.55446927001753,25.63430475113096,1824300
2007-09-26,25.735918045043945,25.830269340057,25.64156951863604,25.670598343666466,751700
2007-09-27,25.837520599365234,25.881067980962,25.743172092145794,25.881067980962,822600
2007-09-28,25.656070709228516,25.844773212187963,25.605266828109556,25.78671005170694,1069200
2007-10-01,26.047985076904297,26.047985076904297,25.75041834275707,25.764934130837847,8322000
2007-10-02,25.9028377532959,26.11331259084858,25.808489255306892,26.055252189671062,2193700
2007-10-03,26.004457473754883,26.00445747375488,25.793982561955,25.924621971444218,1216700
2007-10-04,25.97541618347168,26.15685943241696,25.97541618347168,25.99718848739175,1037800
2007-10-05,26.309284210205078,26.309284210205078,26.098809272058084,26.1350973862131,1831200
2007-10-08,26.12783432006836,26.280246022470237,26.11331852432462,26.243957917413354,783600
2007-10-09,26.345563888549805,26.345563888549805,26.16412060726695,26.258471888743365,473500
2007-10-10,26.38911247253418,26.38911247253418,26.26572959597777,26.345565086348703,1435100
2007-10-11,26.16411590576172,26.410878834709052,26.106055505858716,26.403622322947776,4141900
2007-10-12,26.309284210205078,26.309284210205078,26.127840870824354,26.21493289851752,1450300
2007-10-15,26.026227951049805,26.410886869314762,25.910104347312924,26.272990955066312,2198300
2007-10-16,25.83027458190918,26.00446141046601,25.78672718261854,25.982686326517836,3103000
2007-10-17,25.85202980041504,26.091536185211158,25.670586576273937,26.091536185211158,2439900
2007-10-18,25.85929298400879,26.026220443188674,25.568982674110714,25.568982674110714,1320500
2007-10-19,25.547208786010742,25.87380717224664,25.532692994555354,25.844775589335864,1611200
2007-10-22,25.547208786010742,25.547208786010742,25.27141428556664,25.365765545724592,1972000
2007-10-23,25.84478187561035,25.844781875610355,25.53995571811204,25.56898730808422,2164500
2007-10-24,25.656070709228516,25.757681240070305,25.38027900275528,25.750421960708238,3290700
2007-10-25,25.808496475219727,25.85204109613337,25.467382178835688,25.467382178835688,2067400
2007-10-26,25.895584106445312,25.939131488599745,25.227871423100492,25.227871423100492,920400
2007-10-29,26.004457473754883,26.02622978580132,25.895590376312104,25.953650797971033,839400
2007-10-30,25.97541618347168,26.040735863836154,25.90283722273101,25.917353014879144,1220700
2007-10-31,26.135080337524414,26.20040000783574,25.329474761823164,25.329474761823164,1654600
2007-11-01,25.77219581604004,26.185888937909592,25.721391931856836,26.13508228512235,2415500
2007-11-02,25.69961929321289,25.85203094376716,25.561723433464362,25.692362782112024,2411100
2007-11-05,25.68510627746582,25.93186921061605,25.518178818070705,25.69962206983987,2653000
2007-11-06,25.822999954223633,25.822999954223633,25.42382266222112,25.648813247840376,1337400
2007-11-07,25.235136032104492,26.03348549325197,25.235136032104492,26.03348549325197,2126000
2007-11-08,25.40204429626465,25.481879735600835,24.814167417282544,24.814167417282544,3631800
2007-11-09,25.336734771728516,25.656073888130052,24.777889241572666,24.777889241572666,3258800
2007-11-12,25.40204429626465,25.70686749889033,24.69804389695803,24.69804389695803,2366000
2007-11-13,25.735918045043945,25.823012825950684,25.373031430414656,25.373031430414656,3230200
2007-11-14,25.837520599365234,25.953644181685352,25.641564303691265,25.757687886011382,2512500
2007-11-15,25.67784309387207,25.94637826150946,25.561719553655614,25.561719553655614,2426000
2007-11-16,25.793981552124023,25.859301254311376,25.61979475675603,25.764949958128494,2116400
2007-11-19,25.648818969726562,25.837518739184528,25.55446770069538,25.837518739184528,1725100
2007-11-20,25.69961929321289,25.88831903647951,25.44559987562244,25.88831903647951,3843100
2007-11-21,25.126270294189453,25.568992440006674,25.126270294189453,25.38029260452337,2262600
2007-11-23,25.53270149230957,25.60527770513708,25.169814890961913,25.169814890961913,1331200
2007-11-26,25.336734771728516,25.764940943219145,25.322218979809687,25.764940943219145,2070800
2007-11-27,25.6633358001709,25.910098750888096,25.18432569214392,25.699623899387205,2117100
2007-11-28,26.272981643676758,26.396361717655417,25.84477548754381,26.033475238512377,1808900
2007-11-29,26.43264389038086,26.439903168755794,25.80848161170777,25.960893234339448,5502200
2007-11-30,26.468952178955078,26.548787682042434,26.374600878160443,26.49072449121333,2469400
2007-12-03,26.302024841308594,26.730231186535203,26.251218164676818,26.730231186535203,1649900
2007-12-04,26.294755935668945,26.403622995089293,25.881065539638556,25.93186942907356,1344500
2007-12-05,26.505239486694336,26.563299907160822,26.345568485352334,26.548786878498127,1904000
2007-12-06,26.686676025390625,26.70844833146314,26.323789491624538,26.323789491624538,2719100
2007-12-07,26.672155380249023,26.72295926424689,26.585063403196113,26.635867287193978,3442900
2007-12-10,26.722980499267578,26.72298049926758,26.541537121207043,26.599600331117404,1115800
2007-12-11,26.309284210205078,26.708459003121543,26.1350973862131,26.52701566374082,2243700
2007-12-12,26.323789596557617,27.499541195437306,26.098798948028143,27.499541195437306,2767900
2007-12-13,26.309284210205078,26.309284210205078,25.982685645598647,26.00446072897617,2107400
2007-12-14,25.910099029541016,26.193150082518628,25.888323954893444,25.888323954893444,1130600
2007-12-17,25.634309768676758,26.004455659270707,25.634309768676758,25.830268869237358,1637800
2007-12-18,25.83027458190918,26.12058503996866,25.699635152642983,26.12058503996866,2168500
2007-12-19,25.81574249267578,25.968154141114244,25.66333084423732,25.66333084423732,1663100
2007-12-20,25.968162536621094,25.968162536621094,25.757690426324046,25.757690426324046,2094600
2007-12-21,26.1284122467041,26.21582460596807,26.026433939596604,26.21582460596807,2064100
2007-12-24,26.2158203125,26.230386257958006,26.048281374032804,26.048281374032804,510300
2007-12-26,26.186683654785156,26.274093223672228,26.055567912104497,26.274093223672228,1037000
2007-12-27,25.91716766357422,26.21581955341603,25.88074446488381,26.208533802197977,989100
2007-12-28,25.815196990966797,26.09928305014923,25.80791401551645,26.09928305014923,1060400
2007-12-31,25.720500946044922,26.121131230580684,25.64037433339763,26.121131230580684,1497300
2008-01-02,25.45098114013672,25.953592468502784,25.283444956914828,25.953592468502784,6611300
2008-01-03,25.603946685791016,25.713207944208254,25.516534344617355,25.69863922067931,2544400
2008-01-04,25.341718673706055,25.61123314897618,25.319864196083962,25.414559522578973,3270600
2008-01-07,25.844331741333008,25.917175381706727,25.363574829669517,25.363574829669517,5457900
2008-01-08,26.05557632446289,26.507195818007034,25.909891810148363,25.97544970265485,6231200
2008-01-09,26.521757125854492,26.536325851079347,26.142978606108866,26.237673930720327,8322400
2008-01-10,26.48534393310547,26.631028446428246,26.325090690580318,26.46349222865239,5622300
2008-01-11,26.56546974182129,26.667448064417773,26.354227342899495,26.427068207982444,3496000
2008-01-14,26.361509323120117,26.580037467524118,26.325088891953047,26.521762554696178,4276500
2008-01-15,26.06285858154297,26.288669711442807,25.990017715743495,26.281386736343226,5242500
2008-01-16,26.1284122467041,26.42706419410483,25.880749452857124,25.880749452857124,4217300
2008-01-17,25.625808715820312,26.492627275104034,25.603957011064736,26.23768145728559,6972100
2008-01-18,25.25429916381836,25.727772883415724,25.108617507357156,25.727772883415724,7714900
2008-01-22,24.33649253845215,25.130469811769064,22.114813878948706,24.91194454305881,9251300
2008-01-23,24.511322021484375,24.511322021484375,23.644500870667226,23.870311959620512,10737900
2008-01-24,24.416635513305664,24.606023465699835,24.219961805799365,24.606023465699835,5734500
2008-01-25,24.03057289123535,24.744424035064146,23.70278339184935,24.744424035064146,6073700
2008-01-28,24.33649253845215,24.33649253845215,23.943145387553958,24.19080809974546,5296800
2008-01-29,24.402053833007812,24.48218042451416,24.32192724150147,24.48218042451416,2397000
2008-01-30,24.11797332763672,24.48946609988486,24.11797332763672,24.431193976985266,3951900
2008-01-31,24.547746658325195,24.547746658325195,23.899453511484083,23.899453511484083,3974400
2008-02-01,24.664295196533203,24.686146901635876,24.307368267216873,24.307368267216873,3571200
2008-02-04,24.751697540283203,24.839107113772954,24.58416136663608,24.58416136663608,2793100
2008-02-05,24.30007553100586,24.67156826203709,24.249086387113337,24.569589974252043,4460100
2008-02-06,24.36564064025879,24.547745573625892,24.28551402498514,24.496756414579167,3089400
2008-02-07,24.270944595336914,24.41662909355984,24.125260097113987,24.285513323029274,2785800
2008-02-08,24.11797332763672,24.24908907753612,23.97957182568721,24.176245450536314,2769100
2008-02-11,24.045133590698242,24.081556799440875,23.86302866178786,23.957724002857454,2631300
2008-02-12,24.394779205322266,24.43848261294837,24.147116373537745,24.32922131518222,2420200
2008-02-13,24.35836410522461,24.555037841135945,24.29280619325416,24.423922017195054,2114100
2008-02-14,24.256376266479492,24.52589078646795,24.15439794965687,24.402060767097833,2708800
2008-02-15,24.27823257446289,24.30008427865455,24.037852713550933,24.045135688714502,2760000
2008-02-19,24.584165573120117,24.598734300977902,24.278230624208742,24.278230624208742,2804400
2008-02-20,24.511322021484375,24.511322021484375,24.13982644864834,24.227236027497824,3062100
2008-02-21,24.256376266479492,24.875534699432265,24.05241963283425,24.868248946115944,2438900
2008-02-22,24.30736541748047,24.30736541748047,23.81203978274955,24.256376259084703,2672900
2008-02-25,24.620582580566406,24.620582580566406,24.227235319192957,24.234521071459316,2575300
2008-02-26,24.402053833007812,24.707988696541193,24.394770860461755,24.56958998856656,3024600
2008-02-27,24.511322021484375,24.584162874075545,24.38020626385994,24.445764142672157,3035900
2008-02-28,24.227237701416016,24.32921879227035,24.161679818074244,24.32921879227035,4668900
2008-02-29,23.892168045043945,24.088841717579875,23.76833801716998,24.074272988647483,4110900
2008-03-03,23.88488006591797,23.906731765388052,23.746478559406548,23.782901763457136,2418900
2008-03-04,23.914020538330078,23.928586487349776,23.673640698994724,23.680923673504573,3206800
2008-03-05,23.870311737060547,24.03784791941851,23.63721767650161,23.863025984649113,3494300
2008-03-06,23.38956069946289,23.89945512559892,23.338571534719396,23.89945512559892,2623500
2008-03-07,23.12004280090332,23.382272967309028,23.03263320855156,23.382272967309028,3988500
2008-03-10,22.58100700378418,23.16374211265793,22.428039558711102,23.061763815942545,2871400
2008-03-11,22.799530029296875,23.03262543875377,22.333341989082996,22.5081625041632,3730100
2008-03-12,22.799530029296875,22.908794066903212,22.668415684999186,22.719404828228836,3182700
2008-03-13,22.770404815673828,22.959794144543295,22.304216553441677,22.53002631929155,4518600
2008-03-14,22.34791374206543,23.149175586811154,22.1876605395062,22.81410184547379,5051900
2008-03-17,22.31877899169922,22.47903221365052,21.85259083187792,21.910864351855583,4885600
2008-03-18,23.018070220947266,23.14918603152674,22.413481730548067,22.646575887422348,6180700
2008-03-19,22.719406127929688,23.243867703172985,22.224080612191553,22.879657928583185,7359700
2008-03-20,22.74794578552246,23.05525163687527,22.645510966928104,23.05525163687527,2022000
2008-03-24,23.047929763793945,23.194266384014064,22.850375745167618,22.996712365387733,2458700
2008-03-25,23.091842651367188,23.19427889902088,22.96013990121972,23.040625225325435,3434700
2008-03-26,22.86501121520996,22.996713903100698,22.86501121520996,22.982079960986276,2507200
2008-03-27,22.98207664489746,23.091828403780458,22.769890097132915,23.004027554901793,5658200
2008-03-28,22.923547744750977,23.172319201822503,22.78452807272403,23.172319201822503,2423900
2008-03-31,22.806472778320312,22.806472778320312,22.404049210870337,22.52843490553894,3496900
2008-04-01,23.17232322692871,23.20890669644168,22.733314614923554,22.90160080759506,3015200
2008-04-02,23.011350631713867,23.245488151618755,22.982082743940904,23.238171179675515,1405800
2008-04-03,22.938173294067383,23.06987594615244,22.908905417795527,23.02597413174465,1900000
2008-04-04,23.121109008789062,23.3332956733333,22.88697142215952,22.88697142215952,2810500
2008-04-07,23.384504318237305,23.450355664204835,23.260119993153722,23.406455232083008,3393600
2008-04-08,23.30402183532715,23.355239241829878,23.230853513650537,23.340605298380623,1641700
2008-04-09,23.194272994995117,23.325974316048253,23.084519800762745,23.29670782100417,1668500
2008-04-10,23.377185821533203,23.464986674806095,23.135731381678646,23.17963180831509,1917500
2008-04-11,23.069883346557617,23.362555225314328,23.011348970806274,23.32597036823874,3177600
2008-04-14,22.967449188232422,23.09183492223038,22.9089148072669,23.04061751333176,1089700
2008-04-15,22.945497512817383,23.069883235134427,22.865012223209416,23.025981406855756,2110500
2008-04-16,23.069883346557617,23.091832865233368,22.89428021930359,23.011348970806274,2732400
2008-04-17,22.923547744750977,23.033299529795553,22.835745479373518,22.996716066637248,1482000
2008-04-18,23.143054962158203,23.267440710297013,23.069888024310572,23.230857241373197,2283000
2008-04-21,23.069883346557617,23.15768421239983,23.01866454665179,23.0625663751425,3293800
2008-04-22,22.82843017578125,22.952815905802247,22.696727473927293,22.952815905802247,2659900
2008-04-23,22.901594161987305,23.047930788714883,22.81379330240636,22.872327673983488,901700
2008-04-24,22.974767684936523,23.165004784591307,22.828432420596563,23.03330206978647,1694100
2008-04-25,23.27475357055664,23.318655400191645,23.1137843819372,23.165001787608404,3163700
2008-04-28,23.413774490356445,23.450357954769743,23.282071785557036,23.355240109953343,3835300
2008-04-29,23.157686233520508,23.267438023186823,23.06988536001535,23.267438023186823,1089900
2008-04-30,23.033302307128906,23.311341684708527,23.011352784815138,23.267439848941322,1833000
2008-05-01,23.443044662475586,23.45767860789462,22.945501682787114,22.945501682787114,1809000
2008-05-02,23.450353622436523,23.552788420325218,23.413770164781834,23.51620496267053,2250300
2008-05-05,23.384504318237305,23.45767403105631,23.31865436783935,23.450355664204835,886200
2008-05-06,23.34060287475586,23.413771188834872,23.172316729272794,23.26011898528151,1703400
2008-05-07,23.135730743408203,23.428402572192592,23.025977586490864,23.325966385441035,2283900
2008-05-08,23.047929763793945,23.23084984128437,23.047929763793945,23.121098073904005,2157500
2008-05-09,23.02598762512207,23.047938545189346,22.87233537136106,23.047938545189346,1469200
2008-05-12,23.20158576965332,23.20158576965332,23.01135008591997,23.11378489955634,1082200
2008-05-13,22.98207664489746,23.223531072667786,22.98207664489746,23.208897132664898,1293100
2008-05-14,23.17232322692871,23.23817458850798,23.0333035307536,23.0333035307536,1528800
2008-05-15,23.106464385986328,23.143047843657545,22.97476170545881,23.084513474041923,1213200
2008-05-16,23.194272994995117,23.194272994995117,23.02598541510474,23.12842163668363,1381600
2008-05-19,23.34060287475586,23.34060287475586,23.077198897868737,23.106465386158632,2174900
2008-05-20,23.27475357055664,23.39182232511071,23.15768481600257,23.17231875921424,1653400
2008-05-21,23.069883346557617,23.42840657248079,23.047932432312262,23.34792128248409,2029200
2008-05-22,23.318647384643555,23.3332799272558,23.018657234201477,23.047925110564275,995300
2008-05-23,22.938173294067383,23.172310721965637,22.938173294067383,23.113776364991075,1328900
2008-05-27,23.033302307128906,23.172321995918715,22.923550508850564,22.923550508850564,1597700
2008-05-28,23.011350631713867,23.201586319959315,22.974765771997664,23.05525106780361,1394000
2008-05-29,23.508895874023438,23.596696754847947,22.9894019794607,22.9894019794607,2288500
2008-05-30,23.472307205200195,23.560108066569487,23.40645446581893,23.501572298230585,1456800
2008-06-02,23.194272994995117,23.501577473022273,23.113787691376668,23.443044482934106,1672100
2008-06-03,23.347919464111328,23.443038689530223,23.201582838345097,23.282068122073472,2668600
2008-06-04,23.35523796081543,23.479623682172324,23.245486182105132,23.32597007552224,2460900
2008-06-05,23.560115814208984,23.60401486376011,23.31866127268788,23.377195664706026,1914400
2008-06-06,22.989397048950195,23.3918206901565,22.9015947913867,23.36255420134836,2634700
2008-06-09,22.86501121520996,23.084514764648166,22.74794246943365,22.982079960986276,3173100
2008-06-10,22.645511627197266,22.857698242696493,22.630877682522897,22.718678559429552,1943000
2008-06-11,22.418685913085938,22.696725233008078,22.36746851088174,22.696725233008078,2322200
2008-06-12,22.228452682495117,22.630877789524288,21.957731682588193,22.499175077971824,3137100
2008-06-13,22.579654693603516,22.901593023488577,22.499169413347534,22.572337723073932,1882700
2008-06-16,22.652822494506836,22.76989263199345,22.47721938163114,22.696724319402872,1597400
2008-06-17,22.59429168701172,22.865014067623047,22.53575730682139,22.865014067623047,1496300
2008-06-18,22.33820152282715,22.62355641191358,22.308933639039047,22.55038809801284,2382300
2008-06-19,22.367467880249023,22.5942883960024,22.133330393591407,22.133330393591407,1779800
2008-06-20,22.05284881591797,22.41304517832808,21.994041275158818,22.39099182476251,2037900
2008-06-23,22.21456527709961,22.324830623360853,22.207214160543387,22.21456527709961,1359200
2008-06-24,22.29543113708496,22.405695105892846,22.096955151981305,22.22927247538374,1782800
2008-06-25,22.545364379882812,22.692383945109675,22.30278307871623,22.324836434125007,2678900
2008-06-26,22.08960723876953,22.42775171453527,21.979343253963417,22.324838848993913,2324700
2008-06-27,22.236623764038086,22.376292206709344,22.10430643962136,22.133710912639497,2161800
2008-06-30,22.47920799255371,22.765894631492518,22.111660444341858,22.111660444341858,2441700
2008-07-01,22.47920799255371,22.56006890182676,22.192521353614907,22.192521353614907,10508300
2008-07-02,22.3248348236084,22.707083141874318,22.3248348236084,22.648275600442457,2258900
2008-07-03,22.42040252685547,22.560071000753478,22.361594969753586,22.44245588654971,2497700
2008-07-07,22.273380279541016,22.55271719405849,22.155765179349213,22.413048736799755,3817000
2008-07-08,22.861454010009766,22.993771329884005,22.26602747265809,22.26602747265809,4317200
2008-07-09,22.971717834472656,23.324563083910384,22.861453869283665,23.001122306300328,6234200
2008-07-10,23.09668731689453,23.111389554897094,22.76589397224975,23.059933123970705,5928500
2008-07-11,22.655624389648438,22.927610117115343,22.5968168542613,22.854100347360863,4324100
2008-07-14,22.80999755859375,23.155491691785006,22.59681934303491,22.736487780743033,3422000
2008-07-15,22.920263290405273,23.111388166710938,22.59682108418934,22.640926393465264,5179000
2008-07-16,23.081985473632812,23.26575924555996,22.979072610020047,23.155495262820192,8097800
2008-07-17,23.309858322143555,23.383368091664835,22.97906646242114,23.26575302126368,3847500
2008-07-18,23.30251693725586,23.515693802783645,23.104040909221805,23.368675613267214,2858800
2008-07-21,22.89085578918457,23.30985967710493,22.85410160332859,23.30250996159959,4387800
2008-07-22,23.20694923400879,23.229002589051483,22.78059418442727,22.83205061077776,3187400
2008-07-23,23.309858322143555,23.515685396386697,23.251050786942976,23.251050786942976,3801600
2008-07-24,23.287805557250977,23.567142391233567,23.26575220654219,23.26575220654219,5173600
2008-07-25,23.427471160888672,23.552437329067196,23.317205822668434,23.317205822668434,5849800
2008-07-28,23.23634910583496,23.77296802019677,23.23634910583496,23.77296802019677,2641000
2008-07-29,23.471580505371094,23.53038663951632,23.353965432916127,23.405421851854893,3637900
2008-07-30,23.464231491088867,23.58919769203278,23.19224573535833,23.478933726984007,5642900
2008-07-31,23.48628807067871,23.758272461682825,23.398076045274696,23.47158583276428,4035000
2008-08-01,23.309858322143555,23.603897400228682,23.206945486063102,23.574492931587276,4288200
2008-08-04,23.50833511352539,23.70681107765199,23.243701896772205,23.434825341395282,3127000
2008-08-05,24.272836685180664,24.30959087351287,23.57449589020939,23.817078580698656,3273800
2008-08-06,24.368396759033203,24.368396759033203,23.846477255242842,24.089059915278927,9167000
2008-08-07,24.074369430541992,24.30224996747583,23.890595618095105,24.081719149206897,3833600
2008-08-08,24.49336814880371,24.515420104147733,23.99350326379423,24.008205502078653,6504700
2008-08-11,24.515413284301758,24.625678638678036,24.361044031506527,24.60362668946856,2849600
2008-08-12,24.463972091674805,24.6109917209516,24.4198681658081,24.463972091674805,3521100
2008-08-13,24.478666305541992,24.530122738285236,24.26548805322555,24.390455678577187,5973800
2008-08-14,24.463972091674805,24.67715041391785,24.177285356876457,24.3169552665642,3494100
2008-08-15,24.706541061401367,24.772699717309283,24.412501967551822,24.412501967551822,3045500
2008-08-18,24.500717163085938,24.802105994363856,24.36839984163077,24.802105994363856,2169700
2008-08-19,24.390445709228516,24.48600881847634,24.16991782987241,24.375743476716224,7032300
2008-08-20,24.236083984375,24.33899683968755,24.037607990201515,24.316944886167715,4168500
2008-08-21,24.08171272277832,24.324295436472365,23.91999371781405,24.059660768502532,2710300
2008-08-22,24.48601531982422,24.53011922490711,24.177273963419626,24.287539334456593,3494500
2008-08-25,24.089065551757812,24.390454415430565,23.98615269160104,24.302243793034062,2075000
2008-08-26,24.059654235839844,24.228725715766586,23.9567414049422,24.081706184128098,1344500
2008-08-27,24.09642219543457,24.118476960497517,23.905298657939955,24.08171995344792,2616300
2008-08-28,24.236083984375,24.265485654346445,24.111116371377623,24.13317112906245,1667100
2008-08-29,23.97144889831543,24.3022422160433,23.97144889831543,24.236083552497725,2408300
2008-09-02,23.92734146118164,24.486015226190798,23.92734146118164,24.1846263912291,5185200
2008-09-03,24.06700897216797,24.103763157422918,23.861180487243992,24.000850317043223,3009000
2008-09-04,23.53774070739746,23.949394890154178,23.427476744977124,23.897935663665475,11658100
2008-09-05,23.41277313232422,23.567143792298697,23.155489633754932,23.273104707029646,5803200
2008-09-08,23.80237579345703,23.868534452589223,23.523038921102803,23.809725509287382,7640400
2008-09-09,23.596546173095703,23.99349810899774,23.40542272478988,23.89793498276252,3408600
2008-09-10,23.50098991394043,23.596551660315583,23.405428167565276,23.537745510302134,5239000
2008-09-11,23.596546173095703,23.795022141046722,23.15549033598096,23.15549033598096,3970400
2008-09-12,23.817075729370117,23.817075729370117,23.523036649584515,23.677405904597936,3869100
2008-09-15,23.155494689941406,23.640657323659287,23.155494689941406,23.37602264996496,6297700
2008-09-16,23.118741989135742,23.54509569880492,22.802650864510937,22.95702016607226,7324900
2008-09-17,22.751192092895508,23.184898279502075,22.354240097527118,22.79529740279782,6844100
2008-09-18,23.045225143432617,23.074628210028344,22.31013025147038,22.54536039256514,14902300
2008-09-19,23.297779083251953,24.42759408463574,22.935943688817297,24.17652439731987,4821000
2008-09-22,22.74393653869629,23.57098941667688,22.49286699047691,23.083619448594934,4334300
2008-09-23,22.204879760742188,22.82516917133469,22.204879760742188,22.69224981071318,3316600
2008-09-24,22.411645889282227,22.64794637544161,22.32303250274146,22.404261323031996,4029600
2008-09-25,22.817785263061523,23.098393123224334,22.433796300976564,22.433796300976564,9256200
2008-09-26,22.773487091064453,23.054093639038395,22.544571111786052,22.707027386038085,5521100
2008-09-29,22.263959884643555,22.935939995892475,21.414754388847214,22.49287583029286,8689400
2008-09-30,22.19011688232422,22.485493948471166,21.990739193675935,22.352574550397485,3309800
2008-10-01,22.337799072265625,22.50763985114788,22.227033408145104,22.227033408145104,6053600
2008-10-02,22.37472152709961,22.588869708317773,22.10149963684556,22.337800106836706,6353400
2008-10-03,21.894733428955078,22.596251598583112,21.894733428955078,22.596251598583112,6814400
2008-10-06,21.07505989074707,22.064567331741895,20.240622629948664,21.71011677898602,8545000
2008-10-07,20.5655517578125,21.252301098886104,20.225868667099142,21.207993690230655,5060200
2008-10-08,20.196321487426758,20.543387560515676,19.605569016587893,19.960021062475864,9958100
2008-10-09,18.64560317993164,20.410473683680692,18.46099324745707,20.410473683680692,10773200
2008-10-10,17.8259334564209,18.859750137042138,16.90288385476759,17.79639660156819,15960800
2008-10-13,19.97480010986328,20.55078377865222,18.623455055959845,18.963138165798174,7756200
2008-10-14,20.380937576293945,21.089839067000902,19.819723191919902,21.00861165147952,12535900
2008-10-15,18.387144088745117,20.211090636545322,18.387144088745117,20.211090636545322,8958600
2008-10-16,19.347124099731445,19.716344014547218,18.01054699400556,18.926212213733216,11304400
2008-10-17,19.273279190063477,20.31447920232149,18.918828421733547,18.918828421733547,7743000
2008-10-20,20.048643112182617,20.292328224167466,19.50958232028618,19.53173602445293,8094200
2008-10-21,19.989564895629883,20.462165910656385,19.94525890258668,20.011718596382547,4888900
2008-10-22,19.494808197021484,19.75326237899986,18.73421619188127,19.75326237899986,10562300
2008-10-23,19.04436683654785,19.63511822850948,18.42407717075693,19.05913456500008,7834800
2008-10-24,18.977901458740234,19.214201944923815,17.89239416369917,17.89239416369917,10636200
2008-10-27,18.165613174438477,19.014818373504603,17.81116252919618,18.616060341260773,5929000
2008-10-28,19.310203552246094,20.307097722115127,18.15085310764659,18.778527318931715,7073300
2008-10-29,19.17727279663086,19.82710032804301,18.933587824466688,19.42095776879503,7502500
2008-10-30,19.627729415893555,19.834493062602252,19.192049830356655,19.406198043925894,4827900
2008-10-31,19.642488479614258,20.09293555948203,19.509569161191788,19.664640760377075,6100100
2008-11-03,19.79018211364746,20.033867142511248,19.69418557859403,19.69418557859403,3951600
2008-11-04,20.048643112182617,20.358787928205366,19.9895679762003,20.23325308818515,3884000
2008-11-05,19.75326156616211,20.248016211260534,19.524345658269382,20.019100303367807,5999500
2008-11-06,19.273279190063477,19.664651385254466,18.87452101934569,19.568654830338417,8637100
2008-11-07,19.516969680786133,19.635119969655445,19.05175168595849,19.24374625748676,5676300
2008-11-10,19.376663208007812,20.026491122195687,19.2363592297346,20.026491122195687,4835800
2008-11-11,19.02958869934082,19.443114478131545,18.904053911864487,19.36188567198164,10628000
2008-11-12,18.608686447143555,19.00005870121939,18.43884419602706,18.77114272162198,4237700
2008-11-13,19.605571746826172,19.605571746826172,18.113924754484053,18.47576000663637,7599700
2008-11-14,18.85974884033203,19.723721855953254,18.85974884033203,19.11081701893447,5996900
2008-11-17,18.534835815429688,19.073896431168887,18.468376133109853,18.52006668414486,6151400
2008-11-18,18.660369873046875,18.79328923240563,18.02531133764919,18.394531154329364,5928200
2008-11-19,17.907163619995117,18.911442112896506,17.79639794115147,18.763753602130294,6997800
2008-11-20,17.397642135620117,18.010547142944247,16.51151517781173,17.707786922968605,12781400
2008-11-21,17.419795989990234,17.47887112102712,16.23829196079032,17.183495465842697,9508400
2008-11-24,17.76686668395996,18.217315551865866,17.43456951635055,17.501029231564946,6284000
2008-11-25,17.885009765625,18.342843018257295,17.737322664602527,18.232077340374936,6164700
2008-11-26,18.165613174438477,18.254225131518222,17.54532384103363,17.54532384103363,6608700
2008-11-28,18.401920318603516,18.564376571496872,18.12131380752187,18.269000926026145,1595100
2008-12-01,17.456708908081055,18.31329859473556,17.309021856721525,18.31329859473556,5771700
2008-12-02,17.907163619995117,17.936701885533168,17.412408939928937,17.65609399676977,7442500
2008-12-03,18.335464477539062,18.483153035558587,17.552718500345517,17.693021081155344,10260400
2008-12-04,17.988401412963867,18.431464349303436,17.803791386668138,18.121320857250826,8388100
2008-12-05,18.601301193237305,18.71206689486482,17.53056279109262,17.633943924816656,8018200
2008-12-08,18.74898338317871,19.15512606002577,18.55698889369024,19.15512606002577,9152900
2008-12-09,18.45360565185547,18.800671760888033,18.268995749685892,18.652984684229438,8474900
2008-12-10,18.401920318603516,18.6751436709528,18.283770060415225,18.616067133396477,7121300
2008-12-11,18.51268196105957,18.926207774284645,18.254227799620697,18.254227799620697,9030800
2008-12-12,18.549612045288086,18.601302616104064,18.054857225608494,18.261619508872407,6547800
2008-12-15,18.51268196105957,18.852364935412282,18.33545661253454,18.852364935412282,4292500
2008-12-16,19.24374771118164,19.332361138758856,18.56438279463181,19.24374771118164,7632100
2008-12-17,19.125577926635742,19.34711056563133,18.933583536224056,19.007427749222582,8981200
2008-12-18,19.26589012145996,19.576034823397855,19.036974229791607,19.15512445829539,6011900
2008-12-19,19.383281707763672,19.673027510416023,19.271841123439224,19.509581414543092,8949500
2008-12-22,19.24955177307129,19.472432934000963,18.9449468585136,19.465004790074655,5075900
2008-12-23,19.256975173950195,19.55415043247467,19.13067551194687,19.338698901435706,3210200
2008-12-24,19.190113067626953,19.27926636533895,19.10838932947792,19.197542627189918,876900
2008-12-26,19.204975128173828,19.30898614389842,19.12325137750804,19.24955107533525,1040500
2008-12-29,19.175256729125977,19.2866973046434,18.885510949371923,19.25698047912586,1559400
2008-12-30,19.546730041503906,19.60616512108448,19.242125081522953,19.256984205679114,2865700
2008-12-31,19.72502899169922,19.843899112963324,19.591301168059815,19.673023490776625,2383000
2009-01-02,20.126211166381836,20.230222139558588,19.606153466411612,19.73245311257334,3589100
2009-01-05,20.029638290405273,20.14850985503873,19.80675711793591,20.14850985503873,3880700
2009-01-06,19.702741622924805,20.1187870450963,19.539294144289002,20.066781544455317,5726300
2009-01-07,19.524436950683594,19.6878830165342,19.368419027652134,19.368419027652134,3947300
2009-01-08,19.635879516601562,19.635879516601562,19.30898593452681,19.427856070364214,5521700
2009-01-09,19.427852630615234,19.68788153811222,19.31641207512897,19.64330559932642,3906400
2009-01-12,19.175256729125977,19.502150312081707,19.078675274889225,19.49472075144137,4811700
2009-01-13,19.338703155517578,19.45014372484826,19.123250160040367,19.17525566459177,5286200
2009-01-14,19.063810348510742,19.219828240361352,18.885505198569593,19.0192344152863,3907600
2009-01-15,19.19753646850586,19.2644010660784,18.67747880228459,19.108383199394762,7710700
2009-01-16,19.360992431640625,19.52443993955602,19.108393025811253,19.412997941597755,4456600
2009-01-20,18.8929386138916,19.54672429714445,18.878079494102213,19.32384316847826,8967000
2009-01-21,19.29412269592285,19.360987310192964,18.78149587590998,19.145535766356428,6294300
2009-01-22,19.37584686279297,19.479857857526405,19.019236523383878,19.182682574685497,4778900
2009-01-23,19.37584686279297,19.450141037764077,19.026666082585344,19.227258512850753,4563300
2009-01-26,19.271846771240234,19.54673353199584,19.1678343006175,19.44272247841743,6881000
2009-01-27,19.673019409179688,19.836466854789816,19.42784965780783,19.464997448648006,5819200
2009-01-28,19.97763442993164,20.111363711289012,19.769612362970438,19.888482520389427,8140600
2009-01-29,19.695316314697266,19.925627045983894,19.606162996465454,19.717604998516197,3911100
2009-01-30,19.487287521362305,19.769605104359677,19.398135644553104,19.739886867394254,5236200
2009-02-02,19.613590240478516,19.82904324080828,19.29412622870335,19.316414909888973,5822100
2009-02-03,20.118783950805664,20.274801845776516,19.64330354145335,19.725025851158655,6915500
2009-02-04,20.029638290405273,20.415966978593183,19.933056826880264,20.304526392358497,4998200
2009-02-05,20.20050811767578,20.245084052762916,19.82903868551499,19.82903868551499,4569900
2009-02-06,20.363962173461914,20.46797320195441,20.096503623573795,20.20051606911028,4571800
2009-02-09,20.304519653320312,20.386243384055604,20.08906811371381,20.371384266277648,3548500
2009-02-10,19.628454208374023,20.222805016323747,19.58387825203882,20.18565862221843,6174100
2009-02-11,19.873620986938477,19.903339231212158,19.680456650291195,19.687886211359615,4152600
2009-02-12,20.10392951965332,20.10392951965332,19.5318675502042,19.65816582346352,6363500
2009-02-13,19.799320220947266,20.11135459702223,19.799320220947266,20.11135459702223,4067600
2009-02-17,19.457569122314453,19.732455706717854,19.353556718420386,19.64330383714399,5869300
2009-02-18,19.450143814086914,19.561584383928896,19.301555442935122,19.479860638091036,5876100
2009-02-19,19.412996292114258,19.687884357587368,19.40556814878914,19.680454797218502,3896800
2009-02-20,19.212400436401367,19.412992862750546,19.06381208936009,19.08610076652933,6713200
2009-02-23,18.83350944519043,19.368425171602198,18.736926553380187,19.16040309763078,8094100
2009-02-24,19.108379364013672,19.167814392477055,18.81120422169675,18.95236294568836,4738900
2009-02-25,18.722063064575195,19.04152563910121,18.632909762515233,19.026667936294267,7642000
2009-02-26,17.785959243774414,18.9449436340249,17.77852968406878,18.9449436340249,7675700
2009-02-27,17.072738647460938,17.704237109260408,17.035592262608397,17.473926405678395,9912200
2009-03-02,16.33722686767578,17.57793493495298,16.322367749015324,17.57793493495298,11638500
2009-03-03,16.300085067749023,16.701271464994075,16.18121491915464,16.48581985205824,7500900
2009-03-04,16.768131256103516,16.961295546021844,16.352085856225948,16.909290048167588,5910800
2009-03-05,16.322368621826172,16.857285585858012,16.121776177357855,16.67898040352861,6274200
2009-03-06,16.56011390686035,16.56011390686035,16.06977277681796,16.352090440086123,8982500
2009-03-09,16.25550079345703,16.582394271740167,16.121772995882576,16.35208363381137,7060200
2009-03-10,16.84242057800293,16.872137389479843,16.381797955244174,16.389227512374184,7928700
2009-03-11,16.537818908691406,17.10988216112493,16.51553023313982,17.02815843447917,10766500
2009-03-12,17.347623825073242,17.39962932202579,16.456096566607126,16.456096566607126,8992100
2009-03-13,17.92711067199707,18.03855261351905,17.444200787893376,17.49620627151395,11528600
2009-03-16,17.733949661254883,18.172282246652383,17.733949661254883,18.09055994278673,6934800
2009-03-17,18.008846282958984,18.04599409369081,17.60023028421753,17.696811758032098,4510800
2009-03-18,18.038555145263672,18.38030632390325,17.845390881102603,17.845390881102603,6840200
2009-03-19,17.600223541259766,18.25400917217804,17.436776070747538,18.25400917217804,9299700
2009-03-20,17.604711532592773,17.866352974278062,17.53743226399281,17.686942066621874,4831700
2009-03-23,18.247602462768555,18.314881734226088,17.746746456268717,17.926157371545063,5069900
2009-03-24,18.008386611938477,18.322356047514944,17.926156080339773,18.127993880174166,6040800
2009-03-25,18.12799644470215,18.33730990664128,17.806551331157927,18.008389159545878,4271700
2009-03-26,18.329832077026367,18.404586977750615,18.045763739440446,18.284978281093135,6769600
2009-03-27,18.135469436645508,18.40458650196325,18.135469436645508,18.247601071917533,4769800
2009-03-30,18.030811309814453,18.105564773969146,17.799071008275916,17.94858078824717,5020300
2009-03-31,18.098094940185547,18.449442607924357,18.09062073204043,18.270031669982394,8359200
2009-04-01,18.09061050415039,18.195266468989338,17.67198379313344,17.881297148641913,6837200
2009-04-02,18.16537094116211,18.464390542921578,18.098091673349344,18.464390542921578,10706500
2009-04-03,17.866348266601562,18.34477865345232,17.75421665709135,18.31487613047318,6395700
2009-04-06,18.03828239440918,18.150415422900757,17.71683884700281,17.71683884700281,4378400
2009-04-07,17.83645248413086,18.038288871057553,17.679467043375432,17.83645248413086,8460600
2009-04-08,17.956058502197266,18.06819013726417,17.836451234681753,17.963534134645872,3328800
2009-04-09,18.03828239440918,18.30739938145987,17.99343003851096,18.30739938145987,3903800
2009-04-13,18.180320739746094,18.27002689820325,18.015861112710827,18.015861112710827,4172700
2009-04-14,18.098094940185547,18.299932780057027,18.07566946408742,18.2775073039589,2812000
2009-04-15,18.202743530273438,18.27749840782195,17.941102171769,18.09061192686602,3259800
2009-04-16,18.28497314453125,18.412056012313382,18.060709931189017,18.225169525917938,3834100
2009-04-17,18.494287490844727,18.57651800542966,18.284974101824357,18.314876625611898,4678600
2009-04-20,18.135469436645508,18.48681560738615,18.053238905391506,18.195273070512663,7361300
2009-04-21,17.963533401489258,18.217699191044073,17.83645050671185,18.03081266494971,6848900
2009-04-22,17.769174575805664,17.948585503404498,17.671992765545063,17.671992765545063,5203200
2009-04-23,17.784120559692383,17.799070396510924,17.41034754844199,17.79159476518621,3337300
2009-04-24,17.761688232421875,17.926147793764788,17.679457738835197,17.731785716270192,3625500
2009-04-27,17.956058502197266,18.083141402161385,17.84392686713036,17.94858286974866,4275900
2009-04-28,18.023334503173828,18.210221003038075,17.903727257327176,17.978480716608203,3778100
2009-04-29,18.09061050415039,18.240118821658804,17.903724037891937,18.03080689198091,6880800
2009-04-30,18.07567024230957,18.329836105127946,17.94858731090038,18.090621510906285,6006000
2009-05-01,18.045766830444336,18.120521743973125,17.881307161346108,18.045766830444336,4935300
2009-05-04,18.34477424621582,18.412052055094186,18.068181678431834,18.068181678431834,3309000
2009-05-05,18.554094314575195,18.561569946812195,18.299928521841476,18.34478231526347,5663300
2009-05-06,18.44196319580078,18.68865336316127,18.277503559504158,18.68865336316127,6639300
2009-05-07,18.815732955932617,18.97271693219209,18.441959954365288,18.561567200800365,8924300
2009-05-08,19.129711151123047,19.189514801903954,18.897972182575973,19.07738313491869,5632400
2009-05-11,18.800779342651367,18.98766582006506,18.785828082258913,18.980190189868832,4615500
2009-05-12,19.107269287109375,19.189499777236506,18.755923292091385,18.957760990132318,5275500
2009-05-13,19.062421798706055,19.301636275498073,18.88301094111204,18.88301094111204,6741300
2009-05-14,19.084856033325195,19.249315692936452,19.025052391118255,19.226888792422113,4525000
2009-05-15,18.935335159301758,19.13717286859189,18.815727944721782,19.13717286859189,5882700
2009-05-18,19.12222671508789,19.12222671508789,18.793306074270685,18.995143837442438,4691900
2009-05-19,18.980188369750977,19.122222478197514,18.920384759746728,19.062418868193266,6561300
2009-05-20,19.054946899414062,19.27921154938701,19.002618908836283,19.002618908836283,8416100
2009-05-21,18.883014678955078,19.05494993995463,18.68117688952202,18.950293942099428,4996800
2009-05-22,18.905447006225586,18.98767613137752,18.74098590425883,18.897971371969692,3655700
2009-05-26,19.07737159729004,19.182027566404823,18.606416884612216,18.830681508783297,4412900
2009-05-27,18.883014678955078,19.137180467315734,18.85311215052157,19.099802306773853,4591100
2009-05-28,18.980188369750977,19.129698107676862,18.793301910258887,18.845629890783787,5720000
2009-05-29,19.30910873413086,19.316584363531398,18.905434727315395,18.957762707288648,6549200
2009-06-01,19.436199188232422,19.51095408566107,19.286689393375127,19.451150452884367,7529000
2009-06-02,19.555797576904297,19.682880417097493,19.301631896517907,19.391338017878574,6533300
2009-06-03,19.51095199584961,19.540853096119726,19.346490953955737,19.428721474902673,5920700
2009-06-04,19.24183464050293,19.555804030126417,19.16707975233907,19.525902930359415,20046600
2009-06-05,19.27922248840332,19.428730914052117,19.01010532607123,19.107285731451366,9662400
2009-06-08,19.069902420043945,19.211936587496943,18.86806461774197,19.18203405715689,6260100
2009-06-09,18.972719192504883,19.16708134757491,18.9203911941843,19.16708134757491,5337700
2009-06-10,18.890485763549805,19.182028216438187,18.76340289996218,19.152127121033818,6176800
2009-06-11,19.092323303222656,19.279209781480525,18.853107413354817,18.868058673814808,6493300
2009-06-12,19.15960121154785,19.346487690663274,18.987665992961023,19.092323390830526,17595700
2009-06-15,18.56905174255371,19.10728460979022,18.56905174255371,18.957776192918065,15870500
2009-06-16,18.643800735473633,18.912916370601632,18.58399710257507,18.5989469414264,6354500
2009-06-17,19.069902420043945,19.174558424571877,18.673702448025008,18.673702448025008,7463300
2009-06-18,19.436199188232422,19.555806453785827,19.054950494594287,19.10727849504502,10436700
2009-06-19,19.59397315979004,19.826876581300525,19.51132940928796,19.7141814697952,10601600
2009-06-22,19.240863800048828,19.458740851416817,19.188272837063323,19.458740851416817,6224400
2009-06-23,19.180753707885742,19.376092533582877,19.128161328162964,19.368579336479623,6001600
2009-06-24,19.27842140197754,19.391116486675838,19.15069992385393,19.315985952545056,4161500
2009-06-25,19.81184959411621,19.92454469411314,19.210806672472668,19.331014970202187,8134500
2009-06-26,19.81184959411621,19.89449190318279,19.608997554324166,19.83438775431803,4967700
2009-06-29,19.932056427001953,19.9545945855474,19.60148291604226,19.774282152204616,4266200
2009-06-30,19.766775131225586,19.94708762090767,19.616515439655327,19.88698345768031,5414000
2009-07-01,19.81937026977539,19.879474445663394,19.714188320220533,19.879474445663394,5535800
2009-07-02,19.346040725708008,19.72169200193535,19.346040725708008,19.608996905666324,4989900
2009-07-06,19.496305465698242,19.518843629381273,19.18827147606337,19.225836037532535,5551600
2009-07-07,19.421165466308594,19.676608372480192,19.413652271068784,19.541373724154585,7325600
2009-07-08,19.601486206054688,19.729207713567728,19.51884245619446,19.593973007613204,5312000
2009-07-09,19.35355567932129,19.68412923363623,19.270911932493547,19.68412923363623,5232600
2009-07-10,19.26340103149414,19.458739908111006,19.218323270119846,19.30848022586463,3640100
2009-07-13,19.601486206054688,19.63905076526602,19.218321683515562,19.368582786353052,4616500
2009-07-14,19.69164276123047,19.751748351936364,19.50381708926301,19.50381708926301,4204700
2009-07-15,19.86444091796875,19.86444091796875,19.55640697013266,19.811849965849802,5320700
2009-07-16,19.992158889770508,20.059776225710767,19.804333275046606,19.871950610986868,5610000
2009-07-17,19.932056427001953,20.05226471589714,19.834386296652212,20.05226471589714,5462300
2009-07-20,19.977134704589844,20.022212455866867,19.781795871728228,19.98464790196866,3615000
2009-07-21,20.270143508911133,20.307709498161696,20.05977970109184,20.149935209301262,5665700
2009-07-22,20.19501304626465,20.367813731534298,20.112370735566266,20.277656789959003,7369700
2009-07-23,20.6007137298584,20.713408813459132,20.14993196245972,20.24760208577723,6627500
2009-07-24,20.961339950561523,20.991392739097957,20.54812413915633,20.675845624444523,4141500
2009-07-27,20.946311950683594,21.074033426181483,20.796052318506838,20.961338343799987,4662000
2009-07-28,21.089067459106445,21.134145221789947,20.908754975376194,20.9538327380597,5460100
2009-07-29,21.074033737182617,21.156677467546672,20.93128729945747,20.93128729945747,4113100
2009-07-30,21.10408592224121,21.434659401277965,21.081546332876535,21.4046066154584,5080500
2009-07-31,20.938806533813477,21.276891883433898,20.938806533813477,21.036475252682624,5961600
2009-08-03,21.0665283203125,21.186736637241847,20.863676248120665,21.05150192244729,8179700
2009-08-04,21.119110107421875,21.119110107421875,20.961335864353792,20.98387545136225,4449900
2009-08-05,20.8185977935791,21.156684592567476,20.788546429778034,21.156684592567476,4502100
2009-08-06,20.668333053588867,20.931289229267296,20.57066292088174,20.818592701836632,7178800
2009-08-07,20.758485794067383,20.96133779685852,20.720921245252292,20.758485794067383,5144100
2009-08-10,20.92378044128418,20.96134500301333,20.683363807026794,20.79605892521042,4903700
2009-08-11,20.89372444152832,21.036472333602347,20.841133489973668,20.97636818425475,4956200
2009-08-12,21.00641441345215,21.1266241157926,20.781024266679466,20.95382347473823,5316800
2009-08-13,20.98387908935547,21.081547784000577,20.750975715204977,21.066522823052267,7561800
2009-08-14,20.98387908935547,21.081547784000577,20.728436124288812,21.028956838191995,5772400
2009-08-17,20.90123748779297,21.02895898335516,20.72092504105739,20.72092504105739,7543000
2009-08-18,20.886215209960938,21.02896312914234,20.766006888438568,21.02896312914234,4171500
2009-08-19,21.179224014282227,21.186737213419157,20.766006659728422,20.863676815512285,5693200
2009-08-20,21.329477310180664,21.352016900841186,21.111600332445395,21.194242632209086,4320800
2009-08-21,21.547359466552734,21.675080969839676,21.367047008911644,21.41963796326579,4980200
2009-08-24,21.697612762451172,21.705125958438682,21.50978716175026,21.67507460748425,6183900
2009-08-25,21.697612762451172,21.840360620222633,21.645021823534215,21.67507460748425,4663200
2009-08-26,21.705121994018555,21.84786982571726,21.599940135396007,21.64501787009205,6038200
2009-08-27,21.697612762451172,21.772743289330656,21.47973581079583,21.705125958438682,4339700
2009-08-28,21.53984260559082,21.810311962558178,21.38958153327656,21.765232781066423,5794400
2009-08-31,21.502281188964844,21.614976293133182,21.3219673027003,21.412124245832572,5478100
2009-09-01,21.156673431396484,21.58491552886581,21.111595692977467,21.502273247263524,7560600
2009-09-02,21.201757431030273,21.29942756494306,21.08154913774984,21.15667967929908,5343700
2009-09-03,21.10408592224121,21.28439833817152,21.00641580132331,21.28439833817152,4183200
2009-09-04,21.404603958129883,21.44216993574062,21.16418743340325,21.20926517354061,6434900
2009-09-08,21.30693244934082,21.49475801343446,21.209262353534744,21.487244818911275,6484500
2009-09-09,21.554868698120117,21.60745964279624,21.306938935364283,21.336990289609595,4642600
2009-09-10,21.720157623291016,21.720157623291016,21.47222782749715,21.584922928676914,4851400
2009-09-11,21.727676391601562,21.780267356768892,21.630007661004573,21.712649992126234,5386300
2009-09-14,21.8103084564209,21.832846610547843,21.554865534348103,21.554865534348103,3940200
2009-09-15,21.61497688293457,21.855393493852805,21.61497688293457,21.810315737554646,5793600
2009-09-16,21.8103084564209,21.8103084564209,21.569890492767545,21.660047408262,5151700
2009-09-17,21.795291900634766,21.840369662226593,21.68259678015709,21.68259678015709,5022300
2009-09-18,21.702472686767578,21.891124221138682,21.702472686767578,21.883577987048202,6988100
2009-09-21,21.91376495361328,21.951494688264184,21.6345600235864,21.6345600235864,4603100
2009-09-22,21.845849990844727,22.00431660143899,21.725113114402305,21.959040632597358,3830700
2009-09-23,21.536457061767578,21.88357514913274,21.536457061767578,21.815660490422722,4194000
2009-09-24,21.513816833496094,21.66473716711752,21.430809714461457,21.649646141263062,5084000
2009-09-25,21.528907775878906,21.642098377913026,21.430808198631834,21.460993126799114,3526200
2009-09-28,21.76283836364746,21.936397407854084,21.56664062003687,21.61191657954799,4043700
2009-09-29,21.79301643371582,21.9212994864882,21.694918305970564,21.785471641755485,6430200
2009-09-30,21.634557723999023,21.860938986436086,21.468544894164975,21.860938986436086,7156000
2009-10-01,21.325172424316406,21.649653336422368,21.310079954149344,21.649653336422368,7927000
2009-10-02,21.242156982421875,21.347802793038397,21.174242332488618,21.18178856462527,5993000
2009-10-05,21.37798500061035,21.42326095141922,21.12141888053257,21.21951845313106,4785600
2009-10-06,21.55154800415039,21.604370196429457,21.27234457659053,21.430811153427726,7127800
2009-10-07,21.56664276123047,21.604372491352844,21.44590589768254,21.528913031108097,4128500
2009-10-08,21.58927345275879,21.74773998763432,21.551542297338607,21.68737157825844,4539400
2009-10-09,21.79301643371582,21.815655127486163,21.566635253198182,21.581727715711743,5196500
2009-10-12,21.89867401123047,21.94394998382849,21.762844654139197,21.762844654139197,3940100
2009-10-13,21.687379837036133,21.830755403638893,21.642103872586773,21.830755403638893,4488800
2009-10-14,22.0194034576416,22.042040716643186,21.702468877948803,21.860935448146837,10170200
2009-10-15,22.07977294921875,22.125048908710184,21.928851165184902,21.981673357807708,6474200
2009-10-16,22.064680099487305,22.109956058191873,21.921304551076595,22.011857907782513,5617300
2009-10-19,22.25333595275879,22.29861192030592,22.01186220677803,22.079776877747253,5105500
2009-10-20,22.042036056518555,22.29860215913606,21.9892138776202,22.29860215913606,4748900
2009-10-21,21.755294799804688,22.07977566792335,21.74020233168359,22.03449970285704,9425100
2009-10-22,21.891128540039062,21.989226723975154,21.574193842195683,21.71002320402817,5381800
2009-10-23,21.66474151611328,21.966585122541822,21.589282053803128,21.966585122541822,6078400
2009-10-26,21.430810928344727,21.860936134438806,21.38553496962345,21.732653051981202,7268000
2009-10-27,21.521366119384766,21.657195446422328,21.408175493285764,21.49118118480002,8489700
2009-10-28,21.30253028869629,21.57418895076922,21.279893026388173,21.49118181751428,9471600
2009-10-29,21.491180419921875,21.513819120054716,21.264799175780855,21.340260070260143,5806700
2009-10-30,21.181791305541992,21.57418679164409,21.15160781238626,21.42326500797504,6955000
2009-11-02,21.272350311279297,21.4383631659532,21.159159663124495,21.189343164293756,6993400
2009-11-03,21.279890060424805,21.332712250844043,21.151606981136624,21.204429171555862,4974100
2009-11-04,21.55154800415039,21.81566040484251,21.31762053578733,21.31762053578733,8205300
2009-11-05,21.90620994567871,21.95903212875424,21.68737354231261,21.717558469382364,6651700
2009-11-06,22.004308700561523,22.02694739650223,21.770381266360566,21.860933171530224,5297600
2009-11-09,22.37407112121582,22.39670982291322,22.02695299763739,22.132597393631357,4541800
2009-11-10,22.524993896484375,22.54763115986557,22.306157421819425,22.336342358723698,3583400
2009-11-11,22.555173873901367,22.65327346423282,22.39670729777687,22.607996065942864,5100100
2009-11-12,22.4268856048584,22.638175763464123,22.374063425031082,22.472162992678776,3450400
2009-11-13,22.472171783447266,22.607999682152816,22.389164645935246,22.40425711444598,3706900
2009-11-16,22.69854736328125,22.84946913195771,22.464619917199723,22.607994014216043,3769100
2009-11-17,22.7589168548584,22.796646579156292,22.630633777230152,22.728733363279428,8409100
2009-11-18,22.8872013092041,22.909840008722643,22.64572760486026,22.83437911629099,4641000
2009-11-19,22.77401351928711,22.826835718762016,22.5325397849464,22.826835718762016,8943200
2009-11-20,22.932477951049805,22.955116651241713,22.668366978628494,22.73628020061051,4254800
2009-11-23,23.143762588500977,23.294684341467242,23.038118225002492,23.068301712017842,4316900
2009-11-24,23.324872970581055,23.39278763045839,23.09094549727958,23.20413611730953,6797100
2009-11-25,23.46824836730957,23.46824836730957,23.279596855416884,23.377695008310482,6534300
2009-11-27,23.234323501586914,23.347514133558914,22.902296400411668,23.121131430317938,3394300
2009-11-30,23.151315689086914,23.26450631774708,23.068308556397557,23.26450631774708,5203100
2009-12-01,23.558801651000977,23.558801651000977,23.21168353988373,23.21168353988373,5944900
2009-12-02,23.5059757232666,23.611621537993393,23.392785115406227,23.521068188127096,4983300
2009-12-03,23.392791748046875,23.63426549709402,23.339969545354943,23.573897059832234,7722800
2009-12-04,23.377696990966797,23.694631615397526,23.287145063584838,23.54371125666195,6784300
2009-12-07,23.34751319885254,23.611625622411573,23.324874497645677,23.377696694498102,4296700
2009-12-08,23.166404724121094,23.35505622370092,23.1286735606271,23.249410405214448,5625400
2009-12-09,23.36260223388672,23.36260223388672,23.12867476522728,23.196589423756922,6328300
2009-12-10,23.604080200195312,23.65690239886379,23.422974902204697,23.445612164892918,6752500
2009-12-11,23.604080200195312,23.709724597532265,23.566349030219996,23.604080200195312,5955100
2009-12-14,23.822914123535156,23.883282553397738,23.69463103016506,23.777638160962443,4646500
2009-12-15,23.830455780029297,23.830455780029297,23.68708024690768,23.822909547833778,4171700
2009-12-16,23.709726333618164,23.96629255104887,23.709726333618164,23.905924113965003,6069700
2009-12-17,23.490888595581055,23.702178833743524,23.36260549371402,23.505981063870586,16428000
2009-12-18,23.62063217163086,23.635807997806126,23.43093868617937,23.537168022159786,10356100
2009-12-21,23.840682983398438,23.992438386775245,23.46888383709672,23.47647175199024,9174900
2009-12-22,23.946908950805664,24.007610817772665,23.81791730259495,23.81791730259495,3957200
2009-12-23,23.871023178100586,24.015190606083106,23.855848801928357,24.015190606083106,3457400
2009-12-24,23.871023178100586,23.91655064835581,23.7951469555009,23.901374824937403,2198500
2009-12-28,23.99243927001953,24.007613653118405,23.855859691401797,23.96967552450096,6543900
2009-12-29,23.962087631225586,24.098667209968134,23.931737417753265,24.007613675057488,10151100
2009-12-30,23.893795013427734,23.97726062327835,23.82550523214026,23.886207099146162,3637000
2009-12-31,23.575105667114258,23.92414242590672,23.575105667114258,23.908966600036088,3511000
2010-01-04,23.984853744506836,23.992441660435695,23.72687039191367,23.87862436874984,5580900
2010-01-05,23.749624252319336,24.030371252927292,23.749624252319336,23.94690565461884,5428600
2010-01-06,23.99243927001953,23.99243927001953,23.749630326228647,23.749630326228647,4883600
2010-01-07,24.075897216796875,24.075897216796875,23.848265609460327,23.90137955468909,6114600
2010-01-08,24.113840103149414,24.136602398669392,23.946908884020708,24.12142801740496,4284800
2010-01-11,24.250411987304688,24.28076363652857,24.144184109513688,24.24282552224501,4177700
2010-01-12,24.075897216796875,24.212476760097392,23.984845152760844,24.144186988447135,5791400
2010-01-13,24.394588470458984,24.470464722654317,24.129015798788352,24.13660371345723,8056100
2010-01-14,24.61463165283203,24.622221015023054,24.349061866017955,24.440113950855125,7801400
2010-01-15,24.447704315185547,24.660160153345615,24.303535372582324,24.523580573244512,9691800
2010-01-19,25.039535522460938,25.04712198692141,24.53115846333094,24.53115846333094,17749900
2010-01-20,24.827089309692383,25.160948869408234,24.63739578598017,25.123010743564482,16706200
2010-01-21,24.288347244262695,24.940893153346522,24.265584957268874,24.819489465225733,15057200
2010-01-22,24.022781372070312,24.447695794795077,23.97725534365207,24.212474845600397,13221000
2010-01-25,24.022781372070312,24.265588786629408,24.000017634238016,24.265588786629408,7485600
2010-01-26,23.886207580566406,24.007611317025074,23.757215929673237,23.93173506717343,9292600
2010-01-27,24.05314064025879,24.091078768081452,23.77239357373192,23.802745233787498,13238800
2010-01-28,23.901386260986328,24.159369593551325,23.83309647017519,24.129017932192212,12890200
2010-01-29,23.734451293945312,24.045548518859448,23.734451293945312,23.97725874292741,11902000
2010-02-01,23.871023178100586,23.939312936237243,23.673743262645992,23.77238322037329,6463000
2010-02-02,24.364234924316406,24.37182139115083,23.8103287743724,23.939320419257083,9894100
2010-02-03,24.0379581451416,24.30352786075842,23.962080463288338,24.280765569274926,5967400
2010-02-04,23.430944442749023,23.92414878389165,23.41577006009212,23.840683166668104,10027700
2010-02-05,23.393001556396484,23.506817363027075,22.96808853626059,23.36265135001003,14325900
2010-02-08,23.279186248779297,23.484055573453844,23.210896473887782,23.408177884991435,6971500
2010-02-09,23.461292266845703,23.67374950902224,23.27918667951434,23.575108078021987,8632900
2010-02-10,23.31712532043457,23.484056531309882,23.135019729045073,23.484056531309882,7047300
2010-02-11,23.476476669311523,23.55235438689308,23.135027663818086,23.16537932974954,4335600
2010-02-12,23.42334747314453,23.46887349519716,23.142600534786684,23.30194233559395,6966800
2010-02-16,23.62822151184082,23.65857316602456,23.385414067357004,23.65857316602456,5786100
2010-02-17,23.810331344604492,23.931736535759963,23.67375321814231,23.71169134539623,10161600
2010-02-18,23.924148559570312,23.939322942084935,23.757217326688426,23.817919198487264,5326600
2010-02-19,23.924148559570312,23.977262516488445,23.787568986211237,23.84827085801007,4369300
2010-02-22,23.85585594177246,24.0076098796366,23.704100556661707,24.0076098796366,6989700
2010-02-23,23.62822151184082,23.87861686987057,23.582695477811736,23.787564801812405,4313800
2010-02-24,23.802743911743164,23.848269952051133,23.61305038867212,23.696514554695607,4352100
2010-02-25,23.817909240722656,23.817909240722656,23.521987920327636,23.63580370146063,5437900
2010-02-26,23.825510025024414,23.954501699266537,23.76480814580735,23.85586168825642,8794500
2010-03-01,24.05314064025879,24.136604810918012,23.825507531582375,23.825507531582375,6249900
2010-03-02,24.136600494384766,24.235241924677787,24.06072280506242,24.091074459689978,5321100
2010-03-03,24.0379581451416,24.250413917635058,24.000018580591767,24.250413917635058,5066800
2010-03-04,23.962087631225586,24.083491379608553,23.871034096314943,24.06831554924897,10135600
2010-03-05,24.295940399169922,24.295940399169922,23.984843218845615,24.01519342199498,5832200
2010-03-08,24.151775360107422,24.303529285463565,24.144187446752643,24.303529285463565,4370700
2010-03-09,24.136600494384766,24.197302356393337,24.045548424995186,24.075898632376198,4838900
2010-03-10,24.151775360107422,24.23524095976352,24.11383724058001,24.151775360107422,4063400
2010-03-11,24.341476440429688,24.341476440429688,24.015201872846486,24.144193537927205,6033900
2010-03-12,24.159360885620117,24.379406009420656,24.09865903202796,24.379406009420656,4899700
2010-03-15,24.318702697753906,24.318702697753906,24.113834846500566,24.159360874862823,5500100
2010-03-16,24.387001037597656,24.402176868135854,24.227659158687146,24.31871124742262,5494000
2010-03-17,24.394588470458984,24.455288893316553,24.2807711976725,24.371823279205596,11159700
2010-03-18,24.5615177154541,24.62980750276094,24.333886055929167,24.394589375532398,7125700
2010-03-19,24.552379608154297,24.70464300826623,24.461022729760256,24.552379608154297,8386700
2010-03-22,24.712261199951172,24.887363138457765,24.590451029503825,24.590451029503825,7909200
2010-03-23,24.834068298339844,24.834068298339844,24.628513116603404,24.681804878070274,5713500
2010-03-24,24.56761360168457,24.81884581861009,24.56761360168457,24.788395452807737,6315000
2010-03-25,24.468637466430664,24.75032290199949,24.445798970195746,24.75032290199949,5120600
2010-03-26,24.28591537475586,24.52953706513487,24.240236943099678,24.52953706513487,6811000
2010-03-29,24.544767379760742,24.544767379760742,24.346824091306136,24.354437406407573,4818700
2010-03-30,24.544767379760742,24.57521773598373,24.44579573553344,24.544767379760742,3440100
2010-03-31,24.46102523803711,24.57522062169376,24.354440266192782,24.50670222982653,4834400
2010-04-01,24.59806251525879,24.643739507964582,24.461025728775095,24.590447747019052,5602900
2010-04-05,24.5295467376709,24.681807268503714,24.491478700779226,24.62090363700728,4655600
2010-04-06,24.514314651489258,24.559991638906634,24.453408129355658,24.461022896713768,3978900
2010-04-07,24.407737731933594,24.514321270261714,24.2935394241914,24.514321270261714,4733200
2010-04-08,24.316375732421875,24.37728080978176,24.23263070651769,24.331600912693155,4561700
2010-04-09,24.422964096069336,24.453414460837525,24.316379106829945,24.354444240927865,4155000
2010-04-12,24.354448318481445,24.499098466036866,24.34683499996884,24.392514911044465,4513500
2010-04-13,24.37727165222168,24.430563393380567,24.240234916618235,24.308753284419957,7279200
2010-04-14,24.293537139892578,24.392508803684024,24.20218024479919,24.392508803684024,6331200
2010-04-15,24.225011825561523,24.323983461093608,24.156493447759694,24.30875683222848,5119600
2010-04-16,24.08036994934082,24.263086653712783,23.966173098177155,24.194568252596234,8928300
2010-04-19,24.278305053710938,24.301144998400208,23.996619662999972,24.08036322267795,11270000
2010-04-20,24.33159828186035,24.400116667993178,24.247854717102452,24.362051543293354,5741100
2010-04-21,23.9052677154541,24.34682993263814,23.813910816501117,24.34682993263814,13931400
2010-04-22,23.631195068359375,23.791070364202803,23.4789316371918,23.783457047435256,4291800
2010-04-23,23.8671932220459,23.890031711780885,23.478922923548385,23.631186298207037,10974900
2010-04-26,23.615962982177734,23.966166760076874,23.593123037148562,23.90526169209044,7321500
2010-04-27,23.34189224243164,23.737775957746116,23.3038271149209,23.562674047850244,10692000
2010-04-28,23.494150161743164,23.593120341378437,23.296208350381423,23.50937533793161,10333300
2010-04-29,23.813899993896484,23.958548593516152,23.615958200000502,23.615958200000502,10236400
2010-04-30,23.50937843322754,23.928102053500545,23.50937843322754,23.8824236147387,12506600
2010-05-03,23.623579025268555,23.722549227641448,23.49415555933998,23.509380739026287,5629700
2010-05-04,23.48653793334961,23.70731824524595,23.387566297047837,23.516989739225437,14483400
2010-05-05,23.562673568725586,23.608352011227957,23.143949914164093,23.2124683039634,9627700
2010-05-06,22.930784225463867,23.55506163393153,21.72029453749693,23.486543240115168,21647700
2010-05-07,22.626256942749023,22.94600895694005,22.33695819281027,22.94600895694005,18182100
2010-05-10,23.23531150817871,23.47131852162907,23.022142993135084,23.022142993135084,13168100
2010-05-11,23.18962287902832,23.418017941773815,23.022134328021224,23.075426073701156,8829300
2010-05-12,23.37995719909668,23.395183830826323,23.15917684738293,23.387570514961503,6115800
2010-05-13,23.12872886657715,23.372350673620655,23.12872886657715,23.2962189496753,6872600
2010-05-14,22.81658172607422,23.105881880404993,22.633866526961196,22.999296925187238,13544100
2010-05-17,22.81658172607422,22.90794005167639,22.473991272271547,22.869874929728756,11950000
2010-05-18,22.63386344909668,23.006907111402196,22.611024959870317,22.968841994630843,11648200
2010-05-19,22.580575942993164,22.770904466755475,22.443539173549677,22.48921906475844,12608800
2010-05-20,21.872554779052734,22.3826353082628,21.86494146344166,22.26843847827966,15946600
2010-05-21,21.925846099853516,21.986751171438442,21.507123914218585,21.636547372847982,16465100
2010-05-24,21.872554779052734,22.10856320672156,21.712679507494634,21.834489653088845,10310900
2010-05-25,21.78119659423828,21.78119659423828,21.293954588887996,21.423378042358813,16411700
2010-05-26,21.644163131713867,22.0019802861578,21.62132318275683,21.910623394512868,12620400
2010-05-27,22.085723876953125,22.085723876953125,21.82687694731049,21.82687694731049,9438500
2010-05-28,21.979143142700195,22.199923521180093,21.90301142691372,22.07811335675842,13301500
2010-06-01,21.735519409179688,22.08572468950049,21.69745428075184,21.895396143178107,11633700
2010-06-02,22.20752716064453,22.230367101055073,21.743125203600957,21.9258403706121,10510200
2010-06-03,22.336959838867188,22.405478236392497,22.177083093944244,22.20753636044068,8442500
2010-06-04,21.682226181030273,22.055269932322513,21.60609447723581,21.994364859705236,11034700
2010-06-07,21.651769638061523,21.92584167888607,21.651769638061523,21.712674697365998,9478700
2010-06-08,21.705074310302734,21.735526132045543,21.438613972616068,21.65939585164251,10571000
2010-06-09,21.606094360351562,21.857327965050136,21.529964109060423,21.735517820474552,8428600
2010-06-10,22.017202377319336,22.070494128468354,21.811647235380576,21.811647235380576,6967900
2010-06-11,22.199918746948242,22.237983870609483,21.948685155346432,21.95629847049696,7042100
2010-06-14,22.237974166870117,22.443529229964362,22.230362307132484,22.268427414183673,6416400
2010-06-15,22.61863899230957,22.63386562131589,22.33695361614894,22.3445669306521,4921200
2010-06-16,22.702390670776367,22.732843937737602,22.496835475063094,22.55012869224526,5576900
2010-06-17,22.732839584350586,22.74045289963293,22.504444482154533,22.74045289963293,5710800
2010-06-18,22.611175537109375,22.77186485730005,22.565264928257154,22.77186485730005,6962900
2010-06-21,22.57291603088379,22.90194520993421,22.45813878363808,22.848382591851003,7458600
2010-06-22,22.35100555419922,22.756553266018226,22.320398978301036,22.59586545874198,7226400
2010-06-23,22.259191513061523,22.404576808798492,22.144414262520517,22.36631675230354,6431100
2010-06-24,22.0985050201416,22.289800948658822,22.067898430504343,22.15971965888823,10192000
2010-06-25,22.19797706604004,22.312754317531915,22.021985183121032,22.09850237780099,8439200
2010-06-28,22.15971565246582,22.34336099497518,22.02198383479157,22.21327972872296,6556200
2010-06-29,21.75417137145996,21.976073870712646,21.63174210439531,21.9301632604314,15076600
2010-06-30,21.578174591064453,21.85363964978044,21.532262531718743,21.647041220611364,9503400
2010-07-01,21.3945369720459,21.539922293351633,21.03490113457611,21.539922293351633,23346200
2010-07-02,21.44809341430664,21.59347722431082,21.325664174581195,21.432789394473044,10103400
2010-07-06,21.555219650268555,21.72355949795833,21.37922779230128,21.593478242184318,11667300
2010-07-07,21.97606658935547,21.999022616626036,21.47104566517499,21.57817233296614,8794500
2010-07-08,22.15971565246582,22.21327972872296,22.006679813003814,22.05259041889523,7165200
2010-07-09,22.21328353881836,22.220935551024734,22.098504815194826,22.205631526611985,4261600
2010-07-12,22.175016403198242,22.25153504137784,22.09084721472515,22.167364393433118,5026200
2010-07-13,22.343368530273438,22.481100394397743,22.305108462900847,22.305108462900847,5439300
2010-07-14,22.343368530273438,22.389279151648203,22.159723125829686,22.274501868475117,5958300
2010-07-15,22.412229537963867,22.46579215930049,22.197977593145392,22.335710881994984,4594500
2010-07-16,21.94547462463379,22.44284387089225,21.91486656789297,22.30511053450353,9790100
2010-07-19,22.044939041137695,22.1291097039159,21.945465815604088,22.03728703002405,5391900
2010-07-20,21.983720779418945,21.99137278926828,21.669995672954478,21.79242491160053,8178400
2010-07-21,21.624088287353516,22.044938675317045,21.57817768090539,21.976072035908924,14343400
2010-07-22,21.761817932128906,21.983720375798892,21.677647284803246,21.838336569745724,10500800
2010-07-23,21.75417137145996,21.807733993366746,21.555223447611905,21.75417137145996,8858800
2010-07-26,22.067899703979492,22.106158308101886,21.777129058549395,21.84599571354746,10261500
2010-07-27,22.09085464477539,22.167371849219194,21.99137994384305,22.113809222319684,6225700
2010-07-28,21.792430877685547,22.12146009392658,21.754172277436517,22.052593445900687,9662900
2010-07-29,21.77712059020996,22.060239112826523,21.669995372746648,21.91485384664658,10540100
2010-07-30,21.861295700073242,21.953118376263664,21.49400791425541,21.578178579140634,7539400
2010-08-02,22.27450180053711,22.289804367967132,22.09085785612582,22.098508410104664,11733200
2010-08-03,22.45813751220703,22.542306710370443,22.305100218228787,22.305100218228787,10266000
2010-08-04,22.680036544799805,22.710644582744045,22.4351780791322,22.4734381265625,9458100
2010-08-05,22.687686920166016,22.687686920166016,22.51169509307749,22.603517740824945,4285100
2010-08-06,22.73360252380371,22.75655855566696,22.40457482392796,22.46578944942482,8894200
2010-08-09,22.794818878173828,22.878988077056896,22.680040176972877,22.878988077056896,4061700
2010-08-10,22.8483829498291,22.940204165275528,22.54230833974926,22.63413101466759,8692600
2010-08-11,22.259191513061523,22.565264667661516,22.228583467865562,22.53465808193748,13216600
2010-08-12,22.35100555419922,22.4122216249385,22.029629939646725,22.08319254207214,9553700
2010-08-13,22.2668399810791,22.351009173030455,22.16736530949337,22.205625359900072,4340300
2010-08-16,22.152069091796875,22.213283730504024,21.983727740748133,22.13676506725206,4641300
2010-08-17,22.45813751220703,22.542306710370443,22.220931020065372,22.28214564576231,7183200
2010-08-18,22.427536010742188,22.59587737511034,22.2821521444798,22.419883997864343,4410100
2010-08-19,22.01433563232422,22.34336486032296,21.945468981837408,22.305104799234677,8736200
2010-08-20,21.93781280517578,22.00667944258967,21.800079530347997,21.983723410294434,5606200
2010-08-23,22.037282943725586,22.24388282706922,22.014328374112928,22.07554299219938,6570800
2010-08-24,21.56287384033203,21.807732356077757,21.494007200344562,21.800080345026718,12112600
2010-08-25,21.77712059020996,21.868943247658247,21.44044091833337,21.47104749783505,10713000
2010-08-26,21.639392852783203,21.8919033837973,21.55522218928787,21.8919033837973,6566000
2010-08-27,21.861295700073242,21.86894771137844,21.425141271980575,21.70060784107991,7200700
2010-08-30,21.585824966430664,21.884247511871067,21.585824966430664,21.861291482384374,5835000
2010-08-31,21.50166130065918,21.670001181723567,21.455750689363803,21.55522392374912,8756200
2010-09-01,21.9990291595459,22.03728775690416,21.708260024996076,21.708260024996076,10345200
2010-09-02,22.113805770874023,22.15206582659655,21.97607248921671,22.03728711890086,6003300
2010-09-03,22.320398330688477,22.33570234792926,22.182665094464248,22.19031710308464,6604700
2010-09-07,22.190319061279297,22.297444272475268,22.14440846497696,22.297444272475268,3954000
2010-09-08,22.3127498626709,22.381616491710815,22.15206203455885,22.159712584921824,6850700
2010-09-09,22.549955368041992,22.61882199414518,22.45048216337716,22.473438191902083,6305700
2010-09-10,22.779512405395508,22.802466975588054,22.549956487168455,22.549956487168455,5453100
2010-09-13,22.833080291748047,22.940205535993773,22.718303035845913,22.901946937183727,5947100
2010-09-14,22.90960121154785,23.00142244154965,22.733607845012152,22.75656388224867,8386700
2010-09-15,23.123849868774414,23.131501880573595,22.82542870596655,22.856036753163266,4894200
2010-09-16,23.03203010559082,23.07028870753901,22.91725284027413,22.993770044170514,4913900
2010-09-17,23.027408599853516,23.181231421665228,22.981260433030577,23.11201063840796,6038900
2010-09-20,23.33505630493164,23.38120300595306,23.050481803515666,23.127393949869482,5467800
2010-09-21,23.35044288635254,23.47350175406375,23.250456639476294,23.335060161144284,7579700
2010-09-22,23.38889503479004,23.4888812679967,23.296601630113205,23.327365609346412,5875600
2010-09-23,23.265840530395508,23.427354752242447,23.219693819436024,23.242766441427023,8156800
2010-09-24,23.5811824798584,23.596565208056475,23.41966823471169,23.450432224130143,5571100
2010-09-27,23.404277801513672,23.58117471662164,23.388895078379793,23.58117471662164,4840600
2010-09-28,23.596567153930664,23.64271387535265,23.304301161976493,23.45812552268688,5634600
2010-09-29,23.511959075927734,23.604253967955827,23.42735554715011,23.511959075927734,7966300
2010-09-30,23.450429916381836,23.750385751837293,23.365826386595913,23.596562885927277,8680300
2010-10-01,23.450429916381836,23.65040096234466,23.3273710368628,23.61963550897612,8791700
2010-10-04,23.219694137573242,23.488885977983877,23.15816469979174,23.435046436319737,6193600
2010-10-05,23.650400161743164,23.68885551017451,23.41197377411832,23.535032649471628,6786200
2010-10-06,23.55809783935547,23.681158142861786,23.48118716675746,23.59655464263152,5800000
2010-10-07,23.604251861572266,23.719619366079122,23.53503106547267,23.650398569979526,6052000
2010-10-08,23.665775299072266,23.727304717018463,23.565789078049047,23.619627135379837,3678600
2010-10-11,23.68115997314453,23.719615312415694,23.596556466375386,23.650394528145874,2452400
2010-10-12,23.73499870300293,23.796528127755003,23.535027705814393,23.635012470920064,3194600
2010-10-13,23.904207229614258,23.981119386871683,23.773457002369852,23.834986434780316,3323600
2010-10-14,23.85805892944336,23.981117786049683,23.75038132967986,23.873441653263473,5111500
2010-10-15,23.958040237426758,24.02726101763481,23.80421742239103,23.911893539613747,5880600
2010-10-18,24.181087493896484,24.188778855392762,23.950351049939712,23.98880785742111,7161000
2010-10-19,23.727304458618164,23.98880484878591,23.611936984597573,23.98880484878591,8833000
2010-10-20,23.950353622436523,24.058031227972837,23.719618620673813,23.781148052275693,5489400
2010-10-21,24.011884689331055,24.1272536650468,23.834987744800525,24.050341503562127,5983600
2010-10-22,24.019573211669922,24.08879400212247,23.95804378315402,24.08879400212247,4671900
2010-10-25,24.150331497192383,24.334919844395213,24.12725887065314,24.150331497192383,6532600
2010-10-26,24.081106185913086,24.096488912051353,23.9657386738311,24.096488912051353,4005800
2010-10-27,23.93497085571289,24.034955625645576,23.78883791475533,23.988808921597975,5489900
2010-10-28,24.073415756225586,24.158019286288816,23.94266551293585,24.073415756225586,5007000
2010-10-29,23.973430633544922,24.050342799172917,23.88113574139582,24.011885982870147,6751200
2010-11-01,23.973430633544922,24.227239753233025,23.85037175533115,24.10418087501925,6943700
2010-11-02,24.204160690307617,24.227234775348325,24.142631263842965,24.165705348883673,5303500
2010-11-03,24.21954345703125,24.281072883606065,23.973425750731987,24.281072883606065,8271300
2010-11-04,24.334911346435547,24.40413213583634,24.26569055703476,24.396440774016554,7898400
2010-11-05,24.18878936767578,24.38875898557566,24.096494456586893,24.38875898557566,10241400
2010-11-08,24.12725257873535,24.265692702801648,24.073413041235938,24.15801656175762,7745100
2010-11-09,24.02726936340332,24.196474958808576,23.973431286091536,24.196474958808576,7484100
2010-11-10,24.019573211669922,24.058030021353165,23.788838221479622,24.058030021353165,6532400
2010-11-11,24.088794708251953,24.104177432576176,23.84267698697376,23.904206417293306,5827800
2010-11-12,23.78883934020996,23.981118996736743,23.758073891016544,23.94266218524497,6763900
2010-11-15,23.79652976989746,23.92727998989053,23.75807295991285,23.873441922889377,4181900
2010-11-16,23.450429916381836,23.719621765446313,23.381209113280185,23.642709599002526,12265400
2010-11-17,23.48888397216797,23.581177387470138,23.4427357975395,23.48888397216797,5810200
2010-11-18,23.819608688354492,23.8734482365716,23.558108179210723,23.627328988512172,5721600
2010-11-19,23.842676162719727,23.858058886512158,23.70423458254241,23.796529458319714,5078100
2010-11-22,23.850364685058594,23.873438768000106,23.6196282565748,23.811907880156074,7405200
2010-11-23,23.504262924194336,23.650395862226762,23.496571562510816,23.604249159102878,9030600
2010-11-24,23.727304458618164,23.742687179681447,23.59655426353429,23.59655426353429,5591000
2010-11-26,23.51964569091797,23.63501318242898,23.488881711104412,23.604249202615424,2863600
2010-11-29,23.496570587158203,23.542718755343707,23.18123210610986,23.38120310064882,7439200
2010-11-30,23.281225204467773,23.427356712563505,23.21200439874764,23.24276838630236,8214800
2010-12-01,23.727304458618164,23.765759794299353,23.542716206789816,23.542716206789816,8571300
2010-12-02,23.91189956665039,23.91189956665039,23.719619899158495,23.765766608602863,5519300
2010-12-03,23.91189956665039,23.927282292124328,23.796532059550742,23.811913318047235,7769400
2010-12-06,23.75807762145996,23.85806388006084,23.73500499791944,23.827298426036695,5092200
2010-12-07,23.773452758789062,23.942658300970162,23.74268878156392,23.92727704584615,6938200
2010-12-08,23.79652976989746,23.834985112904768,23.681162273898234,23.804221131894383,5222000
2010-12-09,23.834989547729492,23.87344636486952,23.758077380427018,23.87344636486952,3670300
2010-12-10,24.065725326538086,24.088797949151264,23.87344564754808,23.87344564754808,5730100
2010-12-13,24.10417366027832,24.219541140700322,24.073408216444665,24.11955638219515,9561500
2010-12-14,24.350297927856445,24.411827365185466,24.18109234194601,24.188783704984324,5587600
2010-12-15,24.273387908935547,24.434903613054622,24.2503152847597,24.258006648477526,5816700
2010-12-16,24.442588806152344,24.450280167928458,24.18108837367353,24.28107314280848,5071800
2010-12-17,24.484333038330078,24.484333038330078,24.30651853320815,24.44567822402936,6012600
2010-12-20,24.476606369018555,24.553917486699635,24.376102948244,24.538454968246032,3241800
2010-12-21,24.41475486755371,24.515258276381196,24.41475486755371,24.499797234352407,2946300
2010-12-22,24.484333038330078,24.484333038330078,24.383829636396225,24.407021935141998,2646000
2010-12-23,24.468870162963867,24.507526451282796,24.43794660689535,24.43794660689535,2874100
2010-12-27,24.4224910736084,24.44568485323052,24.345179949455023,24.430222333482437,835200
2010-12-28,24.43794822692871,24.47660304322351,24.368368377928697,24.414754452399798,1652600
2010-12-29,24.445682525634766,24.499799865013234,24.42248874822104,24.468874828461594,1990500
2010-12-30,24.36063575744629,24.43021560255523,24.345173241958385,24.41475308706732,3877200
2010-12-31,24.352909088134766,24.40702642795227,24.298791748317264,24.38383412493729,3908500
2011-01-03,24.577110290527344,24.731731045175827,24.47660539914831,24.484336658068763,6877800
2011-01-04,24.654422760009766,24.677616539432947,24.522994292452463,24.623499195365888,4161000
2011-01-05,24.708534240722656,24.75492178856122,24.561644762993915,24.561644762993915,7962800
2011-01-06,24.80904769897461,24.824510220267875,24.716274045802212,24.74719761380155,4966800
2011-01-07,24.793577194213867,24.832232010413087,24.65441749655793,24.832232010413087,6199000
2011-01-10,24.724002838134766,24.778120182671213,24.64669171397397,24.677616753473107,4481000
2011-01-11,24.847698211669922,24.886353033601697,24.74719331530821,24.785851086413857,3356200
2011-01-12,24.979127883911133,25.017782705438492,24.878622988600917,24.955932631655642,2886100
2011-01-13,24.847698211669922,24.90954828609986,24.77811835252318,24.90954828609986,7414600
2011-01-14,24.878625869750977,24.878625869750977,24.785853697506756,24.801316217743157,3907500
2011-01-18,24.97139549255371,24.979128226469534,24.870890595865195,24.886353114522958,8160100
2011-01-19,24.80130958557129,24.994586613080394,24.708534488962076,24.994586613080394,9936400
2011-01-20,24.8631649017334,24.909552465338596,24.700812852876755,24.793585030912784,8811800
2011-01-21,24.886354446411133,24.99459208280822,24.855432356614575,24.94047179002266,8079700
2011-01-24,24.855436325073242,24.94820850762315,24.832241067554886,24.87862863341709,3711500
2011-01-25,24.855436325073242,24.9250161992793,24.762661193348826,24.770393928913116,8002500
2011-01-26,24.824501037597656,24.909543398665953,24.801308738823863,24.8786183675187,7671800
2011-01-27,24.886354446411133,24.932742004867027,24.778119759188083,24.855432356614575,6871900
2011-01-28,24.43794822692871,24.93273695351838,24.414754452399798,24.901811920813163,11096100
2011-01-31,24.49207305908203,24.561652929387495,24.39929940714569,24.561652929387495,9021600
2011-02-01,24.9327449798584,24.96367002251899,24.59257688352785,24.59257688352785,13051200
2011-02-02,24.847698211669922,24.878623248884892,24.77038856780637,24.8554309455606,4627700
2011-02-03,24.878625869750977,24.932743215991287,24.577114098076628,24.762658442565066,6316300
2011-02-04,24.994590759277344,25.00232054402366,24.785851181040197,24.93274068461128,4380100
2011-02-07,24.955936431884766,25.033249035886303,24.932744125271448,24.98686147348538,9145200
2011-02-08,25.0255126953125,25.040975213885023,24.932740533051224,24.932740533051224,5160100
2011-02-09,24.97139549255371,25.02551283326894,24.89408584843878,24.955932973895948,4933400
2011-02-10,24.979127883911133,25.017782705438492,24.878622988600917,24.886352773236855,4383300
2011-02-11,25.03324317932129,25.095090298879004,24.847695922300943,24.87088822348839,4341900
2011-02-14,25.1182804107666,25.1182804107666,24.979120733762787,25.07962265113099,9054900
2011-02-15,25.064167022705078,25.087362274693213,24.963665077727118,25.02551220162326,5502400
2011-02-16,25.19559669494629,25.28836885442579,25.102824535466787,25.12601683804322,4256200
2011-02-17,25.303823471069336,25.327015766403658,25.08735418348807,25.13373877415671,8772000
2011-02-18,25.365678787231445,25.396600871035506,25.2419816044948,25.288366204787625,4583200
2011-02-22,24.979127883911133,25.22652228069486,24.91727781012828,25.11055486693893,12072400
2011-02-23,24.739465713500977,24.986860134702056,24.73173445351506,24.909550484017018,9817600
2011-02-24,24.824501037597656,24.8786183675187,24.638955274474082,24.693072604395127,9063800
2011-02-25,24.979127883911133,25.02551249007443,24.847697951709492,24.901815291682567,6129200
2011-02-28,25.257442474365234,25.288367508937604,24.979126010734785,25.071898165278267,15415100
2011-03-01,25.056434631347656,25.365679066176757,25.048704847605006,25.334754032859145,10264400
2011-03-02,25.133745193481445,25.180132745170628,24.979125919531388,25.017780738018903,11750700
2011-03-03,25.651731491088867,25.667194009700495,25.288369676650312,25.288369676650312,11733900
2011-03-04,25.613073348999023,25.690382982861866,25.435258831775695,25.636265649323178,8793600
2011-03-07,25.419797897338867,25.67492206430439,25.26517567081575,25.67492206430439,8359500
2011-03-08,25.558956146240234,25.636265780498654,25.34248386180435,25.43525896192266,5795000
2011-03-09,25.597610473632812,25.66719032280358,25.466180558899826,25.55122292446115,8000200
2011-03-10,25.19559669494629,25.450720870808365,25.17240439236986,25.396603532014176,12703000
2011-03-11,25.28063201904297,25.35021185653982,25.10281753414501,25.195589667749825,8004000
2011-03-14,25.156938552856445,25.319290547804112,25.048703889558002,25.164668336303453,7608100
2011-03-15,24.8631649017334,24.98686212217289,24.615770460854407,24.731736420693036,12855500
2011-03-16,24.43022346496582,24.832238674925982,24.306526250426217,24.824508889280978,20826500
2011-03-17,24.71626853942871,24.78584986974684,24.592571345814655,24.677613719394394,10301600
2011-03-18,24.828876495361328,25.02303560122565,24.766746114754586,24.976436704791755,16696000
2011-03-21,25.038570404052734,25.240493044863037,24.984203539585256,25.015269472820826,8783300
2011-03-22,25.023042678833008,25.17060144869437,25.007509708961642,25.124002539080273,6413300
2011-03-23,25.007511138916016,25.061875055268843,24.813353448338425,24.976445197396902,7349200
2011-03-24,25.30262565612793,25.34145659251017,25.007505206923913,25.1007000467634,10593600
2011-03-25,25.372526168823242,25.48125696665221,25.294864275842432,25.3026322427073,5281100
2011-03-28,25.364749908447266,25.42688176534869,25.356984907639585,25.38028287267262,3925300
2011-03-29,25.512311935424805,25.520079899850536,25.310389299511517,25.34145523199368,4031500
2011-03-30,25.698701858520508,25.830727613735814,25.636570000106197,25.636570000106197,5202600
2011-03-31,25.714237213134766,25.80743204680816,25.644340347227132,25.683171281040185,3280600
2011-04-01,25.84626579284668,25.900629698622133,25.760835951596487,25.807434854808594,3929600
2011-04-04,26.001590728759766,26.048189628783895,25.93169386002881,25.93169386002881,4286700
2011-04-05,25.885101318359375,25.96276319931055,25.85403538093456,25.900631324460925,4311300
2011-04-06,25.939468383789062,26.024895278185518,25.908402442584233,25.96276635838708,3954000
2011-04-07,25.892864227294922,25.99382703445465,25.807434387591353,25.877331259838762,7031500
2011-04-08,25.8773250579834,26.017118768974743,25.807428202487728,25.939456912917287,6907600
2011-04-11,26.024887084960938,26.087018947810076,25.9549902205608,25.9549902205608,8928500
2011-04-12,25.993824005126953,26.094783837910178,25.916159176897235,25.916159176897235,6200400
2011-04-13,25.970518112182617,26.071480888281332,25.916154224116315,25.986051074860086,4442000
2011-04-14,26.110321044921875,26.156919949429238,25.854034476658242,25.954994325841408,8316200
2011-04-15,26.343307495117188,26.41320436487589,26.21128172035658,26.24234765416279,9761800
2011-04-18,26.048194885253906,26.172455681116677,25.900633153371757,26.172455681116677,7603400
2011-04-19,26.26564598083496,26.281178947949556,26.048190366451763,26.09478630518499,5456100
2011-04-20,26.52193832397461,26.622898177075193,26.459806448887296,26.54523629582692,7116900
2011-04-21,26.59960174560547,26.754928479707853,26.506406890188455,26.685031597492333,4828600
2011-04-25,26.630664825439453,26.65396279613929,26.49087107601898,26.514169046718816,6363700
2011-04-26,26.941312789916992,26.98014668761627,26.669493281684726,26.669493281684726,5800000
2011-04-27,27.244190216064453,27.29078613435145,26.894706015865708,26.910238976164457,8745300
2011-04-28,27.383995056152344,27.399528024461837,27.22090333281883,27.244204266588458,5219400
2011-04-29,27.36845588684082,27.453882740023918,27.329621997764214,27.43835273952502,11660100
2011-05-02,27.64804458618164,27.702408484116244,27.51601882337196,27.5548497558095,14846400
2011-05-03,27.57815933227539,27.64805622513142,27.438368509174822,27.58592729959911,11291300
2011-05-04,27.55484962463379,27.601448520903144,27.407290897029505,27.53931665921067,9434600
2011-05-05,27.37623405456543,27.609222688039488,27.29857216427781,27.50825986057662,11700000
2011-05-06,27.570383071899414,27.70240883638797,27.461655274647597,27.578148073441568,7405100
2011-05-09,27.72571563720703,27.75678157517447,27.430595151738157,27.430595151738157,9030400
2011-05-10,27.89657974243164,27.904347710281627,27.679124044419055,27.842215817928494,7764600
2011-05-11,27.849973678588867,27.997532425458655,27.702411969108468,27.92763555323389,13491000
2011-05-12,28.10626983642578,28.11403780411028,27.67135844966603,27.749020350841235,7867600
2011-05-13,28.020830154418945,28.222752782977274,27.873268461808745,28.15285591874357,10091200
2011-05-16,28.067426681518555,28.17615448093131,27.90433498239942,27.958698882105796,7557200
2011-05-17,28.067426681518555,28.082959647521854,27.873269050392818,27.935400914406017,7397600
2011-05-18,28.28489112854004,28.308192066139252,28.020839511713252,28.067435461689147,5666800
2011-05-19,28.222759246826172,28.401383949087048,28.090730489652774,28.401383949087048,17052500
2011-05-20,27.989774703979492,28.23829632262388,27.90434484208085,28.23829632262388,11701300
2011-05-23,27.70240592956543,27.756772785096885,27.578145179657746,27.69464092883806,27910000
2011-05-24,27.624767303466797,27.741263150616685,27.593701349211834,27.694664219234237,10177500
2011-05-25,27.663578033447266,27.733474898096205,27.500486336803174,27.500486336803174,7239400
2011-05-26,27.70240592956543,27.73347185769484,27.438354428295327,27.60144610705979,6576400
2011-05-27,27.717939376831055,27.741240304639298,27.585913623894427,27.702406412495566,7043300
2011-05-31,28.044137954711914,28.051902958967062,27.811149313110437,27.919877148350373,10185900
2011-06-01,27.65581703186035,28.0208343736668,27.63251906114444,27.950937498908345,12042500
2011-06-02,27.593690872192383,27.663587761420747,27.484963036195225,27.663587761420747,7603400
2011-06-03,27.32962989807129,27.484956611449405,27.283033957885305,27.283033957885305,12026700
2011-06-06,27.16653060913086,27.321857279209393,27.127699682263682,27.251960425804544,6513500
2011-06-07,27.220903396606445,27.453891996573265,27.205370428260554,27.360697149108695,8211900
2011-06-08,27.251964569091797,27.298563465983026,27.135468808168863,27.18983270657016,6631100
2011-06-09,27.5393123626709,27.67134106686386,27.26749291669974,27.314088843089216,6971000
2011-06-10,27.03451156616211,27.430591858557374,27.01121063417847,27.430591858557374,17102600
2011-06-13,27.16653060913086,27.283026352342215,27.01897190199165,27.01897190199165,10150700
2011-06-14,27.39952850341797,27.50825632087426,27.298568651557606,27.37623053185186,8585800
2011-06-15,27.026750564575195,27.36847000401204,26.964621642702973,27.283040144152828,15194100
2011-06-16,27.073341369628906,27.151003239362737,26.894716699152756,27.034510434761994,10648300
2011-06-17,27.13577651977539,27.369906866217775,27.049928031416442,27.29966746457217,16765100
2011-06-20,27.4089298248291,27.440148000226667,27.042126683859447,27.08114791454187,8445200
2011-06-21,27.580623626708984,27.643056993163732,27.440144830774898,27.518187283125513,12641600
2011-06-22,27.416730880737305,27.604033944866533,27.40112179587178,27.541600582532965,7622800
2011-06-23,27.385515213012695,27.416733385595908,27.026515159692124,27.31527581326486,19458700
2011-06-24,27.06553840637207,27.377714201239844,27.018711144003195,27.377714201239844,11042000
2011-06-27,27.206016540527344,27.276255943771332,26.95627710168849,27.12016805021481,6268200
2011-06-28,27.588436126708984,27.658675548724315,27.22943595957718,27.26065414205727,9300200
2011-06-29,27.6430721282959,27.736726694948842,27.565029633215463,27.736726694948842,6541700
2011-06-30,27.728912353515625,27.806957802349444,27.66647897157803,27.76013053304915,11835800
2011-07-01,28.064502716064453,28.080111807152374,27.713305609410504,27.728914700498425,10374800
2011-07-05,27.986454010009766,28.087911590939335,27.89280246145196,28.087911590939335,6410500
2011-07-06,28.064502716064453,28.103523955219398,27.939632964490794,27.939632964490794,6899800
2011-07-07,28.048891067504883,28.189369897357732,27.93963041698143,28.189369897357732,7400100
2011-07-08,27.924022674560547,27.95524085539612,27.76013169086816,27.861589290018983,6741200
2011-07-11,27.541608810424805,27.73671796383876,27.471369396110607,27.682087639053204,11117200
2011-07-12,27.541608810424805,27.814760434352575,27.44795427325293,27.52599972089616,5988800
2011-07-13,27.650859832763672,27.916208308105134,27.572817389421985,27.682078000951698,8597100
2011-07-14,27.604034423828125,27.799143522339747,27.5337950292788,27.70549198865017,9443600
2011-07-15,27.463560104370117,27.650866179361543,27.323081292408812,27.64306014695866,9994600
2011-07-18,27.260635375976562,27.393308094491115,27.057720306671406,27.369895962312707,8569400
2011-07-19,27.502580642700195,27.5572109537153,27.252838250322856,27.315274592699357,9930600
2011-07-20,27.4089298248291,27.557214669403002,27.307475220480615,27.54160558170422,6808400
2011-07-21,27.822568893432617,27.931829552529774,27.596241541228693,27.682090052556365,14621500
2011-07-22,27.775737762451172,27.830368084411084,27.658671085606073,27.80695593989377,7642700
2011-07-25,27.486968994140625,27.67427204954811,27.455750825863248,27.5337932694283,6821100
2011-07-26,27.268457412719727,27.47917568041638,27.237242207124854,27.46356658905406,8696700
2011-07-27,26.792387008666992,27.15919014653888,26.761168833533073,27.14358105897192,13037300
2011-07-28,26.76898193359375,27.065548754392164,26.72996068859847,26.776787968870902,13788400
2011-07-29,26.62849998474121,26.815806106999577,26.370957415906997,26.54265146941987,18230600
2011-08-01,26.175844192504883,26.886041377086208,25.90268959712477,26.886041377086208,27608500
2011-08-02,25.61393165588379,26.097801564953954,25.590519508113683,25.996346939863706,23052100
2011-08-03,25.660755157470703,25.660755157470703,25.13005805372145,25.613927891682508,23351200
2011-08-04,24.638383865356445,25.411017429410965,24.638383865356445,25.301753801777323,26524200
2011-08-05,24.825681686401367,25.192486261756933,24.224746784404253,24.825681686401367,34270900
2011-08-08,23.553579330444336,24.614973695635072,23.545774784986776,24.334016013422268,35749300
2011-08-09,24.41205596923828,24.482295378253177,23.13213900718372,23.850140697119098,33607200
2011-08-10,23.38187599182129,24.28718366902238,23.342854763638364,24.115486692462866,31686400
2011-08-11,24.451080322265625,24.763254686305725,23.428708721822503,23.46772995911572,23576700
2011-08-12,24.69301414489746,24.919341478882583,24.44327466502748,24.630579274929968,14175900
2011-08-15,25.10664176940918,25.161275065529598,24.747641679715056,24.919338669190115,22841300
2011-08-16,25.083219528198242,25.254916448551807,24.810068043206574,24.966154393406963,16553800
2011-08-17,25.10664176940918,25.39540542936798,24.888120493443903,25.153469033028493,12656600
2011-08-18,24.279386520385742,24.661800329594087,24.06866825146536,24.607169998073594,14270400
2011-08-19,24.216943740844727,24.575943795727376,24.014030083864114,24.05305131119852,18010300
2011-08-22,24.201335906982422,24.65398901488408,24.17011773264773,24.59935869836285,11770100
2011-08-23,24.98957633972168,25.01298848134006,24.24035654808017,24.294986863275653,12479500
2011-08-24,25.27834129333496,25.28614732661871,24.856906298459155,24.895927533489704,11758600
2011-08-25,24.849098205566406,25.309555858289254,24.763249714479763,25.215904312162447,15550800
2011-08-26,25.16126823425293,25.247113728554332,24.23254710928981,24.708613740215732,12478900
2011-08-29,25.801233291625977,25.824645435332904,25.411015018488357,25.442230217721207,11473900
2011-08-30,25.887081146240234,26.04316906500204,25.52808101707868,25.762211406656675,11804700
2011-08-31,26.066585540771484,26.246085614668075,25.855867286076464,26.019758269573842,10386100
2011-09-01,25.894886016845703,26.339734630207758,25.840255694301543,26.05877698447819,9625000
2011-09-02,25.325166702270508,25.71538497818491,25.270536381812825,25.489057663643553,11320900
2011-09-06,25.387598037719727,25.418816211794645,24.693010038761958,24.739837299874335,44453200
2011-09-07,25.99634552001953,26.004148576473494,25.582712076851138,25.691972729983707,10855700
2011-09-08,25.715381622314453,26.089990761050093,25.6685543635492,25.824642248971248,9130800
2011-09-09,24.9505558013916,25.4656452904394,24.833490617384427,25.43442711413638,16098500
2011-09-12,25.036401748657227,25.059813888544287,24.5759426538324,24.64618205062226,13393200
2011-09-13,25.293954849243164,25.348585183358576,24.966171355985725,25.09884566250814,11253500
2011-09-14,25.535888671875,25.816846348060167,25.0208005912454,25.379800743202175,14000300
2011-09-15,25.770015716552734,25.785624805097942,25.364188345764987,25.723188450917107,12105200
2011-09-16,25.908893585205078,25.97951152414286,25.657808245242602,25.85396885416162,11861400
2011-09-19,25.665660858154297,25.75982013305576,25.453806979387352,25.524424938976335,11646000
2011-09-20,25.901046752929688,26.16782531384944,25.61857797652068,25.759813861311933,10829700
2011-09-21,25.202720642089844,25.9559798478166,25.187027430181566,25.916745321458848,14044800
2011-09-22,24.69269561767578,24.82608488461252,24.394532166245387,24.5749995578108,26670000
2011-09-23,24.700544357299805,24.857473448415313,24.457305612998823,24.543616762771023,17981500
2011-09-26,25.108562469482422,25.13994889093101,24.614238304362743,24.904555219827444,13336900
2011-09-27,25.493032455444336,25.79904250728439,25.37533490019516,25.508722669182603,14319000
2011-09-28,25.053640365600586,25.618584038443753,25.01440733466031,25.587197613691533,15072000
2011-09-29,25.218406677246094,25.55580315432118,24.849625281873152,25.375335758495268,12782900
2011-09-30,24.896705627441406,25.375338020999017,24.888859023020668,24.9516303617998,10356100
2011-10-03,24.104219436645508,25.05363773343369,24.088527722505095,24.708394580366445,48032100
2011-10-04,24.363149642944336,24.386689457311327,23.625586751820695,23.892365328299235,20949700
2011-10-05,24.755468368530273,24.771161576501672,24.30822241745216,24.38668696072248,16962400
2011-10-06,25.053640365600586,25.053640365600586,24.629932610968208,24.739783601013883,9795500
2011-10-07,25.030099868774414,25.21841392242353,24.951635305607184,25.092871219990787,10780900
2011-10-10,25.602893829345703,25.642125368300825,25.289035531355598,25.289035531355598,6615000
2011-10-11,25.563655853271484,25.61073249089356,25.438110171149134,25.508728120756054,5107500
2011-10-12,25.579343795776367,25.830429151346245,25.563653580080096,25.657809840125417,8411100
2011-10-13,25.555810928344727,25.64212209894611,25.35180515588396,25.5165793943916,5970000
2011-10-14,25.799047470092773,25.85397220826175,25.649963472342332,25.85397220826175,6229400
2011-10-17,25.35179901123047,25.736272141228117,25.312564493612648,25.70488572440324,6750800
2011-10-18,25.54011344909668,25.736274079263588,25.10071405656712,25.265489764132482,9932600
2011-10-19,25.493032455444336,25.79904250728439,25.383180007064293,25.69703815894665,6233500
2011-10-20,25.46949005126953,25.610725914214857,25.17917321884771,25.438103638798783,6920500
2011-10-21,25.97951316833496,26.01874469396698,25.736272920338774,25.736272920338774,6784700
2011-10-24,26.37183380126953,26.379678908945134,25.979512567672955,26.05797561712288,36228400
2011-10-25,25.83827781677246,26.301217012436787,25.767659871902527,26.26983059401157,8333400
2011-10-26,26.183521270751953,26.277680532611473,25.853972833765074,26.073671791756325,8655700
2011-10-27,26.819076538085938,26.88969447135519,26.450293665105033,26.677840671547425,16385700
2011-10-28,26.842626571655273,26.921092639088766,26.662159106319866,26.662159106319866,10215300
2011-10-31,26.33260154724121,26.72492276997212,26.324753446609492,26.646456729521905,12897900
2011-11-01,25.830427169799805,26.13644022952541,25.751964124643482,25.838275270219423,13507200
2011-11-02,26.003042221069336,26.136432952503817,25.83826807621422,26.105046545910707,6063500
2011-11-03,26.285524368286133,26.332603996936033,26.018745792284044,26.222751530086267,7748400
2011-11-04,26.042280197143555,26.175670961689338,25.853967697185436,26.097204925729105,5672500
2011-11-07,26.348304748535156,26.387536287053038,25.948135273399,26.05798477851888,5520200
2011-11-08,26.670001983642578,26.693540302673068,26.269832601081312,26.473841343258304,4987600
2011-11-09,25.901046752929688,26.293367989977945,25.79904538638206,26.214904939837695,13047000
2011-11-10,26.26983070373535,26.395373384786982,26.01090023357983,26.152136123909614,6093300
2011-11-11,26.732769012451172,26.811232063059386,26.497376867453017,26.497376867453017,7084000
2011-11-14,26.55230712890625,26.67000472249319,26.434609535319307,26.56015223833078,4100200
2011-11-15,26.615068435668945,26.693534470583444,26.379676317271812,26.536605393927626,5627500
2011-11-16,26.10505485534668,26.528762499705586,26.089361647054858,26.324753785085328,10464700
2011-11-17,25.830427169799805,26.089360606527627,25.610728248823452,26.065822291615394,10134200
2011-11-18,25.775501251220703,25.932430327471714,25.744117830509037,25.901043913586875,6194700
2011-11-21,25.281187057495117,25.477347719348618,25.18702778472004,25.4145748708319,7436600
2011-11-22,25.34395408630371,25.461651667559025,25.202718186066868,25.27333613618529,5160500
2011-11-23,24.975173950195312,25.171336097191187,24.94378902435513,25.171336097191187,6472400
2011-11-25,24.881011962890625,25.07717258005597,24.857473646646298,24.904551775721693,2497600
2011-11-28,25.54796600341797,25.595042647232198,25.304725702072393,25.304725702072393,7381200
2011-11-29,25.65781021118164,25.814739308975664,25.571499057736247,25.602885475929767,4789900
2011-11-30,26.58368682861328,26.615070251547113,26.183517506179765,26.207058814846867,13397100
2011-12-01,26.6229190826416,26.772000073481284,26.520914724081045,26.520914724081045,5970200
2011-12-02,26.293365478515625,26.80338423523232,26.230595643033705,26.771997820904755,15173400
2011-12-05,26.340452194213867,26.670003647064135,26.207064387156535,26.567999269613573,43739100
2011-12-06,26.450300216674805,26.615074437392217,26.34045073619653,26.38753036776173,5064200
2011-12-07,26.64645767211914,26.772000348107067,26.30906116918155,26.411065528788463,6479800
2011-12-08,26.152141571044922,26.57584633711259,26.09721383054387,26.52092158978578,7784600
2011-12-09,26.536611557006836,26.591536297616564,26.230601432702958,26.277681064585813,5605900
2011-12-12,26.222753524780273,26.41891416931576,26.10505893396332,26.35614431951483,5421500
2011-12-13,26.175676345825195,26.528766097341045,26.097210293725098,26.379682094937777,5022800
2011-12-14,26.15998649597168,26.285529202285478,26.08936853659678,26.144293283535678,5186800
2011-12-15,26.450300216674805,26.520918167435674,26.309064315153066,26.324757525674798,6535300
2011-12-16,26.361913681030273,26.630188290877463,26.354024579251845,26.630188290877463,5777300
2011-12-19,26.361913681030273,26.66963981968702,26.28301062341116,26.480271277417657,4601700
2011-12-20,26.914257049560547,26.953708597331,26.622311984107007,26.661763531877458,5208900
2011-12-21,27.087852478027344,27.127304033089157,26.874810468740694,26.985276026898056,5196900
2011-12-22,27.28511619567871,27.293005303554644,27.072074163496044,27.19832095923825,3699900
2011-12-23,27.458698272705078,27.490260717940064,27.285110843833543,27.34823272434307,2240300
2011-12-27,27.521814346313477,27.58493620660135,27.403456719579435,27.403456719579435,2224100
2011-12-28,27.221988677978516,27.52182591780033,27.16675589826933,27.52182591780033,5908200
2011-12-29,27.419240951538086,27.46658460942843,27.19830990130276,27.19830990130276,4775400
2011-12-30,27.371904373168945,27.513932373614562,27.32456371299413,27.3403449363726,2711600
2012-01-03,27.726970672607422,27.82165499027685,27.640175460593696,27.695408230064213,18864300
2012-01-04,27.59282684326172,27.719073567038695,27.498139542959496,27.70329235032166,6174000
2012-01-05,27.671730041503906,27.70329247508012,27.387674159236667,27.44290691301537,5939700
2012-01-06,27.719079971313477,27.782201842806113,27.584941103206596,27.711187856151888,6762500
2012-01-09,27.76641845703125,27.7900917907098,27.54548740909668,27.77431057157736,10695300
2012-01-10,27.971569061279297,28.034690922806767,27.932117521579684,27.955787843407542,7122300
2012-01-11,27.995243072509766,28.042586732364292,27.84532599791034,27.940010307659456,3501000
2012-01-12,28.082029342651367,28.105699660067685,27.876879568472322,28.05835902523505,3404900
2012-01-13,27.955781936645508,27.979452253472076,27.73485095304044,27.90054919074424,4826800
2012-01-17,28.129384994506836,28.302972412920816,28.09782255117329,28.176725649546892,5792900
2012-01-18,28.28719711303711,28.295089230502803,28.066265983371988,28.121498765788267,6940400
2012-01-19,28.28719711303711,28.318759562978098,28.13727999075876,28.216183105650334,4447600
2012-01-20,28.28719711303711,28.373992345394377,28.18462366567024,28.326651680443792,7768900
2012-01-23,28.160953521728516,28.342433114560134,28.0820503978752,28.295092444232637,5658200
2012-01-24,28.16884422302246,28.263528568875476,28.08204898517341,28.08204898517341,4382200
2012-01-25,28.373985290527344,28.421328953667366,27.99524501528762,28.058369899474314,6827200
2012-01-26,28.24773597717285,28.48444825154259,28.15305166941693,28.48444825154259,5074500
2012-01-27,28.263526916503906,28.358211256821388,28.137280126093632,28.137280126093632,3500700
2012-01-30,28.224071502685547,28.239852725575798,27.97157795636254,28.089932613098668,5297700
2012-01-31,28.24773597717285,28.50812158595148,28.17672199386594,28.326642075269348,7538700
2012-02-01,28.523910522460938,28.658046410574443,28.3345388457564,28.3345388457564,13009200
2012-02-02,28.41343879699707,28.55546678624845,28.247740479523916,28.55546678624845,5953400
2012-02-03,28.57914161682129,28.618593169237847,28.476565172569828,28.579141616821286,8292500
2012-02-06,28.421327590942383,28.52390401784743,28.334532384327346,28.452890031522397,4095400
2012-02-07,28.523910522460938,28.555469960277787,28.29508729101482,28.389771624386746,3442200
2012-02-08,28.523910522460938,28.555469960277787,28.366101293533937,28.531799629424977,4758300
2012-02-09,28.373985290527344,28.523905385490668,28.29508219525412,28.508124164443995,6164500
2012-02-10,28.255632400512695,28.28719183460375,28.105712296248775,28.208288734435616,3648100
2012-02-13,28.46867561340332,28.539686600647705,28.381880393490675,28.389769499864343,5493800
2012-02-14,28.587024688720703,28.60280590834808,28.40554517794568,28.47655916128894,4253200
2012-02-15,28.53179359436035,28.658040348806015,28.44499838631145,28.610696687153872,5725300
2012-02-16,28.689599990844727,28.72116242886681,28.437106506587593,28.48444715366096,5059900
2012-02-17,28.59491729736328,28.689601606802913,28.539681522733574,28.67382038690299,4531300
2012-02-21,28.38976287841797,28.67381880098598,28.342419221336712,28.64225636293181,7076000
2012-02-22,28.38976287841797,28.47655807808706,28.287186459721795,28.36609255485722,4212300
2012-02-23,28.41343879699707,28.46078246340098,28.350316918418876,28.40554969090993,3551600
2012-02-24,28.555469512939453,28.59492407702364,28.437114850568815,28.49234762833391,7647200
2012-02-27,28.610687255859375,28.673812117253604,28.34241261485202,28.413426578941,9274100
2012-02-28,28.721176147460938,28.768516817146445,28.547585665384208,28.579148118482014,4370300
2012-02-29,28.547578811645508,28.784291133126455,28.547578811645508,28.705388029286297,6353900
2012-03-01,28.697486877441406,28.736938416940056,28.547569823362725,28.57124014507001,6010100
2012-03-02,28.65015411376953,28.75272754268521,28.579140119156946,28.75272754268521,3602700
2012-03-05,28.587024688720703,28.736941760240974,28.5475731446322,28.618587127975456,3395800
2012-03-06,28.21616554260254,28.50022139534012,28.15304369197142,28.429207432155724,4316000
2012-03-07,28.342426300048828,28.373988745985933,28.18462009028433,28.27930441813513,4343200
2012-03-08,28.658039093017578,28.729053077403954,28.492340799436015,28.492340799436015,4186400
2012-03-09,28.776405334472656,28.87897877926322,28.681717987027923,28.697499211602047,4698200
2012-03-12,28.776405334472656,28.831638115501676,28.713280436176166,28.72117255344364,2426600
2012-03-13,29.186702728271484,29.202480939957326,28.863195209427005,28.92631708605116,7159400
2012-03-14,29.178808212280273,29.241933093672166,29.11568634084839,29.11568634084839,6217000
2012-03-15,29.226154327392578,29.273494982451595,29.1077966698245,29.186702778189975,3819900
2012-03-16,29.222990036010742,29.334016153107527,29.183339363909504,29.302294405365586,4000200
2012-03-19,29.215049743652344,29.26263234675017,29.119887562607882,29.175399086979752,4130800
2012-03-20,29.064367294311523,29.159529446726747,29.032645568456353,29.040574487345005,2980600
2012-03-21,29.048505783081055,29.119878152087157,29.000923195360244,29.096085345651648,3717900
2012-03-22,28.953340530395508,29.016783980520657,28.866110324198733,28.92955074917368,4888200
2012-03-23,29.040590286254883,29.072312029367584,28.913706338956,29.01680049149632,2760400
2012-03-26,29.548112869262695,29.548112869262695,29.191254006770485,29.230904655364,9504600
2012-03-27,29.603635787963867,29.72258776741851,29.563982102994217,29.563982102994217,5334600
2012-03-28,29.54018783569336,29.7305152091911,29.397443061857796,29.6274210891652,8930400
2012-03-29,29.603635787963867,29.63535450072758,29.373657725806215,29.41330838562443,8620700
2012-03-30,29.82567024230957,29.86532088662582,29.667064639894328,29.714647228163976,7242900
2012-04-02,29.928781509399414,30.00808284353134,29.722593200413232,29.825687354906325,10149200
2012-04-03,29.912912368774414,30.134958463085628,29.778096507834647,29.96049194604045,8863100
2012-04-04,29.754310607910156,29.841543877833605,29.68293820753202,29.793961269197666,7096900
2012-04-05,29.746368408203125,29.778090136360568,29.595694737181027,29.65913819349591,3536300
2012-04-09,29.3736629486084,29.51640776945595,29.357802076830673,29.492614949213376,3188600
2012-04-10,29.040590286254883,29.429174076505667,29.02472941469853,29.35780166707805,6500200
2012-04-11,29.143680572509766,29.3102151640306,29.119890780907223,29.286425372428056,3793600
2012-04-12,29.302276611328125,29.333998339806797,29.159531858324645,29.17539272256398,4721900
2012-04-13,29.008867263793945,29.254703173559044,29.008867263793945,29.254703173559044,4560700
2012-04-16,29.016788482666016,29.151601297373745,28.929555237784225,29.151601297373745,7243300
2012-04-17,29.445022583007812,29.468812367776163,29.104021550625028,29.16746198505752,4194700
2012-04-18,29.3657169342041,29.45295017462159,29.333998230993625,29.389509743050112,4080300
2012-04-19,29.413312911987305,29.651219932659117,29.302289837350585,29.50847511522565,9542800
2012-04-20,29.571910858154297,29.722584559260863,29.460887812586183,29.508467389171884,5714600
2012-04-23,29.341949462890625,29.381600140918017,29.25471615613866,29.26264810683583,4906800
2012-04-24,29.445022583007812,29.508463017440302,29.302277824096382,29.365718258528876,2971200
2012-04-25,29.754310607910156,29.801893216546095,29.57191514586637,29.595704937608566,6216400
2012-04-26,29.746368408203125,29.786022080975176,29.516393441937925,29.61948452072386,5472700
2012-04-27,29.762239456176758,29.89705533440126,29.675006186469997,29.80189314251731,3979400
2012-04-30,29.746368408203125,29.84153359267545,29.66706711296002,29.746368408203125,4775100
2012-05-01,29.857404708862305,29.92877710914837,29.548122290854995,29.690867091427126,5532400
2012-05-02,29.801881790161133,29.825671572782056,29.71464855368391,29.73843833630483,2863300
2012-05-03,29.690874099731445,29.833618933997403,29.643294505077627,29.833618933997403,3297100
2012-05-04,29.302276611328125,29.59569503687949,29.286415747088792,29.571905253095753,4886400
2012-05-07,29.3657169342041,29.4608821192871,29.12781002179765,29.12781002179765,5690200
2012-05-08,29.3736629486084,29.437103410567328,29.072312435135572,29.1991963842054,3984500
2012-05-09,29.175405502319336,29.35780098324091,29.008870892584664,29.20712724469314,8694500
2012-05-10,29.381587982177734,29.50054299218657,29.3181475286175,29.3181475286175,3400000
2012-05-11,29.349870681762695,29.579848789148024,29.318151962761156,29.326080886223533,3514200
2012-05-14,29.25469970703125,29.373654699381163,29.04851448212934,29.18332731665153,8433800
2012-05-15,29.080236434936523,29.29435362995613,29.008867061748113,29.183330571461102,5206200
2012-05-16,29.127817153930664,29.26263301990018,29.088166496345956,29.151606943451235,6770700
2012-05-17,28.858182907104492,29.191255022207415,28.82646117706599,29.18332307712245,5766800
2012-05-18,28.60442543029785,28.94542658828153,28.517192153815735,28.937497665488507,6830700
2012-05-21,28.88197898864746,28.905771803938773,28.620282221653735,28.63614309013083,7835900
2012-05-22,28.80267333984375,29.072302013102842,28.72337203453556,28.90576745686511,5614400
2012-05-23,28.67580223083496,28.81854706420033,28.39824451326465,28.731313774349022,6769800
2012-05-24,28.953340530395508,28.953340530395508,28.67578299897349,28.755084286479722,6592400
2012-05-25,28.88197898864746,29.040584648267075,28.794748749750447,28.88197898864746,3065800
2012-05-29,28.977136611938477,29.135742230027713,28.881971425994607,29.04057704408384,9650100
2012-05-30,28.810606002807617,28.889907310090297,28.723372749706094,28.87404644360357,3818200
2012-05-31,28.667863845825195,28.874049078667333,28.509258191634427,28.810608632081767,4766300
2012-06-01,28.16032600402832,28.469608400426825,28.128607292346263,28.390304058343364,10556700
2012-06-04,28.223758697509766,28.287199121793865,28.05722418047006,28.168247191829863,5566800
2012-06-05,28.382375717163086,28.453748113922185,28.112746998867756,28.13653678940366,7621900
2012-06-06,28.826461791992188,28.826461791992188,28.44581009886213,28.493392694934915,8536400
2012-06-07,28.842327117919922,29.02472256001427,28.77888667182899,29.016793638684607,7312700
2012-06-08,29.016788482666016,29.048510212650424,28.755088748020643,28.755088748020643,5226300
2012-06-11,28.76302146911621,29.15953402916719,28.74716060369608,29.10402251277211,7851500
2012-06-12,29.032649993896484,29.032649993896484,28.65992722115991,28.818532849461693,8854000
2012-06-13,29.00092887878418,29.26262862480961,28.9216275755254,29.024718664731655,15159000
2012-06-14,29.437095642089844,29.516399980049975,29.008864317709815,29.06437584170632,14048400
2012-06-15,29.547922134399414,29.61967921486913,29.476165053929694,29.50008306693414,7422700
2012-06-18,29.747251510620117,29.747251510620117,29.516033878484688,29.539951895099787,7202300
2012-06-19,30.018333435058594,30.09806218452759,29.803062161744105,29.803062161744105,6074500
2012-06-20,29.938594818115234,30.08210896760358,29.7392699484321,29.970487527214008,5874100
2012-06-21,29.52399444580078,30.01034754398191,29.48413008593223,29.874808112137703,5341100
2012-06-22,29.834945678710938,29.890759441567447,29.603731136390905,29.667513514510023,4764100
2012-06-25,29.468196868896484,29.59576470221156,29.404414472967474,29.404414472967474,8618200
2012-06-26,29.555892944335938,29.651568035067488,29.45224315519392,29.524000233606657,6401600
2012-06-27,29.874818801879883,29.978465566333632,29.595762100037174,29.64360117387053,8066400
2012-06-28,29.73927879333496,29.82698224871283,29.436304049699697,29.779143170836615,12607300
2012-06-29,30.30534553527832,30.32129188650582,29.99439928998086,29.99439928998086,9551200
2012-07-02,30.401020050048828,30.41696639939189,30.177774200701087,30.408991703992783,6582600
2012-07-03,30.39305877685547,30.472790558781995,30.273465666150415,30.39305877685547,3697200
2012-07-05,30.20170021057129,30.345214336797284,30.169807506642034,30.32129328812252,3692500
2012-07-06,30.00238037109375,30.121973468567198,29.874812575581714,30.082109102742717,5904300
2012-07-09,30.161849975585938,30.209686012424843,29.866846888279696,29.866846888279696,6279600
2012-07-10,30.018333435058594,30.337251474391405,29.922655285947595,30.337251474391405,5669500
2012-07-11,29.99441909790039,30.050229843325564,29.834958521775242,29.99441909790039,6572000
2012-07-12,30.06617546081543,30.161853628996578,29.811039761913918,29.96252867413868,3999600
2012-07-13,30.401020050048828,30.44885605662287,30.058181142810835,30.0741274921539,5157800
2012-07-16,30.456836700439453,30.48872940535443,30.297376217320302,30.369133282651134,3850600
2012-07-17,30.847515106201172,30.911300523093885,30.393054655936847,30.52859714610583,6453900
2012-07-18,30.895360946655273,30.96711803567352,30.648196964157602,30.735900410897315,5748700
2012-07-19,30.895360946655273,30.96711803567352,30.711982395043485,30.959146377541156,4801800
2012-07-20,30.49671173095703,30.855497183142006,30.448872656846767,30.78374009270501,4197500
2012-07-23,30.137922286987305,30.21765406661056,29.97049011196307,30.19373301199538,4674000
2012-07-24,29.803077697753906,30.14591697381115,29.64361707423405,30.114024240815496,4431100
2012-07-25,29.94656753540039,29.994403554428455,29.667510911427605,29.85088941443238,5069100
2012-07-26,30.233600616455078,30.377114793678363,30.114007496406828,30.257521673630112,8521200
2012-07-27,30.959142684936523,31.014953409576556,30.401032397079803,30.416978752899293,6373100
2012-07-30,30.799678802490234,30.951164604036872,30.75183974025948,30.887382229185253,5215400
2012-07-31,30.608320236206055,30.903320131341165,30.60034858129128,30.775752362516076,5167100
2012-08-01,30.624277114868164,30.85549472580167,30.568466386912707,30.783737641079426,6243900
2012-08-02,30.32927894592285,30.536575513469295,30.121979336919665,30.393061335376856,5332100
2012-08-03,30.688060760498047,30.87143929048611,30.616303679941296,30.664139706008207,4462600
2012-08-06,30.69602394104004,30.799673704656296,30.66413123816495,30.79169900820975,3532300
2012-08-07,30.624277114868164,30.7199522140123,30.5923844013346,30.640223471634947,4235700
2012-08-08,30.735891342163086,30.783730401212413,30.600351903707104,30.68805532456961,3203500
2012-08-09,30.719955444335938,30.82360525349093,30.656173052018403,30.711983785842577,3110300
2012-08-10,30.847515106201172,30.87143615826398,30.648190240595554,30.70400095964864,3949100
2012-08-13,30.76779556274414,30.799688280712566,30.624281373343223,30.743877544996316,2251000
2012-08-14,30.847515106201172,30.911300523093885,30.783732730764534,30.903325825254257,2448700
2012-08-15,30.91928482055664,30.999016624270187,30.799691677172305,30.855502419043127,2294600
2012-08-16,30.83953857421875,30.919267291273798,30.727917153759446,30.919267291273798,4592800
2012-08-17,30.68008804321289,30.871441284207556,30.584412943443848,30.871441284207556,6007800
2012-08-20,30.743881225585938,30.78374560709045,30.640231400508327,30.680095782012838,4566500
2012-08-21,30.64023780822754,30.895373552961157,30.632263105384496,30.751859316366247,5663500
2012-08-22,30.66412925720215,30.72791465883166,30.576425850689244,30.608318551504,2509800
2012-08-23,30.624277114868164,30.704005857245516,30.5604947292576,30.640223471634947,2565300
2012-08-24,30.887392044067383,30.967120798330797,30.624281680375482,30.656174398663655,5991200
2012-08-27,30.91928482055664,31.04685266504099,30.815638037915015,30.91131316091395,3611000
2012-08-28,30.871440887451172,30.975087643595334,30.775762747455193,30.815630159848457,3558900
2012-08-29,30.975093841552734,31.086718360550204,30.847526004155636,30.855500704812602,2849200
2012-08-30,30.871440887451172,30.943197971719886,30.735898376518474,30.823601817453184,3808000
2012-08-31,30.967117309570312,31.134549499534756,30.83157479284433,30.983063666917882,4666300
2012-09-04,31.030899047851562,31.11063083292016,30.79170977555899,30.935223947225854,6334400
2012-09-05,31.03887939453125,31.15847557316606,30.951175935726678,31.08671847427661,2779800
2012-09-06,31.5331974029541,31.541172101874224,31.174411987960898,31.174411987960898,5035600
2012-09-07,31.517253875732422,31.612932022623536,31.429550428477285,31.596985664808347,3980900
2012-09-10,31.40561866760254,31.549132783672523,31.40561866760254,31.525214778146005,2781300
2012-09-11,31.421566009521484,31.509269421158933,31.38967330684323,31.413594354579686,2392000
2012-09-12,31.437530517578125,31.525233979868627,31.381719776385495,31.429555816575014,2864200
2012-09-13,31.75643539428711,31.820217762384942,31.32589300416777,31.4454860848971,6849400
2012-09-14,31.628870010375977,31.804276875334956,31.533194921060286,31.756440851405237,11318700
2012-09-17,31.812255859375,31.812255859375,31.5491455264903,31.5491455264903,2602500
2012-09-18,31.915897369384766,31.95576477674736,31.740493551105228,31.764411562357854,3210600
2012-09-19,31.947795867919922,32.05941732926721,31.88401347920292,31.915903152833067,4891100
2012-09-20,32.083335876464844,32.083335876464844,31.83617191606215,31.9238753549617,4835600
2012-09-21,32.20271301269531,32.306877910204825,32.114576775725716,32.16265053105978,8167400
2012-09-24,32.290863037109375,32.35496547428583,32.122598724379834,32.1626612193289,6990000
2012-09-25,32.26681900024414,32.595336276533956,32.25880466908706,32.38700645845451,4965300
2012-09-26,32.09856033325195,32.411052058399726,32.08253472470947,32.338938348244675,6669000
2012-09-27,32.28284454345703,32.370983846583634,32.12259154291518,32.14662842319634,3146100
2012-09-28,32.14664840698242,32.23478776490037,32.01043525861734,32.2267764853504,4719600
2012-10-01,32.33893585205078,32.53925135851138,32.22675965748437,32.24278526478987,5344500
2012-10-02,32.483150482177734,32.571289759397445,32.32289752873923,32.45109928017586,6266600
2012-10-03,32.7556037902832,32.77964068126086,32.491185763236565,32.52323698892218,5786000
2012-10-04,32.95590591430664,33.06808210184608,32.77962730156074,32.80366418272723,6372200
2012-10-05,32.98795700073242,33.1241731381106,32.907832018678526,33.06808503935845,4033500
2012-10-08,32.963924407958984,33.003986904200396,32.8036713664208,32.97193874115079,3126100
2012-10-09,32.56330108642578,32.84374474004044,32.53926419427174,32.7876535640589,6128200
2012-10-10,32.32291793823242,32.57932160300532,32.21875299423944,32.57932160300532,6180400
2012-10-11,32.34694290161133,32.56328398711461,32.3389316272912,32.46713341241482,3791900
2012-10-12,32.298885345458984,32.555289044332525,32.28285973220774,32.483175312988514,3508400
2012-10-15,32.763607025146484,32.787643910223224,32.37099030488871,32.37900158105683,12298100
2012-10-16,33.11616516113281,33.11616516113281,32.85975846856178,32.867772801508735,5658200
2012-10-17,33.11616516113281,33.172253265471724,32.987960286561076,33.172253265471724,5398000
2012-10-18,33.124168395996094,33.14019400142705,32.859750491242934,32.91584163853712,4289300
2012-10-19,32.53125,33.116174201915506,32.475161880348914,33.04406046856793,6218500
2012-10-22,32.55527877807617,32.595341270284045,32.362974536277264,32.53123883749367,4485800
2012-10-23,32.12259292602539,32.30688281478342,31.93028870578073,32.30688281478342,5915600
2012-10-24,32.17869186401367,32.354970537260954,32.13862936279554,32.31490803604282,5884400
2012-10-25,32.43509292602539,32.51522097857772,32.282854211034966,32.37900481752509,4746300
2012-10-26,32.306888580322266,32.46714161636318,32.162661153542686,32.39502790297339,3641200
2012-10-31,32.07451629638672,32.515212833599506,31.930288894493785,32.467136014111226,8629900
2012-11-01,32.33893585205078,32.43508643931169,32.04246975832927,32.04246975832927,4900600
2012-11-02,32.16265106201172,32.49116830736062,32.12258857971482,32.387003408131505,7033000
2012-11-05,32.17869186401367,32.250805588835476,31.97036502373564,32.122603750993704,4693900
2012-11-06,32.21074295043945,32.41105851224993,32.010427388628976,32.15465483765835,7549200
2012-11-07,31.673887252807617,32.02644450427307,31.37742115581611,32.0184301722459,11973000
2012-11-08,31.29730224609375,31.689919007567337,31.289287912511938,31.65786778638546,8889000
2012-11-09,31.385438919067383,31.593768802829235,31.16910081476713,31.233200201374277,7340700
2012-11-12,31.545671463012695,31.681887537931253,31.4815721180757,31.617785136423525,3573800
2012-11-13,31.425495147705078,31.770038036109685,31.401455210360975,31.417480816399774,5221700
2012-11-14,31.04890251159668,31.55369842762537,30.96877753419554,31.449533511746317,6858800
2012-11-15,30.960779190063477,31.08898105404946,30.83257732607749,31.024881650343236,8624600
2012-11-16,31.19313621520996,31.281275542092946,30.912695681102814,30.97679506465334,9847100
2012-11-19,31.521657943725586,31.53768355597518,31.385441767890523,31.489606719226394,7423800
2012-11-20,31.69792938232422,31.705940658332796,31.441525758037397,31.513639468403834,4895700
2012-11-21,31.673887252807617,31.78606344861132,31.617799154905768,31.617799154905768,5205700
2012-11-23,32.0665168762207,32.07452815414452,31.770050687871002,31.858186971325104,2853400
2012-11-26,31.922277450561523,31.938303056972792,31.76202444302075,31.914266175641835,4703900
2012-11-27,31.729976654052734,31.96234338723203,31.713954102484426,31.786064754258465,5396700
2012-11-28,31.978374481201172,32.00241136924934,31.481592769911806,31.63383148850473,7531100
2012-11-29,32.20271301269531,32.266815428569295,32.05848563355026,32.178676135028276,8403400
2012-11-30,32.24277877807617,32.30687813783037,32.10656267166992,32.23476444774975,4229000
2012-12-03,32.1706657409668,32.45110617665497,32.122588927746754,32.32290439797302,9937000
2012-12-04,32.24277877807617,32.34694061974816,32.162650757669134,32.17066508799556,4080400
2012-12-05,32.34694290161133,32.483159017626726,32.11457926746779,32.306880416867386,6294400
2012-12-06,32.3309326171875,32.403046346528086,32.25881888784692,32.3309326171875,2943900
2012-12-07,32.43509292602539,32.45912981350476,32.178689271003265,32.45111853653586,4619000
2012-12-10,32.57130813598633,32.62739624284883,32.30689015514372,32.35496698527126,5240900
2012-12-11,32.91584014892578,32.995965115882775,32.61937104672747,32.723535949028815,3891200
2012-12-12,32.867767333984375,33.09211971401921,32.811679238975664,32.97193224895995,6757600
2012-12-13,32.58732223510742,32.89180263377663,32.523222868139676,32.83571454146543,5929200
2012-12-14,32.45911407470703,32.59533016971111,32.41905159614272,32.491165280186955,5246300
2012-12-17,32.715538024902344,32.72354930223851,32.48317124670702,32.56329624635992,5549100
2012-12-18,32.971923828125,33.01999757924218,32.64340661701595,32.83570773462697,8472500
2012-12-19,32.61936569213867,32.98794537015163,32.59532881731163,32.98794537015163,6996900
2012-12-20,32.66745376586914,32.67546504138435,32.49918947090078,32.56328884473877,4718700
2012-12-21,32.39274978637695,32.521643970437765,32.271913217427304,32.37663762923438,5572500
2012-12-24,32.26384735107422,32.36857480917777,32.19940181206516,32.26384735107422,3332700
2012-12-26,32.15106201171875,32.32023499125015,32.03022241315138,32.3041228399026,4404200
2012-12-27,32.10273742675781,32.26385592672378,31.812727814514812,32.183298213280686,5483700
2012-12-28,31.788562774658203,32.09468766286104,31.764396071643326,31.998017777721287,5801000
2012-12-31,32.12689971923828,32.18329072013504,31.611323097851276,31.73215963988188,11873100
2013-01-02,32.763309478759766,32.787479243118064,32.529690959207095,32.77136709123878,9533500
2013-01-03,32.80360412597656,32.81165866850277,32.63442800212677,32.787491967844204,5279600
2013-01-04,32.9486083984375,33.01305395382323,32.868047612855655,32.908326469106704,4645900
2013-01-07,33.05332946777344,33.09361139303099,32.85193213380342,32.88415644477769,4133100
2013-01-08,33.061397552490234,33.19029176412823,33.03722777506533,33.045285391900435,5787300
2013-01-09,33.42390823364258,33.42390823364258,33.14195007722483,33.15806223528413,5665200
2013-01-10,33.657527923583984,33.697809856565684,33.39168498976894,33.552803502455646,5518800
2013-01-11,33.64945983886719,33.73807513883633,33.552789999391216,33.689738682558946,3854100
2013-01-14,33.68169403076172,33.73808504310027,33.54474223431118,33.63335756029453,4643600
2013-01-15,33.64141845703125,33.673642776763224,33.52863641104962,33.55280618738873,5747600
2013-01-16,33.568912506103516,33.67364000005653,33.52057910357137,33.609194438987,3812000
2013-01-17,33.86698913574219,33.963659031887246,33.665591726142985,33.75420707805953,4360900
2013-01-18,33.97975540161133,33.987809942096554,33.76224593156026,33.8830855503928,6024400
2013-01-22,34.07645034790039,34.084507967398686,33.81060729300366,33.92338938132842,7608900
2013-01-23,34.03615951538086,34.18116588460642,33.94754417051186,34.116717243581576,5544800
2013-01-24,34.2536506652832,34.366432653400395,34.11669891322755,34.189202058885556,8999800
2013-01-25,34.51950454711914,34.53561670388233,34.24560402830426,34.285885956752075,4046200
2013-01-28,34.3986701965332,34.60812210178552,34.38255803873228,34.57589778618366,5686600
2013-01-29,34.76923751831055,34.825628529064886,34.42283383905986,34.43894599542961,7230200
2013-01-30,34.66450881958008,34.873963771942456,34.62422996661177,34.80146060736771,5346400
2013-01-31,34.56783676147461,34.68867638578113,34.55172460669512,34.600061071033586,6007300
2013-02-01,34.84174346923828,34.906192099866644,34.60006725054161,34.7128492810614,5623600
2013-02-04,34.45505905151367,34.70479287214667,34.43089235286779,34.680623100421094,7593400
2013-02-05,34.833683013916016,34.89812856052487,34.62422807300875,34.62422807300875,8056200
2013-02-06,34.82562255859375,34.89812571328797,34.72089509668453,34.873959019416255,3968900
2013-02-07,34.69673156738281,34.86590458607265,34.511446393615934,34.85785004507381,6529300
2013-02-08,34.95450973510742,34.95450973510742,34.71283362540783,34.78533676562556,4192600
2013-02-11,34.88201141357422,34.9545145638077,34.80950826334074,34.9545145638077,2447900
2013-02-12,34.84174346923828,34.946470957469444,34.817576769292565,34.8497980115269,5133300
2013-02-13,34.81757736206055,34.9061926941433,34.7128498720464,34.8900805362119,4843300
2013-02-14,34.890071868896484,34.95451741153276,34.71284124875823,34.77728679139451,5172500
2013-02-15,34.97064208984375,35.00286640924227,34.83369334202039,34.90619652412695,8230000
2013-02-19,35.188148498535156,35.196203041126466,34.88202363770597,34.88202363770597,7245100
2013-02-20,34.962581634521484,35.23648215693312,34.946469477546714,35.163978987086516,6739600
2013-02-21,34.80146026611328,34.90618774126754,34.67256609403091,34.89813012690519,7447200
2013-02-22,34.95450973510742,34.98673403588829,34.77727915389111,34.91423089567057,6168100
2013-02-25,34.56783676147461,35.22841974203717,34.54367006584503,35.131749886439536,6078700
2013-02-26,34.656455993652344,34.74507131841661,34.406722175960276,34.712847005215124,6548800
2013-02-27,35.03508377075195,35.147865793168286,34.54367375329825,34.69673463042333,6849900
2013-02-28,35.00285339355469,35.27675386043272,34.98674123984667,35.04313224128517,4358800
2013-03-01,35.268714904785156,35.27677252244133,34.817586654622694,34.93036871716331,7491500
2013-03-04,35.46205139160156,35.47010593472635,35.13175980804223,35.204262988486,4903500
2013-03-05,35.768165588378906,35.832611133367145,35.558710652738796,35.59093496177255,6582600
2013-03-06,35.84067153930664,35.92928378643384,35.768168374872026,35.87289277777131,5068400
2013-03-07,35.81649398803711,35.97761243767571,35.77621514389716,35.921221441264024,4437200
2013-03-08,35.88094711303711,35.98567150636563,35.71982864312042,35.93733811654607,4029300
2013-03-11,36.066226959228516,36.066226959228516,35.79232652268562,35.90510851307174,6748700
2013-03-12,36.22736358642578,36.25153028990002,36.10652392289399,36.11458153943894,4612400
2013-03-13,36.23541259765625,36.26763691275559,36.07429409523937,36.21930044010658,4098300
2013-03-14,36.26762771606445,36.332073256841305,36.15484571489568,36.299852022992404,3777700
2013-03-15,36.18996810913086,36.27896696049121,36.05242667439571,36.17378621921262,5778400
2013-03-18,35.955322265625,36.149501787682375,35.80968839567667,35.93105098275988,4042100
2013-03-19,35.9796028137207,36.09287293504845,35.77733385809849,36.011963500971966,7023300
2013-03-20,36.27895736694336,36.35986370875989,36.10905219730118,36.10905219730118,4387000
2013-03-21,36.076690673828125,36.278959627351185,36.003873727104654,36.21423208076175,4420000
2013-03-22,36.35177230834961,36.35177230834961,36.15759277774672,36.1980490328074,6881400
2013-03-25,36.24660110473633,36.48932326684885,36.08478530120139,36.44078068625419,6813400
2013-03-26,36.66730880737305,36.69158008962657,36.311316626680224,36.311316626680224,4855800
2013-03-27,36.8534049987793,36.877679373444494,36.46504895431045,36.57831908148309,5264700
2013-03-28,37.17703628540039,37.24985323606191,36.86149719466031,36.95858543341585,7415700
2013-04-01,37.27412414550781,37.30648792022404,37.079947669969286,37.201307195586004,6364600
2013-04-02,37.81620407104492,37.85665724357763,37.533025690557494,37.54111817689157,8849300
2013-04-03,37.58966827392578,37.921389293303335,37.516851314239005,37.88093611267287,8472800
2013-04-04,37.75956726074219,37.969928703555865,37.60584396513168,37.646297139094514,9794600
2013-04-05,37.549198150634766,37.55728754855888,37.330747370142134,37.43592806142639,9969300
2013-04-08,37.58155822753906,37.58155822753906,37.233655509748004,37.55728386339163,7700600
2013-04-09,37.70293045043945,37.88092811127174,37.60584222015784,37.694841050573984,5937500
2013-04-10,38.334014892578125,38.37446806807175,37.84856752751628,37.88093130246296,9062100
2013-04-11,38.706199645996094,38.8437410976195,38.43111365636898,38.43920305913141,7660400
2013-04-12,38.77900314331055,38.82754880215971,38.56055230805816,38.60909796690732,5624200
2013-04-15,38.07510757446289,38.83563770169117,38.042743802313815,38.762820757545335,10745300
2013-04-16,38.625274658203125,38.63336405706704,38.20455493056699,38.37446008411847,8771800
2013-04-17,38.4472770690918,38.56054717160582,38.139827443426014,38.390642017834786,16487600
2013-04-18,37.97801208496094,38.43918498508413,37.840470698009284,38.406824302870056,10353400
2013-04-19,38.51201248168945,38.54437625915691,38.026568165196274,38.026568165196274,12796700
2013-04-22,38.74663543701172,38.80327049006295,38.46346017175557,38.67381849932029,4716400
2013-04-23,38.98936080932617,39.14308718313303,38.57673351866284,38.86800129389774,10824200
2013-04-24,38.31782531738281,38.94081397140838,38.28546154892929,38.932721486105585,12635900
2013-04-25,38.471553802490234,38.5767345210312,38.269284851807974,38.52818886177093,10833800
2013-04-26,38.463470458984375,38.55246930511914,38.24501958748443,38.34210783491338,6174900
2013-04-29,38.58482360839844,38.722368098665065,38.49582786337795,38.49582786337795,3950000
2013-04-30,38.2935676574707,38.479654762712165,38.099388064047474,38.479654762712165,8217900
2013-05-01,37.88901138305664,38.253092929664284,37.864737016605275,37.96991770755202,9250700
2013-05-02,38.30973815917969,38.39064759156423,38.09129040768959,38.18028615374369,9803300
2013-05-03,38.56865692138672,38.76283654699814,38.50393243710321,38.65765578785943,6232600
2013-05-06,38.31782531738281,38.60100057540406,38.309732832080016,38.57672929225333,10919000
2013-05-07,38.439205169677734,38.47966144485208,38.28548181770882,38.33402749608975,9847400
2013-05-08,38.552459716796875,38.665729825022716,38.40682583868396,38.40682583868396,20766200
2013-05-09,38.60100555419922,38.762821330959156,38.471553550067114,38.50391732269495,7140300
2013-05-10,38.98126983642578,39.02172300660277,38.60100324672819,38.649548902768004,6045100
2013-05-13,39.30491256713867,39.31300196892683,38.89228208920447,38.94082775907318,9155900
2013-05-14,39.701332092285156,39.73369585102213,39.32106564307052,39.32106564307052,6580500
2013-05-15,39.911712646484375,40.138252893917084,39.66089802512716,39.68516931267227,11796400
2013-05-16,39.499080657958984,39.895529161467415,39.466716884942116,39.830801615433685,7954100
2013-05-17,39.725616455078125,39.75798022447679,39.40198802022825,39.54762189614332,9246700
2013-05-20,39.45054244995117,39.78226347008218,39.41818175720121,39.74990277733221,8967600
2013-05-21,39.87934875488281,39.93598381657442,39.47481083629738,39.55571718546271,8319100
2013-05-22,39.87934875488281,40.77742342796317,39.69326168269904,40.09779960128447,20132000
2013-05-23,39.86316680908203,39.992618819383594,39.426265116921975,39.54762772687067,6668500
2013-05-24,39.7418212890625,39.806548865237374,39.434374561373986,39.70946058735577,5906800
2013-05-28,40.146339416503906,40.50233473567017,39.98452364291735,40.06543307290021,9923800
2013-05-29,39.515254974365234,39.927882198954116,39.30489666281336,39.927882198954116,15882100
2013-05-30,39.798431396484375,39.935975866339106,39.523345543153695,39.56380179606193,9719600
2013-05-31,38.924644470214844,39.806537379666075,38.916551982337594,39.62045028142698,13329700
2013-06-03,39.1349983215332,39.19163338458771,38.78709545626727,39.14309080847211,12698200
2013-06-04,38.89227294921875,39.30490333018162,38.673822115717094,39.13499506876086,13141400
2013-06-05,38.32592010498047,39.08645333867605,38.2531031589113,38.83563872746464,12852100
2013-06-06,38.884193420410156,38.884193420410156,38.156023790552666,38.31783960678544,16861800
2013-06-07,39.24017333984375,39.45053167396811,39.07026817539188,39.07835757477478,7663500
2013-06-10,39.29680252075195,39.45861826163343,39.16735054532248,39.4181650980077,5663700
2013-06-11,39.1349983215332,39.377720461249574,38.827551718202876,38.989364420427485,9941700
2013-06-12,38.73854446411133,39.4909850942282,38.73854446411133,39.312987456796186,8582800
2013-06-13,39.33726119995117,39.385806854935886,38.44727912988427,38.64145557706517,6904900
2013-06-14,39.27253341674805,39.51525549833521,39.19162399863318,39.232080250879974,7314000
2013-06-17,39.36154556274414,39.66899219655715,39.167365979890874,39.44245192187814,8437400
2013-06-18,39.693275451660156,39.72563615072407,39.34537247408437,39.34537247408437,7399700
2013-06-19,39.06217575073242,39.74989198175655,39.05408635133687,39.69325692685067,22305700
2013-06-20,38.058929443359375,38.84373093393997,37.945659316041315,38.84373093393997,28952100
2013-06-21,38.434417724609375,38.678238739010396,38.109320971839736,38.39378140560127,15980600
2013-06-24,38.10932922363281,38.434426046795494,37.751725198436326,38.10120319821263,19003300
2013-06-25,38.30436706542969,38.458786267094254,38.044290988757055,38.434405103766004,5688300
2013-06-26,38.857032775878906,39.0033259688716,38.52381008080704,38.556317267865246,7600000
2013-06-27,38.995201110839844,39.22276694688909,38.93830965182754,39.10898402886447,5338200
2013-06-28,38.69448471069336,39.14149031448462,38.65384840132173,38.962686832827444,8770700
2013-07-01,38.80015182495117,39.22277327426172,38.34501697907886,38.808277848827245,25892000
2013-07-02,38.71886444091797,38.94643024524445,38.60508153875473,38.77575589199959,5127400
2013-07-03,38.6619758605957,38.792013915631024,38.385644606101664,38.57257411644296,3926100
2013-07-05,39.19025802612305,39.198384048329494,38.808269875031094,38.92205278803248,4384400
2013-07-08,39.409690856933594,39.52347374980271,39.30403398483314,39.39343571504496,6630200
2013-07-09,39.52349090576172,39.62101869907609,39.352813392020764,39.56412722794665,5581000
2013-07-10,39.78356170654297,39.91359978015576,39.474720119080516,39.474720119080516,5040000
2013-07-11,40.29559326171875,40.34435560799756,40.108660599807855,40.1899363441936,7471900
2013-07-12,40.539405822753906,40.54753184531809,40.19805396837049,40.30371086381678,5578200
2013-07-15,40.58003616333008,40.636927613961504,40.40123268971616,40.636927613961504,4266200
2013-07-16,40.34434127807617,40.677563960818645,40.246813519806835,40.62067251013224,7064100
2013-07-17,40.45002365112305,40.65320841744352,40.393132164581594,40.45002365112305,4668600
2013-07-18,40.56378936767578,40.71008258521917,40.51502392837726,40.53940819820261,6544700
2013-07-19,41.10019302368164,41.12457419091551,40.40936641567224,40.49063904001974,6559600
2013-07-22,41.303375244140625,41.38464786368544,41.027043997195875,41.083935450947585,6172800
2013-07-23,41.15707778930664,41.38464358076256,41.07580517817278,41.36839153881689,5310900
2013-07-24,41.09207534790039,41.33589637081905,40.9701632862648,41.27900490214978,3790100
2013-07-25,41.29525375366211,41.30337977636758,40.79948265912327,41.0758139363899,3869100
2013-07-26,41.5634651184082,41.57159424326714,41.01080244140392,41.222116282798176,4832700
2013-07-29,41.44155502319336,41.62035546064857,41.31964295644207,41.5147016431736,6497400
2013-07-30,41.44966506958008,41.839779192310424,41.287116743354574,41.758506579373396,5698800
2013-07-31,41.46592330932617,41.807272029578755,41.43341302158259,41.530940784461656,6477200
2013-08-01,41.72600173950195,41.856039797382664,41.612218826400316,41.72600173950195,8762400
2013-08-02,41.742271423339844,41.742271423339844,41.55534184379974,41.56346786884368,3817700
2013-08-05,41.68537139892578,41.823535498811324,41.60409566338814,41.709752569410924,3479800
2013-08-06,41.49030303955078,41.75037913179844,41.34400985011752,41.62034108567461,4280200
2013-08-07,41.52281951904297,41.59596612466896,41.246488242272775,41.40903659925854,3955200
2013-08-08,41.52281951904297,41.717878167496295,41.37652630779098,41.669112730294955,3629500
2013-08-09,41.37653732299805,41.636613523271606,41.23024407280006,41.41717364797463,3902400
2013-08-12,41.20585250854492,41.34401659870019,41.083940464000314,41.34401659870019,3841800
2013-08-13,41.360267639160156,41.45779540490379,40.99453464218182,41.36839676151066,4430100
2013-08-14,41.03517150878906,41.4659219561033,41.01078724360131,41.238356150028096,5878500
2013-08-15,40.34434127807617,40.78322084081549,40.3362152567002,40.66130881771517,6461300
2013-08-16,40.157413482666016,40.32808784194941,40.10052202957155,40.2468152233435,10277800
2013-08-19,40.230552673339844,40.433737282801154,40.043623204677566,40.13302492889672,8096300
2013-08-20,40.34434127807617,40.50688960875942,40.21430323359988,40.25493954118281,5029400
2013-08-21,40.10051727294922,40.47437623475283,40.01111554287633,40.27119161198765,6178400
2013-08-22,40.360595703125,40.425616274382136,40.15741106847368,40.24681280377649,2768500
2013-08-23,40.466251373291016,40.51501369992679,40.214301317717755,40.36872051931669,2366700
2013-08-26,40.52315139770508,40.775098406249754,40.46625993768841,40.53940654347442,3936700
2013-08-27,39.86483383178711,40.238692901114504,39.783561199447135,40.18993056185139,6653400
2013-08-28,40.0355224609375,40.18181573146915,39.6779184109453,39.8729771384386,6008600
2013-08-29,40.157413482666016,40.41748958262691,39.832316807539065,39.962354857519514,4042600
2013-08-30,40.00299835205078,40.214309042214964,39.8810863113413,40.214309042214964,4127300
2013-09-03,40.26306915283203,40.53127126642408,40.07613965539477,40.4093623421919,6062900
2013-09-04,40.7263298034668,40.766966111462146,40.230558785009414,40.230558785009414,4049700
2013-09-05,40.78321838378906,40.831983810161574,40.63692520502287,40.80759954679964,4288000
2013-09-06,40.79948043823242,41.04330141070086,40.311835392943664,40.897008207149426,5636300
2013-09-09,41.051429748535156,41.0595588716087,40.75071730220698,40.87262934549378,4286700
2013-09-10,41.3115234375,41.3521597660319,41.09208354300397,41.23837680600133,6500100
2013-09-11,41.58783721923828,41.62034751087596,41.295253895555376,41.40903681593518,6753900
2013-09-12,41.52281951904297,41.69349389871961,41.49030922757541,41.53094554173384,3098400
2013-09-13,41.62034225463867,41.677233707643744,41.47404906109657,41.6040871108727,3668600
2013-09-16,41.994197845458984,42.13236500605892,41.87228892765465,41.98607182441259,6845800
2013-09-17,42.018592834472656,42.0267188575932,41.84791844577141,42.0267188575932,3654000
2013-09-18,42.278663635253906,42.35993625759533,41.75038228897924,42.018587523339185,6868600
2013-09-19,42.140499114990234,42.416830388874025,42.059226487522295,42.416830388874025,6104100
2013-09-20,42.06132888793945,42.338799939276605,42.045006695138454,42.265351628242065,8986300
2013-09-23,41.767555236816406,42.01238201739894,41.62065854583861,42.01238201739894,4773800
2013-09-24,41.555362701416016,41.816514751338936,41.53904361686542,41.80019255364745,5956800
2013-09-25,41.22893142700195,41.63697706292263,41.22893142700195,41.62065486390887,5207500
2013-09-26,41.37582778930664,41.522724466168626,41.21260891355543,41.21260891355543,4319300
2013-09-27,41.37582778930664,41.44927612773763,41.106516177345966,41.14732011799849,3937100
2013-09-30,41.28605270385742,41.40846762547072,41.02490377668045,41.08202990992912,8585300
2013-10-01,41.808345794677734,41.832827530954695,41.26156626355608,41.318692390295936,11685100
2013-10-02,41.710411071777344,41.72673326518341,41.44109955028731,41.530870057450656,6404800
2013-10-03,41.343177795410156,41.67777504449632,41.17179939998227,41.66145284781643,7228300
2013-10-04,41.80019760131836,41.83283888750211,41.31870360726876,41.40847414884193,4503400
2013-10-07,41.335025787353516,41.604334298804204,41.335025787353516,41.51456375727356,3971800
2013-10-08,40.73927307128906,41.5798491626353,40.714791330375434,41.42478983513965,7360000
2013-10-09,40.66583251953125,40.91065929621197,40.46180968677376,40.82088875169605,11388100
2013-10-10,41.612491607666016,41.63697334743146,41.01674229281954,41.01674229281954,7330100
2013-10-11,41.808345794677734,41.865471921417594,41.57167863353235,41.57984128771829,4694600
2013-10-14,42.11030960083008,42.11030960083008,41.49824112922998,41.604333869320214,8858200
2013-10-15,41.840999603271484,42.19191909688624,41.816517861483845,42.061344618783615,8043100
2013-10-16,42.69790267944336,42.71422488135695,42.04503016860848,42.04503016860848,7239000
2013-10-17,43.056968688964844,43.09777573791067,42.469385164462004,42.469385164462004,6823400
2013-10-18,42.885589599609375,43.1304163236353,42.66524461404383,43.10593458517492,7646000
2013-10-21,42.66523742675781,42.934548957017235,42.5509851823351,42.92638630347837,4103300
2013-10-22,43.06513595581055,43.163066034858126,42.738698208130515,42.787664804224846,5053300
2013-10-23,42.983524322509766,43.08961705589775,42.7795015115319,42.959042581397554,5140800
2013-10-24,42.983524322509766,43.22835418619604,42.9508830387405,43.14674319392027,3725600
2013-10-25,43.0406494140625,43.05696849779948,42.82030442592445,43.0406494140625,3855900
2013-10-28,43.18754959106445,43.277320131105654,42.97536722535534,43.04881556601258,8983400
2013-10-29,43.47318649291992,43.481346036619826,43.18755265316027,43.31813025749024,7262900
2013-10-30,43.23649978637695,43.66086746994198,43.1059253539831,43.62822308355851,8240300
2013-10-31,43.06513595581055,43.39973324626909,43.00800981693771,43.22835482965056,5904000
2013-11-01,43.35076141357422,43.39972800375358,43.04064901519373,43.163060820931065,10779200
2013-11-04,43.38341522216797,43.51398971117638,43.24468118959589,43.39157476573164,3156100
2013-11-05,43.23649978637695,43.334429832387336,43.040639694356194,43.25282197956869,4248100
2013-11-06,43.138587951660156,43.497667014046286,43.089621351413314,43.39973692669395,4731100
2013-11-07,42.75501251220703,43.432369623971184,42.73053077525091,43.30995471290955,6050900
2013-11-08,43.38341522216797,43.41605962270542,42.75502452095831,42.75502452095831,6663800
2013-11-11,43.4894905090332,43.562938824186865,43.33443122529762,43.33443122529762,5095700
2013-11-12,43.465003967285156,43.49764835344519,43.26914387660496,43.416040501185115,3064100
2013-11-13,43.70983123779297,43.70983123779297,43.17937088917463,43.28546358152626,5214800
2013-11-14,44.077091217041016,44.126057817409176,43.80778269786949,43.82410489799221,6201800
2013-11-15,44.330078125,44.330078125,44.0036403674162,44.093410906408806,4004400
2013-11-18,44.13421630859375,44.4932953379792,44.03628311710049,44.37088040518315,3796600
2013-11-19,44.18318176269531,44.2484705599374,43.8893884013883,44.00364068342076,4515100
2013-11-20,44.31375503540039,44.51777785150549,44.13421707416386,44.223984498211564,4744000
2013-11-21,44.493289947509766,44.632023948939,44.37903768441729,44.46064555430029,4590300
2013-11-22,45.08903884887695,45.08903884887695,44.66467105084003,44.71363764362382,5924700
2013-11-25,45.268585205078125,45.464445372844494,45.19513686388043,45.325711346771755,5270100
2013-11-26,45.13800048828125,45.390986740382985,45.1053560966744,45.27673448289955,5035300
2013-11-27,45.121681213378906,45.35018574313775,45.031910687219145,45.203289084538284,4449500
2013-11-29,45.09719467163086,45.2685761756687,44.999264607281106,45.211450045369624,2837700
2013-12-02,45.11351013183594,45.219602835039154,44.96661350067461,45.080868857353536,4724400
2013-12-03,44.72178649902344,45.031901952933104,44.62385644999833,45.031901952933104,4402300
2013-12-04,44.56674575805664,44.86869866308802,44.207663598746805,44.53410135936644,3474900
2013-12-05,44.48513412475586,44.72996399828771,44.37904450024263,44.50961897999374,3612800
2013-12-06,45.0645637512207,45.08088595122106,44.73812597749611,44.860540920928166,4846500
2013-12-09,45.154319763183594,45.28489420802397,45.09719052499687,45.23592762378121,3896200
2013-12-10,44.974788665771484,45.138007536150255,44.778925398688756,45.138007536150255,3545500
2013-12-11,44.19950485229492,44.98295175613341,44.14237871012803,44.98295175613341,9989200
2013-12-12,43.881229400634766,44.2239862509683,43.86490720112252,44.1831823087583,5645400
2013-12-13,43.913875579833984,44.101576212121984,43.726174947545985,44.01180566773612,4319500
2013-12-16,43.995479583740234,44.37904347111372,43.913871703216174,44.077087464264295,6211600
2013-12-17,43.783302307128906,44.085255235876005,43.57927946900275,44.01180688962493,5132600
2013-12-18,44.868690490722656,44.88501268709484,43.6608759774468,43.90570269674828,10210000
2013-12-19,44.7707633972168,44.803407792127885,44.51777400636714,44.762600741918604,6691000
2013-12-20,44.996116638183594,45.12722885483362,44.81583616805412,44.897783257186525,6813200
2013-12-23,45.16819763183594,45.241948443841736,45.045281695800675,45.23375529849069,3849400
2013-12-24,45.08625411987305,45.19278376625859,45.02069645257067,45.176394349433004,3291900
2013-12-26,45.422218322753906,45.422218322753906,45.102632587144626,45.102632587144626,2592600
2013-12-27,45.38125228881836,45.553336457273915,45.29930521386718,45.553336457273915,2668100
2013-12-30,45.45502471923828,45.45502471923828,45.15182508660884,45.38127387967474,2374200
2013-12-31,45.430423736572266,45.52876024021258,45.25833954414429,45.4959814056658,6008000
2014-01-02,45.176395416259766,45.41403415093858,45.06986576735855,45.323897045211694,8771800
2014-01-03,45.28291702270508,45.479586881941884,45.19277992676463,45.25014131780008,3642500
2014-01-06,45.094425201416016,45.569708678925736,45.0288706921499,45.42220712562686,9123500
2014-01-07,45.569725036621094,45.717226642867104,45.299304383183014,45.299304383183014,5714000
2014-01-08,45.97125244140625,46.03681009686476,45.52055450099267,45.643473541996855,7793300
2014-01-09,46.315425872802734,46.34820470194191,45.930282445320465,46.03681207704218,6204700
2014-01-10,46.49571990966797,46.50391305636911,46.0614081114168,46.430162232210385,7734300
2014-01-13,46.118751525878906,46.76611927141313,46.02041817401324,46.594035124157976,12815600
2014-01-14,46.700565338134766,46.774316134460165,46.143337793889714,46.19250290746603,6943500
2014-01-15,46.65959930419922,46.79890778029674,46.536683370425386,46.79890778029674,10054100
2014-01-16,46.77432632446289,46.856270282249234,46.585849594823394,46.64321099046616,5489900
2014-01-17,46.72516632080078,46.905446810902625,46.594054089625494,46.77433457972733,6907500
2014-01-21,46.99558639526367,47.077533497773324,46.635028522108186,46.96281068022214,5697400
2014-01-22,47.036556243896484,47.11850021127042,46.88085832953923,47.0283599715819,5391300
2014-01-23,46.70875930786133,46.99556622866556,46.40556297358815,46.848064633405954,7052900
2014-01-24,45.61070251464844,46.52029482094768,45.61070251464844,46.4301545922569,13101900
2014-01-27,45.24195098876953,45.692649031507806,45.09444935646074,45.594315651955874,13825900
2014-01-28,45.848331451416016,46.03680500105554,45.50416005027723,45.528745731333316,8806300
2014-01-29,45.430423736572266,45.8893180423419,45.27472896141768,45.53695338586841,12281200
2014-01-30,46.258060455322266,46.36459007776434,45.85652764824731,45.881113330940664,10714100
2014-01-31,45.85654067993164,46.12696138468126,45.63528822858063,45.78278986281464,10821300
2014-02-03,44.95512771606445,46.10235839794842,44.87318065781233,45.97124623070567,15808800
2014-02-04,45.39763259887695,45.454993976857764,45.06985061673462,45.209155927270686,10080000
2014-02-05,45.14361572265625,45.45500839184628,44.783057928725775,45.37306130734277,16384200
2014-02-06,45.39763259887695,45.454993976857764,45.18457337269624,45.25013101950897,7842200
2014-02-07,46.176124572753906,46.1925139898651,45.340286181814896,45.46320212120631,11497100
2014-02-10,46.56126403808594,46.577653453781444,46.08598348676197,46.26626080748969,7902800
2014-02-11,47.192237854003906,47.23320982624958,46.48750867791836,46.594038306526,10380300
2014-02-12,47.192237854003906,47.45446222752953,47.052929397215294,47.33973945485721,6535800
2014-02-13,47.52821350097656,47.5527960593764,46.85626314638448,46.93820709169136,8256400
2014-02-14,47.70030975341797,47.77406057327398,47.38892018154766,47.48725356603502,8379800
2014-02-18,48.14280319213867,48.24113655317689,47.81502115406304,47.91335764106244,10874200
2014-02-19,47.847808837890625,48.29850687918097,47.782254293720534,48.12642268402749,10732700
2014-02-20,48.28211975097656,48.35587057039096,47.7494777227276,47.913368779866474,9852300
2014-02-21,48.19197082519531,48.52794600328454,48.13460943815285,48.33127615773812,5196300
2014-02-24,48.55253219604492,48.83114600794676,48.282111528921945,48.355862335777175,6464300
2014-02-25,48.429622650146484,48.700043370357406,48.29031727982837,48.47879090635629,6858600
2014-02-26,48.429622650146484,48.7328222078306,48.31489984495228,48.56893114642659,7449000
2014-02-27,48.708229064941406,48.708229064941406,48.298503037095784,48.42961524096792,5980100
2014-02-28,48.708229064941406,49.175316486608494,48.29030989196194,48.74920416849518,10341200
2014-03-03,48.34767532348633,48.544345208699966,48.02808949523073,48.06906147624472,8919900
2014-03-04,49.26545715332031,49.33101481882322,48.790176582270384,48.790176582270384,9658900
2014-03-05,49.142539978027344,49.36379240456817,49.0687891691804,49.33920671764488,10740200
2014-03-06,48.83934020996094,49.57684829447825,48.732813695722896,49.404764116744694,14206800
2014-03-07,48.7164192199707,49.167117168826046,48.405026602632354,49.10155951213961,12630300
2014-03-10,48.921302795410156,48.94588536403193,48.47060465689042,48.71643972099551,7775900
2014-03-11,48.82294845581055,49.16711677275853,48.71641882753379,48.92128181408696,6031700
2014-03-12,48.814762115478516,48.8721235133047,48.437814893774544,48.58531652417379,8822700
2014-03-13,48.151004791259766,48.995042593422994,48.052671412955156,48.97045690437554,12551400
2014-03-14,47.88877868652344,48.2657290210746,47.8641961242994,48.07725229081821,8006100
2014-03-17,48.355857849121094,48.560720835159664,48.10182974704836,48.18377369107935,6430200
2014-03-18,48.872127532958984,48.97046091932567,48.405040040264744,48.45420829642908,6147200
2014-03-19,48.72462463378906,49.19990838656715,48.41323506399849,48.9294876735806,8404800
2014-03-20,48.72462463378906,48.78198603485374,48.46240019293284,48.72462463378906,4895400
2014-03-21,47.84065246582031,49.10697505451639,47.75020040423122,48.93429242022103,19504500
2014-03-24,47.306175231933594,48.06268098502574,46.960816160165834,48.005121139731116,20490000
2014-03-25,47.72553253173828,48.0462239215457,47.23215850860905,47.46240097411293,14646400
2014-03-26,47.741973876953125,48.31757214127386,47.700857026551404,47.94754558186061,13638300
2014-03-27,47.63508605957031,47.88999615826719,47.22394256044526,47.76665185381929,12961000
2014-03-28,47.454185485839844,48.22713732987542,47.29795207365931,47.78310156459237,13128800
2014-03-31,48.0955696105957,48.1366833346086,47.69264758700676,47.84888099296619,9508100
2014-04-01,48.399810791015625,48.621828645819235,48.07089475350455,48.235352772260086,10114900
2014-04-02,48.613609313964844,48.646501548653276,48.35870233706989,48.51493574667571,8999300
2014-04-03,48.506710052490234,48.736949401802924,48.186015497235715,48.70405716996515,9609100
2014-04-04,47.70085906982422,48.91784637536858,47.676191467946765,48.769834490553066,20115400
2014-04-07,47.223941802978516,47.98866895002705,47.00192394059902,47.45418115502722,15263300
2014-04-08,46.83747100830078,47.289728271897424,46.54967178695099,47.26506066343209,15165000
2014-04-09,47.84065246582031,47.84887395470314,46.91146738328092,46.94435961236343,14438600
2014-04-10,46.24542236328125,47.898217856784576,46.138524174745655,47.824211901148544,17622500
2014-04-11,45.80961227416992,46.615453232642004,45.68627109477365,46.039854788573564,14710100
2014-04-14,46.06451416015625,46.32764572661509,45.54647251635106,46.12207399427064,11085300
2014-04-15,46.55789566040039,46.656572372864645,45.57115049319281,46.24542881459285,17424500
2014-04-16,46.78815460205078,47.043061690078645,46.49213063434841,46.96083420428466,29585700
2014-04-17,46.7799072265625,47.01837121091008,46.533221752343884,46.80457483295156,8656900
2014-04-21,47.33906936645508,47.35551548530959,46.7799138725074,46.870365957819004,5545000
2014-04-22,47.85710906982422,48.112016059145894,47.61042357118737,47.676204906994926,8980300
2014-04-23,47.6186408996582,47.96400307698367,47.454182869349694,47.93933233353298,8668900
2014-04-24,47.544639587402344,47.86533105260486,47.10060380322518,47.86533105260486,8012600
2014-04-25,47.1910514831543,47.52818903522056,47.067710312462374,47.511742918439765,6368600
2014-04-28,47.47063064575195,47.79954671786871,46.85391536311513,47.58575032995998,9735200
2014-04-29,47.750221252441406,47.79133498835739,47.42952972080894,47.55287406533388,8955800
2014-04-30,47.791316986083984,47.86532293756662,47.50351780630474,47.66797582479679,11115200
2014-05-01,47.8982048034668,48.1613363214022,47.51995363853155,47.82419886799902,6857500
2014-05-02,47.48708724975586,47.97223683803829,47.38841366104089,47.88178474139256,6126300
2014-05-05,47.79955291748047,47.81599903689698,47.04304710820341,47.32262486473111,7218700
2014-05-06,47.380184173583984,47.75021401429136,47.355516563128994,47.75021401429136,6117700
2014-05-07,47.51175308227539,47.519977710813244,46.89503768655831,47.44597173785613,9058100
2014-05-08,47.25682830810547,47.79131290155466,47.12526253191138,47.53640597461485,7710000
2014-05-09,47.544639587402344,47.59397794234747,46.96081650271181,47.30617557699872,7298600
2014-05-12,48.02978515625,48.06267739017999,47.65153387638337,47.733761324432265,5244500
2014-05-13,48.10378646850586,48.27646597479739,48.03800200699912,48.153124814635916,3230400
2014-05-14,48.13667678833008,48.28468868406869,47.93932654842004,48.07911695518458,3746700
2014-05-15,47.651527404785156,48.0133325185497,47.429509561074305,47.96399731113106,6469400
2014-05-16,47.816001892089844,47.85711562469785,47.45419351687523,47.70910367788764,8913400
2014-05-19,48.112022399902344,48.144914640529194,47.692657310628576,47.816001644590884,4386100
2014-05-20,47.80776596069336,48.14490350721504,47.667978675519585,48.11201127419439,4611800
2014-05-21,48.210689544677734,48.25180326890565,47.8735519871671,47.97222555266931,3921500
2014-05-22,48.49848556518555,48.65471896169909,48.07089596039619,48.227132493685616,3526100
2014-05-23,48.523155212402344,48.61360728563347,48.35870031937414,48.51493372246134,2796300
2014-05-27,48.786293029785156,48.827406755644255,48.52315828337928,48.786293029785156,3246500
2014-05-28,48.64650344848633,48.88496745412615,48.64650344848633,48.761623137615544,4401700
2014-05-29,49.03298568725586,49.03298568725586,48.7698540391729,48.7698540391729,2682200
2014-05-30,49.16455078125,49.189218392648776,48.92608674847307,48.934308240013785,7778100
2014-06-02,49.23033142089844,49.287891271191384,48.86030157131766,49.12343634851245,4880300
2014-06-03,49.320777893066406,49.35367012856658,49.01653255663038,49.11520612635467,3054500
2014-06-04,49.4605598449707,49.4605598449707,49.15631142392535,49.27965571751408,3599800
2014-06-05,49.51812744140625,49.6743608525712,49.16454375691742,49.51812744140625,3929800
2014-06-06,49.468788146972656,49.6661384165389,49.3701145805776,49.55924022315818,3950900
2014-06-09,49.213871002197266,49.46878107712809,49.115197449904166,49.427667358403944,5533400
2014-06-10,49.378334045410156,49.378334045410156,48.8931845867679,49.22210064362827,6921400
2014-06-11,49.320777893066406,49.39478385455368,49.14809836185484,49.17276597009186,5901200
2014-06-12,49.07407760620117,49.31254153652431,48.95895795343146,49.213864859771455,4305300
2014-06-13,49.03298568725586,49.156326882857876,48.90141986321438,49.115213150990535,2950700
2014-06-16,49.13164138793945,49.50167111361377,48.96718338355358,49.25498567542273,9021700
2014-06-17,49.106990814208984,49.230332007688325,48.958978872612484,49.14810454536877,3728200
2014-06-18,49.501686096191406,49.50990758735009,48.99186895138786,49.05765029098679,5374200
2014-06-19,49.666133880615234,49.666133880615234,49.44411602392078,49.477005118531345,4313800
2014-06-20,50.08378601074219,50.092038380445835,49.770142436523,49.81966610041793,4426700
2014-06-23,49.893951416015625,50.15807133371938,49.852683269229,50.11680318693275,3406700
2014-06-24,49.92695617675781,50.32313596589853,49.86917700573586,50.05901610647138,4868300
2014-06-25,50.471717834472656,50.50473046467575,49.86919089203624,49.9022066707973,20099100
2014-06-26,50.5377311706543,50.62852296088975,50.11679113694826,50.59550719197558,11236400
2014-06-27,50.405670166015625,50.529477722518564,50.23234210575708,50.38916228191144,4840900
2014-06-30,50.20758056640625,50.55423667803404,50.149801399244744,50.438684640824775,6434500
2014-07-01,50.843109130859375,50.94215641806079,50.34788528907789,50.40566129900051,8145300
2014-07-02,51.231056213378906,51.231056213378906,50.75234006828872,50.82662398804242,4036600
2014-07-03,51.43739318847656,51.453901073826,51.11549729555539,51.33834902493709,2468600
2014-07-07,51.04946517944336,51.4456481262554,51.008197040812945,51.231048767685785,3900300
2014-07-08,50.570762634277344,50.991702798622775,50.397434516520875,50.96694253853128,7145400
2014-07-09,50.78535079956055,50.834874460400684,50.43869461935211,50.711066882579104,5879900
2014-07-10,50.752342224121094,50.859638775000434,50.19108661737627,50.380922609575585,4726600
2014-07-11,50.85962677001953,50.90915042312187,50.545986412709006,50.82661414984163,3779600
2014-07-14,51.02471160888672,51.15677155893477,50.90090402822274,51.15677155893477,4078700
2014-07-15,50.58726119995117,51.090740719400266,50.47170914274464,51.05772494632485,5498900
2014-07-16,50.42218780517578,50.78535188005752,50.199336049490086,50.75233925401922,5279000
2014-07-17,49.869178771972656,50.64503364150612,49.81140274746151,50.224090436002385,7321900
2014-07-18,50.686302185058594,50.777093981031136,49.93521071186376,50.05076276180801,8938700
2014-07-21,50.479957580566406,50.562493858269946,50.30662950825468,50.537733604670315,3731900
2014-07-22,50.91740798950195,51.05772344667245,50.711064136677415,50.735827540035345,5640400
2014-07-23,51.33010482788086,51.4043887540567,51.09074830892129,51.29709219845884,7264400
2014-07-24,51.22279357910156,51.5034213143173,51.1732699263375,51.44564529370438,6107400
2014-07-25,51.032958984375,51.132003143968866,50.77709149448736,51.11549525927705,4129300
2014-07-28,51.08249282836914,51.21455279182967,50.81012053122587,51.04947705036454,7004900
2014-07-29,51.1237678527832,51.31360387900594,51.024723654005754,51.23932309134159,5321800
2014-07-30,51.33010482788086,51.569464495398314,51.06598490115742,51.379628494850714,7752700
2014-07-31,50.27361297607422,50.9751807715966,50.27361297607422,50.86788424191904,8415200
2014-08-01,50.31486511230469,50.57073252562523,49.935193323678945,50.158044977495656,16923800
2014-08-04,50.52949142456055,50.628535607486455,50.07553235998803,50.422191723065424,9208900
2014-08-05,50.04252624511719,50.47997432949124,49.87745048638189,50.31489857075594,10309500
2014-08-06,50.017765045166016,50.22410896556448,49.64634850729545,49.82792901622642,9568000
2014-08-07,49.37394714355469,50.18281450975213,49.283155362395135,50.12503849420636,10947000
2014-08-08,49.9599723815918,49.99298815352781,49.2749124309847,49.43998814210746,5472600
2014-08-11,49.93519592285156,50.306615365212124,49.91043567621295,50.1580475882679,4700600
2014-08-12,49.893951416015625,50.01775585637551,49.753635938671756,49.88569589752363,2878500
2014-08-13,50.4964714050293,50.545995066610516,50.07552815298281,50.09203604017655,4751900
2014-08-14,51.09074401855469,51.09074401855469,50.430441108637424,50.5872644665937,4797400
2014-08-15,51.1402587890625,51.39612629534593,50.66979506514837,51.33835026950084,7777600
2014-08-18,51.53643798828125,51.61072189899225,51.33009414170149,51.396125683914484,7448800
2014-08-19,51.874839782714844,51.907855552556065,51.42913948408675,51.61071992109927,3874500
2014-08-20,51.86659240722656,51.957384208751016,51.63548829320606,51.7758006057021,4513800
2014-08-21,51.940879821777344,52.09770003134887,51.89135615891167,51.940879821777344,3125900
2014-08-22,51.99039077758789,52.138955432758735,51.86658322496252,52.02340339620538,3248900
2014-08-25,52.3865852355957,52.49388178618018,52.17198583731128,52.30404579450257,4863000
2014-08-26,52.57642364501953,52.60943942297503,52.35357186665674,52.46087157073317,3601300
2014-08-27,52.535152435302734,52.724988424647094,52.460868513510796,52.700225018344646,4151700
2014-08-28,52.51863479614258,52.63418684224043,52.32879884204509,52.38657486509402,3466000
2014-08-29,52.708465576171875,52.757986077605764,52.46910599071873,52.60116590880377,4139100
2014-09-02,52.683712005615234,52.86529559671531,52.543396553795034,52.815771940445146,5076800
2014-09-03,52.923065185546875,53.16242477224215,52.79925763420606,53.0138569700559,5421900
2014-09-04,52.6589469909668,53.17067882919558,52.551647313278515,53.038622046966,6231400
2014-09-05,52.96434020996094,52.97259572751203,52.122460036080376,52.67546006682127,6349400
2014-09-08,52.97258377075195,53.07163106766392,52.76623995835375,52.86528725526572,7204800
2014-09-09,52.832275390625,53.06337947003696,52.700212318324525,53.04686843744246,6667300
2014-09-10,53.20369338989258,53.26972492806381,52.799261238543444,52.90655776523613,7039600
2014-09-11,53.05512237548828,53.129409425725925,52.79100253585807,52.997346357353976,6360300
2014-09-12,52.66720199584961,53.055126267702036,52.51863418158883,53.03036601484426,7340200
2014-09-15,52.52688980102539,52.72498128182036,52.345306206009774,52.66720525587126,6082500
2014-09-16,53.244972229003906,53.28623722337933,52.38658100234648,52.45260940132764,6907900
2014-09-17,53.2862434387207,53.49258732601081,52.89831592307679,53.2119626619118,6704300
2014-09-18,53.68242263793945,53.70718289510687,53.36052670053261,53.45956772920225,5460700
2014-09-19,53.74122619628906,54.09740290164038,53.66668066983772,53.973160357554804,6833500
2014-09-22,53.45130920410156,53.67495839249064,53.244229899068124,53.625255061982585,4005700
2014-09-23,53.136566162109375,53.368494039077795,52.87150482849393,52.95433531033113,7833900
2014-09-24,54.06427001953125,54.06427001953125,53.2525225650094,53.26908613120872,8120900
2014-09-25,53.17796325683594,54.014565422613146,53.17796325683594,53.99800185873786,11661500
2014-09-26,53.343650817871094,53.426481307924604,52.888073643234804,53.426481307924604,6513000
2014-09-29,53.22766876220703,53.40989957007476,52.85492536419558,52.896340595134724,10284100
2014-09-30,52.9377555847168,53.43474783305934,52.89634035396648,53.335347487523094,7580800
2014-10-01,52.38277816772461,53.09512826538522,52.20882916409037,53.09512826538522,11141700
2014-10-02,52.27510452270508,52.507032352088956,51.82781242908215,52.3827866548246,7225200
2014-10-03,53.35191345214844,53.418174024745745,52.68097222829683,52.71410567437482,11383100
2014-10-06,53.103424072265625,53.76608045835436,52.888059798852844,53.583849636201975,8287500
2014-10-07,52.258544921875,53.02059857339061,52.258544921875,52.995746902726104,11281800
2014-10-08,53.59212875366211,53.633547148009555,52.23369199703399,52.36622264351819,11412300
2014-10-09,52.482181549072266,53.56727512603992,52.44904810067246,53.50929317123002,15686000
2014-10-10,52.159141540527344,53.06200436670753,52.159141540527344,52.42420282449909,15606800
2014-10-13,50.92494583129883,52.20883697921005,50.866963874667846,52.18398847201952,17937500
2014-10-14,50.543922424316406,51.40537318146638,50.19602751248363,51.23142414566011,19321000
2014-10-15,50.129764556884766,50.35341061233035,49.04466773078502,49.97238540369556,32120100
2014-10-16,49.87297821044922,50.46108266830953,49.24345852424849,49.45053782572996,30185000
2014-10-17,50.66815948486328,50.99120583354583,50.237437339511665,50.35340123708935,15704700
2014-10-20,51.2811279296875,51.32254316597256,50.50251074427639,50.50251074427639,9848900
2014-10-21,52.63956832885742,52.67270178206588,51.6621535776681,51.71185375748078,14961400
2014-10-22,52.37451171875,52.78867044164992,52.225414325723605,52.65613977671316,13813800
2014-10-23,53.269081115722656,53.55899721317212,52.78865874667884,52.78865874667884,11165000
2014-10-24,54.01455307006836,54.03940156997815,53.30219991471942,53.41816379400343,9703500
2014-10-27,54.07255554199219,54.13053750365095,53.8323427523888,54.02285852330178,9110800
2014-10-28,54.47014236450195,54.50327581177544,53.98971685837481,54.50327581177544,8770600
2014-10-29,54.4949951171875,54.64409248175877,54.13053348833343,54.45357672497794,10162400
2014-10-30,55.497257232666016,55.5303906818983,54.36246029480748,54.412163628435536,11630600
2014-10-31,55.72090530395508,56.31729480655015,55.53868079554867,56.209615826188205,11388000
2014-11-03,55.78717803955078,55.87829346305743,55.38958920930404,55.803747927221366,8680700
2014-11-04,55.79546356201172,55.94456095479059,55.45585037640852,55.77061504980867,5716000
2014-11-05,55.737483978271484,56.317303686350655,55.60495014810434,56.300740117360185,6592100
2014-11-06,56.07709503173828,56.20134392687557,55.81203367124068,55.81203367124068,7962400
2014-11-07,55.522090911865234,56.126765139640284,55.34814508951949,56.07706181928609,13895600
2014-11-10,56.085350036621094,56.11019853847142,55.43097876981121,55.64634298511068,5455300
2014-11-11,56.29244613647461,56.49952547319776,56.06880323341993,56.209615665697314,9777500
2014-11-12,56.2096061706543,56.300721568985864,55.985956985819065,56.07707238415064,3879900
2014-11-13,56.168182373046875,56.4912255470895,55.9031211451258,56.29243120603823,5216600
2014-11-14,55.70433044433594,56.15162248060032,55.48068758598304,56.15162248060032,6331800
2014-11-17,55.97768783569336,56.12678521095903,55.58837767141301,55.58837767141301,8587200
2014-11-18,56.88055419921875,56.92197259693938,55.96940632540683,56.01910334702341,8240100
2014-11-19,56.56580352783203,56.84742844790039,56.41670612321906,56.814294989146276,6253600
2014-11-20,56.32556915283203,56.549212014450696,56.14333835914936,56.31728421142137,9041600
2014-11-21,56.590633392333984,57.00479201093115,56.43325109500819,56.88882810328867,8098700
2014-11-24,56.88055419921875,56.88883914267492,56.69832336054432,56.814287290689826,5020100
2014-11-25,56.95510482788086,57.12905071936298,56.73145559628949,56.996516905151786,5510200
2014-11-26,57.30300521850586,57.327853732513006,56.92197992475384,57.145622870379206,5325900
2014-11-28,57.659156799316406,57.97391503844904,57.36096212242937,57.36096212242937,4395500
2014-12-01,57.51834487915039,57.93250345386879,57.3775261608818,57.452077990501444,8537400
2014-12-02,58.156158447265625,58.238988915593566,57.725436220224545,57.725436220224545,7444800
2014-12-03,58.24726867675781,58.338384079681035,58.023625800211136,58.28868706701712,6577000
2014-12-04,58.1727294921875,58.487487805931416,57.94908027172859,58.147874663590024,4235400
2014-12-05,58.636600494384766,58.68629752544002,58.156174795645924,58.21415677173086,8325100
2014-12-08,58.843666076660156,59.16670934184623,58.56203488778309,58.56203488778309,5942800
2014-12-09,58.59516906738281,58.6531510305826,57.82483365940845,58.16444681497866,9776300
2014-12-10,57.692298889160156,58.586883053884065,57.650880498001754,58.55374960486919,9011200
2014-12-11,57.85796356201172,58.53718351191018,57.72543607692793,57.90766689853282,7383300
2014-12-12,56.971656799316406,57.866240904485096,56.92195978888219,57.53491275595312,10438600
2014-12-15,56.44981002807617,57.32782410691841,56.25101569918992,57.311260545993626,17776200
2014-12-16,55.79546356201172,57.1704672335852,55.762330105887465,56.20962228422406,14735600
2014-12-17,56.83913803100586,56.979950461827016,55.7540380204975,55.861723318998195,17776200
2014-12-18,58.39634704589844,58.40463198516815,57.38579931993249,57.510048130750064,16048100
2014-12-19,58.537696838378906,58.970013331286246,58.213451540009984,58.612518285190454,17822000
2014-12-22,57.980682373046875,58.296612156319846,57.68969942236329,58.196843854820074,9896600
2014-12-23,56.65045928955078,58.155261078892714,56.35116078494831,58.11369571839045,22190400
2014-12-24,57.0661506652832,57.390389653146634,56.64214339540357,56.692030707887355,4519100
2014-12-26,57.4735221862793,57.63148703461537,57.25736710670988,57.29062319809383,4242800
2014-12-29,57.673072814941406,57.756209892223026,57.34883377347639,57.415339629530244,5225900
2014-12-30,57.42364501953125,57.71462790970221,57.357132832363234,57.581609878317465,4965100
2014-12-31,56.84999465942383,57.91417074045602,56.84168539234181,57.58992537864999,7863600
2015-01-02,57.057830810546875,57.65642777220157,56.82504451278135,57.1243429936087,7516800
2015-01-05,56.766868591308594,57.26569745985487,56.65879101172541,56.80012469493877,10784800
2015-01-06,56.57563400268555,57.440267020802374,56.22644820900076,56.958069545339406,13344500
2015-01-07,57.905845642089844,57.922470516481745,56.83336046971083,56.95806922797833,14146400
2015-01-08,58.895206451416016,58.961718656385415,58.379752720285644,58.47951468478676,22138400
2015-01-09,58.371421813964844,59.011590518885285,58.171891594292184,58.94507833134396,9724300
2015-01-12,58.39635467529297,59.02820768854864,58.23839617919192,58.8203618868284,11972100
2015-01-13,58.13865661621094,59.26933884326671,57.64813698362837,58.945099739929766,14219800
2015-01-14,58.047176361083984,58.19682559490319,57.42363894399574,57.58160378606896,12548000
2015-01-15,57.42364501953125,58.37142148634597,57.39038892594724,58.263343939411406,16382800
2015-01-16,58.50444030761719,58.61251784429336,57.31556203237662,57.332186906115,13759300
2015-01-20,58.50444030761719,58.745542206003115,57.82270631123138,58.59589297055498,10387200
2015-01-21,58.620845794677734,58.8453165236347,58.1552667736212,58.44625604038854,8391000
2015-01-22,59.319217681884766,59.32753329378425,58.06382668910634,58.87858539551342,11497400
2015-01-23,58.97834777832031,59.294271226242415,58.9534072880834,59.236074634705375,6815600
2015-01-26,59.28593444824219,59.31919053766885,58.67902825931942,59.036523291967946,7871700
2015-01-27,58.861934661865234,59.27762627291527,58.61251715805497,58.753850783503836,10040100
2015-01-28,58.01392364501953,59.18617710193819,57.92247097775846,58.97001567541648,11005400
2015-01-29,58.50444030761719,58.55432127178301,57.548348322418015,58.01392090250081,12120000
2015-01-30,57.58994674682617,58.63749199647161,57.50680964449496,58.25505625138456,13886500
2015-02-02,57.9141731262207,57.93911361439813,56.89988432065704,57.698011657095925,18042300
2015-02-03,58.30490493774414,58.329851763279486,57.42364072401943,58.1968273988942,17432800
2015-02-04,57.57329177856445,57.88921513951876,57.257368417610145,57.606547870709804,15184800
2015-02-05,58.54601287841797,58.59590019168238,57.93910659643883,57.93910659643883,10801400
2015-02-06,58.01392364501953,58.78711034089434,57.855958793759314,58.546008431110685,11886100
2015-02-09,57.33219528198242,57.914167435059014,57.19917724379026,57.747886958629294,8139000
2015-02-10,58.29660415649414,58.354800738644755,57.66475101960764,57.797769060401166,8629000
2015-02-11,58.35479736328125,58.67072074197496,58.0222427661055,58.346481754040234,8088100
2015-02-12,58.562625885009766,58.72889996297837,58.07210657198826,58.629131710427515,10124100
2015-02-13,58.79544448852539,58.84532547077732,58.33818100803949,58.604223484971385,8592300
2015-02-17,59.21944808959961,59.244388579134906,58.79544073864186,58.85363732854174,8381700
2015-02-18,59.28593444824219,59.31919053766885,58.920130150449864,59.21111300424506,7780900
2015-02-19,59.385719299316406,59.48548759545557,59.119676852564226,59.219445148703386,5383600
2015-02-20,60.00925827026367,60.03419875913881,59.19449969027879,59.30258359934094,8213700
2015-02-23,60.28361511230469,60.474829751774564,59.99263217640338,60.10070974032322,8577500
2015-02-24,60.20877456665039,60.3999955086184,59.9843038758584,60.366739416843494,8052200
2015-02-25,60.18385314941406,60.366758540643865,59.942751164879596,60.158912658419624,9629700
2015-02-26,60.350128173828125,60.37507500812928,59.901186643656,60.183854002872,4424900
2015-02-27,60.05915451049805,60.400024859621446,60.02589840256254,60.325197031028054,6745300
2015-03-02,60.59954071044922,60.616171931927205,60.14227726409224,60.25036117484162,6769900
2015-03-03,60.05081558227539,60.57458475192906,59.751517101630185,60.56626914331366,10144000
2015-03-04,60.34181594848633,60.42495302989052,59.527057327638744,59.87623687530797,9153500
2015-03-05,60.55796432495117,60.832322371586365,60.34180920604346,60.416630668061046,6252100
2015-03-06,59.36909866333008,60.40832803629452,59.294270850141224,60.27530363193777,12314900
2015-03-09,59.73488998413086,59.79308656253098,59.21112077852981,59.551984639744404,10306300
2015-03-10,59.06980514526367,59.47718131825802,59.028233429610815,59.211138829758184,12323900
2015-03-11,59.036537170410156,59.45222887153946,58.994965463116436,59.3857166770503,7525100
2015-03-12,59.818031311035156,59.818031311035156,59.252690362156734,59.310886944705175,7574200
2015-03-13,59.701629638671875,60.09238078422436,59.30256922747635,59.73488573009664,6480400
2015-03-16,61.02354049682617,61.031856106534974,60.00093616300193,60.21709761476876,13635100
2015-03-17,60.84894561767578,60.973648038029815,60.474819327760116,60.80737391559031,10142500
2015-03-18,61.63875198364258,61.89647875444105,60.48312980477435,60.71591609361822,12886900
2015-03-19,61.99626541137695,62.079402490198405,61.53069269561481,61.63877026378744,9403900
2015-03-20,62.44478988647461,63.370207155836255,62.094633719876505,62.86164428309902,9544300
2015-03-23,62.26969528198242,62.60317362224991,62.027919032804355,62.25301754855408,4667800
2015-03-24,61.727806091308594,62.511494472062154,61.71946722153417,62.34474888004334,8467700
2015-03-25,60.602294921875,62.211353165996705,60.58561718382771,61.9028786190555,15039100
2015-03-26,60.4605598449707,60.96079021739479,59.96033583324004,60.26047151241712,18253800
2015-03-27,60.894107818603516,61.12754532739134,60.527273812968325,60.62732118560385,8841600
2015-03-30,61.51103591918945,61.602744398539095,61.31094758274184,61.385978323649624,8008200
2015-03-31,60.44390106201172,61.836193532321666,60.44390106201172,61.26927117138121,8442900
2015-04-01,59.83530044555664,60.70235868931991,59.451795015551,60.46892115459437,21829300
2015-04-02,60.018699645996094,60.29382509909279,59.72690281423923,59.89364204361633,7560100
2015-04-06,60.11039352416992,60.435539394933954,59.6101695968939,59.68520032367375,5746200
2015-04-07,60.252140045166016,60.7023436192379,60.202119546056096,60.26047891524907,5599300
2015-04-08,60.76069641113281,61.027482978663286,60.310492885795114,60.38552998703148,12577100
2015-04-09,61.21923828125,61.31928562847699,60.694004019868565,60.77737362887766,8181400
2015-04-10,61.744483947753906,61.82785993285724,61.03583259923796,61.27760896250945,5084300
2015-04-13,61.41098403930664,62.061275787944155,61.385967436080854,61.78615039869216,6814800
2015-04-14,61.51103591918945,61.577734151569835,61.010811897723656,61.477686802999266,5878700
2015-04-15,61.669464111328125,61.969599900888156,61.552745344354314,61.85288113391434,6254600
2015-04-16,61.636104583740234,61.886219819737214,61.54439608792099,61.73615195027796,4439500
2015-04-17,61.102535247802734,61.40267100586596,60.71069098807045,61.24426425558396,12115400
2015-04-20,61.477691650390625,61.64443724448913,61.31929128686458,61.410999773445255,6659500
2015-04-21,61.88620376586914,62.06961434923452,61.761146180311776,61.786156425284645,6577200
2015-04-22,61.986244201660156,62.119640654601895,61.66943716696297,62.027932183377686,6078200
2015-04-23,62.21969985961914,62.378106603716276,61.60275698577506,61.89455386119491,10532500
2015-04-24,62.019596099853516,62.30306039473705,61.75280954268309,62.09463319817599,10397200
2015-04-27,60.894107818603516,62.22804098360185,60.81073818842144,62.1696816064049,17847700
2015-04-28,61.19422149658203,61.30260134064513,60.19376721328173,61.0691639160829,15798400
2015-04-29,60.63563537597656,61.202557535430316,60.235452409018194,60.769025457834374,13661300
2015-04-30,59.7852668762207,60.67733518090978,59.468459771244135,60.37719945590277,14554400
2015-05-01,60.59397506713867,60.62732419300479,60.185459406495674,60.19379191744067,11508300
2015-05-04,60.97748565673828,61.21926206929746,60.6856887314758,60.827417757932444,8561700
2015-05-05,60.210445404052734,60.86073719472387,60.152086047471805,60.85239832644293,11373800
2015-05-06,59.97702407836914,60.40221106444478,59.54349186107951,60.3688683037559,10152200
2015-05-07,60.260459899902344,60.468887061349534,59.801923961133824,59.89362606033378,9019700
2015-05-08,61.23591995239258,61.40266555913378,60.827404347092035,60.877424848767134,11222400
2015-05-11,61.269256591796875,61.561053393280176,61.21089723150021,61.452673541498726,7980700
2015-05-12,60.87739562988281,61.12751073960141,60.59393777551376,60.82737515221568,7019800
2015-05-13,60.94410705566406,61.39431053436462,60.8357272103204,61.077503505957345,6005800
2015-05-14,61.78614044189453,61.811150680397525,61.019130111242866,61.26923885696421,6894400
2015-05-15,61.91122055053711,61.98625129338122,61.7194647176682,61.89454281166484,3872300
2015-05-18,62.27808380126953,62.35312094780269,61.83621887837681,61.869568014536284,6792200
2015-05-19,62.569854736328125,62.72825510014997,62.20302078932039,62.36142751383628,5869200
2015-05-20,62.65321731567383,62.92000387606886,62.403102132500145,62.67822756185252,10577000
2015-05-21,62.661556243896484,62.72824811353833,62.42811243772337,62.636539637000794,4537900
2015-05-22,62.51149368286133,62.81162302331819,62.46146682554029,62.55317530981934,4612300
2015-05-26,61.87785720825195,62.38641999514869,61.75279963823448,62.31972177638041,9533800
2015-05-27,62.594886779785156,62.66158504077231,61.92791689130614,62.09466254377402,13043700
2015-05-28,62.63653564453125,62.81161371748156,62.336399987847024,62.586515155314856,5766400
2015-05-29,62.47813415527344,63.04505634513615,62.286378348994994,62.53649351184639,9839200
2015-06-01,62.72826385498047,62.97004023009843,62.31140935181742,62.83665009664762,7466700
2015-06-02,62.319732666015625,62.603190604273394,62.07795635125223,62.52815986556752,5722400
2015-06-03,62.43644332885742,62.586511147589945,62.26136526711823,62.528151793676884,5357600
2015-06-04,62.00297546386719,62.453179340153135,61.78620922105578,62.20306395531701,6479500
2015-06-05,61.977909088134766,62.01959707237799,61.4776850806829,61.91954972661027,7772200
2015-06-08,61.669464111328125,62.128000307097906,61.66946411132813,61.99461015656887,6736600
2015-06-09,61.65277099609375,61.86953709244304,61.41100101099335,61.86953709244304,8297500
2015-06-10,62.41143798828125,62.48646872319493,61.677776572788844,61.79449528978325,7728800
2015-06-11,62.83665084838867,62.936691859499874,62.50316596972963,62.89501022510188,4912000
2015-06-12,62.0612907409668,62.61987416110518,61.977914764843746,62.528165675924974,6330600
2015-06-15,62.136322021484375,62.26137962605145,61.35263363617844,61.66944708250756,7150200
2015-06-16,62.44478988647461,62.47813900148776,61.969576128750525,62.102966228109814,6041400
2015-06-17,62.50315475463867,62.661561474734796,62.11131056957596,62.519826133267486,5132100
2015-06-18,63.38692092895508,63.595348266672644,62.59489958990734,62.61990985272184,9511200
2015-06-19,63.33750915527344,63.58848585936928,63.29568395965927,63.44626232299352,10327400
2015-06-22,63.83113098144531,64.13230064322322,63.75583537469768,63.80602819079189,6635000
2015-06-23,63.95660400390625,64.12392400497231,63.730729980723844,63.923146386298455,4631600
2015-06-24,63.31243133544922,63.93149930253911,63.31243133544921,63.87293890541715,7294400
2015-06-25,63.663795471191406,63.96496505971275,63.33752948072741,63.504849464686366,9232500
2015-06-26,63.57176208496094,63.99842000545975,63.34588811681678,63.75581084998411,6147500
2015-06-29,62.01571273803711,63.345879107130685,61.98224875073758,63.01961320921401,13675900
2015-06-30,62.23323059082031,62.70171368640037,62.0324530330865,62.684984882674,8722200
2015-07-01,62.902488708496094,62.96104908714098,62.53439125266963,62.877392315162936,7756500
2015-07-02,62.60969924926758,63.08655639632154,62.484217244889685,63.04472480645925,5678800
2015-07-06,62.58462142944336,62.97781551351003,62.02411370146194,62.02411370146194,9352600
2015-07-07,62.88576126098633,62.885761260986335,61.8149391296846,62.66825490360548,10653300
2015-07-08,61.80659484863281,62.57625413058078,61.78986603891049,62.38383771444234,13074900
2015-07-09,62.14122772216797,62.63481376808304,62.10776372052918,62.4758613559502,6654600
2015-07-10,62.977821350097656,63.053116964661925,62.55953081893855,62.91926093103966,8059500
2015-07-13,63.51320266723633,63.64705863752282,63.253864703061204,63.42954587710925,7815100
2015-07-14,64.14900207519531,64.23265886051587,63.40444583541623,63.546663008721545,5831800
2015-07-15,64.23269653320312,64.63425827390411,64.04864766799048,64.34981737786438,6994900
2015-07-16,64.53385162353516,64.62587603529421,64.28287479462757,64.46692361814569,5109200
2015-07-17,64.39160919189453,64.47526597457961,64.13227125078974,64.45853717108396,3877900
2015-07-20,64.60079193115234,64.75137678065228,64.40837547466633,64.4753034928012,3874800
2015-07-21,64.31632232666016,64.74298027349855,64.02352035632175,64.57566668547781,8140200
2015-07-22,64.45854187011719,64.51710226052614,64.04025154359496,64.14063713709383,5765400
2015-07-23,64.22431945800781,64.70953796149527,64.10719863062897,64.57568832275076,5677400
2015-07-24,62.618072509765625,63.62197331385831,62.500951706678904,63.58014172021088,13229700
2015-07-27,62.559486389160156,62.684974735907396,62.23322051717879,62.46746202705234,11037000
2015-07-28,63.68888854980469,63.70562373862971,62.5929698381296,62.9108682171563,11445100
2015-07-29,63.79765319824219,64.09045519989967,63.52994759921179,63.96496680415933,9367000
2015-07-30,63.705596923828125,63.85618164684743,63.21201118291971,63.73906090478816,5381100
2015-07-31,64.0737075805664,64.35814831457496,63.90639400710517,63.94822559177233,7910300
2015-08-03,64.02351379394531,64.33305092092094,63.588494680118096,64.14063457007585,8447800
2015-08-04,63.99005126953125,64.37487759743583,63.789273703364465,64.34141998857781,10778700
2015-08-05,64.52545928955078,64.6342188522641,64.27448893946568,64.38324211957554,5391200
2015-08-06,63.120018005371094,64.64259478673107,63.06145760541897,64.58403438677895,13360200
2015-08-07,63.01122283935547,63.220367897423245,62.35032368994922,63.103247175513346,10863600
2015-08-10,63.521583557128906,63.79765676667842,63.22041394354857,63.22041394354857,7951100
2015-08-11,62.98616027832031,63.3207938274532,62.66826191707631,63.086552257841404,7914900
2015-08-12,63.02797317504883,63.09490114832687,61.823301569058344,62.50929733865113,9665900
2015-08-13,62.88576126098633,63.31241914794677,62.735176499859314,63.078177604549936,6329300
2015-08-14,63.06147003173828,63.09493403582002,62.5762579290685,62.71010756278928,5504000
2015-08-17,63.69725036621094,63.7139855535179,62.60133175394712,62.85230212011696,5796000
2015-08-18,63.60525131225586,63.94825257999379,63.50486567885463,63.63034772060617,5465900
2015-08-19,63.34589767456055,63.78091687175772,62.89414328750684,63.26224087309241,10070300
2015-08-20,61.873497009277344,63.120000247635666,61.873497009277344,62.87739750366111,12992900
2015-08-21,59.982845306396484,61.78149543783798,59.974484093244875,61.25445179204113,24008300
2015-08-24,57.431270599365234,59.455794511987065,47.375569455147655,56.37717705190404,33675700
2015-08-25,56.85401916503906,59.68165941242556,56.7703623780946,59.229911486404745,17883700
2015-08-26,59.2550163269043,59.3135767243695,57.029708458017446,58.42679678511909,26115600
2015-08-27,60.40950012207031,60.493156927377264,59.1379000866313,60.02467371157422,18689700
2015-08-28,60.06650161743164,60.43459281470237,59.58965083559513,60.10832682621448,10045600
2015-08-31,58.9705696105957,60.31746499920568,58.81998483476962,59.79878906894116,15143100
2015-09-01,57.42289352416992,58.35986612084301,57.155187979778134,57.42289352416992,21723600
2015-09-02,58.60248947143555,58.60248947143555,57.64878783947482,58.376609073936585,12491700
2015-09-03,58.1842041015625,59.26338784500735,58.05034809401867,58.93712180487645,14080100
2015-09-04,57.45634078979492,57.94992015065611,57.03805059953218,57.29738847506251,16587900
2015-09-08,59.062599182128906,59.146255979912034,58.15909044782022,58.51045921067663,11697400
2015-09-09,58.15072250366211,59.79041980427828,58.0001377320441,59.74858821892735,12424000
2015-09-10,58.71123504638672,59.154621805723934,57.99177511827579,58.175823897458265,17313700
2015-09-11,59.087677001953125,59.112779777738105,58.301295690958916,58.46860923391022,7633000
2015-09-14,58.90364456176758,59.21317530653205,58.635932635868514,59.104422123588265,6232200
2015-09-15,59.74858856201172,59.890805740855406,58.978935894924156,59.19644865131111,8414600
2015-09-16,59.91590118408203,60.02465435765497,59.321929760531894,59.77367764005212,12003400
2015-09-17,60.459678649902344,61.28789805987349,59.8573459643828,59.8573459643828,19149000
2015-09-18,59.53696823120117,60.17506957759211,59.45300179627744,59.62931977928596,23716000
2015-09-21,58.74773025512695,60.0911099482299,58.35311106902241,59.94837725709326,23860100
2015-09-22,58.38669204711914,58.48744791880808,57.73179489548901,57.94169815720324,29234000
2015-09-23,58.32793045043945,58.873680315531516,58.025669183795856,58.437077861161704,9578700
2015-09-24,57.731781005859375,58.07601894126648,57.08527552810768,57.84932629168011,20064500
2015-09-25,56.1533203125,58.36989832445793,55.708326406380024,58.193580346886215,30973700
2015-09-28,53.97872543334961,55.918229589382754,53.508540957681426,55.80068427118314,66470200
2015-09-29,54.474090576171875,55.39767002521532,53.802404001831825,54.121454644212925,31776000
2015-09-30,55.60757064819336,55.76709275896229,54.89389448849417,55.28011569174645,26565600
2015-10-01,56.17010498046875,56.21208178254105,55.2045488524718,55.74190060260715,19853100
2015-10-02,57.33717727661133,57.345575200912144,55.17937194453572,55.43964994620675,23741800
2015-10-05,57.488304138183594,57.95008745279917,56.925764955743674,57.832542143206915,18389800
2015-10-06,56.136539459228516,57.471521381861145,55.33890947591548,57.303601302976425,30431600
2015-10-07,57.03491973876953,57.311993606917554,55.85946008465594,56.547942589734795,27466100
2015-10-08,57.20281982421875,57.38753567180904,56.144912270135805,56.70745132907893,23182700
2015-10-09,57.46311950683594,57.70660806135939,57.043312979534655,57.29519305247188,13890000
2015-10-12,57.614253997802734,57.79896350144923,57.13567478063842,57.21123688589294,11074500
2015-10-13,56.892173767089844,58.09282050977275,56.83340111838809,57.35395703382125,17273300
2015-10-14,56.78302764892578,57.66462390414975,56.62350552706042,57.19444265109117,21786200
2015-10-15,58.050811767578125,58.050811767578125,56.41356984121058,56.47234246406133,22133300
2015-10-16,58.57139205932617,58.655352060096284,58.06762564896805,58.210358290850984,17657000
2015-10-19,58.781280517578125,58.940802557300586,58.05921316177379,58.37826364695456,15694700
2015-10-20,57.85773468017578,58.781307695443104,57.605848218857965,58.59659181124188,14802000
2015-10-21,57.33717727661133,58.41188098049872,56.38841681427872,58.18518827029159,36068300
2015-10-22,56.992919921875,57.513482212933624,56.2792502558548,57.42112428378229,35524500
2015-10-23,58.21037292480469,58.51263412815483,57.34557252856255,57.580663152115086,26524200
2015-10-26,58.43705368041992,58.83167274890027,57.87451460250603,58.06762837851858,17831900
2015-10-27,59.511756896972656,59.511756896972656,58.588184036989524,58.59658195915183,25160900
2015-10-28,60.00714111328125,60.04072640139811,58.890454304915814,59.41940817984426,18158000
2015-10-29,60.275814056396484,61.29174495058748,60.02392761074255,60.35137614664962,22780700
2015-10-30,59.89800262451172,60.62846841471565,59.89800262451172,60.4605483369802,12427200
2015-11-02,61.17422103881836,61.21620426301852,59.89800532972512,60.24224983209259,18646600
2015-11-03,60.95590591430664,61.14901973358884,60.527701466847304,61.01467857135093,10428700
2015-11-04,60.687217712402344,61.190984157353164,60.317785996760726,61.17419471834123,11533000
2015-11-05,60.494102478027344,60.745982464907385,59.92316553973405,60.72919302807687,9172000
2015-11-06,60.24222946166992,60.30100211223226,59.54534917233191,60.12468416054526,12661100
2015-11-09,59.780418395996094,60.1330605789972,59.4361805388764,60.1330605789972,15625000
2015-11-10,60.183448791503906,60.31778351528658,59.67968236727804,59.79722765273949,9737400
2015-11-11,59.587337493896484,60.41015467235261,59.578939570027615,60.41015467235261,10580900
2015-11-12,58.55461120605469,59.520167476442694,58.55461120605469,59.42780953023016,10870800
2015-11-13,58.41187286376953,59.00799729150465,58.336310772780145,58.43706022743266,18196800
2015-11-16,59.142330169677734,59.142330169677734,58.2775299742176,58.28592149043973,12959800
2015-11-17,59.39421463012695,59.7888337172327,58.957618741550455,59.25987989738728,7882300
2015-11-18,60.552879333496094,60.62004349123368,59.42779481536954,59.42779481536954,12816300
2015-11-19,59.53696823120117,60.242240163235245,59.486587089099004,60.16667805869143,11128000
2015-11-20,60.04912567138672,60.342995378912775,59.847620322410194,59.847620322410194,9224500
2015-11-23,59.89800262451172,60.267434482418125,59.72168462116739,59.93158792120688,10362700
2015-11-24,60.08271789550781,60.14149056264564,59.49499122412951,59.52857652045688,7174700
2015-11-25,60.4101448059082,60.49411121940506,60.116281575883164,60.242224790390466,4594400
2015-11-27,60.52769088745117,60.63684466412571,60.368168792349884,60.569674094747235,2658000
2015-11-30,59.70486831665039,60.62844114019436,59.70486831665039,60.6200432183634,8846100
2015-12-01,60.7124137878418,60.76279492358461,59.881198714081755,60.01553986841083,10659200
2015-12-02,60.20024108886719,60.964291886390676,60.107883159370104,60.779576027396516,9875100
2015-12-03,58.882049560546875,60.32618475358949,58.62177161496524,60.25062266838371,13191400
2015-12-04,60.26742172241211,60.3597796673344,58.999604264992584,59.142343347160946,14929800
2015-12-07,59.93157196044922,60.4521343119794,59.620919258796505,60.14147520458803,8511000
2015-12-08,60.06592559814453,60.23384566606787,59.478192548932874,59.478192548932874,7483600
2015-12-09,59.461387634277344,60.368171138920104,59.22629703805255,59.788836165553064,17593600
2015-12-10,59.9063720703125,60.317780549196804,59.40260567085903,59.46137831069965,9778500
2015-12-11,59.02478790283203,59.51175850385261,58.949219412806386,59.26827000047337,15178300
2015-12-14,59.411006927490234,59.48656900906811,58.49582559204179,59.251478436508926,21091500
2015-12-15,60.183448791503906,60.4689140831281,59.864398217499634,60.05750558401303,14006300
2015-12-16,60.96427917480469,61.056637085044336,59.83919481631108,60.68720544408575,15273700
2015-12-17,60.30940628051758,61.13222347359431,60.25902514214818,61.13222347359431,11469100
2015-12-18,59.43501281738281,60.22759416007664,59.42658575453845,60.15170556437053,15159800
2015-12-21,59.97465133666992,59.97465133666992,59.48561785761708,59.789159428269755,6707200
2015-12-22,60.37936782836914,60.463683490982895,59.83973986819385,60.185436014772066,7495800
2015-12-23,61.02861022949219,61.1635204464127,60.69977461683996,60.75879622852438,8091000
2015-12-24,61.08762741088867,61.28155922542899,60.80095287003304,60.826246925652924,2568300
2015-12-28,60.80095672607422,60.961160998990714,60.6323253893318,60.910566451669474,6534700
2015-12-29,61.542945861816406,61.686289579444015,61.079206452398616,61.20567674313859,7243100
2015-12-30,61.28158950805664,61.635719327475606,61.22256787148682,61.47552141842946,8496500
2015-12-31,60.733516693115234,61.34059994867132,60.733516693115234,61.06235238439566,6591700
2016-01-04,59.637386322021484,59.865039274714604,59.03030320434212,59.67110744378297,19666300
2016-01-05,59.924068450927734,60.18544899124797,59.662687910607495,59.80602521124285,14540000
2016-01-06,59.43501281738281,59.84817048016327,59.02186158747477,59.072449696030574,14651700
2016-01-07,58.22929763793945,59.03031271561418,58.069099768703964,58.288319259841856,17850400
2016-01-08,57.35240173339844,58.726772499057574,57.25122548366856,58.5750016915883,17022800
2016-01-11,56.669437408447266,57.63065039665389,55.86842872923328,57.605356333733916,28563800
2016-01-12,57.39456558227539,57.72340127562896,56.458646629538386,57.12475151509106,13727000
2016-01-13,55.69136047363281,57.773984199680754,55.63233885277921,57.50417015679656,16202500
2016-01-14,57.18375015258789,57.55474675814853,55.488977806943915,55.83468035901127,23342300
2016-01-15,56.382755279541016,56.64413580542024,55.581740274078456,55.73351106427014,17882300
2016-01-19,56.37434005737305,57.20907645759342,55.758823199593856,56.998283982485944,13495200
2016-01-20,56.48394012451172,57.03200175220797,54.6879908609799,55.37938980323332,24665600
2016-01-21,56.315311431884766,56.913961214941374,55.78411677638033,56.62728657215724,17102800
2016-01-22,57.20907211303711,57.36084294090378,56.83808175937717,57.10789584970955,11343800
2016-01-25,56.677860260009766,57.41984717540207,56.60197165263106,57.040423437128666,10131900
2016-01-26,57.107887268066406,57.217497014491904,56.2731446237994,56.71159647525014,12449700
2016-01-27,56.45863342285156,57.60534454836737,56.06234269718272,57.00669492786435,15924700
2016-01-28,55.14329147338867,56.76217551296517,54.84818340881067,56.72844795803149,26127300
2016-01-29,56.045494079589844,56.070788142725114,54.86505514790491,55.02525945826116,17578200
2016-02-01,56.12981033325195,56.41649139504791,55.37095626717408,55.666064394850274,16705700
2016-02-02,55.320377349853516,55.88529963586121,55.15174594392984,55.73352879737958,12968700
2016-02-03,55.68293380737305,55.7419554354681,54.44347318450192,55.48057485860072,19453100
2016-02-04,55.379390716552734,56.003334544760634,54.8819172074665,55.51429453457411,18958100
2016-02-05,54.30011749267578,55.22760266303773,54.021870011705346,55.07583189458774,16744000
2016-02-08,53.558135986328125,53.9206991893004,52.91732525791516,53.69304300024081,24652800
2016-02-09,53.95443344116211,54.49405834732868,52.84987991640661,52.908901541289076,20741700
2016-02-10,54.435020446777344,55.27818994035381,54.26638912121114,54.30855016903905,14728500
2016-02-11,53.558135986328125,53.98815108803828,53.15341494459006,53.45695653000284,22801100
2016-02-12,54.27483367919922,54.3001277399021,53.39793645521303,53.85324563005003,10316000
2016-02-16,55.2950553894043,55.32034944424602,54.67110534990317,54.85660366257256,17303000
2016-02-17,55.99488830566406,56.06233697514241,55.30348315587556,55.725067896260185,12140000
2016-02-18,55.64918899536133,56.28999963954266,55.51427878274505,56.06234026397094,9722100
2016-02-19,55.590171813964844,55.75037609599057,55.244469191251135,55.37937941461458,8875100
2016-02-22,56.382755279541016,56.391182344142855,55.952736968518956,56.045486142129086,7515700
2016-02-23,55.961181640625,56.5261038596943,55.90216001225769,56.23099571785773,8211900
2016-02-24,56.146671295166016,56.222559918748125,55.050554465630775,55.640770725159385,11118600
2016-02-25,56.84649658203125,56.880224140167705,56.1213701642822,56.39961769425254,9496400
2016-02-26,56.745323181152344,57.33553939590162,56.69472862497793,57.1078864081767,10365700
2016-02-29,55.8431282043457,56.72001897084893,55.81782771147881,56.576681675639165,11091700
2016-03-01,57.04041290283203,57.0572734608727,55.7840922604557,56.155082433200214,14549100
2016-03-02,57.1331787109375,57.150039273893725,56.78747605803117,56.90551929734697,10923700
2016-03-03,56.97297286987305,57.04042798561679,56.45020537216991,56.98983343237203,10815000
2016-03-04,56.83807373046875,57.200630533345084,56.576686743753456,56.97297754014085,9855700
2016-03-07,57.29337692260742,57.48730877859116,56.458640744403795,56.46707424237025,11082400
2016-03-08,56.59355545043945,57.14161063693911,56.51766682849551,56.95611869714478,8204200
2016-03-09,56.6947135925293,56.93923351177,56.30685640669415,56.74530813528871,13032500
2016-03-10,56.72843933105469,57.360816415927395,56.289994049340116,56.97295924248348,11287700
2016-03-11,57.83300018310547,57.84143368036939,57.048858625147226,57.09101324571969,10618300
2016-03-14,57.5884895324707,57.816142506969825,57.445145803324245,57.62221065746221,6140900
2016-03-15,56.6947135925293,57.32709069760514,56.52608227099143,57.20904748595412,15226500
2016-03-16,56.559837341308594,56.88867308131469,56.11295833221701,56.58513140855896,16881300
2016-03-17,55.90215301513672,56.517663286371956,55.362524928215045,56.50922978826793,20920400
2016-03-18,56.55963897705078,56.76273031142557,55.89960828021242,56.001153947399814,19524800
2016-03-21,56.88966369628906,57.008130419434984,56.51733602014346,56.61041793917986,12183600
2016-03-22,57.456600189208984,57.63430023582896,56.70348770098347,56.70348770098347,13200200
2016-03-23,57.05043411254883,57.51584369009556,56.99966450625354,57.414298021553,9105100
2016-03-24,57.02503967285156,57.236588271268715,56.58502142876227,56.79657002717942,8492800
2016-03-28,56.86425018310547,57.23657771354529,56.779632050537245,57.17734437515256,7156300
2016-03-29,57.52431106567383,57.57508067516629,56.568107047216586,56.76273464352499,10455600
2016-03-30,57.532772064208984,57.96433314051316,57.431232838692324,57.812017846285386,7607700
2016-03-31,57.35505294799805,57.78661388122168,57.329668150035005,57.448134844496295,8602700
2016-04-01,58.006649017333984,58.21819769142207,57.0081390174001,57.11814200378276,9120200
2016-04-04,58.70052719116211,58.912075860857286,58.1335718498547,58.14203560430936,17381200
2016-04-05,57.93894958496094,58.285886039554086,57.80355534007868,58.0151040057425,16555000
2016-04-06,59.49592590332031,59.521310702242396,57.95585236118872,57.95585236118872,24546600
2016-04-07,58.84437942504883,59.47056168700012,58.539748820650225,59.07284915037122,19216700
2016-04-08,58.68360900878906,59.233636928602614,58.336672492446226,59.20825211715729,12883800
2016-04-11,58.23512268066406,58.82745642576345,58.108192176441726,58.65822005743609,8695500
2016-04-12,58.70896530151367,58.83589575303606,58.21817745475186,58.226634750489325,13510500
2016-04-13,59.25900650024414,59.29285505878433,58.66667286567184,58.979760734251876,9706200
2016-04-14,59.29285430908203,59.48748190423915,59.072841909328844,59.24208469988989,6655200
2016-04-15,59.25054931640625,59.43671318104321,58.85284323535373,59.43671318104321,7945300
2016-04-18,59.80056381225586,59.86826092173711,58.98821786633589,59.08129977788469,11505400
2016-04-19,60.012107849121094,60.33366586659609,59.68209253557133,59.90210489658824,6655000
2016-04-20,60.33367156982422,60.62137460639134,59.97826496660061,60.02904102760502,10763400
2016-04-21,60.6890754699707,60.824463243800295,60.291362989926895,60.36751740221501,12463100
2016-04-22,60.81599807739258,61.01908293983583,60.45213420187475,60.72291617044955,12052800
2016-04-25,60.57905960083008,60.77368717145193,60.38443848615975,60.58752335327925,8937500
2016-04-26,60.35060119628906,60.69754409599265,60.172901097399205,60.69754409599265,7433500
2016-04-27,60.28289031982422,60.53675123513913,60.02903586046056,60.39289972923793,9121200
2016-04-28,59.995208740234375,60.57907872451374,59.66519330600365,59.935975366294336,19512000
2016-04-29,59.055912017822266,59.57209115384696,58.700511894774515,59.45362444616438,13577900
2016-05-02,59.39440155029297,59.41978635555871,58.92052818017321,59.16592539099625,9074800
2016-05-03,59.2082405090332,59.57210446563797,58.97976433891126,59.18285570256472,9436800
2016-05-04,58.64128875732422,58.937455578128386,58.480509716336606,58.8359099013016,11802000
2016-05-05,58.886680603027344,58.97130522992751,58.52282311354814,58.64974714199316,10145200
2016-05-06,58.539730072021484,58.84436057885551,58.057399512192795,58.67511782175268,14164300
2016-05-09,59.2082405090332,59.3944043644058,58.51436115643258,58.53974596290106,13606600
2016-05-10,59.707489013671875,59.715952767353244,59.28439171293791,59.44517075312161,11073000
2016-05-11,58.98822784423828,59.76672536710105,58.97976409013355,59.61441007297983,8452500
2016-05-12,58.64128875732422,59.29285576309338,58.3028096238541,59.11515567061088,11322900
2016-05-13,58.505863189697266,58.95434505758823,58.45509360644894,58.57356027132772,11947300
2016-05-16,59.30132293701172,59.42825342637777,58.48897684340301,58.51436165008565,8338100
2016-05-17,58.68360900878906,59.34363993018369,58.472060305472624,59.191324605557696,14920000
2016-05-18,58.928993225097656,59.225160052941455,58.53128071801341,58.59051408358217,11515200
2016-05-19,58.42973327636719,58.86128782654585,58.05740562747416,58.59050584261048,8765700
2016-05-20,58.97129440307617,59.17437926725539,58.62435157314988,58.64973637417835,7925700
2016-05-23,58.7343635559082,58.99668178595072,58.683587495677735,58.88667236874446,5061400
2016-05-24,59.58056640625,59.67364187515043,58.954377737974475,59.03053861101453,11936400
2016-05-25,59.95289611816406,60.07136286544656,59.73288367780219,59.741347432880524,8949200
2016-05-26,59.961341857910156,60.079808569599436,59.76671428530543,59.97826290702937,5257700
2016-05-27,60.232120513916016,60.367508267258415,59.91902624688792,59.91902624688792,9641300
2016-05-31,60.375980377197266,60.519831902521744,60.11366213031708,60.418292687446645,7669800
2016-06-01,60.595985412597656,60.731373168243906,60.13903963238279,60.189809233756215,9301700
2016-06-02,61.3745002746582,61.37450027465821,60.46907220807704,60.545233087821046,12473100
2016-06-03,61.1713981628418,61.39141052965763,60.68060382761856,61.18831921138854,13896000
2016-06-06,61.50143051147461,61.61143349736065,61.02756354956162,61.17987885245553,9117600
2016-06-07,61.12063980102539,61.306797193078395,60.96832451228925,61.24756382834504,6439100
2016-06-08,61.33216857910156,61.442171519115064,60.934456206509765,61.06984394376096,4621300
2016-06-09,61.23063278198242,61.6283452185387,61.05293271678842,61.196784228238116,9608500
2016-06-10,60.739845275878906,60.90908806365707,60.4605995180091,60.87523950610144,10270900
2016-06-13,60.257530212402344,60.97679449260672,60.24060915722453,60.51984853135886,8538400
2016-06-14,60.35060119628906,60.37598600242294,59.859806757858365,60.11366773110258,8000500
2016-06-15,59.935977935791016,60.63832115401396,59.88520185884163,60.51139064557126,7861100
2016-06-16,60.14751434326172,60.24905356450866,59.46209232008225,59.75826559792589,9341200
2016-06-17,59.523048400878906,60.26220365920432,59.30215679149204,60.23671666442443,10799100
2016-06-20,59.896873474121094,60.32167399521415,59.820412491656285,60.03281275220281,7983700
2016-06-21,59.69296646118164,60.160243109384375,59.55702719352489,60.100771300269805,7014900
2016-06-22,59.86287307739258,60.534058503900184,59.6419750489615,59.69295550594705,11207600
2016-06-23,60.644535064697266,60.65303289216561,60.10928860916817,60.38965857813523,7626900
2016-06-24,58.8858528137207,59.81192142495768,58.66496118478977,58.91983763708137,22576500
2016-06-27,58.09571075439453,58.69043530985804,57.84932570052347,58.48652641441525,18241500
2016-06-28,59.22570037841797,59.276674377490956,58.49504280930485,58.503540636464656,13652400
2016-06-29,60.355655670166016,60.5255732769738,59.64198746130265,59.64198746130265,8968400
2016-06-30,60.924888610839844,60.958873429609184,60.177242043738666,60.4746011055436,9535200
2016-07-01,61.30723571777344,61.4516663896997,60.86543939171876,61.060850551693676,6793100
2016-07-05,61.247737884521484,61.494122972089514,60.941887463409245,60.941887463409245,8359800
2016-07-06,61.9359245300293,62.06336599768039,61.086323388278394,61.15429303528462,18791500
2016-07-07,61.842464447021484,62.31823898572417,61.562094530168004,62.309741159835355,8022400
2016-07-08,62.60707473754883,62.62406389870341,61.816945864118814,62.14828960311153,11013200
2016-07-11,62.43715286254883,62.95540980174987,62.377681073555536,62.79399007844743,7375100
2016-07-12,62.74303436279297,62.83649099404307,62.52213628147988,62.573116750669925,10237200
2016-07-13,62.717552185058594,63.02340909591903,62.658080368054726,62.93845028333378,6401900
2016-07-14,62.98942184448242,63.43121802398911,62.76003241115746,63.133852468499676,4813200
2016-07-15,62.938472747802734,63.40574962477652,62.86200525182332,63.22733411008352,7131300
2016-07-18,62.96393966674805,63.08288330526658,62.7345437339322,62.955441840584676,3954300
2016-07-19,62.827999114990234,63.19332784937731,62.64109231674231,63.04039939121663,6634700
2016-07-20,63.39722442626953,63.5076702148837,63.0318957630802,63.116854560625,6855000
2016-07-21,63.58411407470703,63.71155547769432,63.33773557272102,63.397207363189885,9230800
2016-07-22,63.71158218383789,63.78804965045893,63.3887361119557,63.57564938376076,5446500
2016-07-25,63.64361572265625,63.77954851568058,63.2527935481005,63.728574528539134,5868400
2016-07-26,63.53316116333008,63.62661779103286,63.278284754819836,63.397228375179516,6904200
2016-07-27,63.82202911376953,63.92397708478447,63.28677633817634,63.405719958987895,7983100
2016-07-28,63.762542724609375,63.92396246912286,63.448188094658335,63.72006009177231,5470100
2016-07-29,63.88999938964844,64.00894302371994,63.49069232208949,63.64362077760169,4889200
2016-08-01,64.29778289794922,64.56965486970198,63.94944349061085,63.94944349061085,9255100
2016-08-02,64.05142211914062,64.34878118782983,63.66060641715745,64.34878118782983,12149300
2016-08-03,63.87300491333008,64.05142034961457,63.74556346400075,64.00893770585768,9761200
2016-08-04,63.7795524597168,64.01743972367602,63.69459364858019,63.91549174308881,8415500
2016-08-05,63.9324836730957,64.05992513627434,63.57565276174917,64.05992513627434,8244400
2016-08-08,63.38871383666992,63.881483837912484,63.16781582198543,63.881483837912484,6655500
2016-08-09,63.54167556762695,63.76257369819265,63.36326009053488,63.728588871802316,11261100
2016-08-10,63.32926940917969,63.5161826960744,63.159345292938006,63.5161826960744,7031600
2016-08-11,63.694602966308594,63.762572617937714,63.380248188980964,63.49919183836056,6599800
2016-08-12,63.53316116333008,63.60113079837595,63.303771747476745,63.57564380571904,6211900
2016-08-15,63.64361572265625,63.78804634085129,63.53316344126125,63.53316344126125,4122500
2016-08-16,63.074371337890625,63.55864360955474,63.07437133789062,63.55015226723728,6042300
2016-08-17,63.201820373535156,63.25279436133197,62.81100467589614,62.938446127329655,7296300
2016-08-18,63.22731018066406,63.36324946342601,63.03190556412098,63.19332535997358,4180100
2016-08-19,63.17633056640625,63.21881320897283,62.90445850702719,63.09986310617463,4323500
2016-08-22,63.30376052856445,63.54164772712462,63.13383647106433,63.20180609406438,4090200
2016-08-23,63.36327362060547,63.72010465098436,63.3292887869583,63.524693477999215,8557900
2016-08-24,62.36921691894531,63.47369440765657,62.21628846888478,63.337761608681475,8670400
2016-08-25,61.842464447021484,62.45417827217747,61.57059235605682,62.1992953510485,8766500
2016-08-26,62.08034133911133,62.40318736755853,61.70651484579499,61.91042374138983,9974300
2016-08-29,62.216285705566406,62.36921414883467,61.95290498097355,62.105833424241816,7372100
2016-08-30,62.00384521484375,62.292706263603634,61.85091687081287,62.292706263603634,5497900
2016-08-31,61.81698226928711,61.99539773520624,61.57909498139493,61.91893026013093,4756800
2016-09-01,61.655555725097656,61.89344301202745,61.3751857875265,61.81698201920391,9501400
2016-09-02,61.7235107421875,61.910423989595024,61.553586661843894,61.78298254982254,8052300
2016-09-06,61.94438934326172,62.0803220828868,61.73198917102221,61.82543928342385,8735800
2016-09-07,61.94438934326172,62.16528085539483,61.76596749447434,61.89340889420581,7561600
2016-09-08,61.995391845703125,62.046365836282554,61.68953493834288,61.74900675466616,4822200
2016-09-09,60.754974365234375,61.647051600077226,60.737978713937316,61.647051600077226,14135500
2016-09-12,61.655555725097656,61.81698201920391,60.39814316025705,60.41513881329056,13023400
2016-09-13,60.831443786621094,61.27324003443028,60.50859766856258,61.27324003443028,12194200
2016-09-14,60.831443786621094,61.230757382237705,60.585058664178014,60.80595678808261,13108500
2016-09-15,61.46014404296875,61.63006816203271,60.576564551605635,60.720995191353225,9613600
2016-09-16,61.50191879272461,61.587206519568824,61.26311055474622,61.399569616289675,8691000
2016-09-19,61.28019332885742,61.783402207742085,61.2034362919479,61.65546730585348,9919700
2016-09-20,61.46782302856445,61.69810061902633,61.44223735262854,61.54458656341084,5286600
2016-09-21,62.0818977355957,62.201301880146914,61.29724006939124,61.67250744925025,8485900
2016-09-22,62.55099105834961,62.661870996560694,62.303658520121715,62.33776841660661,6501900
2016-09-23,62.354820251464844,62.610689984895004,62.34628952514048,62.457169446244436,5420400
2016-09-26,61.62986755371094,62.17571693722088,61.48487122759273,62.124539083928255,5534100
2016-09-27,62.064842224121094,62.0733729515594,61.41665009365649,61.55310919747697,7839000
2016-09-28,61.97102355957031,62.133068321171585,61.64692102229222,62.12453759465433,6522600
2016-09-29,60.87934112548828,61.97104678247896,60.700234843734556,61.89428322913295,8857900
2016-09-30,61.50191879272461,61.67249424641304,60.973124475032144,61.00724086717712,7453500
2016-10-03,61.45075607299805,61.45075607299805,60.97313302304536,61.229002746485634,9187900
2016-10-04,61.331336975097656,61.638371458470644,61.024295984688884,61.38250830448719,10594600
2016-10-05,61.57017517089844,61.70663428473345,61.399593144805976,61.49341163239709,12842100
2016-10-06,61.339866638183594,61.425154363750565,60.973123561912914,61.36545230515005,9308900
2016-10-07,61.2972297668457,61.587209352863724,60.93901088636195,61.28016831647008,9920400
2016-10-10,61.578697204589844,61.766334173107026,61.40812169159535,61.40812169159535,11039500
2016-10-11,60.03497314453125,61.28019272952028,59.77057912170955,61.28019272952028,12499700
2016-10-12,59.753501892089844,60.307881977158836,59.69379982182319,60.069073696092225,11746400
2016-10-13,59.779083251953125,60.000836571392306,59.207648262472524,59.40381591179125,13623100
2016-10-14,59.378231048583984,60.07760090520801,59.361169596913726,59.91554964952676,8382400
2016-10-17,59.18206024169922,59.403813552330575,59.05412538914125,59.28440942515298,8463000
2016-10-18,59.88996124267578,60.01789609620838,59.582920197012314,59.727909994398686,5495800
2016-10-19,59.668216705322266,60.017904922601666,59.65116175896035,59.966727069440104,5296700
2016-10-20,59.94967269897461,60.13730964594773,59.63410087842546,59.74498080547574,6876000
2016-10-21,59.45500564575195,59.64264262740112,59.30148507049711,59.64264262740112,5511600
2016-10-24,59.34412384033203,59.779093319709844,59.34412384033203,59.71939124369495,7384700
2016-10-25,59.17353057861328,59.45498595788617,59.09677356992268,59.27587976390443,7922100
2016-10-26,58.8153190612793,59.17353145454531,58.576510799101946,59.079712993398914,8073700
2016-10-27,59.08823776245117,59.497627961368764,58.934717251236634,59.26734394102873,6974700
2016-10-28,57.80889892578125,58.54238504639636,57.553035760217234,58.38033381994723,18469300
2016-10-31,57.450714111328125,57.8003958905569,57.4251284332186,57.79187166921319,12689000
2016-11-01,57.14366149902344,57.64686375302472,56.70016131765008,57.48481898848489,14908700
2016-11-02,56.84514617919922,57.47628325009548,56.84514617919922,57.032783107393676,17942900
2016-11-03,56.30781555175781,57.271585769105656,56.256644215274456,57.03277752280106,22074200
2016-11-04,56.70015335083008,57.16923913927115,56.401636522596604,56.4613385868359,21382600
2016-11-07,58.15009307861328,58.303613677810986,57.280147354519734,57.31425725919461,17367800
2016-11-08,58.31212615966797,58.70445501105802,57.69804395504418,57.77480097710308,15943900
2016-11-09,60.36759567260742,61.04138002796254,58.31213270871045,58.31213270871045,49750100
2016-11-10,61.032840728759766,61.47634742275309,60.60639548832508,61.356943275994425,28378900
2016-11-11,60.120243072509766,60.862260070429784,59.85584912812975,60.862260070429784,15866100
2016-11-14,59.9326057434082,60.45286940969437,59.81320160757571,60.38464312281679,17406200
2016-11-15,60.10319519042969,60.16289726575837,59.54881505835585,60.16289726575837,10371600
2016-11-16,59.84733581542969,60.239664736643896,59.77057877971007,59.94968503676182,7585000
2016-11-17,60.08612060546875,60.103182055855974,59.71937750658456,59.86437380672892,12856200
2016-11-18,59.44646072387695,60.29935115898014,59.41235083266593,60.13730640109611,12185000
2016-11-21,59.65968704223633,59.71938911612426,59.506166494090486,59.57439929483042,6791800
2016-11-22,58.79826736450195,59.634096328286596,58.39740782783407,59.634096328286596,14522100
2016-11-23,59.028541564941406,59.037072290588405,57.81743880455235,57.81743880455235,13676000
2016-11-25,59.25883102416992,59.31000236865454,59.028546959913754,59.199128953258636,4009300
2016-11-28,58.8153190612793,59.15647651026284,58.72150060013289,59.147945784603046,6507200
2016-11-29,59.19913101196289,59.36970650420199,58.94326126656632,58.951791993289646,7093900
2016-11-30,58.63621139526367,59.258824212084185,58.610625725962564,59.24176276119214,8640700
2016-12-01,58.20976257324219,58.84943029382727,58.03918711723412,58.70444050551675,11360700
2016-12-02,58.34623718261719,58.5765147346061,58.11595312359073,58.31212078472299,7964500
2016-12-05,58.2439079284668,58.670353287579566,58.056270929330815,58.58506551716497,5832100
2016-12-06,58.40592575073242,58.422980692218225,58.0732925749167,58.414449967957296,5490800
2016-12-07,57.902732849121094,57.94537997496589,57.118075187064264,57.94537997496589,12758900
2016-12-08,58.01360321044922,58.07330527926428,57.39099685095462,57.72362359250104,7586600
2016-12-09,58.72151184082031,58.83239177451136,58.21830955019852,58.21830955019852,12100200
2016-12-12,59.002952575683594,59.08824030624416,58.610623809475605,58.721497208500665,15018100
2016-12-13,59.48057174682617,59.56585948122146,59.045602349299116,59.21617781808968,11041400
2016-12-14,59.17353057861328,59.78761267628613,58.968838715068,59.47204740895321,11682200
2016-12-15,59.55733871459961,59.61704078284029,59.19912630515551,59.41234890702044,8210100
2016-12-16,59.60445785522461,59.85288192669124,59.433127528911236,59.69011975058945,8257100
2016-12-19,59.356021881103516,59.9128338926931,59.27892161582748,59.647273574056065,9318300
2016-12-20,59.31319046020508,59.51878682020994,59.176132755784515,59.3817225802067,4885000
2016-12-21,58.97910690307617,59.37315680546836,58.876315254546085,59.34745889333584,5432300
2016-12-22,59.056209564208984,59.07333932779601,58.66215964587528,58.90201554959291,4458400
2016-12-23,59.50165557861328,59.535921641525874,59.07333959558072,59.07333959558072,4188700
2016-12-27,59.621585845947266,59.964239952794216,59.561621867417806,59.578758167331074,5141200
2016-12-28,59.167579650878906,59.750089747836746,59.15901149980449,59.681557610410096,4558800
2016-12-29,59.27036666870117,59.458826743257156,59.17613663142318,59.20183454421116,5539200
2016-12-30,59.056209564208984,59.338893144685784,58.86774948683565,59.27892916875638,6649000
2017-01-03,59.827171325683594,59.84430762434512,59.29606370767045,59.37315744489829,11792900
2017-01-04,60.298343658447266,60.46110587761476,59.92142337641113,59.92142337641113,9174500
2017-01-05,60.60670852661133,60.6238382894076,60.19552232808879,60.24692468764342,5979300
2017-01-06,60.778045654296875,60.94937599782798,60.40969358518544,60.623851612911054,5769300
2017-01-09,61.0350227355957,61.13782091617069,60.66667075801371,60.77803055194958,5751900
2017-01-10,61.249183654785156,61.600405886948394,61.000759608139134,61.137823855495434,10320500
2017-01-11,60.632423400878906,61.540451401514495,60.00708558233789,61.326293360943104,23742000
2017-01-12,60.692386627197266,60.72665269752773,60.18697679488841,60.33260269210439,9358900
2017-01-13,60.75233840942383,60.95793479009617,60.60671254146843,60.743776795249985,5279000
2017-01-17,60.443965911865234,60.546764128626954,59.94712420314615,60.375440302942444,6038200
2017-01-18,60.36684799194336,60.70093389323523,60.24692005484281,60.56386965907323,6174200
2017-01-19,59.98136901855469,60.48678529077392,59.88714551246305,60.34972103539806,6470700
2017-01-20,59.827171325683594,60.28119174205192,59.77577550086504,59.98136533572229,7006900
2017-01-23,59.578758239746094,59.912844197042475,59.35603208968734,59.75008202558605,10003700
2017-01-24,59.167579650878906,59.56162963770563,58.89345763675665,59.51880195350223,8703500
2017-01-25,59.72438049316406,59.750078405924924,59.18469818285349,59.218964245062345,6553800
2017-01-26,59.26180648803711,59.698690670928826,59.25323833742794,59.59589247037078,6612500
2017-01-27,59.75008773803711,59.79292195638405,59.38173568123947,59.39886544722777,7264900
2017-01-30,59.45882797241211,59.72438179082165,59.21040391768763,59.60445383827649,7281900
2017-01-31,60.40969467163086,60.40969467163086,59.09904856407209,59.14188278462131,14342500
2017-02-01,60.93221664428711,60.93221664428711,60.28974280416589,60.4096707314753,19490500
2017-02-02,60.915103912353516,60.94936997767517,60.44395368366034,60.63241377513761,14539400
2017-02-03,61.18063735961914,61.24060132005209,60.82085359702139,61.11210525181532,15104800
2017-02-06,61.249183654785156,61.24918365478515,60.94936378317204,61.06929173181729,11561600
2017-02-07,61.30914306640625,61.531869183993166,61.10355324625508,61.292013304553045,11278000
2017-02-08,61.21492004394531,61.28345217036743,60.81230197069445,60.98363228674976,6812900
2017-02-09,61.43764114379883,61.61753305920266,61.1549510472002,61.20634687000622,7869200
2017-02-10,61.55756378173828,61.69462147593555,61.38624003009615,61.531865872550185,4440300
2017-02-13,61.93449020385742,61.96874972921926,61.61753404180608,61.61753404180608,6465200
2017-02-14,62.422786712646484,62.422786712646484,61.82314029024063,61.86597451169269,10403000
2017-02-15,63.0994987487793,63.219426672656056,62.22573069129811,62.28569465323649,10091700
2017-02-16,63.01384735107422,63.17660952122747,62.58553135432013,63.116645543105236,11332600
2017-02-17,63.0994987487793,63.133758267959784,62.7739744963295,62.7739744963295,12118400
2017-02-21,63.382205963134766,63.587802368584285,63.090954192124144,63.090954192124144,10651800
2017-02-22,63.2879638671875,63.51068999624653,63.236568043398066,63.305100165505905,6634300
2017-02-23,63.750553131103516,63.86191947607743,63.27940944314431,63.35650318758753,8685600
2017-02-24,64.05892944335938,64.09319550202832,63.62204536480821,63.64774981049675,9103000
2017-02-27,64.3673324584961,64.40159852516241,63.96471434464681,64.10177861131207,8178200
2017-02-28,64.23886108398438,64.44445756316775,64.05040091252619,64.18746523198176,10258600
2017-03-01,64.88131713867188,65.04407933837743,64.43587129682594,64.62433141530929,15196600
2017-03-02,64.67570495605469,65.00979085615991,64.6671368075544,64.77850313131106,7889300
2017-03-03,64.93269348144531,64.98408929839724,64.55577339557921,64.58147130405517,6635300
2017-03-06,64.68428039550781,64.88987023361143,64.45298610900602,64.83847440798131,5886900
2017-03-07,64.23026275634766,64.5557805256326,64.02466639466826,64.1531624868222,12330600
2017-03-08,64.48724365234375,64.70996975995675,64.17885566813567,64.22168987422434,8130000
2017-03-09,64.8385009765625,64.92416289957505,64.43588274925915,64.47871044297253,8451400
2017-03-10,65.08689880371094,65.18112230600585,64.84703636646843,65.11259671666257,10455800
2017-03-13,65.03548431396484,65.14685063009773,64.77849869678988,65.14685063009773,6898500
2017-03-14,64.79563903808594,65.06976099585218,64.72710691474863,64.85560301211034,7296300
2017-03-15,65.60943603515625,65.74650028031228,64.8898683548359,64.8898683548359,11044900
2017-03-16,64.97554016113281,65.44669040631612,64.7271160805438,65.44669040631612,12129400
2017-03-17,64.6178970336914,64.93599582587446,64.58350673413236,64.81563305705725,10401000
2017-03-20,64.5232925415039,64.72962767466383,64.39433062355059,64.63505603878312,4728300
2017-03-21,64.01606750488281,64.81562381763744,62.18482858953808,64.59209018200765,16650400
2017-03-22,64.03327941894531,64.1966251538722,63.71517404582762,64.1106526787613,9954300
2017-03-23,63.835540771484375,64.28260160528237,63.71517798702801,63.95590355594075,13250500
2017-03-24,63.86992263793945,64.1536376892262,63.603406016034356,63.86992263793945,9229500
2017-03-27,64.04188537597656,64.15365552018602,63.29391747195706,63.41428027396665,6946300
2017-03-28,64.08484649658203,64.1708189514416,63.715159037335795,63.91289502758503,7392300
2017-03-29,64.10205841064453,64.25681150149924,63.955904535748395,64.1106576266031,4357800
2017-03-30,64.11062622070312,64.23958815978739,63.85270234253459,64.02465378107252,7137400
2017-03-31,63.93009567260742,64.10204058829335,63.861315082621815,63.9558867540325,5895400
2017-04-03,63.981689453125,64.29979482011079,63.73236468861385,63.9988878833833,12354800
2017-04-04,63.94728469848633,64.03326371178625,63.76674057725651,63.96448312485743,5228600
2017-04-05,63.74955368041992,64.4115488432086,63.70656417041827,64.03326870416292,6470100
2017-04-06,63.86130142211914,63.98166414920824,63.57758646857624,63.76672977093817,5253300
2017-04-07,63.973087310791016,64.13643301834689,63.73235523782758,63.90430671851575,5638200
2017-04-10,63.85270690917969,64.17081217376771,63.792525541206516,63.95587777968106,4530000
2017-04-11,63.76673889160156,63.91289271550344,63.41424987164543,63.749547024962716,5472600
2017-04-12,63.76673889160156,63.86990976926751,63.50882153635314,63.69795830649094,3782200
2017-04-13,63.6033821105957,63.90428891888883,63.6033821105957,63.68935454735424,6671100
2017-04-17,63.835540771484375,63.852732643858225,63.474452418115256,63.52603459451662,6149900
2017-04-18,63.139156341552734,63.48304626974198,62.898430768108284,63.48304626974198,7519500
2017-04-19,63.32828140258789,63.50882553039943,63.216511304934535,63.34547327030793,5023100
2017-04-20,63.7237548828125,63.852710278647656,63.16492411684263,63.45723175977233,7307300
2017-04-21,63.34550476074219,63.67220288405593,63.19935085499246,63.61202147820126,6763000
2017-04-24,63.973087310791016,64.12783380449291,63.88710829080778,63.95588888308305,5450000
2017-04-25,64.2481918334961,64.42873593704196,64.05044930526367,64.23099340880954,9035700
2017-04-26,64.60070037841797,64.8586243525548,64.4287554351795,64.48033760629521,6240400
2017-04-27,64.73826599121094,65.03917294201936,64.48894121503265,64.61790321088758,6962800
2017-04-28,64.91018676757812,64.9445770576146,64.68665316197959,64.78982403208902,5781100
2017-05-01,65.0563735961914,65.18533560945576,64.9102197088227,65.02198328870222,7182000
2017-05-02,65.23690032958984,65.2540987583713,64.73825740266565,65.11653756523448,5243800
2017-05-03,64.91878509521484,65.09072998377688,64.77262472473235,65.03914782906368,8094100
2017-05-04,65.34867858886719,65.34867858886719,65.04777164045083,65.14233677342781,4275400
2017-05-05,65.31427001953125,65.5120060049261,65.04775344822613,65.49481413808739,5720100
2017-05-08,64.91018676757812,65.3142644764103,64.8156151097971,65.26268232099416,6558500
2017-05-09,64.98758697509766,65.10795631982559,64.86722418964958,64.94460401416897,3830200
2017-05-10,64.79843139648438,64.89300306616313,64.53190825499061,64.8844038527529,4314900
2017-05-11,64.83283233642578,64.85862342161346,64.50612776597123,64.69527113638617,6791600
2017-05-12,64.7210464477539,64.90159055934438,64.67806350267661,64.80701889718593,2638000
2017-05-15,65.14232635498047,65.17671665205353,64.69526561158757,64.75544699164583,7320800
2017-05-16,64.89301300048828,65.13373853860345,64.71246228762293,65.07355715407466,5471700
2017-05-17,64.04188537597656,64.54913423525764,64.04188537597656,64.36859003224326,11434000
2017-05-18,64.32557678222656,64.69526426899193,64.00747146036107,64.00747146036107,10690500
2017-05-19,64.50611114501953,64.7124463326346,64.35135811448889,64.43733056272205,9209800
2017-05-22,64.67807006835938,64.75544331291937,64.30838259492378,64.44593721612316,4999100
2017-05-23,64.89301300048828,65.03056763972025,64.71246228762293,64.76405101670402,4216100
2017-05-24,65.0563735961914,65.10796233706543,64.77265847886594,64.92741158292706,5186400
2017-05-25,65.36585235595703,65.49481431506781,65.04775362399849,65.20250010379819,4479400
2017-05-26,65.24551391601562,65.50343793032233,65.17673330429649,65.31429452773477,4507400
2017-05-30,65.15094757080078,65.31429989724295,65.03918398702918,65.03918398702918,4651200
2017-05-31,65.40884399414062,65.55499782490058,65.21970065584989,65.27988203082622,5884400
2017-06-01,66.13101959228516,66.18260831247436,65.45182605008154,65.52060663748192,9149900
2017-06-02,66.56090545654297,66.64687793315358,66.25999850876609,66.32017989832147,4833000
2017-06-05,66.37175750732422,66.62968147869532,66.21700443635739,66.56090087842581,5558900
2017-06-06,66.2083969116211,66.44912239922286,66.09662682146485,66.24278720403244,4316500
2017-06-07,66.38896179199219,66.45774239832757,66.17402731665385,66.29439009810095,4415700
2017-06-08,66.19979095458984,66.50929699548333,66.02784606932765,66.3459447629904,6304400
2017-06-09,66.6468734741211,66.8532152753166,66.199812690089,66.28578516094758,13419000
2017-06-12,66.56090545654297,66.83602131726461,66.24280663715578,66.59529575904311,7700600
2017-06-13,66.69847106933594,66.78444355162162,66.46633815195665,66.62109124378286,5592500
2017-06-14,67.01655578613281,67.20569914286774,66.78442947695358,66.81022056027587,6782300
2017-06-15,66.94775390625,66.99933605144116,66.5780665607364,66.7586106281813,8186000
2017-06-16,67.05827331542969,67.19637419525998,66.70437787496044,67.0323798120444,14165200
2017-06-19,67.75740814208984,67.81782849740227,67.11867773088339,67.15320458896547,8294400
2017-06-20,67.98181915283203,68.35297458946546,67.72287104901379,67.74876454233085,7697200
2017-06-21,68.84500885009766,68.87090235775652,68.07680405802311,68.11995770901206,9481200
2017-06-22,69.56138610839844,69.98433514493036,68.93128911164561,68.95718260667323,12341100
2017-06-23,69.45782470703125,69.60455892897733,69.19887653921131,69.47508484506736,8779600
2017-06-26,69.38876342773438,69.65633834277047,69.28518285482133,69.65633834277047,7434400
2017-06-27,68.75867462158203,69.47508560107205,68.74140789803256,69.38877173930132,8428000
2017-06-28,69.12120056152344,69.2938282944786,68.94856624324237,68.98309310689858,8674200
2017-06-29,68.49108123779297,69.1039181112459,68.06813877857252,69.0434977599287,8445800
2017-06-30,68.39615631103516,68.7586851223582,68.39615631103516,68.7586851223582,7817400
2017-07-03,68.51697540283203,68.83634388310053,68.50834862779126,68.62918933160648,5904200
2017-07-05,68.92267608642578,69.0089899570919,68.37025941177117,68.61194088376679,8955500
2017-07-06,68.03362274169922,68.75867365813004,67.93867551948416,68.62919957462537,6367700
2017-07-07,68.37892150878906,68.45660204943381,68.10271305539278,68.27534086926708,4371400
2017-07-10,68.2494125366211,68.43067362431306,68.07678481081702,68.404780123975,3580000
2017-07-11,68.17173767089844,68.35299877357401,67.82647560542422,68.20625795065232,4117500
2017-07-12,68.63782501220703,68.86224631354952,68.49109079358227,68.50835751655302,8808200
2017-07-13,68.69825744628906,68.91404542407284,68.23216120936338,68.69825744628906,9437700
2017-07-14,69.16436767578125,69.31110852123773,68.70689816753863,68.84500564906773,5750000
2017-07-17,68.91403198242188,69.30245421786698,68.8967718451094,69.25066722060437,5743700
2017-07-18,68.96583557128906,69.03488930120837,68.49973277232301,68.82772811145047,8042700
2017-07-19,69.52686309814453,69.52686309814453,69.25928162764941,69.25928162764941,8177900
2017-07-20,69.9843521118164,70.09655947924752,69.57866969716613,69.69087706459725,8276800
2017-07-21,69.90666961669922,70.01025021405295,69.78582887911635,69.83762247045637,4043600
2017-07-24,69.88076782226562,69.94982154564148,69.57866601415316,69.8462409605777,4476800
2017-07-25,69.38014221191406,70.0965598163234,69.27656820619525,70.044772813464,8486000
2017-07-26,69.14708709716797,69.29382131393069,68.95719265885141,69.22476759357463,4964100
2017-07-27,68.67236328125,69.21615319463704,68.38752815816666,69.21615319463704,12536800
2017-07-28,69.01760864257812,69.10392249488888,68.40477173024956,68.69824014517107,6426100
2017-07-31,68.95720672607422,69.24204844165658,68.9485733629372,69.10394097277062,5516800
2017-08-01,68.80182647705078,69.20750886071949,68.71551261751657,69.20750886071949,8678800
2017-08-02,68.64646911621094,68.79320335779822,68.40478763940217,68.79320335779822,7718500
2017-08-03,68.75867462158203,68.89677548335008,68.45656622739618,68.6809875362605,8003600
2017-08-04,68.60330200195312,69.07803149951785,68.51698156119132,69.07803149951785,3930100
2017-08-07,68.75003051757812,68.75866387800389,68.47382225187417,68.53424260420552,4583300
2017-08-08,68.4306869506836,68.78458241842378,68.29258606021133,68.66374166976296,4423300
2017-08-09,68.50834655761719,68.5773936824791,68.1458178718019,68.26665857196556,4886500
2017-08-10,67.6538314819336,68.36161565025283,67.6452047059076,68.3011952914448,7054700
2017-08-11,67.84371948242188,68.180348104601,67.68835191946809,67.68835191946809,8318600
2017-08-14,68.30120086669922,68.41341481744904,68.13720649959109,68.13720649959109,3955800
2017-08-15,68.30120086669922,68.52562218287311,68.28394072791312,68.387521316607,4653800
2017-08-16,68.49108123779297,68.62055530070825,68.33571367935951,68.41340075123844,3756900
2017-08-17,67.63658905029297,68.56879476049762,67.61069554478622,68.27531966565826,7133400
2017-08-18,67.32583618164062,67.78330555332538,67.28267596021462,67.3862565404419,8434600
2017-08-21,67.6279525756836,67.7142664518445,67.17048310523685,67.26543034461183,10269000
2017-08-22,68.44793701171875,68.5256175089465,67.60204539172875,67.64520561373881,5455500
2017-08-23,67.93004608154297,68.23215448894575,67.90415258041149,68.21488776464089,5662500
2017-08-24,68.12858581542969,68.22353305973617,67.86963758817075,67.99911170180022,5502800
2017-08-25,68.14582061767578,68.53424281413095,68.09403362561157,68.27529468316084,5476500
2017-08-28,68.50834655761719,68.62055389767653,68.31845214726732,68.33571228215175,7432800
2017-08-29,68.63782501220703,68.70687873343938,68.16309549571658,68.22351585546355,4243500
2017-08-30,68.99170684814453,69.164334532005,68.54287091891293,68.56013105316936,3667900
2017-08-31,70.16560363769531,70.23465735530944,69.16434448826536,69.16434448826536,6987200
2017-09-01,70.11381530761719,70.41591708477264,69.84623380328676,70.26918287662926,6471600
2017-09-05,69.81172943115234,70.23467864072471,69.49236741471941,69.8203627948018,8076900
2017-09-06,70.14834594726562,70.21739967377046,69.74267012103282,70.05340530497875,8791000
2017-09-07,70.92517852783203,71.08054610802118,70.12244712774226,70.13971385072179,7251000
2017-09-08,71.24456024169922,71.36540098363011,70.70077690301018,70.82161764494109,4302600
2017-09-11,71.7969741821289,71.81423432231526,71.40855846733633,71.56392607031862,6286200
2017-09-12,71.95235443115234,71.96098779542602,71.67614604234154,71.81424694408322,6984800
2017-09-13,71.68473815917969,71.99547324096065,71.54663075157764,71.86599919266465,5873800
2017-09-14,71.77970123291016,71.89190858741382,71.39991236332065,71.48622621950233,6373800
2017-09-15,71.55014038085938,71.95731624732754,71.47217390918775,71.95731624732754,7091300
2017-09-18,71.5328140258789,71.81870429711884,71.42019359004274,71.62811078295888,7783100
2017-09-19,70.96968078613281,71.65408159239384,70.89171433697778,71.5674500012549,7329200
2017-09-20,71.03898620605469,71.11695265246942,70.52785520960305,70.99566710722439,5101800
2017-09-21,70.67514038085938,71.07365103470195,70.64048641840775,70.99567796679389,4527900
2017-09-22,70.67514038085938,70.77043712520951,70.31128368946844,70.57984363650925,6473300
2017-09-25,70.46720886230469,70.90037343099719,70.36325359594123,70.57983588028748,12439300
2017-09-26,70.35459899902344,70.86573670366745,70.32861017853723,70.66647806399354,4579400
2017-09-27,70.3285903930664,70.53650750803077,70.02537655675047,70.53650750803077,5384700
2017-09-28,70.38922119140625,70.62312707977226,70.16397383291562,70.26793567750316,4229000
2017-09-29,70.80509948730469,70.83974684429904,70.22465380934058,70.39792364215386,6902700
2017-10-02,71.52413177490234,71.53279691699214,70.9350276945655,71.01300075424007,8764900
2017-10-03,71.50682067871094,71.7320681457002,71.22959556917337,71.62810625103562,5141700
2017-10-04,71.85336303710938,71.87935186175417,71.54148392223418,71.61079186099953,3291100
2017-10-05,71.90531158447266,71.91397672570353,71.57610892292732,71.85333395621976,7709600
2017-10-06,71.81001281738281,72.08723784279107,71.697392422849,71.77535886301104,4035900
2017-10-09,71.35955047607422,71.81870397106499,71.24692343118099,71.8013736828191,4558800
2017-10-10,71.52413177490234,71.52413177490234,71.13428630522999,71.38552254929964,4037700
2017-10-11,71.6627426147461,71.7407090594191,71.46348401797114,71.48081430094271,4031600
2017-10-12,71.58477020263672,71.74937484451142,71.49813861570082,71.63675444245139,4731600
2017-10-13,71.40284729003906,71.4981440257493,71.22958410305696,71.35086965585782,5909600
2017-10-16,71.09095764160156,71.62808401628209,70.96101357556797,71.35085899280057,10219700
2017-10-17,72.04395294189453,72.23453984956413,71.23826637056794,71.23826637056794,8437800
2017-10-18,72.14790344238281,72.53775559526295,72.06127183382102,72.22587651678606,6938700
2017-10-19,72.5897216796875,72.6070453548141,71.95729847971081,72.06126035917146,6410400
2017-10-20,72.66767120361328,72.72831396677971,72.41643501061938,72.61569358077504,6343800
2017-10-23,72.4857406616211,73.0401906532176,72.45108671095065,72.76296565741936,7159600
2017-10-24,72.00060272216797,72.50307512150877,71.58476189971492,72.49440998095031,7145500
2017-10-25,71.89663696289062,72.10456066761756,71.61941196615332,71.93129091367845,6819100
2017-10-26,71.17759704589844,71.59343128343127,70.74443252622154,71.38551416466485,13466900
2017-10-27,71.16027069091797,71.2382437457373,70.89171078895825,70.9263647455928,6122000
2017-10-30,70.39790344238281,70.96967720268277,70.24196394237984,70.92636471408363,5884000
2017-10-31,70.26795959472656,70.5711734826897,70.14667403954131,70.35459118992074,6548600
2017-11-01,70.44122314453125,70.73577850117482,70.25062966839135,70.38924550906295,7427800
2017-11-02,70.12068939208984,70.5885079654405,69.96474986763963,70.57117767963078,10200300
2017-11-03,70.70113372802734,70.74445283625793,70.04272161841634,70.04272161841634,6862700
2017-11-06,70.48451232910156,70.66644058558599,70.4325347156958,70.58847416547735,4853200
2017-11-07,70.63180541992188,70.73576728393935,70.38056920572083,70.60581660630902,4439800
2017-11-08,70.79642486572266,70.874391322875,70.46721553223298,70.55385374182548,6186200
2017-11-09,70.80509948730469,70.8744008108617,70.37193481962395,70.62316451045868,7086400
2017-11-10,70.34591674804688,70.63180692300432,69.90409368809394,70.63180692300432,4826300
2017-11-13,70.41525268554688,70.55386856235856,69.91278004645774,70.11203871698233,4704000
2017-11-14,70.12936401367188,70.25931474878671,69.80882635790007,70.18134827345918,7430100
2017-11-15,69.93009185791016,70.14667415102332,69.68752074715414,69.86944908022114,4952300
2017-11-16,70.65779876708984,70.74443696411298,70.0340407620954,70.0340407620954,4780500
2017-11-17,70.38055419921875,70.60580155177982,70.26793382772053,70.33724172228771,6129800
2017-11-20,70.08605194091797,70.4325850335067,69.97342488532446,70.37194223802135,4898500
2017-11-21,70.70113372802734,70.86573840782208,70.44123229777965,70.46722111889083,7974500
2017-11-22,70.67514038085938,70.96968914734704,70.56251335049967,70.70112920030623,4853100
2017-11-24,70.8397445678711,70.86573999913394,70.61450370680437,70.77044324654106,1650600
2017-11-27,70.90037536621094,71.02166752955692,70.7790898124319,70.83973258932143,4241400
2017-11-28,71.420166015625,71.48080878221081,70.88303964760355,71.0736330881778,8290400
2017-11-29,71.77538299560547,72.03528443599588,71.48083419875998,71.48083419875998,8144600
2017-11-30,72.3125,72.52908230185237,71.78403865471483,72.0006209565672,10639600
2017-12-01,72.16522979736328,72.46844371559065,71.1862735062136,72.27785022139982,15315400
2017-12-04,71.28157043457031,72.59839461074586,71.28157043457031,72.58106432419297,9770300
2017-12-05,71.16027069091797,71.68006682130333,71.09962791919912,71.32487533254046,13240800
2017-12-06,71.09963989257812,71.43750776470482,70.78776083991232,71.20360177998923,8533000
2017-12-07,71.1169662475586,71.25558210266085,70.83974114692182,71.05632346334329,3979200
2017-12-08,71.91399383544922,71.92265236917397,71.27290542316051,71.32488967334764,8444100
2017-12-11,72.21720886230469,72.26052796986355,71.86201068711195,71.97463772293786,6588600
2017-12-12,72.50308990478516,72.61571031674579,72.24318851156276,72.24318851156276,6068600
2017-12-13,72.75432586669922,72.96224301471108,72.46843565720356,72.49442447450917,8459800
2017-12-14,72.0179443359375,72.91026896793124,71.9486430229013,72.81497222674324,6772100
2017-12-15,72.81031799316406,72.83641070232547,72.28844390196875,72.28844390196875,8012200
2017-12-18,72.83641815185547,73.23652188389315,72.7929325108019,73.04517311847583,5655400
2017-12-19,72.74944305419922,73.20173886342205,72.71465055841362,72.94949824596894,4777100
2017-12-20,72.51459503173828,73.01906958215883,72.50589524963068,72.90599895871773,4686700
2017-12-21,72.3493423461914,72.78423860779726,72.29715691831561,72.74074632724056,4304200
2017-12-22,72.11448669433594,72.3319347811441,71.94052424329601,72.24495023762965,7023600
2017-12-26,72.13191223144531,72.22758996377482,71.97534927272358,72.05362743408845,2504100
2017-12-27,72.25365447998047,72.4450098699438,72.1753763491715,72.18406949526846,4053300
2017-12-28,72.35802459716797,72.48848813524619,72.1318767378512,72.38411730478362,5380600
2017-12-29,71.91443634033203,72.59287335475194,71.83615157313542,72.47980273101177,4877200
2018-01-02,72.72335052490234,72.75814302077576,72.07970594121927,72.18407679284947,6708900
2018-01-03,73.41919708251953,73.47138251538004,72.50591219151485,72.71466055894786,7606500
2018-01-04,73.52356719970703,73.79320078139584,73.34091155056389,73.65403741652096,7762500
2018-01-05,74.14979553222656,74.21938051070057,73.61922168434268,73.75839164129069,7579300
2018-01-08,73.8801498413086,74.15848307327542,73.50613893872934,74.06280540266297,5167300
2018-01-09,74.74993133544922,74.90649417079965,74.03670211573875,74.1062804367937,6962900
2018-01-10,74.61949920654297,74.63689213666889,74.06283253865142,74.49772878769107,10835800
2018-01-11,74.94132995605469,74.95872288737267,74.54121953984446,74.74997453160385,4247800
2018-01-12,75.51537322998047,75.60235113970434,75.01959184496634,75.08047704537196,5391700
2018-01-16,75.88938903808594,76.49824108084381,75.76761862953437,75.98506673566068,8920000
2018-01-17,76.62001037597656,76.78527305774767,76.04595083485971,76.23730622722849,7214600
2018-01-18,76.6374282836914,76.71570643422041,76.19383218938721,76.62872849941338,7954800
2018-01-19,76.92444610595703,76.95053881759841,76.54173530591076,76.933139252511,4802400
2018-01-22,77.42892456054688,77.47241683945447,76.75918726290448,76.8983572466167,11152500
2018-01-23,77.05490112304688,77.56808206040648,76.9853227783788,77.42021895350197,7637600
2018-01-24,77.28105163574219,77.56808471377938,77.01141812145896,77.43761452958164,8291100
2018-01-25,77.94210815429688,78.02038629572735,77.35934875923574,77.65507503040457,6339300
2018-01-26,79.62078094482422,79.63817386946151,78.28130012415893,78.29869304879622,9784400
2018-01-29,79.40335845947266,79.83825471132474,79.39465867635836,79.41205824258695,12643800
2018-01-30,77.73334503173828,78.37698951533818,77.60287485149787,77.83771586713938,14270600
2018-01-31,76.62872314453125,78.35960847940214,76.3590895746744,78.13346719190504,15858400
2018-02-01,76.65480041503906,77.00271869584633,76.14162609374002,76.33298147998347,12848700
2018-02-02,75.57627868652344,76.69831193986214,75.55888575431263,76.02857455589564,10539200
2018-02-05,72.22755432128906,75.66323129627258,71.64479506539877,75.20224243307612,34979800
2018-02-06,73.02777862548828,73.34090446117753,70.80111191480046,70.83590441165374,33313400
2018-02-07,72.9407958984375,73.9671512620612,72.56678487687996,72.81902548546434,17338000
2018-02-08,70.40970611572266,73.15825383112266,70.34882090106458,72.92340612030533,20252500
2018-02-09,71.40995788574219,72.01881657438908,69.20068429525939,71.05334643661145,35535700
2018-02-12,72.0797119140625,72.6363786221849,71.22731228450533,71.87095692152364,13389200
2018-02-13,72.13191223144531,72.29717497564937,71.21862719956985,71.6622233552801,8415200
2018-02-14,72.94950103759766,73.0799646067987,71.601319977271,71.6709049715051,10110800
2018-02-15,73.75839233398438,73.78448504215997,72.70593777365023,73.44526656389947,9519100
2018-02-16,74.28897094726562,74.81084505218573,73.39307921456547,73.39307921456547,9323000
2018-02-20,73.47136688232422,74.17589661999685,73.26261855930817,73.9323558038132,8872100
2018-02-21,73.16693115234375,74.4455202676304,73.15823137120898,73.46265735103914,9417400
2018-02-22,73.05384826660156,73.9236405052571,72.87989247326571,73.4017664892614,6316100
2018-02-23,74.21939849853516,74.24549121278955,73.16695032900219,73.4887693194602,5498500
2018-02-26,75.15878295898438,75.24576089318383,74.3498755625466,74.3498755625466,6266100
2018-02-27,74.3759536743164,75.41100216922645,74.3759536743164,75.15876820037548,7460700
2018-02-28,73.18433380126953,74.71517032091758,73.16694087267798,74.61949262369022,6279000
2018-03-01,72.0188217163086,73.42788132048624,71.47084819380383,73.0538702797251,12720300
2018-03-02,72.74944305419922,72.90600596723942,71.6187101671322,71.62740995007613,11206000
2018-03-05,73.41047668457031,73.62792477508386,72.26235103209837,72.41891392270767,11028800
2018-03-06,73.30608367919922,73.69749414078032,72.94077255718032,73.57571713078634,9573300
2018-03-07,73.68009948730469,73.75838423922883,72.65374438377432,72.67983708908632,6868200
2018-03-08,74.17591094970703,74.23679616551509,73.75841422302062,73.88018465463674,6403000
2018-03-09,75.24576568603516,75.27185840435789,74.34988029833364,74.6282136870952,8253100
2018-03-12,74.92393493652344,75.38492395832331,74.83695700267288,75.27185330791669,5760200
2018-03-13,75.01959991455078,75.54147406501926,74.85433722310633,75.21095531812018,6400700
2018-03-14,74.6542739868164,75.45448130251708,74.41073320690651,75.28052549857817,9416400
2018-03-15,74.53250122070312,75.13265337035101,74.43682354079044,74.91520530436551,5883100
2018-03-16,74.53252410888672,74.93403357250759,74.52379376030883,74.52379376030883,7067700
2018-03-19,73.3280029296875,74.488886351136,72.73446569480849,74.3928791445562,7190200
2018-03-20,73.43273162841797,73.69458880548501,73.01376813627628,73.493830748493,5534400
2018-03-21,73.11849212646484,73.9564322740375,73.05739301771511,73.55491623447821,5498700
2018-03-22,71.01495361328125,72.46387864249857,70.89275535753902,72.41150986412491,14648500
2018-03-23,69.53983306884766,71.23316116008807,69.48746429383776,71.08477852469001,11049000
2018-03-26,70.98002624511719,71.07604009458883,69.52237112576307,70.3253899947038,9183500
2018-03-27,70.14208984375,71.44263194471726,69.74058042530721,71.23315021755235,10948400
2018-03-28,70.51741790771484,71.19823854472283,70.24683705436662,70.34284424482541,10146800
2018-03-29,71.04988098144531,71.56485848514095,70.41269854097942,70.89276795909116,6914900
2018-04-02,69.43509674072266,71.11969451267137,68.7280849691221,70.75309310323564,11364900
2018-04-03,70.49122619628906,70.62215476502142,69.38270519489926,69.81040563004518,8590700
2018-04-04,71.49503326416016,71.69578471643517,69.64459180267225,69.64459180267225,9085800
2018-04-05,71.44261932373047,71.80921394633283,71.17203852980533,71.74811484256577,8031300
2018-04-06,69.7231216430664,71.19823743989632,69.09467644432938,70.84909677883961,12171800
2018-04-09,70.41265869140625,71.39025101715985,69.89768147915852,70.09843282453198,6952600
2018-04-10,71.59972381591797,71.87903492297086,70.86653465714244,71.11093104340094,8097800
2018-04-11,71.01495361328125,71.4950229460582,70.91893974672585,71.06732239165493,6205800
2018-04-12,71.49503326416016,71.83544369132774,71.34664393851018,71.39901938374813,5096900
2018-04-13,71.4600830078125,71.8965070985079,71.07602767702355,71.83540799218267,7837000
2018-04-16,72.02745056152344,72.28930775805554,71.81796879988084,71.98381213497152,7217200
2018-04-17,72.58606719970703,72.74317349942291,72.20201182003535,72.57733685217704,6500900
2018-04-18,72.64714813232422,72.90026821360937,72.29800757084833,72.76934632994544,4704500
2018-04-19,72.03617858886719,72.58607735200063,71.77432806007953,72.51624788060195,5833600
2018-04-20,71.6521224975586,72.20202125564278,71.41645635788313,72.09727704950654,5250500
2018-04-23,71.9314193725586,72.15835509728514,71.66083191722632,71.84412922995294,9257300
2018-04-24,71.39025115966797,72.21073055362227,70.8490829080147,72.15835513617007,8904800
2018-04-25,71.71320343017578,71.74811149415396,70.80544060278466,71.30296375575548,8068800
2018-04-26,72.6209716796875,72.90028285309769,71.92269707581384,71.92269707581384,9463300
2018-04-27,72.917724609375,73.03119245496781,72.41147115801888,72.56858406846382,6663300
2018-04-30,71.80049133300781,73.27560019152354,71.79176098682404,73.23196177921058,7241000
2018-05-01,71.76559448242188,71.96634587952963,71.16332697248934,71.71322571088152,8498000
2018-05-02,70.7792739868164,71.44264063942639,70.6221676668006,71.39027186608779,11594300
2018-05-03,70.14208984375,70.46504611174494,69.2255964660344,70.4563157641494,13524100
2018-05-04,70.70069885253906,70.93636491862097,69.66200744212364,69.93259489198394,7889500
2018-05-07,70.59596252441406,71.20696028168305,70.41266519502442,70.92764911414119,5886700
2018-05-08,70.06352233886719,70.48249240648526,69.64455893055242,70.42139329863505,9522300
2018-05-09,70.46503448486328,70.77053000725972,69.81039836859823,70.19444702848106,11340200
2018-05-10,71.40771484375,71.72194075372083,70.72689425858114,70.76180898850055,7845500
2018-05-11,72.47259521484375,72.61225414303148,71.33789639018742,71.46881831123315,10434000
2018-05-14,72.95264434814453,73.25813984522003,72.45512120739231,72.60350378321436,11837600
2018-05-15,72.00999450683594,72.55988661299291,71.77432836399865,72.47260310302742,8806800
2018-05-16,72.41148376464844,72.66461053439512,71.96632933100403,71.97505967735476,7013600
2018-05-17,72.43769073486328,72.55988898467008,72.02745089938108,72.34167687297149,6610400
2018-05-18,72.6209716796875,72.76936094314266,72.24564666610783,72.49004976973245,5838900
2018-05-21,72.69081115722656,73.101050956441,72.586073614826,72.96139202083414,6406500
2018-05-22,72.55115509033203,72.92648013603508,72.43768054625404,72.83918997618916,5770200
2018-05-23,72.78681945800781,72.81300384161045,72.15836761432823,72.24565111277171,8360500
2018-05-24,72.49877166748047,72.86537298421392,72.17582208516033,72.74316810576711,7166500
2018-05-25,72.39404296875,72.84792117243525,72.27184473470766,72.52496489143515,6853300
2018-05-29,71.6521224975586,72.05363862476176,71.1982442562446,71.92271003191767,18236800
2018-05-30,72.72572326660156,72.89156658182361,72.0623566650177,72.14091647828765,13167700
2018-05-31,71.9314193725586,72.64715459052572,71.90522833419516,72.58605548628351,11543500
2018-06-01,72.76063537597656,72.78681975968773,72.14091387736399,72.21946702849748,8037800
2018-06-04,73.03120422363281,73.13594840057581,72.61224083446679,72.8479069084598,7230800
2018-06-05,72.8828125,73.21449236313026,72.53367194658267,73.05737944705757,5444400
2018-06-06,73.70331573486328,73.78186888875662,72.8391910862105,73.13596298373992,7218900
2018-06-07,73.79931640625,73.99133741235678,73.44144545538548,73.92151461891028,7405600
2018-06-08,74.22703552246094,74.27940430027202,73.65095232931739,73.77315058374685,6247100
2018-06-11,74.36666107177734,74.72453201626574,74.0611655455696,74.23573917433332,7074400
2018-06-12,74.32303619384766,74.44523442658398,73.99134956844544,74.44523442658398,6829200
2018-06-13,74.34046173095703,74.8205307893126,74.24444791928592,74.45393623164199,10379200
2018-06-14,74.72454071044922,74.768185787544,74.27938622943684,74.48886794902346,9379800
2018-06-15,74.86997985839844,74.90502394653247,74.29176911412802,74.63344061846426,9349300
2018-06-18,74.15156555175781,74.41439277433064,73.84493824807214,74.41439277433064,7342600
2018-06-19,74.34432220458984,74.37060359626732,73.52956564271066,73.64345390130488,6431700
2018-06-20,74.50202178955078,74.67723553408712,74.28300126689241,74.44069631056547,5900800
2018-06-21,74.07274627685547,74.4406991648759,73.89752584162467,74.43193647212031,7423400
2018-06-22,74.40564727783203,74.69475595267325,74.15158268636327,74.34432180292409,9829800
2018-06-25,73.72228240966797,74.41438781124056,73.16159061061711,74.12527922248742,9925100
2018-06-26,73.49452209472656,73.83619355697459,73.39815253522322,73.7836307732366,5560100
2018-06-27,72.87250518798828,73.87123819029257,72.8199424038593,73.49452264142512,7420500
2018-06-28,72.96886444091797,73.15284084335724,72.09278251465022,72.60091163603943,9026900
2018-06-29,73.11781311035156,73.76611200920964,73.06525032189651,73.19666397701027,6479300
2018-07-02,73.34559631347656,73.38939640918503,72.46951419159362,72.71481611628465,9364700
2018-07-03,73.52080535888672,73.8624768298358,73.32806623497171,73.60841222867289,3023100
2018-07-05,74.28298950195312,74.36183366931436,73.68725350731596,73.86246722410196,7458600
2018-07-06,75.35181427001953,75.48322790607949,74.55457644617091,74.64218330888582,9822500
2018-07-09,75.90375518798828,76.05268754589378,75.62340917382302,75.64969056827974,7874400
2018-07-10,76.1928482055664,76.22789228561793,75.85117678003269,76.05267188536035,6122900
2018-07-11,75.5883560180664,75.85993930683829,75.53579323545905,75.78109513292726,6434500
2018-07-12,76.42937469482422,76.48194414815629,75.92125232842146,75.96505240822886,4461600
2018-07-13,76.56957244873047,76.73602349300083,76.2191382922011,76.2629450682581,6048700
2018-07-16,76.10523986816406,76.63088769077007,76.00010763005298,76.63088769077007,5388500
2018-07-17,76.52578735351562,76.6396823299417,76.0439461002539,76.07898351025541,5849300
2018-07-18,76.5870590209961,76.60458439765736,76.31547583850161,76.54325894728852,7575700
2018-07-19,76.1578140258789,76.56081097289787,75.8249052480743,76.40311593415343,5204000
2018-07-20,76.00888061523438,76.1227688756316,75.78986010248737,75.94755513902425,4822600
2018-07-23,76.16657257080078,76.26294212722932,75.87746390151516,75.9650707662751,3824600
2018-07-24,76.85868072509766,76.99008768462669,76.5170025783955,76.56957204618269,6467100
2018-07-25,77.83987426757812,77.85739964833125,76.73600921923345,76.81486006467382,9285900
2018-07-26,77.62088012695312,77.89247014896199,77.4544290571801,77.70848700851417,5763000
2018-07-27,77.06017303466797,77.6559090706603,76.77982705796424,77.6559090706603,5742900
2018-07-30,77.10395812988281,77.25289042601237,76.87617499911362,76.99882591168777,5531200
2018-07-31,77.90997314453125,78.01510539159514,77.27043033851595,77.38432527716232,6719100
2018-08-01,77.92748260498047,78.21659123714927,77.86615713912416,77.86615713912416,5733000
2018-08-02,78.21660614013672,78.3830638723089,77.55954458763695,77.59458867251402,5666200
2018-08-03,78.680908203125,78.74223366479332,78.1727858138621,78.27791135730834,5884800
2018-08-06,78.82112121582031,78.99633499248262,78.35679869208579,78.63714474513175,4751100
2018-08-07,78.82984161376953,79.09266213774688,78.72470939379446,78.82984161376953,5170300
2018-08-08,78.95252227783203,79.06641054607144,78.66341357694422,78.83862732561656,5020400
2018-08-09,78.86491394042969,79.18030405609979,78.78606975350041,78.96128351377202,5680300
2018-08-10,78.5232162475586,78.98754525701509,78.25163300449714,78.57578570529334,5389500
2018-08-13,78.54952239990234,78.92623127720017,78.3480205808126,78.61084787806429,6563900
2018-08-14,78.9174575805664,79.0576272061012,78.58454218746941,78.66339303256187,5497700
2018-08-15,78.78605651855469,78.8824260757083,78.28669003329297,78.67216826190742,6840600
2018-08-16,79.55699920654297,79.66213144606813,78.91746313036224,79.01383267893327,6916700
2018-08-17,79.80232238769531,80.04763101208174,79.31171850687562,79.49569496218301,5455300
2018-08-20,80.06513977050781,80.21407211811957,79.94248881553628,79.98629559258715,8144900
2018-08-21,80.06513977050781,80.3016856722213,79.89868203848542,80.26664158737576,6395900
2018-08-22,80.14398956298828,80.31920330090226,79.78479271109627,79.88116227214167,3954300
2018-08-23,80.11771392822266,80.31045308024393,79.92498146017807,80.10019522530104,6058300
2018-08-24,80.50318908691406,80.50318908691406,80.1527548863833,80.30169393329297,4028900
2018-08-27,80.79228973388672,80.853615211556,80.45061826058986,80.79228973388672,4671300
2018-08-28,80.8360824584961,80.94121470376403,80.66086873369134,80.91493331344084,4954100
2018-08-29,81.36175537109375,81.44936225327642,80.76601921468433,80.85362609686699,5338500
2018-08-30,81.30042266845703,81.57200598430892,81.12520223566865,81.30042266845703,5266100
2018-08-31,81.28289031982422,81.35297848693524,80.94998155201014,81.10767658602218,5808100
2018-09-04,80.63460540771484,81.26538565268413,80.44186625686571,81.21281617628559,6875500
2018-09-05,80.9587631225586,80.9587631225586,80.4243524206757,80.57328479753433,10218900
2018-09-06,80.9587631225586,81.12521420329239,80.46815252235216,80.95000042863248,5940300
2018-09-07,81.08138275146484,81.16022691438356,80.64334180020674,80.76599273184105,5591100
2018-09-10,80.8711166381836,81.4318085096764,80.7922724768679,81.28287619343051,4234000
2018-09-11,80.8010482788086,80.9587433110035,80.45937013907343,80.7309601125052,5683900
2018-09-12,81.20406341552734,81.35299578933201,80.69593412186528,80.85362918941638,11056600
2018-09-13,82.21154022216797,82.21154022216797,81.47563447393762,81.55447865382976,10603800
2018-09-14,81.93994140625,82.28161282240895,81.7910090830986,82.28161282240895,5929000
2018-09-17,81.64208221435547,81.94870957190983,81.54571266141336,81.93994688055825,5543000
2018-09-18,82.11514282226562,82.32540056423353,81.51940698337896,81.642057889858,5422900
2018-09-19,82.00126647949219,82.2378123412188,81.9136596241757,82.06259194661119,4186600
2018-09-20,82.79852294921875,82.85108573749338,82.18526145545148,82.23783092770225,5083000
2018-09-21,82.91019439697266,83.0948947055695,82.73429764882336,83.01573647188074,8579100
2018-09-24,83.07730865478516,83.24441527793634,82.74310211851424,82.85743434433633,5392600
2018-09-25,82.82225799560547,83.31478103967767,82.73430960881709,83.19164524613578,5215900
2018-09-26,83.0069580078125,83.65779088219463,82.83106122070141,82.98057416074907,10880500
2018-09-27,83.42912292480469,83.65779412493872,83.02455493074146,83.12130018041229,7168800
2018-09-28,83.68416595458984,83.73693364318378,83.22682362000374,83.26200431574357,5995800
2018-10-01,84.09752655029297,84.48450076407974,83.85126169238886,84.00078131933846,7307100
2018-10-02,84.00080108642578,84.16790103464362,83.84249128124956,84.09754634014641,5572700
2018-10-03,83.84246063232422,84.43172208228286,83.71053472456457,84.2822091848361,6367500
2018-10-04,83.02454376220703,83.81609264847376,82.59359197802969,83.78091195241393,10976400
2018-10-05,82.92778015136719,83.52583843180987,82.40887338699785,83.09488674311784,12291000
2018-10-08,82.89261627197266,83.13007757837504,82.19781263541759,82.82225488117508,11924000
2018-10-09,83.03334045410156,83.32356945348168,82.41768833928582,82.67274335270541,7463900
2018-10-10,81.0720443725586,83.12127426201437,81.01927669284007,83.02452904251007,22549300
2018-10-11,78.88212585449219,81.03689185241507,78.3104511887067,80.85219819916735,46581800
2018-10-12,80.09583282470703,80.39486544812492,79.17235781448579,79.83198090463438,20797300
2018-10-15,79.54171752929688,80.31567253889872,79.48015300251072,79.96387236725054,13909700
2018-10-16,81.72289276123047,81.86361555909573,80.1485916877826,80.15738854015726,13505900
2018-10-17,82.15383911132812,82.35611971571484,81.25674818308299,81.67011295295758,14232300
2018-10-18,81.2215805053711,82.11867157738367,80.57075433256068,82.10987472490406,14455600
2018-10-19,80.48279571533203,81.64373182398475,80.3772536290794,81.36229297067597,11318600
2018-10-22,79.82315826416016,80.62349713182705,79.45376438443742,80.4739842360035,8288300
2018-10-23,79.3922119140625,79.77919284205518,78.16971130248346,78.80295038100554,15424500
2018-10-24,76.77131652832031,79.8143762386622,76.67457129304668,79.35704061648542,17431900
2018-10-25,77.76513671875,78.30163051930258,75.87421649631308,76.7625105003473,15725100
2018-10-26,76.88562774658203,77.58922804539135,75.94456620519165,77.04393747831264,25507900
2018-10-29,77.07914733886719,78.34562567207666,75.99736935427767,77.77395105166781,14024300
2018-10-30,77.9058609008789,78.02898996783198,76.69215051229736,77.087928264673,15432000
2018-10-31,78.01138305664062,78.84690925237234,77.94981853358921,78.53028978809945,13460700
2018-11-01,78.99645233154297,79.12837827708975,78.24888092015428,78.27526476725717,9668500
2018-11-02,78.5039291381836,79.8935297417839,77.98502225345923,79.76161051773101,12953000
2018-11-05,79.19874572753906,79.55053932916755,78.60947735374239,78.60947735374239,7783500
2018-11-06,79.60332489013672,79.69127330286571,78.97888243671694,79.09321470226126,7980500
2018-11-07,81.94276428222656,82.01312567873934,80.28931172436863,80.34207941673716,13310600
2018-11-08,81.98672485351562,82.28575066172009,81.67890219506083,81.79323440819242,7345600
2018-11-09,81.74925994873047,82.02190863652355,81.35348890294475,81.88998271791799,8486500
2018-11-12,80.64109802246094,81.74925963035761,80.45640442114482,81.62613056281354,8423200
2018-11-13,80.07820129394531,81.23913701857118,79.84073335593699,80.91372072612728,14227000
2018-11-14,79.43621826171875,80.57956775805684,79.05803404770235,80.57077090376796,11664000
2018-11-15,80.1397933959961,80.23653863218233,78.1257438490772,78.87331518412668,15563900
2018-11-16,80.94894409179688,81.3359251073918,79.9551144136033,79.99908525899089,11323200
2018-11-19,79.919921875,81.08085803981534,79.56812161383708,81.02808363912018,8821000
2018-11-20,79.1723403930664,80.00786681608831,78.98764677366954,79.41860526229381,11604300
2018-11-21,78.72377014160156,79.4361604901231,78.70617644581918,79.42736364223191,9345100
2018-11-23,78.838134765625,79.31306409674704,78.25767005649695,78.3016408939889,3939500
2018-11-26,79.60332489013672,79.81440242269306,79.13719226364265,79.47139891602635,7141200
2018-11-27,80.43003845214844,80.43003845214844,79.04922773548935,79.33946350199277,9262000
2018-11-28,82.36492919921875,82.39131304644343,80.64990531925845,80.66749902409647,11870400
2018-11-29,82.63758850097656,83.12131483461117,82.05712361064879,82.17145587585617,8796000
2018-11-30,84.31739044189453,84.31739044189453,82.4968316906399,82.58478005972829,15875900
2018-12-03,83.91282653808594,84.26462003104979,83.42910042021451,84.26462003104979,12158200
2018-12-04,82.03951263427734,84.36138512694313,81.8899996935451,83.89525259993533,15011300
2018-12-06,81.731689453125,81.731689453125,79.27789102793426,81.0192987429198,18492900
2018-12-07,79.64727020263672,81.61734890823733,79.25149911724311,81.50300996932195,14930800
2018-12-10,79.95510864257812,80.25413452574892,77.96744271962447,79.69125674916545,15372000
2018-12-11,80.20136260986328,81.1600114660771,79.62968801091286,80.62351756506554,13632300
2018-12-12,80.88735961914062,81.94275358897877,80.83459193365807,81.08964022017784,12581000
2018-12-13,80.9665298461914,81.55579821363706,80.42124574352451,81.10725265335239,11567100
2018-12-14,78.24008178710938,80.24533462886478,78.00262046007292,80.17497994198533,19422700
2018-12-17,76.68338012695312,78.08177776618783,76.15567632117217,77.43095157176597,22089500
2018-12-18,76.01495361328125,77.48371252683457,75.28496922749174,77.34299644489329,24712500
2018-12-19,75.02113342285156,77.07915418713404,74.34391664449568,76.16447605521975,23075600
2018-12-20,73.96570587158203,74.98592574361857,73.43800894571473,74.67810309603183,25321600
2018-12-21,73.04686737060547,75.33510053806964,72.89667586535198,74.0805478345066,28909200
2018-12-24,71.2975845336914,72.83486078436485,71.25341411253848,72.5609745150673,14235500
2018-12-26,74.40746307373047,74.47814382894006,71.2180664551414,71.56262671117841,20575100
2018-12-27,75.22909545898438,75.27326586807517,72.53445110643968,73.53279806680213,14045700
2018-12-28,75.31745910644531,76.3688134784944,75.00823921480972,75.71502657562134,15770600
2018-12-31,76.43065643310547,76.50133044989835,75.68852196263214,75.74153590083682,10163100
2019-01-02,75.27326965332031,75.8298721078446,74.45162450946316,75.25560283689292,14179900
2019-01-03,73.74485778808594,75.53834010628321,73.55048905085471,75.37931175222937,17668000
2019-01-04,75.94471740722656,76.35995833635074,74.57531343342943,74.61064706355847,16262600
2019-01-07,76.23627471923828,76.95189872832036,75.74152298362469,75.97122529488136,12387200
2019-01-08,76.82821655273438,77.08442921801952,75.98006776790463,76.84589011060915,13371000
2019-01-09,77.17277526855469,77.62335661867867,76.94306620411089,77.16393848979106,11259700
2019-01-10,77.32294464111328,77.37595855801183,76.43945575163742,76.8281930199621,10396800
2019-01-11,77.5792007446289,77.60570434770227,76.8193993342434,76.9607608712868,7187900
2019-01-14,76.7221908569336,77.14626859433164,76.71336081900955,77.11092822117456,5449000
2019-01-15,78.10047149658203,78.11813832039287,76.81057766271698,76.82824448652782,10540600
2019-01-16,77.95909118652344,78.54219733932798,77.9060839873551,78.20646710329329,8288900
2019-01-17,78.64818572998047,78.97507907789269,77.68518598093367,77.74702993967533,8731600
2019-01-18,79.58470153808594,79.62887194978858,78.63936844941506,79.23130454202952,13367500
2019-01-22,79.03694915771484,79.17831067612092,78.4891833846236,79.02811237769242,12244500
2019-01-23,79.12527465820312,79.55818913215975,78.26828922833292,79.18711862012746,7722800
2019-01-24,78.46268463134766,79.11647158362507,78.091620733345,79.04579082005638,11307000
2019-01-25,78.55986785888672,78.85142094902051,78.33016549134662,78.85142094902051,7241900
2019-01-28,77.66754150390625,78.10044933959945,77.29647090425274,78.02093180378517,7113800
2019-01-29,78.0474624633789,78.10931320183973,77.44669604908773,77.6675684333384,11099200
2019-01-30,79.11644744873047,79.33731971213788,78.1446040973486,78.33897276762498,11706500
2019-01-31,80.10597229003906,80.29150423204214,78.94860347733436,79.02811427798352,13409900
2019-02-01,80.17664337158203,80.36217529118669,79.62887765144859,80.20314696859876,9386500
2019-02-04,79.94694519042969,80.1854910770603,79.26666139251513,80.1854910770603,9308600
2019-02-05,79.83208465576172,80.53004193265978,79.81441109708761,80.07946055329771,8921400
2019-02-06,80.19432830810547,80.22966869227491,79.59355525820314,79.69073962954684,6135900
2019-02-07,79.31082916259766,79.8055877395786,78.88675808574341,79.67306300037855,9511700
2019-02-08,79.46102905273438,79.46985909249979,78.88675966502969,79.00161084637527,7284200
2019-02-11,79.36382293701172,79.69070957142651,79.14295067462918,79.63770238541039,5017400
2019-02-12,80.45053100585938,80.49470816568459,79.56704173326092,79.70840325231102,9093200
2019-02-13,80.62725067138672,80.86578986173707,80.26501675436651,80.60957710736686,6435600
2019-02-14,80.81275939941406,81.1749864717255,80.3091708175748,80.42402198870033,6938600
2019-02-15,82.03197479248047,82.07615195078691,80.81276206478584,81.42237179887715,8234200
2019-02-19,81.83761596679688,82.15567267165851,81.80227558398016,81.81111236480655,6284100
2019-02-20,81.74041748046875,81.84643861060628,81.33401325900637,81.63440309081886,6959900
2019-02-21,81.02479553222656,81.50188051973721,80.6625684571925,81.44887332350974,8368500
2019-02-22,81.76692962646484,81.83760364096503,81.0866391555593,81.1838235085458,6488100
2019-02-25,81.88180541992188,82.37655737263464,81.81996142583279,82.18218860821467,7652600
2019-02-26,81.59024047851562,81.91713396601035,81.49305611035471,81.69626162755173,7288000
2019-02-27,81.21031951904297,81.59905689466916,80.93644004466296,81.31634064161933,9827600
2019-02-28,80.97179412841797,81.5018863500769,80.88344654822286,81.06014170861307,9464100
2019-03-01,82.12030029296875,82.23515817749411,81.4046763560973,81.47535709419196,10795200
2019-03-04,81.00714111328125,82.56207752485969,80.4505385057433,82.41188595223375,15208400
2019-03-05,80.96297454833984,81.25452769136184,80.54773341867028,81.04249210575027,13591700
2019-03-06,79.7790756225586,81.07779905469918,79.55820332763511,80.97178466704793,11662400
2019-03-07,79.15181732177734,79.8321079792404,78.87793774670216,79.66424282523192,14430700
2019-03-08,78.98395538330078,79.02812580994409,78.30366475619826,78.72774264300796,11531200
2019-03-11,79.88508605957031,79.95576680816738,78.96625654926993,79.19596561196681,9694300
2019-03-12,80.46818542480469,80.65371731905881,79.97342696630706,80.08828485833577,8981600
2019-03-13,81.33402252197266,81.55489484621481,80.65373872912174,80.70674592998357,10098300
2019-03-14,81.20148468017578,81.41352017230568,80.90993166569294,81.30749905599735,9283800
2019-03-15,81.57481384277344,81.70783207120981,81.06048706672131,81.34425613011109,10219400
2019-03-18,81.4506607055664,81.73442975294812,81.15802197263247,81.65462287974127,7183500
2019-03-19,82.09806060791016,82.3286184428397,81.44183880377976,81.73447770841156,11308700
2019-03-20,81.53048706054688,82.09802524382835,81.21124598675244,82.00047898430289,11123700
2019-03-21,81.84974670410156,81.97389528701144,80.73240269232228,80.84768158628422,7398200
2019-03-22,80.35995483398438,81.79653318868291,80.34221545655417,81.49503142827119,12162600
2019-03-25,80.31559753417969,80.57276433217592,79.73918966043564,80.50182036743445,9893300
2019-03-26,80.86539459228516,81.37972136849751,80.29785646532879,80.78558094896322,8107200
2019-03-27,80.19147491455078,80.95410586820299,79.63280623409948,80.76788297471921,10817400
2019-03-28,80.39543151855469,80.61712639024857,79.97864407727569,80.43089674430601,6726800
2019-03-29,81.36199188232422,81.43293584231161,80.69690748001639,80.87426061439645,10120900
2019-04-01,81.48616790771484,81.98276226390787,81.29994502414246,81.85861367485961,9082000
2019-04-02,81.2999267578125,81.62803753548677,81.14917590006588,81.503888974332,7002200
2019-04-03,81.19351196289062,81.70784558962649,80.95408452456284,81.6635039176154,7398700
2019-04-04,81.02503967285156,81.36201342362577,80.55504088769017,81.26446714421398,9212400
2019-04-05,81.58369445800781,81.72558239150447,81.16690711034765,81.22011170261437,6262000
2019-04-08,81.56594848632812,81.64575536165361,80.98954069071048,81.52160682297756,5961200
2019-04-09,81.35314178466797,81.53050172734231,81.06050971903785,81.28220457318827,7207600
2019-04-10,81.37975311279297,81.6014479915378,81.23787190850348,81.4506970977331,5433400
2019-04-11,80.37767028808594,81.60142321152607,80.02295723669224,81.5570883085948,8534200
2019-04-12,79.64164733886719,80.71464948768757,79.50863585538511,80.68804719099114,11659000
2019-04-15,79.9609146118164,80.02298891296262,79.58846880493913,79.7392197126383,7921900
2019-04-16,78.32035064697266,80.72352183449827,78.18733239351918,80.62597556633835,14857100
2019-04-17,76.06793212890625,78.60412163010452,75.66888412466027,78.5863890198314,34381800
2019-04-18,76.19207763671875,76.66206959435533,75.06587087590597,76.2984935908511,35300900
2019-04-22,76.23641967773438,76.67980934037972,75.82850199997138,76.06792944094056,18717700
2019-04-23,77.44242095947266,77.85033853640823,76.0767803242078,76.20979854324037,30503400
2019-04-24,77.35375213623047,77.62865152161942,77.00790202593075,77.46903099593814,14612800
2019-04-25,78.15186309814453,78.38242762769376,76.86603572354586,77.18527683658643,16166400
2019-04-26,78.93223571777344,78.95883801708675,78.08979123450943,78.2582814842802,11321700
2019-04-29,78.79033660888672,79.10070799956975,78.45336292265785,78.9588268347956,13264400
2019-04-30,79.15391540527344,79.30466624956775,78.46222869325149,79.02089716859493,11750900
2019-05-01,79.01203155517578,79.57070682490829,78.5686419204491,79.2603286681285,25596400
2019-05-02,79.34900665283203,79.42881353421456,78.47996005055454,78.93221934182081,18927500
2019-05-03,79.95203399658203,79.97863629610265,79.43770032055033,79.57071858374334,13624000
2019-05-06,80.35995483398438,80.5639103153005,78.65733317696397,78.79035144532982,25168300
2019-05-07,78.81692504882812,80.12936111161123,78.35580288738892,79.73917613729425,18011600
2019-05-08,78.98543548583984,79.34901826245884,78.33808359125041,78.78147326092855,13783300
2019-05-09,78.81692504882812,79.07409180321089,77.91241333133334,78.28485893467898,15692300
2019-05-10,78.84357452392578,79.04753003553868,77.15869199405307,78.55979856761013,17771800
2019-05-13,77.36262512207031,78.79921004010592,77.06112340410624,77.50451305917521,17436000
2019-05-14,77.75279235839844,78.29372815481815,77.56656955783245,77.7173203822543,13147000
2019-05-15,77.98336791992188,78.24939763048546,76.99904242998277,77.34488578962747,10587700
2019-05-16,78.59525299072266,79.26920720511501,78.09865870937548,78.1518633064942,15124000
2019-05-17,78.42677307128906,79.04751595114998,77.94791137871493,77.94791137871493,13354100
2019-05-20,78.39131164550781,78.63960883090772,77.81490359906324,78.08980308781445,10757400
2019-05-21,79.1273193359375,79.46429303185575,78.78146918713021,78.83468054534085,11690600
2019-05-22,79.57955932617188,79.75691921619226,78.82579839895233,78.89674235496048,9021800
2019-05-23,79.30467224121094,79.30467224121094,78.63958777315837,79.18052368175492,13545300
2019-05-24,79.41993713378906,79.89879867836774,79.22484464167317,79.57955764864862,9986400
2019-05-28,78.28487396240234,79.96975595196446,78.27600427521404,79.49089432763066,20796000
2019-05-29,77.53114318847656,77.91245869934588,76.9902070738575,77.90358900869543,16302700
2019-05-30,77.95677185058594,78.08092041188043,77.6020587759206,77.68186566578598,12457600
2019-05-31,77.39810180664062,77.76168459335996,76.94584243664012,77.4513064034914,10712900
2019-06-03,77.58433532714844,78.24941994157449,77.42471474906256,77.46905642959386,19371000
2019-06-04,78.87014770507812,79.00315917849669,78.13411931274818,78.23166557031426,15837200
2019-06-05,79.46431732177734,79.65054021846473,78.89677894170404,79.44657794175502,24291700
2019-06-06,79.87220764160156,80.19144871630488,79.40221571650746,79.58843854915293,18840900
2019-06-07,80.70579528808594,80.90088783906312,80.10278502397009,80.12938732354154,9302700
2019-06-10,80.94522094726562,81.21125746823563,80.65258212731658,80.95409063545523,8552800
2019-06-11,80.81219482421875,81.54822326377995,80.6082393748299,81.3442678143911,8317900
2019-06-12,81.20240020751953,81.22900251056988,80.75014075889122,80.82995443363306,5799200
2019-06-13,81.1048355102539,81.34426971454232,80.78559441492887,81.34426971454232,9031800
2019-06-14,80.91862487792969,81.37974721544282,80.85655058700311,81.14031974060894,5056300
2019-06-17,81.2822036743164,81.33540827373533,80.88314888190467,80.99842776917563,4861500
2019-06-18,81.973876953125,82.25764604567976,81.53048732315888,81.69010786057024,7979600
2019-06-19,82.70988464355469,82.89611421044101,81.93839114754432,81.99159572917603,6988100
2019-06-20,83.0735092163086,83.64991728179547,82.59464744339294,83.39275039825236,9241200
2019-06-21,83.47245788574219,83.63275946853408,82.51955591982794,82.9915531373665,9026100
2019-06-24,83.03609466552734,83.41903703859506,82.88470058173367,83.36560543124594,6493600
2019-06-25,82.69767761230469,83.48137057681626,82.61752341220287,83.09842822944505,14930600
2019-06-26,81.65571594238281,82.82235118811862,81.48650681411671,82.81344365651097,10498400
2019-06-27,82.22567749023438,82.38597909045106,81.7803960223498,81.94069762256649,7416200
2019-06-28,82.50174713134766,82.5729937945515,81.78929408822074,82.26129813610439,9390600
2019-07-01,82.9113998413086,83.18747894458937,82.57298840486271,83.15185561531264,7797200
2019-07-02,83.35668182373047,83.35668182373047,82.51064982972319,82.98264705550338,7952500
2019-07-03,84.06913757324219,84.08694584135426,83.53480120195735,83.54370193878559,4066000
2019-07-05,83.49027252197266,83.9177457068457,83.30325512685813,83.71291324869792,5934300
2019-07-08,82.86686706542969,83.19637093630844,82.48392480902508,83.16965514077283,15202000
2019-07-09,82.94706726074219,83.03612223404312,82.55521722486736,82.56412476053514,5537300
2019-07-10,83.23200988769531,83.45465061822985,82.88469089161791,83.13404742270365,5347300
2019-07-11,83.24982452392578,83.84650004802772,82.68876553740546,83.81087671599025,13691700
2019-07-12,82.3236312866211,82.99155341810417,81.75367161131194,82.97373835636968,11508200
2019-07-15,82.50174713134766,82.69767205793033,82.0920890096092,82.36816133645439,5811100
2019-07-16,82.09207916259766,82.55516882896313,82.03864756883182,82.4393981109855,9092300
2019-07-17,82.10991668701172,82.53738997282352,82.10101594784913,82.2613175807214,9566700
2019-07-18,82.57299041748047,82.70657620691034,81.70023581506672,82.10099318335634,6559500
2019-07-19,81.71806335449219,82.79564377670071,81.64681668332389,82.76002044111655,8105900
2019-07-22,81.54886627197266,81.86056201137004,81.47761959026539,81.80713039731835,5192500
2019-07-23,82.05647277832031,82.18115105248752,81.32621140343112,81.66462289124833,6688600
2019-07-24,82.10099792480469,82.10989866201335,81.19261993978584,81.93178879545775,5430400
2019-07-25,81.70024108886719,82.19005341690925,81.5221312211006,81.87835775108972,6618700
2019-07-26,81.99411010742188,82.14550414053542,81.68241451146623,81.98520257769331,3812400
2019-07-29,82.33252716064453,82.39486628412313,81.90506082663559,82.03864660393397,5887500
2019-07-30,81.97631072998047,82.01192726384733,81.3618202067226,81.70023163409881,7959200
2019-07-31,81.16590881347656,82.22568092554401,80.667195722836,81.88726264736111,8557400
2019-08-01,81.27278137207031,82.1455293081371,80.7829690037476,81.17481889840577,16422500
2019-08-02,81.08575439453125,81.40635758063168,80.56031875280054,81.15699426242136,15956600
2019-08-05,79.17996215820312,80.48908410329892,78.53875569030339,80.16848086934905,17626200
2019-08-06,80.20408630371094,80.22190136520766,79.14432115613296,79.58069504042977,10135900
2019-08-07,80.23080444335938,80.45344515738063,78.54764118891515,79.55398156474264,12452500
2019-08-08,81.29948425292969,81.37963164894002,80.37329806378521,80.48016805292106,12034800
2019-08-09,81.3974380493164,81.91396608349152,80.69389264989611,81.1569822979621,7253100
2019-08-12,80.60485076904297,81.39745121423105,80.29315510988852,81.09465629215546,7097100
2019-08-13,81.65571594238281,82.08318233716815,80.50688896540647,80.57813562935597,12232500
2019-08-14,79.3847885131836,81.01452050030188,79.34025764358535,80.81859554520044,16426100
2019-08-15,79.66087341308594,79.96366842618718,79.14435193454963,79.7232125636571,12315200
2019-08-16,80.64046478271484,80.85419795365877,80.1506525217444,80.20408411586664,10239300
2019-08-19,81.41525268554688,81.62008512700751,81.13918038112425,81.2727661651677,6427200
2019-08-20,80.72061157226562,81.61117437142518,80.65827244810265,81.44196526535927,4708800
2019-08-21,81.3172836303711,81.5132085251392,81.07683467417229,81.28166030455374,5687100
2019-08-22,80.9165267944336,81.65569545997192,80.59592368153635,81.46867810985755,6486900
2019-08-23,79.04637908935547,81.0768617785622,78.65452916882191,80.77406680511619,9822700
2019-08-26,79.87459564208984,79.93693477874899,79.34915995214304,79.67867069988786,8913900
2019-08-27,79.402587890625,80.64046972296256,79.349149498774,80.3643906160227,8252000
2019-08-28,79.98145294189453,80.15066206937797,79.01074262928196,79.12651336182253,5691500
2019-08-29,80.5870361328125,80.818584392749,80.07051480681606,80.5870361328125,4360300
2019-08-30,80.68499755859375,81.12137147810606,80.3376785703862,80.96107667843094,4784100
2019-09-03,80.2129898071289,80.5959320766192,79.92800998758645,80.2129898071289,6437800
2019-09-04,80.26643371582031,80.78296184126236,79.89239891924058,80.73843777183481,9318700
2019-09-05,81.05904388427734,81.23716056669481,80.52470742593837,80.95218066928358,7897400
2019-09-06,81.28167724609375,81.51322551494081,81.1124749062628,81.22824564345831,13166400
2019-09-09,80.53362274169922,81.37965498296111,80.23973528315072,81.35293917663077,10675900
2019-09-10,80.76515197753906,80.77405271457528,79.27790676334433,80.12394559923212,8770700
2019-09-11,81.56666564941406,81.59338824798304,80.70282520714066,80.89874336878228,8124300
2019-09-12,81.5399398803711,82.27020121283893,81.4954158104443,81.93178974468026,9344700
2019-09-13,81.49542999267578,82.15444477459855,81.32622083192186,81.63791655347606,6351000
2019-09-16,81.3172836303711,81.5221160552072,80.95215643103889,81.05011887842295,6668100
2019-09-17,81.44195556640625,81.66459623968179,81.15697577639175,81.27275327494567,3932900
2019-09-18,81.4330825805664,81.53994579170265,80.85421527390476,81.44198331852346,5369800
2019-09-19,81.81600952148438,82.18113674814722,81.37962884339865,81.53102968806878,5058600
2019-09-20,82.27207946777344,82.65661228601897,81.99486051369256,82.0037982186996,8935700
2019-09-23,81.83390808105469,82.32574803065576,81.80708131578078,82.03064678996584,4232900
2019-09-24,81.08271789550781,82.19160746892283,80.79655438490826,82.13794712009548,10542600
2019-09-25,80.6892318725586,81.163189456553,80.57297349127133,81.09164688694159,7956800
2019-09-26,80.24211120605469,80.98434328605437,79.6250684047129,80.95751652472225,10004500
2019-09-27,79.88443756103516,80.62667676499075,79.58932942124386,80.51041832179374,10017300
2019-09-30,80.59981536865234,81.09166209865093,79.93806353229844,79.9917170582342,8031600
2019-10-01,79.81285095214844,80.99327603786146,79.65188358488417,80.81442643986774,13413900
2019-10-02,78.65032958984375,79.7234479390802,78.301568002578,79.56248052782857,13385000
2019-10-03,79.35679626464844,79.38362302906312,77.97963216905666,78.54302151247128,11958800
2019-10-04,80.59981536865234,80.6445311887163,79.54458614829959,79.58930196836354,9146600
2019-10-07,80.3315200805664,80.85913114255723,80.15266366937712,80.26892204231876,8247200
2019-10-08,78.80236053466797,79.6966224284322,78.78447147609367,79.66085113396042,10649300
2019-10-09,79.37467956542969,79.60718272194381,79.01697347960072,79.28525474964147,7350200
2019-10-10,79.76813507080078,80.04536081692325,79.07061208749715,79.14215465570132,8232300
2019-10-11,80.42991638183594,81.37783179976343,80.39414508759835,80.52828573532013,10773200
2019-10-14,80.3941421508789,80.78761272776579,80.26894603695901,80.3762530930752,4915600
2019-10-15,81.8607177734375,82.146881247805,81.22579277789322,81.27944629725106,12607900
2019-10-16,81.75341796875,82.17372213645471,81.61927732461581,81.79813379102025,7851500
2019-10-17,82.36151885986328,82.59402886205147,81.98593050279705,82.02170179718576,7536100
2019-10-18,82.05748748779297,82.48672945041035,81.69083677299089,82.12902326644388,6784700
2019-10-21,81.96803283691406,82.52247073887717,81.8070654538045,82.39727464342258,4948400
2019-10-22,82.14689636230469,83.12163853092059,82.11112506859263,82.59402729969032,8702400
2019-10-23,82.65660858154297,82.89805623674785,82.12005293011804,82.28995801241952,5525000
2019-10-24,82.2363052368164,82.88911928077422,81.94119723793101,82.79968765249963,6892300
2019-10-25,82.32573699951172,82.54930244374039,81.80707035413488,82.02169127024516,5536900
2019-10-28,83.17529296875,83.34519807345552,82.46882531919199,82.54036790152915,6937900
2019-10-29,84.35569763183594,84.48983823520429,83.16632807673749,83.37201124492556,13768400
2019-10-30,84.82969665527344,84.86546795517103,84.05168623352614,84.3825656405704,10179700
2019-10-31,84.73129272460938,84.78494624123174,84.18579256336517,84.6686946809916,9675200
2019-11-01,84.83860778808594,85.55401303637542,84.8207187338405,85.18736929644554,14670800
2019-11-04,84.57929992675781,85.2768231813513,84.54352862874309,85.23210735316353,9878200
2019-11-05,83.98014068603516,84.71343519192844,83.79233967775242,84.70449066232521,13273800
2019-11-06,84.26629638671875,84.42726379121079,83.80127640810778,84.0606131610492,13130200
2019-11-07,84.45409393310547,84.72236840287255,84.20370169891885,84.58822775665067,7827900
2019-11-08,85.07112884521484,85.08901790323138,84.30206309474198,84.40043244580316,7756900
2019-11-11,84.72236633300781,84.92804956187985,84.48986316275867,84.74919309706145,6092500
2019-11-12,85.23209381103516,85.53614638451211,84.74025389250312,84.8565054755722,13801500
2019-11-13,85.3304443359375,85.5361275158004,84.86543128356361,84.99957189454594,6507700
2019-11-14,85.33939361572266,85.46458970689903,84.8207201964632,85.31256685656705,6498800
2019-11-15,87.15475463867188,87.3067775079786,85.55402519006428,85.6345123002524,11337700
2019-11-18,86.8596420288086,87.57505416370591,86.75233498444703,87.07426976288325,11251400
2019-11-19,87.44987487792969,87.57507100220745,86.9401458511768,87.1637113334838,10025800
2019-11-20,87.33361053466797,87.61082950900463,86.81493705398718,87.30677694965945,12305600
2019-11-21,87.55718994140625,87.61978800438575,86.7881241261282,87.38727798931451,9122400
2019-11-22,87.87016296386719,87.9953590651882,87.52140142123353,87.70919557321506,6141800
2019-11-25,88.89857482910156,88.91645706433427,88.09373779009894,88.22787843371214,11726500
2019-11-26,88.82701110839844,89.03268746668286,88.53190312719913,88.8896091508339,11073300
2019-11-27,89.28309631347656,89.41723695022989,88.87173669739556,88.95222380851804,6333200
2019-11-29,88.9701156616211,89.25627920038383,88.79126600839822,89.05060278144524,2392000
2019-12-02,88.5766372680664,89.17579105860113,88.29047375447696,89.1489642952453,6682200
2019-12-03,88.37991333007812,88.45145592609009,87.66450101531343,87.90595557118445,7709700
2019-12-04,89.20259857177734,89.31885012879064,88.64815389892766,88.73758552104928,6237600
2019-12-05,89.20259857177734,89.33673918228492,88.45142206921474,89.25625208691044,7390400
2019-12-06,89.7928466796875,90.09689247120646,89.60504566412895,89.66764372842269,5658500
2019-12-09,89.1668472290039,89.84648813761095,89.1668472290039,89.82859908011592,5148900
2019-12-10,89.36359405517578,89.44407435319589,88.80021150100397,89.14897310444515,6027900
2019-12-11,89.4440689086914,89.66763437537475,89.26521926441538,89.43513120235122,6064300
2019-12-12,90.27571868896484,90.57082669656994,89.44405500923492,89.48877082469346,9769100
2019-12-13,90.21315002441406,90.74076816343906,89.84650614440082,90.18632325547135,6433200
2019-12-16,91.18789672851562,91.51876930017642,90.74076573098259,90.74076573098259,7730300
2019-12-17,91.08950805664062,91.43826961498148,90.96431194968115,91.30412897961742,4643600
2019-12-18,91.21469116210938,91.39354076865129,91.02689702843782,91.12526635883842,5202900
2019-12-19,91.57241821289062,91.67078756586608,91.25942791827632,91.40250627180998,6637200
2019-12-20,92.2207260131836,92.42726035780072,91.84358348917881,91.84358348917881,8586500
2019-12-23,92.58892822265625,92.68770466098425,92.2028040139862,92.43627621829887,4770900
2019-12-24,92.47215270996094,92.70561795521397,92.24766215428129,92.58888533258745,2071800
2019-12-26,92.40933227539062,92.69668002657842,92.11300298015955,92.58892205079145,2910100
2019-12-27,92.43624877929688,92.61583851335908,92.22971441930706,92.60685697138321,3605000
2019-12-30,91.88130950927734,92.63146641844993,91.74573665732318,92.4326271549867,5665100
2019-12-31,92.06205749511719,92.14339705906369,91.52880618122477,91.68245907232513,4746700
2020-01-02,92.30608367919922,92.45069654340011,91.6463064489651,92.34223689524944,6277400
2020-01-03,91.50172424316406,92.0259357082523,90.78771350185903,91.23961851061995,8247500
2020-01-06,92.07112121582031,92.09823441077958,91.05885159903103,91.0859647939903,6441800
2020-01-07,91.89032745361328,91.97167390954823,91.37515621776038,91.8180210251201,6335300
2020-01-08,92.48686218261719,92.90261387975868,91.8993844100505,91.93553763095696,7494700
2020-01-09,92.88452911376953,93.13760164728794,92.56819706627336,92.76703632341994,6660600
2020-01-10,92.91165924072266,93.39067737805907,92.74897318506856,93.23703135203083,9300300
2020-01-13,92.5862808227539,93.08337208995964,92.2699418670973,93.06529892746124,7621700
2020-01-14,93.1466293334961,93.16470938973659,92.14339997330143,92.30608600186059,7294900
2020-01-15,93.95101928710938,94.1950517772903,93.18278239071076,93.25508882450666,7521800
2020-01-16,94.43907928466797,94.5023456916405,93.969101246518,94.33965966006527,5479900
2020-01-17,94.43907928466797,94.5836921551887,94.20409371335359,94.20409371335359,6533400
2020-01-21,94.53849792480469,94.7554103328058,94.18601267598247,94.22216589323618,6644800
2020-01-22,94.656005859375,94.9723379185297,94.52946614019139,94.74638546263039,9431500
2020-01-23,94.17697143554688,94.6288763021196,93.52623421991983,94.49331035856461,8522600
2020-01-24,92.6043472290039,94.33062718132776,92.36935476053904,94.28543393509639,15962700
2020-01-27,91.89936828613281,92.25185350872427,91.35708385872447,91.48361666193573,11762300
2020-01-28,92.3512954711914,92.71282080878234,91.91746368697783,92.17053625015707,8079900
2020-01-29,92.09821319580078,92.76703046764915,92.08013313964429,92.4416584120427,6435700
2020-01-30,91.42941284179688,91.48363922925817,90.64309574599649,91.4203728120459,10989400
2020-01-31,89.60372161865234,91.1401958393568,89.30546266782007,91.06789628094657,14476700
2020-02-03,90.41714477539062,91.06788901784363,90.22734552059558,90.22734552059558,11850600
2020-02-04,92.0078353881836,92.37839380033469,91.52881042802944,91.54689048453702,9575100
2020-02-05,93.77931213378906,94.10468423201037,92.43263049011452,92.44167051937676,14131000
2020-02-06,93.86064147949219,94.21312673155634,93.4539298488093,94.21312673155634,6166500
2020-02-07,93.12857818603516,93.95104165583987,92.98396528401257,93.86970207009419,6057200
2020-02-10,93.62564849853516,93.62564849853516,92.712805617703,92.78511205247815,4010100
2020-02-11,94.18603515625,94.26738163836686,93.76124337153132,93.9510426357736,10277100
2020-02-12,94.30350494384766,94.75540981376187,93.92390650804478,94.53849740694895,4705700
2020-02-13,93.86064147949219,94.24927994914256,93.67084225880542,93.960061103974,4778500
2020-02-14,93.93292236328125,93.99618875296729,93.47197758384341,93.96003554521536,5114200
2020-02-18,93.59855651855469,94.0504614950182,93.2912644444104,93.93296868352586,8409300
2020-02-19,94.03237915039062,94.16795200919937,93.75220029890205,93.8425799062672,6427900
2020-02-20,93.42682647705078,93.90584459324266,92.57724301330099,93.81546498754037,8080900
2020-02-21,93.4810562133789,93.571435822322,92.73993238721006,93.06530449582293,6510800
2020-02-24,90.5346450805664,91.83613367326842,90.10082014668107,91.22154260399502,16284500
2020-02-25,87.78704071044922,91.05883456891091,87.47974869768477,90.85999531570036,20301600
2020-02-26,87.77800750732422,89.31448136096074,87.58820828273532,88.27509874443187,13721600
2020-02-27,84.7954330444336,87.97684042702426,84.77735988291401,86.82900504369358,22047900
2020-02-28,83.70182037353516,83.74701361863588,81.32480324538847,82.56301817310363,27750600
2020-03-02,87.62435150146484,87.75992434151749,83.439714889244,83.72893373011316,22359400
2020-03-03,85.44617462158203,89.37774565631764,84.298332377199,87.84127183900249,33385500
2020-03-04,90.3719253540039,90.51653820846377,87.83222243335626,88.01298160591067,26418700
2020-03-05,88.27509307861328,89.64888770487387,87.27186374480485,88.4377791028936,17873000
2020-03-06,87.80513000488281,88.12146207939675,85.50041208459746,85.85289738127328,17917700
2020-03-09,83.24088287353516,85.21118855294728,81.35192366342882,82.59917873010336,21968500
2020-03-10,86.09691619873047,86.24152216883196,82.19245846869687,85.64501133694176,26473200
2020-03-11,82.80705261230469,84.65985848117325,81.74958995354655,84.06334762582982,23217900
2020-03-12,76.62500762939453,81.09887108761829,74.92584737980073,77.73669691892343,20652200
2020-03-13,81.93940734863281,82.15631978992838,76.06464310583462,80.18601396806133,29162800
2020-03-16,73.85934448242188,78.67665279680396,72.91034135039882,74.582388248967,21474800
2020-03-17,78.49589538574219,79.12856650907082,74.4287504756465,75.38679374342462,27899700
2020-03-18,75.89292907714844,77.09499806808974,72.2324957092672,74.47394761045457,28931000
2020-03-19,74.33834838867188,76.15500783019255,73.50684511329197,75.043318856734,27121100
2020-03-20,71.48233032226562,75.74831466924121,71.07561857630934,74.9800775404776,22004900
2020-03-23,67.7696304321289,71.12087105799395,66.788776475246,71.02096888114532,33633000
2020-03-24,72.99175262451172,73.1370604563112,70.4487997426235,70.97555535699864,16775800
2020-03-25,73.96353149414062,76.37024688149491,71.62946656695911,72.51041142684521,16851800
2020-03-26,78.87686157226562,79.29463111454294,74.48119400909547,74.62650184037103,18822500
2020-03-27,77.1875991821289,79.22196381935666,76.54278066078011,76.59727021979931,13043200
2020-03-30,80.80223846435547,80.95663019636801,78.5680760509756,78.57715302651354,13766700
2020-03-31,80.44803619384766,81.31081997457048,79.59432938796178,80.8748895967906,13584900
2020-04-01,77.38740539550781,78.45907729979845,76.64268471144061,77.75976920203533,15255200
2020-04-02,79.53074645996094,79.7123829409344,76.22491261753314,76.99687805515177,13588000
2020-04-03,78.81328582763672,80.03027265835108,77.92325719810388,79.2764679514077,12934200
2020-04-06,82.94557189941406,83.4178309389431,80.95661973340427,81.31989964865095,13472900
2020-04-07,82.26441955566406,85.2069735216236,82.18267828853283,85.05258181913837,16699200
2020-04-08,85.65200805664062,86.15151889366582,81.93748776872533,82.97283120456912,32624300
2020-04-09,86.12425231933594,86.59651132205583,85.34320298757851,86.43303571938596,12982500
2020-04-13,85.3704605102539,86.11518127158807,84.1534806757031,85.81547480045653,9606600
2020-04-14,88.20402526855469,88.52189258097523,86.75090567636748,87.04152820900738,12830800
2020-04-15,87.74993896484375,88.26761063746822,86.54203608572375,87.03246297489251,11019000
2020-04-16,89.66620635986328,89.89325539083438,88.12226879186782,88.40380737299631,11331600
2020-04-17,91.52803039550781,91.84589774384834,90.26563797710648,91.84589774384834,11504400
2020-04-20,90.80147552490234,92.1001966026309,90.5562586263796,90.65616078074244,10558100
2020-04-21,88.04055786132812,89.75704843726754,87.7499353016185,89.24845376103441,9291400
2020-04-22,89.38467407226562,89.93867434410633,88.76710033950816,89.32110061134887,11994100
2020-04-23,89.87511444091797,91.26465381698843,89.67531012532822,89.85695356176828,16013300
2020-04-24,91.08302307128906,91.26465959023051,89.85695924596169,90.4200366120736,7853300
2020-04-27,92.25459289550781,92.64511762856417,91.57344558871108,91.71875341108691,8022100
2020-04-28,90.39278411865234,92.87216327180296,90.28380498817658,92.87216327180296,11517500
2020-04-29,90.99219512939453,91.7823215246009,90.40186611216782,91.7823215246009,9939900
2020-04-30,90.57442474365234,91.16474682606771,90.10215876293415,90.6016695254268,12768900
2020-05-01,88.84883117675781,89.70253084757746,88.04961412877334,89.5390552631249,10102000
2020-05-04,88.8034439086914,89.00324822763653,87.99514965767789,88.57639480606989,8991300
2020-05-05,90.72880554199219,91.382707941846,89.3574272827981,89.58447634224802,11498300
2020-05-06,89.8297119140625,91.26465700258838,89.7842993211202,91.20108352986247,9493200
2020-05-07,89.82061004638672,90.7560510704121,89.71162400251472,90.74696716784256,9453900
2020-05-08,90.2838134765625,90.81964606241598,90.01135176677961,90.78331737251233,10374500
2020-05-11,91.8368148803711,92.07294093600466,89.91143617689481,89.91143617689481,15115100
2020-05-12,90.43820190429688,92.45439908178199,90.42911799990591,92.37265780024102,18471000
2020-05-13,89.45734405517578,91.01944294833072,88.73986807848306,90.32012785060998,12667200
2020-05-14,90.43820190429688,90.48360756827398,88.61272514508889,88.63088602488196,12021400
2020-05-15,91.20108795166016,91.28282923712166,89.97502410165104,90.18391233872894,15170200
2020-05-18,91.95488739013672,93.33534289775703,91.90039782229304,92.90849640133365,10557300
2020-05-19,90.84687805175781,92.13651518124055,90.83779414831409,91.66425613698917,10561400
2020-05-20,90.95587158203125,91.88222886877456,90.74698335958541,91.53711672841699,10058000
2020-05-21,90.2838134765625,90.75607258733186,89.7570578664431,90.70158301697091,12259500
2020-05-22,90.47453308105469,90.54718353121383,89.82063052669906,90.29288963318422,10233200
2020-05-26,90.31104278564453,91.98212066091494,90.16572805093168,91.9003863193799,10828800
2020-05-27,91.2464828491211,91.2464828491211,89.06681035575748,90.43818870105105,15551900
2020-05-28,92.43622589111328,93.3625900733683,91.96396682511215,91.99121160770993,11707700
2020-05-29,93.5533218383789,93.75312617367108,91.44630627082468,92.83584578391574,19055300
2020-06-01,92.62694549560547,93.07196670414083,92.0457003752617,92.96298064570574,8436200
2020-06-02,93.16278076171875,93.20818642061502,92.10926969789686,92.6632700109432,13162300
2020-06-03,92.98112487792969,93.52604814355954,92.59060023302146,93.43522297996311,10020900
2020-06-04,92.2455062866211,93.06288441660904,91.65517725224154,92.4180658165598,10848300
2020-06-05,93.73493957519531,94.48874416943367,92.34540034062815,92.8267432724468,14579500
2020-06-08,94.3797607421875,94.41608942678583,93.135536207388,93.36258528938652,8191300
2020-06-09,93.39891815185547,94.65223366808208,93.28993901408893,94.18905154560751,10371100
2020-06-10,93.25360107421875,94.01648267886078,92.84491549015883,93.70769924716897,10519700
2020-06-11,88.06780242919922,92.61786814796928,87.75901206270369,92.4453086217221,39561900
2020-06-12,88.63996887207031,90.20206781722013,87.11419861506221,89.91144524107519,19397200
2020-06-15,88.83976745605469,89.3483551992221,86.66009481121272,87.31399729756414,14521800
2020-06-16,91.02851867675781,91.60976375749736,89.52999338807481,90.92861652891308,13272800
2020-06-17,90.93769073486328,91.64608965137647,90.61982342366437,91.48261404433308,9086200
2020-06-18,90.62892150878906,90.83780280498364,90.0567602590953,90.42003328360568,7115200
2020-06-19,91.50077819824219,92.03661069502735,90.55625320471727,91.6642538111405,12177000
2020-06-22,91.149658203125,91.27734377650272,90.21025421684244,91.12229800287862,6889200
2020-06-23,91.54182434082031,92.3261824423596,91.36853381935393,91.77895068159013,5369900
2020-06-24,89.15228271484375,91.040213129295,88.5047324426577,90.85780715004391,15739700
2020-06-25,90.02783203125,90.13727977932798,88.32230782165911,89.07019032934694,10506300
2020-06-26,88.93338775634766,90.09168025386283,88.50472608173965,89.8636693170153,16631400
2020-06-29,89.73597717285156,89.90014531368459,88.94249666576847,89.63565181132356,7490200
2020-06-30,91.26820373535156,91.75158573511044,89.49883690603895,89.76333038782676,9183000
2020-07-01,91.97047424316406,92.3535378474978,91.12228036632501,91.69686533531484,10932800
2020-07-02,92.66363525390625,93.1926222512155,92.46298453366198,92.78220538405475,6502400
2020-07-06,93.60302734375,94.14113665838192,93.15612795109439,93.73071288450873,6374400
2020-07-07,92.79131317138672,93.91312985205845,92.66362762507812,92.91899871769532,5913200
2020-07-08,92.8004379272461,93.3932676693094,92.18024799003751,93.11052941668011,5624900
2020-07-09,92.0708236694336,93.04671030842991,90.91253104417981,92.70013615120381,10521700
2020-07-10,91.8519058227539,92.23496244682691,91.17699553867192,92.14375948276289,10502700
2020-07-13,92.37176513671875,94.07728899724633,92.13463187692022,92.38088752011016,10167200
2020-07-14,94.20500183105469,94.36004760194075,91.97961280575652,92.15290334871254,10889900
2020-07-15,95.4271240234375,95.70073990013645,94.6974932828083,94.89814399794209,9606900
2020-07-16,95.27207946777344,95.34504463025297,94.59716911069005,95.3359222453578,6412200
2020-07-17,96.5763168334961,96.90465315615135,95.63691283858765,95.77372079941766,7548600
2020-07-20,96.55805969238281,97.12352227839666,96.23883886156015,96.79518602146064,6776300
2020-07-21,96.49421691894531,97.25120782845674,96.29356621099993,96.88639595038207,7458600
2020-07-22,97.36065673828125,97.52482486872626,96.43037530465325,96.93199512221146,5648400
2020-07-23,96.92288970947266,98.0720668238161,96.60367577724999,97.67076533282655,6970100
2020-07-24,95.85578918457031,96.82256021510818,95.24472159019462,96.76783286274575,6241000
2020-07-27,96.5763168334961,96.8225725546585,95.51834965031733,95.81931881413304,5934200
2020-07-28,96.46685791015625,97.10529266737024,96.28445195571862,96.62191062560349,6239400
2020-07-29,97.4792251586914,97.87140421598639,96.62190883868034,96.68575161738693,5449800
2020-07-30,96.80432891845703,96.96849708171177,95.76459953729095,96.53983537997205,5349200
2020-07-31,96.24797058105469,96.76783521190139,94.9893527796209,96.50334170380869,6920400
2020-08-03,97.2420883178711,97.56130217694873,96.67661879726198,96.84990930290708,8811800
2020-08-04,96.81343078613281,97.25120782313468,96.21147866232957,97.02319692018021,6092900
2020-08-05,97.26033782958984,97.43362835608447,97.01408909677109,97.34242537942349,4406600
2020-08-06,96.740478515625,97.55219688161841,96.03820790263373,97.141779984958,5369700
2020-08-07,97.05057525634766,97.06881306901565,96.3665424686655,96.64015140873356,4274000
2020-08-10,96.72223663330078,97.15089132492298,96.46685855370683,97.06881073238081,4640200
2020-08-11,96.11116027832031,97.35154023701189,95.88314935883055,97.2603372608842,8115900
2020-08-12,97.7254638671875,98.03555532178707,96.59453185873642,96.63100747593889,8205500
2020-08-13,97.59778594970703,97.69811130069395,96.94111345537091,97.60690137554923,5323300
2020-08-14,97.40628051757812,97.8440576444313,97.03233921997997,97.415395945562,3826200
2020-08-17,97.9808578491211,98.35479215877409,97.53395837132166,97.57955638265712,4610200
2020-08-18,97.9534912109375,98.34567026601496,97.44274202583183,98.18150212764903,4220500
2020-08-19,97.63428497314453,98.31831777690311,97.42451185165497,98.04470187206307,6308100
2020-08-20,97.32418060302734,97.54306913866829,97.06880948505606,97.20561742920957,4938300
2020-08-21,97.42451477050781,97.55220034103424,96.66751677499992,97.16914362945496,6466700
2020-08-24,96.97760009765625,97.92612630051907,96.38477035107441,97.88964372060043,6363200
2020-08-25,97.63428497314453,97.6707605993378,97.09617554918353,97.47011682190882,5096500
2020-08-26,97.5157241821289,97.6251719462254,96.46687239081635,97.43364357781319,6995300
2020-08-27,98.2818374633789,98.73785934308864,96.98673003666357,97.67988524215805,7775200
2020-08-28,98.5007095336914,98.55542992343005,97.77107186492046,98.55542992343005,5159600
2020-08-31,98.73784637451172,99.21210600544859,98.20885939352544,98.29093998108844,6721100
2020-09-01,97.8531723022461,98.765216029222,97.26034248804346,98.61017026563803,10999300
2020-09-02,99.81407165527344,100.07856518156002,97.53396224763902,97.94437915767654,8495800
2020-09-03,97.09615325927734,100.08765492096863,96.40299822892403,99.94173157466999,13337300
2020-09-04,96.40300750732422,97.6069048031029,95.22647736505417,97.43362124759167,14715500
2020-09-08,94.81607055664062,96.28446159946171,94.55157702537588,96.2479790132519,9660200
2020-09-09,96.49421691894531,97.28769040793232,95.5092081481264,95.52744595869392,8200800
2020-09-10,95.0167007446289,96.76782275379105,94.76132965475198,96.76782275379105,9186200
2020-09-11,95.39066314697266,95.84668507300276,94.66103224032992,95.46362832513965,8764300
2020-09-14,96.7586898803711,97.2785613462722,95.97433888578068,96.1658671824255,5846900
2020-09-15,96.88641357421875,97.66164939365522,96.64015785754934,97.26034790476687,5580500
2020-09-16,96.72223663330078,97.59779774545652,96.61278888490337,97.40626940451693,7193300
2020-09-17,96.40300750732422,96.73134376602209,95.51833104408111,95.82842253377322,7597300
2020-09-18,96.25708770751953,96.8772776681851,95.36328186837119,96.521581201162,8649300
2020-09-21,94.47885131835938,94.97331406364904,93.16028399758693,94.97331406364904,8783000
2020-09-22,94.27740478515625,94.57041897540812,93.4258312031728,94.3231910904494,7833300
2020-09-23,93.30680084228516,94.70777522158913,93.2152352135351,94.67114757288718,7681900
2020-09-24,92.83981323242188,93.30680705193862,92.27209511877386,92.9771651776927,8434600
2020-09-25,94.33233642578125,94.58872993778618,92.41858915244721,92.51931342851836,6769000
2020-09-28,95.18392944335938,95.92562717232246,95.00079816900397,95.23887441447425,6511100
2020-09-29,95.06488037109375,95.83404697575507,94.68945921989717,95.34873589902355,5402700
2020-09-30,96.58490753173828,97.36322589931831,95.3395953492062,95.35790568159194,7565500
2020-10-01,96.25526428222656,97.42732114641032,95.84320845634291,97.03358263866016,9113200
2020-10-02,95.376220703125,96.33767031544889,94.96416488126341,95.33959305322553,8628700
2020-10-05,97.33574676513672,97.43647104778775,96.03548974891693,96.06296572364758,6661200
2020-10-06,96.0446548461914,97.66539514949979,95.95308921564518,97.61045018236422,7747200
2020-10-07,97.85765838623047,98.15982418603933,96.70391219511693,96.72222252182951,7873100
2020-10-08,98.33383178710938,98.6543149910909,98.12323153278291,98.42539741881697,5942700
2020-10-09,99.22205352783203,99.51506780127147,98.6268663200925,98.88325293610059,5636300
2020-10-12,99.89962005615234,100.29335853197166,99.34106066054798,99.67070250011808,5065000
2020-10-13,99.13960266113281,99.82635526389657,98.88321614052907,99.30442356523646,6773600
2020-10-14,98.562744140625,99.51504202918291,98.25141961210139,99.10299321531119,5999900
2020-10-15,97.84851837158203,98.03164961762883,97.18007605009365,97.34489696593947,6197700
2020-10-16,98.81913757324219,99.55167661115905,98.13238484494887,98.16901249544573,7462100
2020-10-19,97.25334167480469,99.37769649027486,96.92369980809293,99.07552361478743,8308500
2020-10-20,97.38153839111328,98.18733275415529,97.21671745194654,97.60129731466554,7421100
2020-10-21,96.896240234375,97.64708967352584,96.66732263724352,97.3723857625638,5474300
2020-10-22,98.36128234863281,98.53526190648661,97.02440481535729,97.03356347261501,6127100
2020-10-23,98.7275619506836,99.4417835980816,98.16900256263965,98.85575522144686,5697900
2020-10-26,97.6287612915039,98.04996875403823,96.69477375570266,97.93092715448961,8135500
2020-10-27,96.9603271484375,97.75696282144591,96.9053891661645,97.27165868200778,6893100
2020-10-28,93.88367462158203,95.93477413488507,93.76463999769734,95.3579043615839,11431700
2020-10-29,93.11450958251953,94.23162840077606,92.53763285629977,93.819572598332,15974200
2020-10-30,93.08704376220703,93.54487890094853,91.85088329879713,92.99547114565088,10741700
2020-11-02,94.7627182006836,94.98248410448872,93.77379957760067,94.46055230846912,10287300
2020-11-03,96.14537811279297,97.1892416591368,95.85236390655628,95.92561920461789,9812900
2020-11-04,100.41239166259766,102.02396609121948,98.69092731537556,98.88321720790401,25531500
2020-11-05,100.61383819580078,101.86830887397619,100.43070695177931,101.79505358196394,12864800
2020-11-06,100.65047454833984,101.33722725183999,100.0003494940142,100.72372984668887,12311200
2020-11-09,101.59362030029297,104.76184578919558,101.46542701299751,104.31316229765127,20443000
2020-11-10,101.8866195678711,102.25288904323133,100.78781812779954,102.06059914051927,12526500
2020-11-11,101.75843811035156,102.7015843893268,101.26397530912502,102.7015843893268,9935400
2020-11-12,101.38301849365234,101.96904693694431,100.7054244159729,101.5661497624273,7856300
2020-11-13,102.66495513916016,103.05869364218604,101.7034985429777,101.88662980605537,6576100
2020-11-16,102.49098205566406,103.64472864712658,101.9782088976853,103.47990770548908,7586000
2020-11-17,101.82254028320312,102.1979684805692,101.33723611471359,101.96905089271488,8898100
2020-11-18,99.92709350585938,102.07892421744671,99.89962451567055,102.04229656852505,9849900
2020-11-19,99.85384368896484,100.00950595502842,99.1121460349974,99.92709199969443,10410900
2020-11-20,99.62493133544922,100.09191815805819,99.27697215074845,99.62493133544922,7674500
2020-11-23,99.36852264404297,100.17431685552121,98.74586665608655,100.11937189546022,7747700
2020-11-24,99.66155242919922,100.33915348337337,99.32275888812214,99.85384934052567,9615900
2020-11-25,99.2952880859375,99.85384751948403,98.8832322654798,99.78059221993468,11671800
2020-11-27,100.21096801757812,100.28421633816775,99.37770462352488,99.69818785738745,4443900
2020-11-30,100.48566436767578,100.57723000740074,99.7165046107735,100.24759510159298,12723400
2020-12-01,101.32806396484375,102.43602402784191,101.15408439770877,101.45625722925617,12682400
2020-12-02,102.08807373046875,102.26205331266367,101.33722440848325,101.40132104623775,8552400
2020-12-03,101.95988464355469,102.36278180371127,101.52036681975646,102.0514502746785,9795700
2020-12-04,103.04953002929688,103.06784036032045,101.86831457700417,101.99650785219784,7859600
2020-12-07,102.41773223876953,103.03122972650873,102.04231100970922,102.93966408425091,5803200
2020-12-08,103.19602966308594,103.27844361454345,102.13385585436721,102.17048350101396,7953200
2020-12-09,102.83892822265625,103.61725355938916,102.38109307681805,103.60809490038962,7386400
2020-12-10,102.66495513916016,103.23266624630686,102.45434789921195,102.82061741137717,5411000
2020-12-11,102.26205444335938,102.49097200730081,101.55699142026398,102.2437441120883,5222400
2020-12-14,101.4928970336914,103.5531552966894,101.4288003893941,103.04038214231096,8469300
2020-12-15,102.59170532226562,102.81146424690523,101.65771766702933,102.19796679819743,5007500
2020-12-16,102.28953552246094,102.86640533680783,101.85001765991393,102.50014278002213,5355400
2020-12-17,103.38834381103516,103.45244045686303,102.44519747098155,102.45435613067424,4263700
2020-12-18,103.47074127197266,103.71796917284898,102.36278107543465,103.4890516036632,7876700
2020-12-21,102.4354476928711,102.52739085891088,100.55977764344105,101.93894617847955,6129600
2020-12-22,102.12281799316406,102.49059761985495,101.54356981612463,102.25153981028393,13104100
2020-12-23,102.19639587402344,102.9503411036987,102.12283853092967,102.48142180999386,3920700
2020-12-24,102.4906234741211,102.68370624850793,102.10445792534743,102.24236918218467,1674700
2020-12-28,102.748046875,103.25374476621614,102.47221038618878,103.02388336381122,4390100
2020-12-29,103.23535919189453,103.70427844995294,102.88597236098043,103.22616277100333,5053300
2020-12-30,103.21697998046875,103.79622826709253,103.10664396714382,103.44684141378498,3563700
2020-12-31,104.30193328857422,104.46743381236047,102.88598592169504,103.22617637655617,5581200
2021-01-04,103.85139465332031,104.72487232468157,102.15961784048422,104.7064794813861,12911800
2021-01-05,104.60531616210938,104.9639063768953,103.22614784996259,103.66748479636718,11081900
2021-01-06,106.03966522216797,106.31549469975859,103.14341011117936,103.14341011117936,17833700
2021-01-07,107.41886138916016,107.57516550163251,106.01211034727847,106.17761088248898,12407100
2021-01-08,107.93375396728516,108.41186976503245,106.91316845400347,107.61194930427192,9350600
2021-01-11,108.43943786621094,108.61412779486584,107.82340386048698,107.9613221308674,6428200
2021-01-12,107.2625503540039,108.34748966336595,106.77523818774627,108.22796423474506,9225500
2021-01-13,107.55675506591797,107.92452771352819,106.81199932043599,107.20736122994921,5259600
2021-01-14,107.21656799316406,108.13601373051058,107.08784615112069,107.73145536133755,5792300
2021-01-15,107.5475845336914,107.79583183206672,106.49941680310177,106.9223610615138,10335200
2021-01-19,108.35667419433594,108.70606804934064,107.78662235059394,108.40264928519888,6194500
2021-01-20,108.95430755615234,109.12900447123586,107.88774725431497,108.54055982705438,6872000
2021-01-21,108.43943786621094,108.92674300871579,108.07165815013467,108.81640698944851,5796200
2021-01-22,108.11764526367188,108.72448295424907,107.97973398382784,108.11764526367188,4796400
2021-01-25,108.8255844116211,108.8899453245866,107.96130328195845,108.18197528196598,6962000
2021-01-26,108.42103576660156,109.40484238960184,108.36587126908451,109.13820229357937,5504000
2021-01-27,105.12942504882812,107.22576727841012,104.8627919509131,107.22576727841012,13096900
2021-01-28,106.6648941040039,108.00728393996258,105.81899875663763,106.02127792633796,12626100
2021-01-29,105.76383209228516,107.26253299261424,104.90874735642329,106.50858082471484,10462400
2021-02-01,106.16840362548828,106.97751337349656,106.00290310716676,106.62812650806869,10105300
2021-02-02,106.47180938720703,107.52916627594743,106.44422012518294,107.00508253450776,11515700
2021-02-03,105.71785736083984,106.52696695727961,105.3868563862024,106.47180246644443,11280300
2021-02-04,106.15921783447266,106.59135850974312,105.48802628698826,105.71788775129679,8451500
2021-02-05,106.35227966308594,107.05106034101826,106.09483599616715,106.88555983873991,5557000
2021-02-08,106.48101043701172,106.87637239149387,106.16840224802388,106.72926471868031,6956700
2021-02-09,106.6373291015625,106.73846168795396,106.37068897245618,106.47182857366253,4730300
2021-02-10,106.83041381835938,107.43724442178379,106.45343765888063,107.4096621691029,5406400
2021-02-11,107.03266906738281,107.29930212682767,106.52697116537333,107.20735896686598,4684000
2021-02-12,107.83260345458984,107.95213589934934,106.6832961923013,106.8212144667389,6345300
2021-02-16,106.76602935791016,108.07164047234201,106.41663552812314,107.97050089159455,9531900
2021-02-17,107.15221405029297,107.20737855338571,106.29712917828182,106.41665460658766,5022200
2021-02-18,106.48101043701172,106.91315106340087,106.0396804037566,106.62812512463968,7756600
2021-02-19,105.19380187988281,106.64652097524848,105.10185168406714,106.56377421679245,9390800
2021-02-22,104.94554138183594,105.26734600375524,104.00770976726903,104.6880976843005,7213300
2021-02-23,104.77082824707031,105.51558398820914,104.28352317849631,104.8719678290174,8731500
2021-02-24,105.4971923828125,106.06725121366324,104.55936090218827,104.89036189883534,9842000
2021-02-25,104.43983459472656,105.77303508008885,103.90656141539571,105.35009089622655,14494800
2021-02-26,103.53878021240234,104.80761274540055,103.27214011923621,104.80761274540055,14687000
2021-03-01,104.89036560058594,105.37767069206588,104.35708541885496,104.38466766708004,7361800
2021-03-02,104.58695220947266,105.35928325867792,104.48581261757946,105.11103599709459,8456100
2021-03-03,103.262939453125,104.31110694051587,103.023888633063,104.20077795119914,14946600
2021-03-04,101.87458801269531,103.7134794424204,101.07466771543181,103.03308456275596,23441700
2021-03-05,103.9157485961914,104.24674960513599,101.64472363872983,102.47221914627738,15645200
2021-03-08,103.65828704833984,105.30409538818685,103.52956523537418,103.99848441964208,12691800
2021-03-09,104.26513671875,105.92013465773152,104.21916163093933,104.42144079360467,11022300
2021-03-10,104.50420379638672,105.55237135493918,104.4674251258463,104.95473023458212,11641100
2021-03-11,105.13860321044922,105.71785842932584,104.7156590752074,104.86277373867233,6549400
2021-03-12,105.36848449707031,105.51559918830003,104.75245751087867,104.91795803110482,7452400
2021-03-15,106.0948486328125,106.1224308840085,105.05587742048031,105.17540284726785,7119100
2021-03-16,106.03048706054688,106.39826677548045,105.6443215165332,106.2051840034736,8618600
2021-03-17,105.64431762695312,106.16840142162317,105.00989781742095,105.5707602837117,7524900
2021-03-18,105.42362976074219,106.28790380464133,105.1110146271348,105.15698971039886,8553300
2021-03-19,105.80062866210938,106.42585209105548,105.00070828520613,105.53398853647496,12595800
2021-03-22,106.72139739990234,106.79521003360047,105.2082736048917,105.73417630146052,6156800
2021-03-23,105.64191436767578,106.76753239812102,105.37434884903223,106.59222915231588,9170500
2021-03-24,105.52198791503906,106.33390587700845,105.49430289432324,105.69728414460586,12647000
2021-03-25,105.96484375,106.16782498888847,104.58088843666305,105.67882857110847,11505300
2021-03-26,107.96696472167969,108.10536166166735,105.94639473883872,106.23240991942863,8286500
2021-03-29,108.47442626953125,108.8434824585189,107.49643335200109,107.53333967481599,8958900
2021-03-30,107.49642181396484,108.17917111485484,107.24730592149325,108.17917111485484,6865700
2021-03-31,107.7086181640625,108.36368944798987,107.54254325833723,107.72707484200984,8504100
2021-04-01,107.38568878173828,107.98540406596995,107.04431065645942,107.88391346221569,6676400
2021-04-05,108.13304901123047,108.46519888031631,107.75477151759246,107.93007479271036,7190900
2021-04-06,107.7178726196289,108.5851536752652,107.56102601484928,108.27145342654408,5206700
2021-04-07,107.47795867919922,108.02231805064153,107.2011718631636,107.65326192343387,5753200
2021-04-08,107.64404296875,108.11458974794039,107.49642472849386,107.79166824816689,4292400
2021-04-09,108.82501983642578,108.88960413803566,107.6440457274675,107.70863002907737,5919100
2021-04-12,108.93575286865234,109.15718378289115,108.54824700894395,108.66818728766458,8279500
2021-04-13,109.38782501220703,109.6922968685874,108.49286612238872,108.59435674118217,6519600
2021-04-14,109.37860107421875,109.82146281903796,109.18484114180475,109.2586537789948,6226600
2021-04-15,111.25154113769531,111.57446259275027,109.81222301934213,109.81222301934213,8438300
2021-04-16,112.08194732666016,112.21111594522066,111.43609719469585,111.82360305037737,7447400
2021-04-19,112.10961151123047,112.1372894919206,111.53757410004452,111.86972394664785,7094300
2021-04-20,112.54324340820312,112.82925857243194,111.59292156220215,111.59292156220215,8063900
2021-04-21,113.87185668945312,113.93644099779526,112.83850775597897,112.89386372336888,9635900
2021-04-22,113.36438751220703,114.03790844236991,112.93074708473107,113.77957126153153,10030800
2021-04-23,114.11170959472656,114.37004674957105,113.06913263720149,113.30901311575163,4974500
2021-04-26,113.72423553466797,114.05638540887449,113.51202593313988,114.04715706815723,6907100
2021-04-27,113.06915283203125,113.45665863350882,112.88462123192708,113.43820195391801,7034700
2021-04-28,112.727783203125,113.01379840603357,112.52480194719196,112.88462979574187,6788100
2021-04-29,112.27568817138672,112.8753965333791,111.66674443014023,112.8477185522608,8148900
2021-04-30,111.94351959228516,112.48787190097465,111.74053837916031,111.83280064717347,7153400
2021-05-03,113.2167739868164,113.33671425060042,112.39562770291114,112.55247428766586,13179100
2021-05-04,113.33672332763672,113.4197643162617,112.56171164266509,113.05070811615836,16186300
2021-05-05,113.53971862792969,113.89032522900025,113.30905935424111,113.49359099668942,16713700
2021-05-06,113.68731689453125,113.69654523424876,112.31258992137424,112.89384861868368,16115000
2021-05-07,114.4715576171875,115.07127299805254,113.90874855628532,113.95488321602907,7576700
2021-05-10,114.61918640136719,115.50491699007341,114.57305174021292,114.88674491074677,8846700
2021-05-11,113.38284301757812,114.49923277205421,113.12450582337348,114.01946470269712,11357800
2021-05-12,112.31259155273438,113.33671202310919,112.20187259199834,112.77390999705995,10946500
2021-05-13,113.3274917602539,113.8441661700987,112.3402705619228,112.51556678574248,11228000
2021-05-14,113.89950561523438,114.27779006698914,113.61349047113873,113.98254658429562,6590400
2021-05-17,113.68731689453125,114.29625357183247,113.6135042551127,113.77035083450657,5997700
2021-05-18,113.72423553466797,114.37930694236375,113.2721383486215,113.65042288725284,9202000
2021-05-19,113.53047943115234,113.60428503733644,112.18342329066348,112.9861199706817,10063000
2021-05-20,114.72065734863281,115.20966076985567,113.49355574353305,113.49355574353305,7522700
2021-05-21,114.73912048339844,115.93855121717418,114.64685820522199,115.09894829569905,8423300
2021-05-24,114.84984588623047,115.56027321113595,114.8037112249728,115.32961398316961,4958800
2021-05-25,114.50846862792969,115.0251430502534,114.37930002234876,115.01592174925553,6798500
2021-05-26,113.84416198730469,114.51768999467248,113.35516557607357,114.48078367544514,6848800
2021-05-27,113.59504699707031,114.17630565540011,113.53046270170033,114.08404338189446,8102900
2021-05-28,114.03791809082031,114.97901165968102,113.9641054502899,114.0286897509638,10059900
2021-06-01,112.16495513916016,114.21320995493811,112.07269286728442,114.17630363835578,13368300
2021-06-02,111.94351959228516,112.55245619249985,111.67595408763512,112.26644104991112,13245100
2021-06-03,112.28490447998047,112.58014799738369,111.27923366853724,111.52834252668717,13244400
2021-06-04,112.64473724365234,113.20754632328695,112.51556863906353,112.87539647172683,11228900
2021-06-07,113.05068969726562,114.04713916344869,112.72776821447307,112.92152110414861,13978500
2021-06-08,112.70011138916016,113.3920891418085,111.83283035330915,113.32750483312779,10799500
2021-06-09,113.788818359375,113.98257127694511,112.98612166730334,112.98612166730334,7965600
2021-06-10,115.73558044433594,115.8647490532921,114.01947516630543,114.06560278998334,9350900
2021-06-11,114.9144287109375,115.61562768674331,114.33316295887313,115.56027172527467,6958100
2021-06-14,115.01592254638672,115.03437218767141,114.20399754663823,114.84984761818008,5156000
2021-06-15,115.05281829833984,115.31116254252547,114.56382186894864,115.13585927947544,5409100
2021-06-16,114.6099624633789,115.75403030450536,114.28704094037884,115.17277156310526,11653200
2021-06-17,115.48645782470703,115.79092968778667,114.3885247123048,114.40697435287288,6527000
2021-06-18,114.16709899902344,114.78527113115163,114.01025240035936,114.62841749332597,11152600
2021-06-21,115.5388412475586,115.75187894034562,114.11243492763441,114.52924596135774,6655400
2021-06-22,115.78892517089844,115.94638381362167,115.2239198607695,115.61293782513148,7194000
2021-06-23,115.30730438232422,115.90009581692165,115.26099674730864,115.63148609395854,6506600
2021-06-24,115.90008544921875,116.7151788988505,115.77041277616473,115.98345049139958,7029200
2021-06-25,116.42801666259766,116.7799913316677,115.78891778097172,115.85375410422736,8344200
2021-06-28,116.60404205322266,116.75224344996367,116.1594519962627,116.54847006276054,4631400
2021-06-29,116.73368835449219,117.09492034410276,116.46507868359178,116.61328004683199,6165500
2021-06-30,116.65958404541016,116.90040771987223,116.21499410277369,116.61327642080995,8542700
2021-07-01,117.69695281982422,117.78031783687464,116.6966150149903,116.74292969853259,12021000
2021-07-02,118.82697296142578,118.9381310442659,117.6413974549942,117.84517078473213,12327900
2021-07-06,118.71583557128906,118.7250928565126,117.87296328500018,118.47501895613792,11413100
2021-07-07,119.46607971191406,119.46607971191406,118.28976148257458,118.72508706563607,18435700
2021-07-08,118.80845642089844,118.9010716662597,117.7340178152439,118.35459507887397,8386600
2021-07-09,119.21601867675781,119.57725068744065,118.94740192355783,119.23453324829795,5224200
2021-07-12,119.44756317138672,120.04035445197573,119.12337447734598,119.21600385657446,9097900
2021-07-13,119.33642578125,119.72544380159485,119.04929444241891,119.2993825030911,9698800
2021-07-14,119.22528076171875,119.70692817310392,119.0122501143462,119.60504149248901,7487000
2021-07-15,118.80845642089844,119.1048449926169,118.07672814290186,118.58615439216543,8750600
2021-07-16,119.13263702392578,119.56796968566172,118.72509035053389,119.11412245386948,6511000
2021-07-19,117.88221740722656,118.91960572145393,116.9189368392087,118.35460040626033,19460400
2021-07-20,119.3178939819336,119.9940432434885,118.26197697445755,118.26197697445755,15053700
2021-07-21,119.51238250732422,119.83657117444811,118.22491338919488,119.79951377252995,8295700
2021-07-22,120.39232635498047,120.39232635498047,119.29010165119361,119.61429037581102,9261100
2021-07-23,121.78168487548828,121.90210025566334,120.7535608343105,120.90176220479357,8303800
2021-07-26,120.99439239501953,121.79095710005939,120.59610297586926,121.43898237614901,6626500
2021-07-27,121.55940246582031,121.55940246582031,120.50349238644836,120.82766699916341,9551600
2021-07-28,121.9947509765625,122.34671162642508,121.07777073628085,121.38343081637474,7432600
2021-07-29,122.2911148071289,122.47635944838233,121.92988281004367,122.39300147980731,5662700
2021-07-30,122.40227508544922,122.8561365303058,121.9206417806249,122.08735774000361,6634400
2021-08-02,122.56900787353516,123.05065532221356,122.20777582034195,122.88392522590618,8366300
2021-08-03,124.27324676513672,124.31030416875635,122.54118767726807,122.62454563552456,7701700
2021-08-04,123.74530029296875,124.55112216506035,123.58782752569563,123.79160084812823,8322100
2021-08-05,123.2358627319336,123.6711953481672,122.3003541112682,123.65266664678799,8240900
2021-08-06,123.13397216796875,123.29143079155155,122.3466649167971,123.18028685331844,6923700
2021-08-09,123.60637664794922,123.8379359950354,123.21735864083576,123.3099880329746,9852500
2021-08-10,123.31924438476562,123.92129302932491,122.84686840826191,123.67121911231398,5832600
2021-08-11,122.09661102294922,123.70825492392163,121.99472435182086,123.51375300020564,14512500
2021-08-12,123.05989074707031,123.16177741747366,122.13365342822537,122.21701139493905,8220300
2021-08-13,123.82866668701172,123.85645267530353,123.21734667807262,123.36554803780201,7922900
2021-08-16,125.23655700683594,125.25507157769553,123.40259689700325,123.82867229219696,8404200
2021-08-17,126.71853637695312,126.71853637695312,124.83827558644087,124.90311898837768,13874500
2021-08-18,124.79194641113281,126.69073568664771,124.71784573177142,126.55180574613226,12427700
2021-08-19,125.35697937011719,126.00534279094119,123.93057984430442,123.96762312552468,11669200
2021-08-20,126.07012176513672,126.44988233654583,125.0419981042824,125.47733063575033,7252700
2021-08-23,126.11648559570312,126.87599290127713,126.07942818571755,126.7833776428349,8471300
2021-08-24,125.671875,126.13499366813076,125.3106430041884,126.11647909735284,6548100
2021-08-25,125.32917022705078,125.61630153657684,124.81047958619598,125.55147227309998,6918500
2021-08-26,124.83824920654297,125.68112845404394,124.59743262151045,125.4032544662322,5972100
2021-08-27,124.69933319091797,125.45884043352655,124.4955598526733,125.11613715250583,8679200
2021-08-30,125.40327453613281,125.85713592663788,124.57892385809,124.5881811436373,6417200
2021-08-31,125.23655700683594,126.01459298074425,124.79195290752246,125.43105893368292,9299100
2021-09-01,125.27361297607422,125.44960034989482,124.08803019095419,125.33845638043408,10571100
2021-09-02,126.61663818359375,126.63516688721379,125.59778561664935,125.73671556065001,6847800
2021-09-03,126.75558471679688,126.93155793818732,125.88491936216373,126.48696797551129,5632800
2021-09-07,126.01461029052734,126.48698631101733,125.19025950971414,126.28321293748938,8739100
2021-09-08,125.95901489257812,126.16278822823199,125.43105285022231,125.76449884190505,6986200
2021-09-09,124.50483703613281,126.07018059679477,124.43073634372291,125.78304924699513,8905600
2021-09-10,123.36553192138672,125.06054765204932,123.30068853500389,124.94938958014413,10561600
2021-09-13,122.60602569580078,124.0880110148106,121.98544840677751,124.01391033553418,11676700
2021-09-14,122.5875244140625,123.46744710930467,122.374479638077,123.18031577927142,10436300
2021-09-15,123.38412475585938,123.95838758171,122.24484225950627,122.43008696462599,10299900
2021-09-16,123.06916809082031,123.77311761316261,122.22630273457378,123.54155824571048,10525700
2021-09-17,123.18958282470703,123.29146951117073,122.38376075293365,122.9672807451693,13541400
2021-09-20,121.90406036376953,122.99158910306576,120.84442970515089,121.79252477330257,17245000
2021-09-21,122.08995819091797,123.34477599169443,122.07136420024491,122.46175290602376,11741800
2021-09-22,122.29447174072266,122.90793171371,121.70888148421555,122.45248523248165,11964100
2021-09-23,123.17747497558594,123.89318052497636,122.48034923416391,122.57329082318446,10366500
2021-09-24,122.67555236816406,123.42844599700223,122.41529319234498,122.97299953084949,6962600
2021-09-27,120.9281005859375,122.47106165581238,120.66784140870263,122.32235225672204,11631400
2021-09-28,118.85530090332031,120.15660378162882,118.44631817517273,120.15660378162882,17433400
2021-09-29,119.79410552978516,120.35179767633211,119.14344341755535,119.38512277914737,11171400
2021-09-30,118.32549285888672,120.94667858552374,118.22324717057094,120.1937849638627,21653100
2021-10-01,118.35337829589844,118.9110775448063,116.44789817963833,118.48350788425925,23188900
2021-10-04,116.55012512207031,118.47419183080919,115.96454206863834,117.87001478687041,27580700
2021-10-05,117.24726867675781,118.43702895508598,116.8661769117608,117.02419039745394,19151800
2021-10-06,117.0334701538086,117.13570873596692,115.72287038646145,116.59660356469288,21322100
2021-10-07,118.58575439453125,119.34793793647285,117.61907238035374,117.84215066315447,15806400
2021-10-08,117.9908676147461,118.97613647564532,117.74919535190143,118.75305820538198,9552300
2021-10-11,117.0706558227539,118.51138530424112,117.03348202085219,117.88862129519788,7843400
2021-10-12,116.503662109375,117.56329986611193,116.21551904350338,117.4424601869809,13007200
2021-10-13,116.6895751953125,117.21939056703016,115.97385533871874,116.69887219243905,10609000
2021-10-14,118.3626480102539,118.82739848698623,117.89789753352159,117.89789753352159,8857900
2021-10-15,118.9482650756836,119.48737745269835,118.72518678198239,118.97614897595486,8976100
2021-10-18,118.13957214355469,118.5485548405957,117.62835086378307,118.42772226716524,11660700
2021-10-19,119.69184112548828,119.99857814050107,118.78092707556442,118.78092707556442,9487000
2021-10-20,121.40210723876953,121.57871467050859,120.29599895203127,120.40753451605279,13665700
2021-10-21,121.89474487304688,121.9691066454365,120.77004256735846,121.65307975007401,8267500
2021-10-22,122.38739013671875,122.43386802149595,121.59732282774294,121.7832201837926,8009700
2021-10-25,122.53612518310547,122.66625476284639,121.49508854517815,122.44316940483604,10629700
2021-10-26,123.14029693603516,123.49351187878706,122.14573817316207,122.81498007360742,9271600
2021-10-27,122.16431427001953,123.46562422936525,122.12714046915147,123.3354946517367,11851400
2021-10-28,123.18675994873047,123.66080032802145,122.38738856324089,122.38738856324089,9282500
2021-10-29,124.38581848144531,124.54383193404794,122.55470055561138,123.02874091341928,15415100
2021-11-01,124.23710632324219,125.0085938506098,123.76305173891026,124.49736546704577,14356700
2021-11-02,125.01788330078125,125.6406472628403,123.63292171816484,124.72043617576583,20851500
2021-11-03,125.752197265625,125.79867515712162,124.31148191065797,124.77623245950183,14610000
2021-11-04,124.88776397705078,125.65925156492216,124.02332060921967,125.46405010023103,15818500
2021-11-05,123.49351501464844,124.27429252397401,122.6011877303756,123.76306408939381,14867300
2021-11-08,124.22779846191406,124.38582610726333,123.23323980325075,123.71658427694108,8948800
2021-11-09,123.7723617553711,124.37653175748818,123.53068240807603,124.2649961713891,7287000
2021-11-10,124.12557983398438,124.62751840762286,123.71661123350782,123.73519104507794,8445400
2021-11-11,123.76306915283203,124.19064591099074,123.46563616794641,124.10699421365369,8597300
2021-11-12,124.37651824951172,124.66466127101394,123.68869663252154,124.55312569702825,8317600
2021-11-15,123.60503387451172,124.72973627834078,123.48420839401109,124.66466440317504,6268900
2021-11-16,124.12557983398438,124.79482181012752,123.36339625080387,123.57717754835834,6150900
2021-11-17,124.30218505859375,124.78552962878571,123.72589888305927,124.26501125306915,8229000
2021-11-18,124.34864807128906,124.66467502114452,123.92108553514586,124.43229976100486,9029300
2021-11-19,123.59575653076172,125.13873168740403,123.48422094263933,124.72044486582396,10166100
2021-11-22,123.03803253173828,124.19990868447604,122.88001907693297,123.7723462027813,11146200
2021-11-23,123.16816711425781,123.29829668134661,122.08995677969028,122.46175149049853,12075200
2021-11-24,123.12171173095703,123.3447828992893,122.50823765192318,122.93580017993341,6760800
2021-11-26,122.66624450683594,124.29287120912687,122.23866781883052,123.56786158503623,11896900
2021-11-29,123.00088500976562,123.8281404399036,122.8707554201842,123.33550598055524,17137100
2021-11-30,120.58416748046875,122.85215231618263,120.40756001133457,122.29446019493099,19467000
2021-12-01,120.37039947509766,122.77780406066472,120.35180548075533,121.16048112943317,22241400
2021-12-02,120.95597076416016,121.4486051639775,119.75690652078598,120.33320679048651,17531100
2021-12-03,121.17906951904297,122.26658424453126,120.17520649942385,121.80183363450739,22111900
2021-12-06,121.86689758300781,122.39670586870285,121.30919121411206,121.49510279245206,15230900
2021-12-07,123.43777465820312,123.73520769703768,122.52686736150056,122.69417078652047,11974700
2021-12-08,124.36724090576172,124.4508925946989,123.16817663208806,123.79094062149849,15144700
2021-12-09,124.65538024902344,125.06436296018867,124.15345594726774,124.24639753785819,9095800
2021-12-10,125.0922622680664,125.35252144668132,124.27429674495583,124.3300645427931,8554300
2021-12-13,126.2727279663086,126.62592873383575,125.09225761807532,125.09225761807532,12201800
2021-12-14,125.761474609375,126.42141230587693,125.13871070832829,125.68711283540638,11070800
2021-12-15,128.33624267578125,128.4013003872165,125.91953378493756,126.03106939486275,14996300
2021-12-16,129.09835815429688,129.74900584043849,128.09449564579734,128.32687083249473,19227500
2021-12-17,128.19676208496094,129.23779855161263,127.69483784084193,128.4477312985495,21504200
2021-12-20,127.42046356201172,128.32554563148582,126.31944410949369,127.93365662783198,16185700
2021-12-21,127.95234680175781,128.00832892201666,126.59937912018151,127.78438620341252,10773400
2021-12-22,129.44522094726562,129.51986850018127,127.66306223257727,127.8869906537593,7246000
2021-12-23,129.97708129882812,130.39696133217004,129.3985663147726,129.7811296899005,7743800
2021-12-27,131.3487091064453,131.3487091064453,130.30365751444842,130.44362702713792,6968900
2021-12-28,131.00347900390625,131.70328394353731,130.65824645637667,131.47001563032694,6065900
2021-12-29,131.74989318847656,132.02049230776132,130.77950361817824,130.87280236745073,7103600
2021-12-30,132.0205078125,132.47770448402375,131.85254726398338,131.99251676067465,7931700
2021-12-31,131.46066284179688,132.36574484891878,131.41400634128817,131.86189166109375,7882800
2022-01-03,130.1077117919922,131.1434234742352,128.98802695005617,130.9008153628128,15122300
2022-01-04,128.390869140625,129.96775078007423,127.8403451701263,129.8184698989436,14304500
2022-01-05,127.47643280029297,129.44521746306023,127.42979053884544,128.67076513966637,15370700
2022-01-06,126.00218200683594,127.4577879659711,125.77825358048074,126.68333560384039,15182000
2022-01-07,125.35835266113281,125.93685331627002,125.09709338219582,125.70358508596465,9619400
2022-01-10,126.64601135253906,126.7206589110958,124.50928015942101,124.80785615608191,15589900
2022-01-11,127.65377044677734,127.67243590142432,125.96490985926803,126.83266129315369,12168300
2022-01-12,127.28984069824219,127.48579232932644,126.73933094255639,126.92594272985721,10831800
2022-01-13,125.3117446899414,127.22454776662096,125.087801976612,127.06591277953238,13804900
2022-01-14,125.09710693359375,125.22773658721296,123.80946160680118,124.97580288467432,14341800
2022-01-18,123.34295654296875,124.0614269398367,123.02571505151936,123.86547529066614,16471400
2022-01-19,122.83905029296875,124.5465755294523,122.71776048891806,123.57618590922893,14639600
2022-01-20,122.03663635253906,124.39732462367645,121.9620030263387,123.13767012114876,15127800
2022-01-21,120.80497741699219,122.7924277092619,120.60902579818517,122.40986431484613,25804800
2022-01-24,120.40375518798828,120.60903242370435,116.55949829651756,119.71329015654935,37938000
2022-01-25,119.62931060791016,120.65568249418055,117.81913936394282,118.80820170884114,19326800
2022-01-26,119.00414276123047,120.90761271921838,118.07106967116479,119.82524451772647,29557400
2022-01-27,119.31204223632812,121.15018999204005,118.92014618193967,119.58263424961325,18483600
2022-01-28,121.74737548828125,121.79403199132582,118.36965538382732,119.20942260714949,20906800
2022-01-31,122.44717407226562,122.67111673291141,121.28083274350331,121.5234408519275,19044400
2022-02-01,122.77375793457031,122.99770059994987,121.79402835018716,122.88572214847741,14674800
2022-02-02,124.42530059814453,124.72387657945497,122.43785038675324,122.68978410423396,13595200
2022-02-03,123.89344787597656,124.35998443650895,123.66017959571036,124.25734582368918,13805600
2022-02-04,123.44560241699219,124.31335376587383,122.5405201624735,122.76446288358919,12004100
2022-02-07,123.2309799194336,123.92144495052109,122.88573316632322,123.49223926701805,9229200
2022-02-08,124.23868560791016,124.45330268584259,122.29790596340423,122.57781652146127,11071600
2022-02-09,125.19974517822266,125.46101875199155,124.70521756058392,124.83584722868535,10811000
2022-02-10,123.24030303955078,124.8358501488583,122.75510101629581,123.75349611822753,14393300
2022-02-11,121.53279876708984,124.00543734640235,121.38350362030185,123.07236403533064,13072300
2022-02-14,120.29177856445312,121.5141020090426,119.38669654688158,121.28083374137087,14386900
2022-02-15,121.64476013183594,122.1206366212734,121.02894258164329,121.33684423795536,8969900
2022-02-16,121.83134460449219,122.17657704759162,120.68365459961572,121.01956143853212,8779200
2022-02-17,119.87189483642578,121.40213405569699,119.69460868044773,121.33681210873046,11906800
2022-02-18,118.97615051269531,120.40374406837097,118.5749288032451,119.7599356022462,13505600
2022-02-22,118.67758178710938,119.64797164404747,117.88446387742155,118.55627771590447,13682100
2022-02-23,118.08040618896484,119.69461870012091,117.96843485179781,119.2840642492914,12022800
2022-02-24,118.55625915527344,118.7988601409192,115.75704001235,115.97164994557173,23220000
2022-02-25,122.18592834472656,122.48451859213401,118.95749604185838,119.08812571570748,17012300
2022-02-28,121.26219177246094,121.40214704870397,119.85324221630513,120.22648001556367,17987700
2022-03-01,120.59037017822266,121.61674202533038,119.65729709672544,120.6276868369538,14064200
2022-03-02,122.40986633300781,123.07234028297597,120.96360013245514,121.12222085621606,12395600
2022-03-03,123.03502655029297,123.75349686477463,121.9899891747316,122.95105338352103,11172600
2022-03-04,123.65084075927734,123.76280496580375,121.43012241274083,121.79402032151607,12160400
2022-03-07,121.49546813964844,123.10968079581417,120.94494412881767,122.8764124948482,15704000
2022-03-08,119.01348876953125,121.58876566003823,118.93884120548607,120.69302336663017,21794600
2022-03-09,121.26219177246094,121.88734906895694,120.05851944650577,120.95427592715998,15576500
2022-03-10,121.21552276611328,121.47678207986576,119.66661809346304,119.79724775033928,10708800
2022-03-11,120.3104476928711,122.2512414477797,120.18914363395007,121.54209678032207,9869100
2022-03-14,121.15955352783203,122.90439575230636,120.80498117684381,121.28084335509146,14373200
2022-03-15,123.57621002197266,123.70683969321415,121.93399216914665,122.1392694007499,14374100
2022-03-16,125.0597915649414,125.0784570142226,122.93238594900379,124.20136598636712,13840400
2022-03-17,127.03790283203125,127.09389918021434,124.52794803479084,124.6958943666413,10973100
2022-03-18,127.82170867919922,127.98032942199501,126.5807195575486,126.96328300418023,11364200
2022-03-21,127.7243423461914,128.85687462847702,127.12531334778154,127.76177541022669,11473100
2022-03-22,127.75242614746094,128.03320984461084,127.28443427623979,127.85538493040872,8892100
2022-03-23,125.45925903320312,127.37802863012722,125.42182596623918,127.14403268616034,10013400
2022-03-24,126.95683288574219,126.95683288574219,125.65581606904388,125.9272450673572,7189200
2022-03-25,127.54652404785156,127.76179633576322,126.5730928397654,127.38740850617944,7040100
2022-03-28,128.47312927246094,128.510576621794,127.30314954043801,127.76178673690349,8467000
2022-03-29,129.23129272460938,130.05494877345527,128.46377913779833,129.5401548166893,12327700
2022-03-30,129.4840087890625,129.99880278843398,128.82882291803554,129.25001281498282,10752900
2022-03-31,128.22044372558594,129.9239270517333,127.99580244084922,129.2125844063724,15843000
2022-04-01,129.23129272460938,129.27808048996837,127.71498922631869,128.57609262582739,20785700
2022-04-04,128.15487670898438,129.16574074166945,127.85536937447219,128.94109952930273,16769500
2022-04-05,128.42633056640625,129.95197429522833,127.76177585116871,127.82730156592898,15025100
2022-04-06,130.3825225830078,130.6913988949052,128.01448514043796,128.09872023950723,23197800
2022-04-07,132.89097595214844,133.22793069149634,129.9145543228915,129.9145543228915,18160200
2022-04-08,133.68658447265625,134.23881155557171,132.7037985041914,132.90036141067685,19102700
2022-04-11,131.0283660888672,133.84567194422297,130.83180322361997,133.30279967284957,16570700
2022-04-12,129.7554168701172,131.46826864893885,129.1938209720856,130.70075520709415,14085400
2022-04-13,130.39190673828125,130.5229439048764,129.07216609344295,129.7460756022123,15496400
2022-04-14,129.7647705078125,131.17810065430882,129.67116643157752,130.51356027176178,10993400
2022-04-18,128.33273315429688,129.93327165860643,127.78986086283453,129.63375000180844,10125000
2022-04-19,129.558837890625,130.0174749596479,128.6228543650907,128.66965639776242,11733100
2022-04-20,131.2998046875,131.80524393111858,129.76479184588143,129.9145526796928,13674800
2022-04-21,129.84901428222656,131.81458575866273,129.55886162128112,131.66482493947225,11409700
2022-04-22,125.11296081542969,128.71650438815806,124.98192364634758,128.67905703586015,17525300
2022-04-25,125.95536041259766,126.22678945981536,123.34395733090504,124.74793318240144,16501900
2022-04-26,123.73704528808594,125.87108703334476,123.55920609565133,125.19717761042322,20087700
2022-04-27,123.46563720703125,124.71985218026816,122.8572391150123,123.71834257195022,16726700
2022-04-28,125.16912841796875,125.580963637083,123.18484703348902,124.33610328184457,15510700
2022-04-29,121.94931030273438,124.5981458943878,121.76211641864825,123.95231485460947,17430200
2022-05-02,121.1911849975586,122.52964933077627,119.22562033915885,121.84637083669514,23615100
2022-05-03,121.57492065429688,122.74490026421273,121.14436187377767,121.56556595892951,13585300
2022-05-04,124.27055358886719,124.71982174328528,120.35813449329399,121.37835324723436,19053500
2022-05-05,121.8557357788086,123.79321485906864,120.60152088801419,123.66217769558236,16119800
2022-05-06,121.47197723388672,121.80893197541955,120.05864682794646,120.67638528577379,21742300
2022-05-09,118.32706451416016,120.14287528276286,117.86843447399376,120.11479691268993,17289800
2022-05-10,118.74826049804688,120.01183712771804,117.65315408740854,119.56256178732933,21850200
2022-05-11,117.96202850341797,120.8261364358424,117.82162951553676,118.15858423005601,19987300
2022-05-12,119.10393524169922,119.17881565745681,117.26004606435781,117.531482215737,17497100
2022-05-13,120.36751556396484,120.7419033499329,119.36600609943352,119.89015471258023,9841500
2022-05-16,121.25670623779297,122.08036228425316,120.19903995531728,120.22711832724322,8839800
2022-05-17,122.92274475097656,122.97890148955781,121.61235896217494,122.5202643211805,9058700
2022-05-18,119.74974822998047,122.38921464706456,119.36599151297202,122.08970731128547,10005000
2022-05-19,120.01185607910156,120.74192237415427,118.36452242552727,118.79507416002012,9672800
2022-05-20,121.47197723388672,121.7340515570812,119.17881976494519,120.81679142590049,12833700
2022-05-23,122.53898620605469,123.01633275900596,122.03356128422264,122.28626660414963,9196500
2022-05-24,122.9040298461914,123.10994742366627,121.39709536484136,122.1833183250294,9031300
2022-05-25,122.86656951904297,123.67151597549972,121.71529942349856,122.81976748327695,8532400
2022-05-26,123.39073944091797,123.85873131578363,122.81978878230271,123.17546717743377,9090100
2022-05-27,125.44053649902344,125.46861486679953,123.09120832725523,123.60600220644612,13696000
2022-05-31,123.76512908935547,124.56072100138365,122.76363388871007,124.3360797565574,11740800
2022-06-01,121.98677825927734,124.23313381180445,121.0133470463967,124.21442441761927,9259900
2022-06-02,122.9508285522461,122.97890692277723,119.96503804195221,122.14588193906962,9575400
2022-06-03,121.50941467285156,122.64194698814028,121.3502848706252,122.09907471095246,5852600
2022-06-06,121.52812194824219,122.6325901569378,121.20053621766337,122.37987055530759,7729000
2022-06-07,123.10993194580078,123.23161439409553,121.08820377494322,121.5281172458792,7219100
2022-06-08,122.13652038574219,123.21289594761463,121.7901966986705,122.76362776236104,5372000
2022-06-09,119.37535858154297,122.13651470311002,119.34728021389465,121.72467960163144,7772900
2022-06-10,117.45658111572266,118.55168736560685,116.99795114670428,117.962013121595,11289000
2022-06-13,113.89986419677734,115.83735026299198,113.42251048742324,115.13536245434915,14886200
2022-06-14,112.8141098022461,114.05896978835243,112.00916328047724,113.76881713782713,9299500
2022-06-15,113.9560317993164,115.15408996438121,112.21510129664725,113.43188313734804,10301600
2022-06-16,112.2806167602539,112.35549717873778,111.14807720939693,111.86878159958238,9383300
2022-06-17,112.215087890625,113.99345839111923,112.17764768481587,112.31804667135287,13724900
2022-06-21,115.23604583740234,115.75301302885343,113.4125765562955,113.78854487247524,7987200
2022-06-22,116.83392333984375,118.12162970000205,114.44648757989219,114.50288138511519,10188900
2022-06-23,119.45635223388672,119.55035148379888,117.3790964570477,117.3790964570477,11943300
2022-06-24,121.43962097167969,121.45842369089681,119.52215953743536,120.33050435650176,10448100
2022-06-27,121.89078521728516,122.40775242608409,121.05424349478233,121.43962035427538,8963600
2022-06-28,119.76653289794922,122.74612554779402,119.54095047399973,122.13517344839481,7518700
2022-06-29,120.80987548828125,121.4114334693777,119.73834988625714,119.92633406617348,9157700
2022-06-30,120.53727722167969,121.22342579943928,119.26835915414968,120.18009730945951,10697600
2022-07-01,121.89078521728516,122.05058681640952,119.24017551204624,120.58427591265102,9366600
2022-07-05,121.18583679199219,121.21404804249693,118.59162083873987,120.71586919842869,9987000
2022-07-06,122.00359344482422,122.6333483160948,121.13885477044045,121.35503585346811,9033300
2022-07-07,122.52054595947266,122.68033320531866,121.75918648135266,121.8249888226094,6805500
2022-07-08,122.8871078491211,124.10901188311966,122.05056626746193,122.1727480654998,6505800
2022-07-11,122.57694244384766,123.26309106562557,122.06936944736512,122.20095979047694,7027300
2022-07-12,121.01663208007812,123.01869823333708,120.47146805526634,122.19155083813713,9280400
2022-07-13,119.84175109863281,120.80988331306726,119.53157072765752,119.99214418921619,9296500
2022-07-14,119.49394226074219,119.67253221789872,117.70807137371861,118.46941648178941,7784800
2022-07-15,122.3795394897461,122.43593329745202,120.73465316772727,121.27042302547468,9684800
2022-07-18,119.79472351074219,122.61452876093905,119.39055113803522,122.50174114045795,7047700
2022-07-19,121.83436584472656,122.041152684868,120.54665952933898,121.07302081614648,6585700
2022-07-20,120.63126373291016,121.82498529052818,120.14250065062969,121.6651980493149,7599500
2022-07-21,122.53935241699219,122.53935241699219,120.67828466115654,120.98846501084141,9507700
2022-07-22,122.03173828125,123.0562637834993,121.2891817485981,122.82128008065678,8657100
2022-07-25,122.67091369628906,122.89650326320167,122.01296205396496,122.1257496662862,5489000
2022-07-26,123.3006820678711,124.06204156202708,122.68972997722294,123.018713005893,7482400
2022-07-27,124.07141876220703,124.62597696452973,122.65212208958374,123.22548300755443,7680700
2022-07-28,124.86097717285156,125.77271538133347,122.11636835947829,124.23122236718487,11052600
2022-07-29,124.44740295410156,124.67299254394956,123.57327018519977,124.23122189441696,8309500
2022-08-01,123.52627563476562,124.42861968894782,123.24429222144167,123.75186523387922,7665400
2022-08-02,123.08451080322266,124.8233966492773,123.01872279761525,123.82706763826029,7935100
2022-08-03,124.21241760253906,124.70118786988101,123.41348137370946,123.7518585830583,6825700
2022-08-04,123.60147094726562,124.53201189936411,123.40407825720641,124.50381499253737,5493000
2022-08-05,123.5544662475586,123.61086005889604,122.53933461667017,122.83071220342795,8883400
2022-08-08,123.84583282470703,124.663586043218,123.21607808363684,123.78943901838285,7075100
2022-08-09,123.46989440917969,124.59781383520263,123.17851677787007,124.00565004107429,5802500
2022-08-10,124.81397247314453,124.90797171768436,124.09023279081786,124.78577556823679,6736300
2022-08-11,124.00563049316406,125.65992544334122,123.74244981332158,124.43800694848893,8471400
2022-08-12,125.59412384033203,125.65051765173378,124.09963046909988,124.30641733908726,7515500
2022-08-15,126.2238540649414,126.39304980847922,125.07714665771259,125.52831140336562,7486100
2022-08-16,125.88552856445312,126.30851092569108,125.3967725320963,125.9513309201211,7138400
2022-08-17,125.1523666381836,125.87612076088313,124.96438246589453,125.1523666381836,7251800
2022-08-18,124.59781646728516,125.3685702690848,123.93047046062833,125.11478373162956,7053600
2022-08-19,124.93617248535156,125.5377303791006,124.41920530894109,124.59779527372575,5946500
2022-08-22,123.3006820678711,124.56020602788398,122.88712266287932,124.16543499884294,6420400
2022-08-23,121.58061218261719,122.88712141147396,121.2422349694176,122.75553106980031,7501900
2022-08-24,121.73098754882812,122.20095509076329,121.28921691202737,121.7027906436937,6719500
2022-08-25,123.07511138916016,123.11270248472943,121.39261943142255,122.24796386391385,5636600
2022-08-26,119.64434051513672,123.12210471036293,119.55034843875455,123.11269618024822,9044500
2022-08-29,118.80779266357422,119.5503422192939,118.18743208368106,118.92058028091088,6727700
2022-08-30,118.01825714111328,119.23077436571685,117.72687953443436,119.23077436571685,7910500
2022-08-31,117.26630401611328,119.14617419899554,117.2475012984485,118.40362461622078,8954500
2022-09-01,119.19317626953125,119.2495772559414,116.91853488575738,117.07832214312432,11212400
2022-09-02,117.48248291015625,119.99211500820114,116.9749171095787,119.8793202176943,9730300
2022-09-06,117.59528350830078,119.07098136075146,117.26630765032819,117.94306208452088,9663400
2022-09-07,119.51274108886719,119.71012658560562,117.19110040592156,117.56707585400513,9038300
2022-09-08,121.59001159667969,121.62760269208579,118.82659996048457,119.07098510744083,9394800
2022-09-09,122.66151428222656,122.99049726050433,121.6651855031264,121.89076071815616,8880400
2022-09-12,123.4792709350586,124.11843426848108,122.80251650779789,123.13149953353658,7982400
2022-09-13,119.39994049072266,121.78738339416246,119.08036603664637,121.51479421571466,11928500
2022-09-14,119.46575927734375,120.49968653534881,118.67621717269357,119.79473515428133,8080100
2022-09-15,120.13311767578125,121.27983978681277,119.86053560257403,119.98273177019527,8624200
2022-09-16,119.79472351074219,120.05791135784779,118.87359114484714,119.75713241800554,10810100
2022-09-19,119.14926147460938,119.1775707755589,117.4506314204329,119.03601707109078,9430100
2022-09-20,117.75260925292969,118.52642801071748,117.02597746318719,118.34713337153039,9010600
2022-09-21,115.79916381835938,119.00768257490253,115.77085452340324,118.22442514909426,11642400
2022-09-22,116.41258239746094,117.20527161936786,115.12917462889885,115.61988597583355,9505600
2022-09-23,115.81806182861328,116.02566576133687,114.37422273472325,115.78974532896349,16611100
2022-09-26,114.71395111083984,115.68594216040805,114.20436210238536,115.1291733843332,10450600
2022-09-27,114.36479187011719,116.26158697535297,113.90238263575797,115.51608473979479,13239900
2022-09-28,116.86553192138672,117.45061713549102,115.22352786853868,115.96903723499234,16360000
2022-09-29,115.88411712646484,116.79948233944246,115.10085957748431,116.51638214564282,10791700
2022-09-30,114.28929901123047,116.69569038925998,114.15718414025133,115.89355513010315,12389800
2022-10-03,116.6390609741211,117.0825925414049,114.77057517117602,115.11973280520945,9326800
2022-10-04,119.34741973876953,119.39459950156083,117.33737321120583,117.61104175438604,13717900
2022-10-05,119.7437744140625,120.36660781313435,118.13951834932874,118.58304991538532,9913400
2022-10-06,118.21500396728516,119.66827465633457,117.9035944765546,119.30023936751843,9399300
2022-10-07,115.7142562866211,117.52612347969513,115.0536747560052,117.31851234720786,10068700
2022-10-10,114.98761749267578,116.14834918978636,114.54408592711093,115.98792502343488,8377800
2022-10-11,115.60101318359375,116.82780232583838,114.45915914182837,114.75169817740287,10792900
2022-10-12,115.03479766845703,116.65793130206144,115.00648837015088,115.96904051115918,9292800
2022-10-13,117.71485900878906,118.27163498291925,113.19462258038166,113.38336324945985,14063600
2022-10-14,116.92217254638672,119.28137696742067,116.56356886656842,118.40375263480722,11442300
2022-10-17,118.80008697509766,119.0360073967973,117.52611813786353,117.6676718308273,8420400
2022-10-18,119.46066284179688,120.6025240335436,118.87558479613358,120.56477590161049,10016700
2022-10-19,117.79033660888672,119.10205345228634,116.76172712437705,119.09261462039822,7676200
2022-10-20,116.7900390625,118.44148189404099,116.63904654775097,117.58272816577438,7196600
2022-10-21,119.4134750366211,119.73432333687002,116.08228001480136,116.7051061504632,8433100
2022-10-24,121.71605682373047,122.08409209620748,120.41377872109791,120.41377872109791,7411300
2022-10-25,122.64088439941406,122.78243089963746,121.28198039950733,121.34803063313143,7174200
2022-10-26,123.99977111816406,125.1510639580271,122.98060754135957,123.0183484740619,8277100
2022-10-27,123.3486328125,124.30174607978844,123.15988496600097,124.28286841525075,6496800
2022-10-28,125.37755584716797,125.47192978041339,123.15046637731703,123.5373793444065,6267100
2022-10-31,125.27371978759766,125.7644382020355,124.44327545538545,124.72638278677024,7852800
2022-11-01,125.34925079345703,126.04758048458461,124.00922441273194,125.4247470627228,8033300
2022-11-02,123.21652221679688,126.48165272211993,123.15045758835186,125.05669858822918,10228700
2022-11-03,122.69750213623047,123.37695413140335,121.45183534526672,122.32002080588975,7916600
2022-11-04,123.4430160522461,123.88654765774011,121.70664496659901,123.62231790120433,8082200
2022-11-07,124.76416778564453,125.09444775128591,123.1787749924683,123.6411842236948,6054400
2022-11-08,125.38697052001953,126.34952979104646,123.93370718092586,124.7924608992005,8930700
2022-11-09,124.03755187988281,126.02872127513398,123.88655931923743,125.18884495577835,8963500
2022-11-10,127.18942260742188,127.44422070674578,125.18882194465462,126.8968835745954,12416800
2022-11-11,125.63236236572266,127.0478850626118,123.99978248771264,127.02900739480967,10487200
2022-11-14,125.74555969238281,127.24600981933888,125.69837273756396,126.00978936004412,10552600
2022-11-15,125.58516693115234,127.07618579930978,124.53767963008023,126.54772633200143,8184100
2022-11-16,125.52855682373047,126.74590000760885,125.31149964255468,125.8965921490371,6122200
2022-11-17,125.47193908691406,125.98152092569065,124.43388334198191,124.53768891647513,6498700
2022-11-18,126.99126434326172,127.20830712132566,126.12306443212343,126.5382867202049,6720700
2022-11-21,127.04786682128906,127.59520391343342,126.58545762289829,126.72700411248759,7995200
2022-11-22,128.15196228027344,128.2463217992264,127.33094950869713,127.34982717226303,5931100
2022-11-23,128.6615447998047,128.85027823832053,127.84997805469207,128.17084073955118,5340600
2022-11-25,129.42593383789062,129.529739396411,128.79366885397184,128.81254651900446,3256000
2022-11-28,128.45391845703125,129.7939444307745,128.19913482501124,129.0295647358412,5026800
2022-11-29,128.1331024169922,128.38790051249444,127.44421879523897,128.180289382743,5439600
2022-11-30,131.19064331054688,131.2755712137307,127.64239065016339,128.32184267451595,9377400
2022-12-01,131.56809997558594,132.26642961255175,130.86033870548383,131.94558129263768,15140200
2022-12-02,131.90782165527344,132.08712347508998,130.2469471127823,130.2469471127823,7779800
2022-12-05,130.64328002929688,131.3604728451473,130.19974853545412,131.05850222774012,6921500
2022-12-06,129.6523895263672,130.81311363941117,129.01069307344392,130.39789151131458,8171500
2022-12-07,130.7187957763672,131.09626270427378,129.6146898928281,129.65243082584263,7427000
2022-12-08,131.89840698242188,132.04938512428754,130.69049545084894,130.94527916493297,6765000
2022-12-09,130.20919799804688,132.11543907946526,130.17145706549212,131.71909449015968,6203000
2022-12-12,131.59640502929688,131.59640502929688,130.29413412593775,130.29413412593775,5669700
2022-12-13,132.00218200683594,133.78573958988144,131.08680973622887,133.38939506025332,9886500
2022-12-14,132.20982360839844,133.32336120103045,131.09627161632514,131.94559386101315,10882200
2022-12-15,129.78453063964844,131.3604772000309,129.32212146706348,131.03019727627478,8746700
2022-12-16,127.89717102050781,128.88803961854723,127.18940979325667,128.80311172714244,10843900
2022-12-19,127.41957092285156,128.09233663820592,126.84155340721175,127.85544445079208,6801600
2022-12-20,127.39118957519531,127.88392954581421,126.6994681944512,127.46699683673336,4815500
2022-12-21,129.0684051513672,129.4663824743266,127.77022553494905,128.16820285790845,5937500
2022-12-22,128.88833618164062,128.92623257883358,127.22060553004872,128.34821492504412,5483300
2022-12-23,128.96412658691406,129.087300705766,128.01655773457452,128.76513076607134,3766900
2022-12-27,128.6325225830078,129.31477358324273,128.12084156221113,129.21054038990798,7050500
2022-12-28,127.79863739013672,129.68430506740086,127.75127050306895,129.05890600353356,5054200
2022-12-29,129.1915740966797,129.85486960816084,128.30085678465167,128.59461536572553,6297300
2022-12-30,128.72723388671875,128.88831885595653,127.41958424863735,128.7556597954811,6369500
2023-01-03,128.35768127441406,129.18206153742506,127.381672068331,128.8314656938462,7239200
2023-01-04,128.69883728027344,129.40951407864668,127.86497187671343,129.0778591225699,8469800
2023-01-05,127.38169860839844,128.15871215835998,126.87948817586468,127.8460126413332,6714200
2023-01-06,128.55670166015625,128.90729761016692,126.60471157292261,128.23453162724064,7175700
2023-01-09,126.40570831298828,128.72726410440436,126.23515282037758,128.68935324465315,7719500
2023-01-10,127.46697998046875,127.66596136428062,126.16880067909186,126.35832603725245,7675200
2023-01-11,128.1871337890625,128.20608921760657,126.96477613494781,127.55226429101396,7307200
2023-01-12,127.77967834472656,128.3103146418878,126.53835087823651,127.91233741901688,7580500
2023-01-13,128.34823608398438,128.73674289834642,127.02164508220845,127.07849691674778,6334100
2023-01-17,127.75122833251953,128.4998012979193,127.5806584356076,128.28186452957536,6664100
2023-01-18,125.95087432861328,128.08290465620314,125.82768572732839,127.75126416938721,10629100
2023-01-19,126.25408172607422,126.75629207159616,125.32545382109662,125.58130146501931,9902300
2023-01-20,126.88896179199219,126.98371001190914,125.57184152748204,126.53835144791066,5962200
2023-01-23,127.32483673095703,128.03551345208763,126.68049677733431,126.96477035753753,7211000
2023-01-24,126.48148345947266,127.42905229006843,125.66657368681018,126.68994975890396,5754800
2023-01-25,126.51940155029297,126.54782746013741,125.27808862457273,125.63815496885371,5999000
2023-01-26,126.75630950927734,126.92686498951984,125.77082964980222,126.81316133602485,6861100
2023-01-27,125.89402770996094,126.69946720610749,125.73294270248294,126.56680811413993,5854600
2023-01-30,124.7569351196289,126.44360674385025,124.56742421577076,125.65712275702151,7055400
2023-01-31,126.36780548095703,126.38676090986797,124.91802603252113,125.04121463230844,6290600
2023-02-01,126.96475982666016,127.74175879209687,125.42021792071083,126.3677868036238,11843000
2023-02-02,126.10248565673828,126.27304113843144,125.20229798848337,126.03614888579828,11274600
2023-02-03,125.73292541503906,126.59521662364715,125.31599276653604,126.18775445942661,10046800
2023-02-06,125.03172302246094,125.8182070046415,124.86116754762314,125.5528888490571,7328300
2023-02-07,125.83718872070312,126.20674011880831,124.15998724064511,124.59587542088208,7551000
2023-02-08,125.46762084960938,126.16881269003785,125.27810993216265,125.38234310557178,5614100
2023-02-09,124.36843872070312,126.26357683454242,124.1694428568972,125.78032182066569,8085700
2023-02-10,125.54341888427734,125.67607796261879,124.36842814842797,124.53898362397192,6198600
2023-02-13,126.58575439453125,126.5952393392703,125.5623780169637,125.5623780169637,6300300
2023-02-14,125.83718872070312,126.98373931998105,125.20231911158695,126.75633197269055,6905900
2023-02-15,125.21177673339844,125.51500577697499,124.78537354228092,125.34443582527402,6491900
2023-02-16,123.96097564697266,125.06962957150719,123.69564304176987,124.06519434994806,8008000
2023-02-17,125.06963348388672,125.29704078295337,123.25977328212112,123.37347693165444,10798800
2023-02-21,123.44929504394531,124.67166721897928,123.26925461050959,124.15997183355604,9066200
2023-02-22,123.03235626220703,123.87569209915067,122.77652304090505,123.58194802070763,7318900
2023-02-23,123.364013671875,123.9894126984446,122.46382598992197,123.00393281559144,9955500
2023-02-24,121.7720947265625,122.55857878161423,121.41202831562485,122.3216865165537,9008000
2023-02-27,121.40254211425781,122.77652880438596,121.12775345148594,122.43540336788101,6463900
2023-02-28,120.50235748291016,121.20356380327281,120.39812430635295,121.12775654225334,10282800
2023-03-01,120.30337524414062,120.5686934424437,119.78221656301062,119.92434614825963,11101000
2023-03-02,121.04246520996094,121.38359786663469,119.76324847229064,119.76324847229064,10203100
2023-03-03,122.39749145507812,122.44487279894291,120.99509332096896,121.60153692967206,10048000
2023-03-06,122.34062194824219,122.89968413229842,122.05634838488602,122.48275150054324,8153400
2023-03-07,120.36968231201172,122.72913419776715,120.16121598674394,122.58699018030929,9604400
2023-03-08,119.72534942626953,120.49288528175155,119.24208718087391,120.12332669688794,10793200
2023-03-09,118.51245880126953,120.38864866964353,118.0291965696708,120.18965281063734,13270300
2023-03-10,117.64069366455078,119.2989394267955,117.185857360266,118.31346679199329,20483200
2023-03-13,118.7398681640625,120.36021027408457,117.11952605404045,117.26166284882365,21294200
2023-03-14,119.8011474609375,120.17069878796566,118.60720851164318,119.54530701506326,14582900
2023-03-15,119.69691467285156,119.86747738043361,118.29450938502387,118.51245343391447,17244600
2023-03-16,120.8150405883789,120.87189241172563,118.46506642189068,118.79672133641948,16011400
2023-03-17,119.26103973388672,120.80557466367615,118.88201067270668,120.71081920572566,15071400
2023-03-20,120.7726058959961,120.95334857196261,119.45986278299627,119.45986278299627,10592100
2023-03-21,121.50508117675781,121.64776512014912,120.5062500275629,121.2387208814168,8816300
2023-03-22,119.66914367675781,122.01876946206465,119.65011431191517,121.57167373675348,10480000
2023-03-23,119.44081115722656,120.88673778031735,118.75589931024406,120.16377446877196,10092300
2023-03-24,121.09603881835938,121.21018597484486,118.87958960063604,119.3266853170737,8163700
2023-03-27,121.59068298339844,122.5038964446968,121.44799179247593,121.95216104383671,9455400
2023-03-28,120.85820770263672,121.90459037709287,120.56331065030435,121.46701665427587,8037400
2023-03-29,121.191162109375,121.60971377304169,120.66796345782167,121.45751514741089,8183100
2023-03-30,121.84751892089844,121.88557764580858,121.07699666569998,121.84751892089844,6820400
2023-03-31,123.15074920654297,123.21733019564512,122.18996245471192,122.2565579589632,9202500
2023-04-03,124.53008270263672,124.67276662144785,122.90341345244265,123.2458693727388,8937300
2023-04-04,124.54908752441406,125.2720580286028,124.32079327268983,124.66324916542443,9052600
2023-04-05,126.69898223876953,126.91776911514401,125.10084955942855,125.24354801239993,12325800
2023-04-06,127.01287841796875,127.57412115863428,126.58481216687045,127.19362104991329,8276300
2023-04-10,126.92728424072266,126.99387975918032,126.0045705282477,126.67045313706315,8024300
2023-04-11,127.3553695678711,127.82148015277957,127.14609009561119,127.22219304144686,8887500
2023-04-12,127.39337921142578,128.32561464340708,127.1650704358768,127.84998224737495,8988600
2023-04-13,129.04861450195312,129.19129844712882,127.65976120325065,127.93563618412645,9373500
2023-04-14,128.01173400878906,129.0295799790378,127.53610152368273,128.7537195243428,6632100
2023-04-17,127.9071044921875,128.19247239391078,127.24120734775936,128.04978844304912,7187000
2023-04-18,127.03192138671875,128.16392905623255,126.86070065443192,128.16392905623255,7194200
2023-04-19,127.42191314697266,127.61216319810497,126.67992778695272,127.06994982662046,7048100
2023-04-20,126.89874267578125,127.08900728412726,126.29945560797675,126.81313231111658,6672000
2023-04-21,127.75489044189453,128.182956782293,127.19364758414652,127.5931771361952,6535900
2023-04-24,128.46832275390625,128.50636696179072,127.5646240363636,127.88805060640625,6299800
2023-04-25,127.0985107421875,128.66809210599908,126.91776807899015,128.2780845074246,7752000
2023-04-26,125.29113006591797,126.06165245824704,124.53962252427746,125.97602756953576,10128800
2023-04-27,125.94745635986328,126.12819899808417,124.25420614150313,125.34816939357464,10008900
2023-04-28,127.02241516113281,127.383900508464,125.59551765133338,125.79528968937221,7917300
2023-05-01,127.67878723144531,128.19246393580767,126.95583106952564,127.2031547397517,6793900
2023-05-02,127.12704467773438,128.27808162981975,126.21382395817358,127.46950063317581,14365800
2023-05-03,126.955810546875,128.32561970879289,126.77506790682455,127.71681079844625,8961500
2023-05-04,125.94745635986328,126.49919169727208,125.41475038309594,126.42308876985543,9625300
2023-05-05,127.0794906616211,127.51707895791321,126.35653447117356,126.77509340280456,7650300
2023-05-08,126.8035888671875,126.92724340930532,126.21379487612364,126.88919920753389,5305700
2023-05-09,125.95700073242188,126.917773146279,125.91894200436015,126.31847155809733,6452700
2023-05-10,126.3089599609375,126.62287913889296,125.56697445491602,126.31846738506295,6556600
2023-05-11,125.9189453125,126.11871735219292,125.12939360872208,126.04261440922191,8764800
2023-05-12,125.74773406982422,126.3755725103661,125.1864911525913,126.10921944743681,6626800
2023-05-15,125.52892303466797,125.85234961817584,124.98669507247786,125.76673926050913,5725600
2023-05-16,124.48255157470703,125.31014756691177,124.45401478291745,125.26258140887796,7106000
2023-05-17,124.6347427368164,124.79645604288659,123.24588946828457,124.69181631364685,15512700
2023-05-18,124.330322265625,124.53009428569163,123.369549920916,124.36838099094759,12196900
2023-05-19,124.91059112548828,125.74770887850914,124.55862775894559,124.61570133026058,9277000
2023-05-22,125.03427124023438,125.90943327964247,124.73938141898455,125.09134481658573,12856100
2023-05-23,123.66445922851562,124.71085661266429,123.38859874459628,124.53011392675197,8723100
2023-05-24,122.81780242919922,123.45514812165096,122.53242007798889,123.42661133804486,7952900
2023-05-25,121.56214904785156,122.38975216855233,120.7250385030883,122.22803886858254,13737000
2023-05-26,121.31482696533203,122.58951860981881,121.08652539241633,121.4480034876642,8794900
2023-05-30,120.56331634521484,121.63825037120876,120.25891185501646,120.70600753758998,12114500
2023-05-31,121.60020446777344,121.8094839251579,119.90695395995482,120.23038057040294,15099100
2023-06-01,122.39926147460938,122.63707771618944,120.77259925311081,121.71434953764667,9751900
2023-06-02,123.96884155273438,124.18762840281612,122.50388556312711,122.78926791962265,10293000
2023-06-05,124.41593170166016,124.9771890323727,124.092505114572,124.24471098443136,7880200
2023-06-06,123.37906646728516,124.95816983646304,122.83685297012882,124.92012562347824,9413500
2023-06-07,122.89391326904297,123.44564864619686,122.713170617802,123.2744134183869,7519600
2023-06-08,123.68346405029297,123.85468476182021,122.50389037088794,122.91294181812,6583100
2023-06-09,124.06398010253906,124.4920464513869,123.03661215621302,123.71201669584337,10446100
2023-06-12,124.51107025146484,124.53960703910262,123.51223913868841,123.99739355883344,7321100
2023-06-13,125.1388931274414,125.32914319320572,124.11152535413456,124.23519442869868,8362700
2023-06-14,123.85469818115234,124.60620564801293,123.37906568850956,124.50156591902545,12401600
2023-06-15,125.77625274658203,125.94747347016838,123.84518606088518,123.86421542411185,10598600
2023-06-16,125.76675415039062,126.75606338035077,125.63357762875845,126.09968819689496,10535000
2023-06-20,125.62538146972656,126.17938807642071,124.54602251402055,124.56513021077612,8585100
2023-06-21,125.64447021484375,126.07431321490886,124.73705141174281,125.31971225582265,9444800
2023-06-22,126.504150390625,126.68563707877934,125.6731477395001,125.83552673024275,8036400
2023-06-23,126.0838623046875,126.59965351024981,125.73999664267863,126.33220405923203,8096500
2023-06-26,125.36747741699219,125.9692459725624,124.1543937450133,125.76865159573832,7092800
2023-06-27,125.08091735839844,125.50119922394734,124.21169937054975,125.36747450080921,8578200
2023-06-28,124.67972564697266,125.08089975994321,124.27855153400209,125.05224550722386,10897800
2023-06-29,125.49165344238281,125.56806965249352,124.18304588472691,124.3931868188059,7843300
2023-06-30,126.78114318847656,127.07724690375754,125.92148630057036,125.99790251336906,8260900
2023-07-03,125.74000549316406,126.41819030413166,125.20510655347846,126.41819030413166,5240300
2023-07-05,125.67313385009766,125.94058328469204,125.18598235680706,125.47253948670134,7942100
2023-07-06,124.6701889038086,125.13821811834212,124.35497752417741,124.83256787363663,8213100
2023-07-07,123.21830749511719,124.42182990275649,123.15143785168698,123.98245495270267,8749700
2023-07-10,124.19259643554688,124.34541426784206,123.2183080582998,123.22785461816181,7476500
2023-07-11,124.22125244140625,124.62242658477571,123.67679244868293,124.02065808227114,7278300
2023-07-12,123.88694763183594,124.65109519166957,123.68636782450736,124.53647815891038,11900400
2023-07-13,123.93470001220703,124.5173608418886,123.81052185304334,124.2021494512509,7526200
2023-07-14,125.79728698730469,126.19846110588664,124.7370358971596,124.87076060335359,13298600
2023-07-17,125.22419738769531,125.73044199993053,124.7561535910491,125.46299256610442,7905000
2023-07-18,126.15074157714844,126.6283320010948,125.0427282956161,125.27196237117239,8130300
2023-07-19,126.7333755493164,127.52617732477863,126.51368805668764,126.77159094145286,12484000
2023-07-20,128.8347930908203,129.3601308795546,127.48798464265197,127.58350855418688,12650200
2023-07-21,130.13380432128906,130.53497840620622,128.73923429523535,128.95892174235456,11308900
2023-07-24,129.84725952148438,130.7164774084735,129.73264250778033,130.13381663064453,12034000
2023-07-25,129.7899627685547,130.3153005122068,128.8061277787643,128.97805331489016,7802900
2023-07-26,129.70401000976562,130.12429194426886,128.83480645421113,129.1691110294539,8205300
2023-07-27,128.74879455566406,130.36305220063102,128.720140301899,129.89502300586796,8800800
2023-07-28,129.13088989257812,129.35057738745397,128.39539662289596,129.14043645325904,6897600
2023-07-31,128.13746643066406,128.94937573748922,127.65987615015484,128.90161379445854,9735900
2023-08-01,127.46887969970703,128.30944349968888,127.15366827471384,127.84139964289847,10555300
2023-08-02,127.55482482910156,128.3667342576522,127.21095919258492,127.49751631883227,13873000
2023-08-03,126.91487121582031,127.29695228974451,126.6665294489466,127.13457329891523,11863400
2023-08-04,126.46591186523438,127.73630387505779,126.15071507755565,126.95306332326517,12631200
2023-08-07,127.92733764648438,128.05151579513483,126.7811237797805,126.84799342133077,8165600
2023-08-08,128.9112091064453,129.07358809588243,128.03242993140532,128.7392689809279,12601200
2023-08-09,128.8730010986328,129.57027905204146,128.71062209988852,128.79658488012313,9833600
2023-08-10,128.7870330810547,130.4108375773662,128.65330834782674,129.1882072807385,9541700
2023-08-11,129.58938598632812,129.74221842244637,128.4431718652479,128.7488221625811,7674400
2023-08-14,129.9810028076172,130.3917235486954,129.49386585484723,129.60848288493378,8723300
2023-08-15,129.5033721923828,130.03827093318503,129.36008637437664,129.65620456829703,9118500
2023-08-16,128.51956176757812,129.71353760232913,128.49090751353611,129.29325577651272,9462400
2023-08-17,127.49751281738281,128.51000200407012,127.44020430868737,128.06108049432237,11163800
2023-08-18,127.54527282714844,127.87959188932301,127.13455213780848,127.24916915345679,9463000
2023-08-21,127.67900085449219,127.83183326259446,127.09634005164038,127.49751419173333,6872400
2023-08-22,127.23009490966797,127.79364815130468,127.16323982459615,127.48799783758298,6939400
2023-08-23,127.61217498779297,128.28079870762116,127.23965501710983,127.99424152057938,7276800
2023-08-24,126.504150390625,128.36675007844082,126.504150390625,127.3638073004161,10241700
2023-08-25,127.43065643310547,127.87959251311825,126.48502232469335,126.91485071037145,8509100
2023-08-28,127.72677612304688,128.29032928992723,127.25873229001452,127.87960854708628,6768400
2023-08-29,128.8730010986328,128.8730010986328,127.72678697079445,127.89871253126367,10737000
2023-08-30,128.77743530273438,129.57978338299452,128.6628037377708,129.18815590040433,7892700
2023-08-31,127.23960876464844,128.86341280108283,127.210939938952,128.7965431659556,7540200
2023-09-01,127.58349609375,128.2234654288041,127.24917701093165,128.2234654288041,10183900
2023-09-05,126.26536560058594,127.74589891171115,126.26536560058594,127.65037499167576,11042600
2023-09-06,125.57763671875,126.23671388553655,124.96632151294442,126.11253570196685,12840000
2023-09-07,126.14116668701172,126.68562670689921,125.86417068428224,125.95968001371588,11055700
2023-09-08,126.14116668701172,126.5232477294507,125.84506298843493,125.87371724475517,8716900
2023-09-11,127.01039123535156,127.25873299461398,126.06475700313696,126.08386469997322,7179000
2023-09-12,126.8479995727539,127.1823040720169,125.94058082489607,126.62831209324956,6941700
2023-09-13,126.86710357666016,127.37334816573345,126.50413025811692,126.54233107195815,6430300
2023-09-14,127.26828002929688,127.65989303418534,126.88619900941704,127.58349140511,6433300
2023-09-15,126.26536560058594,127.56441220858623,126.17940281749642,126.96264357715184,9611900
2023-09-18,126.07353210449219,126.59145364276134,125.59398271296907,126.4667661178658,6559400
2023-09-19,126.17901611328125,126.447562564636,125.33500461777548,125.86251180246659,6252400
2023-09-20,126.18862915039062,127.09016967931304,126.16944307774129,126.73530782607033,6350700
2023-09-21,125.08566284179688,126.15984880698525,125.0281192557598,125.9488605364114,7979500
2023-09-22,124.82667541503906,125.56518542575118,124.68281648066537,124.92259112774356,7790300
2023-09-25,125.50767517089844,125.5460326853533,124.35675948632266,124.70203565516408,6826300
2023-09-26,124.44305419921875,125.33500895033337,124.3471384769833,124.93218925937666,8200700
2023-09-27,123.81964111328125,124.79791119570925,122.90848569138663,124.67323832325309,9888600
2023-09-28,124.41427612304688,124.76913793495532,124.03064252285849,124.03064252285849,9129000
2023-09-29,123.47438049316406,124.79792683962073,123.28254903207589,124.68283967071645,12692700
2023-10-02,123.30171966552734,123.3400918068144,121.86307169562522,123.08113107452051,16035100
2023-10-03,122.20834350585938,122.9564392531853,121.69042937678566,122.69748584731929,11971100
2023-10-04,122.72626495361328,122.89890300693298,121.73839449413916,122.31385223275745,10064300
2023-10-05,123.39763641357422,123.61822500642141,122.30425721537188,123.00440245286272,9609700
2023-10-06,124.69242095947266,125.08565495217141,122.98522638618341,123.05237032211575,10692400
2023-10-09,125.12403869628906,125.23912587177315,123.8484355074895,124.34715635771163,8047600
2023-10-10,125.7186508178711,126.28451550013358,124.65405074775308,125.08564220651795,8154900
2023-10-11,125.16236877441406,126.07350952821066,124.60608982369911,125.87210701526075,9591800
2023-10-12,124.08820343017578,125.49807979153809,123.99228769939076,125.2583050992613,10927700
2023-10-13,124.86506652832031,125.58439057886243,124.1649285501712,124.54856218991955,11383800
2023-10-16,125.80496215820312,126.52428611136142,125.25828356383812,125.36378499568868,10545000
2023-10-17,125.63235473632812,126.3229070302181,125.10484747923357,125.20074857663239,9149900
2023-10-18,124.5389633178711,126.15982771410262,124.31836009536381,125.80496590307989,10085700
2023-10-19,123.31132507324219,124.51019843064081,122.54403588022788,124.37591056531501,15492500
2023-10-20,122.82217407226562,123.7045430977739,122.80298800103942,123.0619487411978,12296800
2023-10-23,122.05490112304688,123.14826572498936,121.93980664620659,122.73586031366513,12344200
2023-10-24,122.42893981933594,122.81258072927783,121.66165799945217,121.66165799945217,9375900
2023-10-25,121.33557891845703,122.24671975901768,120.43402379643616,121.87267185037973,11427000
2023-10-26,120.13671112060547,121.23967614333085,120.04080270935603,120.3381209794321,14699100
2023-10-27,118.1034164428711,119.95447727531256,117.57590921704222,119.80102528428942,13566100
2023-10-30,118.76518249511719,119.12963733225271,117.86362746121044,118.71722463773598,15224500
2023-10-31,119.4461441040039,119.59959607958795,118.496638510386,119.18718337652695,13917400
2023-11-01,119.6955337524414,120.28058460869069,119.0912968223861,119.30229973019314,13802600
2023-11-02,121.59452056884766,121.70002200130361,119.83936835690785,120.1558726542757,11894000
2023-11-03,122.19876861572266,122.95645014782693,121.99735144989586,122.42895025437026,11635600
2023-11-06,123.01397705078125,123.20580847210809,122.21793080060102,122.7166588362805,8425100
2023-11-07,123.10032653808594,123.39764479966921,122.63995593295914,122.96605330270366,8241900
2023-11-08,122.92767333984375,123.61822554494105,122.17957755676903,123.61822554494105,10021100
2023-11-09,120.38606262207031,122.9564473670884,120.27097546402047,122.81258841952608,13905500
2023-11-10,121.10538482666016,121.27802287850749,119.50369181734109,120.84643140756017,10401300
2023-11-13,121.80552673339844,122.04530139232246,120.52992379176064,121.23006901544919,11373800
2023-11-14,122.6303482055664,123.4455878735892,122.19875676030628,122.50566802117477,11216900
2023-11-15,122.72626495361328,123.21540732424279,122.41935367186072,122.71667191805604,9262700
2023-11-16,123.25377655029297,123.51273731356461,122.6207751728321,123.0907315170288,7665900
2023-11-17,123.00440216064453,123.71414043185106,122.63035427162525,123.51272327560191,6766100
2023-11-20,123.75250244140625,124.02104890305348,122.43854192301195,122.52485729253758,6910000
2023-11-21,124.5005874633789,124.74996246665565,124.02103816130307,124.17449745029133,8373000
2023-11-22,125.0952377319336,125.39257062519573,124.74997624559997,124.91302127015248,6737700
2023-11-24,125.76663208007812,125.79540387370425,125.33502590631322,125.34462626064625,3708800
2023-11-27,124.98014068603516,125.92005324987717,124.74996638001558,125.4980621439467,10530200
2023-11-28,124.3375473022461,125.03768521284974,124.25123193683274,124.75955304606764,6261300
2023-11-29,124.37591552734375,125.04729634201964,124.14574119973842,124.20328478163975,6979000
2023-11-30,125.93926239013672,126.01599205109335,124.04025084419087,124.47184238172132,7743100
2023-12-01,126.4379653930664,126.57223860658046,125.67068361526493,125.76659932549612,9370900
2023-12-04,126.67774963378906,126.91752429285484,126.06392709196804,126.10228459815771,6943900
2023-12-05,126.51470947265625,126.71611199857082,125.7282415361173,126.4187937514788,6581000
2023-12-06,126.61060333251953,127.0326090661183,126.36124296024913,126.79283441154477,6210400
2023-12-07,126.45716857910156,126.93671792580322,125.88170350918571,126.62979931926552,6396700
2023-12-08,126.66818237304688,126.965500652062,125.91048614457034,126.54349484906534,6007600
2023-12-11,127.50257110595703,127.74234575761268,126.72570357614207,127.34911181657341,9016800
2023-12-12,128.04925537109375,128.23148645596967,127.08057100400231,127.68480783602587,6779000
2023-12-13,130.4086456298828,130.44700313692147,127.32993250007436,127.50257786845854,9074300
2023-12-14,129.77565002441406,130.92656560194195,129.28651492850327,130.849835945482,10098700
2023-12-15,128.6726837158203,129.42077952297285,128.19313437099512,129.1714044974656,8296600
2023-12-18,128.88270568847656,129.2873289572148,128.54551228108988,129.15245453430205,5944300
2023-12-19,129.74972534179688,129.81716988874723,128.84414852710998,129.0464527675483,6358200
2023-12-20,127.87113952636719,129.74975280046473,127.86151088913932,129.67269430222288,7299000
2023-12-21,129.43185424804688,129.52818472704078,128.3432154639215,128.64186493916037,5606800
2023-12-22,130.0773162841797,130.48193954689586,129.55707587482362,129.7497515189443,5355100
2023-12-26,130.3663330078125,130.71314033621658,129.80756336725779,129.97133839462933,3688600
2023-12-27,130.9154510498047,131.0021528764343,130.19290642747515,130.2218070363517,5444100
2023-12-28,131.2526397705078,131.69579222438753,131.0021482355078,131.02142020747874,5800200
2023-12-29,131.38751220703125,131.61871706639175,130.84801460158047,131.25263780566854,5590000
2024-01-02,133.6996612548828,133.9597814457095,130.99252964358698,131.05995950034438,11785900
2024-01-03,133.47808837890625,134.42220929879207,133.3143133509818,134.142831827676,9585000
2024-01-04,134.142822265625,134.87499552066234,133.6611258530512,133.89233072295357,11649200
2024-01-05,134.0272216796875,134.58599135129302,133.45882337071646,133.83454603090863,9437700
2024-01-08,135.21218872070312,135.24108932940484,133.51660794242764,134.06574890817583,7999400
2024-01-09,135.1929168701172,136.3778859285797,134.74974970261147,135.0676710988249,9201300
2024-01-10,135.8094940185547,135.9732690423798,134.75939931862456,135.26999636355237,9773300
2024-01-11,135.71315002441406,135.8672964129494,134.8750029245923,135.6360768301464,7182300
2024-01-12,135.3759765625,135.9925474402312,134.92318071633076,135.3374326137741,8026400
2024-01-16,134.56671142578125,135.22182623317505,134.35477851479288,135.03877923257667,7426900
2024-01-17,134.29696655273438,134.96171001652283,133.92124390366385,134.34513913855557,8337200
2024-01-18,134.27772521972656,134.4029563174777,132.48581359599473,133.14091380026542,8929300
2024-01-19,134.35476684570312,134.7015888429753,133.61295027094172,134.35476684570312,8842000
2024-01-22,134.94247436523438,135.2989250970514,134.13321301430813,134.47040646887837,7831400
2024-01-23,134.84609985351562,134.9328016829063,133.88270699306338,134.76902666065445,6407400
2024-01-24,133.61294555664062,135.53008775985117,133.59367358519228,135.20253774626437,9104900
2024-01-25,133.41064453125,133.43954514220192,132.18714613372745,133.1408956955593,10050200
2024-01-26,134.17172241210938,134.45109986234817,133.83452904438627,134.33549742779527,5759100
2024-01-29,135.11582946777344,135.12545810293395,134.2102379556712,134.2969397727347,6229600
2024-01-30,135.42413330078125,135.66498150140137,134.69194536276325,135.33741677640026,5940300
2024-01-31,135.24110412597656,136.56094773511666,135.21220351411287,136.45497392487997,10223100
2024-02-01,136.99447631835938,136.99447631835938,134.74976895185824,135.40488381042394,8503600
2024-02-02,136.7921600341797,137.4279881614773,136.09851598602893,136.94629172249532,10629200
2024-02-05,137.21603393554688,138.06382433134024,136.58983447515004,137.28347848985226,9631700
2024-02-06,138.70928955078125,138.81526334550819,137.59176508845115,138.28539437187345,10159000
2024-02-07,139.0850372314453,139.72088011446863,138.79603110298925,139.0561366185997,7884600
2024-02-08,138.8441925048828,138.9501663214021,138.21799294376646,138.9501663214021,6672400
2024-02-09,138.73817443847656,139.0079232126341,138.2853787032395,138.78634701247734,7447800
2024-02-12,138.92124938964844,138.95979333669723,137.90005529598506,138.55517009393674,6645500
2024-02-13,137.63031005859375,139.18137321308427,136.94629463261214,138.21798031464814,11170000
2024-02-14,138.82492065429688,138.87307853839567,137.83262715843682,138.10237599030893,9701100
2024-02-15,139.83645629882812,140.10620510152387,138.71893184489167,138.92123609680988,9294800
2024-02-16,140.28924560546875,141.23338107152478,139.51854317632188,140.01949681522603,8424100
2024-02-20,139.81719970703125,140.8383937079447,139.46073438014477,140.3952265583861,9120400
2024-02-21,140.12548828125,140.16403222769364,138.95979115497713,139.36441439138486,7213500
2024-02-22,141.7729034423828,142.03300894260892,140.009892662027,140.30854211057414,9130000
2024-02-23,142.44728088378906,142.842275517759,141.94631243827138,142.25460523557754,9194600
2024-02-26,141.7151336669922,142.6881554249822,141.58988785747013,142.36060529261474,7248300
2024-02-27,141.36827087402344,141.80179471271887,140.69388412471037,141.02144886302546,7374000
2024-02-28,140.66497802734375,140.9250982004955,140.00024934072326,140.77095182379762,8038800
2024-02-29,139.51856994628906,140.88658613077982,139.4222247740563,140.65536653754683,9435600
2024-03-01,140.98291015625,141.07925532407728,139.2198994265131,139.83647028006519,8741400
2024-03-04,140.77096557617188,141.31046324711224,140.43378688193866,140.57828993658018,10657800
2024-03-05,139.72088623046875,141.05037328040217,139.25846170448736,140.81915366730618,9743400
2024-03-06,140.6746368408203,141.19486254415253,139.98099276957123,139.98099276957123,8085300
2024-03-07,141.32972717285156,141.6669205480917,140.8287587782745,141.02144910710211,6438300
2024-03-08,141.0696258544922,141.8596151477486,140.81914897381122,141.19487164493776,7802500
2024-03-11,140.99252319335938,141.2429999955898,139.971314614561,140.75167502575897,7723800
2024-03-12,141.64764404296875,141.99446604347,140.6168213777228,141.08887444770522,7143700
2024-03-13,141.09854125976562,142.29313913786405,140.5494002091867,142.18716532285111,7874200
2024-03-14,140.59756469726562,141.29120877371108,139.8172187863168,141.18523496480387,9605700
2024-03-15,140.03878784179688,140.32780864215874,139.5474627713277,139.71123779481744,10570500
2024-03-18,140.02235412597656,140.74750783598415,139.9256610633262,140.61213164695766,6407000
2024-03-19,140.95054626464844,141.0375611713141,139.73229331145797,140.13837762918814,5240200
2024-03-20,140.6314697265625,140.6798162566901,139.84830609968046,140.61212816385353,8268200
2024-03-21,140.815185546875,141.32762633758549,140.5251211032129,140.92154201777475,8865300
2024-03-22,140.62181091308594,141.37596959717226,140.44776634960212,141.01823181846956,5537200
2024-03-25,140.42845153808594,141.0279072732478,140.20606042389443,140.88288241902842,5253000
2024-03-26,140.94088745117188,141.10525386465872,140.33175357808642,140.70883293921293,6942400
2024-03-27,142.81661987304688,142.81661987304688,141.7627185475817,142.13979790612532,8797400
2024-03-28,142.8359375,143.3193733005514,142.7875909692869,143.0196454647359,8090200
2024-04-01,141.61769104003906,142.8359440016975,141.10525024839214,142.748929094427,7378300
2024-04-02,139.41322326660156,139.85797595639775,138.68806954110357,139.70328770745883,10776400
2024-04-03,139.25852966308594,140.28341130376705,138.92979682612997,139.6549506005694,8453400
2024-04-04,137.24742126464844,140.21572417110247,137.17006976591816,140.12869451422475,12685700
2024-04-05,138.47535705566406,138.92978790539692,136.91869312968973,137.03471300509713,9073100
2024-04-08,138.0305938720703,138.36900485684237,137.81788092506346,138.36900485684237,9128200
2024-04-09,138.52369689941406,138.60104839704746,137.56648871365167,138.3303255319754,10534400
2024-04-10,136.89935302734375,137.5278284501867,136.4255953621795,137.1410709392163,13052700
2024-04-11,136.33856201171875,137.34411675973823,135.9421558594764,137.31511179136172,8153900
2024-04-12,134.30813598632812,135.6424087470855,133.8730467218792,135.6327453423785,13799400
2024-04-15,134.03741455078125,135.97115774965204,133.82470161864228,135.47804379183452,10383600
2024-04-16,134.0857696533203,135.19768103807,133.9987547350238,135.19768103807,10170500
2024-04-17,133.8537139892578,134.99461545811104,133.64100104535459,134.86893217547046,8480100
2024-04-18,133.8440399169922,134.63688177816323,133.63134171988568,133.94073298655144,8105800
2024-04-19,134.34681701660156,134.72389638175764,133.86338117648907,134.54018840198833,9668400
2024-04-22,134.85923767089844,135.93246566567595,134.3274553755963,134.76255936930002,8531300
2024-04-23,136.6189422607422,136.8703235328609,135.53603617735783,136.1548480840277,8615500
2024-04-24,136.19354248046875,136.47392877013826,135.57474520882403,136.31924051719508,7378600
2024-04-25,135.28466796875,136.32889103215697,134.58851925981202,136.10651470252907,9693300
2024-04-26,135.32334899902344,135.68108675244795,134.68521023349126,134.78188853678188,6013800
2024-04-29,135.7777557373047,136.1645131837912,135.1009486475634,135.4877060940499,6388600
2024-04-30,135.6811065673828,136.52228021997303,135.584413496682,136.23221576116188,9677700
2024-05-01,135.92282104492188,137.141074037094,134.9269444057744,135.08164741365712,10710200
2024-05-02,135.82614135742188,136.75434474286828,135.09132412752552,136.65765166509325,8425500
2024-05-03,136.16455078125,136.551293581235,135.45873853229588,136.41593212591104,8539300
2024-05-06,136.7156524658203,136.75433559565982,135.98083528507433,136.28056315151952,5605100
2024-05-07,137.84689331054688,137.97257658833115,137.00570497278113,137.02504653601335,7720600
2024-05-08,137.3731231689453,138.14662342477538,137.19907860357065,138.12728186122482,5461100
2024-05-09,138.55270385742188,138.63005535616657,137.5181441591628,137.53748572217143,6821800
2024-05-10,138.8330841064453,139.31651988765304,138.63971274462006,138.7364058021773,6324900
2024-05-13,138.69772338867188,139.2391691058732,138.44634209233965,139.1134858343517,5351500
2024-05-14,139.2875213623047,139.3552094563828,138.36899628619125,138.8911004625927,6198700
2024-05-15,141.3566436767578,141.51134669402106,139.84832614167047,139.90633608482128,8433700
2024-05-16,141.19227600097656,141.58869694671284,140.79585505524028,141.05691455039485,6740800
2024-05-17,141.46298217773438,141.49198714562337,140.62180860237345,141.16325434068807,7071600
2024-05-20,141.1632537841797,141.51132815076542,140.863525948315,141.3179567811711,3890000
2024-05-21,141.40496826171875,142.01410207682187,141.04723049896396,141.41463166631314,4048900
2024-05-22,141.65635681152344,142.08178268808285,140.94088124939188,141.02789615506353,6831200
2024-05-23,140.10935974121094,141.43396904261775,140.0126666849713,141.4243056383094,5155900
2024-05-24,139.6356201171875,140.51547697412298,139.54860519813914,140.2931005965686,3949500
2024-05-28,137.94357299804688,139.32620709380538,137.3634588748961,139.32620709380538,8375100
2024-05-29,136.87034606933594,137.03471247662603,136.2805537828055,136.76398959952584,6838200
2024-05-30,136.9380340576172,137.43113327909984,136.0194942039383,136.31923680283316,7395500
2024-05-31,138.939453125,139.01680462737855,137.20875936331333,137.37312577338378,7945900
2024-06-03,139.916015625,140.33176339054467,138.601069471869,138.84278740624387,10303300
2024-06-04,140.32208251953125,140.70882526507935,139.26818124432606,139.79030017943506,6964200
2024-06-05,140.96022033691406,141.11492335155364,139.703298914519,140.4864626403561,5373400
2024-06-06,141.42430114746094,141.72402895768153,140.37039997975532,140.85383573902428,5425800
2024-06-07,141.5790252685547,142.28485227838397,141.12460911267172,141.28897554209584,5222300
2024-06-10,142.1011505126953,142.13981889348767,140.84421421419592,141.3566550911291,5396700
2024-06-11,141.5113067626953,141.99474249025943,140.9021730249125,141.99474249025943,5194000
2024-06-12,141.2115936279297,142.1687870257459,140.8441777157963,142.12045525060338,6522700
2024-06-13,141.09559631347656,141.3276508593281,139.79032822045596,140.68951192320617,4720600
2024-06-14,141.04722595214844,141.08589432256886,140.22537923614658,140.805508065476,4109600
2024-06-17,140.90219116210938,141.1245822477825,140.15771066819678,140.44776033944092,4542800
2024-06-18,141.0858917236328,141.54998592657392,140.77650050610166,141.05688675802955,4872600
2024-06-20,141.54998779296875,141.73369574640424,140.457432983166,140.65080434083373,6653600
2024-06-21,141.94642639160156,142.24615424640888,141.39531721576344,141.73371344561752,8535400
2024-06-24,142.77439880371094,143.27914623198214,142.15317689626121,142.52203249512462,6446100
2024-06-25,142.32789611816406,143.14324705274586,141.9881591565394,142.9394019135515,5171600
2024-06-26,141.8231658935547,142.3279133570446,141.49314497212265,142.07553221974985,4572700
2024-06-27,141.59017944335938,141.9881536260819,140.7748285405356,141.92991639175122,4637900
2024-06-28,141.47369384765625,142.70643618472215,140.84277077723377,142.11433299710114,7656800
2024-07-01,140.67776489257812,143.16266725541354,140.4059812423005,141.75519822442809,6562000
2024-07-02,140.163330078125,140.37687651177032,139.37709766838515,140.17304615944497,7536100
2024-07-03,139.09559631347656,140.42539592068883,138.54231294308738,140.4156946516128,7654000
2024-07-05,140.17303466796875,140.2506892566645,138.68792583552155,139.39650359210984,4846900
2024-07-08,140.01773071289062,140.71660722612017,139.65859118648893,140.32834907925883,4001500
2024-07-09,140.6971893310547,140.7748439223463,139.48386411293401,140.318632455445,8336700
2024-07-10,142.0270233154297,142.0464258575888,140.54189941860906,140.85251782636527,5342300
2024-07-11,143.02676391601562,143.40532074207678,141.86196001019957,142.03668652051076,7690700
2024-07-12,143.9197998046875,144.52160442176663,143.40535105568114,143.51212427591454,6614600
2024-07-15,143.4150390625,144.60894691570962,143.201492641783,144.47305508535322,5804100
2024-07-16,145.463134765625,145.4922533860567,143.95860852855915,144.27892816440664,7602500
2024-07-17,146.1231689453125,146.88999873956155,144.2789206291634,144.46334842299794,10395500
2024-07-18,142.80352783203125,146.14260138211066,142.5511615050507,145.1913585069228,11033400
2024-07-19,143.531494140625,144.22066927997946,142.95880827661432,143.52179287230328,5985700
2024-07-22,144.35658264160156,144.6186650363781,143.54123164796218,144.25951069950688,5190200
2024-07-23,144.2692108154297,145.03602575316538,144.1139016497044,144.94866990160637,3553300
2024-07-24,145.47283935546875,145.6572671631445,143.86155468077897,144.34688478051547,6870400
2024-07-25,144.74484252929688,147.0841371375948,144.58954815561538,145.03604354798568,11472800
2024-07-26,145.56021118164062,146.50173795636823,144.6380721359652,144.72544281104453,6028800
2024-07-29,145.64755249023438,146.14258381441564,144.88072270900102,145.5795991731969,8227200
2024-07-30,145.77374267578125,146.67646436943033,144.7351439567907,145.64756692050722,7269400
2024-07-31,145.23988342285156,146.23966219548421,144.67689875681884,145.71549741868546,8417800
2024-08-01,146.72499084472656,146.8900012917882,145.1039901824288,145.98727965657062,10357700
2024-08-02,146.43380737304688,147.31711176405153,144.25952305928925,146.9482561258078,15742100
2024-08-05,142.5220184326172,144.42450385661,141.9007965864628,144.1430189560029,17575600
2024-08-06,143.18206787109375,144.99721235311944,142.63850057783822,143.09471201562724,13335600
2024-08-07,141.72607421875,143.77416759834597,141.2698627921743,143.08500722958524,11485000
2024-08-08,144.86134338378906,144.98751914678078,143.28886368182074,143.93920428250198,11479100
2024-08-09,145.57960510253906,145.9484606989706,144.80307402057196,145.1136923777982,8550400
2024-08-12,145.02633666992188,145.92904350074045,144.60894510335206,145.92904350074045,5044300
2024-08-13,146.783203125,146.92879619732807,145.43398634740842,145.59899676641217,4815700
2024-08-14,147.307373046875,147.52091945608646,146.24935708102606,146.59879531327223,4837300
2024-08-15,148.2295379638672,148.46248695210147,147.29769757762864,147.98687289372282,5886800
2024-08-16,148.3848114013672,148.62747643724884,147.76358950195407,148.1809810654417,4562500
2024-08-19,149.2875518798828,149.42344372468503,148.3071755320736,148.39454621245378,4729600
2024-08-20,149.88934326171875,150.65617309835645,149.5302037345663,149.68551291807506,4878300
2024-08-21,150.14169311523438,150.5299660314365,149.61754319223317,150.19994516098768,5530100
2024-08-22,150.23876953125,150.79205289919042,149.47195456689676,150.64644499710715,4951800
2024-08-23,150.8891143798828,150.9958875867213,150.10288204366236,150.63674807785472,4069400
2024-08-26,150.81146240234375,151.5006376240655,150.66586930463416,151.03472490029637,4433600
2024-08-27,151.04443359375,151.4618103684309,150.51056752407746,150.95707773083063,3785400
2024-08-28,151.21913146972656,151.85006942558928,150.5105537391125,150.94734782480342,5150100
2024-08-29,151.53944396972656,152.22861912985545,150.89881958595973,151.82094368160486,4339200
2024-08-30,152.5877685546875,152.66542314195152,150.9861852742737,151.6462270493709,7020600
2024-09-03,152.2965545654297,153.20897737408646,151.87917785697002,152.27715202859213,7674900
2024-09-04,152.0345001220703,154.95618176639744,151.28708767869432,152.09273735979608,8235500
2024-09-05,149.94757080078125,151.95684435328624,149.2195757126733,151.8694884973768,7245600
2024-09-06,149.43312072753906,151.09295602980364,149.12251719461867,150.471734152865,7651800
2024-09-09,150.4814453125,150.95707412887742,149.23900147696182,149.81168742390074,6169200
2024-09-10,151.17062377929688,151.2773969929634,150.12230899359793,150.68529368283063,7337200
2024-09-11,150.72410583496094,150.89883236248926,148.3654087965664,150.62703389621205,6636500
2024-09-12,151.2676544189453,151.40354622971182,149.27779840971692,150.6852672918445,4838100
2024-09-13,151.57827758789062,152.04419026670527,151.1317674461662,151.33561257438967,4358500
2024-09-16,152.62660217285156,152.96632432724022,152.07331879667584,152.37422106325647,4711900
2024-09-17,151.05413818359375,152.48100988703348,150.52028691328732,152.44218999524918,6280000
2024-09-18,150.80177307128906,152.37423789543266,150.21937101214718,150.92796364002638,7148900
2024-09-19,151.3453369140625,152.16068792905472,150.94736267659036,152.16068792905472,6717400
2024-09-20,150.72410583496094,151.40356497290801,150.35525024103322,150.8502963931148,8541600
2024-09-23,150.42889404296875,151.2180736873748,150.15609670897888,151.19858391599274,6416400
2024-09-24,150.12686157226562,150.4191486622318,149.41564105087443,150.36069421750636,5341600
2024-09-25,148.6654510498047,150.79912762471517,148.60699660112329,150.58478473532344,5940100
2024-09-26,149.16232299804688,149.3474237711969,148.31468901019892,148.56801140795625,6172900
2024-09-27,149.08441162109375,150.2340555164946,149.07465930128586,149.3572089815733,7312500
2024-09-30,150.05868530273438,150.09764998116282,148.65571901786208,148.8797993680918,7233800
2024-10-01,149.26951599121094,150.38019512224773,148.7044315397936,150.1755896842204,10560200
2024-10-02,148.9674835205078,149.43514886746595,147.96397578796382,149.08440729041772,7158400
2024-10-03,147.62298583984375,148.73366501757718,147.3501884885647,148.59726634193765,5551000
2024-10-04,147.73989868164062,148.11013003953576,146.99945083219143,147.8470701343818,6590100
2024-10-07,147.08712768554688,148.19780685644741,146.81433033594607,147.7496312870515,5922800
2024-10-08,147.88601684570312,148.11984949591093,147.35017451344487,147.4768208575939,4726600
2024-10-09,149.39614868164062,149.51307243539648,147.67168312688273,148.02240978913423,7840000
2024-10-10,148.8408203125,149.51307616459366,148.48032645674107,149.39615240792148,4385500
2024-10-11,149.93202209472656,150.10740031118158,149.09414028938434,149.30848318375146,9354000
2024-10-14,150.7601776123047,151.0232226569576,149.5812916059787,150.09765910801184,4819800
2024-10-15,148.9187774658203,150.61401598828468,148.58751080386514,148.7433992487452,9088600
2024-10-16,149.33770751953125,149.65922185486156,148.3244623836776,148.72390607332432,4510200
2024-10-17,148.47061157226562,149.08441307249083,148.37317757128528,148.8408429363813,5430000
2024-10-18,149.19155883789062,149.552037820033,148.14907169900286,148.57775744335527,9823900
2024-10-21,147.43785095214844,149.2012960525167,147.29169997607593,148.80183753079277,4825900
2024-10-22,147.2235107421875,147.49630806284867,146.53176512215015,146.65842633043533,5166900
2024-10-23,146.5317840576172,147.04815154319158,145.75237153577422,146.82407118647876,4910200
2024-10-24,145.56723022460938,147.12606986012867,145.52825068557686,146.53175825375854,5066300
2024-10-25,144.76834106445312,146.1420801861246,144.60271515753647,146.0641359593977,5314500
2024-10-28,144.982666015625,145.64518442758157,144.79755035836743,145.17751912513953,4923500
2024-10-29,144.5832061767578,145.4795572318683,144.51501427889414,144.8852455900772,7342600
2024-10-30,144.3104248046875,144.35914180359768,141.87472352258658,142.381353551839,9211800
2024-10-31,143.0925750732422,144.12531004480329,143.06334784697844,143.45306897439644,6701100
2024-11-01,143.94021606445312,144.6514367145225,143.63817660149334,143.64792892160466,6896900
2024-11-04,142.99513244628906,144.28117478961263,142.71258281704277,143.58944405990468,5985900
2024-11-05,144.04736328125,144.08632795611345,142.1864841468132,142.71258902233512,5035300
2024-11-06,144.2324676513672,147.02866258169283,143.56022664549022,146.7948299276881,10685600
2024-11-07,145.27496337890625,145.45032672995956,144.39811689095896,145.09958516151258,9381600
2024-11-08,146.31744384765625,147.06764402339795,145.30419863080377,145.46982453806132,8701100
2024-11-11,145.4600830078125,146.7266506431363,145.24574010646506,145.99594026118112,6071900
2024-11-12,143.43357849121094,145.4698211979867,143.40435126509192,145.22625106943437,7022300
2024-11-13,143.0535888671875,143.80378891652992,142.9074378915205,143.37510317404855,5981200
2024-11-14,140.80300903320312,142.81976175165633,140.6471205996624,142.81002429943726,7936700
2024-11-15,138.1919403076172,140.15025359526902,137.92889528065473,140.0235923750972,14246100
2024-11-18,138.28939819335938,138.435534344696,137.67559662505954,137.8314850973806,7933100
2024-11-19,137.57815551757812,137.96786176982778,136.65257715238917,137.03254595155178,6205800
2024-11-20,139.2052001953125,139.40005331868227,137.6463454756735,137.87042582423175,9328800
2024-11-21,140.32562255859375,140.5204756899536,138.48423296451216,139.20520590351876,7969600
2024-11-22,140.45230102539062,141.29018297280115,140.2379580946803,140.61792695069536,6330300
2024-11-25,141.650634765625,142.09881031613935,141.06606054605672,141.08555031773298,6834300
2024-11-26,142.41055297851562,142.56644139806153,140.9686222635609,142.07930123673404,6018400
2024-11-27,143.17050170898438,143.95966645383132,142.54696284806366,142.54696284806366,5952800
2024-11-29,143.6186981201172,143.98891461659386,142.93670471466936,143.1607850765291,3521200
2024-12-02,143.36537170410156,143.58946692611127,142.624923865264,143.53101247387946,6220800
2024-12-03,143.04388427734375,143.63818116936812,142.96594004568266,143.35564633764602,4236200
2024-12-04,142.96592712402344,143.7843191829832,142.5956957736813,143.29717892888704,5597400
2024-12-05,141.3680877685547,142.48850424858932,141.10502790582862,142.33261582131917,8948700
2024-12-06,140.56918334960938,141.71884202102606,140.39382000293938,141.5532012607177,6545200
2024-12-09,140.97837829589844,141.35834707716035,140.2184407333746,140.70558095890732,6258600
2024-12-10,140.39381408691406,141.36809450426574,139.9261487828209,141.26092306370347,7200500
2024-12-11,138.48422241210938,139.9456430854606,138.44525773534286,139.82873418882127,6895000
2024-12-12,137.38328552246094,138.87393347178036,137.28586639398893,138.51345445038717,5994200
2024-12-13,137.3638153076172,137.81197601984226,136.5259334691737,137.20792685712982,7599400
2024-12-16,135.72702026367188,138.00683316967826,135.61984880913272,137.2566478542454,9476600
2024-12-17,135.62957763671875,136.6330852343407,135.03526601291304,135.13268513067572,10280100
2024-12-18,133.78819274902344,136.43822178148633,133.70049621389438,135.54188559017666,14448100
2024-12-19,132.77493286132812,134.2558432446029,132.45341854261022,133.53487039053798,11929300
2024-12-20,134.45071411132812,135.7075294629178,133.52515057440968,133.95383638932128,12098400
2024-12-23,135.79345703125,135.98919236096177,134.07096522267875,134.66796768517108,8050500
2024-12-24,136.35134887695312,136.35134887695312,135.09860963277342,135.67604914491113,3139300
2024-12-26,136.62535095214844,136.74278916333395,135.72494155423126,135.8717542518616,4720300
2024-12-27,135.98919677734375,136.83087216272213,135.4117723091647,135.87175856243246,5948000
2024-12-30,134.31564331054688,135.206241335211,133.81650102679058,135.206241335211,6890300
2024-12-31,134.63861083984375,135.176879273963,133.87521765141452,134.64839237974908,6626900
2025-01-02,134.6777801513672,135.81306623150252,134.19821578984832,135.31392385242222,8973000
2025-01-03,135.99900817871094,136.38069735271696,134.80500308389193,134.95180086864403,8288700
2025-01-06,136.05772399902344,137.05597877847387,135.6075192472643,135.94027084041443,8653300
2025-01-07,136.73301696777344,137.92700704160174,136.39046891687514,136.39046891687514,12639700
2025-01-08,137.4376678466797,137.64319967386342,135.73475385137232,136.98747802888698,7827400
2025-01-10,136.6645050048828,137.94658871073602,136.3806909897202,136.96789703498246,10343700
2025-01-13,138.44573974609375,138.7980693689106,136.69387317326937,136.81131140299138,9422200
2025-01-14,137.016845703125,138.25978841342564,135.92071571626835,138.25978841342564,10277800
2025-01-15,137.57469177246094,138.23041338289073,136.7917354693517,137.3985195107779,11388400
2025-01-16,138.12277221679688,138.32828912258395,136.60579700921394,137.14408046140804,8512100
2025-01-17,137.1929931640625,138.38699821383582,137.1929931640625,137.9368084018131,7668100
2025-01-21,139.46356201171875,139.47334355223728,137.89764937707469,137.91722739176137,7257800
2025-01-22,139.150390625,139.59081387454404,138.1227761991345,138.77849790211258,8189900
2025-01-23,141.00990295410156,141.02948096966608,138.84698771055696,139.53208385246225,8032900
2025-01-24,141.2349853515625,141.52859582441442,140.2171526371447,140.38352842057603,8127900
2025-01-27,144.4059600830078,144.43531963865732,141.88093376160083,142.00816845851529,12311300
2025-01-28,143.39788818359375,144.59189305343332,143.35873215927077,144.39614279911387,9686400
2025-01-29,142.55624389648438,143.45663851449305,142.20391426912002,142.97707418085378,8159100
2025-01-30,144.20042419433594,144.6016913550994,143.12387233902234,143.1336538794131,7705200
2025-01-31,143.74044799804688,145.42379894950423,143.6915253590148,144.43532568937832,9211800
2025-02-03,144.2982940673828,145.0029532246911,142.83025664526534,142.86939773904962,13001500
2025-02-04,143.90679931640625,144.06339354889005,142.48769955193578,142.7128093612492,11762000
2025-02-05,145.28677368164062,145.55102461079213,143.96554890318234,144.25914445374002,10042300
2025-02-06,143.985107421875,145.29656555195987,143.76979406918863,144.99315860324793,12422100
2025-02-07,143.309814453125,144.76807042143795,143.20217270544094,144.19064591867,11199700
2025-02-10,143.18258666992188,143.52511977596023,142.36048929505108,143.47619714198973,7374300
2025-02-11,142.91835021972656,143.2021791804629,142.34092569084982,142.77155243565636,6634900
2025-02-12,142.71279907226562,143.4859587722349,142.2723759584516,142.5757679284857,7572200
2025-02-13,143.27069091796875,143.5838794597461,142.06690419452175,142.99665841073937,6293100
2025-02-14,141.71456909179688,143.57407745258803,141.71456909179688,143.3783420883444,5299200
2025-02-18,141.44052124023438,141.8026323714566,140.7750031536739,140.85330027760156,11366800
2025-02-19,143.28045654296875,143.31961257316695,141.4209483171035,141.45030787292717,6295900
2025-02-20,144.08297729492188,144.1612744142795,142.98684749121244,143.07492615037157,6264800
2025-02-21,143.309814453125,144.00469211148882,142.24304411404864,142.380060350869,8647000
2025-02-24,144.4744415283203,145.06166243054423,143.15321689878834,143.46639042863265,7559400
2025-02-25,145.71739196777344,145.91312730136758,144.26893257879829,144.74848190605664,11981300
2025-02-26,144.6702117919922,145.77612323922725,144.21022550615416,145.14976115926802,6566800
2025-02-27,144.08297729492188,145.73696847393606,144.0242581888158,144.4059473121538,7377000
2025-02-28,145.75653076171875,145.98164057876718,143.36853583570291,144.31786786898994,8453700
2025-03-03,146.39271545410156,147.11695273361167,145.7859313408357,145.84465045713225,9459300
2025-03-04,145.03231811523438,146.87226319742751,144.81700475737563,146.59821579625773,10804700
2025-03-05,146.49057006835938,146.71567991708963,144.10257480625836,144.3766072942642,7597700
2025-03-06,146.0893096923828,146.29482658014058,144.77785150563685,145.8250587601874,7122200
2025-03-07,146.09909057617188,147.0777822413036,145.28677470207458,145.4923065225581,8532400
2025-03-10,144.5233917236328,146.71566635873685,144.20042169254722,144.963799971968,13577800
2025-03-11,142.9477081298828,144.73871574316047,142.19411133515226,144.5331839141793,9411600
2025-03-12,141.51882934570312,142.87921024550383,141.04904656568303,142.6247408395803,7141100
2025-03-13,140.76522827148438,141.9788113492915,140.43247667928972,141.57754417030083,8041600
2025-03-14,141.84178161621094,142.05709498597065,140.3541809770624,140.86308991135783,6761200
2025-03-17,143.642578125,143.97532970302004,141.6362572491624,141.6362572491624,6017300
2025-03-18,143.71107482910156,143.9263881815904,142.92811854129206,143.6915117488019,5528000
2025-03-19,143.78936767578125,144.1710568013624,142.79109806516567,143.81872722900684,6156200
2025-03-20,143.87745666503906,144.49403719434045,143.38811083128235,143.80895601381098,8033800
2025-03-21,143.47621154785156,143.730666017913,142.6247395999971,143.45663353210824,7635300
2025-03-24,144.5716552734375,144.80745542879365,143.54988458308156,143.85445041410804,6500600
2025-03-25,142.724609375,145.00395095655955,141.82073124856888,144.91553151832142,6502000
2025-03-26,142.2039031982422,143.41234721326938,141.86002982409423,142.83268866043977,8758600
2025-03-27,142.42987060546875,142.87198281193426,141.92881210366494,141.98775839900327,6264300
2025-03-28,141.9877471923828,142.69513266346726,141.91896652563133,142.3119667825821,6210500
2025-03-31,143.45162963867188,144.05094191130826,140.96596111235058,141.27052694097407,8085600
2025-04-01,140.82843017578125,142.930933052305,140.39613734279774,142.930933052305,9906100
2025-04-02,141.77162170410156,141.86986053925503,139.69859189121314,140.2684311042482,6392700
2025-04-03,140.62210083007812,142.6460033977575,140.5435007799882,141.2410518634681,10990600
2025-04-04,132.90963745117188,139.22697949067143,132.86051054741262,138.66695977238308,21341100
2025-04-07,132.11383056640625,134.96301104387888,127.38811333050096,129.40219642250625,29940300
2025-04-08,130.6499481201172,136.9967639506096,128.97973816201744,136.98692957399945,20860400
2025-04-09,136.3286590576172,136.80025935085453,127.40775589480097,127.8498830436393,39444700
2025-04-10,132.52647399902344,135.3265426585508,129.0288542642741,135.28723513825784,21957400
2025-04-11,134.47178649902344,135.34619149777131,131.30820549424402,132.78192279492657,10755600
2025-04-14,136.11251831054688,136.60375739278587,134.56021600312755,135.78831370872498,7437200
2025-04-15,135.2774200439453,136.60375656307838,134.8844197856849,136.56446403296582,6239000
2025-04-16,133.90194702148438,136.19112302200583,133.2633421892968,135.69988392296074,8150700
2025-04-17,133.115966796875,134.17704497278882,132.73280092708055,132.9685860829993,9662800
2025-04-21,130.2471466064453,132.98825428158648,129.25483399613086,132.82123478086868,6456000
2025-04-22,132.69351196289062,132.90965838032676,130.807155494617,131.29839462671208,8012500
2025-04-23,133.3517608642578,135.51320988937235,132.76228294364157,134.1475658015176,9503200
2025-04-24,134.98268127441406,135.13004701000037,132.75245153016502,133.56791024707417,5433000
2025-04-25,135.63111877441406,135.77848450813215,133.49914287520212,135.17917220529912,6438400
2025-04-28,136.17147827148438,136.6037560668601,134.99249249241285,135.8177855360483,5803300
2025-04-29,136.8395538330078,137.5174661467158,135.3167097211376,135.9946220348456,7811900
2025-04-30,138.00869750976562,138.3230827007647,135.8374143502429,137.10481947243278,6827800
2025-05-01,134.24581909179688,136.67254141697384,134.07879959870473,136.37779496210584,10363200
2025-05-02,136.1027069091797,136.57429225819126,135.13988244911457,136.35814585001347,9777000
2025-05-05,135.71954345703125,136.25007511033672,135.1693580413283,135.8276166630749,5479700
2025-05-06,131.97630310058594,134.78619145221668,131.6226103363447,134.72724515674784,11625900
2025-05-07,132.98825073242188,133.37141663359057,132.0450650572379,132.38893842634496,6417500
2025-05-08,131.7896270751953,132.9587785489175,131.34751487701686,132.0549003906735,10558100
2025-05-09,130.3551788330078,132.40856932507685,130.29623254937977,131.95662283155337,7555200
2025-05-12,133.57772827148438,133.74474774851203,130.31589380315322,130.55169394265306,15211100
2025-05-13,129.5594024658203,131.59313964604334,129.5201099319167,131.59313964604334,17817000
2025-05-14,126.51372528076172,130.22749177341262,126.42529084699156,129.96221845495813,19579500
2025-05-15,128.1741180419922,128.25270310889192,125.1186026141334,126.21898094358278,18792700
2025-05-16,130.7580108642578,130.8071377690959,128.02672285923717,128.40988873069182,12901800
2025-05-19,132.0155792236328,132.0843598874155,130.3257156702521,130.68924276616886,11645200
2025-05-20,132.33981323242188,132.72297913855522,131.8387547371484,132.04506676814364,11644500
2025-05-21,129.2744903564453,131.78963228603635,129.2155440598812,131.21979310020268,16635900
2025-05-22,128.2625274658203,128.94043979844022,127.70250771576836,128.34112751800797,12722600
2025-05-23,128.0561981201172,128.3116520329263,127.28004697998418,127.65337848178497,9127100
2025-05-27,129.8443145751953,130.07028034978688,128.86183643523427,129.1270947391965,12304000
2025-05-28,129.1762237548828,130.256955723067,128.8323653951347,129.79518979042712,11087500
2025-05-29,130.0408172607422,130.43380255054484,128.98955837380694,129.37272427836427,10670300
2025-05-30,130.31590270996094,131.00363442455802,128.58674654305585,129.7558979535844,11651300
2025-06-02,130.39451599121094,130.45346228823874,128.81272539144112,129.98187692058775,11845000
2025-06-03,130.69908142089844,131.18050116407974,129.42185668761857,130.05064217288162,14304300
2025-06-04,130.95449829101562,131.97628390192978,130.95449829101562,131.09204462424339,9986100
2025-06-05,130.77764892578125,131.56363433456053,130.24711739492446,131.27870731555845,13705000
2025-06-06,132.02542114257812,132.47735270510216,131.44574762940502,131.46540139038387,9153500
2025-06-09,131.7994384765625,132.447877656706,131.05276047579017,131.99594610067405,9976600
2025-06-10,133.3026123046875,133.70543189610854,131.8976759135593,131.91732967181585,11488000
2025-06-11,133.37142944335938,134.17706884656437,132.9686097417569,133.33213690752387,13644000
2025-06-12,134.41282653808594,134.44229968178846,133.115963240897,133.38122153421963,9809500
2025-06-13,133.7447509765625,134.92372171966537,133.30262383040085,133.6759703124302,13722800
2025-06-16,133.3321075439453,134.43247820215618,132.7131415529888,134.02965858926618,14171000
2025-06-17,131.13136291503906,133.03737296878472,130.95450904840357,132.7328071338634,13506000
2025-06-18,130.9053955078125,131.76996609492096,130.1685368874044,131.1411806718298,12185300
2025-06-20,130.27659606933594,131.45556673686775,130.08992284028687,131.35731293481282,13744900
2025-06-23,130.46417236328125,131.0367318121384,129.29930588098742,130.36544950337728,14181600
2025-06-24,132.06336975097656,132.35952324411628,130.30621143813804,130.80966183238087,11272900
2025-06-25,132.1818389892578,132.5668340518287,131.06634897170287,131.80672525072333,11996400
2025-06-26,132.49774169921875,133.4256823902137,132.03377135372128,132.4582465285839,13177700
2025-06-27,132.21145629882812,133.39607042668854,131.9844117849524,132.5964664344788,13818500
2025-06-30,133.06040954589844,133.2183600902235,132.08312256174716,132.1818303547056,12407700
2025-07-01,134.95579528808594,135.99231003231722,132.73466644245775,132.85312182739983,21204300
2025-07-02,133.62310791015625,134.54116724165178,133.50465252880034,134.28450889438275,13720400
2025-07-03,133.7613067626953,134.1561680637348,133.43553941099083,133.81066819107352,7282700
2025-07-07,132.6359405517578,133.71195044173513,131.93504439319838,133.71195044173513,14052300
2025-07-08,133.23812866210938,134.47208924091456,132.29044030986904,132.53723242563007,19485900
2025-07-09,133.75143432617188,134.17590945203932,132.6951570470261,133.5145085186925,13963900
2025-07-10,134.57080078125,135.8639889488692,133.26773128951535,133.77118174059788,17668300
2025-07-11,133.4552764892578,134.13642498347465,132.62605878455554,134.13642498347465,14246600
2025-07-14,133.29734802246094,133.57375396978532,132.6754271094839,132.92221920980884,11095400
2025-07-15,130.89852905273438,133.73169739312718,130.7701923472553,133.49477156677975,17095600
2025-07-16,132.52735900878906,132.69517583088702,131.29339849660295,131.431601471448,14142100
2025-07-17,131.01698303222656,131.96465620148686,130.58262655340167,131.5796611521636,15740900
2025-07-18,130.1482696533203,131.53031435992563,129.97058658328166,131.362497550558,13245500
2025-07-21,129.40789794921875,130.62212588912115,129.34867025712478,130.21738324248702,9468700
2025-07-22,131.8166046142578,132.09301058086052,129.62508940548238,129.62508940548238,16681900
2025-07-23,134.5214385986328,134.57080002995215,133.07029988320903,133.52438890016148,16624000
2025-07-24,134.01795959472656,135.1729446689468,133.80078136918164,134.3832220993207,11054800
2025-07-25,134.72872924804688,134.94590748534347,133.99823432531593,134.50168475014348,9539900
2025-07-28,133.5540008544922,134.63989207615973,133.1986196422186,134.3930999860529,9780300
2025-07-29,132.7050323486328,133.36644839003625,131.23416116642005,132.18183433492052,14967600
2025-07-30,132.46810913085938,133.45527737529474,131.92516358382153,133.1492576295985,11634600
2025-07-31,128.75636291503906,132.07324923164398,128.3121401623586,131.3131404341884,26441600
2025-08-01,129.44740295410156,129.71392758877383,128.19369481188346,129.0229126901873,20736200
2025-08-04,131.30325317382812,131.3624959261018,129.67443146664263,129.70404531128287,11331000
2025-08-05,130.79981994628906,131.2440427372812,130.34571583045576,130.75045851106879,14319200
2025-08-06,128.83534240722656,130.3555901778651,128.67740691116862,130.24700105139092,14342800
2025-08-07,127.35458374023438,128.56881165923048,126.31806148895143,128.1048413284909,24421900
2025-08-08,128.48983764648438,128.76624358287683,127.57176323682862,127.57176323682862,13747100
2025-08-11,128.61814880371094,129.63494599188417,128.4700795866429,128.61814880371094,14474000
2025-08-12,129.50662231445312,129.54610242197603,128.46022624066424,128.6675231653991,17219500
2025-08-13,131.57965087890625,131.65862614734408,129.96069553341138,130.12852739321193,15069900
2025-08-14,132.24107360839844,132.37927656945962,130.71095971329717,131.3526130904398,15464000
2025-08-15,134.4622039794922,134.8471990231599,133.44540674827414,133.74156025794005,13929600
2025-08-18,134.14630126953125,135.42962308729335,134.07720732047113,134.7780883864766,12572000
2025-08-19,135.00514221191406,135.45924629438366,134.03772141725423,134.1265629563263,13578200
2025-08-20,135.73565673828125,136.43655293897473,135.2519387934086,135.2519387934086,14607000
2025-08-21,135.2815399169922,136.6833321865351,135.18283212280858,135.44937178679132,13218900
2025-08-22,136.3970489501953,137.23614807189773,136.0318014812864,136.0318014812864,11898600
2025-08-25,134.4523162841797,136.48588052425774,134.35360849429767,136.36742515120233,10681000
2025-08-26,135.2914276123047,135.40988299610115,134.59053144452324,134.8373235360951,11397500
2025-08-27,135.21246337890625,135.94297345230115,134.97553752896854,135.23221096548318,8321700
2025-08-28,134.6793670654297,135.09399101648916,134.01796609663398,135.0742434323927,9165700
2025-08-29,135.66653442382812,135.70602959174025,134.62013841905357,134.78795522519732,9655700
2025-09-02,135.7948760986328,135.97257423475943,134.7089999491683,135.13347511031506,13325300
2025-09-03,135.15321350097656,135.9922975053472,134.4918125576517,135.35064414535833,12586000
2025-09-04,135.66653442382812,135.70602959174025,134.3338662351597,135.04462862764677,11778600
2025-09-05,136.1304931640625,136.6043447607643,135.2914092046794,135.5184536803958,14664000
2025-09-08,136.08116149902344,136.10089402043982,134.6201415125636,135.69616644949534,15753300
2025-09-09,136.81166076660156,137.18678956731415,135.95282910496368,136.28846273560447,12249600
2025-09-10,135.56784057617188,136.7326920785272,135.0545087814586,136.7326920785272,13588300
2025-09-11,137.9271697998047,138.20357574625766,136.12064982356213,136.26871905809253,16470800
2025-09-12,136.3378143310547,138.01599742618552,136.32794807074546,137.44343800540105,11345400
2025-09-15,135.17294311523438,136.76228462227616,134.9064185293957,136.48587871348562,11233800
2025-09-16,135.17294311523438,135.62704714424302,134.78794809491953,134.9064185293957,12443800
2025-09-17,135.43948364257812,136.51549344184875,135.0841024628291,135.37038969642848,12501500
2025-09-18,135.70603942871094,136.1700097758551,135.13347995642675,135.43949974645926,11472900
2025-09-19,135.52835083007812,136.13052419135133,135.4197616972913,136.05156397022932,11280900
2025-09-22,135.49363708496094,136.11838701128886,134.7597863043974,135.0572941955383,9732700
2025-09-23,135.80105590820312,136.2076495203546,135.01761795972786,135.12670368172266,9903000
2025-09-24,135.25563049316406,135.92005622214344,135.0275476624709,135.68206200990022,7471600
2025-09-25,133.01443481445312,135.04737269361374,132.61775256758534,134.99780065315068,14099700
2025-09-26,134.37303161621094,134.4920287208281,133.52018372540113,134.02593655190415,10071000
2025-09-29,134.7696990966797,134.83912416248737,133.61935844110766,134.5515276496843,7735700
2025-09-30,138.0124969482422,138.3397540963386,134.54160706052045,134.63085488312515,19313500
2025-10-01,142.2767333984375,142.5345654805412,138.43892578112016,138.63725931595985,23657900
2025-10-02,141.9990692138672,142.37591353774502,140.96771057963707,140.96771057963707,15176200
2025-10-03,143.6155242919922,144.92453784640767,142.36599415836815,142.3759206717335,15829200
2025-10-06,142.9213409423828,143.8535253301609,142.77259455364413,143.69485242758572,12879900
2025-10-07,143.03041076660156,143.45684225336854,142.0883151016278,142.92132504969643,12478700
2025-10-08,143.30809020996094,143.76427100128294,142.82217527411552,143.3973531710519,8925800
2025-10-09,142.99075317382812,144.04193457822078,142.7626703542794,143.57584242617807,7657000
2025-10-10,140.9280548095703,143.5361856285314,140.75947053564337,143.4072620118132,13350100
2025-10-13,140.76939392089844,141.75116550418267,140.45206324052896,140.5512224579464,8257500
2025-10-14,141.1561279296875,141.6718072292235,139.8768637593165,140.42229233268353,10044700
2025-10-15,141.3743133544922,142.05857698410284,140.1842968878077,140.8388112406423,7260600
2025-10-16,141.13632202148438,142.4453356219958,140.77931556100296,141.66191276443192,11194100
2025-10-17,142.0784149169922,142.22716130091214,140.21404620183364,140.4024683760525,8160300
2025-10-20,143.5857696533203,143.7841183515614,142.3660038449196,142.52467675076002,8435900
2025-10-21,143.92294311523438,144.4187845617755,143.1395051558465,143.84360666796218,9031800
2025-10-22,144.7460479736328,145.5096329392776,144.3295278245238,144.9939687075935,12705300
2025-10-23,144.8253631591797,145.2914553298375,144.16093743612876,144.30969894933367,7924900
2025-10-24,144.81544494628906,145.53936918771998,144.66669857198113,145.0732770390493,7007400
2025-10-27,145.1526336669922,145.2319701216151,144.01220428703607,144.87496364175277,6466700
2025-10-28,144.24026489257812,145.32119554784126,143.98243280372648,145.19228706935502,8652700
2025-10-29,142.78250122070312,144.24027630972776,142.37592272761626,144.01219347723313,12425600
2025-10-30,143.099853515625,144.24028286178205,142.57426275972153,142.76268494238147,10756100
2025-10-31,143.05026245117188,143.28827180151393,141.51315088545905,141.83049668591514,10581100
2025-11-03,143.24859619140625,143.35768191896568,141.6420746872404,142.87176696773957,12279300
2025-11-04,143.89320373535156,144.27995948497787,142.29659356240586,142.57426358101543,14182200
2025-11-05,144.4485321044922,145.0435327540729,143.17917922713076,143.42709994742603,13154600
2025-11-06,144.72621154785156,144.8947958328313,143.73452860193714,143.93286216474385,14395800
2025-11-07,144.92453002929688,144.93444141024747,143.51634220846512,144.6270221501061,14522900
2025-11-10,146.0550537109375,146.2038000905472,144.50803083547717,144.5774407686684,12305900
2025-11-11,149.42677307128906,149.5656232047885,146.3724030356677,146.3724030356677,12659500
2025-11-12,151.54898071289062,151.886149250935,149.46644067084335,149.7341992778219,17847500
2025-11-13,151.4696502685547,153.2348446045639,150.5969644819865,150.77546013912269,21807600
2025-11-14,150.5672149658203,151.64814568399123,149.93253852165867,150.95397068754568,15468900
2025-11-17,150.43829345703125,152.04483005061965,149.8829534520892,150.08128700644275,17516500
2025-11-18,151.32089233398438,151.85640958181634,149.89286651560639,150.487882317224,24494200
2025-11-19,151.06304931640625,151.6580499431826,150.30937580307113,151.21179569013051,17352600
2025-11-20,150.16061401367188,152.06464325314047,149.8631061349063,151.22172191716388,25278500
2025-11-21,153.3240966796875,154.41495394311076,150.44822226794324,150.52754358539178,25526100
2025-11-24,153.9686737060547,154.86119734938546,153.19516229429567,153.84967660636235,17928400
2025-11-25,157.4495086669922,157.56850578064842,154.47445977053695,154.47445977053695,17298600
2025-11-26,157.10240173339844,157.6279924549342,156.84456962928581,157.10240173339844,12398900
2025-11-28,156.33880615234375,156.93382195659012,155.85289120636034,156.88423478425617,8559700
2025-12-01,153.99842834472656,156.54706061902175,153.88934262224933,155.73387339112244,17321200
2025-12-02,153.076171875,154.17694049083102,152.85800042812323,153.95876904395422,16150300
2025-12-03,153.79019165039062,154.48436667975471,153.37368663277218,153.38359801466282,12724800
2025-12-04,152.6199951171875,153.74060165738817,152.09440438088888,153.7108523803811,13674600
2025-12-05,151.98532104492188,153.3439369544271,151.6878282701725,153.16542615769677,8868700
2025-12-08,150.1705322265625,152.1439866180057,149.9424493996134,152.0745766845342,10996000
2025-12-09,148.7127685546875,151.41013201638654,148.60368283465752,150.7357949339317,11543300
2025-12-10,150.8746337890625,150.9142944465064,148.62350939915103,149.12927735581079,15534800
2025-12-11,152.3026580810547,153.01667096311806,150.99362941997856,151.48947085852924,14703000
2025-12-12,152.77867126464844,153.27451273448406,152.13408340661445,152.4712519744513,13175500
2025-12-15,154.8017120361328,155.00995697840074,153.15551473419052,153.18526401165738,14681800
2025-12-16,152.78858947753906,154.82152728791218,151.81672935450766,154.7421908412231,12491300
2025-12-17,152.5109100341797,153.49268157519518,152.39191292564954,152.94725294129768,9093300
2025-12-18,152.62991333007812,153.8893396732315,152.40181537625506,152.47124044008285,8876400
2025-12-19,153.65135192871094,154.47445055679498,152.63983112732234,152.63983112732234,8571500
2025-12-22,154.6641845703125,154.7338900790913,153.17032576608474,153.518883702614,7063700
2025-12-23,154.35545349121094,155.02270858857523,154.00688036444097,154.05667869631057,7465800
2025-12-24,155.16213989257812,155.30156610859873,154.5147919496613,154.53471432232647,3085700
2025-12-26,155.41111755371094,155.48082306409606,154.71398646827018,155.0525908245817,4439100
2025-12-29,155.17208862304688,155.84931250560192,155.04261599925312,155.4310338706344,6357300
2025-12-30,155.04261779785156,155.34139259667072,154.5645872375314,155.02271062189646,4355000
2025-12-31,154.16622924804688,155.20196464989164,154.1363532881304,154.96295697055987,4199500
2026-01-02,154.87332153320312,154.93308865230128,152.951230434294,154.23594236301918,10998000
2026-01-05,154.40524291992188,154.75381606089877,152.34372562409024,153.95708830746437,17756200
2026-01-06,157.4427490234375,157.6817718933205,154.50482986409165,154.50482986409165,17783800
2026-01-07,159.00633239746094,159.93251754803518,157.8909075067787,157.8909075067787,14505700
2026-01-08,157.47262573242188,159.84288648201715,156.96471922735876,158.49840752653878,17611000
2026-01-09,156.66595458984375,158.2793172839124,156.61615625561438,157.68178286211418,12352000
2026-01-12,156.7356719970703,156.85517583965026,155.3712706102389,156.68587366388942,12250100
2026-01-13,156.09829711914062,157.02448231714394,155.1023912135105,157.00455994406227,11756500
2026-01-14,157.2136993408203,157.3431719651729,155.83934439405414,155.96881701840672,13516800
2026-01-15,156.31739807128906,156.80538224076906,154.73389612770646,156.6659560214436,15303400
2026-01-16,155.10238647460938,156.3273464461387,155.07251051405873,155.99869568376397,11950300
2026-01-20,154.76376342773438,155.28163872609613,152.6026495509798,153.3695013125112,12775200
2026-01-21,157.612060546875,157.86103701916355,154.5147926237526,154.56459095747388,16393900
2026-01-22,157.64193725585938,158.5780912275173,156.8551782860742,157.00455809162898,10881400
2026-01-23,156.8352508544922,157.7315752478638,156.0186159499367,157.15394802448677,10191300
2026-01-26,157.45272827148438,157.68178237264678,156.2576290389616,156.72570602589215,6810400
2026-01-27,154.81356811523438,156.44685317282634,154.50483971964047,155.1621412565089,12697500
2026-01-28,153.67823791503906,154.51479522891694,152.8416806011612,153.66828432665415,11426600
2026-01-29,153.19024658203125,154.03675744470257,152.87154941280153,153.6184788073266,12167300
2026-01-30,154.10647583007812,154.29568517560392,152.66240019867297,153.48900387306665,11863900
2026-02-02,155.05258178710938,155.3712637520283,153.76785475081272,153.9471257030872,11005300
2026-02-03,153.46910095214844,156.4767257442088,153.220124484151,154.146309650869,21141900
2026-02-04,155.3911895751953,156.1381189675761,153.59855599421792,154.1761832145505,22951600
2026-02-05,154.2060546875,156.32733896295855,154.04670610797928,154.8235266340636,21421600
2026-02-06,157.06431579589844,157.15394367385912,155.2716822550997,155.40113968004835,13616200
2026-02-09,155.6800079345703,157.50250224586844,155.39118673153078,156.9248902324236,11823000
2026-02-10,154.69406127929688,156.51657085283247,154.6044333977257,156.01861791568015,11103400
2026-02-11,155.61029052734375,155.73976315188406,153.74795143313406,154.54466396358012,11738400
2026-02-12,155.36131286621094,156.77549735207606,154.84343756835472,155.57045978144893,19409100
2026-02-13,157.02447509765625,158.14985358209876,155.87918943736545,155.87918943736545,16647900
2026-02-17,156.7257080078125,158.25941161732987,156.4867003153399,157.38300955474853,14881100
2026-02-18,157.02447509765625,157.15394772225721,155.83934469303404,156.55639812782533,11886300
2026-02-19,156.61614990234375,157.07427328382445,155.55053853538945,156.5563979822196,11226900
2026-02-20,156.17796325683594,156.60619547965447,155.2318405388557,156.3572190162528,13368500
2026-02-23,157.8909149169922,158.0303411353314,156.4866991452607,156.4866991452607,17053500
2026-02-24,157.22366333007812,157.8510889249044,156.66595844415187,157.36308955155968,12887100
2026-02-25,157.18382263183594,158.5780847477688,156.97467571628732,157.22365217958372,11011500
2026-02-26,156.77549743652344,157.52242682570565,155.45094082948228,157.42284535827173,15344400
2026-02-27,159.5441131591797,159.58395790287472,156.0684114894883,156.098287449101,14250100
2026-03-02,157.88095092773438,159.1855851411726,157.3431684628021,158.53825242645377,18641400
2026-03-03,156.09829711914062,156.74562987927294,154.36541537266967,156.01862282313203,21432600
2026-03-04,156.4070281982422,156.93485712156416,155.03267316210358,156.09829979361822,12745700
2026-03-05,153.27987670898438,155.06254153700095,152.09474628755586,154.4948830909264,20476400
2026-03-06,152.0748291015625,152.3636503248002,150.33199376268598,152.15450339775504,18174000
2026-03-09,153.62843322753906,153.9172544382579,150.51125820432938,151.15859093789777,18675700
2026-03-10,152.52297973632812,153.90728830433338,152.38355352071312,153.77783087318087,17247500
2026-03-11,152.22421264648438,152.5329410232913,151.31793469137457,152.2142438625119,12503800
2026-03-12,149.54522705078125,151.86568951985439,149.41575442662193,151.32789184743677,15670500
2026-03-13,149.17672729492188,151.67646064893157,149.05722345837916,150.42160957996512,15129300
2026-03-16,150.39173889160156,151.10879232862237,149.7643285314465,150.13280883791197,10896600
2026-03-17,149.02735900878906,151.2283177451074,148.92776233976687,150.60089216216744,11938600
2026-03-18,146.53758239746094,148.4397661692212,146.4081097774648,148.11111542360422,15565400
2026-03-19,146.009765625,147.48370211230892,145.7010372252581,146.53759453997517,16913000
2026-03-20,144.73500061035156,146.41808394694147,144.06774550700433,145.88028627203522,16582200
2026-03-23,144.77000427246094,146.77000427246094,144.60000610351562,146.55999755859375,21815400
2026-03-24,144.7899932861328,145.3000030517578,143.3800048828125,143.9499969482422,24230900
2026-03-25,146.24000549316406,146.69000244140625,145.35000610351562,145.69000244140625,17743300
2026-03-26,145.74000549316406,146.91000366210938,145.6300048828125,145.75,13321000
2026-03-27,143.25999450683594,145.8000030517578,143.07000732421875,145.72000122070312,12932200
2026-03-30,143.82000732421875,144.6300048828125,143.42999267578125,144.3000030517578,14799700
2026-03-31,146.61000061035156,146.75,144.60000610351562,144.80999755859375,17866000
2026-04-01,147.72999572753906,148.75999450683594,146.9499969482422,147.22000122070312,16899200
2026-04-02,146.80999755859375,148.36000061035156,146.27000427246094,146.92999267578125,11087900
2026-04-06,146.27999877929688,147.13999938964844,145.75999450683594,146.27999877929688,7272600
2026-04-07,146.57000732421875,146.91000366210938,144.8800048828125,146.91000366210938,10263400
2026-04-08,149.6699981689453,149.6999969482422,147.5,148.1999969482422,8130700
2026-04-09,149.3300018310547,150.22000122070312,148.3000030517578,148.8300018310547,6406400
2026-04-10,147.30999755859375,149.83999633789062,147.11000061035156,149.77999877929688,6217800
2026-04-13,147.97000122070312,148.0500030517578,146.24000549316406,146.8800048828125,6182800
2026-04-14,148.8300018310547,149.60000610351562,147.24000549316406,147.3800048828125,7722300
2026-04-15,147.77000427246094,149.2100067138672,146.88999938964844,148.86000061035156,6668000
