Price,Close,High,Low,Open,Volume
Ticker,IWM,IWM,IWM,IWM,IWM
Date,,,,,
2000-05-26,32.66813278198242,32.66813278198242,32.377848621923796,32.53415547733998,74800
2000-05-30,33.873939514160156,33.873939514160156,33.13706409954758,33.13706409954758,57600
2000-05-31,33.99674987792969,34.43217623104603,33.98558509964465,33.98558509964465,36000
2000-06-01,34.76712417602539,34.76712417602539,34.69455310757832,34.69455310757832,7000
2000-06-02,36.5757942199707,36.5757942199707,36.341334000611916,36.341334000611916,29400
2000-06-05,36.441837310791016,36.84376933995415,36.397178196439555,36.48649642514248,48400
2000-06-06,36.79910659790039,37.44666369215956,36.687458823028116,37.01681975890131,151800
2000-06-07,36.84377670288086,36.84377670288086,36.2408785386519,36.57582196322355,131000
2000-06-08,36.754459381103516,37.245709749502225,36.754459381103516,37.245709749502225,91400
2000-06-09,37.402000427246094,37.402000427246094,37.08938669233179,37.11171624482567,41600
2000-06-12,36.29112243652344,37.51366601652631,36.263210482642094,37.51366601652631,85200
2000-06-13,36.754459381103516,36.754459381103516,35.86127689310586,36.20180271665497,168200
2000-06-14,36.5757942199707,37.0558794310387,36.5757942199707,37.0558794310387,43200
2000-06-15,36.620479583740234,36.620479583740234,36.00083427371048,36.35252485507872,26800
2000-06-16,36.41952133178711,36.79912394530052,36.41952133178711,36.77679437979973,30200
2000-06-19,37.335018157958984,37.335018157958984,36.45300068353352,36.62047235589279,59200
2000-06-20,37.580657958984375,37.63648187157942,37.245714483414105,37.390856656161226,47000
2000-06-21,37.78083419799805,37.847861106687574,37.26696123137832,37.26696123137832,66800
2000-06-22,36.641380310058594,37.892549393816694,36.641380310058594,37.892549393816694,139600
2000-06-23,36.39561080932617,36.99885297743655,36.10516087653229,36.99885297743655,235800
2000-06-26,36.84246063232422,36.84246063232422,36.37327223130614,36.54083951738402,93600
2000-06-27,36.26155090332031,37.22226975041999,36.26155090332031,36.89830641825847,112800
2000-06-28,37.17757797241211,37.31163173913956,36.41793996095657,36.41793996095657,170600
2000-06-29,36.59666442871094,37.06585243420723,36.48495299883086,36.99882557627919,212200
2000-06-30,36.948585510253906,36.948585510253906,36.31741541763733,36.619036523843484,1171800
2000-07-03,37.46803283691406,37.46803283691406,36.82010621063469,36.864790805550506,15800
2000-07-05,37.043540954589844,37.26696400015432,36.91507270339027,37.255792847876094,138800
2000-07-06,37.47921371459961,37.47921371459961,36.708404252212915,37.05470995270549,154600
2000-07-07,37.71379470825195,37.859019628633256,37.48478617995836,37.48478617995836,71800
2000-07-10,37.959590911865234,38.09364479383768,37.69148314792034,37.69148314792034,44800
2000-07-11,37.91488265991211,38.10479220770778,37.78082886146811,37.892540360171445,253200
2000-07-12,38.67452621459961,38.67452621459961,38.07128403794208,38.11596864362041,45200
2000-07-13,38.79741668701172,38.79741668701172,38.60750707466527,38.708047457672215,102600
2000-07-14,38.83090591430664,38.99847311474237,38.51811380682661,38.99847311474237,54800
2000-07-17,38.9649772644043,39.03200417483618,38.76389653310863,38.86443689875646,46600
2000-07-18,38.29469680786133,38.70802929966146,38.29469680786133,38.70802929966146,235400
2000-07-19,37.62441635131836,38.171802456192054,37.62441635131836,38.171802456192054,35400
2000-07-20,38.2500114440918,38.2500114440918,37.98190388724069,37.98190388724069,150400
2000-07-21,37.199920654296875,38.026585557725696,37.199920654296875,38.026585557725696,150600
2000-07-24,36.65814208984375,37.401023835683944,36.579944011334256,37.401023835683944,37000
2000-07-25,36.730743408203125,36.94858084629922,36.507320394771234,36.94858084629922,36800
2000-07-26,36.66373825073242,36.66373825073242,36.08283807125707,36.462657419375574,15800
2000-07-27,35.6583137512207,36.59110485342212,35.6583137512207,36.59110485342212,275000
2000-07-28,35.03273391723633,35.86498477081863,34.9433646980597,35.86498477081863,171600
2000-07-31,35.92640686035156,35.92640686035156,34.809292219171475,35.21145348999631,166400
2000-08-01,35.69183349609375,35.79237387213909,35.49075274400308,35.658320037411976,263400
2000-08-02,35.747676849365234,35.94875753164291,35.39020008087158,35.47956927299499,388600
2000-08-03,35.725364685058594,35.792391635687224,35.05509517877232,35.05509517877232,1084200
2000-08-04,35.9040641784668,36.161000543154024,35.691812398942574,36.149829396863275,570400
2000-08-07,36.56875991821289,36.56875991821289,36.03813028750719,36.03813028750719,88200
2000-08-08,36.39561080932617,36.57434922950702,36.39561080932617,36.462637716893994,49600
2000-08-09,36.13308334350586,36.66371294895231,36.13308334350586,36.66371294895231,23000
2000-08-10,35.92640686035156,36.17217208141118,35.81469539623355,36.13865864217578,43000
2000-08-11,36.55201721191406,36.55201721191406,35.56895562430757,35.56895562430757,176000
2000-08-14,36.93182373046875,36.93182373046875,36.41795080499943,36.44029310610679,56800
2000-08-15,36.39561080932617,36.909483767346124,36.39561080932617,36.8536280110396,189200
2000-08-16,36.57435607910156,36.84246375958368,36.417959932153664,36.55201377239472,219400
2000-08-17,36.90948486328125,37.06588098558329,36.61903492186318,36.7084041346072,358800
2000-08-18,36.8536376953125,37.13291655023303,36.77543961593475,37.043547316658454,52200
2000-08-21,36.9876823425293,37.12173615953635,36.75308816276695,37.088222705284586,129200
2000-08-22,36.93182373046875,37.24461594597181,36.93182373046875,37.01002178434452,195600
2000-08-23,36.875972747802734,36.99885541978875,36.73074777181926,36.88714389980146,153000
2000-08-24,37.423343658447266,37.62442431094041,37.077038090264615,37.077038090264615,276200
2000-08-25,37.57976150512695,37.669130735816914,37.33399612072957,37.445707659092015,208600
2000-08-28,37.64676284790039,37.981897235270424,37.579735970426384,37.75847431035707,156000
2000-08-29,38.00423812866211,38.00423812866211,37.62441917029218,37.736130628636275,140200
2000-08-30,38.04893493652344,38.182988729605725,37.83668309747648,37.97073689055877,619000
2000-08-31,38.42877197265625,38.71922199337982,38.18300657050554,38.18300657050554,151200
2000-09-01,38.741546630859375,38.8085735281446,38.42316886875456,38.60749283628893,186800
2000-09-05,38.47344207763672,38.80857659050812,38.47344207763672,38.691279511003124,110400
2000-09-06,38.30585861206055,38.65216412882167,38.25000288355069,38.65216412882167,217800
2000-09-07,38.8755989074707,38.897941205693385,38.47343753946239,38.47343753946239,213800
2000-09-08,38.20532989501953,38.76388734962508,38.20532989501953,38.680103731434244,128600
2000-09-11,38.2500114440918,38.54604687144823,38.115957665666244,38.40082194482055,314600
2000-09-12,38.127132415771484,38.473438042753294,38.0712766694841,38.473438042753294,93000
2000-09-13,38.31704330444336,38.38407020235201,37.959566515597245,37.959566515597245,81200
2000-09-14,38.54045486450195,38.68567976688993,38.31144636458245,38.484599132814274,114000
2000-09-15,37.82552719116211,38.384084887428536,37.75850026761014,38.33940027172722,67000
2000-09-18,36.93182373046875,37.99308303306842,36.82569780020878,37.99308303306842,201400
2000-09-19,37.535057067871094,37.69145313898722,36.91505835737501,37.1664091859545,54800
2000-09-20,37.23679733276367,37.52823524084671,37.03503262716772,37.52823524084671,40400
2000-09-21,36.541831970214844,37.304054232170245,36.541831970214844,37.304054232170245,207400
2000-09-22,37.01261520385742,37.01261520385742,35.869281845046565,35.869281845046565,127600
2000-09-25,37.05746841430664,37.4329751269138,37.035050103106215,37.4329751269138,113800
2000-09-26,36.53063201904297,37.035043937072096,36.3400764055653,37.035043937072096,65200
2000-09-27,36.36250305175781,36.87812424176424,36.227993176103965,36.69877774089244,43600
2000-09-28,37.34890365600586,37.41615858455809,36.42975296579203,36.45217127530944,121000
2000-09-29,37.1695556640625,37.444179944451385,37.1695556640625,37.31527466998313,130400
2000-10-02,36.564266204833984,37.449789512676375,36.564266204833984,37.449789512676375,169600
2000-10-03,36.03184127807617,37.007038102214494,36.03184127807617,37.007038102214494,151000
2000-10-04,36.28403854370117,36.28403854370117,35.73478989104706,36.194365294288254,99800
2000-10-05,35.914127349853516,36.45216671090001,35.891709043143244,36.31765687063839,408800
2000-10-06,35.03981018066406,35.981378976305706,34.99497357134779,35.981378976305706,185600
2000-10-09,34.96135330200195,35.06223569370379,34.658706126896455,35.06223569370379,361800
2000-10-10,34.120670318603516,35.19114469949268,34.120670318603516,35.006193628449005,420400
2000-10-11,34.008583068847656,34.300021157110685,33.71714498058462,34.23276621366537,168200
2000-10-12,32.977317810058594,34.322415749286,32.977317810058594,34.322415749286,161400
2000-10-13,34.255184173583984,34.535413101705586,33.04459520409869,33.06701351834842,378800
2000-10-16,34.524200439453125,34.815638495110846,34.232762383795404,34.43452719155844,1098000
2000-10-17,33.65547561645508,34.61946259497802,33.40887429636781,34.52418481221703,265800
2000-10-18,33.38087844848633,33.58264332829585,32.7307471691001,32.87086166896782,343600
2000-10-19,34.412109375,34.50178262418567,33.91890650447883,33.91890650447883,150600
2000-10-20,34.84926986694336,35.17433542697596,34.66431877244205,34.68113250830581,264800
2000-10-23,35.196746826171875,35.241583446332605,34.91091337264723,35.039818655609324,143200
2000-10-24,34.68113708496094,35.533033147810656,34.68113708496094,35.30884997337652,73800
2000-10-25,33.90769577026367,34.79321906475981,33.90769577026367,34.613872574735275,33000
2000-10-26,34.43451690673828,34.43451690673828,33.60503961145878,34.227147582918406,105800
2000-10-27,34.4569206237793,34.61384869428447,34.1654827785554,34.1654827785554,138800
2000-10-30,34.61387634277344,34.81564116601499,34.098255127822796,34.38969320583838,73600
2000-10-31,35.51060485839844,35.639510147499315,34.74838227936716,34.74838227936716,285000
2000-11-01,35.53302001953125,35.667529874494775,35.353673546246554,35.398510164567725,528200
2000-11-02,36.38491439819336,36.45216932314381,35.779620073639315,35.79082922779772,211800
2000-11-03,36.340091705322266,36.45218328985442,36.1383268531644,36.4409741314012,224200
2000-11-06,36.05983352661133,36.65391844327605,36.026206078498234,36.65391844327605,68200
2000-11-07,36.36250305175781,36.36250305175781,35.91413679957831,36.08227414414562,79400
2000-11-08,35.71236038208008,36.407327847142525,35.71236038208008,36.38490954181793,192600
2000-11-09,35.33127212524414,35.645128603514074,34.815650768086385,35.42094540474984,249000
2000-11-10,34.43451690673828,35.420922338962555,34.43451690673828,35.420922338962555,189000
2000-11-13,34.087039947509766,34.356059664293795,33.22393502282767,34.075830792643764,160800
2000-11-14,34.905303955078125,35.01739548993708,34.70353919233201,34.74837580627559,129600
2000-11-15,35.35368728637695,35.465778875744036,34.83806597528839,34.95015756465547,542200
2000-11-16,34.32804489135742,35.32565991024095,34.32804489135742,34.89410734589246,165400
2000-11-17,34.546607971191406,35.079042714420346,34.456934751279164,34.79320932595007,215400
2000-11-20,33.6498908996582,34.32244035135024,33.627472584601804,34.21034877606823,79800
2000-11-21,33.4537353515625,33.76198722697479,33.31362086273874,33.76198722697479,84400
2000-11-22,32.753170013427734,33.35846473646849,32.61866007497423,33.20153647493941,123400
2000-11-24,33.67230987548828,33.78440145296993,33.06701535708736,33.1510840401986,82200
2000-11-27,33.767581939697266,34.47375875702537,33.76197736178196,34.367271776634624,235600
2000-11-28,32.753170013427734,33.87408616720692,32.641078398049814,33.6274846133755,171000
2000-11-29,32.663475036621094,32.99974965951013,32.327200413732065,32.99974965951013,526800
2000-11-30,31.9685115814209,32.484132735959946,31.542563671149512,32.28236793635771,214600
2000-12-01,32.68588638305664,33.179089058246795,32.372030135208355,32.41686674204383,309200
2000-12-04,32.32719421386719,32.80918774756909,32.282357606080964,32.80918774756909,528200
2000-12-05,33.896484375,33.896484375,32.82040550595238,32.82040550595238,392400
2000-12-06,33.111839294433594,34.09824479812695,33.111839294433594,33.78438850149725,310800
2000-12-07,33.02215576171875,33.29117536059222,32.79797276265752,32.79797276265752,236200
2000-12-08,33.47052764892578,34.344841499098656,33.47052764892578,33.694710687431645,359600
2000-12-11,34.99496841430664,34.99496841430664,34.27758277096403,34.41209257909077,250800
2000-12-12,34.232730865478516,34.99495277080024,34.232730865478516,34.99495277080024,323200
2000-12-13,33.595272064208984,34.51299107652105,33.57838153024005,34.51299107652105,525400
2000-12-14,33.060420989990234,33.75856339509221,33.060420989990234,33.51083544489473,593800
2000-12-15,32.880252838134766,32.93655464093979,32.42983841569456,32.67756634803668,389000
2000-12-18,33.37570571899414,33.488309314537304,33.01537421325602,33.037894932364644,239600
2000-12-19,32.7901611328125,33.690989735362294,32.7901611328125,33.33065829434238,453800
2000-12-20,31.754213333129883,32.42983489340924,31.64160973974999,32.23840878466342,261400
2000-12-21,32.0019416809082,32.3960542631854,31.52900658217557,31.75421377204825,404600
2000-12-22,33.33066940307617,33.398231570785114,32.47488194542962,32.51992339056891,885600
2000-12-26,33.5220947265625,33.58965689262208,33.16176317424473,33.33066858939369,514000
2000-12-27,34.41167068481445,34.41167068481445,33.285634340416074,33.510841609295746,741200
2000-12-28,35.515193939208984,35.58275613440089,34.389157352677316,34.389157352677316,1201000
2000-12-29,34.501766204833984,35.75166700402999,34.45672473459268,35.65032369598707,1803800
2001-01-02,33.29689025878906,34.501748986448995,33.03790193415188,34.501748986448995,826000
2001-01-03,34.6762809753418,35.13232558631804,32.94781559793801,32.9703363194677,1409800
2001-01-04,34.231483459472656,34.794501279529776,34.09635918265895,34.54677343870464,506600
2001-01-05,33.173011779785156,34.186443911550484,33.015366781510544,34.186443911550484,263200
2001-01-08,33.28563690185547,33.33067835909749,32.67757722908815,33.06042961564535,423400
2001-01-09,33.23496627807617,33.555886670732505,33.037909896620526,33.28563791902191,327600
2001-01-10,34.29905319213867,34.29905319213867,32.92528940703003,32.92528940703003,1021800
2001-01-11,34.76637268066406,34.90712722592991,34.05133959071357,34.05133959071357,431200
2001-01-12,34.862064361572266,35.11542238745579,34.456691520158635,34.63685722745358,1014200
2001-01-16,35.56022644042969,35.56022644042969,34.614355946130736,34.77200102851389,445200
2001-01-17,35.53768539428711,36.16826536326052,35.289957549333266,36.10070322372765,1089600
2001-01-18,35.672828674316406,35.672828674316406,35.143591632746684,35.627787223970046,916200
2001-01-19,35.042236328125,35.96558574294063,34.87333094736604,35.96558574294063,590800
2001-01-22,35.28996658325195,35.38004945902286,34.78325040704061,34.95215579911106,237600
2001-01-23,36.16827392578125,36.16827392578125,35.22240374839469,35.31248662243151,3197400
2001-01-24,36.03315734863281,36.32592675209045,35.89803300857544,36.21332313537597,938800
2001-01-25,35.89802932739258,36.14575725876103,35.751644640674854,36.050044194368674,772000
2001-01-26,35.89802932739258,36.03315365359355,35.43635454620591,35.695342838091115,435200
2001-01-29,36.62770080566406,36.62770080566406,35.81335077296941,35.81335077296941,596800
2001-01-30,36.86550521850586,36.86550521850586,36.33942169634748,36.75380336251161,1381400
2001-01-31,36.357452392578125,37.13216574182484,36.357452392578125,36.915964621766086,922400
2001-02-01,36.62409210205078,36.62409210205078,36.213314426986976,36.375462496418606,702800
2001-02-02,35.80615234375,36.681758248123145,35.80615234375,36.681758248123145,856000
2001-02-05,35.87820816040039,36.029546734053014,35.64039079453359,35.67281931069719,541600
2001-02-06,36.447532653808594,36.570044047189775,35.94306799182044,35.94306799182044,424800
2001-02-07,36.537620544433594,36.609685756415395,36.051173490777366,36.051173490777366,406600
2001-02-08,35.989933013916016,36.681772040435575,35.94309087764087,36.62772172989472,2393800
2001-02-09,35.52870178222656,36.01514898238649,35.40258624872028,35.943083748700744,985000
2001-02-12,36.32141876220703,36.357451364827774,35.49625924136855,35.54670543485987,443200
2001-02-13,35.97911071777344,36.93399003433724,35.97911071777344,36.627708715582216,913000
2001-02-14,36.357452392578125,36.357452392578125,35.78092248701479,36.17728662527012,336000
2001-02-15,36.537620544433594,36.80786921303279,36.40429687824447,36.75381892949063,1262000
2001-02-16,35.74848556518555,36.17728090327365,35.636783686837624,35.70884888271802,675400
2001-02-20,35.33411407470703,36.03315822396778,35.13953469040419,35.92505764965116,631000
2001-02-21,34.717952728271484,35.366550775509204,34.60985488647335,35.024234070367875,399600
2001-02-22,34.231483459472656,34.7683764829282,33.961234905845245,34.717930306179916,526600
2001-02-23,34.303565979003906,34.41166655473682,33.31265411486227,34.15943554350914,380800
2001-02-26,35.06026840209961,35.128729541824285,34.487339685707205,34.64588648128208,903200
2001-02-27,34.4296989440918,35.06027949069338,34.32159832217203,35.06027949069338,448400
2001-02-28,33.92521286010742,34.51976041271216,33.81711230541154,34.51976041271216,316200
2001-03-01,34.15944290161133,34.15944290161133,33.402744206708206,33.889194153178046,541600
2001-03-02,34.249515533447266,34.699929978920736,33.60091763232083,33.618935309784405,1030800
2001-03-05,34.12339401245117,34.609843766136535,34.08736141009594,34.59182609040325,522200
2001-03-06,34.62784957885742,34.73595010658288,34.45849336833917,34.591816985985815,522000
2001-03-07,34.80800247192383,35.02420069863449,34.68188706876841,34.88007038023378,394600
2001-03-08,34.51976013183594,34.880091645741906,34.51976013183594,34.80441960860372,830400
2001-03-09,33.90739440917969,34.499536928263204,33.90739440917969,34.15652576173877,246600
2001-03-12,32.94697570800781,33.66910120297784,32.733950009242925,33.66910120297784,1006400
2001-03-13,33.28997039794922,33.28997039794922,32.4992451823675,33.14554756265563,672200
2001-03-14,32.49563217163086,33.32607720678142,32.387312295849874,32.40536652670966,655800
2001-03-15,32.36927032470703,33.00113002469694,32.31511037091281,32.874758635636894,561600
2001-03-16,31.773513793945312,32.62201048636846,31.64714241502092,32.44147915799377,301400
2001-03-19,32.60396957397461,32.640075300414274,31.596604104572844,32.13458686618786,784600
2001-03-20,31.84573745727539,32.91448575595054,31.845737457275387,32.53175731957844,625200
2001-03-21,31.358291625976562,31.99015128411819,31.10554886459571,31.863779903427766,494800
2001-03-22,31.051401138305664,31.322198241256007,30.02237269803249,31.141666839289112,1193000
2001-03-23,31.863788604736328,31.954054294834734,31.412460154244314,31.683257224539524,297200
2001-03-26,32.29705047607422,32.477581787298085,31.99014779793148,32.13457339784841,1011600
2001-03-27,32.557037353515625,32.71229449316202,31.809637345146008,32.351231633955614,633200
2001-03-28,31.683259963989258,32.13458845350477,31.611048507542968,32.09848272528163,1233200
2001-03-29,31.7374267578125,32.27902106168407,31.593001059175197,31.683266776487123,591800
2001-03-30,32.35122299194336,32.441488682632205,31.73741739713533,31.936000263836625,231400
2001-04-02,31.592979431152344,32.495635986328125,31.538819486903957,32.33315890827216,340200
2001-04-03,30.520626068115234,31.520771174322995,30.419528964532386,31.520771174322995,507400
2001-04-04,30.618125915527344,30.99724019495755,30.47370024754372,30.563965945697174,356400
2001-04-05,32.0984992980957,32.0984992980957,31.05141611086085,31.05141611086085,950000
2001-04-06,31.195833206176758,31.694098986064674,31.141673223545407,31.593001820988096,405000
2001-04-09,31.881837844848633,31.99015500316602,31.44856094750963,31.629092299395094,569800
2001-04-10,32.64008331298828,32.766454763894295,32.02627479407317,32.04432903907018,769000
2001-04-11,32.42344284057617,33.14556849177216,32.17792000898191,33.14556849177216,526800
2001-04-12,32.82060241699219,32.85670813873411,32.15263692335152,32.22484836683538,492000
2001-04-16,32.22846221923828,32.7844991914077,32.22846221923828,32.67617926324462,262400
2001-04-17,32.748390197753906,32.89281584813904,32.04431893982536,32.04431893982536,295400
2001-04-18,33.705204010009766,34.66202075898215,33.21776989402456,33.27192985239845,688600
2001-04-19,34.080726623535156,34.11683236229275,33.47052944617412,33.68716938810224,251200
2001-04-20,33.68354034423828,33.93989453623644,33.21776912057183,33.93989453623644,504000
2001-04-23,33.07334899902344,33.380251800896154,33.03724327316023,33.21777465716657,305200
2001-04-24,33.32608413696289,33.58965833231745,33.03723291127271,33.28997566773454,319200
2001-04-25,34.048213958740234,34.08431967806406,33.185274319858735,33.39829999215216,390200
2001-04-26,34.53565216064453,34.625917847026415,34.066269489582716,34.12042945234987,323600
2001-04-27,34.98699188232422,34.98699188232422,34.62592902028721,34.75230047106196,1658400
2001-04-30,35.0230712890625,35.42023958779449,34.84615139097705,35.25776252389607,1112800
2001-05-01,35.45636749267578,35.45636749267578,34.6728618416816,34.89672177969023,563400
2001-05-02,35.3661003112793,35.60079168323375,35.023091751670094,35.52858022479726,590200
2001-05-03,34.92919158935547,35.11333426788293,34.77032593475082,35.07722856250408,385600
2001-05-04,35.42026138305664,35.5646870591079,34.47066717712646,34.7161900000064,754000
2001-05-07,35.2036247253418,35.74521895188551,35.16751899451035,35.60079327386905,269000
2001-05-08,35.38416290283203,35.56469434621383,35.04115426228311,35.42026864057015,437800
2001-05-09,35.16751480102539,35.528577575666944,35.059194866756776,35.059194866756776,237000
2001-05-10,35.2036247253418,35.69105897829301,35.2036247253418,35.69105897829301,562600
2001-05-11,34.99418258666992,35.51050215666295,34.89669690772074,35.25775946702527,1009600
2001-05-14,34.98699188232422,35.13863762325392,34.770354716040224,34.994211927500906,249400
2001-05-15,35.32999801635742,35.45636945825066,34.96893517969625,35.02309515613359,435000
2001-05-16,36.0088005065918,36.01602055178124,35.05920341475561,35.05920341475561,633200
2001-05-17,36.38069152832031,36.413185860774284,35.92575159112928,36.01601729864468,173600
2001-05-18,36.521507263183594,36.59371873018958,36.19655015227487,36.19655015227487,309000
2001-05-21,37.153358459472656,37.153358459472656,36.35901873669956,36.413178701498445,376000
2001-05-22,37.33388900756836,37.47831465891889,36.93672053237203,37.261674804548,896200
2001-05-23,36.467342376708984,37.171413726660326,36.467342376708984,37.06309654073194,659000
2001-05-24,36.84645462036133,36.95477179219736,36.22181485281525,36.68397473057204,540200
2001-05-25,36.5756721496582,36.90062654948864,36.5756721496582,36.86452081113985,339600
2001-05-29,36.10626983642578,36.647863883972164,36.10626983642578,36.647863883972164,753600
2001-05-30,35.63689041137695,36.07016734094784,35.49246752287668,36.07016734094784,849400
2001-05-31,35.781333923339844,36.17850257443694,35.6730167028723,35.799388170763464,972000
2001-06-01,36.203758239746094,36.28680387859652,35.564678428276196,36.0160068347264,538200
2001-06-04,36.67673110961914,36.67673110961914,36.21457152896672,36.3770485596157,417800
2001-06-05,37.189449310302734,37.351926385025486,36.62980115569922,36.68396109883652,1191600
2001-06-06,36.954769134521484,37.27972613603997,36.882557691824026,37.189460455323164,1081200
2001-06-07,37.110023498535156,37.24361768790333,36.82839503606853,36.82839503606853,262800
2001-06-08,36.89423751831055,37.14768063198882,36.58648437675185,37.111474867509465,545400
2001-06-11,36.40544509887695,36.89422972186582,36.387340839301665,36.89422972186582,513400
2001-06-12,36.49596405029297,36.749407132484585,36.01079802711162,36.206312445797614,690200
2001-06-13,36.4453010559082,36.93046465785054,36.351163803917764,36.65891712360164,759400
2001-06-14,35.53650665283203,36.22442734376533,35.53650665283203,36.11580726960414,865200
2001-06-15,35.75374221801758,35.89856805541594,35.42788477445204,35.48219480876681,817800
2001-06-18,35.48219680786133,35.844260040594605,35.30116519149469,35.66322842422797,685600
2001-06-19,35.37356185913086,35.88045072428395,35.18529027269678,35.84424496869918,763600
2001-06-20,35.789939880371094,35.880455662952876,35.12012364173042,35.12012364173042,861400
2001-06-21,35.840641021728516,36.061499829390414,35.681335067096235,35.71754084031615,776800
2001-06-22,35.19253921508789,35.934769822651106,35.120127685613674,35.934769822651106,673400
2001-06-25,34.946327209472656,35.39890605873828,34.84857139345299,35.373561753672284,1857600
2001-06-26,35.48219680786133,35.518402578670006,34.703760305020126,34.75807034239477,1007600
2001-06-27,35.82615661621094,35.916672426522055,35.44599187029823,35.554609185277585,989000
2001-06-28,36.27873611450195,36.47787200456789,36.025292947439254,36.025292947439254,922600
2001-06-29,36.89423751831055,37.0752691030301,36.369244265230165,36.53217434887143,2283200
2001-07-02,36.061485290527344,36.785611512274166,35.95648665689537,36.785611512274166,2142000
2001-07-03,35.84425354003906,36.03976798173619,35.69942772074607,35.93476933180684,1084800
2001-07-05,35.37356185913086,35.84062356444407,35.31925460691474,35.482181888207265,849600
2001-07-06,34.72186279296875,35.283059117564264,34.59514122046802,35.15633754506354,588600
2001-07-09,35.0477180480957,35.1020253169716,34.48651899624599,34.84858218780763,895400
2001-07-10,34.396026611328125,35.15635927869252,34.24396063032021,35.15635927869252,775600
2001-07-11,34.396026611328125,34.48292106300053,33.84931004647607,34.323615028655254,1103400
2001-07-12,35.23961639404297,35.301166482901706,34.66755580243937,34.685660069667634,1254200
2001-07-13,35.40976333618164,35.53648483669216,35.01149181697494,35.15631757283905,241200
2001-07-16,34.812374114990234,35.47856901741694,34.812374114990234,35.37357036734089,547200
2001-07-17,35.50029373168945,35.50029373168945,34.72185738985689,34.79426891649694,558400
2001-07-18,34.83047866821289,35.442366358981715,34.812377165641436,35.0115102678654,877800
2001-07-19,35.120121002197266,35.543734169884985,34.93908945063955,35.19253251789145,431000
2001-07-20,35.120121002197266,35.337358311602074,34.93908945063955,34.93908945063955,629600
2001-07-23,34.86668395996094,35.35546868116506,34.75806390532769,35.35546868116506,1452000
2001-07-24,34.287391662597656,34.8847966297025,33.96153691901648,34.7580750336072,588200
2001-07-25,34.48651885986328,34.50462312429894,34.001355511004355,34.359797295782435,603600
2001-07-26,34.99340057373047,35.15632787034907,34.200481468922625,34.39961728685411,622800
2001-07-27,34.93910598754883,35.14910334970626,34.81962444401199,34.9934160311859,592200
2001-07-30,34.88479232788086,35.12013398436446,34.64945067139727,35.08392821313389,378000
2001-07-31,34.84133529663086,35.3627043117042,34.80150813239521,34.9716754786574,652200
2001-08-01,35.37356185913086,35.40977037703772,34.92098300851597,35.138223066668786,439000
2001-08-02,35.26495361328125,35.66322255123659,35.083922026726746,35.645118287652025,553000
2001-08-03,35.17443084716797,35.40615101103664,34.794263485837234,35.3011523801708,303000
2001-08-06,34.685646057128906,35.12012067185179,34.61323177979361,35.12012067185179,236800
2001-08-07,34.72186279296875,34.794274330876846,34.50462541692135,34.6856570240147,427400
2001-08-08,33.94342803955078,34.87393043638207,33.94342803955078,34.39600708007812,1126400
2001-08-09,34.287391662597656,34.287391662597656,33.83481256059756,34.10636002179762,535200
2001-08-10,34.25119400024414,34.46843146819816,33.85654625573218,34.160678158402945,425400
2001-08-13,34.54081726074219,34.62047157772231,34.254787105369005,34.45030149368695,1614800
2001-08-14,34.649452209472656,34.902898143983535,34.548074940597665,34.59514493137777,4667800
2001-08-15,34.60600662231445,34.84134829084507,34.403249320862336,34.667556712789455,931600
2001-08-16,34.83047866821289,34.93909873293359,34.21497233432357,34.486519733802325,1579400
2001-08-17,34.287391662597656,34.7580750336072,34.25118588690237,34.540837617111876,2412000
2001-08-20,34.66755676269531,34.66755676269531,34.233081960415966,34.25118346582228,2469600
2001-08-21,34.070152282714844,34.75807303057636,34.033946509106016,34.649452947426425,910400
2001-08-22,34.522727966308594,34.522727966308594,33.95428881330415,34.35980061991697,1277800
2001-08-23,34.070152282714844,34.75445162451844,34.070152282714844,34.46842131705884,842200
2001-08-24,34.79426574707031,34.79426574707031,34.341686840988956,34.3959968621832,2401000
2001-08-27,34.66755676269531,34.92099993697102,34.52273090782772,34.79427834983317,249400
2001-08-28,34.287391662597656,34.64945494419773,34.21498011120709,34.6313534375119,985000
2001-08-29,34.14257049560547,34.41411797220151,33.96153884454144,34.41411797220151,653000
2001-08-30,33.711700439453125,34.1063479508074,33.53066886272416,33.96152489928234,959400
2001-08-31,33.9941291809082,34.08464502232341,33.766030254978624,33.8167189051852,995600
2001-09-04,33.6718864440918,34.211359980336816,33.6718864440918,33.92532964573074,697400
2001-09-05,33.43653106689453,33.79859421382858,33.092572182236225,33.744284189323956,569200
2001-09-06,32.65811538696289,33.23741899800893,32.65811538696289,33.12879888035671,305400
2001-09-07,32.05344772338867,32.62188671398711,31.92310477858576,32.33223787400917,4950200
2001-09-10,31.807239532470703,32.07878682972399,31.535692235217414,31.8072395324707,4777800
2001-09-17,30.232288360595703,30.771761954298125,29.68919336010596,29.68919336010596,1338800
2001-09-18,29.743505477905273,30.35901208293601,29.544369525635453,30.31918489248205,4303400
2001-09-19,29.022981643676758,29.942619557233147,28.09609815834302,29.87382944134626,1636000
2001-09-20,27.918699264526367,28.711618718115265,27.73404622143233,28.639204405958996,732000
2001-09-21,27.39370346069336,27.534907889886785,26.6116456107085,26.97370881629637,1011200
2001-09-24,28.24094009399414,28.45093749098417,27.69784509218656,27.69784509218656,1702800
2001-09-25,28.584903717041016,28.784039687735007,28.150428751212537,28.32783903998798,924600
2001-09-26,28.161273956298828,28.82022883943991,28.005586676980297,28.67540301364918,990600
2001-09-27,28.613840103149414,28.621082910468385,27.74488830042202,28.161261326970735,1879400
2001-09-28,29.037479400634766,29.24747680540337,28.704381783478848,28.82024194432978,2264800
2001-10-01,28.889915466308594,29.176997977854395,28.3629935888102,29.14429097148332,906000
2001-10-02,29.206079483032227,29.206079483032227,28.70822695421234,28.70822695421234,1107200
2001-10-03,29.87110137939453,30.070969962460037,28.70823718470505,28.70823718470505,1441200
2001-10-04,30.1690673828125,30.503393063913467,29.816576378230785,29.980103104351322,2346200
2001-10-05,30.016448974609375,30.125468665428578,29.438651821730947,30.125468665428578,503800
2001-10-08,29.743913650512695,30.085506221919992,29.616725811952616,29.616725811952616,348000
2001-10-09,29.496809005737305,29.78025702269723,29.43503244255114,29.67124004751353,1017200
2001-10-10,30.525182723999023,30.525182723999023,29.471336575459386,29.471336575459386,638600
2001-10-11,31.015783309936523,31.397349422535424,30.88859552989878,30.88859552989878,1523400
2001-10-12,30.917692184448242,31.172067945026868,30.452546352254277,30.932228338265286,573800
2001-10-15,31.033966064453125,31.095742613771677,30.634231700203966,30.797758512514662,590600
2001-10-16,31.451887130737305,31.54273602161466,31.153902879559087,31.21567945995854,966400
2001-10-17,30.561542510986328,31.77891614518557,30.56154251098633,31.724409071143157,797400
2001-10-18,30.36528968811035,30.725052786136626,30.270808970685074,30.725052786136626,969400
2001-10-19,30.74323844909668,30.870426235630934,30.32533334549629,30.32533334549629,519200
2001-10-22,31.019418716430664,31.16114264192452,30.77230983589265,30.797747392456014,369600
2001-10-23,30.81591033935547,31.357368345527103,30.81591033935547,31.25561814543955,851600
2001-10-24,31.015783309936523,31.026684723584665,30.74323687879036,30.88859552989878,527600
2001-10-25,31.706249237060547,31.706249237060547,30.52521416519296,30.67057288238174,1195000
2001-10-26,31.706249237060547,31.851607954249328,31.397363695838717,31.397363695838717,951600
2001-10-29,31.07029151916504,31.6226510373899,31.033952551417507,31.619019081355013,516400
2001-10-30,30.416183471679688,30.815920492998675,30.2889956796627,30.815920492998675,887200
2001-10-31,30.92495346069336,31.168427756403062,30.67421247559133,30.761426610736063,1531200
2001-11-01,31.470014572143555,31.470014572143555,30.706885429574125,31.012135977608082,786000
2001-11-02,31.252002716064453,31.506378373363308,31.197492854504205,31.41552952825847,369600
2001-11-05,31.706249237060547,31.72442011639174,31.47731112891689,31.68807835772935,305600
2001-11-06,32.16050338745117,32.16050338745117,31.433712350446626,31.524561230072194,1671200
2001-11-07,31.94244384765625,32.21499029213713,31.83705888975868,31.8697631323032,584200
2001-11-08,31.869773864746094,32.30584998625967,31.59722732848263,32.10598141733844,483200
2001-11-09,31.760757446289062,31.79346170039542,31.55362218615511,31.637201572751433,421400
2001-11-12,31.887928009033203,31.898829421165143,30.910394058085213,31.50636194950365,230200
2001-11-13,32.4693603515625,32.4693603515625,32.06962618869342,32.16047498809482,442200
2001-11-14,32.792808532714844,32.792808532714844,32.13142884593704,32.705594390636335,285600
2001-11-15,32.66923141479492,32.850929028033505,32.48753380155634,32.63289244664431,363400
2001-11-16,32.70193099975586,32.760075558509264,32.443920758379214,32.58201269917598,423200
2001-11-19,33.06897735595703,33.20706659297466,32.7092167302489,32.760091858228364,316200
2001-11-20,32.88003158569336,33.305203726750506,32.74193949809359,33.068996057556056,457000
2001-11-21,32.76736831665039,32.8691186029512,32.47301887806773,32.81461150135245,384800
2001-11-23,33.24341583251953,33.26885340223749,32.7237602461494,32.7237602461494,224600
2001-11-26,33.41419219970703,33.486872913353345,33.03262884988541,33.24339876073111,549200
2001-11-27,33.30518341064453,33.555924309540806,33.108949594669355,33.39603224549491,420800
2001-11-28,32.72377395629883,33.33791061750252,32.72377395629883,33.141676666397,641400
2001-11-29,33.6867561340332,33.6867561340332,32.77826753524604,32.832777405670704,507000
2001-11-30,33.28700256347656,33.63949638070345,33.21432462636168,33.577719856907244,740200
2001-12-03,33.06897735595703,33.21797078253016,32.923618659235736,33.03263837489834,210800
2001-12-04,33.83211135864258,33.92296020910751,33.054445420461725,33.068981569234545,680400
2001-12-05,34.57708740234375,34.87870637655551,34.08650396057659,34.195520962920384,600400
2001-12-06,35.06765365600586,35.06765365600586,34.64974842063384,34.74059726430225,738000
2001-12-07,34.80237579345703,35.060388963949,34.726063093130456,34.940467818084315,526800
2001-12-10,34.19913864135742,34.951366949632174,34.1591649286845,34.795106828952555,674600
2001-12-11,34.39537811279297,34.66792468615506,34.180973366721496,34.468056090028014,429000
2001-12-12,34.449886322021484,34.56980470143242,34.06105334032667,34.48622530888804,249400
2001-12-13,33.83574295043945,34.355398437796396,33.83210822046167,34.14099372889362,796400
2001-12-14,34.22206115722656,34.22206115722656,33.7956527627554,34.00339039959132,1147400
2001-12-17,34.87807846069336,34.87807846069336,34.134598333609254,34.134598333609254,798800
2001-12-18,35.18785858154297,35.224303242905194,34.85256046758198,35.169634860587145,1727800
2001-12-19,34.9145393371582,35.125919605677055,34.670354127794255,34.89631560582249,1551600
2001-12-20,34.367820739746094,34.92543179040581,34.24026033005194,34.91449867655723,5581600
2001-12-21,35.060279846191406,35.16232873765582,34.40791323989738,34.58649393400113,1577800
2001-12-24,35.224300384521484,35.29718970133111,35.06394055088127,35.15140828716266,319000
2001-12-26,35.53408432006836,35.62155205676398,35.20607683177327,35.20607683177327,963000
2001-12-27,35.679874420166016,35.770987479062995,35.51951454673137,35.534092969820875,1705200
2001-12-28,35.716312408447266,35.90947161229893,35.62519936658898,35.82564917089695,2017600
2001-12-31,35.11497116088867,35.862099330917076,35.11497116088867,35.80743094130894,2346600
2002-01-02,35.4393424987793,35.45756622683523,34.725016291684625,35.38831939688328,1807400
2002-01-03,35.93132781982422,35.93132781982422,35.35185037007092,35.35185037007092,1013400
2002-01-04,36.244781494140625,36.386917674074475,35.82566355772315,35.98966598670821,1304400
2002-01-07,35.661651611328125,36.372335157292284,35.661651611328125,36.20832997873903,1661800
2002-01-08,36.08077621459961,36.168243984444565,35.461208442326594,35.807437000852644,743600
2002-01-09,35.716312408447266,36.492594524082065,35.716312408447266,36.35410370145525,868800
2002-01-10,35.934993743896484,35.934993743896484,35.70174451043782,35.77099133243499,365200
2002-01-11,35.49763488769531,36.06253397104935,35.38829814611771,35.98964466369684,802800
2002-01-14,34.96917724609375,35.44661137917429,34.878064222752656,35.44661137917429,781000
2002-01-15,35.20608901977539,35.20608901977539,34.790613650951194,35.05666503371415,1170000
2002-01-16,34.49174880981445,34.932735546404615,34.331388985400196,34.80517785905193,4382800
2002-01-17,34.65938949584961,34.987396897876906,34.448006638926636,34.80517087236713,813400
2002-01-18,34.22206115722656,34.863497789432884,34.18561649437894,34.65940267249705,991000
2002-01-22,34.00339126586914,34.6557582549451,33.934144458309845,34.53184584199647,1331400
2002-01-23,34.477195739746094,34.56830883777954,33.82118310223593,34.13096707943943,1752600
2002-01-24,34.75052261352539,34.907237197352984,34.65940954805702,34.65940954805702,956600
2002-01-25,34.72500228881836,34.830693751711564,34.49904372312545,34.750513829478834,770400
2002-01-28,34.950965881347656,34.98741054455498,34.622958351382536,34.84162911117609,617600
2002-01-29,34.335025787353516,34.99832837797061,34.130933538101594,34.93272690063273,1519000
2002-01-30,34.76509094238281,34.837980261371456,33.89405051188687,34.404284086455235,1250600
2002-01-31,35.060279846191406,35.060279846191406,34.62658387479659,34.8416092112922,2674000
2002-02-01,34.8598518371582,35.12225785363373,34.70678258773064,34.80518345363422,768400
2002-02-04,34.039833068847656,34.772382705544985,33.93414160639486,34.714069023964385,2787200
2002-02-05,33.908634185791016,34.14917120016314,33.67173969154821,33.94872415161132,1805200
2002-02-06,33.52958297729492,34.05803724895699,33.36558069451649,33.91225867784195,1273600
2002-02-07,33.09226989746094,33.566056218346716,33.07404617027094,33.49316687068748,1973000
2002-02-08,33.96693801879883,33.96693801879883,33.132345072870564,33.241679045520755,1737800
2002-02-11,34.116363525390625,34.258499631203826,33.80293447653356,33.82115819493998,1031600
2002-02-12,34.18925476074219,34.34596929398444,33.87947099425379,34.00338616917867,394600
2002-02-13,34.51362228393555,34.54642442787472,34.26215215630013,34.34961990588855,359200
2002-02-14,34.076263427734375,34.68854292460971,34.076263427734375,34.60107521949844,1958000
2002-02-15,34.02526092529297,34.21842016520051,33.82116856320952,34.16375177377105,847800
2002-02-19,33.3656005859375,33.821165843634354,33.25626381187039,33.711829069567244,981400
2002-02-20,33.93050765991211,33.93050765991211,33.12142313081816,33.31093987882141,1388200
2002-02-21,33.20522689819336,33.930485707881914,33.20522689819336,33.857596409222715,665600
2002-02-22,33.80293655395508,33.80293655395508,33.08496538118266,33.23803461522725,1361800
2002-02-25,34.01433181762695,34.01433181762695,33.65716736127701,33.802948828778014,740600
2002-02-26,34.1746826171875,34.26579566997792,33.788364163132044,33.99974711293774,994200
2002-02-27,34.331398010253906,34.4735341536036,34.12366035608513,34.34962173347301,1247600
2002-02-28,33.96693801879883,34.43343908930671,33.87947028456885,34.367837593496944,1466200
2002-03-01,34.8051872253418,34.8051872253418,34.00339344860096,34.13095117028021,1445200
2002-03-04,35.35185623168945,35.52679447565898,34.71406501101464,34.805178042539616,1448800
2002-03-05,35.432037353515625,35.654353380467505,35.242520684368536,35.34456961882036,1330800
2002-03-06,35.86210632324219,35.949574095339635,35.133201734479336,35.432052504650095,846600
2002-03-07,35.898529052734375,36.190091822234926,35.770971383783625,36.117199739585466,1150200
2002-03-08,36.2615852355957,36.40024069774982,36.00982123499828,36.37834611836816,1206800
2002-03-11,36.26889419555664,36.480524222929176,35.955098716018,36.26159507251633,1110600
2002-03-12,36.210514068603516,36.30538318604107,35.81279814178441,35.958749987734514,818000
2002-03-13,35.90402603149414,36.14119748823979,35.77631918056973,35.940513305501035,1581200
2002-03-14,36.068206787109375,36.20686227426126,35.57927137228829,36.03171952662713,1402200
2002-03-15,36.214168548583984,36.341875387209356,35.79455797841464,35.98064667686892,1414800
2002-03-18,36.418487548828125,36.61917164643569,36.15942439433434,36.30172665125628,1362400
2002-03-19,36.65201187133789,36.72498917722711,36.45133054369158,36.597282371670445,621200
2002-03-20,36.07550811767578,36.506064498839635,36.06820899485283,36.46957445232429,1805600
2002-03-21,36.681190490722656,36.71403096330791,36.12292751096104,36.323611555096946,960200
2002-03-22,36.41483688354492,36.892826321975036,36.400241424931906,36.68849546899101,1018600
2002-03-25,35.97332763671875,36.53888975955015,35.922244929549315,36.50605206942642,1873600
2002-03-26,36.37836456298828,36.436746425874894,36.04997632755263,36.04997632755263,843600
2002-03-27,36.71770477294922,36.71770477294922,36.29444736432826,36.37836781999072,976400
2002-03-28,36.524314880371094,37.00960365568981,36.524314880371094,36.8162186147674,1783000
2002-04-01,36.56078338623047,36.790658363818274,36.14482258767974,36.52429613410826,1304000
2002-04-02,36.32726287841797,36.63376193111755,36.2323965764053,36.265234269302226,5878800
2002-04-03,36.068206787109375,36.45497954285989,35.94779632209838,36.39659769904867,6075400
2002-04-04,36.210514068603516,36.41484776645362,35.8857726728595,35.90401769752823,2093200
2002-04-05,36.1594352722168,36.45133899585981,36.01348341039529,36.34187440354362,815400
2002-04-08,36.61186218261719,36.61186218261719,35.758048882264006,35.76169844222581,1162200
2002-04-09,36.47687911987305,36.73959190543926,36.46228365580824,36.611882290822265,954600
2002-04-10,37.181087493896484,37.181087493896484,36.611875634063544,36.67025747970779,2098000
2002-04-11,36.58633804321289,37.199333566656065,36.49511848784218,37.08987177049116,1505600
2002-04-12,37.4000129699707,37.4000129699707,36.579037075507934,36.85269570699552,2963400
2002-04-15,37.126338958740234,37.67365599498702,37.06431036274388,37.58243648894589,2844000
2002-04-16,38.05679702758789,38.05679702758789,37.49123470920889,37.545966995471325,1361400
2002-04-17,37.73570251464844,38.220991185400784,37.67367388918979,38.220991185400784,6833400
2002-04-18,37.57515335083008,37.848811965070404,37.272303816292265,37.78313378630075,2359200
2002-04-19,37.54595947265625,37.81596850463819,37.54595947265625,37.80137304563928,760800
2002-04-22,37.04973220825195,37.54231721412905,37.03878630782353,37.50947951284377,1507000
2002-04-23,37.181087493896484,37.246765678346456,36.99864840195764,37.071622925213326,1798200
2002-04-24,36.867286682128906,37.45474069561271,36.76876802785317,37.21756935375541,1095400
2002-04-25,36.9658203125,37.049743547803224,36.56445473241629,36.70675704913869,1388200
2002-04-26,36.257965087890625,37.177457367053776,36.257965087890625,37.07894143077957,2200800
2002-04-29,36.36741638183594,36.553505078381114,36.15943587997966,36.48782687864754,3547600
2002-04-30,36.962158203125,37.09351456158668,36.349162791570286,36.41484097080113,1444200
2002-05-01,37.21757125854492,37.21757125854492,36.4732194993181,37.03513218374813,1435200
2002-05-02,37.345279693603516,37.43649923500645,37.086216530075106,37.18108563259801,932200
2002-05-03,37.181087493896484,37.40001384746317,36.9621611403298,37.40001384746317,1494800
2002-05-06,36.469573974609375,37.33433628702104,36.469573974609375,37.21392581621695,2717000
2002-05-07,36.206844329833984,36.684833607994705,36.195895651695984,36.66294181931502,1302400
2002-05-08,37.071617126464844,37.078916247928454,36.66295540607653,36.816203551222145,2224000
2002-05-09,36.39659118652344,37.07161512795981,36.37834616764717,37.07161512795981,1718000
2002-05-10,35.80549621582031,36.502414903377684,35.721575790032595,36.48416988013703,1788600
2002-05-13,36.26889419555664,36.287136435557855,35.75806415092631,35.812796438529524,2245000
2002-05-14,37.3635139465332,37.3635139465332,36.56807966340678,36.74321957349408,9461400
2002-05-15,37.32704544067383,37.516780902508735,36.911084465597234,37.126361293136846,1803200
2002-05-16,36.88553237915039,37.34527964670774,36.76147513922193,37.34527964670774,1452200
2002-05-17,36.99864959716797,37.13365274793212,36.67755500335115,36.925672287755184,1620400
2002-05-20,36.531593322753906,36.94390453914671,36.491456512402536,36.94390453914671,1856200
2002-05-21,35.97699737548828,36.72134939090118,35.85658687656848,36.61553435704441,2511000
2002-05-22,35.7580680847168,36.18862452606845,35.52089666821121,35.867532671965556,2344600
2002-05-23,36.469573974609375,36.48416943626439,35.57562352268736,36.013476237139024,2384600
2002-05-24,35.89305877685547,36.36010228744643,35.89305877685547,36.30537001709304,1608400
2002-05-28,35.80186462402344,36.049982012820045,35.39319987076994,36.049982012820045,2984200
2002-05-29,35.34575271606445,35.721576821759136,35.27642496630726,35.721576821759136,1952000
2002-05-30,35.473445892333984,35.630343571492745,35.042889664674966,35.34573912646027,3009400
2002-05-31,35.210758209228516,35.84564571250067,35.210758209228516,35.59388156233107,6645800
2002-06-03,34.389774322509766,35.37494446279108,34.389774322509766,35.37494446279108,2000800
2002-06-04,34.39706802368164,34.590455815576576,33.937323478180076,34.335039395386964,5450800
2002-06-05,34.517494201660156,34.608713796687695,34.196402229331625,34.49925195293532,1600400
2002-06-06,33.84611129760742,34.51748602168272,33.769487189998856,34.499243777280945,1848400
2002-06-07,34.1525993347168,34.298551173064254,33.28054064993542,33.295136112150146,2509000
2002-06-10,34.11610794067383,34.46274107895769,34.00664337921606,34.22557250213159,2447000
2002-06-11,33.56878662109375,34.36787058473767,33.56878662109375,34.298542851987094,2877200
2002-06-12,33.67826843261719,33.820570747881156,33.185680497225945,33.57245339084132,4146000
2002-06-13,33.20391845703125,33.78407349824332,33.1199952404547,33.641771213274325,1413200
2002-06-14,33.475006103515625,33.51159025140137,32.381124171939845,32.77989612892016,3394200
2002-06-17,34.25425338745117,34.31644949836109,33.566462036651565,33.566462036651565,1479000
2002-06-18,34.349361419677734,34.59082168675071,34.07863552514534,34.21765632694521,1905600
2002-06-19,33.657920837402344,34.52497915075978,33.657920837402344,33.91401259686277,2348000
2002-06-20,33.58475875854492,34.08231094690791,33.40915095451449,33.74572955511552,1983200
2002-06-21,33.51158142089844,33.892062599272585,33.36524207672518,33.584752488580484,1713200
2002-06-24,33.40550994873047,33.80062563021752,32.87503257741031,33.38356000793437,2586600
2002-06-25,32.933563232421875,33.78598786579481,32.72503044313077,33.621357744688574,1502800
2002-06-26,32.91526412963867,33.03965080422954,32.157960742076504,32.19454489394489,6941400
2002-06-27,33.54817581176758,33.54817581176758,32.73599764621917,33.40183921406337,4792200
2002-06-28,33.16404342651367,33.89573769829029,33.16404342651367,33.46037871340172,3006800
2002-07-01,32.48722457885742,33.52256978185939,32.414053481929685,33.25550295385101,1844600
2002-07-02,31.510421752929688,32.41406488164833,31.46286261659452,32.39943065711606,1720600
2002-07-03,31.133586883544922,31.46284982365878,30.731155641713226,31.389681521940943,2908600
2002-07-05,32.1652717590332,32.1652717590332,31.389677804389045,31.517723712826385,1063400
2002-07-08,31.499441146850586,32.28235387650398,31.481150462852288,32.10308954264305,1810000
2002-07-09,31.378705978393555,31.78114003980896,31.206760178106595,31.536020350258124,1619000
2002-07-10,30.515310287475586,31.422609601884396,30.493357561784094,31.422609601884396,2447800
2002-07-11,30.27750015258789,30.453105159096744,29.67019275969924,30.365302655842317,3428800
2002-07-12,30.017745971679688,30.796999038046344,29.962868366174213,30.36529948789609,3394800
2002-07-15,29.831167221069336,29.962872375429217,28.84703781521114,29.962872375429217,3691200
2002-07-16,29.63361167907715,30.182382265726726,29.428738219909267,29.61531820971221,2598200
2002-07-17,29.907995223999023,30.365304019473015,29.311665559529835,30.361644767575637,2669000
2002-07-18,28.86533546447754,29.96287671566534,28.86533546447754,29.74336902366613,1829400
2002-07-19,28.261695861816406,28.781198209713732,28.042188102681592,28.554374734791217,2860400
2002-07-22,27.698270797729492,28.4592330837288,27.29218048121979,28.023874342867455,3325800
2002-07-23,26.24953269958496,27.859260698634188,26.24953269958496,27.859260698634188,3187000
2002-07-24,27.804378509521484,27.804378509521484,25.426372452786094,25.755635388110882,6626600
2002-07-25,27.584871292114258,28.24339438292937,26.85317710819182,27.07268480513019,6251400
2002-07-26,28.023893356323242,28.02389335632324,27.31049247366974,27.786092131707917,2480400
2002-07-29,29.103151321411133,29.377536772746147,28.353163304618167,28.645842235852776,2366800
2002-07-30,29.190935134887695,29.425077013008163,28.36046080586146,29.158007450456598,3403200
2002-07-31,28.737293243408203,29.231186311794318,28.664122142526345,29.19094290410732,1834800
2002-08-01,28.316558837890625,28.810451738018422,28.170219477173568,28.645821701706208,2009800
2002-08-02,27.427560806274414,28.29827600333994,27.38731739717718,28.261691847213058,2652400
2002-08-05,26.69586181640625,27.54462692852139,26.69586181640625,27.42755597482246,1793400
2002-08-06,27.859256744384766,27.859256744384766,27.072684934666235,27.182440179256474,1486400
2002-08-07,27.965341567993164,28.298260838893192,27.369009257037398,28.078753228569227,3205600
2002-08-08,28.41533851623535,28.46290041711045,27.69461941126107,27.965348226606118,2317200
2002-08-09,28.17388343811035,28.605583089230297,27.96535072136886,28.023884800725124,4054000
2002-08-12,28.243389129638672,28.448265361040253,27.881201357497954,27.9872973293758,1342000
2002-08-13,27.438535690307617,28.470224520615496,27.401951534292312,28.206814131397792,2094800
2002-08-14,28.418991088867188,28.503137115198626,27.127551806446565,27.639738092904423,6681200
2002-08-15,28.448272705078125,28.718998791129533,28.312908266456418,28.645830483934667,3498400
2002-08-16,28.883642196655273,29.022665952100557,28.272677897156846,28.408042398197438,2472000
2002-08-19,29.28605842590332,29.370201687085483,28.927527077064,29.051916529548013,3215600
2002-08-20,29.13973045349121,29.227533001208496,28.920222688601662,29.198264554905176,2326600
2002-08-21,29.73606300354004,29.74338151135466,29.037296231661266,29.227535566947655,2511600
2002-08-22,29.92629051208496,30.09092057199005,29.50556583642673,29.706780043956112,1878800
2002-08-23,29.13973045349121,29.889715549463215,29.139730453491207,29.706791946856484,3484600
2002-08-26,29.670215606689453,29.761677432105383,28.99339865685024,29.267784133098033,2294200
2002-08-27,29.103151321411133,29.92264842119763,29.01900522154341,29.908014195516582,2726800
2002-08-28,28.536087036132812,28.92022778578879,28.41535676724743,28.79217900844136,2720800
2002-08-29,28.74827003479004,28.982411990083847,28.115353230166534,28.115353230166534,2405600
2002-08-30,28.554359436035156,28.967765540765633,28.44460421967572,28.664111861203487,1380800
2002-09-03,27.712915420532227,28.279979492808547,27.497066990032074,28.042178340202618,3562400
2002-09-04,28.298290252685547,28.462923224944255,27.603179771489412,27.694641603457494,1916400
2002-09-05,27.731218338012695,28.210477267525157,27.731218338012695,27.89584845833898,1483200
2002-09-06,28.645832061767578,28.68241621738009,28.097061354003387,28.097061354003387,2753400
2002-09-09,28.55801010131836,28.847029507304708,28.075092271475597,28.572644313276083,1222400
2002-09-10,28.737293243408203,28.861679928119212,28.386077541559484,28.77387739825308,1767800
2002-09-11,28.645832061767578,29.267771080756795,28.62753858836524,29.267771080756795,1719400
2002-09-12,28.17022705078125,28.660460831113642,28.159252084235288,28.536074155336852,1948400
2002-09-13,28.521141052246094,28.528483969864045,27.988894345548154,28.043955025672687,2655200
2002-09-16,28.19078826904297,28.53950131279225,28.124715999642746,28.484440621541548,1133000
2002-09-17,27.80535316467285,28.543159359519517,27.691563176595153,28.411014882815582,2629600
2002-09-18,27.731950759887695,27.787008644514632,27.23640739422304,27.40158944961218,2323200
2002-09-19,26.71884536743164,27.372225111078617,26.649101641816642,26.97946297301538,1405200
2002-09-20,26.832626342773438,27.13729295647238,26.72250780322701,27.071220712543717,1485600
2002-09-23,26.171907424926758,26.75554326195524,25.988373720125033,26.64909337710999,2234800
2002-09-24,25.970029830932617,26.377475045959944,25.878262941070663,25.94800667352678,2243400
2002-09-25,26.75921630859375,26.75921630859375,26.058116170393514,26.153554486696123,2974800
2002-09-26,27.111602783203125,27.21070976504884,26.72618083052013,26.94275208789035,4840000
2002-09-27,26.44721794128418,27.177681577323106,26.44354648166501,26.88769787847778,2526000
2002-09-30,26.26368522644043,26.641764367869712,25.870923046445522,26.17191833578271,3999800
2002-10-01,27.107938766479492,27.107938766479492,26.043442281570687,26.612398120203927,3433400
2002-10-02,26.44721794128418,27.063891533657106,26.35545105432692,26.850991683795506,2099000
2002-10-03,26.160892486572266,26.674787409045482,26.028750798423978,26.406829774089367,2119800
2002-10-04,25.43777847290039,26.337092713653313,25.272596420178626,26.337092713653313,4060200
2002-10-07,24.755023956298828,25.547888007302138,24.630219596116703,25.309293660293577,2920000
2002-10-08,24.94222640991211,25.14778603929912,24.391625360682244,25.14778603929912,5766800
2002-10-09,23.896100997924805,24.773392367182225,23.852054676776113,24.648590723256092,4646000
2002-10-10,24.593524932861328,24.62289100788697,23.712562285613448,23.885084475760276,5369400
2002-10-11,25.217529296875,25.507512879361588,24.87615650235302,24.87615650235302,6104000
2002-10-14,25.386388778686523,25.41208339079035,24.997295337610865,24.997295337610865,3476800
2002-10-15,26.410518646240234,26.447227654908257,25.852577000838835,25.9737100082333,5130200
2002-10-16,25.749786376953125,26.18292615061096,25.591947235692146,26.06179320023566,2821800
2002-10-17,26.520620346069336,26.572009559377953,26.190259117298158,26.3811357385891,5284000
2002-10-18,26.575685501098633,26.69314697997797,26.267347368726274,26.307725014638162,2756200
2002-10-21,26.924396514892578,27.023506293265896,26.33341770474825,26.355443655776963,3263600
2002-10-22,26.579364776611328,26.880360079789966,26.46557192262071,26.68581191022645,3712400
2002-10-23,27.00147819519043,27.067550442018064,26.282026396679612,26.428853923019034,3649800
2002-10-24,26.740859985351562,27.214377275476778,26.711493920730913,27.126281882116896,5630200
2002-10-25,27.32451057434082,27.32451057434082,26.66745929357406,26.66745929357406,4374800
2002-10-28,27.01617431640625,27.676897104783087,26.92440741804855,27.676897104783087,2487600
2002-10-29,26.939077377319336,27.08223344520627,26.49492614099037,26.99780950799199,4680000
2002-10-30,27.401594161987305,27.430960239173743,26.95744274642971,27.16299968572823,3422800
2002-10-31,27.34654426574707,27.665894180119246,27.284143427463057,27.548432625494602,5474000
2002-11-01,27.988903045654297,28.062315441638262,27.14464648932173,27.262108003198108,4799800
2002-11-04,28.231170654296875,28.741394397763763,28.19079299397904,28.40736153522599,4515800
2002-11-05,28.278888702392578,28.3559725635924,28.018271038192157,28.282560162593594,2669800
2002-11-06,28.759727478027344,28.81478814285927,28.282541583988046,28.521133130756823,3383400
2002-11-07,28.076997756958008,28.576209878186067,28.007256822722557,28.576209878186067,3318400
2002-11-08,27.695234298706055,28.260518432580966,27.654856660536275,28.135716860421294,2176200
2002-11-11,27.023521423339844,27.695253095007665,27.008838381267335,27.695253095007665,2235800
2002-11-12,27.45665740966797,29.28465247670075,27.1813567115784,29.233263237097646,2507000
2002-11-13,27.60348129272461,27.897136481148596,27.181355810057337,27.427290420072957,2486400
2002-11-14,28.201797485351562,28.30090448090035,27.79068086567999,27.823718397864823,2136600
2002-11-15,28.19078826904297,28.447734427542112,28.02560619529087,28.02560619529087,1922800
2002-11-18,27.974214553833008,28.539498854339428,27.922825326559956,28.539498854339428,2844200
2002-11-19,27.87510108947754,28.154070315503642,27.73194501808193,27.908135813413974,2249400
2002-11-20,28.612918853759766,28.612918853759766,27.72094445647053,27.787016737769864,2492400
2002-11-21,29.17084503173828,29.203879751578548,28.5431601502566,28.63859565235193,3331200
2002-11-22,29.372739791870117,29.416788899562363,28.877199232469,28.92491979926129,3888400
2002-11-25,29.567293167114258,29.692094793648,29.21857730376368,29.365404888305857,2283800
2002-11-26,29.23693084716797,29.659059088751683,29.071748769764003,29.56729220147275,2437000
2002-11-27,30.033456802368164,30.081174559756544,29.42412632905361,29.512221727502247,2574600
2002-11-29,29.662734985351562,30.183973160656247,29.65906632532755,30.04448566563642,958000
2002-12-02,29.890289306640625,30.378489470703002,29.7030842060413,30.283051191897307,3044000
2002-12-03,29.36539077758789,29.802201861565116,29.339696172677577,29.695751983936134,2852800
2002-12-04,29.075414657592773,29.420458983800753,28.869857765640422,29.123132421652397,2430000
2002-12-05,28.939605712890625,29.394771513510275,28.79644958543061,29.394771513510275,2432800
2002-12-06,29.05706024169922,29.211227896220045,28.576199985214238,28.631260661972348,1557000
2002-12-09,28.286224365234375,28.939604152882964,28.227495013790026,28.825814109113622,2156400
2002-12-10,28.83682632446289,28.965302209560193,28.4367240323694,28.440395492073005,2678800
2002-12-11,28.869850158691406,29.05338384971869,28.66796197836065,28.70466815646573,3124400
2002-12-12,28.987335205078125,29.13049137657064,28.322943598894696,28.998346787423063,1891200
2002-12-13,28.419296264648438,29.470496106073956,28.386098999107094,28.75125203580374,2011200
2002-12-16,28.928306579589844,28.96519025300066,28.51151572336423,28.51151572336423,2859800
2002-12-17,28.62216567993164,28.96887838800524,28.577906399101,28.935681113338465,2077200
2002-12-18,28.164794921875,28.585274869018406,28.039387091405285,28.585274869018406,2486200
2002-12-19,28.094715118408203,28.511508685799555,27.928737222006312,28.12422317547087,6629200
2002-12-20,28.41191864013672,28.49306438701979,28.168484213530615,28.304954047794777,2046200
2002-12-23,28.60371971130371,28.66273301233017,28.29389073527425,28.363971668408713,1882400
2002-12-24,28.548381805419922,28.65903275746986,28.43035243480802,28.522562968537386,673400
2002-12-26,28.548381805419922,28.950418381739716,28.419287621007243,28.585265456103237,1086200
2002-12-27,28.08364486694336,28.49305993383449,28.08364486694336,28.49305993383449,2351200
2002-12-30,27.995132446289062,28.268074973162864,27.77382761871453,28.142669936019935,3471000
2002-12-31,27.961936950683594,28.45618715057225,27.884480396814336,28.08365559849689,5448200
2003-01-02,28.73282241821289,28.78814933889476,28.0578401767911,28.216442515255608,4014200
2003-01-03,28.684865951538086,28.806584592352888,28.522577244495256,28.76970092320877,3222200
2003-01-06,29.02054214477539,29.219717529453774,28.68489395558229,28.68489395558229,2917800
2003-01-07,28.86928367614746,29.101656110788205,28.636914055549962,29.027885967234305,2988600
2003-01-08,28.581586837768555,28.780762002113672,28.47462224132155,28.73281351986221,3288400
2003-01-09,29.002079010009766,29.160681366116222,28.76233368379402,28.76233368379402,3828600
2003-01-10,29.064775466918945,29.23075338259069,28.66273588138257,28.70699797211535,2698000
2003-01-13,29.13116455078125,29.37090978186103,28.836089600776983,29.256569575404935,1759000
2003-01-14,29.149587631225586,29.304500621479015,28.96147739217979,29.101639176349504,1566400
2003-01-15,29.083227157592773,29.28609163446263,28.825038563435335,29.201256631213973,2381600
2003-01-16,29.042638778686523,29.322959684355833,28.909855339898066,29.138538554265544,2323000
2003-01-17,28.49675750732422,29.127477516392304,28.363974051305306,28.725437937322965,2416600
2003-01-21,28.08364486694336,28.600024509458922,28.061515235449566,28.548386826611633,2134600
2003-01-22,27.84023094177246,28.161122090467533,27.832852516489396,27.947192781974334,3258600
2003-01-23,28.01357078552246,28.231189199813446,27.873411728449913,28.01357078552246,2213000
2003-01-24,27.434484481811523,28.032009916777234,27.434484481811527,28.032009916777234,3565000
2003-01-27,27.017709732055664,27.51933569418395,26.973447624558013,27.294341572315616,3477400
2003-01-28,27.239011764526367,27.460316650551643,26.81115602675007,27.220571332216768,2633200
2003-01-29,27.445552825927734,27.589401076483945,26.733687179874398,27.124659059433025,3905200
2003-01-30,26.999267578125,27.59310417774347,26.914435386205056,27.541466457258796,3346000
2003-01-31,27.38286781311035,27.38286781311035,26.796409558845824,26.870176937002146,5831000
2003-02-03,27.14679718017578,27.47138025852564,27.017702916761127,27.44187219430404,2648800
2003-02-04,27.14679718017578,27.29433468723991,26.72262790263287,26.943935570251007,4280400
2003-02-05,26.943946838378906,27.29434610190698,26.811163307894674,27.26483802534492,3436600
2003-02-06,26.796398162841797,27.00663819662579,26.656236264289866,26.862789900565367,6960800
2003-02-07,26.305830001831055,26.99925244103378,26.2910759736723,26.94023914244189,7994200
2003-02-10,26.578777313232422,26.600909766510433,26.14723246390043,26.33534283952347,2130400
2003-02-11,26.50501251220703,26.722628156308414,26.20256188617418,26.65992562977519,3132400
2003-02-12,26.132488250732422,26.512395541881848,26.066096494043077,26.416498526476452,7394600
2003-02-13,26.062408447265625,26.147240633532032,25.796841437302998,26.128797385711756,3505600
2003-02-14,26.2984619140625,26.40542372422065,26.00707610621073,26.09928669803557,2653800
2003-02-18,26.825897216796875,26.833272823380415,26.501314246261963,26.501314246261963,1881000
2003-02-19,26.50131607055664,26.759507343441204,26.309519331709183,26.759507343441204,4073800
2003-02-20,26.445993423461914,26.545582426498598,26.335342415030002,26.527139184738143,2898200
2003-02-21,26.6746768951416,26.855408846891006,26.243132049231473,26.445993640039767,2668800
2003-02-24,26.265260696411133,26.626727400303164,26.26157148535943,26.626727400303164,2446600
2003-02-25,26.50501251220703,26.57509346188764,25.94805975442369,26.150924180318125,2659400
2003-02-26,26.372224807739258,26.519762292549288,26.191492866219786,26.479189413875442,1955600
2003-02-27,26.516082763671875,26.667309514683172,26.29846707500039,26.508707153057795,2940800
2003-02-28,26.560333251953125,26.75581920923198,26.434925414011452,26.58983849554829,1443000
2003-03-03,26.479190826416016,26.83327912042296,26.283704844582935,26.74106853925312,2962200
2003-03-04,26.136171340942383,26.427557159597143,26.11404169857804,26.427557159597143,1724800
2003-03-05,26.187803268432617,26.287389451133468,26.032890177989778,26.102968301355773,1838200
2003-03-06,25.97386932373047,26.13616080643954,25.874283159186298,26.00337737768537,1848200
2003-03-07,26.04411506652832,26.188290927704607,25.700310439003648,25.785338602994447,2813200
2003-03-10,25.5967960357666,25.92951059672206,25.526558332113197,25.874057699820902,2208200
2003-03-11,25.415658950805664,25.803826506598853,25.415658950805664,25.63007536868099,2102800
2003-03-12,25.471113204956055,25.5376561374455,25.22342671975461,25.463717978872587,4736200
2003-03-13,26.158720016479492,26.188292456572714,25.596801347927055,25.803825351292097,3975600
2003-03-14,26.19199562072754,26.343566747809124,26.00715443381986,26.28441621418138,3235600
2003-03-17,26.798261642456055,26.868502162356183,25.94429667083382,26.08108009894161,2270200
2003-03-18,27.149471282958984,27.149471282958984,26.702156001038794,26.949842485825187,3548000
2003-03-19,27.082923889160156,27.15685921497731,26.838932237150154,27.153161602550885,3538600
2003-03-20,27.26036834716797,27.3527889097422,26.639302053851086,27.023771932614086,4423200
2003-03-21,27.641128540039062,27.72615666146578,27.275144061833856,27.478470338864806,7680000
2003-03-24,27.04965591430664,27.334312893175532,26.916570047385257,27.24558710159301,5340800
2003-03-25,27.33800506591797,27.448910884541412,26.98680800769728,27.031170899237086,2976600
2003-03-26,27.001590728759766,27.393452994530197,27.001590728759766,27.33060769161449,2660600
2003-03-27,27.1827335357666,27.26036646451326,26.838928953916223,26.87589661230251,1205600
2003-03-28,27.171640396118164,27.31581622156351,27.05703982216192,27.05703982216192,2776000
2003-03-31,26.61713218688965,27.101415217189544,26.59864693913429,26.857426305445188,1859000
2003-04-01,27.0792236328125,27.11619129211168,26.698451383172852,26.875897275989576,2088800
2003-04-02,27.61895751953125,27.800101012369606,27.404541161219726,27.53023457902185,2797000
2003-04-03,27.633745193481445,27.874039194036786,27.578292297899225,27.874039194036786,3017200
2003-04-04,27.55241584777832,27.840767532736574,27.478480530771634,27.75574220022404,1385600
2003-04-07,27.570907592773438,28.258516920896994,27.570907592773438,28.151308711624804,3368400
2003-04-08,27.593088150024414,27.72617401091298,27.489577551656037,27.615268186688418,2013600
2003-04-09,27.441509246826172,27.94797202435878,27.289938200400293,27.626350335374116,4016000
2003-04-10,27.448909759521484,27.563510365737134,27.34539917062322,27.485877424063435,1569000
2003-04-11,27.297330856323242,27.72246592801994,27.271453216504376,27.64113539703173,1954200
2003-04-14,27.792722702026367,27.81860035698219,27.363889767955186,27.363889767955186,1661200
2003-04-15,28.092159271240234,28.092159271240234,27.59678630630889,27.781627470021,1252600
2003-04-16,27.80010414123535,28.336145097344872,27.74834885174226,28.140213955627917,2042800
2003-04-17,28.225255966186523,28.299194152316534,27.81860581405841,27.86296872573642,3477400
2003-04-21,28.417478561401367,28.417478561401367,28.162396879531013,28.273302694375175,1799600
2003-04-22,28.809350967407227,28.890681550695742,28.16979914282726,28.16979914282726,1848600
2003-04-23,29.11248016357422,29.145750215658474,28.816733205160276,28.816733205160276,2297600
2003-04-24,28.9646053314209,29.093993562013722,28.850004730103237,28.949817702145733,2505200
2003-04-25,28.557947158813477,28.927629322681614,28.550554756534588,28.927629322681614,1117000
2003-04-28,29.06443214416504,29.175335175101612,28.668872077540037,28.761292680213664,1924800
2003-04-29,29.260364532470703,29.408238066711057,29.112490998230346,29.15315629065777,3249800
2003-04-30,29.352766036987305,29.5376071293859,29.057019160969055,29.149439707168355,2213600
2003-05-01,29.315813064575195,29.51913667577166,29.016368427014434,29.389748410382516,2613600
2003-05-02,30.055171966552734,30.07365438918822,29.389742701728974,29.389742701728974,3410400
2003-05-05,30.19194793701172,30.254793241055523,30.04037968487951,30.14019264892251,3975800
2003-05-06,30.48030662536621,30.524669519812438,30.23631775704276,30.262195407023313,3022400
2003-05-07,30.295459747314453,30.458120842479133,30.21043440789785,30.343520245677716,3449000
2003-05-08,30.044090270996094,30.225236694990205,29.970154912129253,30.0847555645088,4200400
2003-05-09,30.47660255432129,30.491390181301313,30.125402759561478,30.210430909583756,2168600
2003-05-12,30.80931854248047,30.849983817175804,30.42485146973668,30.447031503042556,2536600
2003-05-13,30.9904727935791,31.045925711451087,30.59121516944391,30.820419247103573,3012400
2003-05-14,30.971994400024414,31.086595053983356,30.83521370219037,31.086595053983356,3340200
2003-05-15,31.09396743774414,31.201175605130757,30.942396394747192,31.064392187337255,1187200
2003-05-16,30.709514617919922,31.32318871102967,30.70212221145774,31.0939846243647,3475200
2003-05-19,30.177162170410156,30.753868419688295,30.140194508130595,30.53575441747076,4013600
2003-05-20,30.16977310180664,30.354614254092944,29.892511373377186,30.217830786038306,4261000
2003-05-21,30.284379959106445,30.350922900470486,30.007118173498398,30.081056341932186,2802600
2003-05-22,30.59120750427246,30.650358020635377,30.258492900860695,30.29546056336159,3453000
2003-05-23,30.83150291442871,30.923923485023252,30.458123019500217,30.598601271441204,1370600
2003-05-27,31.556072235107422,31.56716224963048,30.78343498473569,30.78343498473569,2582600
2003-05-28,31.77049446105957,31.92206272166445,31.644801025494026,31.644801025494026,2116200
2003-05-29,31.973814010620117,32.15126271495749,31.474743584070247,31.92945394987438,4168000
2003-05-30,32.54312515258789,32.58748803404679,32.11429524695778,32.21780581657706,6961800
2003-06-02,32.71319580078125,33.06809057733297,32.58380752085921,32.809314017488894,6354800
2003-06-03,32.816680908203125,32.816680908203125,32.53202691370653,32.68729272888649,2407400
2003-06-04,33.26399612426758,33.36380904884483,32.787105883619496,32.80928590675876,2709200
2003-06-05,33.80745315551758,33.80745315551758,33.03112070707924,33.14202655133591,2841000
2003-06-06,33.41927719116211,34.410025770357976,33.41927719116211,34.15864171830972,4320000
2003-06-09,32.79819869995117,33.41926478501651,32.78341107644357,33.345326667478496,3422400
2003-06-10,33.289878845214844,33.341634120749056,32.88692383375449,32.89431905623137,2932800
2003-06-11,33.6041259765625,33.65957889281879,33.00523955780901,33.27141129947723,3112200
2003-06-12,33.792659759521484,33.866595089946294,33.56715333513814,33.81853740721537,2266400
2003-06-13,33.19278335571289,33.8407906210856,33.16686317810148,33.82597868743802,2896400
2003-06-16,33.751930236816406,33.785254976994175,33.270552161379726,33.40015308166247,3104400
2003-06-17,33.822265625,33.95557016579974,33.56306392071533,33.92964999537127,3670200
2003-06-18,33.800071716308594,33.89264421896066,33.53716614778735,33.68898640817926,2160400
2003-06-19,33.34090042114258,34.00742049583504,33.20019128678348,33.88152329536967,3822600
2003-06-20,33.0557861328125,33.474215629171006,33.04838157605845,33.43718719522392,2780400
2003-06-23,32.467018127441406,33.215002472782885,32.359633718811956,33.08540157446725,3962800
2003-06-24,32.455909729003906,32.670678545246425,32.207816178389805,32.370741810463706,3491000
2003-06-25,32.67437744140625,32.97061046838079,32.463312327840335,32.463312327840335,4250200
2003-06-26,33.2335205078125,33.30387649703823,32.73362967800505,32.789173731336525,6290800
2003-06-27,33.0224494934082,33.655644808585784,33.018745803821226,33.32608706252998,6459200
2003-06-30,32.91877746582031,33.440884831759085,32.62254437267322,33.21130686840383,8802400
2003-07-01,33.14466094970703,33.21501413344115,32.492949714270615,32.885456236990116,5613600
2003-07-02,33.974090576171875,33.974090576171875,33.27794673998031,33.27794673998031,4177000
2003-07-03,33.681575775146484,33.93707676183491,33.62603171389835,33.70379226961041,1816000
2003-07-07,34.38142776489258,34.43326814164464,34.011137745184335,34.011137745184335,3659800
2003-07-08,34.992401123046875,35.088677303404815,34.32217720133208,34.362909322826276,3650400
2003-07-09,35.25160598754883,35.325665680748074,34.710982940092286,34.99980868084826,7547600
2003-07-10,34.5628662109375,35.07016451280715,34.49621672501449,35.066460821893074,3662000
2003-07-11,35.04054641723633,35.06646660773482,34.65914811772041,34.70358394075593,2477400
2003-07-14,35.32935333251953,35.65891104864719,35.02941665513549,35.35156981784903,5055000
2003-07-15,35.233089447021484,35.658923456225175,34.98869672301152,35.658923456225175,3240400
2003-07-16,35.04054641723633,35.45156859877591,34.84429314273504,35.42194754184112,3465200
2003-07-17,33.92966842651367,34.76282084655053,33.91115562334357,34.72208872445278,6777000
2003-07-18,34.15925216674805,34.36291279479657,33.896346608323526,34.14073653689328,4134000
2003-07-21,33.863014221191406,34.19627573553766,33.62973257369307,34.10740694007468,4103600
2003-07-22,34.25922775268555,34.32588006217882,33.74082404005828,33.96299746333973,3774600
2003-07-23,34.49250793457031,34.49250793457031,33.94818127930081,34.2703345390755,4282600
2003-07-24,34.42585372924805,34.97018035440972,34.31476562510115,34.6813546737332,3961800
2003-07-25,34.67764663696289,34.75540717008382,34.17405219143805,34.41844203480563,2761000
2003-07-28,35.103485107421875,35.14051353394163,34.65173095865242,34.6739474495467,3708800
2003-07-29,35.12199783325195,35.27011436410303,34.659135440022254,35.15902625969276,4928000
2003-07-30,34.988685607910156,35.159018592463134,34.74799665090089,35.159018592463134,2509400
2003-07-31,35.059051513671875,35.45155794471667,34.98129096554534,35.17754418106774,5324600
2003-08-01,34.566585540771484,35.159049226093806,34.455500188886504,35.08499232483715,4639000
2003-08-04,34.218475341796875,34.62208979188539,33.94445890724271,34.48878526293645,7828000
2003-08-05,33.62602233886719,34.307357171715445,33.62602233886719,34.229596637683244,6021600
2003-08-06,33.474220275878906,33.866726815362796,33.38164776561657,33.68528548627348,4478600
2003-08-07,33.585304260253906,33.585304260253906,33.189094045058894,33.514951076307,5006600
2003-08-08,33.51125717163086,33.67788660211697,33.37795249720616,33.64456184605556,4139800
2003-08-11,33.974090576171875,33.974090576171875,33.48901182183696,33.48901182183696,4535400
2003-08-12,34.54433822631836,34.54433822631836,33.885222787675126,33.951875069396756,5286600
2003-08-13,34.659141540527344,34.659141540527344,34.362911251772275,34.548056241652326,7627000
2003-08-14,34.885013580322266,34.91093376213197,34.44807135475307,34.5961878901319,2902600
2003-08-15,34.896114349365234,35.05533909639215,34.82205751008694,34.82576119957706,1488000
2003-08-18,35.58856201171875,35.66261886063636,34.925742761081715,35.05164279434688,3762000
2003-08-19,36.255088806152344,36.255088806152344,35.58486210432753,35.751494269736256,5247200
2003-08-20,36.2365608215332,36.28099661550571,35.82553890882039,35.92181504988397,4613200
2003-08-21,36.53281021118164,36.58465058156338,36.32544590456637,36.43653402686342,4575200
2003-08-22,35.88850021362305,36.9512333556962,35.87739196746597,36.9512333556962,7130400
2003-08-25,35.85517120361328,35.951444542230654,35.518206043189394,35.821843644024426,4681600
2003-08-26,35.992183685302734,36.01069931369983,35.21827900982188,35.66632953116684,5046000
2003-08-27,36.343955993652344,36.36246879448787,35.914418333002764,35.988478011608485,2388200
2003-08-28,36.58463668823242,36.654989835554254,36.02549824849466,36.399491771439926,4292200
2003-08-29,36.736454010009766,36.973439277233034,36.536497161086274,36.61796137639813,3550000
2003-09-02,37.58443069458008,37.58443069458008,36.69573423136548,36.93642326881145,6342600
2003-09-03,37.74366760253906,37.899188756614265,37.5770381981855,37.68812352605818,5528200
2003-09-04,37.89917755126953,37.973237239710436,37.606648138376514,37.82512068791687,4888200
2003-09-05,37.65847396850586,38.132447316270635,37.49184467775072,37.695505210973366,6292200
2003-09-08,38.18058776855469,38.287972167184414,37.758457553299884,37.82510984123945,4607400
2003-09-09,37.89917755126953,38.22873539583888,37.81030875022869,38.15838222318033,4377400
2003-09-10,37.15119171142578,37.736250515957245,37.11416328109466,37.736250515957245,7439600
2003-09-11,37.47334289550781,37.60294664183272,37.09935206923734,37.16970524071544,5449200
2003-09-12,37.63925552368164,37.784007383961296,37.04168899002666,37.379442386772546,5092000
2003-09-15,37.546470642089844,37.96959195551332,37.505642898538426,37.717203555250165,6256800
2003-09-16,38.10689926147461,38.19226708955275,37.642950445595005,37.6540847641011,4066000
2003-09-17,38.095787048339844,38.26651997184636,37.92505412483333,38.06980601284365,3757800
2003-09-18,38.49292755126953,38.50406187629407,37.85824553938628,38.136614991881764,2872400
2003-09-19,38.45208740234375,38.56343628011466,38.26279544282104,38.56343628011466,2665200
2003-09-22,37.92503356933594,38.19226855058056,37.7617226737489,37.93245550471764,4317400
2003-09-23,38.440940856933594,38.440940856933594,37.96957013193146,37.96957013193146,4706000
2003-09-24,37.49079895019531,38.544889926052825,37.49079895019531,38.5263336614393,5422200
2003-09-25,36.477535247802734,37.74689936364157,36.477535247802734,37.609572236084,7514800
2003-09-26,35.85396957397461,36.60000018033469,35.80943229293295,36.529479043059666,10653600
2003-09-29,36.49608612060547,36.49608612060547,35.54220705576636,36.09523349065937,13239800
2003-09-30,36.020973205566406,36.48492184122946,35.68692962154546,36.32903294754119,14310400
2003-10-01,36.99342727661133,37.09364182061812,36.113782010992004,36.13976303504575,10303000
2003-10-02,37.3497428894043,37.39428300520669,36.93404646879329,37.00456477916438,7705200
2003-10-03,37.93989562988281,38.118050468350305,37.672660540461465,37.7320473744307,8542200
2003-10-06,38.26649475097656,38.30361008697747,37.780277336411785,37.93245106353111,2976200
2003-10-07,38.48177719116211,38.56714503364557,37.93246045451037,38.095771371407785,8096800
2003-10-08,38.18114471435547,38.674784256758684,38.021546158500676,38.54859149859057,5080400
2003-10-09,38.582000732421875,39.04224021534638,38.19228524089732,38.607981765190175,10419000
2003-10-10,38.53373336791992,38.65992892039452,38.05122545883528,38.54486768660791,9808000
2003-10-13,39.13873291015625,39.22781314880746,38.56343790206235,38.64509337163277,5230400
2003-10-14,39.39482498168945,39.43565270750063,38.92716374258269,39.101608965281514,7334800
2003-10-15,38.90119171142578,39.63980049875151,38.886345004815645,39.5878384414759,8170200
2003-10-16,39.25007247924805,39.31688122652404,38.8789134014301,38.901182039949084,4426400
2003-10-17,38.489219665527344,39.3094842400266,38.48551011123247,39.23153829230103,8651800
2003-10-20,38.68219757080078,38.80468073984768,38.41867497879372,38.57827348738604,5974200
2003-10-21,38.85666275024414,39.02739566526895,38.593140022811056,38.593140022811056,8582600
2003-10-22,38.00669479370117,38.55972109455765,37.96586706359908,38.47806563435346,7309400
2003-10-23,37.67264938354492,38.043808490771966,37.43882016541082,37.72832381597283,9793400
2003-10-24,37.57984924316406,37.79512214560153,37.21982455536447,37.43138507487206,8896400
2003-10-27,38.12916564941406,38.27020505122888,37.69119791231508,37.7097541634463,7502400
2003-10-28,39.04594802856445,39.04594802856445,38.25166754022487,38.34445734336473,6610600
2003-10-29,39.305747985839844,39.435653100297,38.81581810294492,38.886336404096454,9492400
2003-10-30,39.4171028137207,39.80682107582225,39.205542199593516,39.71403128310471,8193200
2003-10-31,39.15730285644531,39.550730775203114,38.622832603249435,39.44309424745003,4893400
2003-11-03,39.8216552734375,39.8995983350299,39.413380880073994,39.413380880073994,5433600
2003-11-04,39.87732696533203,40.08146273216597,39.684322684569814,39.78824675957162,5421000
2003-11-05,40.07406234741211,40.07406234741211,39.36514686187186,39.843942606361935,8291000
2003-11-06,40.38954544067383,40.38954544067383,39.73259487969739,40.10004170764285,6670600
2003-11-07,40.08147048950195,40.60109379679715,40.08147048950195,40.55284413312773,5796400
2003-11-10,39.43565368652344,40.278183582857906,39.42451936679289,40.18539380947785,4527000
2003-11-11,39.164710998535156,39.52473581549538,38.97170949271827,39.457927057381944,6615600
2003-11-12,40.07035446166992,40.07035446166992,39.224111778885934,39.224111778885934,8923600
2003-11-13,40.17796325683594,40.27075301031593,39.80680424291597,39.925575014101625,7083000
2003-11-14,39.4171028137207,40.4340809807431,39.34287211223457,40.17055830923167,6241800
2003-11-17,38.938297271728516,39.788249003813974,38.55971345518956,39.13129873165825,9251200
2003-11-18,38.51145935058594,39.41337585066291,38.48918788460234,39.17583431277353,11541800
2003-11-19,38.91603088378906,39.08305417702716,38.440947691120975,38.63766156011143,7253200
2003-11-20,38.652523040771484,39.246377258638056,38.518905487786476,38.600560973690676,6618600
2003-11-21,39.07936096191406,39.08307334759876,38.711914067305216,38.916049972434315,7275200
2003-11-24,39.97383499145508,40.044356128464926,39.268634948233746,39.361424725680685,7887600
2003-11-25,40.21509552001953,40.39696272051427,39.90332317631427,40.00724729088269,7972400
2003-11-26,40.43035888671875,40.638207066340534,39.9181603733426,40.49345525100121,5508000
2003-11-28,40.62337875366211,40.62709113904142,40.322740667506146,40.33387499192372,1156400
2003-12-01,41.14668273925781,41.14668273925781,40.73469606504654,40.77923615988927,5149400
2003-12-02,41.083614349365234,41.35455899012243,40.95741874397087,41.142998351176644,4948800
2003-12-03,40.34498596191406,41.33227035399682,40.32642970919984,41.22834627729731,4838000
2003-12-04,40.43779373168945,40.46006520927246,39.754862162503336,40.38583167019572,7712800
2003-12-05,39.936729431152344,40.27077327814454,39.769708923516234,40.200252123857304,6813800
2003-12-08,40.23365783691406,40.28933228324501,39.69547529800822,39.86249863700105,6081800
2003-12-09,39.554439544677734,40.43779750420104,39.49134315436612,40.40068214706011,7100600
2003-12-10,39.19811248779297,39.714023406441925,38.93087748469324,39.714023406441925,9320400
2003-12-11,40.293033599853516,40.311592688743374,39.212962021385266,39.26863645633545,8991000
2003-12-12,40.58167266845703,40.58167266845703,40.05280059277656,40.358205874377134,8462600
2003-12-15,39.63195037841797,41.30423086344797,39.60960170300254,40.60030868087164,7393200
2003-12-16,39.98280715942383,40.00146807503204,39.28482398833426,39.80364471390415,8354600
2003-12-17,39.97533416748047,40.05371683504594,39.57595418644306,40.01265884046069,6907800
2003-12-18,40.5911979675293,40.68451106630523,39.908145401043946,40.001458499819876,9705200
2003-12-19,40.4605598449707,40.65838315701543,40.18808434594417,40.60986137124457,7819200
2003-12-22,40.912208557128906,40.912208557128906,40.33366601753774,40.404584906926395,4387400
2003-12-23,41.136146545410156,41.240656761482875,40.77409126280838,40.867404362543276,5986400
2003-12-24,41.08761978149414,41.19212998490683,41.00923712893463,41.09508357558528,1266600
2003-12-26,41.23320388793945,41.337714131693836,41.1324241188259,41.18841256303448,1510000
2003-12-29,41.860267639160156,41.897592318903925,41.397435345418266,41.416096261444885,4843200
2003-12-30,41.96849060058594,42.08419790529563,41.73333982302866,41.80425867310963,5729000
2003-12-31,41.35637664794922,42.17379765704706,41.31158532439559,42.046893178514146,12725800
2004-01-02,41.80055618286133,42.039437609366395,41.49075870165994,41.49448917717101,11182200
2004-01-05,42.289493560791016,42.382806650865405,41.91997167375996,42.08420362355154,8686000
2004-01-06,42.233516693115234,42.5993025115868,42.17752825421317,42.315632690479546,6196800
2004-01-07,42.681434631347656,42.75608686064614,42.16261374041149,42.29698490545739,5919600
2004-01-08,43.00615310668945,43.19651267727697,42.703819495755,43.02854734522073,6201200
2004-01-09,42.66275405883789,43.301015374969786,42.59556850726137,42.79712516199093,9598000
2004-01-12,43.461517333984375,43.483911570313346,42.737406650651316,42.8792415602186,5907000
2004-01-13,43.278621673583984,43.416726109193924,42.70754586441607,43.41299278723412,8131000
2004-01-14,43.5025634765625,43.58840992422122,43.21142424517909,43.439108411440124,6592000
2004-01-15,43.614540100097656,43.70785319524022,43.02853397650992,43.57721543157856,6338000
2004-01-16,43.85715866088867,44.08857618282089,43.715323768685664,43.93180800463975,6732200
2004-01-20,44.38344192504883,44.46555505668637,43.78623583819259,44.08110556046319,7429800
2004-01-21,44.323734283447266,44.55515185813787,43.85716865941097,44.36105896383205,8255600
2004-01-22,44.07366180419922,44.68952908147152,43.916896416585466,44.60741306480975,7189000
2004-01-23,44.312530517578125,44.34985519236451,43.81237076283206,44.11470717828914,8255400
2004-01-26,44.752960205078125,44.8126791041101,44.01018877828839,44.30505564773501,4996200
2004-01-27,44.1931037902832,44.75298263176224,44.15204578075946,44.7231217434375,6646800
2004-01-28,43.5025634765625,44.54393504971704,43.25248223238613,44.487949474152444,12830000
2004-01-29,43.09198760986328,43.66679663650044,42.610494529116274,43.558553100865225,17243600
2004-01-30,43.147987365722656,43.43912385290795,42.830723318089724,43.1517206879839,8807200
2004-02-02,43.25994873046875,43.57721266426814,42.78964996346278,43.23755165262786,10310800
2004-02-03,43.01734161376953,43.23009538029446,42.96508650253113,43.14797939186554,4679200
2004-02-04,41.953575134277344,42.85311204049823,41.91625045954069,42.84564824462696,11437000
2004-02-05,42.34551239013672,42.502280668814095,42.02451488038992,42.22980497884139,9354400
2004-02-06,43.416725158691406,43.53243250769967,42.34548959490223,42.34548959490223,11458200
2004-02-09,43.5025634765625,43.782502745143496,43.368192399828466,43.59214324515536,8756000
2004-02-10,44.02513122558594,44.06245875372964,43.43166111761678,43.52124092024238,4896000
2004-02-11,44.29386901855469,44.390915456107855,43.85716432110088,44.04752387423086,8204200
2004-02-12,43.99152755737305,44.45435973039706,43.97286379852386,44.316258166596306,5121000
2004-02-13,43.539894104003906,44.319990272363796,43.44658100170115,44.1296335940029,7421800
2004-02-17,44.30506134033203,44.30506134033203,43.8049044618786,43.827298695931745,6605200
2004-02-18,43.980342864990234,44.3685258076535,43.84970505921188,44.34239824649782,5221200
2004-02-19,43.20398712158203,44.39466379023284,43.20398712158203,44.342408655654864,9321400
2004-02-20,43.12932586669922,43.48391458907904,42.75980385547634,43.34954346639626,10968000
2004-02-23,42.4798583984375,43.28235169722471,42.39401193373588,43.2636907842283,12405200
2004-02-24,42.47615051269531,42.92031920679761,42.0282456472408,42.36417358440879,14168400
2004-02-25,43.073326110839844,43.09572034284151,42.43133154835473,42.60302730497684,10497800
2004-02-26,43.334625244140625,43.48019352681055,42.8493985844713,42.9912335438778,8306000
2004-02-27,43.55855941772461,43.707860966034886,43.278620082526665,43.43538827448205,9046400
2004-03-01,44.24907684326172,44.264004434537554,43.59588508887686,43.67053443601625,11023800
2004-03-02,43.898216247558594,44.37971219905495,42.71127346769756,44.19308599371636,14451000
2004-03-03,43.94300079345703,44.16321831494526,43.510026696871456,43.816093512575605,8672000
2004-03-04,44.49915313720703,44.529014013695104,43.80863674263734,43.95047163442082,4835200
2004-03-05,44.59993362426758,44.95079183200782,44.11843763099324,44.178159388774624,9174400
2004-03-08,43.969146728515625,44.91347512128309,43.943019166775876,44.71938222176726,7698400
2004-03-09,43.59589385986328,44.155772619119965,43.43912564302653,44.006471047113386,11062800
2004-03-10,42.681434631347656,43.95422737589601,42.632912818072164,43.696682168276126,17781600
2004-03-11,42.252166748046875,43.29727451330594,42.20737828658891,42.520908907552894,21167800
2004-03-12,43.390602111816406,43.64814724206364,42.48359844408759,42.55078400642641,13307200
2004-03-15,42.27082061767578,43.252473086763736,42.11032202371877,43.2300788612731,21093200
2004-03-16,42.289493560791016,42.7485923692509,41.81172814755092,42.561966189102115,34601400
2004-03-17,43.073326110839844,43.16290588653622,42.47612286004778,42.49478377081926,18236800
2004-03-18,42.81206512451172,43.00989136242822,42.30817476592571,42.90164778429345,17928600
2004-03-19,42.43880844116211,42.96882915953132,42.28950971815281,42.830724708288045,14281000
2004-03-22,41.62139129638672,42.23352523069516,41.468356388964175,42.03943231629051,18560600
2004-03-23,41.692298889160156,42.233516667970775,41.531800216504635,41.92371644089542,15122600
2004-03-24,41.636329650878906,41.938663352746836,41.32652930212776,41.81175598495481,13165400
2004-03-25,42.59556579589844,42.64408758373564,41.804269666331656,41.93490743950097,19901400
2004-03-26,42.703643798828125,42.99905464470335,42.47554178939176,42.50172014242711,11659800
2004-03-29,43.52256393432617,43.56369726727528,42.9728756239293,43.00279129387689,15613000
2004-03-30,43.877811431884766,43.93016529052149,43.37673670486609,43.4178700454919,9919000
2004-03-31,43.97502136230469,44.04981052632044,43.492641952833935,43.88153704697117,13493800
2004-04-01,44.4574089050293,44.47610691268267,43.89650291041332,43.96755191599761,9806600
2004-04-02,45.022056579589844,45.22398308676416,44.72664573684866,45.08188507083658,12827200
2004-04-05,45.152923583984375,45.20901474287043,44.7976843325641,45.04822160895166,7325800
2004-04-06,44.60325622558594,45.05198285365409,44.502294374697414,44.89118964452333,10185200
2004-04-07,44.939788818359375,45.055708478719126,44.25548281389961,44.59202698436469,10875800
2004-04-08,44.53968048095703,45.302513060025554,44.476111812596926,45.280074877786426,9078200
2004-04-12,44.65559768676758,44.98466438088753,44.543418193430334,44.64063985040616,7693000
2004-04-13,43.61605453491211,44.92857550021205,43.451521179456925,44.92857550021205,16763600
2004-04-14,43.48143768310547,43.87781038926381,43.05888947470867,43.350560171913166,15333200
2004-04-15,43.14488220214844,43.7319636157649,42.77842526654621,43.4702086617633,13475000
2004-04-16,43.47394561767578,43.69082705512832,42.83825057896954,43.3393279790281,13355800
2004-04-19,43.795528411865234,43.8403990525827,43.06634911814593,43.38793535688919,11097200
2004-04-20,42.82703399658203,44.21060357243888,42.72980951001774,43.918930112746,16260800
2004-04-21,43.52629089355469,43.52629089355469,42.6437988683953,43.00277824004945,12238800
2004-04-22,44.12459182739258,44.31903792592579,43.41411054094487,43.421590882954554,14381000
2004-04-23,44.03112030029297,44.33400862254677,43.634747646191414,44.307833123746015,9145400
2004-04-26,44.12459182739258,44.5209643664687,43.821703593035515,44.15076731859733,10711800
2004-04-27,44.01243209838867,44.39010968201358,43.698326042799195,44.12461446276551,6833800
2004-04-28,43.09254455566406,43.862857528536765,42.85322485134902,43.806766348762565,15350600
2004-04-29,42.23623275756836,43.32813225189633,41.97447769042044,43.11498802495694,16087800
2004-04-30,41.54817581176758,42.554068114491756,41.54817581176758,42.47927893881755,18905200
2004-05-03,42.0941162109375,42.39326715276118,41.69026329534998,41.73139662117361,14629600
2004-05-04,42.3297004699707,42.972873071058636,42.04924749993226,42.12777684210835,14691400
2004-05-05,42.516658782958984,42.77841653645689,42.36334601344995,42.47926563329199,9045000
2004-05-06,41.89591979980469,42.210025645188686,41.394842521278726,42.210025645188686,22115200
2004-05-07,40.70307922363281,42.314751112288505,40.70307922363281,41.5818314092868,21520200
2004-05-10,39.98138427734375,40.66943054509267,39.693453747920636,40.38523733539752,33149000
2004-05-11,40.85265350341797,40.98353099897856,40.198263172699605,40.3328808403949,24259000
2004-05-12,41.163021087646484,41.17049857880321,39.74953846704954,40.78160342159995,31080600
2004-05-13,40.59838104248047,41.263989119298856,40.54603003775874,40.908749751127715,20447600
2004-05-14,40.44132995605469,41.05832723016102,40.254361258017376,40.66195165033908,20033200
2004-05-17,40.05615234375,40.32912489157347,39.454113246772565,39.81683277322765,19698400
2004-05-18,40.508628845214844,40.53106417053205,40.02250920863041,40.22443569523093,13970400
2004-05-19,40.220680236816406,41.290140748503255,40.17580960323584,40.833936954339954,18784800
2004-05-20,40.302955627441406,40.60958405283868,40.00380754454259,40.31043596993986,12400600
2004-05-21,40.68063735961914,40.83021284340105,40.32539522902273,40.44131772673411,12021800
2004-05-24,41.20789337158203,41.29016004213929,40.83021871553711,41.04336288338298,10802600
2004-05-25,42.067962646484375,42.225015688998,40.99102382978424,41.1144210186642,14969200
2004-05-26,42.355865478515625,42.355865478515625,41.90340180790609,42.04549977007259,12890600
2004-05-27,42.36711120605469,42.7260907901151,42.019349288228014,42.497988733641904,19802800
2004-05-28,42.44187545776367,42.516661762338366,42.17264019663134,42.35586863987959,6848400
2004-06-01,42.845726013183594,42.85320350206747,42.21003104730308,42.25490453934984,11926600
2004-06-02,42.703643798828125,42.972879144583544,42.52415547026821,42.931745808264495,12855600
2004-06-03,41.88097381591797,42.68867968033841,41.88097381591797,42.64754635282173,11824400
2004-06-04,42.40448760986328,42.66624256153234,42.120294481683295,42.30726311942263,11023000
2004-06-07,43.17107009887695,43.20472594715373,42.47928650493799,42.58772868929407,9933800
2004-06-08,43.12991714477539,43.22340144882033,42.93921121862219,43.0439131826862,6247600
2004-06-09,42.348392486572266,43.19349144891734,42.348392486572266,43.02148066063732,10326200
2004-06-10,42.516658782958984,42.68493223583216,42.284819543274914,42.60640576565712,9060600
2004-06-14,41.682796478271484,42.29231332612583,41.5930523139118,42.225004489627175,11226200
2004-06-15,42.44187545776367,42.5652754279351,41.95949609038735,41.96323626149048,20003800
2004-06-16,42.52414321899414,42.59519220724236,42.22499228702608,42.37082758180896,8662800
2004-06-17,42.41570281982422,42.65876260541829,42.12777238963205,42.44935580327279,17147600
2004-06-18,42.56153106689453,42.76345749286529,42.25490268366065,42.2773380022415,11470800
2004-06-21,42.393272399902344,42.7746871876673,42.367096903221565,42.5765008766678,6144000
2004-06-22,42.72233200073242,42.737289833498224,42.03428881099505,42.42318105124624,9991200
2004-06-23,43.36552047729492,43.4141313119569,42.610165336141485,42.61764568173006,16378600
2004-06-24,43.20845031738281,43.60108271757705,43.141141498361684,43.346805273821104,8302000
2004-06-25,43.71649169921875,43.86646308527877,43.01537997462253,43.01537997462253,12696200
2004-06-28,43.62648010253906,44.02015436349504,43.52150106240795,43.75395383399418,15502800
2004-06-29,43.99018096923828,44.14015232555618,43.544016970820614,43.544016970820614,7803600
2004-06-30,44.237613677978516,44.237613677978516,43.88143435131967,44.03140564797876,10870600
2004-07-01,43.43153381347656,44.27137218877273,43.43153381347656,44.17389038690585,16748000
2004-07-02,43.56651306152344,43.660244804651036,43.2290810746367,43.52527086571003,7557600
2004-07-06,42.78666687011719,43.32655976210266,42.64794286137186,43.292817707807345,13059400
2004-07-07,42.734169006347656,43.11659318293069,42.62918707232887,42.726668866542276,8702200
2004-07-08,41.958065032958984,42.73416349575483,41.83808569526605,42.467962915829695,13588000
2004-07-09,42.235511779785156,42.2580064762647,41.935569144554755,42.10428794954622,11431800
2004-07-12,41.991825103759766,42.27302036115101,41.67688778850528,42.06680936154433,13178000
2004-07-13,42.048057556152344,42.28426050230945,41.995568012561876,42.11554452083517,6838400
2004-07-14,41.80435562133789,42.33675121269429,41.64688698622667,41.7181211627966,12582800
2004-07-15,41.8980712890625,42.20926122989097,41.815586932653545,41.958060952074305,7474400
2004-07-16,41.42941665649414,42.224262603110056,41.3919245438301,42.20551511654562,13095600
2004-07-19,41.37692642211914,41.61687937164097,41.11072870813289,41.556889704028116,19252200
2004-07-20,42.19802474975586,42.33299866582547,41.40692874297326,41.49316033017782,9760000
2004-07-21,40.87453079223633,42.32549897515698,40.87453079223633,42.27675950623978,18338800
2004-07-22,40.94200134277344,41.06572786097621,40.19589788592825,40.889511824832425,18692400
2004-07-23,40.357120513916016,40.818281736414725,40.26713888286669,40.74329466015322,18983400
2004-07-26,39.82850646972656,40.58210786942383,39.63354277890932,40.447133886693955,16526600
2004-07-27,40.57084655761719,40.75081275950295,39.997208758584044,40.03470088300774,16286600
2004-07-28,40.537086486816406,40.75454185601074,39.89221193567072,40.49959151859185,20419800
2004-07-29,41.017005920410156,41.12198500110432,40.58583938716017,40.79205033885616,11042800
2004-07-30,41.241947174072266,41.305684042284376,40.8670203815807,40.942004595893245,12301000
2004-08-02,41.092002868652344,41.31321130892365,40.61584678811749,40.942031481081905,12227000
2004-08-03,40.503360748291016,41.07325135351268,40.484616115775744,41.028259086637554,14361000
2004-08-04,40.469608306884766,40.86327981425879,40.00469691655961,40.255900099891704,19376200
2004-08-05,39.7234992980957,40.53709275057429,39.64101779246431,40.484603219506624,15848800
2004-08-06,38.89116287231445,39.37106877601624,38.75618897934022,39.25483950900438,18657600
2004-08-09,38.76743698120117,39.082374163145644,38.65495778166965,38.95490040677713,10382000
2004-08-10,39.37482833862305,39.64102899917731,38.786193121984276,38.81243789493764,18270600
2004-08-11,39.322330474853516,39.52104412571295,38.66246122004693,39.10487505658083,13067600
2004-08-12,38.756195068359375,39.14611939149463,38.6174710842117,39.06363501499954,9952400
2004-08-13,38.74870300292969,39.022400958290994,38.49375254084762,38.83118739661298,9646200
2004-08-16,39.412322998046875,39.506054737887716,38.77869552137373,38.82743499632332,16553200
2004-08-17,39.65977096557617,39.91097132702794,39.49480219783327,39.71226050795518,10360800
2004-08-18,40.50710678100586,40.537101622599224,39.36732854464781,39.423568157518986,13410200
2004-08-19,40.16218566894531,40.522115285114396,40.01596435176619,40.3871413214927,10119000
2004-08-20,40.87453079223633,41.01700484985874,40.083437637519964,40.16217194598561,11919400
2004-08-23,40.72455596923828,41.18196432897911,40.57083458585623,41.043243223499104,12611200
2004-08-24,40.83705520629883,41.054513590367065,40.53711527077696,40.960781824179016,11565000
2004-08-25,41.069496154785156,41.1482304666363,40.49210834074461,40.814545728591476,12466400
2004-08-26,40.829566955566406,41.14075717466146,40.7920748128908,40.99828302784019,9472000
2004-08-27,41.151981353759766,41.33569475172598,40.923275693643134,40.923275693643134,8073200
2004-08-30,40.68332290649414,41.16697900052115,40.64208071441285,41.01700765299513,10043000
2004-08-31,40.619564056396484,41.05448047370697,40.44709808898639,40.792032884270775,24903400
2004-09-01,41.335697174072266,41.650634446184526,40.90078052919455,40.90078052919455,20113400
2004-09-02,42.063053131103516,42.06680034086295,41.21946753982579,41.24571231046915,9649400
2004-09-03,41.59814453125,42.07055329568691,41.39193642218925,41.86059511614414,10964400
2004-09-07,42.12303924560547,42.23551846674143,41.77060988294593,41.92057836383999,11445200
2004-09-08,41.8980712890625,42.39297456705163,41.66186842699879,42.006800407922974,11916600
2004-09-09,42.246768951416016,42.54671165639032,41.87933928084577,41.88683942172622,12038400
2004-09-10,42.636688232421875,42.71167246947872,42.048053104083245,42.366740402272775,11722400
2004-09-13,42.86538314819336,43.071591178734565,42.65167497954399,42.685417019636986,13555400
2004-09-14,42.7791633605957,42.87664516610536,42.426733981464004,42.84290025400121,9151600
2004-09-15,42.52046203613281,42.659183161482545,42.310501022403926,42.644185741897246,10729200
2004-09-16,42.97785568237305,43.05284275451335,42.61792631749255,42.68541325218666,9656400
2004-09-17,42.902896881103516,43.07161288753328,42.572962149666324,42.966633784824445,12199800
2004-09-20,42.7116813659668,42.99662667497206,42.59920498695363,42.70793415565914,10983200
2004-09-21,43.03411865234375,43.247826918241465,42.820410386446035,42.880400076751435,9596800
2004-09-22,42.30675506591797,42.78291388753637,42.28426036458549,42.75291904544934,14979200
2004-09-23,42.26551055908203,42.524208174130045,42.213018161623566,42.40048161101804,9478000
2004-09-24,42.342567443847656,42.688312408344515,42.335052495578815,42.46658559433235,10635200
2004-09-27,41.89157485961914,42.241078555475426,41.74876510972202,42.229804705158294,15947800
2004-09-28,42.39143753051758,42.39143753051758,41.767590547903126,41.93294813215416,13526000
2004-09-29,42.78600311279297,42.78600311279297,42.26738591848701,42.30120747004376,16073200
2004-09-30,42.78600311279297,43.06786084458634,42.58306520183713,42.59433905235604,17295400
2004-10-01,43.864585876464844,43.875859728562986,43.003979804105455,43.05659302536712,16410000
2004-10-04,44.11260986328125,44.41325923572447,44.04496389784177,44.19528858406338,13371200
2004-10-05,44.0712776184082,44.26294169596596,43.87585750181204,44.05624772784382,10255200
2004-10-06,44.35688400268555,44.44332162302992,43.9247016353731,44.04120476428984,9322000
2004-10-07,43.61653137207031,44.29674979121722,43.5939836773288,44.251651534529884,10364600
2004-10-08,43.06787109375,43.73305710471621,43.06787109375,43.46247315904899,15495600
2004-10-11,43.270816802978516,43.30088232837213,42.99647676857914,43.214444659667066,7916600
2004-10-12,43.1693229675293,43.34971027570131,42.68452741760958,42.92128683478706,14074200
2004-10-13,42.54172897338867,43.57520739945532,42.53045512203898,43.492531533822465,17654200
2004-10-14,42.263641357421875,42.74092221755567,42.263641357421875,42.58683856228546,13499000
2004-10-15,42.69956970214844,42.93632917217311,42.19974128711337,42.47032517697311,16297800
2004-10-18,42.87995910644531,43.0114921516542,42.3613418708194,42.58682750077826,14040600
2004-10-19,42.436519622802734,43.24827165325609,42.39142419924854,43.04157473794441,14654200
2004-10-20,42.658241271972656,42.80104819835731,42.11707335353659,42.29370470842647,14972600
2004-10-21,43.199398040771484,43.27456183014675,42.51542332708624,42.74466786707136,10623200
2004-10-22,42.46281433105469,43.330938264640245,42.43275167952024,43.199402336953625,16834000
2004-10-25,42.91754913330078,43.01150173899295,42.301220269336625,42.38765792814405,15370400
2004-10-26,43.48127365112305,43.48127365112305,42.459071500798906,42.93634957365729,15694400
2004-10-27,43.905921936035156,44.03745497927446,43.285834312529516,43.35348028722478,18685600
2004-10-28,43.744319915771484,43.999871036926905,43.53762310189391,43.951013862443986,10726400
2004-10-29,43.66539001464844,44.014893631017856,43.500032601723944,43.778131359384254,11972800
2004-11-01,44.01115417480469,44.06376739903902,43.48877797190255,43.796942371220396,13256800
2004-11-02,43.83827590942383,44.36816698790472,43.64661183681336,44.07127648082743,12997000
2004-11-03,44.54480743408203,44.759019253072324,44.24040191951843,44.50346805960971,18907000
2004-11-04,45.0897102355957,45.12353177822128,44.28171771104502,44.55230152086705,12551400
2004-11-05,45.29267501831055,45.56701791350487,44.96196284832843,45.247579598480314,10656600
2004-11-08,45.13483428955078,45.42420994051933,45.0108161534214,45.27764409498686,5433200
2004-11-09,45.29642105102539,45.52942450034423,45.0972420241715,45.1536141501428,6608800
2004-11-10,45.62336730957031,45.90146610629774,45.3227179469643,45.379090060853535,11236200
2004-11-11,46.07435607910156,46.21716587111144,45.660965198074585,45.70230457289787,8648200
2004-11-12,46.54410934448242,46.61927313168962,45.980393842852344,46.11944469878168,12640800
2004-11-15,46.80716323852539,46.80716323852539,46.356189262000655,46.56288602630838,9308000
2004-11-16,46.393775939941406,46.7019402417068,46.24345412811811,46.615505486628884,11696400
2004-11-17,46.64182662963867,47.10407179277574,46.45392143908085,46.61927892427755,14988800
2004-11-18,46.57042694091797,46.74705829852222,46.3223935526271,46.65310569275025,12526000
2004-11-19,46.07435607910156,46.58169956341677,45.89396868642349,46.5553929491843,11445000
2004-11-22,46.56290054321289,46.619272666254155,45.88644080112828,45.90523246454379,13922200
2004-11-23,46.85228729248047,46.882352816083184,46.14576469105355,46.57418836717072,21859400
2004-11-24,47.134132385253906,47.31452261090674,46.84475968360863,46.901131808325474,11408600
2004-11-26,47.16420364379883,47.50243356607996,47.16420364379883,47.22057577537996,6176600
2004-11-29,47.33330535888672,47.7579728259068,46.95749506507355,47.50993665573171,17324000
2004-11-30,47.68281936645508,47.72040269773427,47.39720554573142,47.524979697022694,14468600
2004-12-01,48.12629699707031,48.348023840158184,47.607679482317145,47.6565338204873,19120200
2004-12-02,48.05862808227539,48.408131833782946,47.93461284183505,48.10748239716367,12883400
2004-12-03,47.968421936035156,48.41188103008094,47.968421936035156,48.069892313094634,13313800
2004-12-06,47.742958068847656,48.160105014413126,47.67155316859841,48.09622079571519,6219600
2004-12-07,46.9048957824707,47.998505438490206,46.86731531537027,47.904552837136194,13218200
2004-12-08,47.4272575378418,47.4272575378418,46.82596164618328,46.976286335899154,11617000
2004-12-09,47.06648254394531,47.3257925760251,46.56289810349456,47.11533971938361,18757600
2004-12-10,47.4272575378418,47.57758222755767,46.91239927461152,46.98004524162342,10605200
2004-12-13,47.94587707519531,47.94587707519531,47.32954843425671,47.67153430427761,11161400
2004-12-14,48.2052001953125,48.34049216470832,47.87824412473831,47.900791830569034,11281800
2004-12-15,48.60729217529297,48.66366714858658,48.18263052874036,48.2202081098606,10569000
2004-12-16,48.227752685546875,48.64114071374685,47.97596038810576,48.57349758954417,13787000
2004-12-17,48.0323371887207,48.31043901211576,47.85946470961934,48.08495042726432,19285200
2004-12-20,47.97597122192383,48.457008217365114,47.73544985699653,48.137566989173855,11991600
2004-12-21,48.48329544067383,48.50208710670387,47.95716319830097,48.066148553422686,9142200
2004-12-22,48.57723617553711,48.798968605494,48.43443216428161,48.48704537567257,7285200
2004-12-23,48.702030181884766,48.89807651419618,48.660564705688266,48.690720369703534,8365000
2004-12-27,48.38911056518555,49.01117315413837,48.12520252239137,49.01117315413837,10330200
2004-12-28,49.030029296875,49.08657835467129,48.43058627342751,48.43058627342751,8985200
2004-12-29,49.02626037597656,49.16198388081996,48.86414922578426,49.01872433599247,9263400
2004-12-30,48.85283279418945,49.161977220018585,48.85283279418945,49.090350333660474,7993400
2004-12-31,48.82267761230469,49.26000954144955,48.7698965693184,48.965942908711305,15081800
2005-01-03,48.18929672241211,49.16951967849394,47.932930453004474,49.08280920763079,16062600
2005-01-04,47.156288146972656,48.3212446192269,47.073345703702024,48.283547169459084,27450000
2005-01-05,46.21377182006836,47.23169514375144,46.21377182006836,47.103513442460624,29884200
2005-01-06,46.458839416503906,46.8999394373421,46.16476985959353,46.500307777292825,23061200
2005-01-07,45.94232940673828,46.711428320096104,45.91593888464836,46.56439500040209,20906200
2005-01-10,46.40981674194336,46.82452615082373,45.95740700068313,45.99510733306299,23449000
2005-01-11,45.844295501708984,46.209994705302286,45.71234292215225,46.179833293874886,23233800
2005-01-12,46.03282165527344,46.18362590697475,45.33912612434001,45.912178829182764,24791200
2005-01-13,45.89331817626953,46.32310831236673,45.674652211910995,46.10444234800819,18940600
2005-01-14,46.33064270019531,46.409814256858944,45.93101402093581,46.029034304604586,13541000
2005-01-18,46.88108444213867,47.0545082956738,46.153456710811206,46.221318468833765,16787600
2005-01-19,46.21000671386719,47.03188669256689,46.21000671386719,46.85846284631757,20194800
2005-01-20,45.934783935546875,46.36080602762045,45.855612375617056,46.04788780764716,29061600
2005-01-21,45.82923126220703,46.36458644016698,45.67465900671798,46.013967816311876,22309800
2005-01-24,45.47859191894531,46.18359974233479,45.305168134462654,45.96493384506744,18547200
2005-01-25,45.595481872558594,46.07051127173357,45.41451623738394,45.67842433549901,22059200
2005-01-26,46.20246887207031,46.334421488987196,45.66334571465161,45.776446725001236,18351600
2005-01-27,46.33439636230469,46.647314452980446,46.051639675239784,46.13835011518382,20795400
2005-01-28,46.296722412109375,46.48522697750664,45.75759924001913,46.48522697750664,20704200
2005-01-31,46.839622497558594,46.93764569555436,46.42491295021766,46.56817541163305,21879000
2005-02-01,47.103511810302734,47.265625817486146,46.771742004150205,46.84337464436055,20250400
2005-02-02,47.46168518066406,47.499385523187634,47.0959858178467,47.17138937924561,17766800
2005-02-03,47.201534271240234,47.39003880567226,46.84337680635974,47.337257766139366,14914600
2005-02-04,47.79721450805664,47.90277659864591,47.1487583786069,47.20531032038007,19564000
2005-02-07,47.785892486572266,48.087500848073084,47.57099746381685,47.8989963412227,12354400
2005-02-08,47.902774810791016,48.053579024440666,47.72935097181682,47.77082220247925,10688000
2005-02-09,46.88108444213867,48.06866376935779,46.88108444213867,48.06112485240034,27444000
2005-02-10,46.96403884887695,47.21286631699642,46.6775110336839,47.028129726537266,20379000
2005-02-11,47.729347229003906,47.78212826818966,46.65864286112044,46.994180700094546,18049200
2005-02-14,47.68790054321289,47.88017607139796,47.39760467829631,47.653971090425614,8975000
2005-02-15,47.729347229003906,48.01587492483436,47.43905151348226,47.748198832863494,14451600
2005-02-16,47.87261962890625,48.18176699422639,47.48429781669134,47.653953647585546,18858800
2005-02-17,47.45037078857422,48.132756414390144,47.408899552893,48.0309652117599,17347600
2005-02-18,47.33348846435547,47.65771648490465,47.126132331556285,47.397579314002186,15579400
2005-02-22,46.40981674194336,47.39003976557451,46.3721164095635,47.08843423018468,27227400
2005-02-23,46.685028076171875,46.96401394821863,46.49275266878465,46.553075493200474,17492200
2005-02-24,47.12236022949219,47.186453953849266,46.28539968048966,46.628479295730656,16971800
2005-02-25,47.906558990478516,47.914097908893346,47.05074937097414,47.05074937097414,23738200
2005-02-28,47.60870361328125,47.981941777120326,47.25808507259883,47.84245026585315,18075400
2005-03-01,47.97441482543945,48.09882853652922,47.608715486003746,47.75198080532586,19476800
2005-03-02,47.887691497802734,48.35518194597991,47.69164804416424,47.77081960484619,21102400
2005-03-03,47.92915344238281,48.23453269026266,47.60869636559446,48.10634813373707,17486400
2005-03-04,48.51729965209961,48.60024211030293,48.07619684041387,48.31371152643617,16204600
2005-03-07,48.396671295166016,48.739751062928725,48.355200051230916,48.59648571975218,13329800
2005-03-08,47.936702728271484,48.50975523595718,47.89900239740481,48.40042513934909,15237000
2005-03-09,47.39381408691406,47.932937220326785,47.39381408691406,47.83114602790953,22694800
2005-03-10,47.190216064453125,47.76327135793894,46.92254001834018,47.46166300596215,22922000
2005-03-11,47.156288146972656,47.54083607554042,46.903692797994296,47.33348284371436,15532600
2005-03-14,47.51068115234375,47.51068115234375,47.07712302824887,47.29955699616879,14980800
2005-03-15,47.190216064453125,47.81228149268624,47.088424899562455,47.702948537003415,18482400
2005-03-16,46.92631912231445,47.231695546754814,46.73027279633105,47.028110305010934,21527600
2005-03-17,46.92631912231445,47.21661483888295,46.68880156877113,46.9451678498911,19603400
2005-03-18,46.673728942871094,47.013034840603495,46.5530861427915,46.96025379534062,24139800
2005-03-21,46.73028564453125,46.850928464325285,46.428680033222,46.77929867767838,16590200
2005-03-22,46.40981674194336,47.318409996958074,46.40981674194336,46.78682581844387,30865000
2005-03-23,46.070518493652344,46.38343678876136,45.99888870871715,46.37212697410589,21073800
2005-03-24,46.24015808105469,46.675672028758505,46.20607581289102,46.315901270263794,14170800
2005-03-28,46.25910186767578,46.584790409170296,46.17957367349331,46.395436740362214,12566800
2005-03-29,45.59637451171875,46.615095519431556,45.38808427241051,46.18715716967178,21808800
2005-03-30,46.26667022705078,46.29317962252403,45.65316624915354,45.65316624915354,19132800
2005-03-31,46.25910186767578,46.342417944240566,46.01294152036373,46.334842179475935,20469400
2005-04-01,46.06596755981445,46.74764203043188,45.75542760971277,46.47876012516282,23993200
2005-04-04,46.23638153076172,46.34620701505024,45.596368038608546,45.990224051099396,30577600
2005-04-05,46.31968307495117,46.448445043091425,46.107607938375494,46.25151565400798,17858000
2005-04-06,46.46360778808594,46.81201787233911,46.334845780848426,46.440883381333485,19717800
2005-04-07,46.645389556884766,46.77415157475172,46.16064454933232,46.27047004156032,14978600
2005-04-08,45.937217712402344,46.70220553792836,45.87662312974628,46.603740785766625,19497000
2005-04-11,45.709991455078125,46.00538571504218,45.592593061435316,45.956151893727125,19150600
2005-04-12,46.13792037963867,46.243957982785965,45.17979117923323,45.641811751616714,32519000
2005-04-13,45.31233596801758,46.126557365677186,45.23659276282375,46.05081416048336,25937800
2005-04-14,44.403438568115234,45.53956066367469,44.403438568115234,45.342634105073195,36952400
2005-04-15,43.793724060058594,44.668537240570586,43.55135155213052,44.42616473264252,51555800
2005-04-18,44.07395553588867,44.21786616231728,43.40743275303633,43.710396866339906,35293400
2005-04-19,44.80108642578125,44.81623217913937,44.29361700903942,44.350423696710926,32092800
2005-04-20,44.10047912597656,44.91470067941278,43.99822939103732,44.838960349036185,31657400
2005-04-21,45.17979431152344,45.21008870787439,43.94899525237548,44.56628727881259,32386400
2005-04-22,44.44889831542969,45.11163641061361,43.960365315691334,45.03968106427197,30021000
2005-04-25,44.85789489746094,44.933638118683305,44.4981239869072,44.61931025155452,19041800
2005-04-26,44.225433349609375,45.11539483252858,43.94897866788949,44.6723080318715,30991400
2005-04-27,44.20651626586914,44.528416979409776,43.63845516339454,44.024735441781665,30928600
2005-04-28,43.077972412109375,44.0436775647636,43.077972412109375,44.03231391425111,30459400
2005-04-29,43.64222717285156,43.71418248233578,42.79013577265042,43.543765358018476,57488600
2005-05-02,44.08912658691406,44.111851001711315,43.57787203826434,43.76343790480646,25063400
2005-05-03,44.30876541137695,44.42237878610374,43.80129888669576,44.07018079162047,25104800
2005-05-04,44.80108642578125,44.89576327546438,44.09290255000049,44.22166167870163,23520000
2005-05-05,44.793514251708984,45.126778638474725,44.48297427541897,44.83896018335206,38436800
2005-05-06,44.952579498291016,45.23661012584376,44.74807998904492,45.176018427739834,23372200
2005-05-09,45.38429641723633,45.4448909920938,44.71398554639862,44.93742442955009,19355600
2005-05-10,44.84275436401367,45.3843032899421,44.698843671588456,45.12299709189673,28207600
2005-05-11,44.8654670715332,45.00558696328435,44.31255460277373,44.97150468344485,32094000
2005-05-12,44.15727615356445,45.12298104569525,44.0701750816263,44.990434051893,30449600
2005-05-13,43.99822235107422,44.388290479786555,43.509689497180496,44.30876227882357,37347200
2005-05-16,44.676116943359375,44.68747770421516,43.89219266191709,43.94142358872832,31343600
2005-05-17,44.94120407104492,44.95256483015055,44.24816887252128,44.50190501288177,22691400
2005-05-18,45.842529296875,45.869038697782486,45.1457062183942,45.15706697745341,36759800
2005-05-19,45.956138610839844,46.103834253478425,45.70619324995452,45.78950933335227,26642600
2005-05-20,45.899322509765625,45.99021433989956,45.58499765413462,45.93719555030843,23165000
2005-05-23,46.202301025390625,46.391654718117636,45.91448260343931,45.9561406469839,27477400
2005-05-24,46.012943267822266,46.296973781821166,45.9220543123488,46.03566478436368,21963200
2005-05-25,45.668312072753906,46.05080725603826,45.5584894979774,46.028085742540696,22453600
2005-05-26,46.3045654296875,46.350011370502166,45.85769045759138,45.85769045759138,20049800
2005-05-27,46.562068939208984,46.611302745359446,46.12655778494425,46.42952194054981,15095200
2005-05-31,46.46360778808594,46.73627755465204,46.30833638072716,46.59615478869226,19278200
2005-06-01,46.99001693725586,47.149073358767104,46.444677332864956,46.45982597624341,26634800
2005-06-02,47.11876678466797,47.217231502565845,46.842312043099724,46.990007675292674,14395000
2005-06-03,46.77415084838867,47.27404449082772,46.622667313553904,47.069542152197,21798200
2005-06-06,46.948360443115234,47.00516713533622,46.599950301812136,46.755218845287224,16974800
2005-06-07,47.04303741455078,47.622459320132634,46.93699979644539,47.111204867519724,25201400
2005-06-08,46.74384307861328,47.23994872684202,46.67567564769344,47.14148690719694,18085800
2005-06-09,47.20210266113281,47.27784300555731,46.47498495314548,46.70978175444678,21813800
2005-06-10,47.300537109375,47.37627740526388,47.02029454741765,47.300537109375,19949900
2005-06-13,47.512630462646484,47.58079791080039,47.05818273449254,47.164220345107914,21416100
2005-06-14,47.92162322998047,47.92162322998047,47.31569211341157,47.48989712884342,14950400
2005-06-15,48.05039978027344,48.080697069432844,47.4444684436279,48.04282690263784,20371900
2005-06-16,48.51998519897461,48.58057976354845,47.96707568843158,48.080686163045726,21612000
2005-06-17,48.48968505859375,48.966860003217285,48.38365035545519,48.716911773044515,20964800
2005-06-20,48.342403411865234,48.5929229088352,48.2513067292904,48.37276993802729,17148400
2005-06-21,48.47907638549805,48.57776620151934,48.22855675157776,48.471483301851,13798200
2005-06-22,48.59293746948242,48.75235743573567,48.1981811988228,48.56257093422117,15672300
2005-06-23,47.735107421875,48.66885677429479,47.735107421875,48.517026975611586,19600900
2005-06-24,47.22647476196289,47.841384100909195,47.12019477901442,47.780651027274445,25158200
2005-06-27,47.34794616699219,47.51495925233632,47.14297635204608,47.279622895343486,19839000
2005-06-28,48.0843391418457,48.47909566702392,47.61366912548147,47.65162587107448,18261700
2005-06-29,48.46388244628906,48.630892602894214,48.30446247574731,48.47906571432812,17068800
2005-06-30,48.35760498046875,48.80550127521826,48.12986173986496,48.63848821401635,28369700
2005-07-01,48.570159912109375,48.623302795450954,48.1602203840146,48.35759996239155,14988200
2005-07-05,49.33688735961914,49.382440049234184,48.40313830803582,48.441097917411156,27172600
2005-07-06,48.888999938964844,49.45076631566477,48.87381377666749,49.35207942802762,21094100
2005-07-07,49.025672912597656,49.109179474851864,48.18301999663395,48.35003022522885,32447900
2005-07-08,50.08088302612305,50.1188368665488,49.00289665534303,49.07121704320541,24967200
2005-07-11,50.695770263671875,50.85519023277358,50.08845692306889,50.111230376965636,35662900
2005-07-12,50.53636169433594,50.96907479145703,50.354168230239104,50.619868238677356,24254400
2005-07-13,50.422481536865234,50.72614112899659,50.21751464247594,50.597087684683885,16978500
2005-07-14,50.05809020996094,50.91592312403868,49.93662406717588,50.7868696911979,26043100
2005-07-15,50.10363006591797,50.25545693120644,49.66332404802828,50.06567045368402,15694300
2005-07-18,49.81516647338867,50.164372965486926,49.625379958651045,50.03531952550329,14741300
2005-07-19,50.51358413696289,50.59709067452914,49.91385799981678,50.02013799456922,14000400
2005-07-20,51.12848663330078,51.28031932232789,50.247880204242996,50.293427115038696,23859900
2005-07-21,50.33137130737305,51.204384386421964,50.27063825037847,51.204384386421964,41935700
2005-07-22,51.10570526123047,51.18161869807201,50.33896622793579,50.44524619787874,27929800
2005-07-25,50.77169418334961,51.37901344108953,50.566727264162154,51.0905399791672,22514700
2005-07-26,50.92347717285156,51.143630044033,50.55149173956912,50.79442383893073,21896800
2005-07-27,51.06776428222656,51.10572391041131,50.4452646060489,51.05258390604832,24091600
2005-07-28,51.59158706665039,51.62195361673833,50.87798761915195,51.14369348446458,21416900
2005-07-29,51.53842544555664,51.819311572244054,51.19681203597921,51.62193197533331,24809900
2005-08-01,51.51564407348633,51.81171052744007,51.40936410498108,51.576377138867585,19025900
2005-08-02,51.90281677246094,52.01668404485336,51.6219306529688,51.64470410744728,16505300
2005-08-03,51.64470672607422,51.85726670108404,51.52324636542214,51.73580634043197,16877600
2005-08-04,50.77928161621094,51.4701073398121,50.69577508276849,51.28790810766946,19246400
2005-08-05,50.08088302612305,50.72615623162789,49.84554952327259,50.68060930638631,33135200
2005-08-08,49.9062614440918,50.38452717902305,49.739248380580875,50.23269448863816,20272000
2005-08-09,49.98218536376953,50.15679154633288,49.686118795279356,50.02014499227387,21193800
2005-08-10,49.91386413574219,50.559137266584294,49.245817544914345,50.134017235314396,27119700
2005-08-11,50.34656524658203,50.40729831994716,49.76202534296051,49.777205715389464,22973700
2005-08-12,49.73923110961914,50.15676362341655,49.44316470595294,50.13399017572268,25523100
2005-08-15,50.270660400390625,50.47562731827998,49.53428768738793,49.83794731433475,23665800
2005-08-16,49.3900260925293,50.16435808640873,49.3900260925293,50.156765006360445,18698200
2005-08-17,49.32931900024414,49.79239281974293,49.22303321157302,49.34449937472548,21158800
2005-08-18,49.169883728027344,49.4583629139526,48.94214340378692,49.169883728027344,23307000
2005-08-19,49.42801284790039,49.46597247716703,49.124353189246065,49.38246592624143,20511600
2005-08-22,49.7088737487793,49.754420647259344,49.245794308154416,49.526674571212475,22168900
2005-08-23,49.7013053894043,49.82276577637217,49.23822571844778,49.73167193410281,20650300
2005-08-24,49.503910064697266,50.126409554278204,49.276169739333135,49.52668351805125,28753000
2005-08-25,49.77721405029297,49.86072059219653,49.48114750784419,49.602607883087614,13910500
2005-08-26,48.96492385864258,49.7772099607486,48.91937694564649,49.7696168779742,19853300
2005-08-29,49.62538146972656,49.62538146972656,48.73717615192209,48.91178229920031,23967300
2005-08-30,49.40522766113281,49.549461476095516,49.11674844755763,49.43559419897361,21959000
2005-08-31,50.50597381591797,50.50597381591797,49.283748501593564,49.45835460013563,25306700
2005-09-01,50.50597381591797,50.771673712113845,50.26304736913554,50.422467306853065,21105000
2005-09-02,50.2326774597168,50.71094303251561,50.027710636962276,50.680576504732905,21928100
2005-09-06,50.98423767089844,51.00701111953021,50.30859254115799,50.3845117590281,26684300
2005-09-07,51.13607406616211,51.21958058794495,50.77168144458023,50.961467941027735,14230200
2005-09-08,50.84761047363281,51.090537004218284,50.6654112318247,51.0070304663459,13027800
2005-09-09,51.15885543823242,51.30309505124401,50.90074854318552,51.029801990708975,23016100
2005-09-12,51.38657760620117,51.682643984982704,51.075325069018184,51.189198089739335,17628700
2005-09-13,50.99180603027344,51.28028505071639,50.79443235418417,51.28028505071639,23028900
2005-09-14,50.40728759765625,51.09052004811977,50.2934145572751,51.014600826650046,21257200
2005-09-15,50.2326774597168,50.58947692138481,50.14917095627011,50.475603890155426,23098600
2005-09-16,50.81723403930664,50.8779613162605,50.361741815295225,50.53634794007616,24336600
2005-09-19,50.57432174682617,50.84761484118751,50.33139519537453,50.756515212458446,24514400
2005-09-20,49.845523834228516,50.80204352229748,49.76960460885033,50.68058318697508,29350200
2005-09-21,49.040836334228516,49.80757550806831,49.040836334228516,49.746842430732976,28527200
2005-09-22,49.29134750366211,49.43558708970679,48.661254965684236,49.093967931994236,34380600
2005-09-23,49.63249206542969,49.72387033084355,48.916710176872755,49.19845547141,27178400
2005-09-26,49.96753692626953,50.14267132931238,49.64010542325428,49.96753692626953,22874700
2005-09-27,49.80002212524414,50.14268049612944,49.46497425359353,49.89139459239148,27076800
2005-09-28,49.73147964477539,49.9827655115236,49.29744306109236,49.92946297702009,21575500
2005-09-29,50.27973556518555,50.371113824715856,49.35074359335184,49.68579140208932,24484600
2005-09-30,50.553863525390625,50.591939251820165,50.096983855937125,50.287350869004435,29016300
2005-10-03,50.85845947265625,51.064053321150325,50.5919467766302,50.630016699181894,26406700
2005-10-04,50.08937072753906,51.09450838794137,50.04368450055641,50.92698447628422,17037600
2005-10-05,48.81011199951172,50.08176253938044,48.77204207403427,50.08176253938044,45606700
2005-10-06,48.37606430053711,49.13753235075061,47.86588210118371,48.80248454960381,59096500
2005-10-07,48.81011199951172,48.93194970393918,48.429377887488165,48.73396633901531,24054600
2005-10-10,48.261844635009766,48.94716412028765,48.20092579821883,48.92432100887606,16625700
2005-10-11,47.591758728027344,48.665428688740825,47.591758728027344,48.49790476849163,34321100
2005-10-12,46.921669006347656,47.82020170200789,46.63992658967235,47.5460726891257,63535700
2005-10-13,47.11202621459961,47.31762293132366,46.487622662224354,46.936888916228014,48558500
2005-10-14,47.903968811035156,47.98773078560608,46.693234143989294,47.59176693612501,52777600
2005-10-17,47.98772048950195,48.223776648575154,47.38615998735336,47.865885708476824,32203400
2005-10-18,47.34046936035156,47.99533237697247,47.2871668268843,47.896343617544815,32724600
2005-10-19,48.3608283996582,48.3608283996582,46.738903751781706,47.14248083720125,42623200
2005-10-20,47.462318420410156,48.46745629928275,47.119657119710205,48.277089232757326,47278000
2005-10-21,47.98772048950195,48.269462875978135,47.61459983867919,47.690748392301344,41173200
2005-10-24,49.03853988647461,49.03853988647461,47.91156470120323,48.086704895702745,30567800
2005-10-25,48.619720458984375,49.03853009511759,48.17807062192929,48.893849346355466,31535500
2005-10-26,48.36846923828125,49.1832372237982,48.208561584248145,48.49791746161152,34786100
2005-10-27,47.3557014465332,48.223777545346636,47.165334416093216,48.17808841232371,27349900
2005-10-28,48.01816940307617,48.17807697353445,47.226242047326096,47.54605718824266,38437300
2005-10-31,48.566436767578125,49.15277048543605,48.28469437069232,48.315153793266575,35208700
2005-11-01,48.81011199951172,49.01571167334768,48.429377887488165,48.77204207403427,30221400
2005-11-02,49.792396545410156,49.792396545410156,48.61973502251724,48.673037554942354,33256200
2005-11-03,49.96753692626953,50.378730381884516,49.70101845370291,50.081752489323414,43129900
2005-11-04,49.860939025878906,50.08175968587435,49.449745511177035,49.93708468203677,26502300
2005-11-07,50.0436897277832,50.294975621516556,49.69341506206755,50.05130603625605,20776800
2005-11-08,49.860939025878906,49.92946837355863,49.54111797475,49.822863293029386,21210800
2005-11-09,50.0284538269043,50.33304224087164,49.579190418696584,49.8152436799894,29761700
2005-11-10,50.294960021972656,50.4472512869477,49.297433064906244,49.98275537637265,34586100
2005-11-11,50.584327697753906,50.630013926130076,50.21882044212231,50.294971902136915,19662800
2005-11-14,50.40156555175781,50.675694478968076,50.066517794158734,50.64523506377366,24330700
2005-11-15,49.670570373535156,50.439649028248205,49.60965152676353,50.32542764293666,35159500
2005-11-16,49.68579864501953,49.876165689636466,49.175616359736026,49.74671749358683,28408200
2005-11-17,50.546268463134766,50.569117394320166,49.81525952285314,49.82287583324827,22203100
2005-11-18,50.93461227416992,51.079293104973914,50.538651328735135,50.736628896681594,28896800
2005-11-21,51.4524040222168,51.54378229406527,50.65286011978073,51.025983706006144,30758600
2005-11-22,51.72652816772461,51.86359265784746,51.239189049407926,51.368637231873805,21208700
2005-11-23,51.78744125366211,52.04633758981722,51.60468474745155,51.6275336678828,21290900
2005-11-25,51.749393463134766,51.87884170108764,51.6047126033386,51.77985289727833,5901000
2005-11-28,51.06406021118164,51.894063644558486,50.87369314411396,51.871220526037064,24596300
2005-11-29,51.14019775390625,51.45239663788551,50.904138704561646,51.09450571976909,23177100
2005-11-30,51.36103439331055,51.612320326023955,51.071678531409766,51.11736477025145,38323000
2005-12-01,52.198646545410156,52.42708351579743,51.345800084490484,51.619929096588194,37384100
2005-12-02,52.40422821044922,52.40422821044922,51.87120292731978,52.23670431874,23767700
2005-12-05,52.0311164855957,52.35854799983393,51.71891177710646,52.32047227115066,25918100
2005-12-06,52.191017150878906,52.60221056592587,52.0463363725643,52.24431967822538,26482100
2005-12-07,51.87120056152344,52.21385882654406,51.58945531926808,52.099637468357315,23412400
2005-12-08,52.008270263671875,52.396614787235244,51.5513847849429,51.9701945372644,33286000
2005-12-09,52.26715850830078,52.358536751785735,51.71890066646963,52.08440783087016,22101700
2005-12-12,52.427085876464844,52.51846415445903,51.99304922269003,52.44992899357802,24178300
2005-12-13,52.43467712402344,52.564125265488926,52.01586747864837,52.28999637206864,24765500
2005-12-14,52.37377166748047,52.663133245238164,52.099642704099594,52.35854486264384,26972600
2005-12-15,51.84075927734375,52.40424414940094,51.574246554718165,52.40424414940094,31912800
2005-12-16,51.65798568725586,52.19863307290911,51.63514257706708,52.114871129190426,21479900
2005-12-19,51.01836013793945,51.75698508737338,50.87367934715211,51.718909360469254,22938900
2005-12-20,51.00312042236328,51.421924264594495,50.668072700947285,50.957428399736415,28762600
2005-12-21,51.61992263793945,51.76460343442789,51.07928098993069,51.11735090879468,30167400
2005-12-22,51.95704650878906,51.987623666227975,51.513686473919556,51.78887505887329,20624100
2005-12-23,52.079345703125,52.186362830758334,51.94939716699825,52.05641429463158,15255300
2005-12-27,51.299625396728516,52.30864773695233,51.26904825526799,52.24749345403127,26201500
2005-12-28,51.60539627075195,51.74299050543599,51.18496782255239,51.47544194822135,20488800
2005-12-29,51.33020782470703,51.765921929405465,51.33020782470703,51.59775055004923,20883600
2005-12-30,51.00153350830078,51.207922036276514,50.80278489588209,51.03211066651878,33860500
2006-01-03,52.018184661865234,52.09462461571475,50.48936225689632,51.376076219141076,40428100
2006-01-04,52.30101013183594,52.476827264593474,51.88822740587826,52.064044538635805,29795200
2006-01-05,52.58387756347656,52.58387756347656,52.171094576874715,52.308688905742,23712300
2006-01-06,53.21065902709961,53.241236172024685,52.49975644557531,52.836099207757066,26874100
2006-01-09,53.56229019165039,53.79925578697532,53.18008460848406,53.21066175497669,22285700
2006-01-10,54.043853759765625,54.043853759765625,53.264157129033265,53.30238001069363,27130700
2006-01-11,53.9521484375,54.06681129355152,53.5393656549116,54.05151980234725,29588700
2006-01-12,53.76103973388672,54.0744452853108,53.54700553642744,53.8527653430867,24564000
2006-01-13,53.783958435058594,53.86804411163133,53.52405566238111,53.715158412411306,20630300
2006-01-17,53.531707763671875,53.5469992514067,53.157147962081694,53.49349070832239,26979900
2006-01-18,53.41704177856445,53.50877320357393,52.973687804335576,53.042481999097596,30545300
2006-01-19,54.27320861816406,54.403157154613005,53.462934412075285,53.54702013142368,26801500
2006-01-20,53.65400695800781,54.36490938156172,53.37881854682612,54.29610936276991,43301200
2006-01-23,53.822208404541016,53.9368654466672,53.501151190599586,53.699899783611706,30482700
2006-01-24,54.42606735229492,54.60188446932123,53.845119122107555,53.85275903398285,36770600
2006-01-25,54.56367492675781,54.73184634104518,54.09738358059567,54.571320672496846,32586600
2006-01-26,55.351036071777344,55.38160739771865,54.58662461932023,54.74715032449664,38990300
2006-01-27,55.62621307373047,55.98548735233162,55.23636747235114,55.450401723774135,29044200
2006-01-30,55.465675354003906,55.78673249349327,55.396881144681345,55.57269245650213,28170300
2006-01-31,55.305137634277344,55.771428835714666,55.136966272186065,55.40451480205497,38124600
2006-02-01,55.87845993041992,55.96254563255612,55.39688295345387,55.488608568878895,35011400
2006-02-02,55.03759765625,55.870802932522366,54.77770068889691,55.80200873480903,46751000
2006-02-03,54.86943435668945,55.41216560245841,54.663045901197705,54.892365759300255,42793600
2006-02-06,55.358646392822266,55.38157779101752,54.6706752869973,54.96115521611975,24741300
2006-02-07,54.46428680419922,55.488594802282755,54.38784686631131,55.243983501845385,41861300
2006-02-08,54.808284759521484,54.91530186887436,54.18146776245677,54.60954203186332,36002600
2006-02-09,54.525455474853516,55.29750663283279,54.45665543020484,54.86943820211201,33152400
2006-02-10,54.41079330444336,54.60189611798355,53.79162205481155,54.41079330444336,31342400
2006-02-13,54.0515022277832,54.387844940975555,53.77631379553369,54.30375926267747,29784500
2006-02-14,54.67831039428711,54.86941311806527,53.74572816913094,54.12029370677059,46124800
2006-02-15,55.1599006652832,55.1599006652832,54.41077531776765,54.66303234793042,40853100
2006-02-16,55.649147033691406,55.67207844042138,55.129347097161485,55.32044992923873,30261700
2006-02-17,55.53449630737305,55.72559918122361,55.266953450381635,55.672090609825325,17558400
2006-02-21,55.28987503051758,55.748520679803505,54.922955011891325,55.61092640181814,21177400
2006-02-22,55.66441345214844,55.8096534205593,55.02231095768828,55.396870746123376,28699200
2006-02-23,55.62621307373047,56.00841876041323,55.32809310467759,55.610927412341375,38795900
2006-02-24,56.069576263427734,56.069576263427734,55.38160482181588,55.5650677609099,22995700
2006-02-27,56.22241973876953,56.474670884211925,56.04660267910542,56.1154026874929,20584000
2006-02-28,55.480960845947266,56.16128628056133,55.37394375501881,56.09248624668215,36395700
2006-03-01,56.489986419677734,56.489986419677734,55.51154105882936,55.62619806830817,26244900
2006-03-02,56.25303649902344,56.482362269646714,55.870830769315724,56.306550899899264,36546000
2006-03-03,55.9702033996582,56.67346048494521,55.9166948351689,55.962557652732265,38377600
2006-03-06,55.53449630737305,56.153667752409866,55.3739705931782,56.107804928924736,29340300
2006-03-07,54.7318229675293,55.34335406159933,54.60952024791093,55.30513118122268,38899700
2006-03-08,54.92293167114258,55.03759449273445,54.181452034440966,54.61716609089538,51662600
2006-03-09,54.44138717651367,55.3357472189121,54.44138717651367,54.93825581073396,31106800
2006-03-10,55.282196044921875,55.30512743879903,54.25788823845975,54.57893941672469,40266300
2006-03-13,55.39689636230469,55.86318779356431,55.190502013650736,55.496267747066334,35127000
2006-03-14,56.00838088989258,56.00838088989258,55.04522740973314,55.251615774912445,37978800
2006-03-15,56.52055358886719,56.52819350015422,55.83258249346708,56.03133099480341,31951400
2006-03-16,56.39061737060547,56.94864016921392,56.39061737060547,56.7193144531841,32559900
2006-03-17,56.61992263793945,56.79573973433072,56.33708846791632,56.66578543178365,31551600
2006-03-20,56.5893440246582,56.818669651894574,56.34473274386945,56.71165258104906,25640700
2006-03-21,55.80202102661133,57.025077855316134,55.80202102661133,56.56643227355121,44425900
2006-03-22,56.66581344604492,56.73461350281748,55.71794496870435,55.794384940232526,36219500
2006-03-23,56.9104118347168,56.9104118347168,56.37532632443527,56.589360528547886,25409600
2006-03-24,57.3846549987793,57.415301710266725,56.7717324595557,56.909639738617884,27560100
2006-03-27,57.3923225402832,57.41530611434611,57.01690467971237,57.31570283305618,23334000
2006-03-28,57.09353256225586,57.691134860960936,56.947967942356485,57.31571690819792,27179200
2006-03-29,58.15081787109375,58.19678502567023,57.200792989842306,57.200792989842306,33875700
2006-03-30,57.99755859375,58.41128033749577,57.66811382624474,58.2274059553625,29733500
2006-03-31,58.20442199707031,58.22740556402485,57.714086417836256,58.17377529271054,24722400
2006-04-03,57.721744537353516,58.54153073889053,57.69110367781572,58.31934651304329,35542000
2006-04-04,57.98225784301758,58.21976257743364,57.514905668979814,57.67579653860972,30181200
2006-04-05,58.28105163574219,58.38064906796714,57.668129072901415,58.09717720499506,27471100
2006-04-06,58.403663635253906,58.403663635253906,57.88268098608098,58.18147925668226,25663700
2006-04-07,57.46894073486328,58.75607358679085,57.354017010621575,58.510905702864804,51457700
2006-04-10,57.407676696777344,57.81373566444907,57.08589478035067,57.484290603745634,39109200
2006-04-11,56.38865661621094,57.50723526758494,56.2737329109113,57.46126812357007,49801100
2006-04-12,56.978599548339844,57.00158312194976,56.35035654019638,56.40398682704048,40981200
2006-04-13,57.1241569519043,57.40763462975397,56.511240300023076,56.848342412716,35415700
2006-04-17,57.162471771240234,57.407639622366844,56.618505784217525,57.17779220463324,38356100
2006-04-18,58.76372528076172,58.76372528076172,57.3080443966611,57.31570169102084,58648200
2006-04-19,59.192779541015625,59.25406712854481,58.43428646204929,58.756074061579014,44101500
2006-04-20,58.878631591796875,59.24638619657069,58.40362229032124,59.24638619657069,44622400
2006-04-21,58.74840545654297,59.26172475659107,58.426623732208014,59.200431329499764,40075800
2006-04-24,58.28105163574219,58.71775706205584,58.02056334595566,58.64114320301643,39232800
2006-04-25,58.31937026977539,58.38832099971481,57.82903448377184,58.30404398850198,42940300
2006-04-26,58.27339172363281,58.802037317229555,58.05887056833648,58.27339172363281,31348600
2006-04-27,57.790706634521484,58.74073119348494,57.376984847893404,57.85965734299525,91908800
2006-04-28,58.38063430786133,58.49555798999619,57.53787038097445,57.64513092556398,37918800
2006-05-01,57.66047668457031,58.71776205790107,57.66047668457031,58.44961060581681,44216700
2006-05-02,58.44960403442383,58.47258760698086,57.77539390994613,58.005235480779106,36131800
2006-05-03,58.34999084472656,58.61814219423594,57.98989938455924,58.41127840657083,35151900
2006-05-04,59.062522888183594,59.062522888183594,58.418959452077026,58.418959452077026,30351900
2006-05-05,59.3919677734375,59.77504291756387,59.23874005389207,59.3919677734375,37838800
2006-05-08,59.47624969482422,59.61415699193297,59.246408096485155,59.3919726885209,24715000
2006-05-09,59.3919677734375,59.59883162461292,59.261723627297606,59.43027762595526,21579600
2006-05-10,59.0318603515625,59.34597881475918,58.78669258324046,59.2846854113635,26824100
2006-05-11,57.698787689208984,59.116170677535855,57.63750009649109,59.08552395854492,46910800
2006-05-12,56.312049865722656,57.34635165338737,56.312049865722656,57.31570493842342,62645500
2006-05-15,56.05923080444336,56.472952776777724,55.430987626883265,55.88301946240699,61905600
2006-05-16,56.15115737915039,56.595525965436586,55.88300593751666,56.281401530049195,35594500
2006-05-17,55.12453842163086,56.036259590296396,55.047924523610014,55.50761375700082,76491400
2006-05-18,54.603519439697266,55.82170123605206,54.49625888470525,55.48459329449896,54127300
2006-05-19,55.086185455322266,55.3007065173011,54.08252499354907,54.69544732371193,79031200
2006-05-22,54.473289489746094,54.909994961639015,53.699475988580275,54.580550072648684,89895900
2006-05-23,53.768428802490234,55.461620280266175,53.70713537504042,55.070881986852356,73644800
2006-05-24,54.18216323852539,54.68016222286578,52.948660489961284,54.005946055045804,124700200
2006-05-25,55.323726654052734,55.37735695500028,54.427331975959035,54.77976050293781,63332000
2006-05-26,55.653160095214844,55.722116665184735,55.17814478127033,55.66082323526999,37483000
2006-05-30,54.12085723876953,55.43097356278996,54.059563811323876,55.40032684906713,46837100
2006-05-31,55.06321716308594,55.06321716308594,54.14383341284321,54.2510939735822,58723800
2006-06-01,56.13582992553711,56.18946021274231,54.894670180141595,55.070881475846015,49499200
2006-06-02,56.0975227355957,56.572532153822124,55.68380089551094,56.495918297198116,49690000
2006-06-05,54.46562194824219,56.04389553890469,54.289410652825694,55.97493897246044,66165900
2006-06-06,54.235774993896484,54.51925268073383,53.48494520335392,54.42731254966872,94747900
2006-06-07,53.70713806152344,55.0249175912961,53.638187336140646,54.25876724563881,81935900
2006-06-08,53.75310516357422,53.95230002301593,52.09821779266925,53.46196432317652,140237700
2006-06-09,53.278079986572266,54.47327230195024,53.18613986798106,54.051893243579,63028400
2006-06-12,52.052242279052734,53.438972159224136,51.967965296198614,53.40066231419529,108263800
2006-06-13,51.063941955566406,52.74947104627232,51.02563208498717,51.83009260502647,139584200
2006-06-14,51.67682647705078,51.85304358754995,50.98729600227973,51.1481868360771,106669400
2006-06-15,53.4466667175293,53.607557639764046,52.029289297138774,52.128886769398825,96971100
2006-06-16,52.74944305419922,53.40066959160662,52.53492192143089,53.324055736369715,66852400
2006-06-19,51.715145111083984,52.95631069804464,51.669177963691595,52.94098441873858,71705700
2006-06-20,51.65385818481445,52.3510578494076,51.56958117381389,51.76111877240361,61105000
2006-06-21,52.55790710449219,52.91033552559465,51.52360541393415,51.615545550194085,81035400
2006-06-22,52.362239837646484,52.646152105577585,52.0706585371775,52.477339722171166,50947100
2006-06-23,52.676856994628906,52.98378813385712,51.963244583968745,52.35458193284033,42901800
2006-06-26,53.329078674316406,53.329078674316406,52.907047652470276,52.960760159412125,39933200
2006-06-27,52.40827178955078,53.58227747447451,52.19341598700572,53.359752641076504,61567100
2006-06-28,52.63847732543945,52.63847732543945,51.79442126092096,52.44664613558419,46405900
2006-06-29,54.671905517578125,54.671905517578125,52.799630669308335,52.799630669308335,96533200
2006-06-30,55.040218353271484,55.17066218291759,54.134774725580314,54.83303734926935,61004300
2006-07-03,55.730804443359375,55.730804443359375,55.06323553827626,55.24739187200012,22967800
2006-07-05,54.91743087768555,55.20901216855149,54.47238112776665,55.124605979628136,38621400
2006-07-06,54.90208435058594,55.40084071969939,54.60282818742873,55.02485325777264,33830700
2006-07-07,54.088714599609375,54.971139145040524,53.981289613649686,54.82534558371409,45330300
2006-07-10,54.09639358520508,54.664212247484336,53.850849905228394,54.219168352304976,40166800
2006-07-11,54.57213592529297,54.572135925292976,53.40579907826929,53.79713632272541,63444700
2006-07-12,53.444175720214844,54.5414504641555,53.39813224942212,54.3112506728635,50664800
2006-07-13,52.2318000793457,53.47486839088997,52.19343149679127,53.08353109488503,80467000
2006-07-14,51.817447662353516,52.339228809410685,51.37239783164096,52.23947868358512,79083700
2006-07-17,51.748382568359375,52.33154515830393,51.43377661353756,51.871151483107575,67427500
2006-07-18,52.10135269165039,52.36991518843874,51.11917792955394,52.039965305463525,74235300
2006-07-19,53.329078674316406,53.712741110822286,52.009278956060335,52.0553165750893,97816700
2006-07-20,51.96324157714844,53.99665367087061,51.88651026033754,53.74343505659282,73657100
2006-07-21,51.21891784667969,51.90951116826588,50.911986831061135,51.90951116826588,103313800
2006-07-24,52.85331344604492,52.876338100330585,51.60257652405968,51.61025140882156,72230300
2006-07-25,52.9837760925293,53.54391987916231,52.47733894976421,52.71520774785029,87433100
2006-07-26,52.868690490722656,53.4058156167238,52.27017796340001,52.891709302662015,59831300
2006-07-27,52.362239837646484,53.628326858971334,52.15506472888072,53.260014253560335,59015800
2006-07-28,53.459503173828125,53.48252197502205,52.54639088587724,52.75356595084466,62209800
2006-07-31,53.46718978881836,53.58228967426116,52.9914463276257,53.27535859782149,37902900
2006-08-01,52.63078689575195,53.121879982637395,52.316186881493046,53.07583652979781,45003700
2006-08-02,53.329078674316406,53.49789108305487,52.8686849213542,52.953091125723425,50137500
2006-08-03,53.97361755371094,53.97361755371094,52.592436581531494,52.776592873644155,49316900
2006-08-04,53.421165466308594,54.71794065918394,52.92240307479124,54.57982193313644,76609200
2006-08-07,53.213985443115234,53.31374143581507,52.745916743565765,53.229335220865174,45882400
2006-08-08,52.47737503051758,53.68207547675795,52.316237425454155,53.27539401813685,76243800
2006-08-09,51.947879791259766,53.16025422094178,51.87114849218861,52.93772935567942,58126400
2006-08-10,52.40827178955078,52.6461405388767,51.433766282800136,51.64861623112317,54415200
2006-08-11,51.871150970458984,52.2317945329692,51.5872445649091,52.224119646428534,42757200
2006-08-14,52.17808151245117,52.80728755534416,51.93253783362033,52.24713792795528,45029900
2006-08-15,53.26768112182617,53.29069992695119,52.70753734970719,52.94540614162979,48780200
2006-08-16,54.035011291503906,54.11174260105752,53.32139898963031,53.61298616184718,46160700
2006-08-17,54.119415283203125,54.55679016948408,53.81248420327079,53.881546477011696,44642200
2006-08-18,54.43404006958008,54.43404006958008,53.7204275500644,54.32661503259711,36413600
2006-08-21,53.85083770751953,54.08870644711725,53.597619198399634,54.08103741657794,25383500
2006-08-22,54.02734375,54.188481260778104,53.68971895357512,53.78946907332619,22657900
2006-08-23,53.405799865722656,54.32659305130077,53.09886880386328,54.096393291350466,37109000
2006-08-24,53.313743591308594,53.6129998730573,52.87636857535085,53.49789995217891,32255600
2006-08-25,53.405799865722656,53.781787343033265,53.12189346323678,53.236987488988845,22449400
2006-08-28,53.97361755371094,54.07337351319848,53.344411522621606,53.359761295261066,26650300
2006-08-29,54.671905517578125,54.671905517578125,53.62066817414016,54.104086664368054,53031100
2006-08-30,55.09391784667969,55.247380450686805,54.51074941385108,54.717924514683,43890900
2006-08-31,55.07090377807617,55.43154740649441,54.91744114455634,55.21669737787696,33830000
2006-09-01,55.109283447265625,55.400864851286464,54.83304596799308,55.30878959434588,24118200
2006-09-05,55.608009338378906,55.6463720521477,55.01716617496846,55.19365339181382,38075100
2006-09-06,54.426326751708984,55.19365124793823,54.35726450285327,55.18597636379396,39718500
2006-09-07,53.942901611328125,54.57210731458614,53.758739560945344,54.11938292517005,44611800
2006-09-08,54.15010452270508,54.23451070909954,53.843173468018215,54.1194108318141,27806500
2006-09-11,54.0810432434082,54.35727472812969,53.44416238671965,53.8124749358299,49544600
2006-09-12,55.35478973388672,55.46988958133669,54.15776537053852,54.20380296782993,43200800
2006-09-13,55.82286834716797,55.922618444254496,55.24737485905284,55.37014961321086,35612000
2006-09-14,55.62336730957031,55.700098610720126,55.255054722362004,55.60802339102956,33680200
2006-09-15,55.75379180908203,56.03002319776108,55.3777986508898,56.014679286142396,40826200
2006-09-18,55.738468170166016,56.06841803972256,55.35480580343622,55.51594329495596,37907200
2006-09-19,55.492897033691406,55.81517185728062,54.59512894474137,55.79215306334142,64200600
2006-09-20,56.23723220825195,56.39836970490202,55.80753221718511,55.85356982930704,54786800
2006-09-21,55.63105773925781,56.45209518482684,55.31645170615279,56.28328276259728,68561500
2006-09-22,54.8944206237793,55.38550806080361,54.52610211889905,55.37016413961961,59289900
2006-09-25,55.546634674072266,55.74614073564764,54.56445999281334,55.07856613781249,61688400
2006-09-26,55.72445297241211,56.00157463632586,55.393446866790875,55.532007698747755,42739700
2006-09-27,56.13243865966797,56.1863231039162,55.57819530570672,55.58589476144617,49884200
2006-09-28,55.909217834472656,56.40957689102478,55.616703033133504,56.17864600774619,35641100
2006-09-29,55.42424011230469,56.18632176941901,55.37035566933628,55.97078399754537,33558300
2006-10-02,54.900814056396484,55.585919092998736,54.76225315725409,55.40117318513105,42184900
2006-10-03,54.82383728027344,55.29340444721502,54.40815458135958,54.84692978471867,45911000
2006-10-04,56.155521392822266,56.155521392822266,54.7237282682884,54.80071106637363,51122100
2006-10-05,56.87144088745117,56.88683980246272,56.07856708035017,56.093965995361714,48038000
2006-10-06,56.578922271728516,56.85604399350886,56.19403164402968,56.66359867965945,34893700
2006-10-09,57.01002883911133,57.07161278248104,56.24024716589419,56.47118401704657,25997000
2006-10-10,57.040771484375,57.24091619076593,56.68667292566058,57.040771484375,32950800
2006-10-11,56.81754684448242,57.18704439386837,56.27870236929907,56.794454348826605,52430000
2006-10-12,57.96451187133789,58.03378934258119,57.02537810806453,57.02537810806453,40618400
2006-10-13,58.426414489746094,58.43411394884274,57.83367947160069,57.96454678437771,45517000
2006-10-16,58.77278518676758,58.919045473564,58.26473272009967,58.41098713393244,46458400
2006-10-17,58.480255126953125,58.68809338305732,58.002988861099126,58.45716263993734,48733400
2006-10-18,58.48797607421875,59.119196400788645,58.195455469953785,58.903652739185524,44694800
2006-10-19,58.77278518676758,58.81127659054464,58.18005633016108,58.295524668528586,43889000
2006-10-20,58.19545364379883,58.81898036761146,58.10308366468887,58.78818841692011,39507600
2006-10-23,58.310935974121094,58.718919140932215,57.802877475323136,58.003022266331314,38995800
2006-10-24,58.426414489746094,58.464900039296325,57.99533287483129,58.12620018760832,30504800
2006-10-25,58.81127166748047,58.857456649775884,58.10307453178931,58.29551978863777,51574000
2006-10-26,59.303958892822266,59.388635315420274,58.40331607751532,58.996045162735484,49379500
2006-10-27,58.61112976074219,59.357818332720804,58.457175897081285,59.188465558915745,51799300
2006-10-30,58.86516189575195,59.04990771607245,58.14156577946471,58.33401105524632,51246800
2006-10-31,58.68044662475586,59.11152238757839,58.2724574944082,58.96526202249212,46092200
2006-11-01,57.410316467285156,58.94987975657914,57.410316467285156,58.8498043840756,47212200
2006-11-02,57.325592041015625,57.65659810611512,57.04077095659325,57.04847041102708,47585300
2006-11-03,57.60272979736328,57.91833704195195,57.125463329221006,57.59503034077392,49053800
2006-11-06,58.27241897583008,58.56493951264399,57.733574628482735,57.895227932686936,47702600
2006-11-07,58.65729904174805,59.14226474107734,58.32629303782562,58.37248388292861,49200600
2006-11-08,58.95758056640625,59.11923989979606,58.04924375250664,58.20319775110725,52411800
2006-11-09,58.41868591308594,59.11918951756715,57.987610385998174,59.072998658976616,49553600
2006-11-10,58.90365219116211,58.94214359861705,58.20315438460308,58.3263163171233,43722400
2006-11-13,58.98832702636719,59.265448708400946,58.65732089910264,58.834373146554675,39373200
2006-11-14,60.12763214111328,60.12763214111328,58.83439901402021,59.20389671017536,68600600
2006-11-15,60.581790924072266,60.82042714023928,60.02755327595628,60.15841469816565,65076400
2006-11-16,60.53558349609375,60.89738154238017,60.33543877141037,60.88968208717139,49327900
2006-11-17,60.497108459472656,60.51250737405612,59.91977249486046,60.31236259522699,35969400
2006-11-20,60.581790924072266,60.69725930312524,60.12762273888714,60.31236862159247,48400400
2006-11-21,60.6818733215332,60.71266528439498,60.28158367729651,60.57410438800019,40727000
2006-11-22,60.75111770629883,60.89737798189647,60.47399606462078,60.7896091071287,33281900
2006-11-24,60.474002838134766,60.83580090379189,60.21997953228015,60.327748419118805,17933400
2006-11-27,59.11918640136719,60.45860377061972,59.057602508468314,60.43551127902346,72824600
2006-11-28,59.319305419921875,59.39628819680023,58.72657679950321,58.957507511254335,59174400
2006-11-29,60.08912658691406,60.20459495686888,59.504097025616105,59.67344397885588,53282800
2006-11-30,60.096797943115234,60.504780902946266,59.65802304083021,59.965936592407644,58605000
2006-12-01,59.87360382080078,60.32777795739559,59.157706794583035,60.158425088596395,87109800
2006-12-04,61.05904769897461,61.066747155801856,59.98905224561321,60.01214474313018,54369200
2006-12-05,61.105228424072266,61.3977490334191,60.86659813578562,61.12062733665071,39558600
2006-12-06,60.897396087646484,61.18991085284778,60.65106631880197,60.96667358218168,37810400
2006-12-07,60.63566207885742,61.20530439106062,60.55099155062853,61.03595158867397,39544100
2006-12-08,60.64332962036133,61.07440498287228,60.166069289856004,60.52016774805591,43109600
2006-12-11,60.79730224609375,60.95125608749365,60.45859674745886,60.6587414396488,35233200
2006-12-12,60.46630096435547,60.82809310743989,59.95824267638333,60.76651508980699,47917600
2006-12-13,60.543304443359375,60.81272674167239,60.158413767779166,60.743449239091454,47296600
2006-12-14,60.78961944580078,61.26688000866629,60.47400634961561,60.5201972130599,52286200
2006-12-15,60.735713958740234,61.197581322430295,60.66643062405753,61.04362749218767,38923800
2006-12-18,59.973655700683594,60.97436773005805,59.75811203286818,60.85889937625518,47013800
2006-12-19,59.9351806640625,60.12762601531547,59.35014515182298,59.61956746898393,54066400
2006-12-20,60.282264709472656,60.49871713067407,60.00396705424621,60.00396705424621,43288200
2006-12-21,60.00397872924805,60.56830038033978,59.76432987524405,60.290002670964824,49951400
2006-12-22,59.60969924926758,60.10444922767099,59.563318281881315,59.98075878412765,31230400
2006-12-26,60.460086822509766,60.46781895435971,59.75661616926689,59.77980666692819,21798200
2006-12-27,61.17900848388672,61.20219897652337,60.56829995361034,60.583764213959604,39294000
2006-12-28,60.900672912597656,61.28719661059372,60.800178874356774,61.09393476159569,28257400
2006-12-29,60.32090759277344,61.06303263403368,60.289984978818566,60.80793139020571,30795200
2007-01-03,60.42140579223633,61.163530811752125,59.69473913030225,60.82338796610037,54095400
2007-01-04,60.58376693725586,60.75383252353161,59.74114164696176,60.21270134472806,45577600
2007-01-05,59.315956115722656,60.583753946692106,59.29275972912991,60.31318251741962,57486800
2007-01-08,59.08401870727539,59.75657213327548,58.929411571541294,59.48600079891455,46117200
2007-01-09,59.640625,59.764309552169884,58.898499993324904,59.61743451508598,62791800
2007-01-10,60.104461669921875,60.104461669921875,59.19226510255295,59.33914606019531,49239300
2007-01-11,60.47551727294922,60.715160145310755,59.83388633959098,59.8802673089809,49188300
2007-01-12,61.055301666259766,61.109414762010395,60.398206492007,60.49870645403323,28392800
2007-01-16,60.64557647705078,61.34905256158474,60.529624065652534,61.23309425230188,33914700
2007-01-17,60.38277053833008,60.90071120380698,60.38277053833008,60.467806277185964,27481200
2007-01-18,59.880287170410156,60.398227826675104,59.54014422103631,60.398227826675104,55936200
2007-01-19,60.1121826171875,60.26678977697837,59.424170729713474,59.555587405324225,49715800
2007-01-22,59.67156982421875,60.16632001283098,59.455117353936835,60.15858788235306,46305200
2007-01-23,60.235870361328125,60.51416798202517,59.524667951940295,59.55559056511612,47783000
2007-01-24,60.89295959472656,60.93161433561857,60.251334540271294,60.305447638788856,30401400
2007-01-25,60.12765884399414,61.032123383136906,59.93439688787542,60.84659355667125,57289400
2007-01-26,60.35181427001953,60.54507613278991,59.648344156435016,60.289969058440846,56630200
2007-01-29,60.87748718261719,61.024368086634645,60.320892070428954,60.3904694083945,59602200
2007-01-30,61.20993423461914,61.341350964867225,60.69199354630903,60.98574963119666,33830600
2007-01-31,61.34133529663086,61.66601392297826,60.78473999552902,61.117150750471176,54267500
2007-02-01,61.99843215942383,62.037086909176146,61.48822367043638,61.58871776275096,50571100
2007-02-02,62.037086486816406,62.191693688999585,61.859282896207716,62.15304483739715,26512600
2007-02-05,62.02935791015625,62.207161510948886,61.7433339799463,62.01389954820722,30893400
2007-02-06,62.1839714050293,62.19942976707428,61.68148911920488,62.04482255507619,31445600
2007-02-07,62.75602722167969,62.77921771445001,62.06028294913367,62.26900917984111,30708600
2007-02-08,62.65550994873047,62.72508140131209,62.29217663533288,62.51636114568214,25417000
2007-02-09,62.08344650268555,62.73280950791965,61.61188702801695,62.6013928406539,52164700
2007-02-12,61.913421630859375,62.07576692759425,61.534629700219334,62.06030266224372,39561300
2007-02-13,62.36949920654297,62.369499206542976,61.52687400431725,62.02163004193989,41995800
2007-02-14,62.46225357055664,62.84104527426732,62.24579527055064,62.408140470026545,64326000
2007-02-15,62.508636474609375,62.76374362694239,62.27671980923649,62.392678141922936,44086000
2007-02-16,62.7482795715332,62.82558316094338,62.10664857344566,62.40041047024449,42160800
2007-02-20,63.35124206542969,63.51358723517958,61.92110532938146,62.61684927872194,71903200
2007-02-21,63.46721267700195,63.768700797181644,63.02657573997889,63.11934358383636,39549600
2007-02-22,63.691375732421875,63.73775668976781,63.1038580485441,63.58314956669225,58815900
2007-02-23,63.35124206542969,63.62953964516588,63.127063474199815,63.59089080779862,57987800
2007-02-26,63.30488967895508,63.7068778746576,62.76375852845615,63.637300499372195,78736400
2007-02-27,60.33636474609375,62.57047173484279,59.88799574335699,62.12210273210603,136636000
2007-02-28,60.93936538696289,61.24085358630879,59.91894242812587,60.5837640722956,97620200
2007-03-01,60.622413635253906,61.148086432180726,59.33142508473376,59.88802050476066,97674800
2007-03-02,59.41644287109375,60.591472704424845,59.331407157733906,60.43686553352632,96274500
2007-03-05,58.110008239746094,59.74887188312797,58.094549877079324,58.82121088016401,122207900
2007-03-06,59.69474792480469,60.07353966915878,58.89850968961934,58.952622795955634,94041400
2007-03-07,59.50148010253906,60.003962267607555,59.37006341413388,59.756587249127236,55408800
2007-03-08,59.94984817504883,60.43686607584631,59.58651483250293,60.08899698926034,76876500
2007-03-09,60.436893463134766,60.51419708430823,59.84937532601761,60.436893463134766,69129900
2007-03-12,60.606937408447266,60.69197312243596,60.104455252482836,60.30544929444572,35945400
2007-03-13,59.05312728881836,60.34411583746056,58.95263318730474,60.17404435960115,96417200
2007-03-14,59.67926788330078,59.741113102153165,58.38827990365193,59.068565515258754,129087500
2007-03-15,60.143123626708984,60.23588559180567,59.617450865575805,59.617450865575805,84037300
2007-03-16,59.73339080810547,60.34409917456158,59.169069312366794,60.15083725724834,77107100
2007-03-19,60.47551727294922,60.66877917592084,60.15083279356412,60.16629704861758,56720800
2007-03-20,60.95480728149414,60.99346202394648,60.266795330619175,60.44459888886002,46527300
2007-03-21,62.05255126953125,62.70964669152755,60.862062714169575,61.039860425291366,77517600
2007-03-22,62.05255126953125,62.30765848763188,61.7742594563792,62.27673586441781,40940200
2007-03-23,62.14858627319336,62.288002584175956,62.00142887937318,62.140845190355776,37200500
2007-03-26,62.01695251464844,62.334514369784955,61.55998017781521,62.21058606264087,46665700
2007-03-27,61.730323791503906,62.016903342630954,61.459238221098445,61.97043321891066,40734900
2007-03-28,61.30435562133789,61.57544128793045,60.88610663178465,61.35857275465641,67939400
2007-03-29,61.38182067871094,61.776834680879496,60.793173172824055,61.72261753620739,49841400
2007-03-30,61.53671646118164,62.00918261652719,60.97905701267231,61.467011246077256,54280000
2007-04-02,61.691627502441406,61.784567790323734,61.304360544998865,61.660645436739024,36558700
2007-04-03,62.34994888305664,62.55907033515337,61.96268211980784,62.016899230293795,44410200
2007-04-04,62.342227935791016,62.419680138950966,61.96270800385024,62.33448685193204,35754200
2007-04-05,62.30350112915039,62.59007485493146,62.23379001394421,62.31124221255466,24666800
2007-04-09,62.38869094848633,62.60555943570763,62.21054560014135,62.56683038760822,38545000
2007-04-10,62.58230209350586,62.78367652611616,62.256993569248856,62.34993970606814,48521000
2007-04-11,62.19502639770508,62.65974519618995,61.807759747431,62.636510142648724,59019200
2007-04-12,62.613285064697266,62.67524916267406,61.707082291367726,62.03238494191346,45075400
2007-04-13,63.01604461669922,63.04702666510962,62.373180407931876,62.69848305240878,31467000
2007-04-16,63.88352966308594,63.95323484600555,63.35684661387929,63.364587694722346,43967100
2007-04-17,63.689918518066406,63.99972731819783,63.46530300151428,63.984239241880886,51536000
2007-04-18,63.318111419677734,63.68214309747425,63.24840624353191,63.442039611787806,48993700
2007-04-19,63.01604461669922,63.3800762989945,62.582307757396684,62.84564630505279,69360400
2007-04-20,63.751869201660156,63.80608632620098,63.32587919718888,63.48078357895601,68702200
2007-04-23,63.682212829589844,63.90682849182774,63.418868087603805,63.674465831794635,34858200
2007-04-24,63.65118408203125,63.78285340187749,63.023813632815035,63.720889283400346,56640600
2007-04-25,63.8293342590332,64.2320892410612,63.48853749093133,63.930021527234196,51964600
2007-04-26,64.18560791015625,64.41796446761329,63.48852641933913,63.860299274959594,47381600
2007-04-27,63.914512634277344,64.00745879732364,63.52724581875181,63.914512634277344,56761000
2007-04-30,62.53583526611328,63.914503997611256,62.520347195643104,63.87578086682489,86447400
2007-05-01,62.79143524169922,62.861146334638114,62.06337180702811,62.729471138914,88311800
2007-05-02,63.62793731689453,63.852552773160866,62.6752583754354,62.79143959891419,49850600
2007-05-03,63.74409484863281,63.95321624579258,63.48849743382174,63.67438377676602,57008800
2007-05-04,64.14688873291016,64.1856177863904,63.6279525079288,63.89129116207794,47940900
2007-05-07,63.96100616455078,64.2863089603532,63.8758069690943,64.05394644379476,40421400
2007-05-08,63.73636245727539,63.991959930621604,63.15546233197309,63.658910289079415,59329800
2007-05-09,63.991973876953125,64.46443988790539,63.473031827577024,63.5117608747264,66106100
2007-05-10,63.201934814453125,63.837052072164695,62.93084926101927,63.75959990107243,92481400
2007-05-11,63.77510070800781,63.860299885990834,63.240676484287015,63.31812867084711,57249600
2007-05-14,63.217464447021484,63.96875743046796,63.093536176004406,63.736400786148764,71975000
2007-05-15,62.714019775390625,63.728657438189074,62.56685642244408,63.21746806405856,115258700
2007-05-16,63.054805755615234,63.1245109681093,62.31899502701666,62.81469623550066,95727600
2007-05-17,62.56680679321289,63.05476661467073,62.51258969185323,62.969567468359706,71780400
2007-05-18,63.302635192871094,63.55048571423742,62.5668247103111,62.884386330086194,80552700
2007-05-21,64.10043334960938,64.46446526290396,63.240700165640334,63.30266430178096,148866800
2007-05-22,64.49541473388672,64.78199431303304,63.99197258643534,64.1391299623448,69634200
2007-05-23,64.32503509521484,65.13829204779124,64.26307097238312,64.71230199907713,59384400
2007-05-24,63.48078536987305,64.7200381866419,63.17097068837494,64.27081310315438,89560000
2007-05-25,63.89128875732422,64.06168713146553,63.54275092601602,63.69765531565884,44083500
2007-05-29,64.47994995117188,64.58838422910252,64.06944791197374,64.1159180570226,59397200
2007-05-30,64.9136734008789,64.94465546079918,63.84481892513625,64.00747030779989,64383000
2007-05-31,65.2699203491211,65.40933658324536,64.8904006764796,65.05305196475452,68767400
2007-06-01,65.60298919677734,65.96702091006183,65.20798134166705,65.47906690180804,71003000
2007-06-04,65.6727066040039,65.81212289251435,65.3241629281165,65.4403441534123,52419900
2007-06-05,65.40937805175781,65.61850549013784,64.92917087027958,65.5178123126867,84623400
2007-06-06,64.68133544921875,64.91369210172435,64.28632145796621,64.90595101643196,95052800
2007-06-07,63.34138488769531,64.63485515377326,63.34138488769531,64.48769772293522,113824100
2007-06-08,64.17012786865234,64.39474339278212,63.248436611486206,63.411088009809646,86239400
2007-06-11,64.18560791015625,64.4954166534323,63.767359015665974,64.08491475029084,68082100
2007-06-12,63.12451934814453,64.15465095940195,63.05481412639681,63.76738396953603,115376300
2007-06-13,63.96873474121094,64.26306132586834,63.31038228531501,63.42656352087855,118706700
2007-06-14,64.54962158203125,64.8052190652564,64.19333686718191,64.19333686718191,79451800
2007-06-15,65.3164291381836,65.59526174633221,65.10730172746051,65.28544708069784,83706500
2007-06-18,65.1924819946289,65.541025608307,64.82845031131295,65.51004355980973,60117800
2007-06-19,65.36292266845703,65.45586887418726,64.66584089854376,64.91369153793232,65541300
2007-06-20,64.23209381103516,65.57204000067757,64.23209381103516,65.5100758731188,86929200
2007-06-21,64.73555755615234,64.74329864203831,63.759642994967024,64.14691002139642,97110200
2007-06-22,64.22432708740234,64.65806993783902,63.74412001940756,64.56512377505487,93984100
2007-06-25,63.89128875732422,64.63484046421242,63.51176886624272,64.03845206394148,108393200
2007-06-26,63.418819427490234,64.23208220437635,63.310385178468536,64.16237109616333,91436900
2007-06-27,64.74327087402344,64.78974691553525,63.12449823425921,63.22518549062535,127640800
2007-06-28,64.73474884033203,65.33227981944799,64.64163143510905,64.72699300355418,87866200
2007-06-29,64.33121490478516,65.33226827748327,64.1449742067554,65.01410141121761,110203200
2007-07-02,65.16153717041016,65.25465454774982,64.60280922443485,64.70368835671427,56318400
2007-07-03,65.4719467163086,65.58058761095108,65.20810031468774,65.27794427294918,34591600
2007-07-05,65.5805892944336,65.70474778271877,65.07618174465382,65.53402468090239,47326500
2007-07-06,65.80564880371094,65.90652796993749,65.23139715461312,65.61940214538858,40975100
2007-07-09,65.74354553222656,66.53507285493589,65.51074024411442,65.92978621042562,56954300
2007-07-10,64.66492462158203,65.86773675344935,64.57180127594906,65.3943701073346,101069100
2007-07-11,65.05290985107422,65.08395095682303,64.33122042374964,64.54074048694717,82880600
2007-07-12,65.8211669921875,66.03844884170434,65.20811839077281,65.3090034783959,71638400
2007-07-13,65.88323211669922,66.11603150056592,65.67370615868587,65.88323211669922,43138400
2007-07-16,65.55731964111328,66.08500661543918,65.35555540727185,65.87548062478078,77268800
2007-07-17,65.60386657714844,66.00738905198706,65.54178437471643,65.66594877958043,57654400
2007-07-18,65.3943099975586,65.44087458781706,64.47861866223411,65.23911048464878,97201600
2007-07-19,65.5805892944336,65.92202957758147,65.54954819224109,65.76682998710379,61461700
2007-07-20,64.60283660888672,65.78236927889363,64.09066713447808,65.47972583328374,154037700
2007-07-23,64.36224365234375,65.06840937040768,64.36224365234375,64.89768629645177,67737500
2007-07-24,62.85680389404297,63.78801343539,62.461037174751844,63.710413627025396,158240800
2007-07-25,62.624000549316406,63.4543309583673,61.94887568243945,63.21376976860527,164307600
2007-07-26,60.94779586791992,62.74813793776357,60.17954800686377,61.46772088901431,244724700
2007-07-27,59.465675354003906,61.46002186307271,59.31047564080764,60.800414201254235,202037300
2007-07-30,60.497764587402344,60.85472862857292,59.40359310128001,59.99335668904584,149169600
2007-07-31,59.83034896850586,61.421171282391384,59.55098499220904,61.250448194600615,187777400
2007-08-01,60.15629196166992,60.49773825263089,59.06212095184214,59.65189020336934,185942500
2007-08-02,60.629638671875,60.916764406183006,59.985555089186725,60.48220084764933,105762800
2007-08-03,58.47233963012695,60.69172822226186,58.169696269425394,60.53652862412753,158340000
2007-08-06,59.000038146972656,59.31044332472637,57.36265660679595,58.68187713212768,208307700
2007-08-07,59.90797805786133,60.27270375643782,58.58876324050837,58.88364495060836,179153900
2007-08-08,61.70829391479492,62.15838099946235,60.38907968233896,60.44340012907574,259607000
2007-08-09,60.28822708129883,61.62296541203924,60.218383093045674,60.25718596657379,204699000
2007-08-10,60.57534408569336,61.90232059309587,59.31044980472168,59.682937242819726,267042500
2007-08-13,60.24943161010742,62.04977504194184,60.16407001424772,61.60744946361794,116492000
2007-08-14,59.21730041503906,60.668440736938145,58.93018060495433,60.50547940461008,113169000
2007-08-15,58.355926513671875,60.06315138963394,57.998962765544086,58.953457292428034,145850300
2007-08-16,59.65184783935547,59.698406511244244,56.834929780441044,57.94462351748687,347851600
2007-08-17,60.846946716308594,62.12735847517368,59.434602837876355,61.46775116171575,215542300
2007-08-20,60.89347457885742,61.35907915720432,60.11746497478478,61.04867413147858,126893400
2007-08-21,61.06419372558594,61.37459281093558,60.528745238536615,60.8934706763538,92754900
2007-08-22,61.79367446899414,61.91783891143118,61.25046983454829,61.599671968051126,70351700
2007-08-23,61.00211715698242,62.17389334966057,60.76931190105201,62.04196721370875,105471500
2007-08-24,61.79367446899414,61.84799493243873,60.80814436921768,60.97886751732537,64735000
2007-08-27,60.9400520324707,61.66950317955321,60.909010928287906,61.584141623171845,60380700
2007-08-28,59.40353775024414,60.67619303136136,59.28713512516369,60.59083150100125,86275800
2007-08-29,60.963340759277344,60.963340759277344,59.57428221594781,59.737249518100185,70723200
2007-08-30,60.55206298828125,61.265990810228885,60.140778610865475,60.23390194783175,63330500
2007-08-31,61.10297393798828,61.56082252846841,60.769289684072746,61.413378858918314,47035900
2007-09-04,61.88676452636719,62.32908975387424,60.97883473103428,61.056434505591376,61375400
2007-09-05,61.31254577636719,61.925594327019375,60.885737949810014,61.52206585091334,67145300
2007-09-06,61.32804870605469,61.591895095881256,60.68395920197676,61.359089806062784,65069100
2007-09-07,60.319210052490234,60.47440955602662,59.74495886434619,60.35024521681227,107970400
2007-09-10,59.48114013671875,60.497710871360766,58.68185115416965,60.45891394162058,99748500
2007-09-11,60.52102279663086,60.57534326389916,59.78381560934864,59.892456543885245,84890600
2007-09-12,60.14076614379883,60.65293551021135,60.047642826136844,60.27268640345578,62793300
2007-09-13,60.28822708129883,60.940072729062884,59.88469851036057,60.5443059169277,72390100
2007-09-14,60.59861373901367,60.746057523060315,59.582042606025226,59.675165930763,61830800
2007-09-17,59.931236267089844,60.62188447866729,59.900195166284895,60.43563787383759,53416800
2007-09-18,62.484310150146484,62.54639235869848,59.938998804367436,60.38132417945117,138693800
2007-09-19,63.32238006591797,63.71038485298913,59.95450135597216,63.06629548553502,114738300
2007-09-20,62.693817138671875,63.27582434650899,62.274771238571134,63.244783251632995,128460700
2007-09-21,62.82576370239258,63.29136847985308,62.74816389289683,63.07408664507058,57473900
2007-09-24,62.34461212158203,63.143907030216766,62.150609710070285,62.93438111031318,87072300
2007-09-25,62.091819763183594,62.28629426832196,61.6717541198978,61.95179788208833,54940900
2007-09-26,62.636322021484375,62.947482297547225,62.09179598954086,62.620766678381116,65425300
2007-09-27,63.009742736816406,63.07197600586863,62.64412969974858,62.95529011011851,63248800
2007-09-28,62.26292037963867,63.204175699406434,62.17735117467003,62.98636533580891,90453200
2007-10-01,63.81095886230469,63.97431669650946,62.332951779403516,62.332951779403516,98833600
2007-10-02,64.22327423095703,64.46442671145536,63.92767504812091,64.021024969755,53654700
2007-10-03,64.0443344116211,64.37883074016835,63.75651005709303,64.03655377098794,56474400
2007-10-04,64.14546966552734,64.34772481138853,63.779856648548176,64.22325828012292,35783300
2007-10-05,65.44454193115234,65.67013301276302,64.54996417962408,64.93113245239896,92101800
2007-10-08,64.9544906616211,65.4834616014108,64.7600161386821,65.27343172798892,34535400
2007-10-09,65.4834213256836,65.6001071546574,64.79887356253195,65.28894692235653,57974000
2007-10-10,65.42899322509766,65.52234311020207,64.90780305343387,65.37454060917591,50123200
2007-10-11,64.68997955322266,66.03573933332541,64.30103067933813,65.80236763503916,93750000
2007-10-12,65.20341491699219,65.40567007363336,64.72889662730974,64.783349253918,60997500
2007-10-15,64.44883728027344,65.24229643044534,63.81096126488513,65.18784381699352,80770400
2007-10-16,63.70985412597656,65.48346080399976,63.69429284079173,64.07546717423232,59345400
2007-10-17,63.95873260498047,64.50325847426069,63.0563686674454,64.409914573748,90253500
2007-10-18,63.803184509277344,64.09100887498474,63.31311095837136,63.538702066376054,68562200
2007-10-19,61.52395248413086,63.880988505709645,61.45394451001902,63.71763063122436,128571100
2007-10-22,62.82307434082031,62.963096285524486,60.948336410886256,61.0961390011,138153000
2007-10-23,63.3052978515625,63.42976430313576,62.3796038412564,63.328639762397785,84843000
2007-10-24,62.90081787109375,63.14196429486824,61.53949669321186,62.90859851102209,126810300
2007-10-25,62.74524688720703,63.398678268466135,61.91289044434755,63.07196257783658,116690000
2007-10-26,63.795406341552734,63.79540634155273,62.59744290278546,63.29755217672604,79290000
2007-10-29,63.72539138793945,64.12990159944646,63.31310647093823,63.95876312033886,56217000
2007-10-30,63.2197380065918,63.75648927239037,62.978591639586845,63.40643771158396,59967000
2007-10-31,64.03653717041016,64.40993067043628,62.830793385107654,63.49978586877521,107684000
2007-11-01,61.5628547668457,63.32090612341061,61.453949508331114,63.29757013014198,171158000
2007-11-02,61.866249084472656,62.33298686417877,60.94832887926372,62.30965086542739,130182000
2007-11-05,61.04943084716797,61.63285428214327,60.71493450705319,61.018314218449135,98542900
2007-11-06,62.20072937011719,62.2318460053068,60.69938584784351,61.446167287720236,94974000
2007-11-07,60.271514892578125,61.54726661372424,60.03036257591473,61.376128174443224,112492300
2007-11-08,60.450462341308594,60.80052005710235,58.980235365693204,60.777178128136086,120883000
2007-11-09,59.78145980834961,60.4815691917597,59.221372301621535,59.695890553994445,104492000
2007-11-12,59.20582580566406,60.76162203036181,59.14359253230217,59.81258538371353,106800000
2007-11-13,61.06498718261719,61.25168102306231,59.999264887583024,60.03816215783375,105192100
2007-11-14,60.71491622924805,61.63283572800483,60.364858712711204,61.586157831533605,76347400
2007-11-15,59.85148239135742,60.59048322077462,59.306950154252284,60.38045334274699,114145000
2007-11-16,59.34583282470703,60.17818335884632,58.76240938671529,60.14706672996661,123470600
2007-11-19,58.06229019165039,59.15134827751645,57.8133631378715,59.0346624228006,116186400
2007-11-20,58.396793365478516,58.77796166328588,57.05880806799494,58.10896901454409,129813600
2007-11-21,57.17548751831055,58.108962491592614,56.78653862362817,58.00005727587268,94961400
2007-11-23,58.38900375366211,59.12022954456193,57.65000325831065,57.84447769760197,50849400
2007-11-26,56.86433410644531,58.82464009673365,56.778764864454715,58.614604344614975,96764900
2007-11-27,57.52553939819336,57.87559696585393,56.911005364641625,57.214385029013954,80871400
2007-11-28,59.797027587890625,59.81258293814928,58.233450784229895,58.27234806221358,112697000
2007-11-29,59.28359603881836,59.867019442088974,59.050230238443966,59.57142038765885,57418400
2007-11-30,59.6258659362793,60.63712948785848,59.236917046851374,60.23262525420462,84981400
2007-12-03,58.925750732421875,59.70364843185979,58.8868534734946,59.54807126592759,61964100
2007-12-04,58.303466796875,58.77798516618548,58.00008697844923,58.35791943262085,57670000
2007-12-05,59.46250534057617,59.60252717163282,58.74683490690399,59.26803090493576,70221700
2007-12-06,60.87052917480469,61.018331719889716,59.25249962667866,59.28361626432245,93204000
2007-12-07,61.05722427368164,61.29837673646878,60.58270592628709,61.22836281666223,59125400
2007-12-10,61.53949737548828,61.64840259613509,60.831607506394576,61.06497922771741,49937400
2007-12-11,59.39250183105469,61.905114589730964,59.314713230189774,61.671742852246425,120369300
2007-12-12,59.8281364440918,61.30613785703167,59.19025440349213,61.228349246070195,112505300
2007-12-13,59.50139617919922,59.8125564606519,58.840184290417746,59.33025772765581,89826800
2007-12-14,58.342342376708984,59.797013583195316,58.30344510783519,58.93354644122883,75866900
2007-12-17,57.44774627685547,58.50568766634952,57.36995769069329,58.202308025894915,71635600
2007-12-18,58.47457504272461,58.661274784144666,57.05880131217926,58.08562615043316,114501900
2007-12-19,58.88686752319336,58.9102094450519,58.12453091939739,58.412349338530824,85850100
2007-12-20,59.77367401123047,59.90592116966733,58.20232280611736,59.283600452556875,121965700
2007-12-21,61.14274215698242,61.14274215698242,60.39596127107469,60.582655008829896,83426900
2007-12-24,61.586177825927734,61.71064434374222,61.13499560118557,61.228345489546435,29867000
2007-12-26,61.873958587646484,62.10732424173419,61.22830233505367,61.329426858336404,65572400
2007-12-27,60.40431213378906,61.7233899963381,60.029666676006144,61.55167501365335,71490100
2007-12-28,59.75645065307617,60.888205221432436,59.75645065307617,60.817955511385875,48207400
2007-12-31,59.2413215637207,59.943789004175926,58.99155602432331,59.670602921029875,73932400
2008-01-02,58.66371536254883,59.709606260935026,58.218814540392614,59.43642624679518,94259600
2008-01-03,58.015899658203125,59.02276851102961,57.78174189526514,58.74958246930887,78036800
2008-01-04,56.267547607421875,57.23539434988871,55.89290224991521,57.16514462355584,123498600
2008-01-07,56.392398834228516,56.86070822180727,55.47138779154361,56.41581341037591,139672900
2008-01-08,54.651859283447266,57.188542390940555,54.651859283447266,56.44705278762482,157222700
2008-01-09,55.206031799316406,55.41676900496326,53.55913861024339,54.581615118717416,140191600
2008-01-10,55.96312713623047,56.447050344160715,54.526977158959156,54.72210662031962,153878400
2008-01-11,54.80796813964844,55.80703010340426,54.56600949511105,55.63531521184391,120320000
2008-01-14,55.26066207885742,55.56506354147555,54.839181756414284,55.42457010066117,71078600
2008-01-15,54.24599838256836,54.76114309605432,53.91037542056736,54.542593064500615,95261600
2008-01-16,54.300628662109375,55.190418568733975,53.63718965522315,54.04305633259203,135714800
2008-01-17,52.9815788269043,54.714330365349355,52.82547755249094,54.62067198265411,123268100
2008-01-18,52.4664192199707,53.70743994158733,51.74053726519583,53.1688865882818,131880200
2008-01-22,52.09175491333008,53.17667414996302,50.10143814941583,50.319982174798284,150963700
2008-01-23,53.871337890625,54.62064024610698,50.80390258712514,50.96781657136576,183099500
2008-01-24,53.832332611083984,54.8157870534173,53.29377323351664,54.230398496889435,113683300
2008-01-25,53.44207763671875,54.80798437247005,53.137676040570355,54.60504799007752,95436000
2008-01-28,54.57381057739258,54.61283885465781,52.848866719116145,53.324983118332604,81259000
2008-01-29,54.71431350708008,54.9406644536548,53.949409161298014,54.9406644536548,75340700
2008-01-30,54.02747344970703,55.72900344871273,53.9338091172812,54.417732569158964,126086600
2008-01-31,55.36992645263672,55.85384360598078,53.07520255428765,53.16105997598625,117643600
2008-02-01,56.673423767089844,56.884161049001015,55.41678905990435,55.67436148048097,100612100
2008-02-04,56.033390045166016,56.66560774341791,55.94753258554169,56.61877856721554,54583900
2008-02-05,54.597225189208984,55.861666341761435,54.480152267112594,55.1748127276534,125988100
2008-02-06,53.871337890625,55.32310152769385,53.73084444333194,54.964064041251234,97259100
2008-02-07,54.72212219238281,55.04213150354093,53.442073037989786,53.574759680302165,125972100
2008-02-08,54.37866973876953,55.13577290244279,53.85572428000393,54.59721375408185,86493200
2008-02-11,54.402095794677734,54.79235474859904,53.64499842616882,54.370880318657605,80655800
2008-02-12,54.831398010253906,55.455814889120106,54.41772435882934,54.71431910110641,76564500
2008-02-13,56.0723876953125,56.15824511714954,55.182598009798944,55.4323634310856,86241400
2008-02-14,54.7767448425293,56.337780596428814,54.651859123875504,56.27533773710192,78328200
2008-02-15,54.534793853759766,54.73772424271129,53.972819950768596,54.48015783290672,64549100
2008-02-19,55.206031799316406,55.424575851062414,54.33965648355273,55.323104716409766,50724600
2008-02-20,55.237266540527344,55.34654455939494,53.98843869862122,54.27723255623237,71204100
2008-02-21,54.183563232421875,56.002171772822074,54.043069740998675,55.61971958417905,85702100
2008-02-22,54.183563232421875,54.25381295557363,53.106450434764234,54.25381295557363,84228000
2008-02-25,55.237266540527344,55.416788334151754,53.879166634634494,54.15234679460132,76367400
2008-02-26,55.752403259277344,56.353399523719716,54.878220919753886,54.92505605098836,92917400
2008-02-27,55.72896957397461,56.38460163778611,55.190410410930895,55.29187557655564,85186500
2008-02-28,54.88602066040039,55.52604512551649,54.6206474222475,55.237251347339026,68720700
2008-02-29,53.74647521972656,54.402107545589665,53.153279814269226,54.324056928922204,98588500
2008-03-03,53.23133850097656,53.63721129698752,52.4586271555266,53.37963886354379,84853500
2008-03-04,52.919132232666016,53.41085651672528,52.12300039575388,52.739610440458506,90523200
2008-03-05,53.42644119262695,53.62157064322805,52.630315654320945,53.239118587415824,92841800
2008-03-06,51.64687728881836,53.21572021692467,51.45955462654419,53.004982966226244,104781300
2008-03-07,51.48297119140625,52.16982494936664,50.88977579073847,51.014661540302335,119085300
2008-03-10,50.34340286254883,51.56100884017484,50.031194522037886,51.52978741063587,82737100
2008-03-11,52.52886199951172,52.52886199951172,50.124865211914404,51.88103065232317,117570000
2008-03-12,51.920066833496094,53.10645780457257,51.904459090007705,52.450819435318486,92575100
2008-03-13,52.95814895629883,53.059620114793496,50.88977491506076,51.420527431813774,123504200
2008-03-14,51.62346649169922,53.348410772569835,51.00685648009525,53.348410772569835,176997100
2008-03-17,50.78049087524414,51.467350414111856,50.132665566828614,50.132665566828614,126969000
2008-03-18,53.11423873901367,53.21570390938562,50.9756156768011,51.99029120003353,161001200
2008-03-19,51.787357330322266,53.80109478036649,51.70930673754319,53.535715619063396,132792600
2008-03-20,52.669342041015625,53.15325925006171,51.818574570312656,51.86540373121956,103328000
2008-03-24,54.717647552490234,54.99909328926879,53.12279036561261,53.29478564526645,90751700
2008-03-25,54.89747619628906,55.06165192315705,54.16258925874314,54.67857522713174,50600
2008-03-26,54.44400405883789,54.93653095893495,54.20946403140082,54.670724494800226,63054100
2008-03-27,53.943687438964844,54.78802484777534,53.920234616154104,54.78802484777534,63938500
2008-03-28,53.31043243408203,54.26422023753133,53.138437129905476,54.02968010190814,228800
2008-03-31,53.38861846923828,54.115685840795685,53.01335538908427,53.32607362844523,64266300
2008-04-01,55.34305953979492,55.36651234679134,54.0531014735924,54.30327468922077,65928500
2008-04-02,55.475990295410156,55.913792148944815,55.01473562323655,55.42908465813227,58947900
2008-04-03,55.647972106933594,55.87469257320306,54.99908311360387,55.061627924561265,57228200
2008-04-04,55.63236999511719,56.2030753115776,55.22583446116819,55.64800322429763,159400
2008-04-07,55.538536071777344,56.17960563882301,55.3352683657571,56.02324953548622,40283000
2008-04-08,55.48382568359375,55.72617949798734,55.01475128348164,55.10074895270606,49572900
2008-04-09,54.5769157409668,55.7808765366566,54.29547005030676,55.57760887904622,71772700
2008-04-10,55.15546798706055,55.421274596827615,54.279858164773145,54.48312590227992,56065900
2008-04-11,53.74040603637695,54.55347081984418,53.49023271566415,54.50656518614879,79545300
2008-04-14,53.576229095458984,54.154753767656175,53.34169496788827,53.662226731615604,57846400
2008-04-15,53.92023468017578,54.00623234031992,53.37297630065817,53.84205661584583,45940300
2008-04-16,55.66362380981445,55.72616864153912,54.475301830063046,54.475301830063046,72389400
2008-04-17,55.444725036621094,55.616720348303815,54.84274741033525,55.38218020244489,48815600
2008-04-18,56.0310173034668,56.500091194138385,55.87466132810898,56.29682961909285,70736400
2008-04-21,56.03889846801758,56.15616856069318,55.68709415459543,55.78090545705217,40019000
2008-04-22,55.01470947265625,55.71050392968756,54.342367823115865,55.702684338990565,68800
2008-04-23,55.15546798706055,55.52290548327904,54.686387675182765,55.13982879554252,48056900
2008-04-24,55.68709182739258,56.24216388061529,54.44403844034668,55.116380581344195,230600
2008-04-25,56.21087646484375,56.50013584430755,55.35871962129761,56.14051204510739,56252000
2008-04-28,56.586124420166016,56.83629771711075,55.96850778857704,56.23432027166938,35470700
2008-04-29,56.08576965332031,56.586116174298056,55.73396555608944,56.45321293441982,40940300
2008-04-30,55.819976806640625,56.80503686991261,55.585436708136946,56.265598222115635,62315700
2008-05-01,56.78158187866211,56.96139676146492,55.68707725152454,55.86688616972448,55323500
2008-05-02,56.719017028808594,57.461717109003274,56.47665743133232,57.391358685755414,58836700
2008-05-05,56.50012969970703,56.83630064396951,56.19523116474831,56.53922170248726,39901300
2008-05-06,56.96140670776367,57.1255824305018,56.03107164764369,56.17961414352273,60503800
2008-05-07,55.945068359375,57.24284674844608,55.77307305821105,56.992673391644864,57431100
2008-05-08,56.062320709228516,56.2655883613347,55.65579136961759,56.07014030170222,60442700
2008-05-09,55.89815902709961,56.382872483402835,55.538535223237055,55.65580528124946,51712800
2008-05-12,57.12556838989258,57.281924478469215,56.1405083309729,56.249958785897036,48246600
2008-05-13,57.45393371582031,57.57120379305034,56.85195606745857,57.305397184959254,52328700
2008-05-14,57.38355255126953,58.12625280562553,56.75811636315808,57.57900061447916,60659500
2008-05-15,57.500823974609375,58.07934858563156,57.14901387355134,57.438279161363276,46599700
2008-05-16,57.81354522705078,58.25916665363704,57.14120329015184,58.212261018607734,64245200
2008-05-19,57.82919692993164,58.43117457995783,57.43830064782001,57.87610257511178,102762700
2008-05-20,57.618099212646484,57.641557995612395,56.914490803343156,57.414837477098025,82109000
2008-05-21,56.79721450805664,58.03244783271898,56.48449638015954,57.555554029711395,100026600
2008-05-22,57.203739166259766,57.508637675467575,56.828482215512466,56.90666024986801,60034900
2008-05-23,56.453216552734375,57.219375567175845,56.07795962024985,56.95356310578135,64498000
2008-05-27,57.32101058959961,57.39918862585026,56.562671112304535,56.586123926719544,62334000
2008-05-28,57.586830139160156,57.66500818500715,57.0082994777667,57.57119095122921,54387400
2008-05-29,58.17316818237305,58.65005600020486,57.43828150820921,57.46955391611,69851700
2008-05-30,58.37644577026367,58.48589624539547,57.969916286146045,58.23572287872227,41633900
2008-06-02,57.844810485839844,58.34515707962445,57.242833040524644,58.29825145039523,69923200
2008-06-03,57.727561950683594,58.36081800416438,57.11776468515729,58.048099775416404,87672400
2008-06-04,58.087181091308594,58.59534140924333,57.33665509471571,57.52428957616544,85092200
2008-06-05,59.572574615478516,59.596033396217386,58.048081920577,58.188804781998854,106082100
2008-06-06,57.79008483886719,59.27549138776301,57.774451617439624,59.22076616586378,123993000
2008-06-09,57.60246276855469,58.15753464232843,56.89884843398145,57.94645332425771,98998100
2008-06-10,57.18027877807617,57.571174862675875,56.484484224656775,57.07864794333658,98697900
2008-06-11,56.187416076660156,57.242834513692365,56.10923207313018,57.109931251054675,97453600
2008-06-12,56.30466842651367,57.14900538613523,55.999769962972685,56.507936057074595,98505200
2008-06-13,57.32101058959961,57.34446340401462,56.53139870488391,56.805030778663905,84102300
2008-06-16,57.68063735961914,57.92299107411433,57.03174829189094,57.10993229685262,67157700
2008-06-17,57.633731842041016,58.05590041833805,57.50082857670737,57.993355600086154,52324000
2008-06-18,57.172481536865234,57.45392730497133,56.672134830144,57.297571195847155,88091900
2008-06-19,57.64939498901367,57.69630660935461,56.851969018480865,57.156867709973284,105967200
2008-06-20,56.73469161987305,57.42266699549599,56.17179996499768,57.42266699549599,121586400
2008-06-23,56.203041076660156,57.06301130826643,56.17958826487289,57.00828609256243,73028000
2008-06-24,55.27273941040039,56.20307459683244,55.20238093307598,55.85908391318938,112302100
2008-06-25,55.89815902709961,56.367233294546295,55.39781234654276,55.475990397016716,116515200
2008-06-26,54.459678649902344,55.46818591562242,54.42058663171277,55.35873542221707,114823500
2008-06-27,54.514404296875,54.92093385185058,53.94369303598135,54.49876510364252,118012300
2008-06-30,53.982765197753906,54.889641239706194,53.88112837294206,54.61601510483276,115067900
2008-07-01,54.0218391418457,54.14692875526756,52.8647900406988,53.34949738120586,150735900
2008-07-02,52.489315032958984,54.286303829156836,52.45792587649494,54.08227730557526,148254900
2008-07-03,52.20680236816406,52.56776857488634,51.63396690481673,52.49714748496717,166200
2008-07-07,51.54765319824219,52.60701155683294,50.95912011159531,52.36375313015004,125544000
2008-07-08,53.41526794433594,53.4701974650032,51.202383560946785,51.6261281433237,131778100
2008-07-09,51.98710632324219,53.79194410732543,51.790928563531835,53.43882054772474,131076400
2008-07-10,52.497169494628906,52.928756972215226,51.75953920514708,51.84585789803836,131228600
2008-07-11,52.787506103515625,53.1877103880783,51.53196970641387,51.98710352126006,131381400
2008-07-14,51.916481018066406,53.28187643925202,51.68106533064458,53.187708966909355,113936200
2008-07-15,51.69676208496094,52.795358757992666,50.62955457251529,51.43781198714871,143442400
2008-07-16,53.595733642578125,53.74482457790847,51.62610846066171,52.03415531763919,112222900
2008-07-17,53.67424011230469,54.568810281937225,53.423132801300305,53.92534742330908,115518700
2008-07-18,54.05087661743164,54.81204703539912,53.77622904055373,54.74142593857401,99585800
2008-07-21,54.710044860839844,54.73358522992141,54.129360471641434,54.43539724343985,70224400
2008-07-22,56.08329391479492,56.17745539948253,54.16074844853865,54.294153863295385,136363600
2008-07-23,56.44424819946289,56.883684332568045,55.855715098253505,56.012654863828686,118339100
2008-07-24,55.01609802246094,56.444272045276655,54.81992023917927,56.39719129308772,112118900
2008-07-25,55.46337127685547,56.036212915850115,55.094556165199,55.47122006283335,112551100
2008-07-28,54.521732330322266,55.5889339667116,54.31770575876259,55.431994134355456,82119100
2008-07-29,55.85572052001953,56.02835787103066,54.62372468137606,54.67865420334607,122965400
2008-07-30,56.19316864013672,56.55413506811834,55.431997830033,56.17747106373203,153225200
2008-07-31,55.9655876159668,56.507040115335705,55.51045380452249,55.57323212062579,95287500
2008-08-01,56.036216735839844,56.31086439509308,55.18087861202841,56.0597571085087,107406700
2008-08-04,55.518314361572266,56.09899894146836,54.78068395814276,56.05191818784384,104200100
2008-08-05,56.46781539916992,56.47566418723892,55.5183155964398,55.706644601997795,93469200
2008-08-06,56.75028610229492,57.01709089351132,55.87140783110993,56.26376323999938,79587900
2008-08-07,55.90281295776367,56.76599390662064,55.690943610638925,56.27947689216006,89727900
2008-08-08,57.37809371948242,57.57427154895523,55.69881197814492,55.90283261024863,112771400
2008-08-11,58.75130844116211,59.32414405724382,57.38590713666082,57.495766185960576,174577700
2008-08-12,58.311885833740234,58.7670197547063,58.11570803886222,58.570841959828286,128837600
2008-08-13,58.52374267578125,58.81408188867948,57.69979380341381,58.264786631680714,151007500
2008-08-14,59.08871841430664,59.35551718000796,58.11567283066434,58.20199148706595,118194800
2008-08-15,58.931793212890625,59.84990361971714,58.445276238437074,59.43400775954118,98174800
2008-08-18,58.17061996459961,59.182897798019695,57.72333496721579,59.065189959367245,97838400
2008-08-19,57.2054328918457,57.93521435869853,56.84446655156697,57.77826856714052,105131600
2008-08-20,57.28390121459961,57.92736397506964,56.718908354309896,57.417300643593116,101308300
2008-08-21,56.6247444152832,57.24466079065541,56.53842573276416,56.92293241779574,83526000
2008-08-22,57.81748962402344,57.919499868587955,56.985698125765545,57.08770837033006,77915300
2008-08-25,56.5462760925293,57.8175101430772,55.47122579046802,57.45654378012734,88256100
2008-08-26,56.63259506225586,56.954329466570606,56.075450934977574,56.64044384908237,53866300
2008-08-27,57.30746078491211,57.6841248135838,56.58552788240232,56.65614902016297,62031400
2008-08-28,58.46881866455078,58.57867772631186,57.30744374281527,57.574248597713506,75512600
2008-08-29,57.96659851074219,58.47665582536285,57.69979368157098,58.202008197443426,83919800
2008-09-02,57.950889587402344,59.24566356466602,57.28388662543866,58.86115696090052,112584000
2008-09-03,58.18630599975586,58.61789334008688,57.58992412586284,57.79395060661775,96282200
2008-09-04,56.35795974731445,57.81752309977334,56.09116080542508,57.69196643050434,126675300
2008-09-05,56.216697692871094,56.58551283475628,55.03963114823498,56.13822778726936,122285000
2008-09-08,56.875858306884766,58.34326410701913,56.21669792598281,58.08430802927657,148091600
2008-09-09,55.56535339355469,57.95087423823809,55.369175751592564,57.472200312901194,132381100
2008-09-10,56.08329391479492,56.640437984385066,55.26719378857469,56.16176381432445,126869000
2008-09-11,56.43640899658203,56.49918730821758,54.851295542435096,55.33781249043727,144283600
2008-09-12,56.69538497924805,56.805244069808296,55.74588513262224,55.96560331374273,117705200
2008-09-15,54.152915954589844,56.098996175483755,53.98027855065055,55.04748615057459,168634300
2008-09-16,55.714481353759766,55.714481353759766,53.148479001689616,53.2034085325636,252238200
2008-09-17,53.203399658203125,54.98469070817027,52.92874606277575,54.89052324800642,266078500
2008-09-18,56.34223175048828,56.61687930345611,52.701174510626565,54.45892483648831,355117000
2008-09-19,58.85332107543945,67.52437944196863,58.02937218563554,61.9293865534671,138448700
2008-09-22,56.459964752197266,59.13583264286662,55.102417817642554,59.01027598538105,98340700
2008-09-23,55.706642150878906,56.98572514064419,55.56539390620762,56.499202078582876,92894300
2008-09-24,54.9988899230957,55.8560329958951,54.18106187224703,55.69876090900116,91760200
2008-09-25,55.281986236572266,56.03690307684418,54.95957064878079,54.98316086261027,115328200
2008-09-26,55.54149627685547,55.588682713990465,54.09457352838496,54.26757646560361,94646800
2008-09-29,51.153533935546875,55.305579808957646,51.153533935546875,54.44057125192142,150003200
2008-09-30,53.47333908081055,53.7800239279279,51.15354221168245,51.798367531204455,107271100
2008-10-01,52.70267868041992,52.962183027438186,52.12863015470202,52.836366555867464,69571300
2008-10-02,49.997562408447266,52.710544993553775,49.87173993516155,52.39599480988523,116143300
2008-10-03,49.30555725097656,51.617491363307124,48.542774952109916,50.61093550484044,118870500
2008-10-06,46.96216583251953,47.74853831866475,44.3356816088036,47.62271884087243,172301800
2008-10-07,43.87958526611328,47.52049081142419,43.745903379889086,47.339625494888075,152283000
2008-10-08,42.82585144042969,44.783920550989826,42.078796864118836,42.31471104594479,173741000
2008-10-09,39.31076431274414,43.98181608694649,38.88612242424215,43.76163273725205,154548100
2008-10-10,41.245235443115234,42.99098023552551,36.57418118830592,37.478510702221435,205089400
2008-10-13,44.8074836730957,45.12203372546534,41.24521887890189,42.88873675300143,128725200
2008-10-14,43.549312591552734,46.278023295984816,42.354025957429414,46.19938724101578,131474600
2008-10-15,39.641048431396484,43.13254220504188,39.35795377411667,42.817994918999524,109147700
2008-10-16,42.23604965209961,42.36973448443019,37.9739138174326,40.120709538556284,207587400
2008-10-17,41.04862976074219,43.60433943071461,39.88479925561968,40.53748662683894,131845100
2008-10-20,43.0067024230957,43.02243022995192,41.25309245555476,41.87432732739959,82673400
2008-10-21,41.819297790527344,42.928083107660676,41.53620315640418,42.42480509134109,83005200
2008-10-22,39.703941345214844,41.253092837749655,38.77602173050792,40.702631591771784,91861700
2008-10-23,38.52439498901367,40.05781915900044,36.70787320332566,39.85336360292667,133202600
2008-10-24,37.09320068359375,37.903166645152766,35.300271797400015,35.34745524169025,105748800
2008-10-27,35.27666473388672,37.48636915717819,35.1508452756202,36.26749259276397,99416400
2008-10-28,38.09975814819336,38.29635132439686,34.663310268092815,35.96082343117164,114981800
2008-10-29,38.296348571777344,39.89268408788264,37.604339801343734,38.14693584874676,94984800
2008-10-30,40.443138122558594,40.48245614780579,38.94116675984056,39.641037808469,77436600
2008-10-31,42.267520904541016,42.53488766839322,39.69608252860828,40.340907723821296,113060500
2008-11-03,42.32256317138672,42.93593269568218,41.976560388410014,42.05519643006795,54872700
2008-11-04,42.810115814208984,43.415622970810645,41.98442532785141,43.195439641054726,79680500
2008-11-05,40.56894302368164,42.810102654854816,40.34875976160763,42.40905414182403,73881200
2008-11-06,38.996212005615234,40.6554584440114,38.95689398096243,40.14431512420594,85233800
2008-11-07,39.80617904663086,40.16004730658069,38.77603288961097,39.373674728813654,62313000
2008-11-10,38.88613510131836,40.76556559118784,38.47722089016833,40.68692951202497,50459600
2008-11-11,38.04470443725586,39.2399910615512,37.7537444367617,38.45361851923373,73187400
2008-11-12,35.827125549316406,38.044695348924236,35.63839486434506,37.439188276013944,75376800
2008-11-13,38.77603530883789,38.88612699663013,34.00275370397002,35.9372296460228,142362300
2008-11-14,35.89004135131836,38.77603006108655,35.77994967842536,37.92674629915811,98697500
2008-11-17,35.58336639404297,36.62924357546102,35.30027172840278,35.66200246793238,84029400
2008-11-18,35.41035842895508,36.165278430597894,33.89265901907439,35.64627261684106,98246400
2008-11-19,32.52436828613281,35.50472089160498,32.430004422569766,35.213760895978126,96005900
2008-11-20,30.29891586303711,32.97258218617637,30.228142254490145,32.241255897781556,140070900
2008-11-21,31.95818519592285,32.12332273857402,29.1901530057551,30.896583279138266,160636700
2008-11-24,34.20722198486328,34.63186408117301,32.02896863872777,32.39856487067601,97052300
2008-11-25,34.77338790893555,34.93065998649879,33.54664590544317,34.77338790893555,80072400
2008-11-26,36.85726547241211,36.9830849088534,33.97128083663981,34.02632665259712,88144900
2008-11-28,37.226871490478516,37.950332696570854,36.298951769779,36.40118102708259,24156600
2008-12-01,33.043373107910156,36.42477428844414,32.6344590442504,36.26749918707146,89163400
2008-12-02,34.7812614440918,34.85990050781319,32.99619519455924,33.58597467348867,81228000
2008-12-03,35.834999084472656,36.08663807608669,33.82974955764746,33.93197883541985,102868600
2008-12-04,34.647579193115234,36.52700930077154,34.01847868865371,35.24522107262545,101436300
2008-12-05,36.25175476074219,36.38543958555427,33.29499680923072,34.1049591603552,113947900
2008-12-08,37.85597229003906,38.19411271055895,36.93591788986152,37.14037342330995,99336100
2008-12-09,36.68427658081055,38.85466325772265,36.39331660980722,37.502101662100785,81950900
2008-12-10,37.54928970336914,38.091885689321444,36.770779549828376,37.10891999028036,74636500
2008-12-11,35.64627456665039,37.67511449512101,35.22163260495642,37.156108652975156,73178000
2008-12-12,36.87300491333008,36.95950636563886,34.61611674753494,34.72620841419232,97291600
2008-12-15,35.685577392578125,37.321230289053794,35.087932738267334,37.16395522214188,78607200
2008-12-16,38.005409240722656,38.12336339306384,36.25179477812215,36.377614340484406,109318300
2008-12-17,38.351383209228516,38.93329711903078,37.40773570709831,37.698692661999445,79576900
2008-12-18,38.107608795166016,39.05125634968381,37.211144668294615,38.374975552283175,87888400
2008-12-19,38.296348571777344,39.32649482118482,37.91102465421386,38.53225976631024,88221200
2008-12-22,37.55715560913086,38.48507555548328,36.26750497176608,38.46934774286011,75338900
2008-12-23,37.011207580566406,38.033354713932,36.71803465097996,37.819416730951794,64575300
2008-12-24,37.14591598510742,37.32815880673429,36.57541461471383,37.02706052540213,19412400
2008-12-26,37.67679977416992,37.771882335732045,37.027063395358525,37.51832682315297,25104700
2008-12-29,37.098365783691406,37.70056222602461,36.37731692802194,37.52624172598827,41442100
2008-12-30,38.12843704223633,38.191827417264186,37.05875015590653,37.30438332521031,38835200
2008-12-31,39.01590347290039,39.87165280110466,38.144303520472384,38.20769392688356,75369500
2009-01-02,39.79239273071289,40.18857345316883,39.00003128580101,39.41205959986947,51588500
2009-01-05,39.935028076171875,40.25197092027558,39.13474112287393,40.00634074505367,59247000
2009-01-06,40.60853576660156,41.13149435020325,39.919181956994784,40.267820005189265,77980800
2009-01-07,39.412078857421875,40.68777886806328,38.8494996594562,39.83202966118368,77662100
2009-01-08,39.602230072021484,39.73693310784732,38.96041612569248,39.12681434907964,59214100
2009-01-09,38.13637924194336,39.76864282782665,37.96998094510315,39.70525544734245,82725900
2009-01-12,37.00328826904297,38.120518032655774,36.84481534047398,37.993740294324525,53721400
2009-01-13,37.494564056396484,37.72434972786264,36.77351486387427,36.947835445348005,62644600
2009-01-14,35.846439361572266,36.97951364498013,35.75135379528188,36.70218829984876,74519500
2009-01-15,36.42487335205078,36.86067174277679,34.71337196433705,35.90191467865549,100622800
2009-01-16,36.8289680480957,37.26476633827799,35.6325033216731,37.225148861465,80512600
2009-01-20,34.33303451538086,36.64672926919454,34.31718691838788,36.3535562813746,85180200
2009-01-21,36.0445442199707,36.20301418213356,34.10325695726798,34.86392365708447,66088100
2009-01-22,34.99862289428711,35.91776557957483,34.36473399289964,35.275951366695864,69790800
2009-01-23,35.17294692993164,35.66421049892557,33.96063409805495,34.10325949270174,76444000
2009-01-26,35.569122314453125,36.345636550582746,35.006546136637866,35.149171508847445,62967900
2009-01-27,35.957366943359375,36.30600492711353,35.43440845641846,35.71173378183434,54932300
2009-01-28,37.439083099365234,37.629251200616146,36.04452810646312,36.64672155228872,71034500
2009-01-29,35.97321319580078,37.42323316447398,35.85435776212725,36.91612228968949,66434400
2009-01-30,35.24423599243164,36.456548011330554,34.951063110091305,36.25845765411863,58185500
2009-02-02,35.52950668334961,35.76721464191052,34.57867182648529,34.59451942673878,62907300
2009-02-03,35.783042907714844,36.1158362879803,35.22046700448266,35.87812543523967,57452200
2009-02-04,35.52159118652344,36.54373590603902,35.28388015988974,35.82268658104926,65080500
2009-02-05,35.93360137939453,36.456559973117564,35.02238725081196,35.21255236346399,71623700
2009-02-06,37.209312438964844,37.37570770511431,35.822679175811324,35.989074441960796,53776100
2009-02-09,37.04291915893555,37.35193981910199,36.62296831538841,37.07461436065026,55265000
2009-02-10,35.33141326904297,37.32024008445501,35.2204830991359,36.7576639241432,83914300
2009-02-11,35.466094970703125,35.80681061486477,34.9352142830115,35.56118051508698,58417600
2009-02-12,35.7672119140625,35.82267699940921,34.44396913133306,34.9431548994535,79209300
2009-02-13,35.3947868347168,36.21092123695576,35.32347720126894,35.71965795217082,58901500
2009-02-17,33.99231719970703,34.562815552560316,33.936852124049345,34.07155215846945,81542900
2009-02-18,33.50896453857422,34.34094340919357,33.38218683469526,34.26963076184798,78276200
2009-02-19,33.04148864746094,34.07155841357996,32.98602356162056,33.897237845155644,64544300
2009-02-20,32.59775161743164,32.99393236732288,31.84500758811445,32.407586550150626,83388200
2009-02-23,31.345821380615234,32.84338410106019,31.27450872618361,32.7879190390155,78804200
2009-02-24,32.5026741027832,32.77999946148335,31.3775190275861,31.726160075803094,81463900
2009-02-25,31.829158782958984,32.68491062098374,31.290355764440854,32.36004253935267,104493600
2009-02-26,31.234893798828125,32.28873621067194,31.068498583048488,32.16195847160845,68400200
2009-02-27,31.02095603942871,31.5993796109718,30.6168499543354,30.680240329494918,87450900
2009-03-02,29.26984405517578,30.442539166530427,29.174761484693086,30.31576139834669,83622800
2009-03-03,28.715194702148438,29.68979941249689,28.540874128345752,29.658104213147208,67796200
2009-03-04,29.30947494506836,29.832433801886555,28.699355775010215,29.151001923052227,80120300
2009-03-05,27.748516082763672,29.071759099423648,27.669278073531316,28.723120926664244,97980100
2009-03-06,27.891132354736328,28.429938550811393,27.19385321464742,28.04960529875017,76036000
2009-03-09,27.24932098388672,28.23977320355472,27.146313106707563,27.518724108541228,75737000
2009-03-10,29.024208068847656,29.166833407573773,27.811892689675663,27.930748146154034,76181500
2009-03-11,29.06382942199707,29.951273741470658,28.810273902147472,29.380775333119175,82274800
2009-03-12,30.870405197143555,31.052647990542972,28.58048080611601,28.944966392914843,86839000
2009-03-13,31.19526481628418,31.425050328153056,30.71192391980778,31.163572660172196,72449700
2009-03-16,30.6326904296875,31.852927664373944,30.5534555017702,31.543907213830217,78042300
2009-03-17,32.051025390625,32.051025390625,30.450454692486087,30.688162553619314,64727100
2009-03-18,33.16035079956055,33.42183172862289,31.62316950068628,31.900495010945097,111491000
2009-03-19,32.811702728271484,33.675377229895986,32.60568998575924,33.63575974356138,64512500
2009-03-20,31.678625106811523,33.21580594490329,31.654855219520663,33.12072337311938,68436500
2009-03-23,34.37266540527344,34.48359560487791,32.43137784433144,32.75624615286793,94771600
2009-03-24,33.037940979003906,34.27010608052908,32.99819127211852,33.944178498416264,70562700
2009-03-25,33.9680290222168,34.405248545896015,32.441734750650696,33.34797235345271,95016000
2009-03-26,35.27968978881836,35.35123502063063,34.07932012535439,34.43704628441574,111103100
2009-03-27,34.09522247314453,34.97761273413383,34.047527669292585,34.67553250233628,78132900
2009-03-30,33.11743927001953,33.23668234351689,32.4178861726215,33.10949114694246,59094200
2009-03-31,33.427452087402344,34.42908494835487,33.07767721749284,33.522844682382036,66094400
2009-04-01,34.007781982421875,34.18267103719107,32.68022388842724,32.863061067286985,66464100
2009-04-02,35.708961486816406,36.22567743517163,34.83452237842164,35.07300549594045,92895500
2009-04-03,36.27336502075195,36.2813131416829,35.26378384383688,35.661256604867546,50763600
2009-04-06,35.6533088684082,35.85999642213955,35.00145372044342,35.76460379944336,63427300
2009-04-07,34.38935089111328,35.34328637209982,34.27805897428569,35.041209178561296,48410400
2009-04-08,35.02531051635742,35.160449837032324,34.33370553679899,34.58808793187427,60265100
2009-04-09,37.076255798339844,37.13190173798547,35.8520390611835,35.99512948669405,66699400
2009-04-13,37.09214782714844,37.362429352272414,36.305150640545314,36.774168492011164,58557300
2009-04-14,36.01898956298828,36.9888212227088,35.955392453510434,36.53570243134892,56579200
2009-04-15,36.56748580932617,36.686728823868656,35.68509599264413,35.780488584792614,48436100
2009-04-16,37.62477493286133,37.910952788112475,36.37670760972022,36.988816056809895,66307000
2009-04-17,37.958648681640625,38.37202071704468,37.298842442685164,37.70426635715759,51981400
2009-04-20,36.01102828979492,37.362436161713866,35.9315349577605,37.17959907205369,53370100
2009-04-21,37.25908279418945,37.41012433156482,35.7327893789626,35.82023384113245,60408100
2009-04-22,37.251155853271484,38.284584653060676,36.59134946905456,36.7185406592982,72784100
2009-04-23,37.1637077331543,37.52938199054169,36.51185256738482,37.44193748714972,70030200
2009-04-24,37.85531234741211,38.37997637373364,37.100113346614286,37.45783950830558,60773000
2009-04-27,37.449886322021484,37.99044955271219,37.052413536659294,37.2352506540287,49385100
2009-04-28,37.50553894042969,38.149446058938864,36.869582977228966,36.99677416986911,51197500
2009-04-29,38.92848205566406,39.4054481420642,37.86325496572576,38.006345398141086,79875900
2009-04-30,38.57074737548828,39.93805429930049,38.51510144556343,39.54852975735082,67809000
2009-05-01,38.80923843383789,39.1908119037115,38.48331090545774,38.674099156632735,64532300
2009-05-04,40.2242546081543,40.3037510043624,39.00798855470613,39.174926438026965,47528900
2009-05-05,40.025508880615234,40.23219643032828,39.45315012308877,40.0493593101832,58364200
2009-05-06,40.13679504394531,40.717104828751864,39.34979775456455,40.4865699322945,87550000
2009-05-07,39.1908073425293,40.860194490472345,38.86487985208189,40.740951468306406,67577300
2009-05-08,40.550167083740234,40.66941011721114,39.46109263911275,39.86651652693279,63463900
2009-05-11,39.95396041870117,40.2719398390375,39.58033808715396,39.78702258763902,40051600
2009-05-12,39.38954162597656,40.39912258796124,38.72178740830465,40.176538859562555,49453100
2009-05-13,37.58502197265625,38.80129064013074,37.52937603069401,38.71384615062539,68822200
2009-05-14,38.10969161987305,38.75359865850605,37.41014166336951,37.67247213893912,72813500
2009-05-15,37.96660232543945,38.491266325066285,37.585028783208756,38.06199798535484,53885500
2009-05-18,39.238502502441406,39.40544029619546,38.24482082655898,38.395859349601814,55512900
2009-05-19,39.25442123413086,39.715488183433855,38.79335125235054,39.246470078595436,55704100
2009-05-20,38.888736724853516,40.2957907800709,38.83309077626951,39.61214012139921,48021100
2009-05-21,38.387916564941406,38.71384407862331,37.720162264656985,38.37201729202079,49312200
2009-05-22,37.99043655395508,38.682038114754334,37.6406586817308,38.58664552800029,38440200
2009-05-26,39.80292510986328,39.87447033365329,37.61682475597335,37.65657142863964,73480700
2009-05-27,39.031822204589844,40.04140333712911,38.96027698945001,39.55648610478983,48207700
2009-05-28,39.07950973510742,39.548527570305545,38.23686664895342,39.39748905921569,58832400
2009-05-29,39.88243103027344,39.96192743314826,39.015942982520585,39.262374250238295,51665800
2009-06-01,41.440521240234375,41.63130651488182,40.62172508640084,40.82841267182572,70173300
2009-06-02,41.95720672607422,42.13209564063499,41.08276821822097,41.305351904043555,56794100
2009-06-03,41.67898941040039,41.74258346832919,41.13047815180031,41.58359680726911,44068400
2009-06-04,42.275211334228516,42.33880541148353,41.408720425229596,41.93338445061114,42972900
2009-06-05,42.291107177734375,42.760125210255836,41.87773509547166,42.68062882954559,50619300
2009-06-08,41.790279388427734,42.354689893999065,41.36895929729366,41.973116466325095,46325400
2009-06-09,41.9810791015625,42.34675335737988,41.78234269742564,42.004926499666325,35033700
2009-06-10,41.81412887573242,42.45803577297262,41.02713458935948,42.43418838019653,65032200
2009-06-11,41.830039978027344,42.49779445688594,41.798244456159445,41.853890410024576,62963200
2009-06-12,41.95720672607422,41.98900526189896,41.249705982587905,41.55973412569087,44094300
2009-06-15,40.828392028808594,41.40870174720974,40.38322155891595,41.36100393642547,45942200
2009-06-16,40.14474868774414,41.20997580392592,40.00165825180357,41.13843058595563,53065700
2009-06-17,40.35938262939453,40.83634870731,39.74727424216798,40.14474698458966,71985300
2009-06-18,40.542236328125,40.796618744840515,39.9857736543807,40.359399155640574,34317000
2009-06-19,40.788658142089844,41.27357239077012,40.62966842216477,41.11458570332173,38711500
2009-06-22,39.34184646606445,40.5660599929232,39.27030126370137,40.534264483798594,54877300
2009-06-23,39.02387619018555,39.69957867771547,38.96823024568198,39.54059199769187,40810600
2009-06-24,39.4451904296875,39.94600688751986,39.21465856526722,39.405443765647874,39962500
2009-06-25,40.581966400146484,40.60581682677888,39.02387397744095,39.07157179822938,42339200
2009-06-26,40.72506332397461,40.987396831427596,40.200399341545484,40.37528834651415,60379100
2009-06-29,40.72506332397461,41.003296107559,40.06526004314378,40.80455970463166,49196600
2009-06-30,40.605812072753906,41.02713216005731,40.35937790958014,40.73300321415547,44575900
2009-07-01,41.233829498291016,41.535909690588845,40.788661880669956,40.820457401587916,46382900
2009-07-02,39.81466293334961,40.588461205545656,39.63916154136404,40.588461205545656,51688200
2009-07-06,39.463653564453125,39.679040753951924,38.80951604512843,39.463653564453125,47241700
2009-07-07,38.61009979248047,39.48760081558856,38.570210892533524,39.38389515329897,40473600
2009-07-08,38.346839904785156,38.91322686957951,37.70865719493975,38.78559032761043,65594900
2009-07-09,38.18729782104492,38.62604829390088,38.12348106433096,38.52234568385375,41678300
2009-07-10,38.370758056640625,38.50637354916518,37.75650949462824,37.96391766525533,39883000
2009-07-13,39.296146392822266,39.32008034259755,37.82832426893677,38.522350993596646,44825200
2009-07-14,39.52747344970703,39.66308896934974,39.04883724141527,39.28815534556115,32721400
2009-07-15,41.05113983154297,41.178776369164325,40.09386427783528,40.25341071063575,57645800
2009-07-16,41.56168746948242,41.777074705007294,40.795868216346356,40.90754981037513,38353400
2009-07-17,41.40214920043945,41.69730817021825,41.26653364583044,41.68135322008215,35682600
2009-07-20,41.912696838378906,42.072243301996274,41.50585320399983,41.6813546182885,42596800
2009-07-21,41.84090042114258,42.33549171175958,41.31439922968689,42.31156080767839,40423000
2009-07-22,42.16798400878906,42.447188130798644,41.593617765687426,41.65743758963058,47552200
2009-07-23,43.50016403198242,43.73150618634268,42.09616224587244,42.18391292808459,64531400
2009-07-24,43.72354507446289,43.77140688602653,43.04547332738469,43.212995754049146,31293500
2009-07-27,43.946903228759766,44.050608880316695,43.412423064362194,43.71556102263103,32672800
2009-07-28,43.97083282470703,44.13037927395301,43.34860502005265,43.68364982468334,56192800
2009-07-29,43.747459411621094,43.97880155688122,43.50814131515307,43.73150446611059,47421300
2009-07-30,44.51328659057617,45.023832766897506,44.178241803526014,44.36171914544804,67822300
2009-07-31,44.32979965209961,44.8961865036507,44.30586875623239,44.33777864611841,40477300
2009-08-03,45.10360336303711,45.1355132568979,44.369691019713706,44.8642852452711,32392400
2009-08-04,45.558319091796875,45.72584150813627,44.800475676757564,44.84036153163423,41223700
2009-08-05,45.10360336303711,45.606170497417246,44.6728289252013,45.606170497417246,54105900
2009-08-06,44.4734001159668,45.43865165719919,44.36171852185333,45.29506016674038,52403600
2009-08-07,45.542362213134766,46.140659140242114,44.90417943283938,45.16742849835693,49363300
2009-08-10,45.62215042114258,45.90933353692415,45.23924061446603,45.41474208368735,44780600
2009-08-11,44.88821792602539,45.50246971330197,44.65687575099361,45.446628918376376,36077000
2009-08-12,45.566287994384766,46.1406539536347,44.88024044152405,44.912150337725755,53618600
2009-08-13,45.941226959228516,46.09279441900368,45.25517932733837,45.941226959228516,43539700
2009-08-14,44.99991989135742,45.90933101259729,44.5292593759495,45.86944514717556,60224900
2009-08-17,43.73150634765625,44.17025671724062,43.619824767372386,44.08250603470478,48853300
2009-08-18,44.3138542175293,44.58508225358057,43.811283994797044,44.03465022884207,39358200
2009-08-19,44.8563232421875,44.88823314813602,43.731524923819286,43.81927564362965,37740100
2009-08-20,45.34293746948242,45.44664313955087,44.56116305279604,44.76059539510673,40013900
2009-08-21,46.38794708251953,46.579400357022095,45.765716332648864,45.82155712463669,38321700
2009-08-24,46.37199783325195,46.88254401877987,46.140655641967335,46.58738507585191,33986500
2009-08-25,46.571441650390625,47.12187382227658,46.427850119794975,46.58739660302304,30197300
2009-08-26,46.67512893676758,46.88254020972135,46.29221932873184,46.50760655383226,34163900
2009-08-27,46.603336334228516,46.746927827301,45.65403972388954,46.6192912826916,45253800
2009-08-28,46.30817413330078,47.20960887784577,45.997060267924695,47.0819723422275,39328800
2009-08-31,45.630104064941406,45.96514881844561,45.41471684779087,45.83751228714473,35360500
2009-09-01,44.6090087890625,46.3719923724145,44.433510460388796,45.35887607345949,77077500
2009-09-02,44.38565444946289,44.72070231284437,44.25004193927922,44.393633446000486,43436100
2009-09-03,44.880245208740234,44.92013410477699,44.04263012459205,44.60901714840605,43089000
2009-09-04,45.51045227050781,45.55831712014574,44.56913152929734,44.82440464117521,37229900
2009-09-08,46.01302719116211,46.04493709414569,45.47057101282461,45.99707223967032,41062500
2009-09-09,46.80277633666992,47.0899593701316,45.88538947210708,46.01302603774607,37219700
2009-09-10,47.38510513305664,47.512741654877146,46.4278296978555,46.80276026896245,39171200
2009-09-11,47.40105056762695,47.855758847854965,47.14577755881836,47.53666606529707,31718400
2009-09-14,47.90363693237305,47.95150177896913,46.962316250984195,47.050066948196005,37896000
2009-09-15,48.294532775878906,48.438124293991194,47.680280846864285,47.87173417561681,48814300
2009-09-16,49.29167938232422,49.299655333968076,48.35833479906009,48.509905268147136,39404000
2009-09-17,49.18799591064453,49.73045215963894,48.94069869495418,49.251815724924455,50596200
2009-09-18,49.387420654296875,49.5310121712009,48.868895394021685,49.5310121712009,36822800
2009-09-21,49.251808166503906,49.427306542648395,48.733282905891734,48.91676027914484,37511600
2009-09-22,49.591644287109375,49.76755886626629,49.24781290980798,49.59963901786209,36266400
2009-09-23,49.119876861572266,50.06341372302282,49.023924839296214,49.679602583658834,54838900
2009-09-24,48.136356353759766,49.38374169329107,47.784527216755926,49.199832394520676,60639600
2009-09-25,47.84049987792969,48.24829820472816,47.584622769628254,47.90446686731052,51804400
2009-09-28,48.98393249511719,49.23980958845839,48.00841384971424,48.15234338023026,47925100
2009-09-29,48.768035888671875,49.39972314732021,48.712060588282895,49.015912124888445,37453200
2009-09-30,48.1683464050293,48.96795372679083,47.624613182210666,48.87199865199235,79344900
2009-10-01,46.72903823852539,48.12035594692473,46.64907874792296,48.080376201623515,62840600
2009-10-02,46.37721633911133,46.79301243783793,46.0013999892459,46.20130178381103,66448000
2009-10-05,47.20881271362305,47.40871452587559,46.44119048663558,46.62509978787677,48919600
2009-10-06,48.08836364746094,48.33624291120095,47.4646711744966,47.5926081702395,52211000
2009-10-07,48.10436248779297,48.30426426060632,47.856483191411186,47.96043296734664,35534000
2009-10-08,48.54413604736328,49.02390203610264,48.27226956882182,48.56012855201376,48971800
2009-10-09,49.111854553222656,49.1838192965544,48.51214937554421,48.6560788622077,34597000
2009-10-12,49.119876861572266,49.5996400232123,48.88799001166701,49.407735978660206,26895500
2009-10-13,48.91196060180664,49.16783765785829,48.456184838346864,49.031902876510266,35459500
2009-10-14,49.84750747680664,49.943459476160086,49.21581712635677,49.6316131905671,38634600
2009-10-15,49.815521240234375,49.93546352418296,49.439707981029514,49.56764499378715,28632600
2009-10-16,49.31977081298828,49.59163737458116,48.88798220629501,49.48768758772701,49031800
2009-10-19,49.727569580078125,49.991441414419626,49.07988971443868,49.47969330567659,38229600
2009-10-20,49.03990936279297,49.83151875557198,48.768042802081354,49.76755176789475,43952800
2009-10-21,48.37622833251953,49.89548300438819,48.304263573320306,48.967938913741975,64591600
2009-10-22,49.047908782958984,49.26380310625222,47.7925256458632,48.360246060675266,58421000
2009-10-23,48.024410247802734,49.31977307708888,47.95244547671687,49.151856294641675,68826500
2009-10-26,47.59260559082031,48.911955215989565,47.35272411808576,48.16832356558997,69899500
2009-10-27,47.00890350341797,47.88847011880491,46.928940960945184,47.6325960834102,71958600
2009-10-28,45.44167709350586,47.016901149716325,45.249770029923326,46.84898437549367,84951000
2009-10-29,46.30524826049805,46.56912007458318,45.673557902772224,45.841477716398714,73615700
2009-10-30,45.0418701171875,46.16931602395078,44.76200579762016,46.113340719830056,116215600
2009-11-02,44.95391082763672,45.68954787406792,44.24226101742338,45.28174960706957,97996600
2009-11-03,45.63357925415039,45.649571762987925,44.530120546433594,44.68204785526062,83105700
2009-11-04,44.97789764404297,46.12133599705891,44.97789764404297,45.94542146574602,92803000
2009-11-05,46.40920639038086,46.513153138638806,45.39370479784962,45.56961937222406,67422600
2009-11-06,46.44118118286133,46.840984727271945,45.7934983428229,45.92143535502394,56216700
2009-11-09,47.352725982666016,47.39270572131963,46.81698772388026,46.84897273490657,49200200
2009-11-10,47.056888580322266,47.58462927850357,46.673077440759485,47.256790406152454,55864400
2009-11-11,47.38471603393555,47.84848962222643,47.016897495107024,47.416701050423,50320800
2009-11-12,46.51314926147461,47.76053758892908,46.37721750188669,47.40071373963843,68550500
2009-11-13,46.96092987060547,47.14483915814878,46.08136318230975,46.657078284540304,69258000
2009-11-16,48.2003173828125,48.52016145864872,47.27277322319847,47.27277322319847,66099700
2009-11-17,48.2003173828125,48.360239420730615,47.768531845770525,48.04039839515356,43026500
2009-11-18,48.10436248779297,48.28027702395159,47.656581418597845,48.256286737037875,54309000
2009-11-19,46.904964447021484,47.704571753005666,46.529148037125786,47.62461224251117,72350600
2009-11-20,46.84897232055664,47.01688905157182,46.44916883703943,46.55311859682629,39780100
2009-11-23,47.664573669433594,48.23229390631614,47.40869967392995,47.50465165967916,57935400
2009-11-24,47.448692321777344,47.68057914649099,46.872974150146085,47.6725813661853,45238000
2009-11-25,47.4406852722168,47.832490998185634,47.38470997539115,47.728541233021815,47641700
2009-11-27,46.041378021240234,46.912946827053005,45.60958945762471,45.697546726167765,51862100
2009-11-30,46.449180603027344,46.577117628150084,45.46566415047263,46.09735454650462,77936900
2009-12-01,47.16884231567383,47.36074638534901,46.74504831547577,46.88897789286225,63141300
2009-12-02,47.72856903076172,48.14436528332346,47.22481851826807,47.232813250894445,71220600
2009-12-03,47.14484786987305,48.272294093329556,47.1208606258399,47.960447719859026,53866100
2009-12-04,48.3122673034668,48.672091166504735,47.40071555061037,48.136355787294534,100434300
2009-12-07,48.38422393798828,48.648095743253464,48.06438293039717,48.30426444865525,55543100
2009-12-08,48.00840759277344,48.35223886527692,47.480667066414874,48.08836707696824,59576600
2009-12-09,47.85649871826172,48.05640055593242,47.41671528543817,47.928463501833576,55537000
2009-12-10,47.664573669433594,48.32824589206535,47.464671919805205,48.0723718965617,54319700
2009-12-11,48.11236572265625,48.19232827607402,47.56063783024147,48.00042119813089,50543400
2009-12-14,48.84000015258789,49.079881657901865,47.95243583769326,48.49616887654297,48248700
2009-12-15,48.70408630371094,49.191847302665224,48.60013648829606,48.74406606340585,55378800
2009-12-16,49.01592254638672,49.27179661574378,48.696081484820155,49.01592254638672,56550000
2009-12-17,48.4721565246582,48.911939592572764,48.120330680378046,48.720035695786294,60917400
2009-12-18,48.91996383666992,48.92795856575445,48.23230122555429,48.80801932793186,63876100
2009-12-21,49.567630767822266,49.66358273728742,49.271774032396024,49.279771809168686,47658100
2009-12-22,50.03140640258789,50.095376422437184,49.51166066721689,49.615610424342776,38750700
2009-12-23,50.67611312866211,50.708228004372124,50.00171605196738,50.3389161216363,49503600
2009-12-24,50.868797302246094,50.89288192675158,50.68414136820373,50.812597803304634,16521900
2009-12-28,50.78852081298828,51.06952142952155,50.55569558089842,51.05346398892163,35784500
2009-12-29,50.76441955566406,51.00527496048418,50.724277498634486,50.91696059743352,24085300
2009-12-30,50.73231887817383,50.973177413020665,50.298780253265214,50.6118926733939,45268900
2009-12-31,50.13016128540039,51.037386414214865,49.985647439655,50.76441615698938,34407900
2010-01-04,51.366546630859375,51.414718924718706,50.79652160207899,50.81257903336543,42863900
2010-01-05,51.189937591552734,51.5271376526721,50.97316984261397,51.286282216240004,55523100
2010-01-06,51.14176940917969,51.46290897691032,51.01331296955882,51.18993865988558,59708600
2010-01-07,51.51911926269531,51.55926439687822,50.69218095094222,51.173894997343474,56123500
2010-01-08,51.80009841918945,51.80009841918945,51.222046056617415,51.33444504204412,48811500
2010-01-11,51.59136199951172,52.08912719505185,51.39064864639768,52.00884307886332,51638900
2010-01-12,51.02937316894531,51.51108714057527,50.788514651808704,51.270228623438655,45854900
2010-01-13,51.68771743774414,51.79209233577169,50.76443754825248,51.20600645736968,39501900
2010-01-14,51.88038635253906,52.04095457450006,51.398669436086,51.49501404443362,41859800
2010-01-15,51.125709533691406,52.0249076308063,50.79653973144275,51.90447838449751,68725100
2010-01-19,52.0650634765625,52.08112398141967,51.31840925818928,51.31840925818928,46839000
2010-01-20,51.31036376953125,51.70376330684685,50.73230830658354,51.695733057282105,62485000
2010-01-21,50.46736145019531,51.767986066298185,50.29073273532253,51.35049889927435,98323100
2010-01-22,49.56015396118164,50.6279507537383,49.118585079448486,50.38709221584428,83757000
2010-01-25,49.6163444519043,49.89734500749253,49.23900539889823,49.84114550890348,62298700
2010-01-26,49.12660217285156,49.80099920255353,49.086460112332745,49.43168734555178,58213200
2010-01-27,49.64844512939453,49.72872922938117,48.7412200988634,48.90981854642061,72565800
2010-01-28,48.79743576049805,49.76889084322458,48.34783975127893,49.74480315512848,93814200
2010-01-29,48.259525299072266,49.52803226078662,48.14712629694299,48.9981490631464,79325600
2010-02-01,48.829532623291016,48.92587415220631,48.299649620293906,48.48430549348239,60731800
2010-02-02,49.36747360229492,49.42367311428182,48.668988703068564,48.91787444375604,71047700
2010-02-03,49.03828811645508,49.47985688270048,48.64488859507549,49.13462966882943,50241000
2010-02-04,47.40046691894531,48.71714604514222,47.36032486024766,48.70108860913461,99167300
2010-02-05,47.58513641357422,47.63330873533908,46.5655119060453,47.504849210632784,106752200
2010-02-08,47.11144256591797,47.8500662992446,47.063270254449414,47.43258518375571,61579200
2010-02-09,47.76176071166992,48.11501518350404,47.1676477162763,47.67344632805055,91986700
2010-02-10,47.8741455078125,47.994571671192006,47.11946140834089,47.61723268409864,55715500
2010-02-11,48.636863708496094,48.668975519044274,47.368353781235115,47.73766563500367,51969700
2010-02-12,48.9901237487793,49.05435043989051,48.01867169306757,48.17121276426953,65909800
2010-02-16,49.81706237792969,49.86523469368718,49.038296513698015,49.50394998211411,50057600
2010-02-17,50.15424728393555,50.26664625737595,49.76887806243602,50.065932929763136,50459400
2010-02-18,50.56370544433594,50.57976287943382,49.97762284515485,50.154251568588975,43072800
2010-02-19,50.627925872802734,50.884838661830074,50.2666413061574,50.371013083775395,56840800
2010-02-22,50.78047561645508,50.941046902869616,50.59581970900326,50.91695921918978,45344900
2010-02-23,50.18638229370117,50.78049536570108,50.041871448632605,50.708238411844924,58965400
2010-02-24,50.611881256103516,50.86076386075723,50.21848172555649,50.371025838233585,50476000
2010-02-25,50.627925872802734,50.67609510659409,49.76084291285394,49.92141417165654,51949700
2010-02-26,50.41919708251953,50.748366881271295,50.14622678141005,50.7082248204758,60093900
2010-03-01,51.59136199951172,51.63953124416775,50.788505524412855,50.788505524412855,70967800
2010-03-02,51.98476791381836,52.3059105622815,51.70377039339557,51.78405452418972,55605300
2010-03-03,52.28183364868164,52.57888558897255,52.00886021336606,52.2416885147187,56207500
2010-03-04,52.41831970214844,52.48254946931306,52.081122612465805,52.297890420036715,47174200
2010-03-05,53.48609924316406,53.56638336340571,52.58690117071462,52.755499660807814,52293900
2010-03-08,53.582435607910156,53.73497971800703,53.40580687522651,53.502151490859085,46046400
2010-03-09,53.7751350402832,54.18458595250186,53.4138472570891,53.429907758717285,70685800
2010-03-10,54.23275375366211,54.513751240022295,53.79921214958391,53.823296773373954,73655200
2010-03-11,54.39332962036133,54.48164400349481,53.71090530774623,53.90358845036171,59964100
2010-03-12,54.36922836303711,54.6983950424346,53.999916567117715,54.674310422635365,61862000
2010-03-15,54.184574127197266,54.441486969599225,53.79117767717542,54.337118232940256,49862700
2010-03-16,54.65024948120117,54.67433411143557,54.06416360258512,54.45756631403851,52874400
2010-03-17,54.971378326416016,55.300545065497104,54.7546044583485,54.77066495798323,53589100
2010-03-18,54.80278396606445,55.22026510877191,54.70643933684595,54.94729784724903,71527500
2010-03-19,54.12034606933594,55.003483509790314,53.919632736265186,54.12034606933594,80546500
2010-03-22,54.883056640625,55.00348587069358,53.614546851101466,53.734976081170046,56679400
2010-03-23,55.5815544128418,55.597608788846074,54.68235622443889,54.931238866867666,61187700
2010-03-24,54.94731140136719,55.51071218357147,54.93121704326583,55.27730407758497,59664500
2010-03-25,54.601226806640625,55.82460685540026,54.56098783931883,55.4302305886152,66977000
2010-03-26,54.577110290527344,55.18880062976155,54.37589692872414,54.826619034733575,58114700
2010-03-29,54.87489318847656,55.051961880664614,54.57709528429277,54.818553708284256,38646400
2010-03-30,55.04391098022461,55.32560837786565,54.625390009521176,54.96342688669042,35773100
2010-03-31,54.569034576416016,55.38193166616168,54.56098432725332,54.834631393375794,59821600
2010-04-01,55.07609558105469,55.28535909767672,54.239047655108145,54.995611502520546,58838700
2010-04-05,56.106319427490234,56.146564546284075,55.08415849988243,55.22098207891269,52020600
2010-04-06,56.4362907409668,56.57311426795243,55.80045617724804,55.91313509835864,50203600
2010-04-07,56.25924301147461,56.58922964859514,55.8970553671701,56.371921974446785,71418200
2010-04-08,56.20289611816406,56.50068784937191,55.663645989262484,56.09826128024378,54603600
2010-04-09,56.54094696044922,56.5489972131766,55.93730695731276,56.29144439079345,53070100
2010-04-12,56.77432632446289,56.88700524323189,56.436289568155885,56.56506284366023,49301000
2010-04-13,56.90310287475586,56.9352977306199,56.29141903496172,56.65360041748564,42151000
2010-04-14,58.1184196472168,58.1184196472168,57.13649825386523,57.233082799954396,62041600
2010-04-15,58.295501708984375,58.41623088434514,58.02184850213057,58.0942884635634,55141800
2010-04-16,57.514801025390625,58.32770436494772,57.09628012078661,58.14258545256752,93241600
2010-04-19,57.23310470581055,57.76430456126786,56.16264860396386,57.19285959440145,85284600
2010-04-20,58.0138053894043,58.05404435485469,57.28943646534565,57.53893892897767,50736600
2010-04-21,58.41626739501953,58.528946391637355,57.885061147640016,58.11041914087565,60382500
2010-04-22,59.03597640991211,59.14865535792331,57.51480447121875,57.820646452886,79289500
2010-04-23,59.663787841796875,59.72817759563275,58.46455784419186,59.14868209219962,66271100
2010-04-26,59.43839645385742,60.09033159926166,59.42230209471205,59.69594918397346,62710000
2010-04-27,58.078216552734375,59.75230673485396,57.96553144244869,59.19696213842176,101050200
2010-04-28,58.17478942871094,58.57721603642536,57.88504177991313,58.40819759805043,79762700
2010-04-29,59.40620803833008,59.430352649937625,58.25526780754752,58.609405152570496,68869600
2010-04-30,57.667747497558594,59.502812272145434,57.603357751649966,59.398183540452024,88759100
2010-05-03,58.96353530883789,59.00377427643055,57.997707978493644,58.02990283689259,53775400
2010-05-04,57.11237716674805,58.11039332508061,56.76629007644551,58.102349214999236,105727600
2010-05-05,56.27530288696289,57.10430023816531,55.8487319113375,56.64553441562906,110340400
2010-05-06,54.1666259765625,56.49265136903077,50.995502218570024,55.87291093016823,195388200
2010-05-07,52.605201721191406,54.424171536927574,52.02570647790964,53.69175223207364,189573100
2010-05-10,55.55900955200195,55.58315416296786,54.48855343520553,55.17268349546345,107703400
2010-05-11,55.92925262451172,56.75825051918957,54.7139285947137,54.89904141013368,100027800
2010-05-12,57.64358901977539,57.70797260966129,56.17070617407085,56.218995401620944,84618400
2010-05-13,57.0882453918457,58.02992228863667,56.814592073996224,57.51481666267186,78553600
2010-05-14,55.9855842590332,56.742148200006845,55.2290264586019,56.71800358751489,86134200
2010-05-17,56.0902214050293,56.79849000957601,54.52880423394707,56.33972393175343,78565900
2010-05-18,55.01170349121094,56.9835971032948,54.83463484174188,56.82262281262233,87146900
2010-05-19,54.35979080200195,55.37390764545935,53.587132396691665,54.76221743855168,107292800
2010-05-20,51.60717010498047,53.216875903308164,51.57497525214908,52.935172476168574,166841100
2010-05-21,52.371803283691406,52.83056941292304,50.512591080303665,50.76209670525855,139644500
2010-05-24,51.67157745361328,52.645455313535706,51.62328822240967,52.1544943278219,75991800
2010-05-25,51.66352081298828,51.70375978238507,49.66748248654991,50.54477246049544,110830700
2010-05-26,51.79229736328125,53.08006113511416,51.494502566720705,51.8647373376098,104172900
2010-05-27,54.013694763183594,54.03783937491765,51.79229837551775,53.08811242327764,86856200
2010-05-28,53.32149887084961,54.0619619852134,52.90297810985171,53.852704674984274,92369800
2010-06-01,51.703765869140625,53.498591138263485,51.66352689500676,52.79836667047663,88420300
2010-06-02,53.17664337158203,53.200787981777594,51.52669208207839,52.01765295786077,61553800
2010-06-03,53.860774993896484,53.99759856498837,53.01568281314424,53.28127970392772,74864100
2010-06-04,51.15646743774414,52.87884962121762,51.00354337391656,52.403989209078404,105547200
2010-06-07,49.83649826049805,51.59912836529619,49.788209043558254,51.38181767825516,88434200
2010-06-08,49.81235122680664,50.38379611475696,48.85457727079397,49.989419867686664,129072000
2010-06-09,49.84455108642578,51.043780446563844,49.57090091863072,50.19868533346082,108638000
2010-06-10,51.566932678222656,51.57498292776366,50.54476897572928,50.72988480165429,75497300
2010-06-11,52.26715850830078,52.339592334615155,50.850615435141734,50.939149760998006,65295200
2010-06-14,52.59714126586914,53.52272342539392,52.444223374507295,52.959328792921944,70543000
2010-06-15,53.91712951660156,54.06200337951654,52.60522063726463,53.05593659275818,72336400
2010-06-16,53.667598724365234,54.23099337275467,53.32151168591425,53.44224086500946,62369400
2010-06-17,53.73200225830078,54.08613349670923,53.096167482703336,53.989555041026335,67327600
2010-06-18,53.76417922973633,54.351718441402866,53.48247578630482,53.90100275677751,52760900
2010-06-21,53.2088508605957,54.73002306936852,52.89495857247072,54.62539435350793,58648400
2010-06-22,52.11424255371094,54.00564626770626,52.04985282663256,53.41005664358714,70827400
2010-06-23,51.9693603515625,52.52471091204537,51.35767339438403,51.977410601283786,70315300
2010-06-24,51.14036560058594,51.93716843293529,51.01963641009865,51.53474189167214,72504900
2010-06-25,52.01764678955078,52.251054894666396,50.86670983282555,51.33352297278627,87177700
2010-06-28,51.71985626220703,52.50860877513794,51.43815586588969,51.9854530893133,64643900
2010-06-29,49.76408386230469,50.88282952212246,49.40189924251106,50.88282952212246,110269700
2010-06-30,49.192623138427734,50.39990285042308,49.04774932736661,49.60309995985796,93806400
2010-07-01,48.83848190307617,49.41797706475472,47.58291007619619,49.2570058453695,114225800
2010-07-02,48.30474853515625,49.168775055631976,47.98174664248103,49.055725317307946,72084200
2010-07-06,47.67487716674805,49.66132961193597,47.36802581233246,49.14452927631371,89452600
2010-07-07,49.33833312988281,49.3787106632175,47.63450780407581,47.82023275199676,79640200
2010-07-08,50.0489387512207,50.153914800651926,49.28988850853185,49.87936418855195,58770100
2010-07-09,50.82415008544922,50.82415008544922,49.87937468291302,50.04894928125938,38202700
2010-07-12,50.25080490112305,51.01793174260708,49.75822862142152,50.67877959905318,43038300
2010-07-13,51.84157943725586,52.03538417916688,50.743380289782905,50.93718195132102,83581200
2010-07-14,51.65586853027344,51.99501765930258,51.252117806930045,51.696239906159505,52526100
2010-07-15,51.179439544677734,51.7608384574578,50.55766309763827,51.7608384574578,71044000
2010-07-16,49.314109802246094,50.904888531471244,49.16875930514058,50.79991248792318,98127500
2010-07-19,49.52404022216797,49.645163529847885,48.57118874930032,49.4755890508728,63879600
2010-07-20,50.35579299926758,50.44461865530417,48.6196635777535,48.81346528914002,71430700
2010-07-21,49.451377868652344,50.84835466047052,49.33832510622311,50.75145229267404,68456600
2010-07-22,51.211727142333984,51.40552879522274,50.202350592725956,50.21042733013157,81000700
2010-07-23,52.4714469909668,52.57641996171633,50.824140211443826,50.96141705989306,73916800
2010-07-26,53.66653823852539,53.714986347415625,52.422985437456795,52.697539096242835,66248300
2010-07-27,53.472740173339844,54.32061289107205,53.27894157510767,54.15103834752561,84127100
2010-07-28,52.608707427978516,53.64230803751113,52.3099297489826,53.40005519932572,59705100
2010-07-29,52.4714469909668,53.287019020649595,51.63971840187378,53.060919600113884,63214400
2010-07-30,52.50374221801758,52.98017128300202,51.53474293032484,51.76084235340333,67453000
2010-08-02,53.41621780395508,53.73114285097447,52.96401283943631,53.432365120912664,49896600
2010-08-03,52.98823547363281,53.723058424612915,52.56025462616572,53.238558895508504,51145700
2010-08-04,53.54541015625,53.68269006178768,53.06091060003226,53.27893940481521,40817400
2010-08-05,52.91556930541992,53.46467054067897,52.859044450058576,53.02054843733899,37991000
2010-08-06,52.600624084472656,52.81865284360673,51.56702360474839,52.043446323068714,62483200
2010-08-09,53.18204116821289,53.38391651241025,52.3664630526465,52.988242562792465,35100700
2010-08-10,52.18073654174805,52.81866331192375,51.78505646660049,52.657159354492286,59841700
2010-08-11,50.12968444824219,51.13906111886201,49.992407619243856,51.13906111886201,87392600
2010-08-12,49.87936019897461,50.18621158333675,49.06378208692295,49.136457333735734,63300200
2010-08-13,49.314109802246094,49.80668614461774,49.233360895131185,49.661335647512225,68238000
2010-08-16,49.70977783203125,50.000475693191184,48.756926114950765,48.96687508362841,51371000
2010-08-17,50.56573486328125,50.99371268349665,49.95203517821756,50.24273616391156,54593200
2010-08-18,50.71915817260742,51.21980812015675,50.01662981805049,50.50920610789856,61766600
2010-08-19,49.33024978637695,50.751450582055114,49.209123370900414,50.54150161965151,89236900
2010-08-20,49.378700256347656,49.41099796368582,48.56312230869889,49.152597822744525,64085700
2010-08-23,48.70848083496094,50.000481753511686,48.676180041903876,49.742081569801535,55423700
2010-08-24,48.15129852294922,48.708473254794974,47.48107103299737,47.93327282430366,78875300
2010-08-25,48.87804412841797,48.9991705343175,47.55374272160492,47.75561801118916,64025300
2010-08-26,48.514686584472656,49.4836858200253,48.33703528711373,49.0557110549771,74569900
2010-08-27,49.78244400024414,49.90356731690668,48.094766579619375,49.07184217040944,72003600
2010-08-30,48.692325592041016,49.79052780369068,48.66810153984585,49.54020130297343,42401800
2010-08-31,48.59542465209961,49.184900185016176,48.191674033906935,48.57120060072733,60625100
2010-09-01,50.476905822753906,50.509206614629015,49.27373058894989,49.44330512573466,62585200
2010-09-02,51.034095764160156,51.17944628158144,50.283119117608116,50.46077043453941,45824200
2010-09-03,51.946556091308594,52.108053874523925,51.365154214540574,51.80928235950101,51986300
2010-09-07,50.96142578125,51.79315143230801,50.79992484735426,51.78507469140746,48881600
2010-09-08,51.26018142700195,51.67200880916723,51.05830610486645,51.08253015780337,58863300
2010-09-09,51.29249954223633,52.06770338215067,50.90489916246616,52.04347316028391,52494300
2010-09-10,51.4539909362793,51.768915993964406,51.15521319609864,51.48628865166163,46973500
2010-09-13,52.705604553222656,52.87518523935528,51.93848082017524,52.043453766154094,60551500
2010-09-14,52.47951889038086,52.98824876013551,52.293797002015914,52.5925686034936,55811200
2010-09-15,52.778289794921875,52.94786434255753,51.94656437334138,52.334161579152436,63008500
2010-09-16,52.43912887573242,52.81865541804262,51.9950007601045,52.64907474789733,52659700
2010-09-17,52.657169342041016,52.9074928226064,51.90619273959767,52.81059659051513,61775400
2010-09-20,54.11873245239258,54.264082927550575,52.46335854388037,52.826731651402476,70669500
2010-09-21,53.803794860839844,54.449798190558056,53.72304598481115,54.11871978987278,64974200
2010-09-22,53.1658821105957,54.02183766946277,52.75406088739362,53.6584583915983,65225800
2010-09-23,52.522300720214844,53.55850424005316,52.34420931996249,52.74087726451624,62724700
2010-09-24,54.23043441772461,54.28710129308629,53.17804870726107,53.25900050403116,71675000
2010-09-27,54.092796325683594,54.36803974735791,53.84184399292311,54.246609007684654,48357100
2010-09-28,54.62709045410156,54.74851502053904,53.22660075102272,54.214228399541746,66176700
2010-09-29,54.780887603759766,55.007554990680006,54.33564985837304,54.546123188385785,53580600
2010-09-30,54.64327621459961,55.49328520398294,54.198032234213315,55.1856598443619,81818000
2010-10-01,54.93470764160156,55.25852088478919,54.44089383539082,55.16137505896573,61763500
2010-10-04,54.18993377685547,55.12898525432225,53.81755076197872,54.788984176768224,56292700
2010-10-05,55.72804260253906,55.865667397375766,54.440892858646954,54.78899100798911,77655500
2010-10-06,55.541866302490234,55.90615241404035,55.22615002548676,55.67948495118915,43163400
2010-10-07,55.37995529174805,55.92233895868967,54.98328110885852,55.87376295444799,39955400
2010-10-08,56.08424758911133,56.39187299771766,55.16138371574208,55.460912093536436,59953200
2010-10-11,56.13282012939453,56.5537792847762,55.97091656269399,56.13282012939453,37345900
2010-10-12,56.27855682373047,56.52141844068839,55.3799836639321,55.98713153009943,51099800
2010-10-13,57.13665008544922,57.58998507728821,56.48092634228092,56.65902399656796,58582200
2010-10-14,57.09616470336914,57.43616590915753,56.578065863246245,57.177116489096086,70382100
2010-10-15,56.901859283447266,57.67900727185815,56.578046077553594,57.58995848583181,74953500
2010-10-18,57.379478454589844,57.50090917772534,56.87757385742375,57.120429127471596,39841500
2010-10-19,56.26234817504883,57.28235794324888,55.81710410029577,56.699495218563136,64627600
2010-10-20,56.83710479736328,57.17710594042447,56.2056723384713,56.53757645158602,54118800
2010-10-21,56.56187057495117,57.54949211354117,55.825195215918356,57.120442146730646,62505300
2010-10-22,56.92616271972656,56.9828295859835,56.472827789671044,56.6994952546988,26267800
2010-10-25,57.26614761352539,57.929961933357305,56.95852845231372,57.34709937424178,36095900
2010-10-26,57.22568130493164,57.61425227088466,56.659006563265926,56.95853490569884,37884100
2010-10-27,57.079959869384766,57.16900866011298,56.29471481090336,56.83709840808536,53515400
2010-10-28,56.73186111450195,57.57377301457423,56.46471474524159,57.525197017111964,48482400
2010-10-29,56.90997314453125,57.20949535318955,56.52949297828689,56.56996578085489,40455100
2010-11-01,56.52138900756836,57.61425336232256,56.10852694422593,57.20139747520438,47357500
2010-11-02,57.695220947265625,57.72760289995465,56.88569065871778,57.2095040093821,55102800
2010-11-03,57.921871185302734,57.97853803552895,57.07186225568611,57.768058516307256,58044500
2010-11-04,59.38713836669922,59.403326253814456,58.78808772382692,58.98237325033743,60908000
2010-11-05,59.71902847290039,59.905223100074345,59.33855454123895,59.45997910654362,45659100
2010-11-08,59.67047119140625,59.83238093955785,59.19285133086614,59.52475550618251,31656700
2010-11-09,58.87711715698242,59.945696465276065,58.55330393527027,59.83236276411034,48438600
2010-11-10,59.532833099365234,59.540930128185366,58.37520502702051,58.95806757760294,53667600
2010-11-11,59.29808807373047,59.5328525765346,58.658558464621,58.877135080712094,42989400
2010-11-12,58.310447692871094,59.17664458713466,58.20521101129247,58.71521271217601,48799200
2010-11-15,58.31857681274414,58.974294528438996,58.26190992590912,58.59381421273496,38922600
2010-11-16,57.185203552246094,58.02711556474348,56.78853554797183,57.88139990534539,69965600
2010-11-17,57.339012145996094,57.492818648212506,56.9909139943108,57.314727233868446,39512500
2010-11-18,58.4561767578125,58.75570516425623,58.01093884016559,58.01902969552657,52638700
2010-11-19,58.65045166015625,58.77997943717877,57.90568547094983,58.28616559567303,32830300
2010-11-22,58.933799743652344,59.08760627846074,58.07569355055617,58.42379177600435,42163100
2010-11-23,58.375221252441406,58.480457951460295,57.881407352954554,58.22140854322335,52202300
2010-11-24,59.686641693115234,59.702829573427564,58.89329968090651,58.90139670917414,42138400
2010-11-26,59.273765563964844,59.68662743990126,59.200904679401255,59.32233536952626,19004000
2010-11-29,59.36285400390625,59.50856969421029,58.310462221018696,59.055228559805734,47897000
2010-11-30,58.893314361572266,59.298079408730835,58.43188245486047,58.674743953645404,68631800
2010-12-01,60.21285629272461,60.36666901283917,58.94189407848861,60.00238287977634,59974000
2010-12-02,60.81999588012695,60.94952366431511,60.19666040333935,60.285709210912536,42529200
2010-12-03,61.25714874267578,61.44334340618745,60.52047947242152,60.577146339364155,36549400
2010-12-06,61.63764572143555,61.80764636858963,61.11954674642494,61.232880511194324,36177500
2010-12-07,61.99381637573242,62.52810302867742,61.85619774139162,62.382387364015244,66769100
2010-12-08,61.95335006713867,62.34192731109328,61.82382843663765,62.13144771327512,40388800
2010-12-09,62.163787841796875,62.3985522013728,61.91283560538402,62.3985522013728,49384000
2010-12-10,62.94092559814453,63.09473819657561,62.14758388271444,62.37425735585206,43303000
2010-12-13,62.61715316772461,63.297161676045256,62.59286825246756,63.19191880829852,43025600
2010-12-14,62.58477783203125,62.916688178865584,62.479541129394285,62.908591147516496,60000700
2010-12-15,62.39047622680664,63.19190918942088,62.26904549278055,62.536191872393196,52002400
2010-12-16,62.96525955200195,63.119072270263956,62.220493231557796,62.479542655026435,57936100
2010-12-17,63.15953063964844,63.280961380194164,62.56857717253606,63.030009045630614,40362300
2010-12-20,63.410484313964844,63.7990552426051,63.08667108928226,63.39429025580776,42692700
2010-12-21,64.11477661132812,64.17954049673484,63.62096279349398,63.66953879566105,30166800
2010-12-22,64.09605407714844,64.38880488504289,64.01473578699728,64.26682434772222,29812300
2010-12-23,64.01477813720703,64.34005771719448,63.925326097605684,64.20994340352273,25239600
2010-12-27,64.20993041992188,64.32377731926823,63.681351984847716,63.81146627220966,15770300
2010-12-28,64.03101348876953,64.37256032225294,63.85210948175191,64.33189806458913,25827900
2010-12-29,64.16925048828125,64.25869627233175,64.03913624931982,64.12045454657652,18138800
2010-12-30,64.04729461669922,64.42136389155364,64.04729461669922,64.11234555705462,37997400
2010-12-31,63.62443161010742,64.1448763763266,63.56750815768317,63.974106019053835,33323500
2011-01-03,64.73037719726562,65.0719179060488,64.02290090109918,64.19367125549077,48878000
2011-01-04,63.77080154418945,64.97433383905658,63.07958648079118,64.9255378810845,77509000
2011-01-05,64.51895141601562,64.53521880626762,63.51872406222257,63.754551587344004,47145300
2011-01-06,64.21807861328125,64.67346631348545,63.95785618399426,64.56775308427865,39392300
2011-01-07,63.85212707519531,64.60027187469842,62.97388038705096,64.43762900341899,59486800
2011-01-10,64.21807861328125,64.47830104256823,63.12026543360778,63.62444290049326,55020300
2011-01-11,64.4782943725586,64.7954402315637,64.1367536327364,64.53521782919563,42124300
2011-01-12,65.03124237060547,65.16135041891097,64.65717320096722,65.00684749931,38442600
2011-01-13,65.0068359375,65.2995867493564,64.70595143526205,65.04749198103187,29687600
2011-01-14,65.49475860595703,65.60860546622244,64.8035437531489,64.94178548287282,38036700
2011-01-18,65.5435791015625,65.56797398246843,64.94994965221305,65.29149039327915,37824100
2011-01-19,63.860260009765625,65.62489326385523,63.72201822396677,65.51918005192512,70707400
2011-01-20,63.19342041015625,63.868374151875166,62.89253584712525,63.54309471695853,79653000
2011-01-21,62.770565032958984,63.6244166181276,62.71364159394775,63.600021744864144,56676500
2011-01-24,63.234107971191406,63.4861966871431,62.68926206288856,62.778714098392385,48142600
2011-01-25,63.33168029785156,63.34794768656197,62.57540803178247,62.86815898666025,47013400
2011-01-26,64.34002685546875,64.5514532074834,63.22594684476044,63.42924570921305,65896200
2011-01-27,64.5270767211914,64.7872990936646,64.02289936438189,64.34004518695264,48174800
2011-01-28,62.94944763183594,64.60836049140956,62.88439052246787,64.49451365210916,91023700
2011-01-31,63.388572692871094,63.835832600409,62.81933845072096,63.32352178247388,53265200
2011-02-01,64.85234832763672,65.06378091829187,63.730140646510144,63.90091097597354,57786700
2011-02-02,64.60839080810547,65.16136408883509,64.5839959316923,64.72223770082712,39937400
2011-02-03,64.83607482910156,64.93365431072112,63.83584171317937,64.55958515473891,41156200
2011-02-04,64.94993591308594,65.03125423363463,64.43761870566786,64.73036962299528,39532700
2011-02-07,65.59234619140625,66.0721285158492,64.98244962049071,65.03937305227528,40835200
2011-02-08,66.055908203125,66.08843058067461,65.33215811669808,65.59238677063568,37563900
2011-02-09,65.76311492919922,66.11278920307652,65.39717327280377,65.87696179007196,43298900
2011-02-10,66.02338409423828,66.10470245200652,65.25084418495746,65.32403504988399,48001000
2011-02-11,66.73897552490234,66.7633704049403,65.69808594867408,65.77940428353105,38579100
2011-02-14,67.08049011230469,67.17807579861831,66.72268833753242,66.77147807859481,36730500
2011-02-15,66.69833374023438,67.0805368560574,66.54383071781146,66.90163274191103,42908600
2011-02-16,67.23501586914062,67.3488627625845,66.82841804850098,66.85281292506889,38284700
2011-02-17,67.7066879272461,67.90998688890257,67.0479950726286,67.16997569046086,34891200
2011-02-18,67.77984619140625,68.12138682503475,67.52775756242183,67.86116450357643,39514200
2011-02-22,66.03962707519531,67.51150941879948,65.94204135026466,67.27568810755182,68370300
2011-02-23,64.90113067626953,66.22664330800097,64.47827174737284,66.16971987133816,91258600
2011-02-24,65.31587219238281,65.64115168242678,64.53520513879141,65.02312127176225,85126500
2011-02-25,66.82840728759766,66.85280216023745,65.57608545717716,65.62487520245674,58566800
2011-02-28,66.90159606933594,67.36511729090861,66.3486228397238,67.21061435317756,49869300
2011-03-01,65.55982971191406,67.20248204913054,65.34026343157456,67.15369229980615,70865100
2011-03-02,65.83631134033203,66.16972449565019,65.25080954848825,65.4866370037692,61072300
2011-03-03,67.33263397216797,67.51153188779419,65.89327352030557,66.49503684717688,78937600
2011-03-04,67.03984832763672,67.36512160951649,66.39742304880089,67.3244655513766,60907100
2011-03-07,65.9420394897461,67.3488708478948,65.38907234331458,67.30008108890169,90777900
2011-03-08,67.01543426513672,67.34070745388952,65.50289036152031,65.99894003981323,67755300
2011-03-09,66.74708557128906,67.15368330570843,66.4787295775669,66.88532731198627,51216900
2011-03-10,65.03124237060547,65.89322757872016,64.8116761205682,65.86883270742469,107642100
2011-03-11,65.20201873779297,65.62487768934895,64.4701415099176,64.51893125704608,83202700
2011-03-14,64.85234832763672,65.32400325902513,64.16926700978316,64.51893515759629,60138300
2011-03-15,64.27495574951172,64.78726654299248,63.07955769386898,63.39670335709816,84941700
2011-03-16,63.6325569152832,64.76289832453577,63.234092800846376,63.98223127812905,126014500
2011-03-17,63.77080154418945,64.60026458361975,63.77080154418945,64.5108125655598,63992800
2011-03-18,64.61650848388672,64.7222216568687,64.299362760752,64.51079531090475,70017700
2011-03-21,66.11278533935547,66.1290465167347,65.34837971457834,65.44596539141847,50638200
2011-03-22,65.76311492919922,66.35674410315154,65.60047212496059,66.21036868143108,52372800
2011-03-23,65.96644592285156,66.16161117884164,64.93368377634616,65.61677147859888,58044700
2011-03-24,66.42195892333984,66.6501280673666,65.79448756012339,66.40565757468485,52850900
2011-03-25,67.00053405761719,67.68504150604255,66.4545569903527,66.80496138908751,78164900
2011-03-28,66.85384368896484,67.44056782996422,66.79680140954225,67.22054316851838,42798300
2011-03-29,67.48133087158203,67.54652384575057,66.47901531660371,66.89460653835364,40967200
2011-03-30,68.3532485961914,68.44288735765174,67.66874120010432,67.77467509221992,42147100
2011-03-31,68.58958435058594,68.68737380868322,68.20658341113493,68.288077734788,41625800
2011-04-01,68.89107513427734,69.28222040718865,68.65475534903668,69.0784970975476,49160200
2011-04-04,69.04590606689453,69.24147870116293,68.89107436381349,69.07035186903533,42236600
2011-04-05,69.4207992553711,69.87713775736108,68.87481572803787,69.0052017098326,45454400
2011-04-06,69.57563018798828,69.98307708671257,69.19263532559032,69.77935363735043,59035700
2011-04-07,69.15998840332031,69.90153798542116,68.95626510249214,69.64077240904676,69434400
2011-04-08,68.43474578857422,69.55929636551572,68.12508233877462,69.46965760027298,63650400
2011-04-11,67.82357025146484,68.67920446292784,67.55465397765833,68.46733046988552,41784100
2011-04-12,66.93537139892578,67.67692768758276,66.86203394645422,67.4650535740885,58103300
2011-04-13,67.02498626708984,67.48132460963514,66.55234657394301,67.35094489054089,80424900
2011-04-14,67.33464813232422,67.39984110488948,66.37307354699092,66.4871581404081,58532300
2011-04-15,68.05175018310547,68.05175018310547,67.03313342400018,67.35909203034254,53690700
2011-04-18,66.92716217041016,67.03310224305,66.3567395375049,67.02495157196837,58593400
2011-04-19,66.94349670410156,67.39168436156191,66.55234512107063,67.15537073729097,31991000
2011-04-20,68.31251525878906,68.36955754814065,67.8398755943656,68.04359894449883,47061100
2011-04-21,68.81774139404297,68.84219341711119,68.23102340040693,68.72810262755492,30293300
2011-04-25,68.72811126708984,68.88294301360393,68.26362224469126,68.75256329323183,23441400
2011-04-26,69.4126205444336,69.81191657241624,68.73625752560552,68.8829385873135,53200000
2011-04-27,69.8282241821289,69.89341093539822,69.17630691228484,69.45337392796893,44680600
2011-04-28,70.1460189819336,70.48827268667952,69.68967449179632,69.75486744997919,43464600
2011-04-29,70.39863586425781,70.63495568132865,70.02378567008635,70.23565968145034,41030900
2011-05-02,69.57563018798828,70.74092856702562,69.49414205167267,70.71648274784556,48962400
2011-05-03,68.69551849365234,69.66523744568738,68.22287881311631,69.50226124688214,56070000
2011-05-04,67.80728149414062,68.82589828058754,67.41613612974535,68.79330179736402,64754600
2011-05-05,67.49761199951172,68.51622860139808,67.15535831339207,67.34278028653945,91858900
2011-05-06,67.8561782836914,68.72811407067974,67.50577383375344,68.2554805707643,76446200
2011-05-09,68.64659118652344,68.71993479649575,67.66872197925835,67.77465584128414,45806800
2011-05-10,69.69783782958984,69.70598850512931,68.90739016514495,68.9970289446476,44373700
2011-05-11,68.41029357910156,69.55929617563507,68.0843412159917,69.46150673641644,81313700
2011-05-12,69.0133285522461,69.2170519155793,67.61986149310414,68.01915754443701,80109400
2011-05-13,68.05175018310547,69.25778894428586,67.85617128901407,69.07036694221074,74669000
2011-05-16,67.05757141113281,68.36139946730475,67.00052912796099,67.60354843822628,68771600
2011-05-17,66.84568786621094,67.08200763908346,66.33230739095515,66.51972934441638,76475100
2011-05-18,67.87247467041016,67.8969204786175,66.82126139748999,66.9271953054363,54512200
2011-05-19,68.01917266845703,68.426619485719,67.41615311970992,68.33698068854976,52914400
2011-05-20,67.52206420898438,68.00284830645805,67.05757524314414,67.83987212155174,56016800
2011-05-23,66.30789184570312,66.78052538996624,66.19380724359019,66.34863279380373,50696600
2011-05-24,65.99005126953125,66.78864309002279,65.86781605129315,66.48713038065432,60223400
2011-05-25,66.82125091552734,67.05757071970034,65.81078495955586,65.81892941625173,60009900
2011-05-26,67.70135498046875,67.73395146725227,66.5360570008207,66.57679794644199,51821300
2011-05-27,68.16584014892578,68.39400932625139,67.84803219234458,68.01100839982179,46619400
2011-05-31,69.13555908203125,69.15186043304863,68.26362331691575,68.94813706533805,77456200
2011-06-01,66.91089630126953,69.11925662729327,66.84570333839264,69.02961785762334,80933800
2011-06-02,66.88642120361328,67.35906065177802,66.49526981478787,67.08199378945578,64666600
2011-06-03,65.9085464477539,66.60121050137523,65.75372099872389,65.85150418397643,76493800
2011-06-06,64.82477569580078,66.06341099014566,64.77587786170021,65.80264533780235,63782200
2011-06-07,64.97957611083984,65.54185435713002,64.80844930047786,65.22404653543761,58242200
2011-06-08,64.25434112548828,64.96330059715322,64.14025655080331,64.75957725419534,67740400
2011-06-09,64.59658813476562,64.95514317058569,64.15655123080404,64.44176263786892,58469700
2011-06-10,63.56169509887695,64.30325119259308,63.27648360788776,64.19731105512265,71823100
2011-06-13,63.382408142089844,64.08321696882201,63.03200372872376,63.74911390518085,60285400
2011-06-14,64.7433090209961,64.93073732792881,63.87952359451906,63.9202707708098,66662700
2011-06-15,63.58610153198242,64.54767554693146,63.333486684567625,64.05059030598338,89262000
2011-06-16,63.732810974121094,64.27878805063632,62.93421893742724,63.63502152962784,81849500
2011-06-17,63.74911117553711,64.48251023602944,63.42315258357217,64.36842566141317,77862900
2011-06-20,64.33583068847656,64.56400606020037,63.504642165769525,63.52908797273985,53343900
2011-06-21,65.72929382324219,65.81892636273605,64.71882169700669,64.84920760380182,75970200
2011-06-22,65.22405242919922,66.09598790391388,65.1996066279587,65.37073345378401,55839700
2011-06-23,65.47669219970703,65.6070781453662,63.806164236671414,64.48252112406011,92521100
2011-06-24,65.142578125,65.81079044112691,64.75957724554743,65.70485032383141,73865400
2011-06-27,65.64779663085938,65.77818253191045,64.75141532113012,65.11812100497978,51195400
2011-06-28,66.66641998291016,66.6990164615048,65.73744210296178,65.86782801734037,54021800
2011-06-29,66.98423767089844,67.14722008769975,66.36492313848392,66.90274957106952,68230200
2011-06-30,67.47315979003906,67.67688309107524,67.04941184228443,67.15535193779397,59915500
2011-07-01,68.5243911743164,68.6384819836619,67.3265029562005,67.53837078906389,63908100
2011-07-05,68.6894760131836,68.77120902977887,68.2726295219694,68.59956782417996,48268900
2011-07-06,68.96736907958984,69.07362761273663,68.33801799638327,68.58322328044419,57094100
2011-07-07,70.00541687011719,70.26696633462842,69.42510419060261,69.64578401797758,68556600
2011-07-08,69.58036041259766,69.64574930509207,68.9183150246188,69.16352025355883,61977400
2011-07-11,68.10099029541016,69.08997416736096,67.9129987395314,68.70582211878717,59769800
2011-07-12,67.71685028076172,68.46880416624676,67.65963653373201,67.74136956722721,65322100
2011-07-13,68.3216781616211,69.0409437797357,68.01926533203233,68.15003693070658,79327200
2011-07-14,67.234619140625,68.79574061503264,67.0629779043287,68.45245814244004,91726600
2011-07-15,67.68416595458984,67.76590523615465,67.16924215422254,67.52069986312355,75496200
2011-07-18,66.59709930419922,67.53703860915846,66.2047719857034,67.38174770535967,56859700
2011-07-19,68.10099029541016,68.17455437756432,67.16922016032163,67.21008978772169,56060800
2011-07-20,67.98657989501953,68.18274043697598,67.55338917344307,68.12552668574571,40277400
2011-07-21,68.60774993896484,68.90199381714575,68.03560629324414,68.1990785788058,63405500
2011-07-22,68.69763946533203,68.86928064164786,68.16636559435732,68.53416722420145,34540200
2011-07-25,67.88847351074219,68.4606170650779,67.63509930337912,67.85577905885194,49764900
2011-07-26,67.3735580444336,67.91300097606752,67.19374165527901,67.7413597598281,52205500
2011-07-27,65.3629379272461,66.94858576044275,65.26485449650694,66.9322354040693,97533300
2011-07-28,65.25663757324219,66.18023880665925,65.13404115803627,65.35472094123679,67439400
2011-07-29,65.17488861083984,65.53452130303208,63.86714186990676,64.34120201219136,93519600
2011-08-01,64.74987030029297,66.19656370226873,64.13686345887767,65.95136470719946,93483200
2011-08-02,62.731040954589844,65.12585488476499,62.61661349601455,64.50467279833569,95669600
2011-08-03,63.14788818359375,63.22144602108939,61.202608892101566,62.682003171968006,114910400
2011-08-04,59.339073181152344,62.289680548975014,59.33089800889034,62.175253080624216,130904800
2011-08-05,58.30105972290039,60.36076070449997,56.93609883007133,60.091036101007674,188585600
2011-08-08,53.22534942626953,58.36643484549688,53.19265497577021,56.40481146633955,170159700
2011-08-09,56.772621154785156,56.903398975286805,52.113767308518874,54.69657002304426,207867000
2011-08-10,53.993648529052734,56.86252271439847,53.838357680108864,55.04802119949312,182376400
2011-08-11,56.690887451171875,57.5736190214228,54.001829348877436,54.36146211508995,121880100
2011-08-12,57.04235076904297,57.704396395253774,56.233183199693066,57.20581682327296,86475800
2011-08-15,58.65251541137695,58.709729152419975,57.52457846534291,57.68805075105876,57616800
2011-08-16,57.57360076904297,58.366423896394515,56.93607469347342,57.69619714063123,79484300
2011-08-17,57.5899543762207,58.456335469486596,57.01781709497505,58.006800815887495,66789100
2011-08-18,54.31242752075195,57.54093537902369,53.79750379259607,55.62834995075891,110692200
2011-08-19,53.35613250732422,55.09707651611354,53.04554451429536,53.13545271361453,99196100
2011-08-22,53.168155670166016,54.91726889606945,52.77582835262014,54.860055145159755,72211900
2011-08-23,55.73460388183594,55.82451208282145,53.012851039267865,53.50325544002412,93274300
2011-08-24,56.56011199951172,56.91156960779394,55.18697602248232,55.67738662814487,67698000
2011-08-25,55.170631408691406,57.4510182552169,54.96629573680737,57.19764401754623,80732900
2011-08-26,56.486549377441406,56.658190580588865,53.993651873998765,54.97446676662198,84468500
2011-08-29,59.159263610839844,59.21647735159594,57.24668464628159,57.27120393005848,53069800
2011-08-30,59.502559661865234,59.88670554833795,58.12942347779662,58.76694987828726,67801600
2011-08-31,59.37995147705078,60.39345473150086,58.766944420307304,59.829486243831184,70313900
2011-09-01,58.10489273071289,60.18094405066444,57.77796062147917,59.42081504861852,86788800
2011-09-02,55.95527648925781,57.24667935943767,55.66103263944899,56.69088611377985,78920100
2011-09-06,55.799991607666016,55.83268606878332,53.88741240103547,53.88741240103547,71493900
2011-09-07,57.90874099731445,57.990474037014096,56.45387168883466,56.72359633209158,68952400
2011-09-08,56.8461799621582,58.27652950304528,56.54376095718645,57.49187512451474,71124100
2011-09-09,55.170631408691406,56.50289774447663,54.55762439303928,56.15144013940288,99453600
2011-09-12,55.644718170166016,55.783664996634684,54.24706225701181,54.25523119798093,100109900
2011-09-13,56.54376983642578,56.77262480117284,55.440358407349535,56.02067099248104,84144100
2011-09-14,57.55727767944336,58.358276356076225,55.93894245000091,57.0832173654327,77019200
2011-09-15,58.36644744873047,58.39096673294227,57.2058160307871,58.08854767739298,74213100
2011-09-16,58.456336975097656,58.87318342550082,57.93323823710614,58.56259549851487,75773300
2011-09-19,57.41014099121094,58.039498268976736,56.76443960563324,57.29571352904061,69216200
2011-09-20,56.519256591796875,58.26836970735572,56.48656213107802,57.61449296464012,63453200
2011-09-21,54.426856994628906,56.91157998895651,54.38599359392312,56.42935070414341,81413800
2011-09-22,52.90659713745117,53.87923073624145,51.89309079031488,52.5551395175671,159808200
2011-09-23,53.44813537597656,53.76813446056038,52.59480239708375,52.71788041269473,84086000
2011-09-26,54.457366943359375,54.54762373639856,52.74249413562266,54.022490458712454,75555800
2011-09-27,55.630699157714844,56.93530983549812,55.195822671779226,55.671720989212865,93999600
2011-09-28,53.49736785888672,55.89326711740778,53.415317929350216,55.6224967159298,85412600
2011-09-29,54.42454528808594,54.990694132624256,52.816343026774575,54.75275123651858,73927200
2011-09-30,52.75891876220703,54.30147891242058,52.70968379038539,53.45635263959048,72124900
2011-10-03,50.04300308227539,53.300431955170794,49.92812883086061,52.35684550785985,119485000
2011-10-04,53.160945892333984,53.234788929554334,49.30454084955102,49.49325813689955,165100000
2011-10-05,53.89120864868164,54.2604364092832,52.44710630542622,53.15274686747106,100371000
2011-10-06,55.08916091918945,55.22864642068083,53.45634421465214,53.75172895899161,85789700
2011-10-07,53.743507385253906,55.47478728426641,53.49735141231123,55.28606687034284,93662300
2011-10-10,56.098392486572266,56.10659309714223,53.77634265362618,54.94967474596224,76366700
2011-10-11,56.48401641845703,56.71376492843906,55.41735507785685,55.56504741855617,63173300
2011-10-12,57.28813171386719,57.870694321225805,56.46761994124806,56.918903920191795,88580000
2011-10-13,57.23891830444336,57.53430312231109,56.27071390365685,56.95994097200841,54163300
2011-10-14,58.371185302734375,58.5352850922478,57.279903548453596,57.911700884092234,69768200
2011-10-17,56.59890365600586,57.9445424343967,56.31171953353794,57.85428564047957,57529900
2011-10-18,58.10041046142578,58.49425868939143,55.67169745898571,56.78759346821564,98948000
2011-10-19,56.96811294555664,58.37939370858159,56.67272830864417,57.93631675321288,71071600
2011-10-20,57.1240234375,57.214280219975784,55.58966439541872,57.07478848159959,90998600
2011-10-21,58.36298751831055,58.387608124574406,57.45221914675473,57.90350302815867,60408600
2011-10-24,60.24197006225586,60.373254944618076,58.38761804894759,58.62556094321556,81399100
2011-10-25,58.551727294921875,59.848137546409056,58.38762742562347,59.80710944908008,66767900
2011-10-26,59.560951232910156,59.930185315502555,57.87890572335095,59.56915810408115,76643400
2011-10-27,62.70351028442383,63.154794278648986,59.61018355130674,61.77633420357098,130508100
2011-10-28,62.38349914550781,63.11375400615572,62.16196375655014,62.60504079447253,82397500
2011-10-31,60.726051330566406,61.89938289965604,60.660408915231464,61.41527791156745,66969200
2011-11-01,58.576351165771484,59.87276162787664,58.223530755451975,58.40404439701216,110064900
2011-11-02,60.02043533325195,60.1435133468692,58.937360081434214,59.58556511047777,63821300
2011-11-03,61.5137825012207,61.70249674598106,59.3148102030815,60.93942037453699,74622200
2011-11-04,61.210174560546875,61.39068814497333,60.348640989431225,60.865561132100616,65262500
2011-11-07,61.087074279785156,61.43169384261688,59.81528530221061,61.12810235583825,67136100
2011-11-08,61.98146438598633,62.06351431698012,60.27479827727832,61.65325840200272,72278500
2011-11-09,59.02762222290039,60.65223211783783,58.92915855108269,60.159926278766136,78806400
2011-11-10,59.46248245239258,60.086073082007125,58.773249385974964,59.99581629640473,72175100
2011-11-11,61.02967071533203,61.152748747991765,59.51172500588541,60.17633761823567,62452000
2011-11-14,60.15170669555664,60.93939712360567,59.70862965602774,60.799911646348534,61114200
2011-11-15,60.9147834777832,61.24298939158735,59.42965938632817,59.83170834423451,65795300
2011-11-16,59.9301643371582,61.43990258369911,59.82350008930683,60.28298455390514,56938700
2011-11-17,59.076847076416016,60.25838602114689,58.47787073359885,59.85633074911554,78923500
2011-11-18,59.060455322265625,59.462504441347505,58.62557871263543,59.281990803389625,53462900
2011-11-21,57.64916229248047,58.13326126203468,57.11582835686378,57.87890460074405,58233500
2011-11-22,57.16507339477539,57.95276421672317,56.8614879406974,57.5425081890414,55404700
2011-11-23,55.36814498901367,56.68916337025778,55.2778881804802,56.5332703682527,69700300
2011-11-25,54.66249084472656,55.82761593793266,54.66249084472656,55.01531112055741,28167900
2011-11-28,57.26350402832031,57.37016828032084,56.54145609014929,56.6891421652239,59167100
2011-11-29,57.15684127807617,57.583504557295115,56.71376426119108,57.304527357031134,58157100
2011-11-30,60.496341705322266,60.54557041332328,57.14865184106277,59.53633807924188,93802900
2011-12-01,60.06146240234375,60.83274551226727,59.94659124895195,60.283004098176754,57394700
2011-12-02,60.3076057434082,61.2347816461329,60.15170652808013,60.79170460783763,47671500
2011-12-05,61.341461181640625,61.858381338954935,60.82453476431835,61.48915354944585,58429900
2011-12-06,61.39891052246094,61.77634526703994,60.791727174216604,61.382496777908734,43597000
2011-12-07,61.27582550048828,61.58761775137142,60.00402962292247,60.947619506922074,55904400
2011-12-08,59.37223815917969,60.86556948061806,59.25736700060817,60.63582716347503,71486700
2011-12-09,61.160945892333984,61.513766191173886,59.38863752792671,59.48710119039638,72184900
2011-12-12,60.283016204833984,61.210192489132424,59.48711858220161,60.29942369003864,47638600
2011-12-13,59.02762222290039,61.10351612199178,58.70762311450336,60.90659503836478,79040300
2011-12-14,58.28916931152344,58.98660321262228,57.91173456810536,58.461476068735436,77704900
2011-12-15,58.830684661865234,59.16709745380968,58.289150210939695,59.12606936600909,50096100
2011-12-16,59.29018783569336,60.12710716549312,58.85531755824779,59.30659531823474,66225600
2011-12-19,58.26454544067383,60.06146204961156,58.11685306432198,59.83992661508796,52897500
2011-12-20,60.60301971435547,60.69327653946566,59.4953297134696,59.52815094623786,74174400
2011-12-21,60.84918975830078,61.03790406490178,59.67585702330622,60.332263048890425,59194600
2011-12-22,61.236671447753906,61.56647841053817,60.99756784754353,61.14598066626922,41502800
2011-12-23,61.4675407409668,61.57472533041792,61.080018031386004,61.4675407409668,24333600
2011-12-27,61.6489143371582,61.97048061223306,61.08000390558687,61.228416690027906,26922400
2011-12-28,60.527591705322266,61.75611612762241,60.41215392761124,61.7396223205733,37827500
2011-12-29,61.13771057128906,61.37682037134391,60.68422538316052,60.79141622246848,27090500
2011-12-30,60.80792999267578,61.442803239674795,60.758461147351035,61.11300255011657,31979800
2012-01-03,61.813846588134766,62.555910818412556,61.64893993110317,62.39925106686898,60504700
2012-01-04,61.47576904296875,61.72312578822019,61.071758896898515,61.49226284760863,34648500
2012-01-05,61.82206726074219,62.118886536358595,60.49459911501309,61.03877512594344,57274600
2012-01-06,61.66543960571289,62.15190013648463,61.236688547207486,61.855074416148994,45499800
2012-01-09,61.97874069213867,62.08593158101482,61.35211433037172,61.954006268719596,52042400
2012-01-10,62.88570022583008,63.01762552769595,62.630102816645746,62.795009443978074,42977600
2012-01-11,63.1330451965332,63.215495349483874,62.55588783533503,62.621844183369504,33445800
2012-01-12,63.322689056396484,63.42162672816753,62.61360638616661,63.314442153567654,36131400
2012-01-13,62.98463821411133,63.05884776199173,62.333271251801214,62.81149098978241,42600400
2012-01-17,62.95988082885742,63.710185193924346,62.770239867267215,63.57001934305517,34518400
2012-01-18,64.08125305175781,64.08949995619393,62.78676583926387,62.92693176195326,49330800
2012-01-19,64.47698211669922,64.60890735535698,64.03175016258332,64.41926639742185,35830500
2012-01-20,64.51824188232422,64.73261735472343,64.22966314479338,64.3945634832268,42221200
2012-01-23,64.435791015625,65.00470158044348,63.94108371513495,64.52648808794505,37481400
2012-01-24,64.80680084228516,64.93047920363874,63.710195683782324,64.04824945211259,49856900
2012-01-25,65.35926055908203,65.60661742118269,64.46878969472155,64.80683736300972,68272900
2012-01-26,65.28501892089844,65.88691691011344,64.93047764846607,65.84568869380213,52755700
2012-01-27,65.73026275634766,65.77973158764118,64.9469706144557,64.9717113206456,52203500
2012-01-30,65.21907043457031,65.49116162392899,64.74085070003882,65.20258291879584,46332400
2012-01-31,65.15310668945312,65.81272053907783,64.79032473364902,65.68080154347922,52024000
2012-02-01,66.55476379394531,66.70317654930513,65.52412140687491,65.76323119554027,67292200
2012-02-02,66.9340591430664,67.22263783829598,66.57127090303851,66.81862766497458,46400100
2012-02-03,68.39342498779297,68.61604726186566,67.80802087794615,67.99766184139541,72738000
2012-02-06,68.17084503173828,68.37697361416485,67.91524760250377,68.08014795222698,34516000
2012-02-07,68.12960815429688,68.42643377857154,67.67612910482592,68.11312063763465,41623400
2012-02-08,68.27803802490234,68.6078450554442,67.55246759014695,68.26979740978457,46697400
2012-02-09,67.9399642944336,68.45940592198461,67.47823211273366,68.45115901948725,48712500
2012-02-10,67.00826263427734,67.33806955451045,66.85160922233804,67.19790365783811,42503000
2012-02-13,67.87400817871094,67.96470524326807,67.28860385600655,67.7008609528866,38574100
2012-02-14,67.56893157958984,67.7091037648727,67.08247125412676,67.53595654951073,49375200
2012-02-15,67.00826263427734,67.964702073899,66.78564658018267,67.95645517099364,59836600
2012-02-16,68.2697525024414,68.35220263320531,67.01648786887979,67.04946917929371,61456800
2012-02-17,68.26152801513672,68.6902726102077,68.12960273016483,68.67378509485813,33292000
2012-02-21,67.79981994628906,68.46767457826823,67.47001293758555,68.36873058849353,39889400
2012-02-22,67.26386260986328,67.90698260923688,67.19789997132665,67.58542260955008,42626900
2012-02-23,68.2697525024414,68.31097442255248,67.00000035894372,67.37102909265215,53177500
2012-02-24,68.13786315917969,68.45942324195188,67.99769723398055,68.29452289354643,37607700
2012-02-27,68.02243041992188,68.39345934235801,66.99178753477155,67.47824795710092,51807700
2012-02-28,67.84103393554688,68.48415406730457,67.47824563946008,68.06365631379822,47680600
2012-02-29,66.82691192626953,68.4017315666371,66.76094924747213,68.06368384625813,64213200
2012-03-01,67.1731948852539,67.91525916645004,67.08249779029958,67.0989853118612,69526300
2012-03-02,66.16727447509766,67.31334888176539,65.82922058292836,67.13195472406919,70789500
2012-03-05,66.2414779663086,66.29095310346534,65.48292629571942,65.95289921016544,44334800
2012-03-06,64.92227172851562,65.64784853413377,64.6501867169554,65.48294185533574,80769300
2012-03-07,65.53240966796875,65.59836604155763,64.95524579260838,65.06243669446384,57456300
2012-03-08,66.38164520263672,66.5300580218828,65.42520563626324,65.96114116634875,43803100
2012-03-09,67.28035736083984,67.73384268637638,66.34041167749511,66.3898805164467,61462900
2012-03-12,67.14845275878906,67.55246304146198,66.8268926555633,67.39580329713054,34084200
2012-03-13,68.48414611816406,68.50888053719994,67.11545584364511,67.65963193406657,60998100
2012-03-14,67.92347717285156,68.62431927158728,67.61841094641018,68.40169691605774,46707700
2012-03-15,68.49239349365234,68.53362171935912,67.63489798141273,67.81629210965205,58740500
2012-03-16,68.43467712402344,68.65729318538271,68.14609841835623,68.61607125059825,42045800
2012-03-19,69.01182556152344,69.58074228624925,68.22853970648798,68.34397117374493,66822800
2012-03-20,68.39342498779297,68.68200988311253,68.0883588729744,68.53359713057799,43829100
2012-03-21,68.37696838378906,68.78922551710733,68.13785849159912,68.59958446794128,40504700
2012-03-22,67.71733093261719,67.98942205582698,67.29683333188473,67.68434961854244,60102900
2012-03-23,68.37981414794922,68.47078924790371,67.19714415836881,67.81742548906145,46464800
2012-03-26,69.80229949951172,69.85191996726628,69.15720817940031,69.25644911490946,56454000
2012-03-27,69.31436920166016,70.01735975886136,69.26474871426356,69.81886518961895,41730700
2012-03-28,68.90910339355469,69.48802996890596,68.32190463574798,69.30608612367159,48836000
2012-03-29,68.71063995361328,68.82642531042418,67.83397128226522,68.42117656158602,45615600
2012-03-30,68.48734283447266,69.14070674144519,68.25577209475163,69.1324345550753,45904700
2012-04-02,69.33091735839844,69.3557276034522,68.13170293223115,68.26403265228893,52756800
2012-04-03,68.86775970458984,69.4715029229827,68.58656855480922,69.19031177320207,52012300
2012-04-04,67.76781463623047,68.17306339647827,67.36255956615376,68.12344290211333,65172400
2012-04-05,67.47005462646484,67.81741058093564,67.337724942956,67.48659268199015,31978700
2012-04-09,66.36183166503906,66.63475697092936,66.03928587074257,66.23777413419546,50062200
2012-04-10,64.79873657226562,66.29568681674618,64.62505851712622,66.09719220244735,101228600
2012-04-11,65.71672058105469,65.80769565602964,65.21222473249408,65.3445544087581,54346800
2012-04-12,66.6595687866211,66.91595603902965,65.70020356579184,65.78290648502791,60728700
2012-04-13,65.78290557861328,66.50243421669214,65.69193047575867,66.47761766241781,53965200
2012-04-16,65.89042663574219,66.32875783301722,65.23706277778977,66.07237686325159,44725900
2012-04-17,66.84151458740234,67.44525784668937,66.38663909685542,66.43626589298736,46737700
2012-04-18,66.33699035644531,66.71742864567281,66.02271689399439,66.50240242338674,49008100
2012-04-19,65.95657348632812,66.9821033951006,65.54305264942325,66.4279869880066,74260400
2012-04-20,66.33699035644531,66.96554359117236,66.21293288369554,66.39488300241852,46632000
2012-04-23,65.41900634765625,65.4686331472722,64.76564255619618,65.31976536808095,62477000
2012-04-24,65.91525268554688,66.10547514440904,65.22054035195731,65.4438389420881,44810200
2012-04-25,66.94076538085938,67.29639360762287,66.60167521378871,66.7836254195507,50263300
2012-04-26,67.60240936279297,67.70992885798185,66.84153225910481,66.94904544446416,43147600
2012-04-27,68.13172149658203,68.25577906548199,67.01521599614257,67.80090972595556,46796400
2012-04-30,67.37911224365234,68.11517911333915,67.34602980672118,68.10690692664895,38093600
2012-05-01,67.44528198242188,68.61968018395542,67.23024928177358,67.45354785987865,60493600
2012-05-02,67.62718200683594,67.66853660657847,66.6347347112752,66.91593210790721,52095800
2012-05-03,66.67613220214844,67.61895963237686,66.30395949453401,67.536256689517,61487800
2012-05-04,65.41069793701172,66.61818387162698,65.28664678124457,66.22120124369768,75093300
2012-05-07,65.58442687988281,65.83253567036347,65.02203812103257,65.1378234852227,47361400
2012-05-08,65.54305267333984,65.58440728097631,64.48444034004942,65.07991135498209,62939600
2012-05-09,65.1708984375,65.55133692042519,64.4844522073003,64.71602290909577,64431000
2012-05-10,65.41900634765625,65.79117895054856,65.0302956847775,65.60095655664871,45697800
2012-05-11,65.25361633300781,65.79946078252858,64.85663338895012,64.88144363986062,44862900
2012-05-14,64.38521575927734,64.88971186307408,64.1867274542878,64.5837040642669,51220200
2012-05-15,64.26940155029297,64.91449298441944,64.07091333436789,64.36864881316882,54317800
2012-05-16,63.80624771118164,64.83177731963505,63.76489311567066,64.49269361378147,52659400
2012-05-17,62.358951568603516,63.971680518119825,62.32586914017394,63.864167358094754,71665100
2012-05-18,61.77173614501953,62.78072785794652,61.60632404709835,62.3506627131778,77636200
2012-05-21,63.22735595703125,63.22735595703124,61.54019589423102,61.970254941452176,61384400
2012-05-22,62.84690475463867,63.707028985725756,62.41684579400923,63.20253298182056,59678300
2012-05-23,63.25213623046875,63.384459588384715,61.771731199192885,62.23487241663754,66981800
2012-05-24,63.384464263916016,63.467167157442276,62.482991997775066,63.21078629456298,54576500
2012-05-25,63.3431510925293,63.59126624521685,63.07849787425011,63.43412622785937,33847700
2012-05-29,64.26113891601562,64.43482322931237,63.48372399236696,63.95513751887694,51160000
2012-05-30,63.028839111328125,63.71528514859507,62.946136213906875,63.59949983024,47891500
2012-05-31,62.946144104003906,63.34312058531628,62.08601998139056,63.078467494498895,59563900
2012-06-01,61.05223083496094,62.036412683338746,60.96125572411112,61.53191663583657,76127100
2012-06-04,60.91163635253906,61.49056315058174,60.32443736885896,61.27553049281066,50123200
2012-06-05,61.69731521606445,61.755207887980475,60.547727652426275,60.58908226514972,48270600
2012-06-06,63.219051361083984,63.27694401101875,62.052919871193765,62.185249533802136,48638400
2012-06-07,62.80554962158203,64.27768285920924,62.80554962158203,64.22806237563945,57907100
2012-06-08,63.657386779785156,63.731817487840374,62.31757724635685,62.772452606114435,50420100
2012-06-11,62.251434326171875,64.39347589737777,62.10256654782618,64.33558322301157,52803000
2012-06-12,63.0371208190918,63.07020324502446,61.84617872482617,62.39202928797377,56599400
2012-06-13,62.309326171875,63.30178011759022,62.02813498864401,62.92960752176144,62715800
2012-06-14,63.020572662353516,63.243877446516805,62.160454879125645,62.3423987460753,53619000
2012-06-15,63.864158630371094,63.94686153522876,62.93786969041458,63.14463010747233,57935000
2012-06-18,63.93861389160156,64.17845682462016,63.144654342555306,63.351414838968275,45656600
2012-06-19,65.04682922363281,65.40245739749464,64.12881245645056,64.21978754579851,66897000
2012-06-20,64.94760131835938,65.40247690074465,64.49273204580324,65.0633866829976,54642300
2012-06-21,63.367919921875,64.94756585392336,63.26040049211509,64.81524249937553,62486400
2012-06-22,64.08747863769531,64.29423912422405,63.39276643167682,63.740122534686066,41001200
2012-06-25,63.08673095703125,64.17842559446404,62.855160323307096,63.18597821855297,48620100
2012-06-26,63.333595275878906,63.64943617371059,62.68529961994571,63.24216831505058,42495600
2012-06-27,64.36418914794922,64.38080934004728,63.46654658670664,63.524726770796555,38510400
2012-06-28,64.25617980957031,64.30605310242561,63.26711600116535,63.81567149322297,58183700
2012-06-29,66.1262435913086,66.26754380722019,65.29509419939706,65.61093502667008,71660200
2012-07-02,66.89092254638672,66.91585601978052,65.89353922245708,66.42547445875228,53370400
2012-07-03,67.76361083984375,67.82179104528956,66.84934775090953,66.95739489211837,32322500
2012-07-05,67.68881225585938,68.02126695810598,67.34803794253953,67.83841940833715,42819900
2012-07-06,66.9324722290039,67.18181963040432,66.61663768290883,67.13194634542354,38530600
2012-07-09,66.67483520507812,66.93248960321694,66.37562078219523,66.84106262171552,34636100
2012-07-10,65.93509674072266,67.28986825352443,65.64419566020301,67.16519455011088,49990800
2012-07-11,65.71066284179688,66.20104423525524,65.2867812566118,65.98494363773972,40171300
2012-07-12,65.48627471923828,65.74392905415989,64.48889144062005,65.1953736409126,55502600
2012-07-13,66.30078125,66.56674878992031,65.67741923382744,65.71897923803881,42114800
2012-07-16,66.03485107421875,66.39224575269368,65.75226317741854,66.17615136378879,31922600
2012-07-17,66.26753997802734,66.61662118057895,65.36989716475213,66.47532731399848,43662500
2012-07-18,66.67483520507812,67.08209681465839,66.11796638405642,66.15952006763102,46045000
2012-07-19,66.45040130615234,67.10701018511207,66.33404088113846,66.94909608897473,49405400
2012-07-20,65.60263061523438,66.04313883784056,65.50289039191756,65.93509168512294,42314300
2012-07-23,64.55538940429688,64.85460377451584,64.14812786639763,64.42240876262642,47367200
2012-07-24,63.70761489868164,64.81304533287108,63.35022033504024,64.78810551954624,55609200
2012-07-25,63.84891891479492,64.31436071189434,63.55801779160779,63.998526112601006,37217500
2012-07-26,64.3974838256836,64.97928609981089,63.99852916544688,64.81305869039429,44745100
2012-07-27,65.92681121826172,66.25927245357558,64.32269162345524,64.68839961641754,67297100
2012-07-30,65.7023696899414,66.41715875829726,65.44470903616926,66.09300462347635,34785200
2012-07-31,65.1205825805664,66.05147259677166,65.1205825805664,65.43642354845595,48933500
2012-08-01,64.04835510253906,65.66078657416611,64.0317349087089,65.58598619018265,63601100
2012-08-02,63.815673828125,64.25618216058974,63.37516549566025,63.391785699774225,43374800
2012-08-03,65.33668518066406,65.67745329549453,64.53878214709437,64.77981634595963,52414100
2012-08-06,65.84367370605469,66.18444175178652,65.32004538873667,65.41147235394558,34662800
2012-08-07,66.44209289550781,66.9657147963977,66.19274550965504,66.367286143285,50064000
2012-08-08,66.34237670898438,66.64990441746538,66.1096557798289,66.15952273859943,28011700
2012-08-09,66.658203125,66.8161235965142,66.23432134541287,66.292501570523,24045900
2012-08-10,66.42546844482422,66.53352194130554,66.07638716657912,66.3007947479745,26068400
2012-08-13,66.31745147705078,66.50030547017603,65.5694152966159,66.32576475160297,31544800
2012-08-14,66.1595230102539,66.84106559465184,65.88524205355029,66.74133167670126,26052900
2012-08-15,66.74134063720703,66.74134063720703,65.91849765662357,65.97667789696246,27061400
2012-08-16,67.43948364257812,67.57247063339334,66.35067960524569,66.64158072119305,46037700
2012-08-17,67.91324615478516,68.037919887067,67.31481731276784,67.50598454775593,33453500
2012-08-20,67.76361083984375,67.8716643222194,67.30648246596004,67.81347777560678,32657000
2012-08-21,67.72207641601562,68.7443869366335,67.48104225606323,68.09609122284293,43743800
2012-08-22,67.39791870117188,67.73869308437551,67.14857762335366,67.54752588433011,37611400
2012-08-23,66.92417907714844,67.37300072989608,66.65821139490943,67.37300072989608,32208500
2012-08-24,67.10697937011719,67.38126010648844,66.58335769799771,66.77451844795488,25676100
2012-08-27,67.30648803710938,67.66388256904958,66.9740269751145,67.51427540821025,23628400
2012-08-28,67.61402130126953,67.74700828616278,67.11533279025673,67.29818672390073,28505600
2012-08-29,67.82179260253906,68.12100690632113,67.43946462352132,67.75529912588372,30858800
2012-08-30,67.14855194091797,67.53087985361081,67.0238782791089,67.47269965692203,24562900
2012-08-31,67.42285919189453,67.76362723734597,66.77455716426434,67.72207356121051,34088500
2012-09-04,68.24568939208984,68.48672352017881,66.94909813591117,67.47272006448307,69560700
2012-09-05,68.2623062133789,68.57814708200924,68.02958536775706,68.32048642478436,35103700
2012-09-06,69.51734161376953,69.76668899285144,68.58645191851997,68.63632519903672,46332500
2012-09-07,70.03265380859375,70.1490142232637,69.56720580874689,69.70019276332229,32012900
2012-09-10,69.71685028076172,70.19060546299046,69.64204983464842,69.96619778348018,30671300
2012-09-11,69.86643981933594,70.28201465783529,69.67527894468077,69.72514589612668,33164100
2012-09-12,70.22382354736328,70.35681051882726,69.73344835771745,70.22382354736328,29751700
2012-09-13,71.14640808105469,71.60354292058412,69.9744903833397,70.34850518574122,69437600
2012-09-14,71.81130981445312,72.27675145178304,71.3375549075518,71.36248837509925,46040200
2012-09-17,71.47884368896484,71.66169755949996,71.12144921687337,71.46222349217359,30183000
2012-09-18,71.24613189697266,71.39573905167894,70.94691758756008,71.26275209586576,32991100
2012-09-19,71.12145233154297,71.503780286148,70.98847172789044,71.42897988556219,29342000
2012-09-20,70.80564880371094,70.98018948921566,70.32358042974401,70.7640887799944,34939800
2012-09-21,71.06327056884766,71.54533872148703,71.03833710253292,71.51209198601192,38826000
2012-09-24,70.83128356933594,71.28185440512843,70.58930998904647,70.83128356933594,54635300
2012-09-25,69.8133773803711,71.34865757829915,69.73828537083952,71.28190488145715,74752200
2012-09-26,69.37113189697266,70.03030026493153,69.12081253895283,69.96354758734148,42167400
2012-09-27,70.12210083007812,70.38075956191986,69.31274192167197,69.66318401627444,33252800
2012-09-28,69.6214828491211,70.08873907252021,69.47129243933014,69.9051723087881,43944300
2012-10-01,69.85508728027344,70.53928638940555,69.51298454276417,70.05533897014745,43705600
2012-10-02,69.98861694335938,70.28899779269524,69.56308271170793,70.21390576330589,25792500
2012-10-03,69.788330078125,70.27227746606067,69.39616603500079,70.03864944868097,38568500
2012-10-04,70.26393127441406,70.3056532911629,69.42119618999824,70.05533392244185,43327200
2012-10-05,70.18048858642578,71.13169193410366,69.95519989751571,70.57265259862176,40981400
2012-10-08,69.73828125,70.0052856557031,69.57974519584006,69.77165759644878,21062200
2012-10-09,68.9205551147461,69.83838207433801,68.78705613660364,69.77163576820936,45221200
2012-10-10,68.81212615966797,69.11250698967153,68.57015235961572,68.97900156927491,32465600
2012-10-11,69.06240844726562,69.62145418827882,68.92056377582487,69.33775847951132,38978500
2012-10-12,68.50338745117188,69.27102438409453,68.34485775004096,69.03739630589091,31847100
2012-10-15,68.9539566040039,68.9539566040039,68.21969604166142,68.70363717558232,34413700
2012-10-16,69.46296691894531,69.55475032744879,69.15424032980721,69.32112214794556,29234800
2012-10-17,70.08872985839844,70.2138895777517,69.46293762751988,69.60478233870596,35466500
2012-10-18,69.70487213134766,70.21385003508978,69.62977379567407,70.03862907303032,31431700
2012-10-19,68.29476928710938,69.15418932754254,67.97770361532294,69.1291586647549,53565500
2012-10-22,68.2780990600586,68.3949130889095,67.87758927122177,68.11956300695213,30682000
2012-10-23,67.93600463867188,68.0277880106095,67.10996065712123,67.71072223129913,40737600
2012-10-24,67.75241088867188,68.29476522506037,67.51044358552592,68.16960555268066,24472200
2012-10-25,68.02776336669922,68.53674138455582,67.47706970045711,68.31979836894016,27794000
2012-10-26,67.70237731933594,68.3365152510296,67.13499208906013,67.95269676670891,41402800
2012-10-31,68.11123657226562,68.12792793303848,67.48544422695154,67.71907871654884,24879800
2012-11-01,68.82877349853516,69.01234016820806,68.01941483636939,68.26973417972067,77113300
2012-11-02,67.74407958984375,69.21260039737578,67.72738823641377,69.1625390688581,39322100
2012-11-05,68.19464111328125,68.2864180807749,67.5187814433199,67.73572444638683,26861600
2012-11-06,68.70365905761719,68.89557152931597,68.39493887890939,68.4450002341832,27342500
2012-11-07,67.03488159179688,67.89430853718817,66.67610004561523,67.89430853718817,65095500
2012-11-08,66.09199523925781,67.16835851855475,66.04193390353281,66.89300844029313,42653100
2012-11-09,66.23383331298828,66.72612640665533,65.66644822324069,65.80829927009239,33030000
2012-11-12,66.04190826416016,66.46744855027684,65.94177926569607,66.38400453528114,20155100
2012-11-13,65.66645812988281,66.38403368593353,65.56633545333727,65.74155650317934,34408200
2012-11-14,64.44823455810547,66.00019932933166,64.29804421360339,65.81663264539736,54653100
2012-11-15,64.1144790649414,64.6568334534019,63.65556871000252,64.32307641697344,55966400
2012-11-16,64.64851379394531,64.8153891799416,63.52208265786263,64.06443721118245,62748300
2012-11-19,66.01691436767578,66.0669757118423,65.26596237573729,65.34940007131087,45621100
2012-11-20,66.13370513916016,66.20879712898162,65.61638142325297,65.90007712742333,36928500
2012-11-21,66.48416137695312,66.52588340192393,66.0252445658232,66.25887899341758,19254500
2012-11-23,67.14332580566406,67.21841780696444,66.63434768833862,66.66772403310108,20093300
2012-11-26,67.36029052734375,67.41035187764419,66.80959021048344,67.04321833307064,31180700
2012-11-27,67.27684020996094,67.77747913004363,67.22677886430799,67.3185622419306,39942000
2012-11-28,67.84422302246094,67.84422302246094,66.44244810173224,67.01817901953326,51316900
2012-11-29,68.62018585205078,68.76203689510808,68.10286847274777,68.37821215023095,53043500
2012-11-30,68.4866943359375,68.76204440939706,68.19465927282293,68.7536987316261,35722500
2012-12-03,68.4115982055664,69.05408173132149,68.21134649372131,69.01235970698883,24959800
2012-12-04,68.49503326416016,68.68694565649588,67.96937015349833,68.4783482745986,37225000
2012-12-05,68.4115982055664,68.84548434143244,67.91931142105406,68.8204536731877,40376100
2012-12-06,68.52006530761719,68.6785949775117,68.09452489708681,68.40325129153221,31829500
2012-12-07,68.57015228271484,68.87887879261916,68.2781171332858,68.8371567573198,24123400
2012-12-10,68.87051391601562,68.9706429532917,68.59516383792172,68.72866922095648,29173000
2012-12-11,69.59642028808594,69.72157360066295,69.18756491404872,69.34610093116054,40262100
2012-12-12,69.20428466796875,69.92186032870546,69.06243357902252,69.81338559210609,40570000
2012-12-13,68.76203155517578,69.4295392366714,68.51171219593634,69.23763324502214,33439300
2012-12-14,68.72032165527344,69.09579439444201,68.52006995210931,68.60350763127046,28508000
2012-12-17,69.6882095336914,69.69655521129472,68.85382001818995,68.98732539629584,35849400
2012-12-18,70.63941955566406,70.73119654590626,69.66317898282698,69.846745695085,53500700
2012-12-19,70.79680633544922,71.13344791295935,70.4938237788689,70.7631408934929,49010900
2012-12-20,71.1502914428711,71.20920436732956,70.56957374390392,70.81364340838249,50304600
2012-12-21,70.855712890625,70.855712890625,69.9215178285661,70.08142063721586,54923200
2012-12-24,70.5106430053711,70.67055222608424,70.28340933159109,70.6032213519918,10103000
2012-12-26,70.00566101074219,70.7042042496209,69.92150064460576,70.67053881896146,24671600
2012-12-27,69.95519256591797,70.2160917260456,69.05466282309406,70.07301840733217,35567700
2012-12-28,69.4586181640625,70.16557945914244,69.45020020003084,69.59327990446828,34262200
2012-12-31,70.96513366699219,71.0577120356509,69.3071474186844,69.56805301264397,67461100
2013-01-02,73.05230712890625,73.14488544790674,72.41267685790929,72.66515792889129,116410600
2013-01-03,72.88400268554688,73.45630228071852,72.69043444629764,73.09440685405077,45872900
2013-01-04,73.42265319824219,73.59098042315584,72.93452029856029,73.22908491587533,29852500
2013-01-07,73.14492797851562,73.27958334379755,72.90085830660053,73.05234960568481,23693400
2013-01-08,73.09439086914062,73.22905258962645,72.70724805428024,73.11963833647566,23760000
2013-01-09,73.44789123535156,73.51522211666197,73.18699209655657,73.23748704702625,27425500
2013-01-10,73.61622619628906,73.80138292889131,73.17858184267882,73.7340520404856,39753000
2013-01-11,73.50680541992188,73.6751326261031,73.22065880095334,73.55730679228942,27322400
2013-01-14,73.54888153076172,73.65828938815662,73.26273494017858,73.35531328913801,24351900
2013-01-15,73.86871337890625,73.96970971969454,73.02709646875292,73.07759784966078,34704100
2013-01-16,73.64989471435547,73.85188096697581,73.47315594068426,73.70038967225375,20881400
2013-01-17,74.33159637451172,74.49150562308036,73.9192059356537,73.98653682147487,34219400
2013-01-18,74.54197692871094,74.584060324255,74.15483408959909,74.3484022986427,23256900
2013-01-22,75.08061981201172,75.1227032124937,74.38207645857348,74.60089858323403,31589000
2013-01-23,74.90388488769531,75.1479544966165,74.82814246821583,75.10587109399965,32818900
2013-01-24,75.14796447753906,75.61926782852149,74.84498191732848,75.03013863979345,39814600
2013-01-25,75.69503784179688,75.69503784179688,75.14798548730441,75.51829903576609,34620300
2013-01-28,75.74552917480469,75.9391039079482,75.22372432891926,75.75394714260085,42633600
2013-01-29,75.7875747680664,75.88015310453532,75.45092685554536,75.71182593776236,37055100
2013-01-30,74.87864685058594,75.76234062766973,74.64299517669693,75.72026364077614,39299300
2013-01-31,75.39204406738281,75.47620447387429,74.70191846050885,74.7944968339577,36924200
2013-02-01,76.0569076538086,76.33463630003139,75.61926335007813,75.7118417058278,33925100
2013-02-04,75.13954162597656,75.89699797725176,75.03013376119142,75.59401543674169,27006300
2013-02-05,75.8128433227539,76.06532451159565,75.40044646523377,75.50144279338645,26551000
2013-02-06,76.13264465332031,76.18313959975757,75.38360631638088,75.45093719231438,24297800
2013-02-07,75.88018798828125,76.20841808810184,75.36680113040232,76.07375629277657,30206500
2013-02-08,76.4188003540039,76.46929530221762,75.94749062691403,75.98115606606517,25189600
2013-02-11,76.33463287353516,76.37671627736005,75.96432588818497,76.34305083850532,15722100
2013-02-12,76.67129516601562,76.78912101350832,76.31781762353751,76.36831258074092,19792700
2013-02-13,76.99110412597656,77.05001704240891,76.57029574545227,76.74703449474931,22591300
2013-02-14,77.1846694946289,77.32774279760267,76.72178414600332,76.73861365534243,22359300
2013-02-15,77.20992279052734,77.45399243101609,76.98268908167317,77.15100987185949,29339100
2013-02-19,77.89163970947266,77.900051254582,77.31934001172482,77.32775155683414,21162300
2013-02-20,76.4440689086914,78.0010589778949,76.368320044456,77.95897556209437,41753800
2013-02-21,75.70341491699219,76.4356237123001,75.2152821411457,76.39354031149114,45067400
2013-02-22,76.61236572265625,76.61236572265625,76.05690205010976,76.09056748799526,24762300
2013-02-25,74.92071533203125,77.033175033477,74.87863834991448,77.00792756000178,53492800
2013-02-26,75.21527099609375,75.56033043170117,74.72713187155202,75.24893642754743,47522800
2013-02-27,76.00642395019531,76.46089786923662,75.16480700849534,75.20689042399142,41192300
2013-02-28,76.14950561523438,76.62922702716304,75.89701795799704,75.99801430509754,31208800
2013-03-01,76.49452209472656,76.6375953566671,75.08060613778518,75.64448764380323,49278200
2013-03-04,76.69654083251953,76.73020627686877,75.9138369092239,76.30939785404375,27577000
2013-03-05,77.5886459350586,77.72330126865852,77.09208874115828,77.10050670607886,35612300
2013-03-06,77.79065704345703,77.93373038776924,77.52975783664911,77.82432249288836,28483000
2013-03-07,78.16095733642578,78.21987025770186,77.69806551138028,77.83272728631236,27907700
2013-03-08,78.88475799560547,78.90158750902191,78.20304391322874,78.77534368480194,38066100
2013-03-11,78.85948181152344,78.90156521471495,78.54808774359921,78.62383016411295,26716100
2013-03-12,78.6995849609375,78.90157118528447,78.42184988931898,78.67433748552241,21489000
2013-03-13,78.9941635131836,79.12881887955426,78.48077668552638,78.72484635941484,28662200
2013-03-14,79.78529357910156,79.79370512589918,79.00258951804165,79.13724489811243,24747300
2013-03-15,79.74315643310547,79.91989511219688,79.44017400579911,79.65899607463676,35361700
2013-03-18,79.3055419921875,79.62535401664114,78.83423228859318,78.89314519891427,36700800
2013-03-19,78.9688949584961,79.7095153284504,78.27876953482654,79.45703417600097,51516400
2013-03-20,79.70109558105469,79.73476101816676,79.33078861487304,79.41494899714044,27958600
2013-03-21,79.00254821777344,79.50751686585487,78.72481321397,79.14562149087531,37122600
2013-03-22,79.24664306640625,79.42338182855833,79.06148633814404,79.32238549831709,33429900
2013-03-25,79.2922134399414,79.94208406372945,78.72674628143102,79.43569546746522,36680500
2013-03-26,79.54540252685547,79.74795665607704,79.12341100151406,79.62135791065867,26348000
2013-03-27,79.5960464477539,79.6551250089329,78.69298476168613,79.03902093364904,28461800
2013-03-28,79.69732666015625,79.89144561187952,79.45257078149658,79.56228626955219,24160700
2013-04-01,78.62548065185547,79.73109662060068,78.24568433561066,79.56229611146487,59660300
2013-04-02,78.13594818115234,79.26688231757008,78.06842799534489,79.14872521194671,47917200
2013-04-03,76.91215515136719,78.47352858221335,76.73491952475248,78.4397684953708,65441400
2013-04-04,77.57048797607422,77.59580643822225,76.76870018660028,77.02189768624045,37706300
2013-04-05,77.41856384277344,77.43544066967002,76.31294172820748,76.39733874084902,46418300
2013-04-08,78.05999755859375,78.08531602213317,77.08098048028144,77.63800599538942,28886500
2013-04-09,77.83211517333984,78.3469453309221,77.68019797210115,78.18658649653698,36828400
2013-04-10,79.24158477783203,79.41882048305818,78.02624686876013,78.07689024102547,50119600
2013-04-11,79.35127258300781,79.81546577211424,79.12340002413298,79.19092020419914,32619000
2013-04-12,79.03056335449219,79.28376081650657,78.42289459692084,79.0812002712635,41931800
2013-04-15,76.05133056640625,78.6170403986442,75.78125618612232,78.5410785584275,100204000
2013-04-16,77.36791229248047,77.47763419246888,76.37201219496232,76.64208647026834,58061700
2013-04-17,76.02599334716797,76.81933302158767,75.30860905514906,76.7349360058936,77710600
2013-04-18,75.6040267944336,76.27077438501524,75.22423043978036,76.08509702572901,58516600
2013-04-19,76.4732894897461,76.54080966571722,75.29171216656492,75.92469932836786,44931600
2013-04-22,76.6927261352539,76.8615201345476,75.2832698409304,76.5492441528681,49190300
2013-04-23,77.90805053710938,77.93336899096406,76.68427804756293,77.30882351926348,55313200
2013-04-24,78.31318664550781,78.37226520043625,77.58736071977013,77.89119512771053,41020800
2013-04-25,78.82801818847656,79.2500097136407,78.39758502986683,78.51574214178642,36543300
2013-04-26,78.40601348876953,78.79424485399656,78.0684190375482,78.56636586281375,32405600
2013-04-29,78.97150421142578,79.14873990275758,78.54951263042231,78.75206678636144,20791400
2013-04-30,79.41880798339844,79.45256807990151,78.6339034471718,78.97993960701838,30488500
2013-05-01,77.49453735351562,79.25002395913292,77.44390042189924,79.17406212262752,120177800
2013-05-02,78.72672271728516,78.88708152641838,77.78990119701558,77.93337674251457,38830300
2013-05-03,79.97582244873047,80.57504954284676,79.6297863644652,79.78170354600726,51981000
2013-05-06,80.49066925048828,80.60038473362758,79.95895578516104,80.03491761124205,26893800
2013-05-07,81.14899444580078,81.16587127836841,80.28812788597709,80.60884565649557,29920800
2013-05-08,81.38532257080078,81.41908268075638,80.75233499706928,80.96333085497979,37669300
2013-05-09,81.1067886352539,81.45282485679807,80.81139578703399,81.27558914786613,32331100
2013-05-10,81.7228775024414,81.80727451676024,81.08144860327518,81.19960571113745,39288900
2013-05-13,81.66378784179688,81.96762220328516,81.38527193725284,81.64690457778164,22522300
2013-05-14,82.71035766601562,82.73567613300735,81.80729585518462,81.81573749054223,33539600
2013-05-15,82.87911224365234,83.27578520837595,82.44868563174542,82.54152425919469,34000200
2013-05-16,82.66815185546875,83.1829821225398,82.45715605549147,82.73567205684087,42053300
2013-05-17,83.59651947021484,83.61339629717027,82.67657464369978,83.04792922751277,35675100
2013-05-20,83.7315673828125,84.06072029557284,83.34333590722545,83.35177754165225,25027400
2013-05-21,83.74842834472656,84.01850262272413,83.45302917019406,83.72310344819164,23596700
2013-05-22,82.52466583251953,84.71902058728084,81.95919870538843,83.90036239560804,68650700
2013-05-23,82.62593841552734,82.65125687571214,81.45280254038282,81.57095964729814,44524500
2013-05-24,82.60903930664062,82.66811784876823,81.6215809143313,82.11953414575962,33332500
2013-05-28,83.680908203125,84.4826894053003,83.11544118941909,83.72310348587813,46121100
2013-05-29,82.90447998046875,83.70626151651194,82.17865384845682,83.17455437104891,40491500
2013-05-30,83.46150207519531,83.66405624982038,82.97199025069372,83.13234912677416,30620300
2013-05-31,82.54153442382812,83.57118820574625,82.5162095267049,83.03103963720339,38953700
2013-06-03,83.3264389038086,83.41927110370662,81.8916640353978,82.82848561847085,87088500
2013-06-04,82.44026947021484,83.723120949092,81.79884051123624,83.28425257026247,68206900
2013-06-05,81.38532257080078,82.46562033304932,81.14900824019423,82.3390215304865,58967500
2013-06-06,82.24617004394531,82.24617004394531,80.79452417616353,81.32623133731771,46335300
2013-06-07,82.87911224365234,83.0901079534774,82.09420794553999,82.62592125530911,44757500
2013-06-10,83.38551330566406,83.38551330566406,82.54996559642294,83.25047295056623,32136500
2013-06-11,82.48246765136719,83.10701331558383,81.7482000678548,82.44026592254886,43461300
2013-06-12,81.66378784179688,83.11543947133458,81.55406594293363,82.9888407475347,58446900
2013-06-13,83.10699462890625,83.30110708403275,81.3346318814099,81.63846623116109,47768600
2013-06-14,82.465576171875,83.25048060054087,82.22082033507822,82.94664621272962,37838400
2013-06-17,83.00574493408203,83.43617816125612,82.50779794582785,83.20829909548367,33308600
2013-06-18,83.9847640991211,84.22951998251209,82.98886373594547,83.14921615403723,40520200
2013-06-19,82.9551010131836,84.14511385510605,82.84538552647817,83.98476144208738,43193500
2013-06-20,80.76074981689453,82.88758452519876,80.42315526852295,81.62160979811566,76262300
2013-06-21,80.99708557128906,81.17432130744173,79.86614449987592,80.71856951201394,66115300
2013-06-24,79.93365478515625,80.6172791738304,79.19095182510385,80.10245530272363,58774600
2013-06-25,80.70166015625,80.8873310151956,80.06867287975307,80.67633525636329,32418400
2013-06-26,81.08146667480469,81.55409521159376,80.72699527221289,81.46125654342721,33752300
2013-06-27,82.3390121459961,82.49092940394037,81.53723055295133,81.57099065905915,40852300
2013-06-28,81.8663558959961,82.67657885176175,81.73975715060904,82.2039504040017,46135800
2013-07-01,83.19986724853516,83.6387356890831,82.40652096241587,82.41496259754592,37805800
2013-07-02,83.1405258178711,83.79323712076044,82.60648283003468,83.20834182700756,36848900
2013-07-03,83.3100357055664,83.61520119269431,82.7251341106898,82.84381532660731,19153600
2013-07-05,84.48833465576172,84.5561506645848,83.3354883749315,84.24250647424596,29427500
2013-07-08,84.827392578125,85.14103671058243,84.6748098200767,84.8782513417113,30905300
2013-07-09,85.61573791503906,85.7852714428065,85.02236410056352,85.36143115609839,36010700
2013-07-10,85.85310363769531,85.93787041757095,85.39535526561797,85.64966207253563,36061100
2013-07-11,86.86181640625,86.96353392078713,86.41254680427481,86.81942979700048,34434200
2013-07-12,87.03984832763672,87.40435126133461,86.86183616940612,86.87031478664282,28584000
2013-07-15,87.8027572631836,87.88752402891762,87.17546896871451,87.26871435120884,30786600
2013-07-16,87.36197662353516,87.87906240195832,87.15853505298386,87.83668224454273,38630800
2013-07-17,87.70105743408203,88.11641922775402,87.51456661769704,87.85364024137053,28476600
2013-07-18,88.2859115600586,88.65888652396677,87.87054999086433,87.92988735789208,32034100
2013-07-19,88.42156982421875,88.42156982421875,87.93839209441992,88.20964965382821,22806600
2013-07-22,88.6080551147461,88.80302450502398,88.26898156968755,88.56567496366999,25854900
2013-07-23,88.54869842529297,88.96406003211128,88.37068630808511,88.9301585055571,26309700
2013-07-24,87.81121826171875,88.98950008476635,87.68407136290863,88.93016270955867,31809700
2013-07-25,88.61653137207031,88.7097767561606,87.59083861436707,87.70951338188382,46093900
2013-07-26,88.26049041748047,88.30287055943217,87.61625146730202,88.12485844174245,23036800
2013-07-29,87.64171600341797,88.38767276735203,87.31112101404904,88.02316977044639,30360800
2013-07-30,87.71797943115234,88.04857430291074,87.40433532348641,87.89599155692311,26311000
2013-07-31,87.87056732177734,88.73519862147037,87.82818070813124,88.06553022305525,38330400
2013-08-01,89.06578826904297,89.30313776999357,87.94685028792668,88.73519339739194,34487100
2013-08-02,89.14209747314453,89.2438150089008,88.63348392520355,88.76911592926513,22983000
2013-08-05,89.44721984863281,89.54046519634528,88.92166221674871,89.04881555156453,14985000
2013-08-06,88.54869842529297,89.27770412468999,88.2859195571226,89.19293737372747,24689300
2013-08-07,87.92144775390625,88.44700567582996,87.70952756802325,88.26052134477722,23362200
2013-08-08,88.2859115600586,88.66736513848159,87.80273400932177,88.41306490862891,27640300
2013-08-09,88.19271087646484,88.64198066400895,87.75191324043917,88.09946547143215,27686900
2013-08-12,88.65888214111328,88.69279013020832,87.59080958741391,87.59080958741391,18960800
2013-08-13,88.54022216796875,88.73519152093455,87.97227780737728,88.73519152093455,22812900
2013-08-14,88.19271087646484,88.7013180610942,88.16728148732706,88.56569249659562,23629000
2013-08-15,86.55669403076172,87.27722147578511,86.37020320485858,87.17549744330383,50044500
2013-08-16,86.19215393066406,86.78552769672231,86.08195779333582,86.30235006799231,36059500
2013-08-19,85.31905364990234,86.36169716581003,85.26818841616533,86.15825563273117,25184600
2013-08-20,86.5482177734375,86.74318722419176,85.36994185102668,85.42080063500956,32450400
2013-08-21,86.02265167236328,86.88728325524632,85.62424065584091,86.20066386686004,41452900
2013-08-22,87.23481750488281,87.30262704073887,86.28541286270783,86.3108422470651,24006100
2013-08-23,87.45519256591797,87.5230085556891,86.84486159255519,87.47214979700512,20801100
2013-08-26,87.46368408203125,88.00619914564184,87.11613193365807,87.61626684787734,23376100
2013-08-27,85.41230773925781,86.79402492932742,85.24276772166957,86.41257120751206,47269300
2013-08-28,85.58182525634766,85.92089876071049,85.19189298988161,85.29361698137721,28927500
2013-08-29,86.43797302246094,86.76856786719615,85.45466063596459,85.52247662136881,27628600
2013-08-30,85.09020233154297,86.50583428176947,84.97152752861979,86.45496903245117,43334600
2013-09-03,85.66661071777344,86.77707684867345,84.87826739662194,86.34475787454764,37995800
2013-09-04,86.42105102539062,86.47191626882517,85.40383669877323,85.75138891519694,22580800
2013-09-05,86.55669403076172,86.91271844350855,86.33629519403148,86.48887800910752,22770200
2013-09-06,86.79402160644531,87.21786193325374,85.3953472345195,87.0568005395337,36792000
2013-09-09,88.1079330444336,88.18422120228294,87.08224018495302,87.09071233540934,27358500
2013-09-10,88.97254943847656,88.98950667109887,88.32831041190519,88.65043315883554,25126300
2013-09-11,89.01493835449219,89.19295049789336,88.60804883579698,88.82844759456061,26412500
2013-09-12,88.36227416992188,89.02346437906318,88.33684477223082,88.93022540996041,32707600
2013-09-13,88.84539794921875,88.86235518220107,88.24354552413602,88.65890719015013,29478700
2013-09-16,89.04037475585938,89.92196339312017,88.87931336553298,89.89653400881389,28755900
2013-09-17,89.9219741821289,89.9219741821289,89.04038543909343,89.05733620823473,28901400
2013-09-18,90.77812957763672,91.21892719497384,89.22687870037946,89.89654727754439,46237100
2013-09-19,90.68489074707031,91.06634450298117,90.37972515542523,91.00700710834411,34775900
2013-09-20,90.3542709350586,90.93917261137575,90.32036940269178,90.90526461171929,49522500
2013-09-23,90.36275482177734,90.59163221598428,89.68461419096761,90.46447882667931,47759700
2013-09-24,90.66277313232422,91.30022584645616,89.91483094883097,90.4842871505078,45267000
2013-09-25,90.4927749633789,91.35121297388457,90.37378432641813,90.74775212065056,37106600
2013-09-26,90.99422454833984,91.3427017213867,90.39927142911675,90.73074623618429,29490600
2013-09-27,90.58629608154297,90.98576754904012,90.27181702565035,90.42480596034063,30296400
2013-09-30,90.61175537109375,90.8072371878169,89.44733971571138,89.6088297695717,45771700
2013-10-01,91.66571807861328,91.7337146052242,90.47580480094516,90.56929840390873,39344400
2013-10-02,91.29170989990234,91.58068528382825,90.81574090799083,91.01972391337986,30622900
2013-10-03,90.35680389404297,91.24924037240463,89.75334937881465,91.12174852056654,57799200
2013-10-04,90.96026611328125,91.21524983855363,90.22082498210123,90.38230862256862,25902800
2013-10-07,89.89781951904297,90.65426929599256,89.85532656641898,90.0848066671988,32924200
2013-10-08,88.44444274902344,90.11881968798,88.32545208697113,89.95732958183552,61365000
2013-10-09,88.08747863769531,88.69943437410315,87.54351942411174,88.6484402242376,52604900
2013-10-10,90.2123031616211,90.35679088012499,89.17537909329147,89.25187678717849,53157800
2013-10-11,91.521240234375,91.56373968923579,89.94885767212193,89.95735237548898,43197100
2013-10-14,91.98018646240234,92.09067594192655,90.88376691510543,90.99425639462964,38774800
2013-10-15,91.07923126220703,91.98866338543348,90.87524175988287,91.7846738831093,42263500
2013-10-16,92.20966339111328,92.3031569799515,91.4872182374127,91.7167048589264,34333600
2013-10-17,93.01709747314453,93.03409335815687,91.7676891783577,91.79318624812821,38967200
2013-10-18,94.07952880859375,94.14751884051728,93.34858246825188,93.6800573802087,39496400
2013-10-21,93.89254760742188,94.41100973030683,93.72255630553042,94.21552135425794,29198900
2013-10-22,94.13899993896484,94.75945015948507,93.8075251122205,94.30048351833834,38112600
2013-10-23,93.82452392578125,93.96051692792635,93.29756076922388,93.69703210739604,32275300
2013-10-24,94.32601165771484,94.56399298156794,93.77355130762461,93.89254196955116,24711800
2013-10-25,94.41098022460938,94.72545268694441,93.97751064588722,94.54696673911836,21321900
2013-10-28,94.36849975585938,94.58948518141233,93.88403594739998,94.45349215507069,22512200
2013-10-29,94.64048767089844,94.86997430196354,93.9435395606909,94.62349178335897,30026900
2013-10-30,93.3486099243164,94.7510076867304,93.08512496678588,94.68301115030275,46076600
2013-10-31,92.80463409423828,93.64607000821321,92.54965037024323,93.297592684387,47370000
2013-11-01,92.4051742553711,93.17861374240726,91.72522189543282,92.9916330037052,117030400
2013-11-04,93.4675521850586,93.62054107048725,92.49862473884482,92.84709545956923,31960000
2013-11-05,93.14459991455078,93.43358188882233,92.52414948793235,93.11060813828844,26643500
2013-11-06,92.74512481689453,93.80754603301524,92.5666388307268,93.7905436622348,31773400
2013-11-07,91.18124389648438,93.33158355324987,91.06225323058071,93.17009992638344,60459700
2013-11-08,92.83863830566406,93.03412022001568,91.27475056832169,91.31725001987947,48147500
2013-11-11,92.96611785888672,93.15310505880042,92.3371662192269,92.67714235684224,19897700
2013-11-12,93.0426254272461,93.07662369306007,92.36267307997893,92.70264925361252,28075100
2013-11-13,93.93502044677734,93.96052399997654,92.32014557402998,92.35414382712517,36465900
2013-11-14,93.8415298461914,94.00301343672349,93.27206723377772,93.89252398167486,33226800
2013-11-15,94.19853973388672,94.33452631149164,93.62908337643547,94.00305132822862,27518500
2013-11-18,93.53559112548828,94.70000093531716,93.28060737258079,94.61500851251674,35509600
2013-11-19,92.95764923095703,94.07956626062698,92.63466889160031,93.58660104703527,36081300
2013-11-20,92.92359924316406,93.66304016751315,92.51562669374441,93.43356006656087,43376700
2013-11-21,94.59798431396484,94.64897845548421,93.22108413240346,93.33157360053019,45585000
2013-11-22,95.06546020507812,95.16745498813872,94.42800740108632,94.58949751980592,28786400
2013-11-25,95.1844482421875,95.43093076438362,94.87847038597889,95.30343891021252,22968600
2013-11-26,95.8899154663086,96.05990031396271,95.10797479188957,95.18446602798204,30760700
2013-11-27,96.42534637451172,96.52734114503907,95.73689950583932,95.90688430554712,29099600
2013-11-29,96.47635650634766,97.02881688658006,96.42535587380745,96.84182969777785,15675500
2013-12-02,95.50743103027344,96.6888430405442,95.24394612872378,96.6378424068059,43155200
2013-12-03,95.0484848022461,95.70293363554616,94.57251552988485,95.30346208809392,36930700
2013-12-04,94.7934799194336,95.54992338930126,93.80755629496217,94.60649272742042,40609500
2013-12-05,94.86148834228516,95.20995921106997,94.47051802107259,94.75949354716214,37926700
2013-12-06,95.6009292602539,96.12788611988216,95.35444671950611,95.71991993723485,36471900
2013-12-09,95.5754165649414,95.94939093371218,95.09945390250948,95.72840548993808,31236500
2013-12-10,94.7084732055664,95.68590198059803,94.54698311239909,95.38842534937211,34938800
2013-12-11,93.15309143066406,94.81047242737728,92.91511011450122,94.79347005650592,47181600
2013-12-12,93.35707092285156,93.70554818285098,92.94910482058876,93.23808026931621,37706200
2013-12-13,93.6630630493164,93.94354384028215,93.00011316849213,93.53557767570041,32980300
2013-12-16,94.7764663696289,94.8274605090369,93.62055165668514,94.02002304072506,33991200
2013-12-17,94.64048767089844,94.80197778279573,94.02003726588092,94.72548007760571,32399800
2013-12-18,95.94088745117188,95.95788982271169,93.7990490369931,94.79347378341521,52979000
2013-12-19,95.2269287109375,95.91537550795596,95.09943688217385,95.80488604809614,32871100
2013-12-20,96.83333587646484,97.07981841822313,95.26944821122399,95.27794939804478,48770500
2013-12-23,97.931396484375,97.96552564938553,97.22323095672006,97.41947202816242,37049100
2013-12-24,98.30679321289062,98.4945003321504,98.00817120928257,98.04230036819084,17371200
2013-12-26,98.31536102294922,98.94673440673152,98.20443959089071,98.65663971074049,19670000
2013-12-27,98.255615234375,98.7504718278473,97.93139143821779,98.52010811273712,20069700
2013-12-30,98.19590759277344,98.43481179216641,97.99113907419614,98.21297543318128,28917400
2013-12-31,98.42630004882812,98.72492222851095,98.26418807579661,98.42630004882812,38357200
2014-01-02,97.35973358154297,98.22147697278143,96.95872408731897,98.19587522060976,44247700
2014-01-03,97.85462188720703,98.03379514180898,97.35975870241688,97.71810521162077,26468000
2014-01-06,97.0611343383789,98.34947625931791,97.01847125088896,98.30681968130119,36198000
2014-01-07,97.87168884277344,98.25563713282487,97.35976429884528,97.42802264056203,28545300
2014-01-08,97.99966430664062,98.1873714776435,97.32562787870906,97.93140597000807,30763600
2014-01-09,98.0252456665039,98.45185044580263,97.40240633403226,98.33240162835678,29872800
2014-01-10,98.56278991699219,98.57132383735795,97.60719913919385,98.05086535610394,29174600
2014-01-13,97.21471405029297,98.53718516259435,96.63453120137851,98.37507974812189,45370800
2014-01-14,98.4092025756836,98.55425317026533,97.41948271965025,97.64131906182818,39125300
2014-01-15,99.14297485351562,99.21976711943319,98.59692110944847,98.66517945482539,31644100
2014-01-16,99.26240539550781,99.29653456190158,98.82727317030124,99.01498033073054,23091900
2014-01-17,98.91260528564453,99.33921015507119,98.70783677097236,99.23682264299825,28722300
2014-01-21,99.50129699707031,99.71459937799482,98.78459761223851,99.59515056543486,29828700
2014-01-22,100.00470733642578,100.1412240118544,99.39892923552632,99.56104116022948,24011500
2014-01-23,99.33063507080078,99.63779097025548,98.68220062481511,99.58660049017004,36057500
2014-01-24,96.79661560058594,98.75046614538954,96.60038106001973,98.70780957588346,53591900
2014-01-27,95.38028717041016,97.12936267342215,94.834233631868,97.07817218839371,60368200
2014-01-28,96.38706970214844,96.40413102646662,95.3802823211221,95.49973111976324,43722200
2014-01-29,94.9963607788086,96.05434544802696,94.72333394695586,95.45709477808632,61904600
2014-01-30,96.4126968383789,96.96728444952092,95.59361630124276,95.84104789727454,40851600
2014-01-31,95.69599914550781,96.41269213951996,94.85131689038515,94.91957522585483,49293400
2014-02-03,92.70124053955078,95.73013124310422,92.27463566501025,95.44857697310756,91686000
2014-02-04,93.40087127685547,93.8104083067394,92.48793711545846,93.16197359117756,53138100
2014-02-05,92.70124053955078,93.1278454140913,91.5238069197557,92.83775071447737,60644600
2014-02-06,93.43500518798828,93.82748090715323,92.87188360648592,92.89747885846802,57611700
2014-02-07,94.49299621582031,94.56978198210236,93.42648384318126,93.82749353680953,44068600
2014-02-10,94.74041748046875,94.78307406501267,93.81894932926052,94.52711502932652,38211600
2014-02-11,95.5850830078125,95.84957593553963,94.59536312667409,94.80866555470526,44394100
2014-02-12,95.96051025390625,96.4212443414777,95.53390534054095,95.73013995538334,42307500
2014-02-13,97.18058776855469,97.32563185772382,95.01343431291993,95.03049564303895,42082400
2014-02-14,97.31708526611328,97.44506800849854,96.53213399337697,96.9587387950127,32428200
2014-02-18,98.33238983154297,98.50302911900215,97.38532681435997,97.60716309563415,33630400
2014-02-19,97.32563018798828,98.66516915618773,97.24884443955969,98.03379580103902,44024300
2014-02-20,98.37505340576172,98.57982185364284,97.18909277634822,97.43651779157412,35919600
2014-02-21,98.68223571777344,99.06617747389204,98.460399376063,98.64810654908928,34814100
2014-02-24,99.40745544433594,100.0900192401143,98.76754822421525,98.83580004716208,43102800
2014-02-25,99.50982666015625,100.0302850021622,99.12588496958172,99.53542841440381,28474200
2014-02-26,100.1241455078125,100.77258662808204,99.33919423612828,99.57809188320846,40794800
2014-02-27,100.67021179199219,100.72993621127274,99.62076749470887,99.79140683280379,29906200
2014-02-28,100.2691650390625,101.28448630014671,99.6548597438262,100.64457925515504,47362700
2014-03-03,99.73167419433594,100.0473641042154,98.6139716501385,99.41598428445647,50892800
2014-03-04,102.24007415771484,102.8799811463369,100.83227748085221,100.84933880304844,112793900
2014-03-05,102.18037414550781,102.35101344606578,101.93294260306833,102.26569379578679,34691300
2014-03-06,102.16332244873047,102.59846119620676,101.89029561902385,102.48754628426983,35087600
2014-03-07,102.12918853759766,102.78616358790549,101.55753965655676,102.73497309392356,36931800
2014-03-10,101.78790283203125,102.02680046665908,101.0967986638895,101.8390933224594,32089000
2014-03-11,100.72993469238281,102.223051661356,100.26067326496099,101.88177299031227,50359500
2014-03-12,101.03709411621094,101.05416195602358,99.75727952815379,100.15828914059414,37159100
2014-03-13,99.86819458007812,101.49782166652936,99.29653915339013,101.40396808197491,53542800
2014-03-14,100.28626251220703,100.56782325749275,99.50131120062838,99.50983861026273,46888100
2014-03-17,100.72993469238281,101.61727355793798,100.57635668662377,100.86645136837902,41561600
2014-03-18,102.19744873046875,102.28276839181677,100.76405628761418,100.86644378691555,41606600
2014-03-19,101.53192901611328,102.16330221423365,100.7640391754416,102.1121117280128,47423000
2014-03-20,101.66844940185547,101.99266667564407,100.81523988291197,101.30156904833088,33212900
2014-03-21,101.1991958618164,102.60699306888549,101.15653277605225,102.14625908241891,47110800
2014-03-24,100.04739379882812,101.7282183282604,99.13445947439979,101.59170162093753,66747000
2014-03-25,100.02342224121094,101.20388959441445,99.34764532392278,100.6564259065854,47699700
2014-03-26,98.10728454589844,100.66496668878905,98.07306725478152,100.62219344332267,69052500
2014-03-27,97.85923767089844,98.6975386633684,97.25189529129355,98.12441358312918,65234900
2014-03-28,97.76508331298828,99.22783772386772,97.49990755920435,97.92761375628999,50558000
2014-03-31,99.51870727539062,99.80955097796776,98.05595238725594,98.40667471591061,44599200
2014-04-01,100.82748413085938,100.99000808476343,99.7325505357766,99.7667678224617,47906600
2014-04-02,101.28084564208984,101.34928021132727,100.69060890340656,101.1867497409583,33856500
2014-04-03,100.25436401367188,101.31508044138239,99.80955228929197,101.28086315084842,38473500
2014-04-04,97.93618774414062,101.04133969058653,97.53414277384088,100.90447054057799,86345900
2014-04-07,96.50767517089844,97.72235982257844,95.8746715043765,97.47428931884966,68537700
2014-04-08,97.18341827392578,97.68810853514637,95.97728347129946,96.49908563787514,60087900
2014-04-09,98.58629608154297,98.58629608154297,97.08932412368873,97.51703039736137,42744900
2014-04-10,95.7719955444336,98.46654658559444,95.29296656868244,98.45799063209023,74860200
2014-04-11,94.44609832763672,96.01149826039946,93.97561883679467,94.98500585928164,70998200
2014-04-14,94.71131896972656,95.78058511321375,93.79602741195283,95.42131325530988,62657700
2014-04-15,95.07915496826172,95.56674011061041,92.94917845445248,94.97650306018924,76968000
2014-04-16,96.11418151855469,96.18261610799966,95.14756741620057,95.74635375813999,49353800
2014-04-17,96.59321594238281,97.01237293123907,95.56672314897754,95.79768174329503,50275100
2014-04-21,97.04657745361328,97.11501204244294,96.04574606553543,96.77284562457622,31970700
2014-04-22,98.04740905761719,98.38956892718082,97.0636831169188,97.20054575948802,40541900
2014-04-23,97.4315185546875,98.17572350874524,97.32031071463258,97.92765954158045,33859500
2014-04-24,97.18341827392578,98.09015346935514,96.38788435818579,98.02171890049414,44318900
2014-04-25,95.47261810302734,96.84127720570476,95.13045169578764,96.80705991235264,58386300
2014-04-28,94.91661071777344,96.26816461078869,93.51373414126823,95.81479683654132,66050100
2014-04-29,95.15611267089844,95.78912280607337,94.86527546793809,95.31008722725431,34487600
2014-04-30,95.78910827636719,95.85753632614927,94.05261517175414,94.84814917120924,43929700
2014-05-01,95.75491333007812,96.46490101197082,94.55733407468476,95.5923828055779,78690900
2014-05-02,95.83190155029297,96.76430496027679,95.53250835489713,95.88322423342306,43450300
2014-05-05,95.7121353149414,95.96020580399154,94.54877341346288,95.05347034671153,28108400
2014-05-06,94.1552963256836,95.55817293996917,94.0868617283325,95.30155298932614,45354700
2014-05-07,94.21514129638672,94.48031710850125,92.75238656374573,94.2921318224626,64243800
2014-05-08,93.26567840576172,95.15614035382325,92.9748411181907,94.12109140631173,58520300
2014-05-09,94.12106323242188,94.14672457055167,92.62409092955814,92.97481328741553,48409900
2014-05-12,96.25956726074219,96.69582946164991,94.53163688805034,94.67705544625977,76291700
2014-05-13,95.3186264038086,96.53331073109118,95.24163587604211,96.13126576436012,58122800
2014-05-14,93.77034759521484,95.05346671461487,93.59926113019272,95.03635480497199,65720700
2014-05-15,93.13734436035156,93.4196321538289,91.90555435239172,93.29987488258672,75870500
2014-05-16,93.72758483886719,93.77035809148092,92.41024827900553,93.18012114207819,44666200
2014-05-19,94.7369613647461,94.98503184357277,93.19721581557404,93.47094763250671,35336900
2014-05-20,93.29131317138672,94.53166558455796,92.74384952911852,94.50600424605811,89567900
2014-05-21,93.77034759521484,94.2066033968883,92.85505621776075,93.79600893339783,55278500
2014-05-22,94.74549865722656,94.99356908719004,93.77032884359359,94.06116598654938,41295000
2014-05-23,95.78056335449219,95.82333007474668,94.53166156576935,94.68563611650401,42643800
2014-05-27,97.15779113769531,97.38019377535056,96.3622569419602,96.41357962352956,46373900
2014-05-28,96.65309143066406,97.05513649497068,96.25960232180363,96.94393517929767,37055400
2014-05-29,96.97813415527344,97.16631945556769,96.40500272171906,96.94391686623433,25556800
2014-05-30,96.54187774658203,97.02946272403827,96.09705948831402,96.94392275938087,38856000
2014-06-02,96.02007293701172,96.7471724067797,95.25875617703008,96.72151107068966,40369700
2014-06-03,95.78910827636719,96.11416272324333,95.04489694581873,95.4982645912419,31143700
2014-06-04,96.16548919677734,96.29380240040086,95.08767394941327,95.36140573821248,28835500
2014-06-05,98.18424987792969,98.26978982630864,95.88318806674145,96.42210214146033,67182000
2014-06-06,99.12523651123047,99.43318565250672,98.46657150289522,98.60343416219467,45854000
2014-06-09,99.99774932861328,100.49389027775693,98.93703937197748,99.1252246902874,44025700
2014-06-10,99.80097961425781,99.9378487534624,99.19363749316692,99.76676232945667,39799900
2014-06-11,99.31340026855469,99.51014803556994,98.71461406682154,99.24496569513371,30144700
2014-06-12,98.7060546875,99.15942229968736,98.29546031378612,99.0396650634975,39481200
2014-06-13,98.87715911865234,99.15089747074484,98.08163150643924,98.94559370667547,33779400
2014-06-16,99.35618591308594,99.35618591308594,98.457999972068,98.79161040129615,30051100
2014-06-17,100.05760955810547,100.4682039378135,99.03966650935098,99.26207560535616,62573000
2014-06-18,100.7333984375,100.77616515548245,99.65557663961847,99.9977430148819,37448900
2014-06-19,100.81893920898438,101.13544425074267,100.16882374339369,101.08411505195863,30915900
2014-06-20,101.15254211425781,101.19531535568508,100.56230531921945,100.82748766876384,30104400
2014-06-23,100.95579528808594,101.4091694621172,100.67351408136965,101.36639622028846,21388700
2014-06-24,99.87798309326172,101.71712160065634,99.78388717942195,100.71628383765888,41788300
2014-06-25,100.724853515625,100.75907080952719,99.27065441933028,99.2792038480947,34620800
2014-06-26,100.55375671386719,100.78471525113329,99.73255485045782,100.75905391657932,28018300
2014-06-27,101.22953033447266,101.37495544561548,100.10894184622296,100.13460318163622,38525100
2014-06-30,101.63159942626953,101.69147806519322,100.7932984813378,101.07558629038472,34195600
2014-07-01,102.66661834716797,103.47926424058815,101.96518026961428,102.01650946396815,65733200
2014-07-02,102.27076721191406,103.00924683702068,102.09044170596971,102.6657668751258,30796700
2014-07-03,102.8890380859375,102.96632419544738,102.39958123016125,102.68295271280431,15933900
2014-07-07,101.12869262695312,102.5884807334034,101.06858412883273,102.56272088439965,32279000
2014-07-08,99.90079498291016,101.0686233001534,99.35122948671776,100.90547534278652,52537600
2014-07-09,100.02957153320312,100.54478821607316,99.625983057032,100.1841371931977,27891700
2014-07-10,98.96479797363281,99.6517579770645,97.86566720921103,98.00305527909569,50834300
2014-07-11,98.8359603881836,99.07639434670834,98.32933262576844,98.90465767671468,33923700
2014-07-14,99.3426284790039,100.00382208975664,99.09360563691004,99.96947343381235,28823400
2014-07-15,98.36373138427734,99.60883925442269,97.77981723693931,99.23101052634003,49534700
2014-07-16,98.09748077392578,98.82737144735168,97.73682983665661,98.79302935446948,63433000
2014-07-17,96.58618927001953,98.1232503045739,96.34574873677323,97.47922790245288,62221500
2014-07-18,98.08895874023438,98.27786657238734,96.56906141948444,96.76656460713541,46164100
2014-07-21,97.69391632080078,97.88283063459191,97.04131157485853,97.47065990571635,32720500
2014-07-22,98.51829528808594,98.96481478021087,98.05459818972318,98.29503226635485,31326500
2014-07-23,98.63849639892578,99.12795327627386,98.32936504993371,98.75871341782978,26417600
2014-07-24,98.44098663330078,99.30827211237978,98.18337500938875,98.93903227881829,31905100
2014-07-25,97.5479507446289,97.90001956129947,97.21305953192763,97.6939276216861,46514500
2014-07-28,97.05848693847656,97.78837782310177,96.37153350937939,97.77120677169209,37373400
2014-07-29,97.32467651367188,97.98587661207308,97.05848264491419,97.36761396730049,30574500
2014-07-30,97.71110534667969,98.15762478038899,97.29892801827879,98.04599655979575,30219000
2014-07-31,95.47850036621094,97.02415069285658,95.35828333696082,96.7150193172601,61507700
2014-08-01,95.04054260253906,95.91641027639618,94.33641163294088,95.45271986462997,67805300
2014-08-04,95.882080078125,96.00229709629545,94.36218319629897,95.45273171284879,34646200
2014-08-05,95.6416244506836,96.3715217979448,94.93749350440952,95.40977925248029,44375000
2014-08-06,95.94219207763672,96.5776258469888,94.99762039859613,95.03196905522819,33658300
2014-08-07,95.47850036621094,96.62056214408692,95.11784272712387,96.25132225386538,40852200
2014-08-08,96.40584564208984,96.517480371224,95.30671525615713,95.59867545004582,32667200
2014-08-11,97.32467651367188,98.08033376898754,96.70642042023489,96.93826563635682,31000700
2014-08-12,96.65491485595703,97.43633213018897,96.2083953787795,96.98122385018004,31188400
2014-08-13,97.41051483154297,97.59084027664511,96.77507482346897,96.96398906633783,23122900
2014-08-14,97.55651092529297,97.65955686486784,97.23020861030756,97.4792248327782,20882100
2014-08-15,97.36761474609375,98.27783111854731,96.39728986888073,98.27783111854731,53713800
2014-08-18,98.78448486328125,98.87035323666922,97.96871893775321,98.3207877853819,33287300
2014-08-19,99.12794494628906,99.37696776490309,98.8016360212535,98.86174452565443,22692600
2014-08-20,98.70719146728516,98.93904326481749,98.24350097489341,98.62132310022507,26266900
2014-08-21,98.92189025878906,99.09363358695185,97.75406183263443,98.64710748506668,33018200
2014-08-22,98.930419921875,99.29107086841057,98.41520334806215,98.78444309370596,30100100
2014-08-25,99.39414978027344,99.96089278543307,99.0249099121248,99.57447531336886,27808600
2014-08-26,100.29578399658203,100.39882341472956,99.43708723822546,99.50577799987836,34831700
2014-08-27,100.04674530029297,100.41598510994183,99.85783099517002,100.37304765829195,19070100
2014-08-28,99.53150939941406,99.80629200339062,99.18802950660987,99.6345487813215,22817800
2014-08-29,100.08968353271484,100.30435770401962,99.30827295586005,99.74621009969583,26231100
2014-09-02,100.63925170898438,100.89686334230764,100.0381666330114,100.45034393606143,38816400
2014-09-03,100.00381469726562,101.15447165666322,99.84066023142508,101.12012300325806,33266600
2014-09-04,99.61742401123047,100.88829168824282,99.36840113704926,100.27861770718003,26523500
2014-09-05,99.93511962890625,99.96946828308079,98.89609740763626,99.41990291896006,26935300
2014-09-08,100.08968353271484,100.29577545412921,99.46283862125293,99.83207845795059,20347300
2014-09-09,98.90470123291016,99.94372361201052,98.75013554131375,99.91796375530059,36390100
2014-09-10,99.48860168457031,99.5487101924222,98.5010991544297,98.88751660605134,23060600
2014-09-11,100.13262939453125,100.23567536389005,98.87034411306536,98.89610396757098,27075600
2014-09-12,99.06782531738281,100.08966977745379,98.72434538023224,100.08108752874283,32892900
2014-09-15,97.98589324951172,99.09361291759109,97.64241321616872,99.05926425912311,41644400
2014-09-16,98.26065826416016,98.54402973196872,97.37620175978999,97.70250412944694,51365900
2014-09-17,98.51829528808594,99.15372914080355,98.05459818972318,98.31220332125545,45543000
2014-09-18,99.11936950683594,99.20523787450746,98.67285006414212,98.95621502232449,24714600
2014-09-19,97.86563873291016,99.53151199813864,97.55650747644849,99.5143343998162,52459600
2014-09-22,96.49175262451172,97.48783741136148,96.21696993662185,97.41055785133122,45800600
2014-09-23,95.59007263183594,96.70638045145333,95.47844447040737,96.0881180622088,51616800
2014-09-24,96.4554443359375,96.53294275511838,95.23274697433821,95.70633017674143,34323100
2014-09-25,94.82808685302734,96.2918858701809,94.50088796580579,96.20578159136844,49733600
2014-09-26,95.6805419921875,95.76664627553708,94.88836550509846,95.18974035082559,26473300
2014-09-29,95.60302734375,95.87856494539479,94.47504631347518,94.56115058223892,30619000
2014-09-30,94.15644073486328,95.60301459289832,94.12199771808461,95.50829793909044,55596900
2014-10-01,92.82182312011719,94.19089876630672,92.50323009112901,94.10479449530132,88621100
2014-10-02,93.70869445800781,94.09616689961749,92.08129969231327,92.81319573165025,71825900
2014-10-03,94.41476440429688,94.99167018078565,93.92396288903517,94.50086866552394,44034600
2014-10-06,93.6053695678711,94.7764059105866,93.43316104602106,94.67307685587618,35571200
2014-10-07,92.0640869140625,93.42455668949918,92.00381326929427,93.01124700442092,40271900
2014-10-08,93.82926177978516,93.88953542956574,91.06527314955807,91.8574429950558,51589200
2014-10-09,91.29774475097656,93.76897724374926,91.28052652561043,93.760364846399,60783400
2014-10-10,90.18699645996094,92.03826802725227,90.05783675632007,91.07388301864727,66579500
2014-10-13,89.82533264160156,91.36662317204998,89.4292477978663,90.27307872646159,72054300
2014-10-14,90.87584686279297,92.1243753778291,90.29032854685826,90.60892161721567,70034800
2014-10-15,91.7885513305664,92.1329749808102,89.15372255947054,89.71341016994988,117497300
2014-10-16,92.82182312011719,93.4848332331269,90.36780869578766,90.54002380713321,100532300
2014-10-17,92.54627990722656,94.04451515386701,92.16741325454313,93.99285390825905,72675000
2014-10-20,93.63121032714844,93.63121032714844,92.13297500296258,92.1415874007878,34914400
2014-10-21,95.17250061035156,95.22416185838328,93.86369862864859,94.13923623370894,44748100
2014-10-22,93.81201934814453,95.62884746771697,93.73452748556588,95.40497770737828,48798300
2014-10-23,95.4738540649414,96.07659699915463,94.51808170825122,94.75057042708596,60795100
2014-10-24,95.63745880126953,95.85272273181793,95.09499606124774,95.50829912907373,41927400
2014-10-27,95.58578491210938,95.65466436807696,94.2942014997227,95.07775868718416,31133700
2014-10-28,98.30675506591797,98.34119809182869,95.83552872317748,96.0163496822071,84912900
2014-10-29,98.07424926757812,98.92669260353053,97.28207957014088,98.47033411629675,67133500
2014-10-30,98.90950012207031,99.34863393011443,97.41987042630628,97.72123869731762,59046200
2014-10-31,100.36466979980469,100.70909346062429,99.77915154721185,100.66604460885617,53133300
2014-11-03,100.19246673583984,101.06213504889068,99.79638180349374,100.52827801694492,39729600
2014-11-04,99.72747039794922,100.31298853370902,99.2624995340223,99.79635643023475,37347600
2014-11-05,99.90831756591797,100.51966648214032,99.49501440223808,100.45939283038138,31073500
2014-11-06,100.33882904052734,100.33882904052734,99.50360388243247,99.86525230290032,31720900
2014-11-07,100.49383544921875,100.49383544921875,99.62416713221157,100.21829781810122,28657700
2014-11-10,100.99324035644531,101.01045858275415,100.27856243193608,100.46799576800693,29371800
2014-11-11,101.06214904785156,101.1224227074416,100.63162103096951,100.84688503941054,23536800
2014-11-12,101.51848602294922,101.67347633871357,100.4507786084252,100.47660923283013,34594700
2014-11-13,100.65742492675781,101.81984894973782,100.41633035243122,101.5529237523526,25135200
2014-11-14,100.47661590576172,100.92436208696438,100.20107827825196,100.69187988254545,23321400
2014-11-17,99.64138793945312,100.68326477068801,99.60694491577573,100.39050235409765,29847300
2014-11-18,100.21826171875,100.8468352032795,99.66718665501621,100.0202226076788,33717200
2014-11-19,99.15058898925781,100.09774917294118,98.47896643299752,100.09774917294118,38258700
2014-11-20,100.26134490966797,100.27856313609772,98.69422353117018,98.69422353117018,26555000
2014-11-21,100.38188934326172,101.70791609796201,100.02024747452562,101.67347307674888,43240400
2014-11-24,101.57875061035156,101.64763664884428,100.38188361121092,100.51964911886216,24573200
2014-11-25,101.65625,102.27621125364797,101.19989145754656,101.79402208718165,26745900
2014-11-26,101.9920654296875,102.03512085102952,101.46682082212276,101.66486656322706,14640700
2014-11-28,100.47661590576172,102.05234322312386,100.37328683194485,102.01790676785346,21110700
2014-12-01,98.90950012207031,100.28718833907614,98.85783229751436,100.15802863168967,36244100
2014-12-02,100.09773254394531,100.43354376628794,99.00419461440235,99.01280044211995,31812100
2014-12-03,101.06214904785156,101.35490494604997,99.89971814680109,100.12359455499389,29148000
2014-12-04,100.57991790771484,101.0018399461264,100.0718981793425,100.90712329010208,28631900
2014-12-05,101.337646484375,101.58735342335213,100.70907293876586,100.95877987774298,30261400
2014-12-08,100.07190704345703,101.9231783442761,99.75331402957927,100.97601170013532,32295000
2014-12-09,101.75096893310547,101.83707320484378,98.79754708407137,98.98698042349653,52645900
2014-12-10,99.58970642089844,101.74234569263496,99.50359559456201,101.3806973022896,45413600
2014-12-11,99.9858169555664,101.32906210416571,99.77055297306855,100.06330883598464,36021800
2014-12-12,98.771728515625,99.87387909480809,98.67701183435123,98.83200217013234,44816000
2014-12-15,97.77288818359375,99.6585959081446,97.43707694897506,99.24529280522978,66361200
2014-12-16,97.63510131835938,99.31415723719641,97.32512075344586,97.57482768458917,62849700
2014-12-17,100.6488265991211,100.734930877798,97.72123513875842,97.85039484144147,70379400
2014-12-18,102.14704895019531,102.24176561537512,101.14822762102816,102.00067103831182,54315600
2014-12-19,102.37954711914062,102.87896111434337,101.72514280023135,102.16428314562239,49041800
2014-12-22,103.07698059082031,103.07698059082031,102.29342329302365,102.63784032935887,27043400
2014-12-23,103.20616149902344,103.70557550153254,102.85312542400779,103.70557550153254,34533000
2014-12-24,103.50431060791016,103.77223047280697,103.07217839030143,103.3919520112907,19175400
2014-12-26,104.17842102050781,104.42905846239162,103.77221573862072,103.83271397674348,18261900
2014-12-29,104.61923217773438,104.90443448364451,104.23895364476674,104.25623603544,27692500
2014-12-30,104.005615234375,104.78345481605561,103.94511696656743,104.39453832212364,23996000
2014-12-31,103.38333892822266,104.93037342983388,103.31419617429438,104.40317147030876,35688700
2015-01-02,102.78697967529297,104.19572846977661,101.88814378281594,103.7722407010473,46133100
2015-01-05,101.41278839111328,102.59683307298194,100.9374468952469,102.18198982545545,51141900
2015-01-06,99.65834045410156,101.78443039831978,98.83729179134212,101.6547959943794,67446000
2015-01-07,100.8855972290039,100.91152410879891,99.80526661211316,100.30653500705121,32252100
2015-01-08,102.59683990478516,102.71783640952194,101.5078647683391,101.68936611925925,28361700
2015-01-09,101.611572265625,102.70918522819204,101.3868616598295,102.68325834941075,26975200
2015-01-12,101.27452087402344,101.99186203758131,100.45347218385065,101.72393554159044,27316800
2015-01-13,101.35230255126953,103.1845458013064,100.09912157059668,102.06099923022255,49991400
2015-01-14,100.94610595703125,101.20538137570645,99.86577522801258,100.23740926254763,34224200
2015-01-15,99.24349975585938,101.44737039977949,98.94100848243684,101.31773599246641,46199400
2015-01-16,100.85967254638672,101.06710079045598,98.69901112428062,98.88051248629506,41895700
2015-01-20,100.43618774414062,101.18810031519327,99.52871387612768,100.98931655716248,36444400
2015-01-21,100.11637878417969,100.9633607454562,99.64103734965241,100.08181401285823,27333500
2015-01-22,102.15606689453125,102.19063826769502,99.47684811558382,100.73867356389286,37877000
2015-01-23,102.08692932128906,102.64869599439041,101.59429879973787,102.19063684552187,28173400
2015-01-26,103.07218170166016,103.0808195987435,101.17944041770599,101.87949252270184,23006800
2015-01-27,102.57955169677734,103.06353768826972,101.65478898085321,101.86221060666215,26919100
2015-01-28,100.85105895996094,103.23642499744858,100.53127861862768,103.00307640888758,38086100
2015-01-29,102.24250793457031,102.25979032581833,100.33247730778191,101.13624367403878,39299900
2015-01-30,99.99540710449219,101.94864685929083,99.9089819671256,101.53380356240503,49739800
2015-02-02,100.9115219116211,100.98065805829754,98.85456824180633,100.35839317532167,44819100
2015-02-03,102.71783447265625,102.84747546637684,101.35229498058712,101.40415533436426,43920000
2015-02-04,102.33755493164062,103.0548894015197,102.06962847294906,102.34619282844584,28597100
2015-02-05,103.65988159179688,103.9278014647623,102.50176378494444,102.64868716084067,32337100
2015-02-06,103.54755401611328,104.42046322977525,103.14999303608322,103.79819157622678,31694900
2015-02-09,102.72650146484375,103.90190196942108,102.60550493588575,103.19320518817442,32367900
2015-02-10,103.38333892822266,103.57347161080146,102.06965297884939,103.30555168159937,28960800
2015-02-11,103.23638916015625,103.55616939048159,102.51905465540621,103.16725301328198,23794200
2015-02-12,104.41180419921875,104.50687383270875,103.57346648234282,103.85003748436142,27854600
2015-02-13,105.03407287597656,105.17235837318074,104.27352242279983,104.49823305884891,20446900
2015-02-17,105.36250305175781,105.49213746978214,104.80072972966128,105.1464368966296,16868500
2015-02-18,105.474853515625,105.48349800797044,104.68836955758155,105.06000360264751,20450200
2015-02-19,105.48348236083984,105.7686846277766,105.04270563002531,105.23284487052628,16620500
2015-02-20,105.76868438720703,105.906969868644,104.48957665298846,105.31062526912275,30331600
2015-02-23,105.8724136352539,105.89834051827653,104.80936527461698,105.52670647604914,25778200
2015-02-24,106.01068878173828,106.34775141574063,105.60448340388545,105.84647641354714,20023600
2015-02-25,106.13170623779297,106.33912791647607,105.63907562978542,105.93292245843513,17059600
2015-02-26,106.52061462402344,106.56383049263455,105.72549275457897,106.03662854589477,24379000
2015-02-27,105.94155883789062,106.61568418734406,105.91563195426792,106.33047527986275,23821700
2015-03-02,106.71074676513672,106.97866666993835,105.89833596500876,105.91562494882422,29683500
2015-03-03,106.0798110961914,106.46873403426338,105.66496787482491,106.46873403426338,23068400
2015-03-04,105.75140380859375,105.96746993167542,105.10320543934877,105.6217628159818,22822500
2015-03-05,106.06253814697266,106.23538840562011,105.36248602749133,105.89832578558728,19725600
2015-03-06,104.7229232788086,106.03660895359458,104.47228579356897,105.42298197682774,37319900
2015-03-09,105.18097686767578,105.37111609434706,104.67970851732284,104.89577462148307,17556300
2015-03-10,103.97103881835938,104.31673939926951,103.56483338259247,104.23895874670951,32440300
2015-03-11,104.61056518554688,104.69699030795579,103.60801530292375,104.11793473462045,20914500
2015-03-12,106.34774780273438,106.43417293270382,105.215556840546,105.28469958204745,41063300
2015-03-13,105.96749877929688,106.46877390382443,104.75752684188494,106.25270772192289,26371000
2015-03-16,106.58975219726562,106.80581834219133,106.20082918011008,106.39961293472052,19906300
2015-03-17,106.87493896484375,106.9786464728957,106.1057375818452,106.27859441828862,23142600
2015-03-18,107.73056030273438,108.13676563149087,106.17488172320189,106.65022978745188,40292600
2015-03-19,107.93800354003906,107.99850179726273,107.43672849800556,107.47994436480055,34008200
2015-03-20,108.888671875,109.03560183695056,108.30097180864038,108.344187666946,34165600
2015-03-23,108.79362487792969,109.17390340986638,108.7158442293875,108.85412313584548,17132400
2015-03-24,108.76771545410156,109.16527644047979,108.60350963843844,108.69857269286624,30115600
2015-03-25,106.16960144042969,108.8830051931264,106.09157673854779,108.82232225341573,42514000
2015-03-26,106.03956604003906,106.5510422075416,105.36338281346323,105.84017545617837,26899200
2015-03-27,106.71573638916016,106.828437989286,105.64077873852322,106.09156529719559,23066800
2015-03-30,108.16344451904297,108.35416416695415,107.23585891560981,107.25320067302495,20487000
2015-03-31,107.81671142578125,108.11145522443557,107.40926602204054,107.7386867288796,24507800
2015-04-01,107.86003112792969,107.86003112792969,106.54234194895321,107.69532411427177,31955200
2015-04-02,108.05941009521484,108.58822120877609,107.74732463101667,107.80800754828066,23586400
2015-04-06,108.53622436523438,108.77896269700923,107.39191297121167,107.41792561007357,22045600
2015-04-07,107.84270477294922,108.79629648709931,107.81669874835453,108.33683908207792,20214700
2015-04-08,108.77029418945312,108.9350078361209,107.82536670849511,107.82536670849511,19314400
2015-04-09,108.38018798828125,108.99569481269401,107.29655945986164,108.67493838726209,22325300
2015-04-10,108.90032958984375,109.04770147507736,108.55356715510213,108.74428682490719,14966300
2015-04-13,108.96967315673828,109.56783817139895,108.86564905954032,108.96100889126718,22819200
2015-04-14,108.94368743896484,109.2991208078237,108.17214437586732,109.004370378289,22600800
2015-04-15,109.70654296875,110.20934152482772,109.16039001671471,109.36845143365336,37282300
2015-04-16,109.6458511352539,109.87991194286738,109.36844254914716,109.63718025676677,24439900
2015-04-17,107.86869049072266,108.83962378111494,107.33987937703799,108.46685539956577,48283500
2015-04-20,108.92636108398438,109.1864280103915,108.21550090282645,108.40622061722526,24602300
2015-04-21,108.81362915039062,109.44647106151491,108.72694019907111,109.27309315887587,13844600
2015-04-22,108.97834777832031,109.1257196637067,107.90339018205587,108.81363413351004,21991300
2015-04-23,109.4725112915039,109.69790792651695,108.58827312944518,108.7789928503066,18025800
2015-04-24,109.1083984375,109.62853884953581,108.96102653331295,109.51584385467704,14992500
2015-04-27,107.90340423583984,110.01864941290587,107.53063572699533,109.41181341895627,32924600
2015-04-28,108.50154876708984,108.6835975465583,106.84576137953786,107.96406669393802,35654900
2015-04-29,107.32256317138672,108.2761548742717,107.17518467718587,107.90338642695066,26437900
2015-04-30,105.05127716064453,107.0104792583413,104.6004906336945,106.68105197524012,72393800
2015-05-01,105.73612976074219,105.90084340014796,104.81721495972705,105.34601955382479,47996200
2015-05-04,106.11756134033203,106.93244537055058,105.58875017090095,105.87482303168844,37675100
2015-05-05,104.76520538330078,106.299627091824,104.27107103617072,106.06555962458447,56891600
2015-05-06,105.12932586669922,105.32004558849854,104.23641681822524,104.9906248233557,34348300
2015-05-07,105.52806091308594,105.9615122315898,104.52245067946468,105.0165849180014,29826100
2015-05-08,106.31694793701172,106.84575911978285,106.10889313829705,106.56835051684905,26357100
2015-05-11,106.37763977050781,107.20120138320576,106.14357892909591,106.28227993520655,28406700
2015-05-12,106.18693542480469,106.55970394006852,104.78255694576669,106.0655695467136,34961600
2015-05-13,106.18693542480469,106.81110657724126,105.76215485148592,106.42100291394055,27214700
2015-05-14,107.31391143798828,107.37459437679993,106.15225810566525,106.69841116891449,23293200
2015-05-15,107.19255065917969,107.25323360087785,106.57705036082848,107.11452595474229,22055600
2015-05-18,108.40619659423828,108.5015564303058,106.77641511522508,106.975805667169,30846000
2015-05-19,108.25879669189453,108.40617516373712,107.76466246356655,108.18944950896271,23256800
2015-05-20,108.45821380615234,108.76162847446713,107.79069492191609,108.51022585959382,20838500
2015-05-21,108.33683013916016,108.77028148380658,107.91204967331059,108.34550101795702,16229300
2015-05-22,107.86869049072266,108.57087947836149,107.49592210917349,108.15476993529475,22601400
2015-05-26,106.83710479736328,107.53062971914508,106.21293369054843,107.44394075740831,44037800
2015-05-27,108.14611053466797,108.25014123844612,106.44698205661403,106.94111632516062,32086300
2015-05-28,108.05078125,108.11146419087015,107.29657331580418,107.88606757594764,18631900
2015-05-29,107.40055847167969,108.12876006704099,106.90642427316162,108.02472937800603,33468900
2015-06-01,107.73869323730469,108.27617542572112,106.65506459336022,108.09412660721178,35649400
2015-06-02,107.94673919677734,108.63159323703317,107.04516605952149,107.32257470497186,29477600
2015-06-03,109.02169799804688,109.16906988672497,107.86004480660294,108.15479519790262,30774800
2015-06-04,107.92939758300781,108.9003310908786,107.56529999778505,108.43220278961644,25820600
2015-06-05,108.70960235595703,108.81362644938113,106.90644311192023,107.6953277614149,36626500
2015-06-08,108.2068099975586,108.90033490086473,107.99008429201838,108.60558450207935,18798700
2015-06-09,107.87737274169922,108.2414702837535,107.06248209753166,108.11143355760764,23928300
2015-06-10,109.2210693359375,109.64585642103397,108.23280078691862,108.3021545902743,42563500
2015-06-11,109.49850463867188,109.69789521845888,109.15174876521604,109.37713876017347,17489400
2015-06-12,109.16905212402344,109.35977176725449,108.73560079447739,109.16038124552864,23578600
2015-06-15,108.82230377197266,109.056371223922,107.44393154094548,108.45820619554397,30618300
2015-06-16,109.59384155273438,109.7932320907938,108.64024987240566,108.69226191975032,32800900
2015-06-17,109.42914581298828,110.06198116739962,109.20374922801949,109.87126148888323,32467000
2015-06-18,110.89421081542969,111.17162607639246,109.87126518943293,109.94061900467364,39642100
2015-06-19,110.84217071533203,111.1022441497081,110.61677417980225,110.80749381648575,23310900
2015-06-22,111.6050796508789,111.691762000684,111.0935969071107,111.32766438457153,25230000
2015-06-23,111.83914184570312,111.90849566720698,111.31033053113897,111.55306229245804,23378500
2015-06-24,110.89421081542969,111.91716305537028,110.72950377166285,111.62240603362541,26436800
2015-06-25,110.8335189819336,111.32765330144854,110.31337863727734,111.26697698541435,24100900
2015-06-26,110.5301284790039,111.25832379781914,109.94063419589142,111.05027555123738,38219900
2015-06-29,107.73869323730469,110.15735316426209,107.59132132907489,109.77591376513143,49224900
2015-06-30,108.24147033691406,108.64024478039927,107.74733606847126,108.51887893298823,39631300
2015-07-01,108.56224822998047,109.36846815554162,107.5479668556691,109.03036995480853,28627700
2015-07-02,107.76042938232422,108.78771441068926,107.40349491014686,108.6571260361851,31486400
2015-07-06,107.72563934326172,108.39599011083826,106.92470680200391,107.02917886295165,27852200
2015-07-07,107.84749603271484,107.943260406718,105.80163345010433,107.84749603271484,39347100
2015-07-08,106.20207977294922,107.38606941014154,105.58396861032676,106.90725427165935,40724500
2015-07-09,106.58516693115234,107.54280411726656,106.44587086815297,107.38609936739319,29770400
2015-07-10,108.06513977050781,108.24796085257782,107.39479580291781,107.81267066422033,28735800
2015-07-13,109.28394317626953,109.37970753991101,108.60489161008488,108.622300293474,21349900
2015-07-14,109.89335632324219,110.12841008632162,109.17077306614505,109.22300575971809,21009500
2015-07-15,109.31006622314453,110.11100519015332,109.05759712552232,109.96300148327067,22238300
2015-07-16,109.96300506591797,110.3373548929335,109.66701092651094,109.78889164767868,33568400
2015-07-17,109.48418426513672,110.02393981937176,109.13595080440393,109.96299946189359,24739900
2015-07-20,108.8921890258789,109.57124061903345,108.61360358658472,109.5015925987097,23271100
2015-07-21,108.3785629272461,109.5190278813605,108.04774473342776,108.88350120360197,28118700
2015-07-22,108.77901458740234,108.90089530785649,107.84749385707362,108.02161391629461,20654200
2015-07-23,107.57762145996094,109.16207754728458,107.34256767073224,108.81384405338898,39712100
2015-07-24,105.84516143798828,107.69949520797603,105.76680575198826,107.49926544531122,39533000
2015-07-27,104.96588134765625,105.6188166649823,104.70470456392522,105.45340425915255,35627200
2015-07-28,105.86258697509766,106.04540808219996,103.89507319456482,105.27059197219405,53474800
2015-07-29,106.15857696533203,106.4981027927349,105.31411290773978,105.65363873514265,32411300
2015-07-30,106.46327209472656,106.59386047599006,105.34893030634656,105.88868587396756,29383900
2015-07-31,107.04656982421875,107.66468113795518,106.40234216007119,106.60257194122438,31812700
2015-08-03,106.5155029296875,107.22067751939113,105.74068696092745,107.1074978246728,34033200
2015-08-04,106.26300048828125,107.04652387429488,105.87124211627383,106.55029350348605,21728900
2015-08-05,106.50679779052734,107.54279054180255,106.13245461297522,106.72444287998846,25673500
2015-08-06,105.0703353881836,106.78537959058056,104.27810415073104,106.61996721309038,42225300
2015-08-07,104.36515808105469,104.85268753809211,103.65999020330437,104.59151080603634,42261400
2015-08-10,105.5665512084961,105.79289726602781,104.73949607797809,104.75691140055713,28798900
2015-08-11,104.66117095947266,105.41857161468232,104.16494042461078,104.88752371070818,33383800
2015-08-12,104.46092987060547,104.76563165167802,102.70236056127196,104.0952877333184,46500100
2015-08-13,104.11265563964844,104.98323561145048,103.93854230208726,104.55665328502694,35698300
2015-08-14,104.78302764892578,104.89620067759066,103.61644679115172,104.02562052540084,21091500
2015-08-17,105.8886947631836,105.93222644125952,104.12141756212651,104.49576741077418,22328200
2015-08-18,105.04423522949219,105.74069557077125,104.92234786171691,105.74069557077125,26360400
2015-08-19,103.95600128173828,104.90493066138626,103.37270740773357,104.3825837873231,45178900
2015-08-20,101.32681274414062,103.25950154181713,101.32681274414062,103.02444120588417,51879800
2015-08-21,100.14286041259766,101.56191068803523,99.56828081355026,100.22991712251378,79168300
2015-08-24,96.23394775390625,100.0470871003568,94.24902572035663,95.33725110208344,83809200
2015-08-25,95.49396514892578,99.3332212167696,95.38078544729237,99.28969618245013,59240200
2015-08-26,97.92285919189453,98.10568022821676,95.25887938920036,97.35698076023075,51605300
2015-08-27,99.6727294921875,100.2211992924756,97.81839597816605,98.63674352653237,49533700
2015-08-28,100.6565170288086,100.72615841896892,99.42899536945636,99.55958376926007,41601400
2015-08-31,100.29087829589844,100.96993671496452,99.90782736437697,100.2038215679164,29250900
2015-09-01,97.41792297363281,99.35061202609732,97.15674626416478,98.4713241890212,45129200
2015-09-02,99.1678237915039,99.22005649387651,97.57465994912116,98.73253355972732,26865800
2015-09-03,99.01111602783203,100.22992332609648,98.85441128348351,99.31581785239814,33334500
2015-09-04,98.2624282836914,98.98500508649015,97.74878230945839,97.9664274452176,31154600
2015-09-08,100.50846862792969,100.61294062973938,99.34189449671685,99.73365288000498,29916300
2015-09-09,99.35062408447266,101.352954746089,99.25485972217791,101.13530967578285,40963000
2015-09-10,99.80331420898438,100.36048500904292,99.01108967596358,99.02849835759046,29877900
2015-09-11,100.27345275878906,100.29086144465937,98.95017344659767,99.38546365537137,27949400
2015-09-14,99.81206512451172,100.58688131167342,99.62053633361731,100.56946598049971,22365800
2015-09-15,100.93507385253906,101.15271890973912,99.88167257273079,99.9948456113548,26745300
2015-09-16,101.80567169189453,101.87531307432523,100.80450292719001,100.9437923340526,27127800
2015-09-17,102.15387725830078,103.50327922217429,101.57929778138677,101.7882351691737,50405400
2015-09-18,100.74356842041016,101.71861425111067,100.4649829484955,100.77839243464969,42736100
2015-09-21,100.56074523925781,102.11908497361337,100.1863953964573,101.45744200080286,33021700
2015-09-22,99.0372085571289,99.8816724406686,98.419097392538,99.6379043976468,35786900
2015-09-23,98.74121856689453,99.61179888924485,98.43651678247205,99.26356543190458,25506800
2015-09-24,98.57581329345703,98.74121903893382,97.39182351804038,98.19275582435142,39810300
2015-09-25,97.2784194946289,99.45239008239236,96.85061283041618,99.37380954182844,43750300
2015-09-28,94.5544204711914,97.04269329178877,94.18772237573904,96.95538675899019,56765300
2015-09-29,93.88212585449219,95.26159142165784,93.41066268618013,94.51074341224161,49980700
2015-09-30,95.34019470214844,95.54100574102227,94.21392900158565,94.71158361150715,50834500
2015-10-01,95.17430114746094,95.75926221754476,93.79483534491547,95.48860997996653,44985900
2015-10-02,96.58869171142578,96.58869171142578,93.52419034880734,94.27503854447896,58019200
2015-10-05,98.89360046386719,99.05075486301068,97.38317836310058,97.48795018288308,45220500
2015-10-06,98.21260833740234,99.24284133598941,97.59272334026976,98.84122598549763,34140000
2015-10-07,99.9500503540039,99.96750899676064,98.33484946494487,98.74519751087612,36371000
2015-10-08,100.84928894042969,101.0588258936005,99.48728209217032,99.86270607467533,43072200
2015-10-09,101.05011749267578,101.39935027246975,100.7532739595407,101.03265885116363,26497200
2015-10-12,100.90170288085938,101.26839432816689,100.46516354042802,101.09378125641904,22984000
2015-10-13,99.52220916748047,101.53902488644984,99.46982659280017,100.50005941489168,37445300
2015-10-14,98.54438018798828,100.18576549484568,98.40468442005445,99.56588051202623,39987400
2015-10-15,100.90170288085938,100.90170288085938,98.36104738330101,98.82377801838837,42503400
2015-10-16,100.7707290649414,101.10250319158106,99.90638312760424,101.10250319158106,33685600
2015-10-19,100.96280670166016,101.46046122701718,100.09846077047393,100.31673041600001,24949500
2015-10-20,100.82312774658203,101.53905198956878,100.43023834842901,100.91043428137327,20531400
2015-10-21,99.2864761352539,101.25963517285352,99.22536091405239,101.20724593963827,34060300
2015-10-22,100.15957641601562,100.77072876157355,99.29523048128056,99.88892418599154,36882600
2015-10-23,101.14615631103516,101.32077603083674,100.1683125243911,100.97154325229478,40172500
2015-10-26,100.4564437866211,101.16364213844253,100.34294594151861,100.92790713414786,19783300
2015-10-27,99.3563461303711,100.29053995451356,98.7451871212023,100.04607235420944,38189200
2015-10-28,102.25495147705078,102.27241011535772,99.46109641268065,99.65317473935697,65529900
2015-10-29,101.16361999511719,102.24623559632238,100.89296109902006,101.9231941156534,27252000
2015-10-30,100.70086669921875,101.30329297007307,100.47387109486036,100.89294502679897,28018700
2015-11-02,102.79627227783203,103.08438981386708,100.77073019663055,100.79692148880446,33836900
2015-11-03,103.3288345336914,103.92252815365146,102.49068001040544,102.6652930381925,28626300
2015-11-04,103.27649688720703,103.89638206490538,102.75265091489068,103.59080580280943,25696000
2015-11-05,103.35505676269531,103.54713514739875,102.22878441143955,103.23282627444077,27141300
2015-11-06,104.08843994140625,104.21067042213136,102.40339784448251,103.03201555167543,35141300
2015-11-09,102.86610412597656,104.14953053088092,102.38590830745451,103.9574522034721,32983100
2015-11-10,103.17170715332031,103.17170715332031,102.11528273821183,102.4295915993587,21892200
2015-11-11,102.27242279052734,103.32011440634967,102.22004020805448,103.29392311511324,22037600
2015-11-12,100.31673431396484,101.70492611614186,100.16831254789459,101.56523700132902,39916100
2015-11-13,99.5920639038086,100.70087066432646,99.2341051837272,99.91510534573695,43883000
2015-11-16,100.44768524169922,100.48260252036668,98.97218042823381,99.49602620203099,28979100
2015-11-17,100.06354522705078,101.40808715567766,99.92384944487897,100.53500850028838,34441000
2015-11-18,101.75730895996094,101.8446154838582,99.98495388564851,100.34291929300635,35554300
2015-11-19,101.32950592041016,101.84462578732126,101.05012101903749,101.66128007026997,25512500
2015-11-20,101.98429870605469,102.46449455137669,101.60887468000122,101.69618785992189,31697700
2015-11-23,102.49070739746094,102.92724674463848,101.87082232379623,101.89701361885699,22716400
2015-11-24,103.24152374267578,103.38994547625192,101.76601907308066,102.04540390260154,24994500
2015-11-25,104.04475402832031,104.17571712392949,103.11929303185245,103.2851800636947,20772600
2015-11-27,104.43766784667969,104.68212879667342,103.7915848661976,104.1320849981262,14129300
2015-11-30,103.98365020751953,104.8305374361233,103.94000027823654,104.78688084577982,30165400
2015-12-01,104.67340087890625,104.69086618244494,103.80905486346572,104.42893991785733,27899900
2015-12-02,103.54713439941406,104.8043698821642,103.41617125978392,104.53371761170737,22238300
2015-12-03,101.80097198486328,104.2892448718076,101.39935659443206,103.83524689251281,39485400
2015-12-04,102.8311996459961,102.96216277228855,101.57396429128664,101.80096659945613,32669900
2015-12-07,101.28585052490234,102.73515754106847,100.84931122372224,102.70896624876744,29621400
2015-12-08,100.72709655761719,101.2858664179208,99.93259170749235,100.36913107717092,30946000
2015-12-09,99.6008071899414,101.4255382465398,99.18172653568905,100.43022918638412,41980400
2015-12-10,99.93257904052734,100.4738901882972,99.22538748282808,99.43492448861652,31278800
2015-12-11,97.70620727539062,98.95470299704236,97.37443321917809,98.89358777527578,52609300
2015-12-14,97.00774383544922,98.11655049862719,96.28308714777384,97.67128530013147,53400400
2015-12-15,98.40467834472656,98.62294797285196,97.43556066296497,97.54906513266886,48273900
2015-12-16,99.90638732910156,100.09846569237888,98.50946286125915,99.08569129002983,44560600
2015-12-17,98.84122467041016,100.35165353593507,98.63168767751996,100.32546224445642,41318000
2015-12-18,97.3307876586914,98.5618247983331,97.29586372167932,98.36102048683846,49876600
2015-12-21,98.06417846679688,98.33483067471002,97.34825435146172,97.93321535743036,26479300
2015-12-22,98.96345520019531,99.11187695937491,97.60145475396193,98.34357021092086,28108700
2015-12-23,100.21195983886719,100.36911425204978,99.29523131285292,99.46111171600157,29609700
2015-12-24,100.40138244628906,100.9801185169912,100.09447999514627,100.34877250894222,13370500
2015-12-28,99.9366455078125,100.02433096848218,99.05100696811348,99.94541606087101,22125500
2015-12-29,101.01518249511719,101.09410408731722,100.02432414618613,100.38384320737372,22841500
2015-12-30,99.99801635742188,101.14671116837224,99.96294083854163,100.8836548117272,21273200
2015-12-31,98.75285339355469,99.93662357775892,98.65639740099276,99.57710457094255,39517700
2016-01-04,96.4642333984375,97.1832647629694,95.64874603586114,96.99035276688048,66665900
2016-01-05,96.67465209960938,96.96402001080617,96.06084746067874,96.81495412563284,28253300
2016-01-06,95.20154571533203,96.10471856372104,94.70173129001137,95.3155361316434,35569200
2016-01-07,92.65863800048828,94.26330801224343,92.50080149621775,93.5793520570617,52482000
2016-01-08,91.0627212524414,93.37765174891204,90.89612091676645,92.83399798517713,60299300
2016-01-11,90.66813659667969,91.8782118155338,89.71234716594164,91.37839741101028,47144800
2016-01-12,90.93993377685547,92.06232318242188,89.38788114040129,91.38713810531253,53702900
2016-01-13,88.02000427246094,91.56255166811107,87.37989440181957,91.11535382094135,70591600
2016-01-14,89.23886108398438,90.06311921559721,86.97654653398068,88.4409146142087,69373400
2016-01-15,87.79199981689453,87.94106572587872,85.5033744990741,86.88005657198023,85759200
2016-01-19,86.60823059082031,88.73901963526038,85.7050578175339,88.62502922842778,51391100
2016-01-20,86.96775817871094,87.97615759694088,83.35506003938987,85.43323936096093,94385800
2016-01-21,86.76607513427734,88.48474208772902,86.26626070403029,87.09928921442277,65798200
2016-01-22,88.88809204101562,89.09853844159159,87.80077114310386,88.2567461493173,46056700
2016-01-25,86.91514587402344,88.63380610020837,86.6783878022188,88.33566754496752,35019600
2016-01-26,88.65132141113281,88.91438439201417,86.96773706540677,87.26586886643409,33349600
2016-01-27,87.43250274658203,89.08101208899792,86.86253723942619,88.20414413644173,47973900
2016-01-28,87.41495513916016,88.51980377586662,87.00282619325846,88.1690619997525,41951100
2016-01-29,90.28230285644531,90.29984395785169,87.65169960297091,87.72185062865636,42245300
2016-02-01,89.87015533447266,90.39627453823518,88.78284142136762,89.56325302310857,33615700
2016-02-02,87.93228912353516,88.97576379454851,87.48508473739093,88.85300285560217,39692700
2016-02-03,88.04630279541016,88.62503208951244,86.05580905743024,88.61626153794357,55262500
2016-02-04,88.38827514648438,89.41420884635264,87.66047328146183,87.68677824453995,51188400
2016-02-05,85.96810913085938,88.07259292486462,85.8979581100663,87.99367135398003,53366600
2016-02-08,84.55636596679688,85.06495091891618,83.24983476011928,85.06495091891618,61107700
2016-02-09,83.98639678955078,85.17016698121766,83.31997538854993,83.41643138171995,55857200
2016-02-10,84.03022766113281,85.8628778200413,83.89869617696,84.57388131709229,42756100
2016-02-11,83.1183090209961,83.65319897504706,82.10990959827848,82.49573361496341,57923200
2016-02-12,84.69666290283203,84.87204048781363,83.46905325781495,83.88118222005818,40097300
2016-02-16,86.70469665527344,86.89760866614219,85.24909940139585,85.74891384320526,38882100
2016-02-17,88.06385040283203,88.64257978364303,87.27466789266096,87.30974341422096,40940400
2016-02-18,87.64292907714844,88.24796996640971,87.28341677785595,88.13397956711601,35043600
2016-02-19,88.08136749267578,88.17782348549962,86.90636785641497,87.30095568889769,32424800
2016-02-22,89.06348419189453,89.44930826004777,88.7741161407796,88.86180160445842,28867400
2016-02-23,88.24797821044922,88.9933145307798,88.16906331663604,88.77409757244901,29857100
2016-02-24,89.09856414794922,89.28270563782725,86.78363300380774,87.35359858103347,36909600
2016-02-25,89.91404724121094,89.96665718142539,88.90564768394428,89.25639622864207,22612600
2016-02-26,90.48400115966797,90.72952310240646,90.0543310699044,90.37000405055996,27474700
2016-02-29,90.08063507080078,91.2205592352023,90.07186451931375,90.43137685063472,32014400
2016-03-01,92.01852416992188,92.01852416992188,90.3787787065057,90.86105875161972,36422700
2016-03-02,92.96552276611328,93.0269032455403,91.71160152355812,91.88697910047138,24937100
2016-03-03,93.93885040283203,93.95639150622327,92.87784110666858,92.99183820879931,28216300
2016-03-04,94.4561767578125,94.98229596765064,93.53546312311921,93.88621149300089,38180900
2016-03-07,95.48212432861328,95.56980976154763,94.00898630941929,94.00898630941929,38739900
2016-03-08,93.17599487304688,94.95603582965782,93.07076830542509,94.95603582965782,46193900
2016-03-09,93.64949035644531,93.83363180470589,93.00937387346923,93.4916538736547,25627200
2016-03-10,92.88660430908203,94.25451590665381,91.90450998597112,93.91253800726086,47051200
2016-03-11,94.87712097167969,94.99111810052814,93.52675005277949,93.64074049165558,33625000
2016-03-14,94.63160705566406,94.99989006494944,94.17563857130688,94.58776766311462,24422700
2016-03-15,93.15843200683594,94.07037530996398,92.9742905739885,94.00899483234817,34258400
2016-03-16,93.81607818603516,94.11421669818843,92.71122964385826,92.71122964385826,37952200
2016-03-17,95.254150390625,95.66627934296395,93.23735838658537,93.81608767818956,41724500
2016-03-18,96.11347961425781,96.41161145358642,95.31552670904827,95.3769071871436,36512600
2016-03-21,95.88550567626953,96.40286122765102,95.64875428155008,95.96442726782355,29903700
2016-03-22,95.77149963378906,96.18362855919982,95.11384880131749,95.38567567128193,23602100
2016-03-23,94.00106811523438,95.5050140784381,93.93071313214759,95.4610430527664,39243300
2016-03-24,94.28252410888672,94.30011789017657,92.99845318725035,93.4382037786352,30924300
2016-03-28,94.3968276977539,94.7926003956301,93.71081810940373,94.48477644060874,21096400
2016-03-29,97.01775360107422,97.0441375575838,93.90431924180156,94.14178827050803,46761100
2016-03-30,97.02654266357422,97.73014609402284,96.7890803640821,97.52785792699949,35683500
2016-03-31,97.2991943359375,97.77412568661921,97.04413823779028,97.16727455246497,28555900
2016-04-01,97.73016357421875,97.8181123412406,96.28778232286578,96.40211504898811,29981400
2016-04-04,96.91221618652344,97.90604988910142,96.83305760823207,97.5454579726142,21529400
2016-04-05,95.81285095214844,96.62199034504332,95.7248954750444,96.191036689489,32515800
2016-04-06,96.8946304321289,96.98257919635492,95.50501714315197,95.80405099359311,28157800
2016-04-07,95.58417510986328,96.63957369387138,95.10044684465758,96.19103298620125,33298400
2016-04-08,95.96232604980469,96.80664595298815,95.5401627431839,96.40207641875804,26151700
2016-04-11,95.663330078125,97.22884764612319,95.64574300884897,96.5164472043194,25842100
2016-04-12,96.69232940673828,96.9034077402401,95.3642811920851,95.68090204736744,25058700
2016-04-13,98.77672576904297,98.88226827325754,97.1936284661733,97.25519324945058,40534700
2016-04-14,98.65361785888672,99.11975227889161,98.39856178358866,98.73277643193903,25538600
2016-04-15,98.89986419677734,99.05817461225435,98.38096193552752,98.41614277341783,21176100
2016-04-18,99.6474609375,99.7266128026626,98.38977430279161,98.48651994469685,19428300
2016-04-19,99.72662353515625,100.37745243342063,99.2868730101013,99.83216607679122,23228100
2016-04-20,99.87614440917969,100.44782147558128,99.35724197248628,99.72663083013863,21422500
2016-04-21,99.37482452392578,100.19276079157196,99.08459426900154,99.79698799209119,20535700
2016-04-22,100.35986328125,100.43022497421252,99.36602953088082,99.36602953088082,29094500
2016-04-25,99.6474609375,100.18395705713462,99.21650063808218,100.08721141522938,16369600
2016-04-26,100.62369537353516,100.72923118099695,99.53310948933093,99.97285991391229,30564100
2016-04-27,100.9754867553711,101.1865717829083,100.17514450031666,100.68525658511018,24360300
2016-04-28,99.82337188720703,101.14262349805118,99.55072870151866,100.50058476168033,26126500
2016-04-29,98.9262924194336,99.7881997898013,98.25786966583937,99.3924269558657,33284500
2016-05-02,99.80577850341797,99.83216246035583,98.66242449566909,99.23410149954353,21881000
2016-05-03,98.16991424560547,98.99664070874677,97.56305634527108,98.98785052907586,37929600
2016-05-04,97.36077117919922,98.49532842779912,97.07054090960564,97.61582730889015,30767200
2016-05-05,96.97380065917969,97.91486664050504,96.83307725147503,97.75655616186799,26249200
2016-05-06,97.54547119140625,97.56305826115428,96.34055225680775,96.56922442389774,25497400
2016-05-09,97.82688903808594,98.40735614866206,97.29918312475928,97.55423919351799,23427000
2016-05-10,98.81194305419922,98.85592079135928,97.68618276753165,98.20509188376596,18635300
2016-05-11,97.58940887451172,98.74155278605676,97.51025702260037,98.592039259074,23604600
2016-05-12,97.0705337524414,98.05557063855207,96.3053654197857,97.7917243483698,34803000
2016-05-13,96.4284896850586,97.5718436759818,96.18223047718224,96.79787849687311,24510300
2016-05-16,97.65099334716797,98.08194695124932,96.63077569321173,96.67474671645105,27337000
2016-05-17,96.10305786132812,97.99398608857443,95.6633074229015,97.51905480986659,46676300
2016-05-18,96.60438537597656,97.32558262835325,95.68091336389672,95.69850043124394,35734400
2016-05-19,95.83041381835938,96.54280737456455,94.97729690237786,95.90077549824754,36995600
2016-05-20,97.43991088867188,97.43991088867188,96.06789155624296,96.12065946593339,37404500
2016-05-23,97.32560729980469,97.96763942666001,97.18488388511426,97.4223462598272,23721700
2016-05-24,99.33085632324219,99.57711555748871,97.86208438745321,97.89726523663998,41124300
2016-05-25,99.91131591796875,100.17516891165833,99.45397833364187,99.64746963433953,26202900
2016-05-26,99.79695892333984,100.28068034735617,99.60346766970981,100.06080514278727,15157200
2016-05-27,100.79081726074219,100.79081726074219,99.83216435349959,99.87613537920977,21265100
2016-05-31,101.14261627197266,101.61754762315263,100.70286576644234,100.98430582157934,32764400
2016-06-01,101.82865142822266,101.97816502704353,100.63252921753195,100.79963659860344,26806100
2016-06-02,102.61137390136719,102.61137390136719,101.46802669602121,101.57356251524901,23303300
2016-06-03,101.9957275390625,102.43547801964132,101.14261053313,102.43547801964132,28733200
2016-06-06,103.09512329101562,103.41174423387977,102.03092773141267,102.0924925419662,26946000
2016-06-07,103.39414978027344,103.76354535124976,102.86645044895717,103.15668742970247,21038500
2016-06-08,104.15931701660156,104.34401144501007,103.47330722249541,103.48210411243704,27999900
2016-06-09,103.49091339111328,103.72838249293451,103.15670532232521,103.72838249293451,23440700
2016-06-10,102.08368682861328,102.79608053345372,101.7494788445033,102.53223424391233,32686800
2016-06-13,100.9754867553711,102.18040529150916,100.78199550182467,101.7142709316339,36169500
2016-06-14,100.6852798461914,101.239363073853,99.9728794562719,100.60612126506246,34267600
2016-06-15,100.7556381225586,101.63513917239953,100.66768935958659,101.04587507942063,24197700
2016-06-16,100.74686431884766,100.78203846170531,99.28688911797613,100.0168767184119,36306600
2016-06-17,100.31588745117188,101.07225888973558,99.98167946834205,100.62371818621516,30096400
2016-06-20,101.4064712524414,102.41789206699227,101.4064712524414,101.84622176661495,28219800
2016-06-21,101.21298217773438,101.50321913388417,100.55335639197239,101.44164761888833,34706800
2016-06-22,100.81721496582031,101.91659140939358,100.69408534094501,101.40648583922217,27226100
2016-06-23,102.74331665039062,102.82247523740251,101.78466368699206,101.86381556394316,30240300
2016-06-24,98.83831787109375,100.29829272100197,98.06435942310696,98.45134200213035,74945400
2016-06-27,95.59297943115234,97.68618969319859,95.153228868617,97.68618969319859,58358800
2016-06-28,97.0705337524414,97.51907445876942,96.36693022516762,96.43729191990711,42040600
2016-06-29,99.278076171875,99.42759645011661,98.09075109562771,98.24026466380882,34031600
2016-06-30,101.1250228881836,101.16019702157617,99.00542236308307,99.48915057297815,42973800
2016-07-01,101.48563385009766,101.9781523308066,100.96673140935947,101.18660668968468,24401900
2016-07-05,99.99047088623047,101.37128718850488,99.44517785034155,101.16020211715814,29347200
2016-07-06,100.71650695800781,100.82262915948188,99.31926166637646,99.52266086580671,24678300
2016-07-07,100.92872619628906,101.68925163412014,100.29201334437413,101.00831951959856,20780600
2016-07-08,103.28108215332031,103.54637756919357,101.8307789564209,101.91921076171198,37964800
2016-07-11,104.47494506835938,104.73140206747925,103.88244445672828,103.96203107011962,26987300
2016-07-12,105.87215423583984,106.4911835050786,105.085099844845,105.23543456067256,44153000
2016-07-13,105.45651245117188,106.46464964051182,105.19121035001392,106.4115919190453,28050200
2016-07-14,105.56266784667969,106.43815426083258,105.5007649031924,106.38509652267629,19345400
2016-07-15,105.85448455810547,106.15516079555135,105.48306692383203,106.02250971276388,23857300
2016-07-18,106.03135681152344,106.42930332008011,105.52728808545822,105.70415170105798,17422400
2016-07-19,105.500732421875,106.09323280525201,105.17352739451574,105.90752403196576,19734100
2016-07-20,106.1905288696289,106.50888875157167,105.18239149244813,105.7218342509115,22390500
2016-07-21,105.68646240234375,106.65038052571434,105.45653431679384,106.12862816467832,19018700
2016-07-22,106.47349548339844,106.69457832005544,105.5449448706739,105.74834404903996,17796100
2016-07-25,106.3143081665039,106.52654578577705,105.90751658501694,106.2524052464279,13694600
2016-07-26,106.82723236083984,106.97756707471446,106.04901643600576,106.29662814048463,19551100
2016-07-27,107.12792205810547,107.41975308513517,106.42929933290446,107.00411618244091,21064700
2016-07-28,106.85376739501953,107.21633976983294,106.5884652695164,106.89797991799452,16540100
2016-07-29,107.06600952148438,107.676200387493,106.16399440152317,106.74764965634192,30267900
2016-08-01,107.15443420410156,107.62312876696882,106.50887605985866,107.18096306661658,34771700
2016-08-02,105.6599349975586,107.18982477812516,105.32388469551118,107.14561224942864,28691000
2016-08-03,106.51771545410156,106.56193472329146,105.32386940201995,105.5626426605842,17830300
2016-08-04,106.614990234375,107.17212332817768,106.34969486548555,106.51771324170828,17526700
2016-08-05,108.15370178222656,108.40131342343516,106.97753973957454,107.30473794535251,28643400
2016-08-08,108.10065460205078,108.6400972267156,107.9149458414647,108.19793158334524,14625700
2016-08-09,108.21563720703125,108.44555851614362,108.01223801383297,108.12719866838917,12487700
2016-08-10,107.43743133544922,108.41903983371158,107.13676186595602,108.22448582549181,19138100
2016-08-11,107.95032501220703,108.24215596990373,107.50815934790751,107.91495094943356,21144600
2016-08-12,108.05647277832031,108.29523932491837,107.56124252917951,107.73811288491343,12251200
2016-08-15,109.12649536132812,109.3829522751997,108.26869282970219,108.29522169201424,22048000
2016-08-16,108.24214935302734,108.87886895020179,108.11834351434479,108.84349488959076,20244300
2016-08-17,107.92381286621094,108.33060453073753,107.29593833529508,108.27754680181648,20632600
2016-08-18,108.7197036743164,108.74623253661491,107.92380407079538,107.95917813616444,16244600
2016-08-19,108.7197036743164,108.834664326581,108.13604171609663,108.56936220976964,17379500
2016-08-22,108.96734619140625,109.07346167060048,108.18029156844568,108.48980629428719,16929700
2016-08-23,109.72784423828125,110.06388774907032,109.31220739127883,109.31220739127883,21539400
2016-08-24,108.83465576171875,109.87816699378979,108.56935366578561,109.60402644239477,21533400
2016-08-25,109.04688262939453,109.3829328173362,108.42785346252079,108.43669866402239,17023200
2016-08-26,108.82581329345703,110.01966600823762,108.15372632818953,109.17070197868746,26734400
2016-08-29,109.39181518554688,109.8074521131181,108.98502346302801,109.01155233127051,14013900
2016-08-30,109.59518432617188,109.80742196074735,109.10879938556893,109.50675254067481,14031300
2016-08-31,108.97614288330078,109.55979799978421,108.37479736355034,109.46252102255164,29236300
2016-09-01,109.05577087402344,109.32991150656616,107.90613711389636,109.07345453709428,22964700
2016-09-02,110.10807800292969,110.12576165803189,109.32986224020196,109.66591240934767,23083300
2016-09-06,110.21422576904297,110.51490196930428,109.63057052263869,110.47068269820561,13711000
2016-09-07,110.90399932861328,110.93052818996284,110.08157089221265,110.14347381766592,17830500
2016-09-08,110.68290710449219,110.90398992621233,110.33801169544945,110.81555139999445,16265500
2016-09-09,107.22520446777344,109.84282514453223,107.18983039481412,109.81629627654137,54239000
2016-09-12,108.7197036743164,108.74623253661491,106.6326810459338,106.72995803897042,33408100
2016-09-13,106.63269805908203,108.02994350298002,106.01366193672656,107.94150495199054,47536200
2016-09-14,106.65037536621094,107.41974618434175,106.37623476583832,106.80071009887246,30545500
2016-09-15,107.92381286621094,108.05646393542722,106.57078680341485,106.72112153330026,29499800
2016-09-16,107.76464080810547,107.92382075341534,107.09254695602885,107.92382075341534,31940500
2016-09-19,108.48094177246094,109.25915779819519,107.87959609208166,108.171427101732,22807000
2016-09-20,108.02108764648438,108.97616722891078,108.02108764648438,108.94963161808212,16877900
2016-09-21,109.5863265991211,109.63054586027226,107.9768439981337,108.40132596568412,30784700
2016-09-22,111.16045379638672,111.2488923335315,110.24075508168174,110.30265800953521,36287700
2016-09-23,110.3734130859375,111.31964752731882,110.3734130859375,111.03666171532386,26118000
2016-09-26,109.27732849121094,110.11089271302396,109.16204336666692,109.78279016608228,20028000
2016-09-27,109.72074890136719,109.85375983005378,108.9049102005773,109.22414996054705,16939500
2016-09-28,110.56318664550781,110.63413032017282,109.13547732929047,109.91583745392184,19426400
2016-09-29,108.94925689697266,110.52771647143544,108.80736954550748,110.50998393528293,26657700
2016-09-30,110.14637756347656,110.65183929811901,108.94923206201389,109.44582414782127,31764500
2016-10-03,109.80054473876953,110.04884080215801,109.18866746430486,109.80941438833636,18674300
2016-10-04,109.25961303710938,110.23506477411883,108.7630209016632,109.97789905667408,26057300
2016-10-05,109.91581726074219,110.56316633340047,109.64978867796368,109.68526050877946,24317300
2016-10-06,109.80054473876953,109.97789713674408,108.91376921777622,109.73847072292241,18937100
2016-10-07,108.92263793945312,110.24393156012044,108.39057398450174,109.99563549884715,28732700
2016-10-10,110.2262191772461,110.61639587390684,108.9226578516959,108.9226578516959,21481700
2016-10-11,108.21321868896484,110.05771344655682,107.60134139785008,110.00450907882875,31931300
2016-10-12,108.12452697753906,108.72753453234667,107.76981545725938,108.26640752631522,20210400
2016-10-13,107.2289047241211,107.66342964255,106.51061864776945,107.29097874595936,26302500
2016-10-14,106.79438018798828,108.04473020044139,106.76777800387065,107.61908172343799,24554600
2016-10-17,106.67023468017578,107.16682683697083,106.55495629107999,106.92740040867628,17119500
2016-10-18,107.28211212158203,107.81417611387278,106.99834420798959,107.76096497875119,19158900
2016-10-19,107.734375,108.14229099915742,106.85646897497773,107.45060705425738,18477400
2016-10-20,107.41512298583984,108.18662017184751,106.77665025478191,107.42399263594864,20485600
2016-10-21,107.36190032958984,107.62793566305464,106.50172708568786,106.6436144010183,21093700
2016-10-24,108.04473876953125,108.72755978865493,107.69889681745185,108.22209795364958,15421600
2016-10-25,107.2377700805664,108.17775002092512,106.9451325183775,108.01813014750942,16459800
2016-10-26,106.17364501953125,107.29984704890019,105.93421182004688,106.51061731019861,24975300
2016-10-27,104.9587631225586,106.53722264664823,104.71932991599246,106.51949011106163,29525700
2016-10-28,104.66613006591797,105.55290572590617,104.41783396361109,104.91442616822485,35473700
2016-10-31,105.08289337158203,105.20704139634586,104.4621532477629,104.79912549132757,20311800
2016-11-01,103.79708099365234,105.26025524095834,103.11426003038636,105.22479017259697,34147200
2016-11-02,102.47577667236328,103.75273558297924,102.32502645807119,103.63745720126653,29859900
2016-11-03,101.97917175292969,103.07877136269158,101.87275626854262,102.78614062035618,22717500
2016-11-04,102.63539123535156,103.66405403034462,102.02352076024977,102.2452146282507,35237200
2016-11-07,105.14498138427734,105.36667528166898,104.3823538360053,104.63951956884688,32370900
2016-11-08,105.41986846923828,105.93419988036173,104.38234276323968,104.90554382367495,26196800
2016-11-09,108.66547393798828,108.92263965279803,104.68385371437323,104.7104558977052,77416800
2016-11-10,110.403564453125,111.20166386252487,108.73642872670389,110.19074019913873,83440700
2016-11-11,112.93972778320312,113.25896750320976,110.44789080284708,110.8735392524825,95612800
2016-11-14,114.52704620361328,115.5113675136837,113.85310171958446,114.34969381635516,83119400
2016-11-15,114.88176727294922,115.1832676916532,113.7732979120198,114.26102713705278,38704500
2016-11-16,114.87290954589844,115.28083229077501,114.42065884426944,114.61575056602054,42325500
2016-11-17,115.54685974121094,116.016849711895,115.05913047037237,115.23648287855328,42576900
2016-11-18,116.15872192382812,116.24739135081069,115.546844693834,115.89268658064115,41380600
2016-11-21,116.69967651367188,117.05438134773132,115.82176378235994,116.442504007525,32293100
2016-11-22,117.76380920410156,117.85247865056195,116.76174838812877,117.160794725007,39681500
2016-11-23,118.49979400634766,118.51751977089121,117.14302880727699,117.47999423813823,37939200
2016-11-25,118.8900146484375,118.91661683472228,118.4200111181212,118.58850065200629,13373400
2016-11-28,117.34701538085938,118.82792899157198,117.18738873856802,118.80132680637703,32505700
2016-11-29,117.2849349975586,118.02096036309777,117.14306118640539,117.5066288956925,27993700
2016-11-30,116.70858001708984,118.0210045972236,116.61103412410597,117.87025431372612,32491200
2016-12-01,116.14100646972656,117.54211360244678,115.53799199929597,117.27607820464276,39815900
2016-12-02,116.07894134521484,116.5844100223689,115.74197575823638,116.11441995297525,24054100
2016-12-05,118.07416534423828,118.23379198790343,116.95683296306942,117.02777663457373,27547100
2016-12-06,119.35111236572266,119.63488702320019,117.71058579471215,118.40226960841308,27820000
2016-12-07,120.51278686523438,120.76108292651038,118.98753189961292,119.35111310759582,31825800
2016-12-08,122.41050720214844,122.56127097302897,120.42413836663758,120.82318471083411,49048900
2016-12-09,122.64990997314453,123.10217411126537,122.15331788754634,122.72971651594722,34313500
2016-12-12,121.355224609375,122.8804794515921,121.05371067554555,122.33066947657562,34592900
2016-12-13,121.36407470703125,122.41933953646495,120.81427832105456,121.9582125666456,32624600
2016-12-14,119.84769439697266,121.79861117511058,119.54619399712197,120.97390298596694,45923700
2016-12-15,120.74337768554688,121.61241404775284,119.67924959472609,120.04281733339658,41352500
2016-12-16,120.52165222167969,121.95822409169372,120.27335618318638,120.91183557677468,39348200
2016-12-19,121.3109130859375,121.65675505235404,120.52168328918573,120.63695492390941,33393900
2016-12-20,122.33956146240234,122.56125535104526,121.47938809197812,121.73654704911061,31753600
2016-12-21,121.54144287109375,122.50802487890971,121.49710139169161,122.24200306473632,23215900
2016-12-22,120.49345397949219,121.76676721733016,120.03932425072125,121.59758269774376,34737900
2016-12-23,121.1345443725586,121.20578066947164,120.44892049027246,120.61810499707416,17081400
2016-12-27,121.67767333984375,122.25646298635615,121.28589420284086,121.30369308161575,13571700
2016-12-28,120.43109130859375,121.9715369531537,120.0571109918936,121.89140122534634,22712400
2016-12-29,120.5379409790039,121.33042600353185,119.93245290944668,120.46670469077375,21312900
2016-12-30,120.07491302490234,120.76944977940354,119.67420724682516,120.7427378724559,28399300
2017-01-03,120.67152404785156,121.8379894914082,119.76327828181897,121.5352454317086,29792400
2017-01-04,122.68386840820312,122.84415342745785,121.10779805569572,121.14342298749922,34499400
2017-01-05,121.26811218261719,122.66608538551993,120.66261047899529,122.4256781793293,30286900
2017-01-06,120.82289123535156,121.7311369649834,120.81397820711337,121.46400426957013,23436000
2017-01-09,120.03044128417969,120.84963849263038,119.76330851063469,120.68935339372847,24077900
2017-01-10,121.17900848388672,121.43724163012205,119.99473111225093,120.20843989669456,21684900
2017-01-11,121.39279174804688,121.80238351920653,120.58249406183911,121.30374296982819,27428800
2017-01-12,120.45779418945312,121.29480351563761,118.95296000772971,121.24137970110354,41844200
2017-01-13,121.33043670654297,121.96265032852254,120.78727184943959,120.78727184943959,27784500
2017-01-17,119.68310546875,120.82285864729742,119.43378531012586,120.74272293636744,28197800
2017-01-18,120.07491302490234,120.15504874574526,119.27351505567928,119.99476371712812,21289700
2017-01-19,119.09542846679688,120.60026259666013,118.57897563254653,120.3331299462643,34105900
2017-01-20,119.70984649658203,120.10163929457622,119.0954453894487,119.0954453894487,29286100
2017-01-23,119.21121978759766,119.92355558933646,118.5344817542375,119.34477935369006,20537000
2017-01-24,121.03654479980469,121.34820176817824,119.51391205860008,119.62075966516079,34313800
2017-01-25,122.1763687133789,122.47911279840726,121.94484734146961,122.04279555567702,29127300
2017-01-26,121.68660736083984,122.434568006342,121.47289849629664,122.29209542997987,22255600
2017-01-27,121.26811218261719,122.02497232847735,120.78727059636836,121.78456512228671,19467800
2017-01-30,119.57626342773438,120.42218580175287,118.64131947654646,120.41327277449048,40464400
2017-01-31,120.41323852539062,120.70708301590341,118.85498093404973,119.2022492252143,32945000
2017-02-01,120.34201049804688,121.87355629387613,119.9413183788084,121.29478029796819,30010500
2017-02-02,120.0392837524414,120.80505676010276,119.7543522263211,120.47560086170186,19935700
2017-02-03,121.87361145019531,121.97155966473125,120.66262151908512,121.09003932084285,24534100
2017-02-06,120.9564437866211,121.79345317655383,120.59136291025767,121.45508420949187,23691500
2017-02-07,120.42219543457031,121.51742450784097,120.00369072771522,120.93864834062411,30342200
2017-02-08,120.20846557617188,120.42217440626895,119.22008431573502,120.42217440626895,32956900
2017-02-09,121.90028381347656,122.21194082777318,120.20846638797363,120.20846638797363,28267600
2017-02-10,122.82637023925781,123.20925003236286,122.16744471313233,122.69279709355106,27287600
2017-02-13,123.14691925048828,123.95721675607469,122.95992229268644,123.56542395834356,23245100
2017-02-14,123.55647277832031,123.72565721482063,122.53248030793141,122.82632481549584,27145000
2017-02-15,124.29554748535156,124.45583250122738,122.94209901782135,123.04894663711842,20253500
2017-02-16,123.9482650756836,124.51814162550792,123.06674514261725,124.17978634047168,24613600
2017-02-17,123.86812591552734,123.91265027958545,123.10235304928433,123.2804369185884,26703200
2017-02-21,124.83870697021484,124.94556817196974,124.10855895735953,124.10855895735953,21353500
2017-02-22,124.28665161132812,124.67844434256324,123.99280706290178,124.66063187652603,14890800
2017-02-23,123.547607421875,124.66954837095093,122.6037503967414,124.6250375801647,24596200
2017-02-24,123.45854949951172,123.45854949951172,122.25647291195705,122.39894547530517,24512300
2017-02-27,124.6606216430664,124.6606216430664,123.06675253030761,123.18249958272125,28269000
2017-02-28,122.73735809326172,124.19766858156575,122.66612177835204,124.108633378132,40184100
2017-03-01,124.9812240600586,125.4264407297529,124.23326331583647,124.34901041084153,35719800
2017-03-02,123.547607421875,124.98120542804938,123.44965922566685,124.95449351880465,25937000
2017-03-03,123.45854949951172,124.14418682205952,122.77292576389539,123.59212262274988,30989800
2017-03-06,122.61263275146484,122.85305348809727,121.98043287152662,122.6838690285015,23892100
2017-03-07,121.81128692626953,122.64829646243314,121.64210241318095,122.34553879256862,29711300
2017-03-08,121.0098648071289,122.5414109773511,120.90301717239365,122.23866695431309,34115100
2017-03-09,120.52903747558594,121.5352313308901,120.11053278817265,120.94754216299923,35223800
2017-03-10,121.06327056884766,121.37491395101462,120.06597641989894,121.35710148757036,39516600
2017-03-13,121.3482437133789,121.80235978516019,120.78726641117069,120.78726641117069,21295000
2017-03-14,120.76947784423828,120.94756179425008,119.81670765192676,120.87632549685847,30037800
2017-03-15,122.63937377929688,122.89760704324196,121.07221607314004,121.35714766201683,31230400
2017-03-16,122.79967498779297,123.33392688230087,122.48801785912833,123.07570717132906,25306600
2017-03-17,123.28942108154297,123.52982832970069,122.26541446506823,123.00447585670041,33324600
2017-03-20,122.7551040649414,123.34279315435661,122.31878696760033,123.12908432540642,19091200
2017-03-21,119.29129028320312,123.41399873625701,119.24676592321255,123.33384945350318,61869000
2017-03-22,119.31806182861328,119.59409397684469,118.23173211903986,119.05984215066792,46332600
2017-03-23,120.01258850097656,120.83178543428478,118.99749517199326,119.31805167519498,37764600
2017-03-24,120.0992202758789,120.97435387647286,119.53662757675359,120.50999143233675,33514400
2017-03-27,120.32245635986328,120.61714709236267,118.23283240450913,118.55431196486693,35596700
2017-03-28,121.2601089477539,121.35833920517386,119.78666871251342,119.9116878014062,26891900
2017-03-29,121.65306091308594,121.88524901297282,120.82257967412434,121.17977326863343,22119500
2017-03-30,122.57280731201172,122.67997625619586,121.6798099914712,121.73340127659213,25792900
2017-03-31,122.76924896240234,123.38541919913665,122.28703647881565,122.71567131156557,29434300
2017-04-03,121.4744644165039,123.32297601912242,121.09048198275933,123.20688196889162,38834900
2017-04-04,121.33152770996094,121.93877290405364,120.86717896712932,121.38510536289873,25642600
2017-04-05,119.95635223388672,122.72463622571999,119.73310286554242,122.18884591732972,44968800
2017-04-06,121.07259368896484,121.11724628585908,119.5098481800829,120.14386872737884,41012100
2017-04-07,121.01901245117188,121.47443622350826,120.3314006322624,120.74218543508158,24300200
2017-04-10,121.28685760498047,122.20664341370652,120.69747632189795,120.97430320836173,22779900
2017-04-11,122.25129699707031,122.26916075428628,120.62604936783086,120.79572099624663,32589200
2017-04-12,120.59033966064453,122.0727183292181,120.48318435363412,122.0191406757129,25700800
2017-04-13,119.41159057617188,120.88503055389803,119.35801292259004,120.4474706322754,30207000
2017-04-17,120.81359100341797,120.84039345667854,119.37586489722409,119.7241469029894,18278800
2017-04-18,120.84042358398438,120.9654426841244,119.80454325364698,120.30461965420712,24553300
2017-04-19,121.2601089477539,122.30492787942916,121.0368596014412,121.17081738486407,34627600
2017-04-20,122.80498504638672,122.93892918282172,121.58156955403504,121.75124121089046,31934400
2017-04-21,122.5281753540039,122.83179119009708,122.08167666819917,122.5549641850675,29386000
2017-04-24,124.05516052246094,124.43021768452832,123.67117829441158,124.1980433345023,33836900
2017-04-25,125.26074981689453,125.80547877899666,125.10000319844094,125.23396098482877,32751700
2017-04-26,125.90370178222656,126.64489122079905,125.13572351313226,125.17143741180858,41669200
2017-04-27,125.86799621582031,126.62704954918091,125.44828629634713,126.21626469941927,23004300
2017-04-28,124.18018341064453,126.06440797119527,124.16231965207406,125.93938891331274,31113900
2017-05-01,124.89461517333984,125.27859750949521,123.9301763596159,124.69815465798541,20925200
2017-05-02,124.26055908203125,125.32322796571172,123.84978798689569,125.0017484179265,17993900
2017-05-03,123.49261474609375,123.91232464916962,122.95682443706038,123.67122514183164,27050300
2017-05-04,123.32293701171875,123.88551606521455,122.43886474757119,123.70691932400861,25799100
2017-05-05,124.11768341064453,124.11768341064453,122.81390152757888,123.84978153044686,23806500
2017-05-08,123.59973907470703,124.10874036578242,123.01928275029208,123.82298836270004,16680000
2017-05-09,123.54615020751953,123.97478498624979,123.03713533660854,123.7604607838577,23988400
2017-05-10,124.31416320800781,124.55526267421904,123.10861137272059,123.26934435019474,19791500
2017-05-11,123.44791412353516,123.97477910009017,122.3227291469664,123.83189630527933,28617300
2017-05-12,122.79601287841797,123.13535609962204,122.483472103251,122.97462317971667,24111200
2017-05-15,123.75153350830078,124.34983989998214,123.21572982491708,123.21572982491708,31132200
2017-05-16,123.79619598388672,124.16231444988163,122.8942601656153,124.0998117365868,18520900
2017-05-17,120.45638275146484,122.37632113740949,120.33136369785991,121.74230080343266,50791200
2017-05-18,120.89401245117188,121.3583613655314,119.86705709497335,120.17068661720684,44805100
2017-05-19,121.4744644165039,122.1263488598245,120.92973532658883,121.12619589187375,44450500
2017-05-22,122.29597473144531,122.51922405137348,121.59051287593739,121.6798044282744,20062700
2017-05-23,122.69783020019531,122.95680706178264,121.76019388537118,122.59959994684462,16681400
2017-05-24,122.77820587158203,123.26041842671486,122.18882437281925,122.79605600713896,21256000
2017-05-25,122.85857391357422,123.7783600705226,122.51923056889343,123.35865023664621,22804200
2017-05-26,122.82283020019531,123.04607950257218,122.14415722634979,122.6799610024767,20047300
2017-05-30,121.85839080810547,122.73352415473597,121.64406659776446,122.44775854094797,25544100
2017-05-31,121.73344421386719,122.26923461953844,120.23320110065004,122.19779317356976,34345400
2017-06-01,124.08195495605469,124.12660754009316,121.68872906341423,122.09057506764945,44618600
2017-06-02,124.88567352294922,125.93047869257644,124.17127298252137,124.52846643970682,46680200
2017-06-05,124.1087875366211,125.1178790622192,124.08199870196454,124.98393488893642,20808900
2017-06-06,123.99266815185547,124.71599371232863,123.06394342216798,123.33184531058,25460900
2017-06-07,124.1087875366211,124.59993888209186,123.67122748652378,124.00163219799487,20542200
2017-06-08,125.80548095703125,126.32342109603458,123.89446702225447,124.10877768249084,33956400
2017-06-09,126.45735168457031,127.6093122378655,125.64472084891167,126.32340753630035,56979400
2017-06-12,126.25198364257812,126.79671263126293,125.8144099873855,126.50202183809971,34665500
2017-06-13,126.89494323730469,127.08246507142091,126.33235048283655,126.62704127679321,22046800
2017-06-14,126.14476013183594,126.84129675043793,125.42143469144568,126.83237168519312,33021900
2017-06-15,125.50178527832031,125.89470611624063,124.74274604693066,124.74274604693066,27376800
2017-06-16,125.18927001953125,125.21605884338638,124.3766393597794,125.04638720826733,35608400
2017-06-19,126.11802673339844,126.43058129302042,125.47506747582048,125.51972007377502,25163300
2017-06-20,124.8410415649414,125.88584690722834,124.75173637285839,125.80548040998916,20111900
2017-06-21,124.52849578857422,125.7340478362992,124.32311018359017,125.06429972668758,23351400
2017-06-22,125.00175476074219,125.36788691380896,124.13554631375837,124.45702587785604,17917200
2017-06-23,125.8322525024414,125.98406040793955,124.61777563239895,125.14464076784377,20772500
2017-06-26,125.98403930664062,126.38588529813063,125.19819745586543,125.99296437274303,22988300
2017-06-27,124.876708984375,126.46624270416795,124.79634251704994,126.00189403114256,24610100
2017-06-28,126.78779602050781,127.03783425958206,125.37685817083907,125.61797133925427,25085400
2017-06-29,126.03762817382812,127.11816081482098,124.7070573991612,127.01993057473072,38794900
2017-06-30,125.84120178222656,126.5109498844336,125.70725761220916,126.13589258232486,22798500
2017-07-03,126.89494323730469,127.25213676728018,126.18054255129398,126.21625645386763,12968200
2017-07-05,126.43952178955078,126.67170987682061,125.64475450280267,126.5377520666123,21865500
2017-07-06,124.78834533691406,125.98116356690126,124.51032260754013,125.49685443161167,30563400
2017-07-07,125.99913787841797,126.16952879792633,124.82424657550645,125.04846027924309,20511000
2017-07-10,125.4520492553711,126.35786764396343,124.99464456560497,125.48791742470681,17206000
2017-07-11,125.81974029541016,125.90046761923799,124.64486282375958,125.36234932333056,16192900
2017-07-12,126.78838348388672,127.55071568688953,126.4655151453694,126.50139700793848,19358600
2017-07-13,126.89600372314453,126.95877644948939,125.90049424462755,126.63590814064823,16559300
2017-07-14,127.11122131347656,127.62243509547906,126.54621212037407,126.54621212037407,15465300
2017-07-17,127.40716552734375,127.76591558741858,126.6896790921096,126.99462006440208,15374600
2017-07-18,127.0753173828125,127.23674462543636,126.49235374187202,126.94078099571219,16653300
2017-07-19,128.33984375,128.37571189727052,127.2456805119734,127.2456805119734,16985500
2017-07-20,128.42959594726562,128.71659603263876,128.0708595254665,128.35784592592233,17047800
2017-07-21,127.84661865234375,128.54616410552663,127.57755955075471,128.2591640811878,21662700
2017-07-24,128.0260009765625,128.08878737066965,127.32645544605477,127.63138274193437,16694000
2017-07-25,129.1919708251953,129.37133909562255,128.4386158784478,128.806316043101,21066400
2017-07-26,128.4744415283203,129.28160532049992,128.29507331727123,129.28160532049992,13574900
2017-07-27,127.65831756591797,128.86009979467073,126.94980824745004,128.68073155954508,24355800
2017-07-28,127.3175048828125,127.676241304764,126.8780411337422,127.3713139776135,19933300
2017-07-31,126.91394805908203,127.69422122672898,126.42965237306106,127.55072114015927,16417700
2017-08-01,127.15609741210938,127.53277485986737,126.42964707108175,127.50587030537902,19835900
2017-08-02,125.7659912109375,127.19200127002527,125.31756364535697,126.98571473671348,19934300
2017-08-03,125.13813781738281,126.04395615678631,124.80630595060552,125.95427889585793,19624900
2017-08-04,125.74803924560547,125.8466938380395,125.10230258329558,125.47898002215626,16473500
2017-08-07,125.95427703857422,126.32199075223426,125.29957693529138,125.95427703857422,9176200
2017-08-08,125.55966186523438,127.16502580629064,125.28163908926238,125.92737558793411,27248700
2017-08-09,124.47445678710938,125.01257507673336,124.01706582037059,124.7704204779109,26534300
2017-08-10,122.21442413330078,124.01709760113816,122.20544682572601,124.01709760113816,40983500
2017-08-11,122.39376831054688,122.63592292380139,121.76597272518092,122.16059100310163,32779600
2017-08-14,124.25023651123047,124.2950819804688,123.07535911573184,123.10226366029167,21710900
2017-08-15,123.22785186767578,124.5013978072396,123.17404276584726,124.48345687832374,16646000
2017-08-16,123.26376342773438,124.11577301013463,123.05749059271422,123.47003626275452,21858600
2017-08-17,121.01262664794922,123.48795496220193,121.00366302540479,122.85118195362998,32722900
2017-08-18,121.00362396240234,121.48793312185244,120.28613752779343,120.60004211947093,42401900
2017-08-21,120.92295837402344,121.09336300949856,120.30412624936997,120.79739922445033,21504100
2017-08-22,122.23231506347656,122.37581509283825,121.20093768288604,121.30855586244928,25170600
2017-08-23,122.03501892089844,122.48344624636378,121.26372337370141,121.55070974584294,18381900
2017-08-24,122.41173553466797,122.80634021244327,121.99021261859949,122.54625830153225,15726600
2017-08-25,122.76148986816406,123.14713086486402,122.34893063723737,122.76148986816406,17163000
2017-08-28,123.28169250488281,123.41621527893219,122.66286037441353,123.20096515553212,16333300
2017-08-29,123.3085708618164,123.59555728045625,122.17852506020448,122.41171606557488,20277600
2017-08-30,124.09779357910156,124.22335270297866,123.0933205880848,123.19197516291095,15915500
2017-08-31,125.31745910644531,125.50580454823897,124.36679565003884,124.58204562852991,29260600
2017-09-01,126.02604675292969,126.1247013333561,125.31752376125304,125.54173747268408,17412500
2017-09-05,124.81527709960938,126.35786840375751,124.28613606799007,126.12469108937896,21908400
2017-09-06,125.07539367675781,125.55968931417621,124.73458442658776,125.32651196059255,18399700
2017-09-07,124.76143646240234,125.2816137413594,124.29506826662802,125.1919228127786,18159800
2017-09-08,124.86012268066406,125.35339554314848,124.32200434251419,124.60002713275509,21870500
2017-09-11,126.16957092285156,126.38482107687614,125.76598885836313,125.90948896104618,22617700
2017-09-12,126.94086456298828,127.07540103865617,126.29514148248887,126.49243701394082,22679600
2017-09-13,127.3175048828125,127.55068218858925,126.7435183967397,126.8242320389412,25052500
2017-09-14,127.20096588134766,127.49692971911712,126.83325199033801,127.15612038745712,18353800
2017-09-15,127.72112274169922,127.77493185165147,126.94982690090097,127.03054056582936,23184000
2017-09-18,128.591064453125,128.97670550489474,127.8915187013732,127.90944594686002,24427400
2017-09-19,128.591064453125,128.869087292293,128.33096885944383,128.76146907969124,16346300
2017-09-20,129.00360107421875,129.16504206679883,128.48342360800183,128.7255782544123,20244700
2017-09-21,128.86903381347656,129.38023379611437,128.68068833466398,129.1649974602309,17395900
2017-09-22,129.4161834716797,129.74801545336294,128.7525058233915,128.85116042401646,25203000
2017-09-25,129.59555053710938,129.99016893594478,128.8691001596722,129.38927771405326,30012800
2017-09-26,130.00816345214844,130.4936315049132,129.6215750999779,129.72046851862157,28238100
2017-09-27,132.5524139404297,132.93000326640916,130.5026354747983,130.92517885059556,66351700
2017-09-28,132.90306091308594,133.10983312311274,131.95908054497247,132.38162400767038,29291400
2017-09-29,133.21771240234375,133.44246898047004,132.82215234800591,132.98397049959144,21738700
2017-10-02,134.8539276123047,134.8539276123047,133.1277989850333,133.33457116631791,29772400
2017-10-03,135.15060424804688,135.15060424804688,134.25157808825256,134.95281739544808,28372800
2017-10-04,134.71910095214844,135.40235602401532,134.30554280466777,134.9348584916574,22024700
2017-10-05,135.08766174316406,135.42031074049322,134.73704210017937,135.11463142969748,22538500
2017-10-06,134.8988800048828,135.15959155911554,134.46735128288861,134.59321439838905,19350800
2017-10-09,134.34152221679688,135.4653053326493,134.11676559362638,135.02479113079076,13981300
2017-10-10,134.72804260253906,135.1146172142132,134.3234836290514,134.79096729181336,21951900
2017-10-11,134.62916564941406,135.0247393493822,134.36845410246252,134.7999828124049,15137100
2017-10-12,134.53025817871094,134.86289342893227,133.9728664149781,134.36844007364616,17185600
2017-10-13,134.28749084472656,134.84489621668408,134.16162777068058,134.78195782063798,15464400
2017-10-16,134.17066955566406,135.16858914569576,133.98186802541997,134.50330484632443,20653100
2017-10-17,133.78408813476562,134.64715933243434,133.5053922045131,134.19764622736864,18046800
2017-10-18,134.42242431640625,134.77304404581002,134.02685052568333,134.40443994826788,20541700
2017-10-19,134.21563720703125,134.2516059429942,133.20873208892348,133.7481533839403,17164900
2017-10-20,134.83595275878906,135.22254117860044,134.72807399886582,135.13263306662984,25224500
2017-10-23,133.8290252685547,134.9887628970532,133.68517780078832,134.9887628970532,14676400
2017-10-24,134.1077117919922,134.65611822123486,133.99083401784338,134.305498616837,17527700
2017-10-25,133.46044921875,133.95491641894048,132.3546507296349,133.9009770367474,27235300
2017-10-26,133.73915100097656,134.26058791498977,133.5143944200081,133.90098287266144,15205900
2017-10-27,134.66513061523438,134.77302308923427,133.32559033536904,133.8470271858725,32744100
2017-10-30,133.24468994140625,134.35947374024005,132.50748181296893,133.84703589807825,30524800
2017-10-31,134.18862915039062,134.70108060595524,133.63123736480057,133.76608579097575,22449400
2017-11-01,133.2986602783203,135.33045518839538,132.55246665236726,135.3034854913897,31585500
2017-11-02,133.69418334960938,134.16166706553304,132.80414253228315,133.27163996625706,28176600
2017-11-03,133.60427856445312,133.91894320856392,133.10981143144355,133.48740077354614,22312700
2017-11-06,133.75711059570312,134.29653177734386,133.40649094305178,133.73014090842614,15576800
2017-11-07,132.1568603515625,133.82006442143904,131.7433022356079,133.77511036478387,29549300
2017-11-08,132.33665466308594,132.56141121438807,131.11397847528028,131.85118654821588,30682500
2017-11-09,131.86915588378906,132.50747051908115,130.61052469623561,131.5005655690384,40144400
2017-11-10,131.770263671875,132.24674641325356,131.5724768300141,131.89612677869104,17823700
2017-11-13,131.8061981201172,131.99499960991528,130.80827874386478,131.19485332662362,14680000
2017-11-14,131.44659423828125,131.69832041459884,130.8891888038228,131.3117321107947,19682200
2017-11-15,130.92514038085938,131.44657702582205,129.9092367692902,130.67341423750443,23925200
2017-11-16,132.8490753173828,133.41545236679227,131.42861259703014,131.44659695801,25889000
2017-11-17,133.46044921875,133.981886110037,132.30969667178988,132.38162042073145,25816700
2017-11-20,134.431396484375,134.4763505412944,133.35256770857004,133.73914241836218,22793000
2017-11-21,135.8338623046875,136.01366479715784,134.90786643631697,135.03372955285127,29392300
2017-11-22,135.65403747558594,136.44518477384707,135.6270677920587,136.00465707948828,14136600
2017-11-24,135.70799255371094,136.08558188485446,135.5461744338138,135.9417481287404,6816300
2017-11-27,135.29443359375,136.31032368989335,135.24947954817492,136.02264249070058,18416900
2017-11-28,137.42514038085938,137.52403380791148,135.447285557868,135.7709355265794,35898300
2017-11-29,137.88365173339844,138.6388442099979,137.50606235412465,137.85668204331117,38234200
2017-11-30,138.13536071777344,138.94449247339688,137.80272543624557,138.53993345461026,32230700
2017-12-01,137.5689697265625,138.18929989466298,133.73012465997542,137.5689697265625,62734800
2017-12-04,137.05653381347656,139.71765725321654,136.92168537820697,139.25914513719914,36366800
2017-12-05,135.69000244140625,137.51503804169067,135.68101711892047,136.11254580508125,29667200
2017-12-06,135.05169677734375,135.9237531591007,134.80895589838843,135.18654520006942,21273800
2017-12-07,135.99571228027344,136.55310419665324,134.87192940495763,136.03166729634037,29675200
2017-12-08,136.12155151367188,136.90369986778697,136.0046737253833,136.78682207949842,20832400
2017-12-11,136.06761169433594,136.76885098566993,135.77093142214846,136.13952171360847,26654100
2017-12-12,135.6450653076172,136.58903175870572,135.59112593533212,136.38225959226298,25854800
2017-12-13,136.4541778564453,137.29027924748758,135.5821214580047,135.5821214580047,30082600
2017-12-14,134.94381713867188,136.8317636344784,134.53025911499103,136.5171127442018,32882600
2017-12-15,136.8677215576172,137.7757328683666,135.37533512295948,135.7978784353993,42851600
2017-12-18,138.71971130371094,139.0973005687263,137.96453277368022,138.15332054716401,22714300
2017-12-19,137.62294006347656,139.14229662160795,137.38919817686093,139.12431225554462,24313600
2017-12-20,137.8926239013672,138.396076308947,137.40714213830864,138.22525915965042,19042800
2017-12-21,138.49635314941406,138.99269390841334,138.14440493303835,138.2887974756619,16772600
2017-12-22,138.2436981201172,138.42418194606603,137.8917498400053,138.41516257428023,13599400
2017-12-26,138.32485961914062,138.46021899309784,137.98193084507852,138.07217960773522,11949600
2017-12-27,138.18955993652344,138.92954778384237,137.9007747873027,138.26175622382863,15949900
2017-12-28,138.73098754882812,138.7490400600545,138.08123484499316,138.28880429901784,10167300
2017-12-29,137.58486938476562,139.10996879144935,137.5216924981432,139.10996879144935,21006500
2018-01-02,138.8843994140625,138.94757631831402,137.58490777693967,138.25269922170457,20489600
2018-01-03,139.02880859375,139.38979001115595,138.54150089279332,138.85734414173632,21836600
2018-01-04,139.39881896972656,140.01246676646954,138.9927268959956,139.85003544499077,14207100
2018-01-05,139.68765258789062,139.8591171280883,138.92059250021705,139.76888205485386,19883900
2018-01-08,139.9041290283203,140.12071781595833,138.52340821094708,139.63339648628008,18457300
2018-01-09,139.7146453857422,140.32829304797698,139.6334159727738,140.0936654894809,16571300
2018-01-10,139.7327117919922,140.03051631175572,138.90247514751522,139.39881601378778,18516800
2018-01-11,142.1331329345703,142.2775254537869,139.85899895200922,139.94022835033635,26522400
2018-01-12,142.72874450683594,143.3604445780794,142.10606380445708,142.29556694081572,24089800
2018-01-16,140.90586853027344,143.85682788668393,140.59904465762799,143.36048705150284,27704700
2018-01-17,142.24143981933594,142.53022489711597,141.0321832887004,141.50145215507777,18571600
2018-01-18,141.26681518554688,142.13315667552556,141.13145578243967,141.88047660970486,17903600
2018-01-19,143.12582397460938,143.2070396084025,141.27583428582085,141.43826555340712,31040900
2018-01-22,143.89291381835938,143.89291381835938,142.86414092988505,142.94535658080957,12702400
2018-01-23,144.3531494140625,144.65997324566905,143.1890034499802,143.70339672946565,16904600
2018-01-24,143.45974731445312,144.95778910899685,142.9453539945067,144.71412839059946,20340900
2018-01-25,143.51390075683594,144.31706547456264,142.77391295074418,144.06438536808903,20290900
2018-01-26,144.02825927734375,144.10947491263212,143.27923851072626,143.96508238098855,16120300
2018-01-29,143.216064453125,144.2628896732458,143.14386818587218,143.54094077074768,18293300
2018-01-30,141.84439086914062,142.78292875835808,141.43829883458983,142.2775685580253,24533800
2018-01-31,141.1044158935547,142.9634255578734,140.70734319437324,142.34977776461764,27468900
2018-02-01,141.5465545654297,141.87143084247035,140.3553369596045,140.53582072017636,21413000
2018-02-02,138.8212432861328,140.91488028218916,138.5324581721763,140.896841540091,33314100
2018-02-05,133.48789978027344,138.78517756294937,133.43375599858223,137.7744569179507,52622200
2018-02-06,135.0851287841797,135.69877630025988,130.1668742072592,131.33100612218914,69232400
2018-02-07,135.22048950195312,136.07779766737107,134.11050132504414,135.01293387180576,37101000
2018-02-08,131.24986267089844,135.36495510281847,131.24986267089844,135.355935729691,44704500
2018-02-09,132.45010375976562,133.50594878507383,128.596710747034,132.44107061636404,53315300
2018-02-12,133.7044677734375,134.39031185102658,131.28594033240483,132.58544596997058,36213900
2018-02-13,133.99322509765625,134.2729770766676,132.56737954879384,133.0005572292299,25021200
2018-02-14,136.40274047851562,136.73665004733277,132.820080418484,133.22618627866606,36286900
2018-02-15,137.89170837402344,137.9548714975965,135.87025432918966,137.36829579714606,23773600
2018-02-16,138.3790283203125,139.2363366400241,137.65707939896527,137.72025629822218,27973900
2018-02-20,137.24197387695312,138.7670874232636,136.87197314571182,137.66611836983347,24046200
2018-02-21,137.38636779785156,139.70561282148984,137.17879834944767,137.5487990843961,26735500
2018-02-22,137.1697540283203,139.00169108906994,137.08853839982092,137.9007222248719,16340000
2018-02-23,138.95655822753906,138.9926632402439,137.30510503199923,138.054125690306,18065200
2018-02-26,139.86807250976562,140.1117194650705,138.49637072087125,139.45294733956234,15267700
2018-02-27,137.8555908203125,140.67118972848414,137.8465714520592,140.03947593003016,18125500
2018-02-28,135.6807403564453,138.613646164609,135.6446353429753,138.19852112987195,29951800
2018-03-01,135.31979370117188,136.7817441802144,133.90298138553206,135.41004248791418,38943200
2018-03-02,137.4856414794922,137.84660908856907,133.92102093220765,134.2007866647786,31842300
2018-03-05,138.71299743652344,139.20932462397982,136.691542341479,137.00739943352966,19603700
2018-03-06,140.21095275878906,140.22900526692538,137.8917080693325,139.36266388675975,17304000
2018-03-07,141.4473419189453,141.61879260822732,139.1732070875571,139.38979594722434,22684600
2018-03-08,141.15853881835938,142.10609602508472,140.32830228361897,141.59170271256482,23391300
2018-03-09,143.41461181640625,143.48680808923223,141.56462191407974,141.96169452960712,24927200
2018-03-12,143.66734313964844,144.0734352703909,143.02662336604135,143.7124675475167,15310100
2018-03-13,142.99949645996094,144.65996937841567,142.71071137673542,144.3892368053994,17757200
2018-03-14,142.32269287109375,143.83877347119608,142.051960258209,143.68536153690235,18097500
2018-03-15,141.60972595214844,142.71069485694701,141.11338525407876,142.67460361073697,14172100
2018-03-16,142.40391540527344,142.82805997294767,141.45635809940472,141.6639138122985,36000300
2018-03-19,141.03219604492188,141.87146570435465,139.3807423783247,141.83536068135126,25663000
2018-03-20,140.99607849121094,141.69997483812705,140.57193405524492,141.38411791090843,11418500
2018-03-21,141.8173065185547,142.81900745974403,140.95999812763424,141.06829942535165,22213500
2018-03-22,138.7075653076172,141.6653233553274,138.67137693046206,140.79699552911185,29774800
2018-03-23,135.72268676757812,139.24125496450918,135.67745818781722,138.89753432051612,35744100
2018-03-26,138.68951416015625,138.73474274472548,136.06640807522945,137.56790875124,28442400
2018-03-27,136.0030517578125,139.02413245061058,135.4151217685402,138.98795787664272,32820600
2018-03-28,135.95785522460938,136.89855999128815,135.12570180905487,136.34680444597407,26510900
2018-03-29,137.33273315429688,138.4814729010616,136.35585373994093,136.65434582225737,22617700
2018-04-02,133.98605346679688,137.5498512145334,133.12675162267624,137.05236430526054,35040700
2018-04-03,135.90359497070312,136.22018124510888,134.13979067487608,134.79104361515462,29857800
2018-04-04,137.63124084472656,138.01113613753176,134.11267203559697,134.32070697650352,29619700
2018-04-05,138.77090454101562,138.94276486544288,137.7759447813274,138.42718389216108,17301600
2018-04-06,136.0030517578125,138.75277483947667,134.90858112024023,137.8211242893133,25762700
2018-04-09,136.16590881347656,138.02922441037038,136.05737124928285,136.94379356112688,18997000
2018-04-10,138.73471069335938,139.2502777932256,137.18798179011463,137.61310554356342,23420000
2018-04-11,139.03326416015625,139.57596588395376,138.05638449512574,138.19205647561785,14884600
2018-04-12,139.9829559326172,140.57089988562902,139.23220564918145,139.68446385834815,14413200
2018-04-13,139.2503204345703,140.49855769304534,138.8523309433564,140.46236930193828,19813600
2018-04-16,140.53466796875,140.94171127237706,139.3949826033287,140.05527551967288,18846900
2018-04-17,142.06332397460938,142.45227314989333,141.06836435298328,141.29449342178327,18624200
2018-04-18,142.4432373046875,143.25731033719384,142.1537992366901,142.47942568932768,16974200
2018-04-19,141.457275390625,142.49746340742536,140.99597713828948,142.1356624803176,16174500
2018-04-20,140.69752502441406,141.755807527944,140.3357101929778,141.14978321234094,21480600
2018-04-23,140.489501953125,141.36687021390784,139.81111461410757,140.90557179203327,13268200
2018-04-24,139.68447875976562,141.6744261338451,138.56288711454997,141.01411914070658,24859700
2018-04-25,139.47634887695312,140.01906393712486,138.35475799526358,139.62107473324122,21981400
2018-04-26,140.1186065673828,140.5708646632286,139.2412247572962,139.67538866479808,14862900
2018-04-27,139.91964721679688,140.53471175751505,139.09653396216643,140.09150754488732,17734300
2018-04-30,138.68048095703125,140.78799232560252,138.65333276345976,140.21815629713979,15624600
2018-05-01,139.35885620117188,139.5578371226704,137.22419682518728,138.40005716977967,24977500
2018-05-02,139.8834228515625,140.90553055984083,139.00604104569595,139.09649818515874,16786800
2018-05-03,139.12368774414062,139.7478063692276,137.6312409638409,139.3950454683298,20985900
2018-05-04,140.8603057861328,141.55678713366487,138.21007991067745,138.6261496390468,17927900
2018-05-07,142.05429077148438,142.7869467821611,141.1950030281206,141.2764061844572,16303500
2018-05-08,142.7598419189453,142.7598419189453,141.78296243541988,141.93672858535075,17281200
2018-05-09,143.52865600585938,143.90856504020311,142.3527957250358,142.92263167290145,15758500
2018-05-10,144.2974853515625,144.87637523596956,143.60100393066193,143.72763566156897,15828700
2018-05-11,144.57786560058594,144.84018302670813,143.85424988269892,144.3155619762856,14413600
2018-05-14,144.02610778808594,145.34670748654085,143.86330150020854,144.74068330085,15028500
2018-05-15,144.05322265625,144.35171461208046,143.06730346390748,143.555749865019,17544900
2018-05-16,145.5547637939453,145.91657860113983,144.24321789719633,144.26131208801198,21004400
2018-05-17,146.2240753173828,146.53160747742942,145.40096235800482,145.62709138188973,18639700
2018-05-18,146.4140625,146.82110591381078,146.1246244343881,146.48642546685915,17579800
2018-05-21,147.38186645507812,147.6532240655347,146.85724542201447,146.86628561502852,15667300
2018-05-22,146.3145294189453,147.73462641837776,146.19695170310575,147.67130366215378,13212000
2018-05-23,146.50450134277344,146.78489917815637,145.7447109884798,145.92561148209882,14235700
2018-05-24,146.55877685546875,146.84822870003845,145.28340554375282,146.45927950912588,12785000
2018-05-25,146.29647827148438,146.67637347928914,146.05225499438697,146.30551846625684,11150200
2018-05-29,146.09747314453125,146.7396719731429,144.8221018796121,145.51858327845648,20986900
2018-05-30,148.41305541992188,148.69345330101763,146.85728607788235,146.85728607788235,25169000
2018-05-31,147.2281494140625,148.68442148014168,146.83920015573247,148.41306377927845,28573700
2018-06-01,148.1959686279297,148.68441522931397,147.6894416352537,148.18692843228382,21108200
2018-06-04,148.98289489746094,148.98289489746094,147.7256177161463,148.63013407110142,14836000
2018-06-05,149.9054718017578,149.94166018018797,148.6481947868476,148.83814926904978,13283600
2018-06-06,150.99087524414062,150.99087524414062,149.7697867150544,149.88737823187665,16661300
2018-06-07,150.1678009033203,151.26225790395196,149.45322529295558,151.1537203638757,17571900
2018-06-08,150.62005615234375,150.7014593058316,149.9326149402509,150.2039725870337,17569800
2018-06-11,150.84619140625,151.1537236443561,150.41201363287502,150.72859986739965,15923000
2018-06-12,151.5336456298828,151.90450070117595,150.8100296815081,150.98189002195255,16166700
2018-06-13,150.93661499023438,151.84113119690315,150.7104859385672,151.75068785732947,19853700
2018-06-14,151.7416534423828,151.81401640447245,150.70146519121977,151.49744397238203,19248100
2018-06-15,151.7869110107422,151.84117979221898,150.62913099981552,151.27134378488606,24922600
2018-06-18,152.50146484375,152.51050503875413,150.81000985391836,151.02709875043712,18616500
2018-06-19,152.510498046875,152.6552239712525,150.6381426300285,151.55171295106567,24605900
2018-06-20,153.74066162109375,153.94869653942013,152.81805098052038,153.2703092040803,19216900
2018-06-21,152.302490234375,153.84016549925173,151.7507346261857,153.74970832997758,26946200
2018-06-22,151.7959442138672,153.04416742231504,151.33463203085807,152.87230710329789,33638200
2018-06-25,149.3175811767578,151.38891782931194,148.46733348294768,151.2713400729395,37005100
2018-06-26,150.18589782714844,150.7467073835408,149.1095348986329,149.45324174732335,20464000
2018-06-27,147.7798614501953,150.61098777627484,147.71653869120186,150.33964395722262,27511800
2018-06-28,148.232177734375,148.53971005122645,146.76685152722112,147.64423369140061,26759100
2018-06-29,148.1326141357422,149.29039370661133,147.98788823892826,148.62104678521277,24146500
2018-07-02,149.1547393798828,149.20902195397318,146.9658114869235,147.21907495871557,24283600
2018-07-03,149.74935913085938,150.42111627714127,149.51332436979365,149.55871673552207,13561300
2018-07-05,151.45599365234375,151.48322630054858,149.63133696359594,150.56636149010802,18640500
2018-07-06,152.7360076904297,152.9084903908863,151.16553137098947,151.57403501049845,19597500
2018-07-09,153.69825744628906,153.71641716433916,152.86309048946634,153.42591708276277,16565200
2018-07-10,152.9992218017578,154.20658654159624,152.1186765113618,153.94333301796087,18790700
2018-07-11,151.70114135742188,153.06282953410204,151.64667604664402,152.1641103508421,23912600
2018-07-12,152.43641662597656,152.73598961998871,151.2744440835202,152.57259372423954,19617600
2018-07-13,151.98255920410156,153.1717646973742,151.98255920410156,152.37291702926484,15409100
2018-07-16,151.39244079589844,152.5362534653979,150.6571316618057,152.2911458034325,15946900
2018-07-17,152.064208984375,152.5090319809691,151.22904213812433,151.37429215968214,15134700
2018-07-18,152.4908905029297,152.5635155223944,151.21091435880678,151.92806391683584,13780000
2018-07-19,153.5711669921875,153.64379201251947,151.83728099275302,152.3002637658936,18398300
2018-07-20,152.94473266601562,153.69820139454202,152.82672917124006,153.23523264165044,17570700
2018-07-23,153.1353759765625,153.5529523794312,152.33651489030748,152.78133778639062,12335000
2018-07-24,151.5014190673828,154.10677789391858,150.89320003844765,153.82536456654043,25831300
2018-07-25,152.05514526367188,152.05514526367188,150.82054770924987,151.54678400922845,18401200
2018-07-26,152.8721466064453,153.7527058356274,152.06421238966846,152.2003894823551,20944200
2018-07-27,150.0216522216797,153.1626176166107,149.5949890120717,152.96290233331325,28777100
2018-07-30,149.05943298339844,150.71162095426175,148.9414294510551,150.01261728568068,20093700
2018-07-31,150.57540893554688,151.2562527290363,149.23188106156573,149.358971348945,23567300
2018-08-01,150.4755401611328,150.91129013003152,149.3317276593269,150.42107487797082,17942600
2018-08-02,151.57403564453125,151.79191071735733,149.73121894044087,149.74937865946148,18292200
2018-08-03,151.04751586914062,152.2185614973213,150.33943919129982,151.73743282780913,21734900
2018-08-06,151.89173889160156,152.06420770747317,150.60266227585618,150.93855467936362,16288800
2018-08-07,152.25485229492188,152.95385590759014,152.14592170399342,152.40917524933872,15045700
2018-08-08,152.1186981201172,152.49996906288905,151.1382811879301,152.25486136689094,14789500
2018-08-09,152.509033203125,153.15357152157506,152.10052963454896,152.19130050989665,10437800
2018-08-10,152.0823516845703,153.117233731726,151.56491758689393,151.64661552045288,20521900
2018-08-13,151.1927032470703,152.55439073260058,150.58448449908295,152.27297753521253,20517200
2018-08-14,152.6906280517578,153.05375320189648,151.50142262014595,151.51958234060493,17683100
2018-08-15,150.775146484375,152.34563637319738,149.92181992092344,152.23669193092826,27479900
2018-08-16,152.17315673828125,152.6633582569518,151.31983015781327,151.4741531146504,15484700
2018-08-17,152.82675170898438,152.93568229001107,151.5376751917531,152.0278905099798,15106700
2018-08-20,153.25340270996094,153.58019442693288,152.3546839328816,153.2443159277325,12547300
2018-08-21,155.01451110839844,155.55919168810416,153.525733222579,153.54389293571654,20661200
2018-08-22,155.39581298828125,155.67724011677302,154.7058961211852,154.86021908414858,14329200
2018-08-23,154.92381286621094,155.70451467544518,154.48806265746924,155.31415684492353,12945800
2018-08-24,155.7679901123047,155.94047276890433,155.2505559943092,155.36855950792727,11894300
2018-08-27,155.99497985839844,156.99355663690713,155.7952645026967,156.24008758617916,15880400
2018-08-28,156.14019775390625,156.57593396215614,155.32319063196218,156.28544777392432,13170300
2018-08-29,156.59408569335938,156.83919335816705,155.6499883149872,156.15834950732634,13157900
2018-08-30,156.46702575683594,157.25680034448538,155.97682418390332,156.29454306486508,14199600
2018-08-31,157.06617736816406,157.40205597911364,156.0948332690949,156.1039200543466,12240500
2018-09-04,156.36712646484375,157.15690084227802,155.3413173709881,156.85732790729887,17923500
2018-09-05,155.94955444335938,156.34898507013057,154.65141875815732,156.30359270766942,15166100
2018-09-06,154.89649963378906,156.57590593984588,154.70585728515897,156.29449273380294,16647700
2018-09-07,154.81483459472656,155.64092860185886,154.01598709002607,154.51527543784263,17248000
2018-09-10,155.0054931640625,155.84973312510752,154.6786874706692,155.45938919089724,11067100
2018-09-11,155.25970458984375,155.7771528118159,154.3246796974686,154.8693605783014,14078400
2018-09-12,154.887451171875,155.31411447749974,153.71640570337226,155.0417741342789,21572300
2018-09-13,154.92381286621094,155.72266054528598,154.5606876922595,155.48663957107433,14570500
2018-09-14,155.577392578125,156.0766670812293,154.68774647235495,155.02363892118905,15734900
2018-09-17,153.9252166748047,155.722641042373,153.7345881026877,155.6137104297347,20023200
2018-09-18,154.5697021484375,154.96913272696688,153.98871599379547,154.14303892608135,13018000
2018-09-19,154.0068817138672,155.29595832963548,153.48037463078975,154.57879501158098,17593500
2018-09-20,155.43212890625,155.5047539198499,154.15213901368617,154.66050025708046,16918700
2018-09-21,154.68771362304688,155.9767901389985,154.52431775166903,155.91323806559382,32539000
2018-09-24,154.1158447265625,154.7785289779919,153.1989659830033,154.5606539212261,15786700
2018-09-25,154.3518524169922,154.7966754253282,154.18845652727987,154.37001213311737,13758500
2018-09-26,152.9410400390625,154.76144164770557,152.7134898379821,154.67041601184857,17787200
2018-09-27,152.95010375976562,153.55083949313098,152.6952487011062,153.2504716264483,14471900
2018-09-28,153.41432189941406,153.82390941303862,152.41309563183432,152.41309563183432,22740300
2018-10-01,151.39370727539062,154.11521278492387,150.88399702752574,154.08789398226583,27893100
2018-10-02,149.7552947998047,151.5756958927469,149.43671905311655,151.25712014605875,28440300
2018-10-03,151.0659942626953,151.7577417168433,149.73709527951542,150.34692801315092,26027200
2018-10-04,148.9452667236328,150.77476543452474,148.4810692894383,150.58363103338226,29463000
2018-10-05,147.59817504882812,149.41857677200983,146.23287375644185,149.04539108550247,31240100
2018-10-08,147.28868103027344,147.8165852039095,146.13272227531675,147.24316821846062,21330700
2018-10-09,146.71524047851562,148.1260542202906,146.52409223693454,147.10662007945692,20620400
2018-10-10,142.5010223388672,146.53321874593024,142.3189849727865,146.37848629033363,46921800
2018-10-11,139.77952575683594,143.19277832301896,139.7249020493864,141.81836640102404,68877400
2018-10-12,139.80686950683594,141.77289297584392,138.25041979328367,141.59085556612,53492600
2018-10-15,140.32562255859375,141.3450427697148,138.84199116032676,139.5883623067252,32747600
2018-10-16,144.39425659179688,144.59450188198178,140.20732729155503,141.33598130090982,35569100
2018-10-17,143.7753143310547,144.0119615224694,141.89119214152956,143.97554571544495,24140100
2018-10-18,141.08114624023438,143.47497916594148,140.50771520149803,143.27473384728955,31042700
2018-10-19,139.58834838867188,142.31894987210555,139.02402852643394,141.50887198756251,34214200
2018-10-22,139.2880401611328,140.58052374972672,138.8238427101966,140.09811839231364,28218300
2018-10-23,138.0410919189453,139.16063530009552,135.54713609007064,137.3766351654688,37228100
2018-10-24,132.84381103515625,138.33232103946418,132.72549436909682,137.8317077951735,40412400
2018-10-25,135.7200469970703,136.36629570057679,133.26250752146564,133.55376456647292,32311300
2018-10-26,134.2364044189453,136.00219611844778,131.70604741302776,134.2910142424662,36986100
2018-10-29,133.4991455078125,137.10354667442002,132.04283260634725,135.73824551698047,33031300
2018-10-30,136.2843475341797,136.42998298008817,133.3990129688505,133.6629789506297,29017200
2018-10-31,136.55740356445312,138.22307243468114,136.55740356445312,137.676946484634,36785400
2018-11-01,139.7067413330078,139.9615964742732,137.2673956956002,137.34021343432795,28496400
2018-11-02,140.1709442138672,140.9810224917684,138.7510329751697,140.22555404788415,26671600
2018-11-05,140.0616912841797,140.7716467349292,138.6690852932048,140.20731284412156,16940900
2018-11-06,140.75341796875,141.18121335496673,139.733997757455,139.85231438933542,15572900
2018-11-07,143.2747039794922,143.2747039794922,140.89907945668793,141.4087896566126,22127800
2018-11-08,142.8924102783203,143.7206823448591,142.30077150100948,142.5465295743097,14987700
2018-11-09,140.2437744140625,142.01866362010787,139.21524282015903,141.99135870067374,20654400
2018-11-12,137.46763610839844,140.32566628098394,137.29469572115053,140.1891417060846,21886800
2018-11-13,137.03074645996094,139.34265060440927,136.79408534041102,137.9864601700307,18468500
2018-11-14,136.02951049804688,138.76922386956412,135.1466145868449,138.18669589719437,24549100
2018-11-15,137.96820068359375,138.16844591516747,134.82801157181774,135.155684324524,24482000
2018-11-16,138.29592895507812,138.6144909415168,136.58474679415312,137.08536007405817,29323500
2018-11-19,135.49249267578125,138.3778275671355,135.04648928050108,138.05925172928366,21540900
2018-11-20,132.88021850585938,135.10109676997348,132.51612985624584,134.02706650287777,25907000
2018-11-21,134.73699951171875,135.95666503501081,133.3716985528982,133.59924871270164,17902300
2018-11-23,134.609619140625,135.89300582482775,133.62660043922912,133.63571133749153,11134800
2018-11-26,136.35720825195312,136.89422350343642,135.38330041354823,135.91121865500406,15346400
2018-11-27,135.2285614013672,136.2843839448834,134.97369235865446,135.7837706461759,14461800
2018-11-28,138.56898498535156,138.68730165383306,134.43666527177342,135.80196657220827,26125900
2018-11-29,138.19581604003906,139.02410226257737,136.93063723722665,137.99557071396245,15134500
2018-11-30,138.91482543945312,139.13327860584062,137.51312248200767,137.85900318998114,20304700
2018-12-03,140.2437744140625,140.60784926556119,138.36876254057023,140.52593450725877,23379800
2018-12-04,134.27285766601562,140.28928693269847,133.9269768358603,139.94340610254315,41077900
2018-12-06,133.98158264160156,133.98158264160156,130.55012102840925,132.3887309127714,37581200
2018-12-07,131.0871124267578,134.94635461571357,130.40446188236487,133.92693424709293,28525100
2018-12-10,130.70486450195312,131.72428514131798,128.74792408848685,131.3146974836135,30776600
2018-12-11,130.5682830810547,133.06223791190888,129.60347259489183,132.598026682429,29229300
2018-12-12,131.81529235839844,133.58107032218305,131.76066864158798,131.86990218664627,27894800
2018-12-13,129.9493408203125,132.60712484984032,129.73998468694901,132.19753736615831,23205400
2018-12-14,127.98332977294922,130.36805132640208,127.51913238394806,129.00275018262775,24037200
2018-12-17,125.13309478759766,128.65822839724814,124.34770189213017,127.55319351110923,36468500
2018-12-18,124.97783660888672,127.10568949995087,124.46640666903848,126.2655040727617,42277200
2018-12-19,122.37510681152344,126.6490963904479,121.69017151220521,124.93220138265369,47676600
2018-12-20,120.3567886352539,122.74950470709518,118.93212586876042,122.03717332384844,57908100
2018-12-21,117.23348999023438,121.4161621039635,116.87733125485182,120.89561866204731,59404800
2018-12-24,114.95950317382812,117.32481597803746,114.92297246620295,116.64901530577195,28575700
2018-12-26,120.48468017578125,120.63994444170525,114.8956125239414,115.32483976492067,40182700
2018-12-27,120.98696899414062,120.98696899414062,116.77690637459366,118.96870075534365,39527900
2018-12-28,121.33396911621094,123.29744414133263,120.12847666420014,120.98693087668538,35994400
2018-12-31,122.28373718261719,122.42073255942523,120.36592732266328,122.11935945249536,29173400
2019-01-02,122.9778060913086,123.44355689974222,120.12846686224931,120.70381675240301,27295100
2019-01-03,120.77694702148438,122.95960735921555,120.22899310559119,122.29294077841483,29294600
2019-01-04,125.28833770751953,125.66277226080717,122.1102425681244,122.30201660319491,35355300
2019-01-07,127.48017883300781,128.19251056510132,124.87743256114221,125.35231109250655,30477900
2019-01-08,129.43446350097656,129.48925607870922,127.29746935916222,128.58515067604014,27320900
2019-01-09,130.5030059814453,130.95050208037205,129.33405079960096,129.88200463767268,25764600
2019-01-10,131.1787872314453,131.2518486573618,129.08745791287458,129.7358554234398,22896800
2019-01-11,131.21531677246094,131.49843503603296,130.30206981073152,130.60344298030736,22428400
2019-01-14,129.9093780517578,130.99614414696455,129.76325519600644,130.42993549973113,29185000
2019-01-15,131.0052490234375,131.18789559412966,129.76323283367475,130.2746488056288,25678900
2019-01-16,131.98243713378906,132.64910342474917,131.2061717462716,131.215299198051,20827300
2019-01-17,133.17881774902344,133.63544126982444,131.48017769424197,131.49844653688635,19273400
2019-01-18,134.5487060546875,135.08751853587663,133.33408565697667,133.88203952821544,28306700
2019-01-22,132.42080688476562,134.02811648964817,131.5532250749429,133.75415355447228,27741100
2019-01-23,132.05551147460938,133.4984293592337,131.0144105332097,132.7130503781294,20621300
2019-01-24,132.8500213623047,133.11485681933627,131.80892050304206,131.90023682768967,16976300
2019-01-25,134.55776977539062,134.83174658123883,133.72671190716542,133.9002310153706,22266900
2019-01-28,133.83631896972656,134.1650883693375,132.75868051848624,133.29750671162643,22784700
2019-01-29,133.51666259765625,134.08288501834218,133.22443090459385,133.9824273255623,12084800
2019-01-30,134.97789001464844,135.47103719245166,133.0417971766918,134.22902089330717,25516900
2019-01-31,136.12857055664062,136.34775481294872,134.73130401839842,134.80436543716777,27252900
2019-02-01,136.23814392089844,136.69476729738898,135.69020423013353,136.39340813174005,17057900
2019-02-04,137.86376953125,137.8728969843881,135.96421415030315,136.44823393243868,21301700
2019-02-05,138.00987243652344,138.44824099880339,137.2062246090949,137.90941471621457,18295900
2019-02-06,137.83633422851562,138.23816505418404,137.07835163968892,137.93679193493273,13720600
2019-02-07,136.7039337158203,137.6263080886171,135.51670993253907,136.91397660565679,22850800
2019-02-08,136.8500518798828,136.8957030762959,135.6171630058133,136.12857903400635,13463000
2019-02-11,137.9916229248047,138.03727412533118,136.64914876231325,137.25188117268343,16374800
2019-02-12,139.7176513671875,139.90029796425722,138.70394672815215,138.74047047354924,20779900
2019-02-13,140.1103515625,140.4208521947537,139.4528126147609,140.1103515625,15534500
2019-02-14,140.42999267578125,140.97793250532823,139.17883483147736,139.3432265348716,18251000
2019-02-15,142.6674041748047,142.68567301107475,140.8865758520506,141.3523266641435,27240200
2019-02-19,143.06011962890625,143.47109187710757,142.05555641174283,142.05555641174283,15856900
2019-02-20,143.7359619140625,143.90948109436275,142.95056884299746,143.06929542637025,18317400
2019-02-21,143.1880340576172,143.71771914910755,142.5213674489515,143.49854872162706,17497000
2019-02-22,144.42999267578125,144.53959178037977,143.47109457207728,143.62634487396306,20411800
2019-02-25,144.4665069580078,145.66285798204711,144.37517670814114,145.27929601567845,17957100
2019-02-26,143.47108459472656,144.46652030908552,143.27929662629805,144.30212863114093,21497300
2019-02-27,143.6719970703125,143.78158223000224,142.5760897332526,142.91400053403035,18194900
2019-02-28,143.17884826660156,143.81811831137648,142.80441369214702,143.4619525767846,18155300
2019-03-01,144.51219177246094,144.60350809972962,143.15144890027082,144.24734237278614,19247100
2019-03-04,143.20623779296875,145.0053352207908,142.09207550969697,144.7861509579199,23301800
2019-03-05,142.5395965576172,143.33411700582448,142.43001137442823,143.32498955223994,16798200
2019-03-06,139.74505615234375,142.53958966895715,139.617202133121,142.48479708001068,29604600
2019-03-07,138.5213165283203,139.8546634554748,138.23821215061403,139.74507826024532,26822500
2019-03-08,138.4847869873047,138.59437217795434,137.54414360744295,137.7541865345363,20466800
2019-03-11,140.90487670898438,140.92314555121274,138.72221688665596,138.91400489244478,20854500
2019-03-12,140.9779052734375,141.53498638364678,140.4573618391661,141.00530156287073,18966800
2019-03-13,141.53500366210938,142.21993885163667,141.32496077246614,141.48021107655393,24109100
2019-03-14,140.9596710205078,141.57154479922042,140.8226756182321,141.4619456903914,14217500
2019-03-15,141.33412170410156,142.34782658212885,140.94143212457294,141.1240787647036,22025900
2019-03-18,142.2382049560547,142.8774750003095,141.07837748895122,141.60806236420288,24510200
2019-03-19,141.51673889160156,142.95052920883842,141.1605731752779,142.9048640790449,18633100
2019-03-20,140.3373260498047,142.3152012231246,139.55900524469453,141.5093971216559,29463200
2019-03-21,142.1779022216797,142.90128462073264,139.8520628669745,139.8520628669745,31845000
2019-03-22,137.00425720214844,141.50940836222122,136.9584843063567,141.19808001544732,40663000
2019-03-25,137.6085968017578,138.560913262305,135.89627709060167,136.87604890261127,26454700
2019-03-26,139.0553741455078,139.93443441313897,138.07558836775425,138.698258968199,21308600
2019-03-27,138.51515197753906,139.37589487007,136.87607417864933,138.9180540950805,23477100
2019-03-28,139.75131225585938,140.03517129789594,138.20380821668823,138.9912949004952,19473300
2019-03-29,140.18167114257812,140.98747529724025,139.27515544077343,140.72191984982194,28298900
2019-04-01,141.71087646484375,141.85738887114977,140.75857376823876,141.28050500393985,20075200
2019-04-02,141.3446044921875,141.82076280998106,140.56626958649753,141.81159705228652,18253500
2019-04-03,142.07713317871094,142.9836488467643,141.68338290063738,142.60823008158357,19554700
2019-04-04,142.77308654785156,142.85549454611697,141.78414865208572,142.18705082875258,15909500
2019-04-05,144.10995483398438,144.19236281330996,143.0202916444891,143.1210171655061,21379000
2019-04-08,143.87188720703125,144.21985068295513,142.91043271356534,143.62466323726747,14202400
2019-04-09,142.11375427246094,143.48727640906114,141.84821280714837,143.2675218094065,18534200
2019-04-10,144.0458526611328,144.09163952997713,142.23280722686198,142.37015386120422,18938800
2019-04-11,143.8627471923828,144.38467847678237,143.58803989797565,144.2381800289995,12218700
2019-04-12,144.38462829589844,144.8241654030661,143.86269719289606,144.7966960803917,14120300
2019-04-15,143.9176483154297,144.7692393087322,143.3041434355314,144.6318787112629,10964000
2019-04-16,144.2564697265625,144.58611565370433,143.74369027816235,144.41214789043374,16782900
2019-04-17,142.93785095214844,144.77836526348185,142.11372943093124,144.76004772598264,17108500
2019-04-18,142.51663208007812,143.10266753307022,141.61926834909997,142.94700339407717,23276300
2019-04-22,142.1411895751953,142.6722863508894,141.49106374390843,142.21444574827586,15596800
2019-04-23,144.28392028808594,144.72344343380976,142.2602583110725,142.26941009479154,23396100
2019-04-24,144.73263549804688,145.30951939324174,144.10081294087018,144.32973334725637,18053100
2019-04-25,143.53306579589844,144.19235755082227,142.36099466985385,144.06416270804206,19365100
2019-04-26,144.9249267578125,145.12637782204666,143.21259271182228,143.72538613035866,16999100
2019-04-29,145.6208038330078,146.15190069216086,145.1263420522452,145.24537112654278,13698900
2019-04-30,144.94325256347656,145.7673744905426,143.72540817768862,145.73073939750282,24127500
2019-05-01,143.5697021484375,145.34612656712883,143.49645992094986,145.2911879104174,17734300
2019-05-02,144.2381134033203,144.81498308569812,142.55324929624317,143.43230943785676,22715700
2019-05-03,146.99435424804688,147.09507977479248,144.8516628305759,144.96154014259247,20178800
2019-05-06,147.15916442871094,147.52543140104717,144.6868134627785,144.84247762463087,21262100
2019-05-07,144.2472686767578,146.38995948530174,143.0751977743652,145.8771802120284,25434500
2019-05-08,143.5421905517578,144.7600483149457,143.44146505338327,144.0000311857899,16113700
2019-05-09,143.02027893066406,143.4414845467897,140.77686231346846,142.40677407434947,25259900
2019-05-10,143.41403198242188,143.6063312450833,140.71277435330052,142.47088115570008,26544700
2019-05-13,138.8447723388672,141.03325028162155,138.4144009718152,140.7310737490836,26936500
2019-05-14,140.59371948242188,141.1706032497777,138.90886901811328,139.14695513019777,15519200
2019-05-15,141.05154418945312,141.39035577847125,139.24766484596748,139.54982738562296,18410600
2019-05-16,141.93060302734375,143.01110026632105,141.41782372937567,141.4819141555277,13772100
2019-05-17,139.9526824951172,142.17779461940492,139.78786661963542,140.85005994668484,21534000
2019-05-20,138.9821014404297,139.93441778152695,138.6433038430981,139.11944804145944,18689800
2019-05-21,140.85012817382812,141.05156523959766,139.71467813916342,139.76046500637065,11659100
2019-05-22,139.66891479492188,140.63953506554992,139.18360465960785,140.30073734109854,13922600
2019-05-23,136.79360961914062,138.3227954985216,136.05191010595078,138.3227954985216,26379400
2019-05-24,138.0756072998047,138.35031454436734,137.15992579938975,137.70018850349962,16093100
2019-05-28,136.97679138183594,138.86309302458233,136.96763959688144,138.27705742710586,14042200
2019-05-29,135.83216857910156,136.37241722415928,134.9348047651867,136.2900092556973,22622300
2019-05-30,135.45675659179688,136.96763943899586,134.64180062168012,136.2076221229244,17739100
2019-05-31,133.56129455566406,134.45865844899623,133.06683272894344,133.86347110562272,25411300
2019-06-03,134.02828979492188,134.79747283425135,133.07598723163366,133.80853518841928,26554500
2019-06-04,137.49874877929688,137.61777788306364,134.07409465572005,135.44761701945842,21217600
2019-06-05,137.52618408203125,138.16715823208077,136.079405873526,138.04811518557565,18184100
2019-06-06,137.16908264160156,137.8283743968264,135.80471226466875,137.4620934371515,20772500
2019-06-07,138.13966369628906,138.73485087580463,137.37049485661743,137.67267132338543,17107500
2019-06-10,138.95465087890625,140.22744745162777,138.67994366757438,138.67994366757438,18912300
2019-06-11,138.54261779785156,140.30987643790556,137.88332598078705,139.9802305293733,15373000
2019-06-12,138.6982879638672,138.9821470138667,137.91995304364312,138.43273248521535,11957600
2019-06-13,140.16334533691406,140.26405686807902,139.06451658317673,139.4674185965887,14839400
2019-06-14,138.93630981445312,140.04429025608775,138.92715803209433,139.9893516175613,16154800
2019-06-17,139.89476013183594,140.50122962763766,139.37097508836686,139.5547541483505,12509300
2019-06-18,141.521240234375,142.56879645308726,139.91314868678936,140.84125621083535,22100800
2019-06-19,142.02662658691406,142.15527333477945,140.96068837806152,141.68663461500782,15625000
2019-06-20,142.69747924804688,143.55207254884854,141.91641442629168,143.39585958449752,17595700
2019-06-21,141.46604919433594,142.58711938677746,141.15362347419708,142.55036919323632,19854400
2019-06-24,139.7477569580078,141.8888177528365,139.67424251621523,141.84286947403535,24002600
2019-06-25,138.8931427001953,140.13367593177549,138.75531190621703,139.95908091177373,17462200
2019-06-26,138.57151794433594,139.87636739902322,138.5347537222645,139.3985306621916,15726900
2019-06-27,141.17201232910156,141.30065904480395,138.97582009725622,138.97582009725622,22278400
2019-06-28,142.89041137695312,143.36824818987733,141.45691495962512,141.46609900588427,35089900
2019-07-01,143.44174194335938,145.21523009536114,142.6330973029128,144.76495950757746,22850500
2019-07-02,142.56875610351562,143.46009914505518,141.75092748020467,143.36821663835065,19024600
2019-07-03,143.5887908935547,143.66230533483358,142.587182921341,142.9823212905343,9115100
2019-07-05,143.9746856689453,144.02983199855151,142.3022782283703,142.88119550698244,14156700
2019-07-08,142.6055450439453,143.79093194244385,142.32986943316024,143.5428365120369,9735700
2019-07-09,142.7985076904297,142.82607384927383,141.95311276917357,142.00824508686185,12381600
2019-07-10,143.04660034179688,143.86442900816144,142.2931020528095,143.53362111943855,17325400
2019-07-11,142.3482666015625,143.294742215587,141.71421683613053,143.24879393868918,14260800
2019-07-12,143.450927734375,143.96551468585267,142.3206732501335,142.55958461433588,16678000
2019-07-15,142.69747924804688,143.89206464646853,142.2931707634349,143.86449847755063,12194300
2019-07-16,142.6514892578125,143.53363436149647,142.12770421007718,142.55040867078168,15152700
2019-07-17,141.63150024414062,142.7433726871189,141.26392809739448,142.65149016651515,14155100
2019-07-18,142.16445922851562,142.44012079216247,141.26391804912691,141.58554190197182,15705500
2019-07-19,141.34664916992188,142.82607982796597,141.34664916992188,142.37582320036805,17182600
2019-07-22,141.21798706054688,142.15527855595954,140.96069355536605,141.73258809235296,14474600
2019-07-23,142.15528869628906,142.17367081124019,141.08935037224964,141.76934841098765,15493200
2019-07-24,144.50765991210938,144.68225490857563,141.6222855017483,141.77849838768074,23823100
2019-07-25,142.7617645263672,144.48931868016535,142.51365506308997,144.43417233831346,17902500
2019-07-26,144.45254516601562,144.6547063421425,142.89040209530745,142.96391652493938,14260300
2019-07-29,143.48768615722656,144.59957261508072,142.98229724328192,144.44335971167774,13192200
2019-07-30,145.0406494140625,145.0406494140625,142.16447266380584,142.4860825256019,1200
2019-07-31,143.86441040039062,146.31789608214456,142.93631723164103,144.98548065486943,40445900
2019-08-01,141.77850341796875,145.3438758301601,141.13526974088333,144.1584890553486,38070200
2019-08-02,140.20721435546875,141.2823367968124,139.01262919127146,140.91477860234232,30148300
2019-08-05,135.9986114501953,137.76291607832692,134.353769548714,137.63426930402923,39221500
2019-08-06,137.2483367919922,137.56076268714594,135.42889973153763,136.8256322115595,24283300
2019-08-07,137.21157836914062,137.56995252660013,134.79484180747076,135.92509660846662,23952100
2019-08-08,140.17039489746094,140.25310737685822,137.82718779338256,137.97420260038047,19415600
2019-08-09,138.4061279296875,139.8120581756344,137.86397475436306,139.7569258556278,19313200
2019-08-12,136.61428833007812,137.94670444364925,136.30186243172722,137.66184471153827,15963000
2019-08-13,138.0845184326172,139.48125061474445,135.69534840188462,136.31101601271266,21912600
2019-08-14,134.22508239746094,135.98018842853566,133.90345854774262,135.95262227243893,28235800
2019-08-15,133.69210815429688,134.77641430919104,133.0488604798293,134.73046604366593,24202400
2019-08-16,136.5775146484375,136.83480817009968,134.2618589320327,134.28942509353612,22783400
2019-08-19,137.9558868408203,138.6542530086396,137.79047584072467,138.13048188813667,17023400
2019-08-20,137.05531311035156,137.8455756497428,136.90829828226978,137.76287717992628,13324100
2019-08-21,138.1855926513672,138.43368808062775,137.64342547813231,138.406121921821,13446100
2019-08-22,137.8639373779297,138.82879478079565,137.04610880284994,138.45203866763376,12979100
2019-08-23,133.636962890625,137.93746538789395,133.17750827458664,137.11963673220336,36974600
2019-08-26,135.10723876953125,135.12562088228532,133.8942857351944,134.89589354791266,19167100
2019-08-27,133.1040802001953,136.0170223661227,132.9478532069835,135.96189002567135,24546200
2019-08-28,134.65699768066406,135.43807639742204,132.5527010057119,132.83756071938106,20115500
2019-08-29,137.0186004638672,137.18399744883362,135.96186011383503,136.13644114637293,18786300
2019-08-30,136.77047729492188,137.808849446027,136.0353469407265,137.73533500846295,18727100
2019-09-03,134.76722717285156,136.29261981606106,134.16074373329477,135.49315927430285,20688000
2019-09-04,135.85154724121094,136.32938400214,135.24506373942907,136.00776013928632,13107500
2019-09-05,138.37857055664062,139.59153775958706,137.25749990717028,137.69858653812105,25666700
2019-09-06,137.7445068359375,138.96665796181435,137.68019047217769,138.47963712492017,14645900
2019-09-09,139.591552734375,139.89479456764212,137.89156446281768,138.36021730579728,25780100
2019-09-10,141.3742218017578,141.46610433214266,138.65424371206316,139.38017599431794,29576200
2019-09-11,144.26876831054688,144.41579717206085,141.10771789521596,141.9898770428559,42970500
2019-09-12,144.30551147460938,145.09577403988558,142.95472769236608,144.4341582167965,38648300
2019-09-13,144.5536346435547,146.03307932994835,144.3882376827944,145.04985356872479,31042800
2019-09-16,145.0957794189453,145.87685796782299,143.99309101339858,144.24120046161582,23242600
2019-09-17,144.7190399169922,144.79255434824503,143.76336633214942,144.59957721352583,22986700
2019-09-18,143.82769775390625,144.72822500571522,142.4952819787774,144.70984289240855,19735700
2019-09-19,143.1293487548828,145.0223142362457,142.91800348099974,144.0850225542142,21531600
2019-09-20,142.82608032226562,143.94715090421488,141.92555304250862,143.0190574643644,22707200
2019-09-23,142.71580505371094,143.30390646098255,142.02662305980934,142.3022986616587,14944600
2019-09-24,140.5616912841797,143.19901033017524,140.0176324565855,143.06991138683543,27576700
2019-09-25,142.10171508789062,142.341466313533,139.98079123703354,140.42341429619384,21917500
2019-09-26,140.51560974121094,141.93569826112363,140.11908247264853,141.93569826112363,20641600
2019-09-27,139.3905792236328,141.29018392021322,138.78196391189474,140.92133383046655,20181900
2019-09-30,139.55654907226562,140.40491548377364,139.04936967660103,139.58421212378113,16905400
2019-10-01,136.81781005859375,141.41007412572534,136.52273278509492,140.2666162729342,34093500
2019-10-02,135.78501892089844,136.1354363755859,134.50324579068825,136.1354363755859,24894600
2019-10-03,136.23690795898438,136.4213330626575,133.6456838941994,135.26865857628349,25362800
2019-10-04,137.52786254882812,137.6292984404912,135.66513711589283,136.4674079211297,18640400
2019-10-07,137.2881317138672,138.385479957805,136.58729669650486,137.19591213661468,15762800
2019-10-08,135.05650329589844,136.41203487318447,134.73374897180918,135.94174898191082,18110600
2019-10-09,135.6743927001953,136.1907885824378,135.22253926786692,136.05245921136625,10929500
2019-10-10,136.21839904785156,136.93766647336665,135.64667726621832,135.867981661314,16349000
2019-10-11,138.5237579345703,140.12828527967235,136.19074678006248,138.12723074408754,29236300
2019-10-14,138.0166015625,138.45922453229974,137.49098942412476,138.23792008276513,10692600
2019-10-15,139.6026611328125,140.28504924639398,138.1272326977768,138.47765011701168,16801200
2019-10-16,139.7501983642578,140.41413971291885,139.37211791585102,139.4366744137033,13119100
2019-10-17,141.4008331298828,141.55759511823226,140.21127965559424,140.43258407645052,13175800
2019-10-18,140.7277374267578,141.54844118087289,139.65805201870774,141.0228148082029,14490200
2019-10-21,142.0463409423828,142.91315419282643,141.92647239357868,142.16622356191692,17450300
2019-10-22,142.20310974121094,142.977703387659,141.7697031381611,142.1938793428082,12471800
2019-10-23,142.37832641601562,142.70108085399414,141.5945163206458,142.32300029995793,8728000
2019-10-24,142.17543029785156,142.98691738321665,141.52071927548306,142.885481497546,9091400
2019-10-25,142.931640625,143.4203734963171,141.9172814180774,141.92651181951646,10531500
2019-10-28,144.16726684570312,144.75743548424603,142.9408197856141,143.5402188231958,15392400
2019-10-29,144.63755798339844,145.0893972449726,143.72463499105314,143.8629502607739,11978300
2019-10-30,144.1580352783203,144.60065819275485,143.18978622052762,144.58221146735752,14451500
2019-10-31,143.34654235839844,143.9459413081506,142.23076175515786,143.9459413081506,17344200
2019-11-01,145.79022216796875,145.87321132412848,143.89983387686962,144.22257417440025,18421600
2019-11-04,146.57403564453125,147.26564010407205,146.1314127302292,146.98899550610997,16182000
2019-11-05,146.75845336914062,147.96646758432118,146.59247506107602,146.9889881774935,13760200
2019-11-06,145.91004943847656,146.61088408089807,145.52275274853412,146.61088408089807,16025500
2019-11-07,146.29737854003906,147.69903406468904,145.85475566357553,147.30252096239886,13448900
2019-11-08,146.69393920898438,146.8691479484135,145.65191717178828,145.9562248659446,11967400
2019-11-11,146.4173126220703,146.52796486241192,145.58739267804341,145.72570797847038,10508700
2019-11-12,146.46336364746094,147.4316125741601,146.1498397117989,146.55556912050614,14316900
2019-11-13,145.8363494873047,146.15910392552746,144.95110348824866,145.4582830037138,14514400
2019-11-14,145.79022216796875,146.53715271486308,145.50434717887126,145.63344611202916,13054000
2019-11-15,146.54638671875,146.8875737823804,146.02077459560942,146.83224767160033,13119200
2019-11-18,146.17750549316406,146.3803772366732,145.64266308488783,146.36193051342863,10759500
2019-11-19,146.72157287597656,147.26563164258025,145.98385868070773,146.72157287597656,15203700
2019-11-20,146.16831970214844,147.1734624001734,145.01564538532605,146.20521315989635,21314300
2019-11-21,145.44903564453125,146.51872066683595,144.98796596982024,146.45417822915593,15388300
2019-11-22,145.90084838867188,146.1959255815908,145.09859188056708,145.98383753004978,13482400
2019-11-25,148.99929809570312,149.22983296450994,146.5187406560248,146.64783961972734,24753000
2019-11-26,149.10069274902344,149.88450264367034,148.73182861854738,149.1560188509129,15496700
2019-11-27,150.15196228027344,150.24416777911838,149.46035772064783,149.73700235864422,13202500
2019-11-29,149.17445373535156,150.115025534276,149.08223419236992,149.76462222654456,9988200
2019-12-02,147.71751403808594,149.58023958229327,147.45931612947075,149.52489939839225,17190900
2019-12-03,147.24725341796875,147.32102627888773,145.79028514470636,146.45422682224253,14884400
2019-12-04,148.26156616210938,148.66730973452718,147.81894320616726,148.00336826524895,10833200
2019-12-05,148.4091033935547,149.06381442665284,147.95725006439326,148.89783610414207,11470700
2019-12-06,150.1427459716797,150.68680484834917,149.84765460558253,149.93064377577332,16486200
2019-12-09,149.8568878173828,150.45628694577294,149.7462355779955,150.0782063668898,13476700
2019-12-10,149.9490966796875,150.27185111580798,149.3312649360475,149.76467160364638,13704400
2019-12-11,149.90301513671875,150.38253168135805,149.34050940283439,150.19810657056877,19612200
2019-12-12,151.19395446777344,152.24519262801937,149.61709019204056,150.07815980742436,24857000
2019-12-13,150.6129608154297,151.97772256170956,149.893693538963,150.98181077797318,23279600
2019-12-16,151.67459106445312,152.5723487780154,151.54501851416316,151.84117829096218,20115300
2019-12-17,152.4335174560547,152.4335174560547,151.50799517141277,151.9152272362311,12980000
2019-12-18,152.72972106933594,152.97035182609588,152.08185816855757,152.76673575408668,15379300
2019-12-19,153.38681030273438,153.38681030273438,152.60012480330627,152.9703280827607,11919800
2019-12-20,153.60891723632812,154.0161492548173,153.3775366914909,153.77550444988404,25449500
2019-12-23,153.91436767578125,153.96989675650036,153.04437441824834,153.85883859506214,13372100
2019-12-24,154.26605224609375,154.28456664659896,153.67371853107483,154.05318606850798,4334500
2019-12-26,154.26605224609375,154.5437117642729,153.96989244975916,154.40488906635818,9371200
2019-12-27,153.50711059570312,154.67326346799953,153.109128711426,154.67326346799953,12261800
2019-12-30,153.11843872070312,153.83109497232067,152.31323869608656,153.6182146374836,14912700
2019-12-31,153.3312530517578,153.96061545801845,152.44275969536866,152.78519837206582,17362400
2020-01-02,153.43307495117188,154.33083264869128,151.9985126628013,154.321582510389,18297500
2020-01-03,152.8314971923828,153.0906422985817,151.5079930006857,151.54502180005645,19295600
2020-01-06,153.03512573242188,153.21096311558574,151.35991842150068,151.6468422118581,17150900
2020-01-07,152.5260772705078,153.02585309672781,151.98002250499815,152.5723562097975,11817900
2020-01-08,152.9980926513672,153.6644698523903,152.45203787124683,152.54459575230277,13832400
2020-01-09,153.18319702148438,154.05319027845752,152.95181643707025,153.74776621234884,11895400
2020-01-10,152.609375,153.3497956815378,151.970762338703,153.22022312144492,15353000
2020-01-13,153.59967041015625,153.67369975843425,151.85043401836754,152.65563381260978,17271100
2020-01-14,154.16424560546875,155.10826811795218,152.6926545174708,152.84074146457164,18323000
2020-01-15,154.9046630859375,155.44146771549995,153.76627460932806,153.7755247482974,15437200
2020-01-16,156.90377807617188,157.2184522360918,155.88569800308025,156.03378494504778,19976200
2020-01-17,156.47808837890625,157.85710779972604,156.10787092317966,157.5979626418934,18306400
2020-01-21,155.1822967529297,156.40399276616967,154.81209354292514,155.82090929418266,17935100
2020-01-22,155.08053588867188,156.06158740348775,154.7288328466241,155.6636195378876,14916300
2020-01-23,154.9787139892578,155.45998956336143,153.12766929754412,154.65478964161807,15954300
2020-01-24,153.0721435546875,155.4970076345637,151.99853422071538,155.4970076345637,20491400
2020-01-27,151.3321533203125,152.23917538514658,150.32333735513706,150.7213193065133,18539000
2020-01-28,152.5908966064453,153.08142242271495,151.31368510481548,152.24845778589753,16690400
2020-01-29,151.72084045410156,153.22944608951886,151.6930759191728,152.80371380571287,14944400
2020-01-30,151.72084045410156,151.9152063209503,149.86979613966457,150.71202469209678,21889700
2020-01-31,148.5740966796875,151.711616774945,148.1113355203731,151.15631185717766,30439000
2020-02-03,150.23081970214844,150.7953748724085,149.46263432876702,149.56444236915135,17373200
2020-02-04,152.49830627441406,152.99808207947285,151.93373713262326,152.07255982226488,15994200
2020-02-05,154.8490753173828,155.0526912763314,153.34973427634725,154.08089040359403,17807000
2020-02-06,154.4974365234375,155.62657490134532,154.34009942125036,155.385944178415,14768900
2020-02-07,152.6001434326172,153.96991268063874,152.155882496217,153.90511933153186,18029600
2020-02-10,153.46083068847656,153.53487415769447,152.21138421658716,152.30392796134873,11428800
2020-02-11,154.5251922607422,155.45071445795654,153.8865796850886,154.3678410595495,15005600
2020-02-12,155.5895538330078,155.7561410676538,154.8213686322136,155.50626021568482,12123000
2020-02-13,155.99676513671875,156.36696835710572,154.6640109475695,154.76581895152805,12649300
2020-02-14,155.39520263671875,156.2096668538542,154.87691236121466,156.13562336844637,16006200
2020-02-18,155.06201171875,155.54328730560303,154.03468132274,155.02499703776928,13412100
2020-02-19,155.8579559326172,156.5428475461784,155.05275601842033,155.6450897493232,11084600
2020-02-20,156.2374267578125,156.51508628926214,154.18276599637585,155.3951980239438,20383800
2020-02-21,154.65478515625,156.07083317455408,153.94212901635092,155.62657229333527,18729900
2020-02-24,149.9994354248047,154.61778357132005,149.1016774875463,149.80506948976478,28239500
2020-02-25,144.66836547851562,150.637980541006,144.34444119836806,150.41586426258417,45047000
2020-02-26,142.99319458007812,146.6860336212405,142.73404946726143,145.35327925684058,39465000
2020-02-27,137.95835876464844,143.4652139040462,137.73624243970417,140.07781284749353,50530300
2020-02-28,135.4316864013672,138.02315179112608,133.19192402176384,134.06191728540114,72036400
2020-03-02,139.7816162109375,139.96671782577232,134.56167158744705,136.9495205491557,33569300
2020-03-03,136.93104553222656,142.71556092411137,135.4131892582901,139.8371855002154,42941300
2020-03-04,140.8274383544922,141.09583353484967,137.45853866128223,139.0874523833539,36195800
2020-03-05,136.3479461669922,141.12363029718543,134.6542387359505,137.75472983456592,32729400
2020-03-06,133.64541625976562,135.1077432080193,130.4893959075112,132.0812954146051,39688300
2020-03-09,120.6511001586914,126.02838302215883,120.55854227011169,124.14032354735147,56320000
2020-03-10,124.41793060302734,124.76038338729315,118.48534460449969,124.67708978666633,54432700
2020-03-11,116.50473022460938,122.4188234890716,114.922088133986,121.16936288910806,51354800
2020-03-12,103.63074493408203,110.97013789642591,103.28829910182404,108.07324824636848,70114300
2020-03-13,110.57212829589844,111.02563215547697,101.3909506025511,109.4985192522899,57915100
2020-03-16,95.9026107788086,103.0106213995929,93.87571494619145,100.53022167616365,59095700
2020-03-17,100.2988510131836,102.27021090766137,93.11679621575198,97.14281668087749,59344800
2020-03-18,92.52448272705078,98.82728850665977,89.08153799876489,95.37509363769352,62296700
2020-03-19,96.13400268554688,98.84578327434339,88.56323008025377,92.237554696802,62654700
2020-03-20,93.84795379638672,100.65979784794098,92.96870345746386,98.21641977088066,76203700
2020-03-23,92.45967864990234,94.56986835196506,88.7668466712926,94.31072323924504,63534700
2020-03-24,100.91895294189453,101.1873552575721,92.48744418201355,97.52228777866185,73386700
2020-03-25,102.17323303222656,105.91750874220236,98.503280011318,101.71797554959963,56043700
2020-03-26,108.5282974243164,109.2622881452975,103.31603967655448,103.63193773715038,51657600
2020-03-27,104.57960510253906,107.79429367536828,103.00942925055823,104.29158606412703,39931500
2020-03-30,106.8837890625,107.0881924341967,102.9444024692283,105.21140428359854,41552100
2020-03-31,106.34487915039062,107.93364070412186,104.02212709724961,106.47495269828838,52948000
2020-04-01,99.09791564941406,102.55416540068629,98.04802698716418,100.99327544365319,54224200
2020-04-02,100.03630828857422,102.56346427712178,97.15609645310369,98.2245640776191,43774200
2020-04-03,97.2025375366211,100.34289598886527,95.32574977172655,99.03286033320822,42189200
2020-04-06,104.64463806152344,105.30429888928218,101.29058304523733,101.35561982858036,48708100
2020-04-07,104.91409301757812,110.22855236809684,104.42167057574314,108.593332470596,57546100
2020-04-08,109.69892883300781,110.78597504459096,105.25782823787553,106.73509507590241,52822300
2020-04-09,114.94837951660156,115.77527885867603,112.7278286422472,113.27599484247439,69528600
2020-04-13,111.83586883544922,114.75324485830626,110.67449280442408,114.14003491145614,40198200
2020-04-14,114.10289764404297,116.0261365333609,112.69996016271645,115.11562147421321,35089700
2020-04-15,109.44808959960938,110.66520951857272,108.38891513348544,109.50383338567566,34809900
2020-04-16,108.62118530273438,110.02412250225048,106.43779260376333,109.71751751620641,49501300
2020-04-17,113.40605163574219,114.01926162166754,111.54784986769278,113.25739918030638,46250200
2020-04-20,112.06816101074219,114.18651007793103,110.60017978401385,111.11118106195343,36700500
2020-04-21,109.39236450195312,110.78601618982549,108.22170218784527,109.09505242541286,31608900
2020-04-22,110.7209701538086,112.41193377709314,110.34932831703077,111.7894377763654,24333800
2020-04-23,111.80802154541016,114.18652515123779,111.19481851324062,111.59433226468394,38571200
2020-04-24,113.73125457763672,114.57673278501437,111.57573349505401,112.91364117707695,27147500
2020-04-27,118.23738098144531,119.33372031272975,115.07843654482261,115.16205222226631,39021300
2020-04-28,119.95623016357422,122.1396231750101,118.25597363961786,121.82371806187572,47292700
2020-04-29,125.85601043701172,127.14746008281426,122.52982761195494,124.02568058388056,50390500
2020-04-30,121.07112884521484,123.51466860422191,120.91318340279724,122.54839578631518,43727500
2020-05-01,116.26769256591797,118.4232064910136,114.54885722241771,118.13518746420716,43352000
2020-05-04,116.76941680908203,116.97382016821962,113.58260001788368,114.83688498075361,28498200
2020-05-05,117.6706314086914,120.70878825873535,117.15962307393174,118.98996008521345,31209400
2020-05-06,116.80658721923828,119.11075389470301,116.13763331717477,118.4510929880789,29836800
2020-05-07,118.40460968017578,119.38945427200586,117.57771052505869,118.35815180421235,27493000
2020-05-08,122.97582244873047,123.33817131149384,120.03057365612408,120.9318028593741,32122900
2020-05-11,122.36260223388672,123.52397851586544,120.16063733988116,121.16406814874557,33983200
2020-05-12,117.96795654296875,122.91076655123719,117.84716887486957,122.88289465505373,44275300
2020-05-13,114.0192642211914,117.14104382976599,111.87304339847539,116.74153015698776,58719300
2020-05-14,114.39091491699219,114.53027439285354,108.87205284158915,111.46424541977913,55904300
2020-05-15,116.2119369506836,116.63002950114387,112.84858929487436,113.35959760186091,40236600
2020-05-18,123.2730941772461,123.93276201969846,121.55426610807145,122.13030409940032,46981100
2020-05-19,120.8388671875,123.98851883828435,120.8388671875,122.84572864028881,30270000
2020-05-20,124.49954223632812,125.41005730701596,122.99440305338088,123.31957991871941,35901300
2020-05-21,124.72249603271484,125.4843513138711,123.18018530797137,124.54596461305765,32716500
2020-05-22,125.32646179199219,125.47512138823107,123.58904706394826,125.12205839140356,24035200
2020-05-26,128.9406280517578,130.42719523498744,125.41934170700817,130.15774802176134,36971000
2020-05-27,132.945068359375,133.32600319955776,127.59345131374542,131.53284494404323,42682000
2020-05-28,129.79539489746094,134.47807144481317,127.82570549569247,134.47807144481317,42105000
2020-05-29,129.05215454101562,129.40521754330493,126.73870156295675,128.49470231193524,41536400
2020-06-01,130.28782653808594,131.6257342184433,128.78268748616182,129.38659745276064,25567500
2020-06-02,131.36561584472656,131.79300862724818,129.66535897669326,131.06831083785156,24666200
2020-06-03,134.53382873535156,135.71379098454676,132.9636457642006,133.4839400601416,36111700
2020-06-04,134.33872985839844,135.27713107905802,133.02869385410384,133.64190400636406,28904700
2020-06-05,139.53236389160156,141.52065339234605,138.94703997527307,140.1641598644545,53513400
2020-06-08,142.23606872558594,142.51480186105175,140.87958920431848,141.54854305865393,33834300
2020-06-09,139.6067352294922,141.00968705466323,138.49181667263156,140.1642015964018,39646000
2020-06-10,135.8159637451172,139.60669714592916,135.555816625381,139.44875169301469,51774500
2020-06-11,125.45652770996094,131.0311346348273,125.21496651358846,130.2135210825535,72041500
2020-06-12,128.46676635742188,131.02179345344166,124.6388615768754,130.38071165921883,63864900
2020-06-15,131.43690490722656,132.4343972107657,124.24930734852036,124.24930734852036,57354800
2020-06-16,134.5972900390625,136.75076975140863,131.47426934437905,136.75076975140863,48957000
2020-06-17,132.16403198242188,135.16585416970605,131.74452567454892,134.7929486100136,34811400
2020-06-18,132.11749267578125,133.59975578413844,130.3369049488134,130.8589588064813,26974100
2020-06-19,131.43690490722656,134.7183890070829,130.36481725494653,134.63449057709167,50293800
2020-06-22,132.7513885498047,132.9005508337126,129.42328866138695,130.73775461664113,28983200
2020-06-23,133.3107452392578,134.85827198957736,132.98445450850286,134.54131279249472,20344200
2020-06-24,128.9851531982422,132.0056259002902,127.07405203807016,131.53950435999948,42998700
2020-06-25,130.93350219726562,131.05469831673338,127.0553686232638,128.3791659554127,37191200
2020-06-26,127.40960693359375,130.355497252553,127.24181007708201,130.0292066205874,39100100
2020-06-29,131.57672119140625,132.36913309856877,127.81046731211342,129.31137848075664,33935200
2020-06-30,133.478515625,133.88870472790958,131.0640102168411,131.1385913469061,32865900
2020-07-01,132.21067810058594,134.71839923391414,131.66997558032716,133.91666987282645,26457500
2020-07-02,132.7513885498047,135.4362527605539,132.27594977285884,134.7650367078666,24022400
2020-07-06,133.71157836914062,135.82777351433285,133.2454569677703,135.47353092222087,19858200
2020-07-07,131.34373474121094,133.72095758080422,130.96151164182623,132.546322126588,22661000
2020-07-08,132.3225555419922,132.84460927438514,129.67498919920087,131.22250155596646,27358900
2020-07-09,129.64698791503906,132.7047425688478,127.94098221445599,132.39710079744165,34647800
2020-07-10,131.73524475097656,131.91237318176263,129.0783609638799,129.7122793215373,24008200
2020-07-13,130.06649780273438,134.83957559277803,129.94530170692823,133.1242525400928,34235500
2020-07-14,132.21998596191406,132.3598166791918,129.24612942538505,129.98259491120595,28114000
2020-07-15,137.06765747070312,137.7668395692988,134.97942848193478,135.56674599672192,40770100
2020-07-16,136.2566375732422,136.73207637278503,135.063367695061,136.21002257919312,30530800
2020-07-17,136.657470703125,137.5897135172126,135.6506467569228,136.74136914241774,20644100
2020-07-20,136.07015991210938,136.89985540197426,135.3150313253575,136.21930794323103,19663300
2020-07-21,137.99989318847656,139.05333204827875,137.22612999874258,137.4778395242935,24503800
2020-07-22,138.07449340820312,138.5965471445749,137.0676693916729,137.12360168844168,24424800
2020-07-23,138.2143096923828,140.0228629648446,136.76001322892992,137.9532828515013,21704900
2020-07-24,136.18203735351562,137.66430007233046,135.69726708812254,137.31004323705508,20015500
2020-07-27,137.59902954101562,137.6829279708525,135.53876689513208,136.28456390732546,13370700
2020-07-28,136.22865295410156,138.00922599624263,136.16338912630047,137.10496351379143,13268000
2020-07-29,139.23043823242188,139.3236539576416,137.02101359380558,137.0396624288068,19864400
2020-07-30,138.68048095703125,139.01608904813054,136.41513701078688,137.17025165953498,23618900
2020-07-31,137.37530517578125,138.36348030807133,134.8675696655941,138.10245345142476,29881500
2020-08-03,139.6126708984375,139.80844813738676,137.24478054221214,138.2422729004798,20777100
2020-08-04,140.57290649414062,140.7034199365873,138.9414813511078,139.26777206967373,20285000
2020-08-05,143.36961364746094,143.4628436172207,141.4958107444175,141.97124945044146,18190200
2020-08-06,143.31365966796875,143.97555821334745,142.54922808622524,143.37892348190348,18237700
2020-08-07,145.58834838867188,145.6629295155713,142.77297130402417,143.05264697367318,20475200
2020-08-10,147.0985870361328,148.0681275264863,146.03583079952375,146.03583079952375,24000500
2020-08-11,146.25027465820312,148.99107113429093,145.57905861406334,148.4783346804483,30359400
2020-08-12,146.8468780517578,148.12404603327437,145.88666918282428,147.91895149574535,23378300
2020-08-13,146.53924560546875,147.78844752301296,146.03582653578042,146.35279989350477,15799900
2020-08-14,146.44602966308594,147.07063068167997,145.30869221881105,145.69091521112745,13360900
2020-08-17,147.20114135742188,147.32233748073892,146.11975045475938,146.82824990476544,9744200
2020-08-18,145.79344177246094,147.15452243398877,145.15952353619824,147.15452243398877,14670400
2020-08-19,145.80274963378906,147.33162706179422,145.60698663669933,146.29683711677953,14337300
2020-08-20,145.20611572265625,145.88666312569893,144.0687785071787,144.3111707095918,15413000
2020-08-21,144.1340789794922,145.1688691936317,143.1925187476672,144.63748389925553,20685100
2020-08-24,145.644287109375,145.68158478691953,143.87303149820397,145.29936182901653,13707100
2020-08-25,145.80274963378906,146.19430407775738,144.30183834822532,146.18497254701396,16269700
2020-08-26,144.8892059326172,146.14773967761147,144.66546249075842,145.89603008363275,13772700
2020-08-27,145.24342346191406,146.36211191822073,144.1527011501479,145.54173374531126,17508400
2020-08-28,146.47398376464844,146.54856489542243,145.17816684535447,145.9892277519617,12371400
2020-08-31,144.89852905273438,146.70708282848372,144.7773471303212,146.5392859090348,17051500
2020-09-01,146.55789184570312,146.65110758758442,143.98489270157248,144.70272361604762,15638800
2020-09-02,147.7232208251953,148.2079769064697,145.597693859638,147.25709936057888,16763400
2020-09-03,143.3603057861328,147.56471596122785,142.5958740383415,147.40623638211133,32117600
2020-09-04,142.44667053222656,145.3272967200428,139.17448993888246,145.15949988186773,30618800
2020-09-08,139.7059326171875,142.14840465648012,138.90420309075498,140.93648594560784,26447800
2020-09-09,141.82211303710938,142.42806521552183,140.36781642900158,141.16953164509917,20160800
2020-09-10,139.9762420654297,143.45351773610957,139.89234363259814,142.4746600117222,23005500
2020-09-11,139.04405212402344,140.8153225419446,137.6736536344621,140.6941263874566,20851000
2020-09-14,142.70773315429688,143.03400960764318,140.18134884319832,140.38644340239733,21991300
2020-09-15,142.97808837890625,144.21797313732554,142.5026496230047,143.91966280761213,16175500
2020-09-16,144.329833984375,146.22228568921722,143.41622581832323,143.66793535181878,22178400
2020-09-17,143.27639770507812,143.93828212481299,141.46784440344283,142.2788910846292,20002900
2020-09-18,142.9034881591797,144.76797370185218,140.89917189076507,143.54673794738503,38352800
2020-09-21,137.8972930908203,140.07873687686612,136.41503109965254,139.66856217277862,40652500
2020-09-22,138.96009826660156,139.18384164148986,136.62949145487164,138.57787533550305,19385800
2020-09-23,134.82015991210938,139.8360136324329,134.73592740540178,138.88151182816515,33403400
2020-09-24,134.82015991210938,137.1222104743037,132.96727323040227,134.7920728904627,31723700
2020-09-25,137.00991821289062,137.42167080494485,134.1463842688431,134.23060249564068,20689300
2020-09-28,140.38812255859375,140.7811551724923,137.00053126508203,138.84405056208433,17600900
2020-09-29,139.75177001953125,140.63142053667724,138.4978068172274,140.22903511408822,18683800
2020-09-30,140.1728973388672,142.21294034645794,138.95637378179953,140.2758354852931,29073700
2020-10-01,142.4094696044922,142.428189528057,139.89218963106265,141.12743328310086,25872000
2020-10-02,143.0364532470703,143.71958046711103,139.42427938518446,139.81731207119898,29452000
2020-10-05,146.98548889160156,147.21007079956573,144.56176632827942,144.5711334271874,18553600
2020-10-06,146.5643768310547,150.67252103289246,146.30235507214456,148.3236780229784,36348000
2020-10-07,149.76483154296875,150.25144961053826,148.28628597459664,148.4079297821504,27049700
2020-10-08,151.46795654296875,151.860989189466,150.27013868342036,151.336945660803,37278600
2020-10-09,152.25405883789062,153.19922226239413,151.42120068190476,152.86233501507857,25038100
2020-10-12,153.27407836914062,153.6951981512697,152.1604927035737,152.90911836264948,20336200
2020-10-13,152.25405883789062,152.74067692381726,151.11238618193892,152.0856223537922,20106500
2020-10-14,150.7474365234375,153.38638918820521,150.60707277706462,152.54416387260886,19024900
2020-10-15,152.30081176757812,152.703197227336,148.61377293383057,149.06295105333393,22865100
2020-10-16,151.92652893066406,153.18984531758622,151.88908908385758,152.73131428759012,17637900
2020-10-19,150.11106872558594,153.49864632933097,149.75546160771515,152.42248643351303,18360600
2020-10-20,150.4385986328125,152.0200965654986,150.04556592490337,151.18723848178502,18927700
2020-10-21,149.147216796875,151.00944226943804,149.0629842789121,150.54154412592078,17504100
2020-10-22,151.7206268310547,151.7767723126067,148.96001690241405,149.8583874445924,20673900
2020-10-23,152.6002655029297,152.8435673303073,150.89710987394352,152.6002655029297,20889800
2020-10-26,149.30630493164062,151.00944679999935,147.27562864134595,150.58834131402352,26509900
2020-10-27,148.02423095703125,149.78353232167464,147.7996490154113,149.2126960881967,20523000
2020-10-28,143.46688842773438,145.46013855975005,143.21421949909936,144.73021879179504,32338700
2020-10-29,145.17941284179688,145.78767462221202,141.9321990880007,142.96158055544348,27203200
2020-10-30,143.2610321044922,145.31042799953647,141.67018147280146,144.4120716734808,31764500
2020-11-02,145.8157958984375,145.88129421859847,143.8038251538026,144.83320686306877,25252100
2020-11-03,149.95196533203125,150.87839428993829,147.91192250238853,148.25816247420312,30257400
2020-11-04,150.12045288085938,151.92654731115738,147.58445269894227,147.6218782711588,45226300
2020-11-05,154.3221435546875,154.9491252496319,151.51475515869515,151.60832620442542,31911000
2020-11-06,153.11497497558594,155.0707999534262,152.8155276063597,154.98656744038124,24930400
2020-11-09,158.66424560546875,166.66530582200846,158.45836930298063,165.58913164461762,55052700
2020-11-10,161.61199951171875,162.20155568202946,158.85140360098595,160.20830522363934,35492200
2020-11-11,161.54653930664062,162.34195769002721,159.89017565787552,162.21094676340354,23972600
2020-11-12,159.06661987304688,161.5558409697451,157.53191481326218,160.39544864488718,33986800
2020-11-13,162.36065673828125,162.95021297183607,160.31126057317945,160.34870042118325,25440400
2020-11-16,166.22544860839844,166.36581229722503,164.13861324041767,165.1586417359749,31812300
2020-11-17,167.002197265625,167.32036454879136,163.0905616979976,164.73755788066777,26154500
2020-11-18,164.66268920898438,168.18127742950767,164.5691038866732,167.45135760864974,24377800
2020-11-19,165.926025390625,166.1880471897489,163.82985099763377,164.3726002393068,20187600
2020-11-20,166.1038055419922,166.51555810517723,164.54102778925994,165.32709307582314,24898800
2020-11-23,169.21067810058594,170.3055579563792,167.25485316314888,167.74147119209601,24816000
2020-11-24,172.3924102783203,173.53408300433193,170.65182844023042,171.61569756937016,34945400
2020-11-25,171.80282592773438,172.47660035365982,170.21197519728935,171.718607694273,21082700
2020-11-27,172.53274536132812,172.64505061808057,171.45658541467787,171.92448352698096,10384400
2020-11-30,169.3977813720703,172.4859107627173,168.74272708414216,172.0180128028954,25481600
2020-12-01,170.96995544433594,172.3923696045916,169.39782475072403,171.8121805551562,30265000
2020-12-02,171.14776611328125,171.69988244321718,169.15451564184858,170.26811540233695,20142800
2020-12-03,172.11163330078125,173.29073135798296,171.1945570340688,171.56886979787728,19603600
2020-12-04,176.1168670654297,176.350816148747,172.11165990136726,173.14104157961086,24415700
2020-12-07,176.28529357910156,176.81868999054416,175.40564286218256,176.1449155809516,14671500
2020-12-08,178.5498809814453,178.71831740872125,175.06871869327074,175.10614425073854,20165600
2020-12-09,177.2491455078125,180.43084658606548,175.83608423601746,179.6915739382821,29507600
2020-12-10,178.96163940429688,179.3453049276571,175.2839535507073,175.70505891188256,21245300
2020-12-11,178.08200073242188,179.41082948127575,176.21040853193213,177.79190622600441,30865000
2020-12-14,178.2904052734375,181.28491298698464,178.24348091072068,180.1960128105206,32237700
2020-12-15,182.7493133544922,182.95583212135696,179.04138620634515,180.0082630131773,26807000
2020-12-16,182.0922088623047,183.2468403828661,181.13472841790013,183.1717413497151,25494600
2020-12-17,184.26063537597656,184.34513073775096,182.16730182003167,182.7962400875604,23834200
2020-12-18,183.36888122558594,185.7062905124033,182.86198060818128,184.56105521431712,37033400
2020-12-21,183.27499389648438,183.78189444675914,179.7454110883658,180.13967025495185,30873000
2020-12-22,185.35891723632812,185.60297830508082,183.4157677212749,183.979003201379,21919700
2020-12-23,186.9359893798828,187.41472960287106,185.77197584964495,186.40092846285782,18392000
2020-12-24,186.81398010253906,187.6869939640517,185.92220222260804,187.67759763116433,8904900
2020-12-28,186.1193084716797,188.85096236594356,185.98788874592017,188.8321983506035,27168400
2020-12-29,182.51463317871094,186.80457424657223,181.58531305689843,186.46663575036507,33901300
2020-12-30,184.37330627441406,185.37772545425403,183.07787295546413,183.09665129559176,20595700
2020-12-31,184.04473876953125,184.77693643026694,182.69298483473435,184.57041767224652,24747700
2021-01-04,181.6416015625,185.76256549011828,179.23849015919737,185.4340090601481,33664200
2021-01-05,184.44839477539062,185.50913459134642,181.237986333427,181.25675034880612,27442900
2021-01-06,191.9956512451172,194.1077630031956,186.95474909941262,187.2551308789174,52952200
2021-01-07,195.41258239746094,195.74113885201476,193.09395184883232,193.10334817955808,24031400
2021-01-08,194.9901580810547,196.91452943085162,192.11768839026226,196.49210994520706,29017000
2021-01-11,194.82118225097656,195.3656394452004,192.27726899932455,192.52133009038712,20945100
2021-01-12,198.3131866455078,198.43522433963068,195.71295298765574,195.74111332881134,24892200
2021-01-13,196.89576721191406,198.75442169510887,196.37008831352972,198.47280390706706,22782200
2021-01-14,200.8289794921875,201.8240165377484,198.1911888236449,198.29444819575073,33913700
2021-01-15,197.83445739746094,200.84774297981028,195.4970486873456,197.89077808286814,41043500
2021-01-19,200.36904907226562,200.51924716120124,198.7450734162241,200.26578967658216,19744300
2021-01-20,201.25140380859375,202.74395941268907,200.0123056373161,201.22324346313349,25474200
2021-01-21,199.50538635253906,201.97421495682212,198.96092914624177,201.79585655707433,21180500
2021-01-22,201.82400512695312,202.1337832257563,196.7080041407954,197.59039975732435,24800200
2021-01-25,201.6269073486328,204.5557125195784,198.63241379577877,201.75832708348008,33985000
2021-01-26,200.22821044921875,203.4104584637607,199.73069190444343,203.04435964168687,23969800
2021-01-27,196.55784606933594,199.93723117658132,194.58653570283,196.6611054566039,45830300
2021-01-28,195.9289093017578,199.35521880211115,194.90571175299968,197.91898370098315,32202500
2021-01-29,192.96255493164062,198.05979280281304,192.28667792857163,196.87700088560396,40591900
2021-02-01,197.70309448242188,198.6042686788295,193.15031345519205,195.4126237934105,26375100
2021-02-02,200.51919555664062,200.9322330330773,197.96588599655422,200.08737974300013,22773100
2021-02-03,201.1199493408203,201.57992544332618,198.62296076779893,200.6036525571245,23923200
2021-02-04,205.22213745117188,205.41927416172672,201.8990883021059,201.90847030787597,25400800
2021-02-05,208.06649780273438,208.2448562220711,205.36300413578385,207.4000171368384,23338800
2021-02-08,213.37960815429688,213.39838649165543,209.70922384096414,210.07532263924577,20831500
2021-02-09,214.3840789794922,215.54807827302253,212.44092894798592,213.210683353803,19510900
2021-02-10,212.97596740722656,216.2051539026171,211.1642374260806,215.8296587731097,27955400
2021-02-11,212.73190307617188,214.96605266120505,209.72801350197307,214.15875599529454,25847600
2021-02-12,213.33267211914062,213.78326627928809,210.8732398706201,212.08417765728888,17440200
2021-02-16,211.99032592773438,215.55745110568648,211.0140528523325,215.40725304428994,22999500
2021-02-17,210.3288116455078,210.96714629848526,207.41879915962093,209.90639209539097,25042300
2021-02-18,207.07144165039062,209.2398741840863,205.94498486552374,208.7141953060601,24501500
2021-02-19,211.38951110839844,212.43148670149031,208.5545840699883,208.82681979921097,31238200
2021-02-22,210.01904296875,212.51603234915436,209.3150055788848,209.81252418849536,23272100
2021-02-23,208.1697540283203,209.31498923899395,202.34971492450384,207.41879233002882,38646800
2021-02-24,213.08863830566406,213.51105785166686,208.1228344907383,208.97705559090338,27584900
2021-02-25,205.2128143310547,213.64248447781867,204.64957870242617,212.89150841420633,49961400
2021-02-26,204.93118286132812,208.61094957178577,201.6456753351685,206.0670360513608,47734200
2021-03-01,212.21563720703125,212.81641516910548,209.2774501006162,209.78435068712278,26161000
2021-03-02,208.1322021484375,212.11236485615495,207.97262207866936,211.95277046271121,26895400
2021-03-03,205.8792724609375,210.5165191012775,205.77601309164538,208.78928449100457,33407600
2021-03-04,200.12496948242188,207.16534311124946,196.5953863360165,205.1189337281583,59126500
2021-03-05,204.36795043945312,204.7809736168824,194.51142839894567,203.5981961285446,53204300
2021-03-08,205.33486938476562,208.64853775850972,204.33043577115274,205.91686907942534,40619700
2021-03-09,209.65292358398438,211.20181428433193,207.38123154715058,208.77992418134153,32247300
2021-03-10,213.29515075683594,214.93790452771503,211.3989395363919,211.77443470679853,36812000
2021-03-11,217.98870849609375,218.04502918441523,214.76890401819387,215.48233760006502,25256700
2021-03-12,219.27481079101562,219.8004898039407,217.19085875857775,217.77287280032667,23732200
2021-03-15,220.05393981933594,220.1571992164841,217.69776635090994,219.0401241901574,21497400
2021-03-16,216.37416076660156,219.7441496809888,215.07872736802298,219.67844697201843,24675000
2021-03-17,218.07321166992188,218.55196621661253,213.4265682038471,214.93790222984546,29422600
2021-03-18,211.43649291992188,218.65521020298942,210.84509698804627,216.6557539559818,35637200
2021-03-19,213.03231811523438,214.59059089400657,209.28683424127206,210.8075646636405,40855600
2021-03-22,211.4270782470703,214.12120389570524,210.36633851795452,213.7269304262077,26128400
2021-03-23,203.75778198242188,210.14105644516968,202.7909052244993,209.4839578218741,43660700
2021-03-24,199.04542541503906,207.76610906662762,199.04542541503906,206.38619476932502,47270200
2021-03-25,203.7647705078125,204.57358535154415,195.64840876727624,196.8804375099183,59244600
2021-03-26,207.4796600341797,207.54548628820382,203.10642604599067,205.9278710320768,34452600
2021-03-29,201.63926696777344,207.78061120584093,201.3383202917213,205.97488809769325,38078800
2021-03-30,205.0343780517578,205.6644989697289,200.45423748422834,201.62983942460937,36205400
2021-03-31,207.79005432128906,209.16314973364996,206.07837053118476,206.12539749201653,34800100
2021-04-01,210.42335510253906,210.5738212497529,208.80572562745678,209.16309887152605,29799200
2021-04-05,211.5801544189453,213.05670312249558,210.26348587115456,212.9250362677165,27826600
2021-04-06,210.9594268798828,213.1977776957812,210.51739937673295,211.60836148453305,24907800
2021-04-07,207.554931640625,211.01589779138016,206.84957028755784,210.88423091283215,26233700
2021-04-08,209.31358337402344,209.55811777531846,206.3322584130706,208.63643547147026,23989400
2021-04-09,209.34181213378906,209.81205297025505,208.07217048569774,209.24777257686273,23267400
2021-04-12,208.5236053466797,209.66158017647598,207.2821626044161,209.46408705423258,20533900
2021-04-13,207.9781036376953,209.32299980862618,205.80559340449452,208.29786394244985,24608400
2021-04-14,210.0283966064453,212.54888087185267,208.5988602921444,208.6646865539895,27362000
2021-04-15,210.940673828125,211.72127550792396,209.0314967663161,211.6930621996698,20587300
2021-04-16,211.2791748046875,212.24786965468584,209.73678563424855,211.98453596831402,23943000
2021-04-19,208.5330352783203,211.2886545439081,206.84957909161758,210.39519966211793,25285900
2021-04-20,204.26321411132812,208.42954097846302,202.42927774373365,207.63014017751735,35570800
2021-04-21,209.2572021484375,209.37005537313024,202.67382949657656,204.10336586200958,31147800
2021-04-22,208.39193725585938,211.91874363843766,207.6395490241203,209.97193962696073,31943700
2021-04-23,212.3231658935547,213.1601941211035,208.80577314774013,209.55816145747932,27999500
2021-04-26,214.53329467773438,215.07877582017593,213.25423891112277,213.48935935093655,19069200
2021-04-27,214.85304260253906,215.73709770119467,213.96898750388348,215.09757703019136,19648100
2021-04-28,215.2198028564453,215.83112449816687,213.58337407997658,214.50504201677242,16222700
2021-04-29,214.42044067382812,217.2042586346889,212.35136933055125,217.11021906947533,25500300
2021-04-30,211.5049285888672,214.24173377548374,210.79956731503478,212.28553012064847,27006000
2021-05-03,212.5394744873047,213.87495684167678,211.5331521329566,213.68686336300414,18693400
2021-05-04,210.00015258789062,212.68053117452868,207.80884285429002,211.23219567004503,26892700
2021-05-05,209.1631317138672,211.17576204879862,208.18503702565337,210.93124196439825,25139500
2021-05-06,209.34181213378906,209.54871924988302,205.62691239582992,209.39823873806714,27647300
2021-05-07,211.9751739501953,212.48302776389562,208.93742201773347,209.40766287696462,26172700
2021-05-10,206.58621215820312,212.23850196772486,206.52037155139,211.82468772664754,28109100
2021-05-11,205.92788696289062,207.27276895533987,201.65809185062176,202.1283327180145,39519500
2021-05-12,199.24107360839844,205.74920589457415,198.94951219802238,204.1786030221714,42113400
2021-05-13,202.90892028808594,204.49833660637086,199.1940205619721,200.61414271735114,37739900
2021-05-14,207.86524963378906,208.23203688797065,202.84306692573517,204.96856455049914,25070400
2021-05-17,208.1474151611328,208.21324141731776,204.9309551428732,206.69906531772276,20048500
2021-05-18,206.56741333007812,209.95315340858025,206.40753315284508,208.21325641117528,24564500
2021-05-19,204.9779815673828,205.17548903665025,201.31010871480223,203.1722584437576,31202800
2021-05-20,206.3416748046875,206.78370234223559,203.4544035100641,205.2789402649458,24932800
2021-05-21,206.87777709960938,209.1349276183256,206.29468299157384,208.15683288704537,24213700
2021-05-24,208.22262573242188,209.2101343073602,206.90595719957795,208.01571862717344,18324200
2021-05-25,206.21002197265625,210.39517721292006,206.1441957129109,209.00325389970035,20514900
2021-05-26,210.05661010742188,210.37637046665438,207.01884364287403,207.02825764501281,20388200
2021-05-27,212.21969604492188,212.88744438563697,210.83718675761213,211.64600161719054,21225700
2021-05-28,212.07862854003906,213.65863094641156,211.65541463480446,213.56459138447732,20668400
2021-06-01,214.4862823486328,214.95652326033309,212.5112791298599,213.92200186496075,23081500
2021-06-02,214.74020385742188,215.29508465651858,213.32948120510716,215.28568500505713,18927500
2021-06-03,212.94386291503906,214.07243807496943,210.7055118965721,213.32006420209035,24811500
2021-06-04,213.8655548095703,214.48627623948215,212.74639352611595,214.0160353411756,19395800
2021-06-07,216.7340087890625,217.04436947771237,213.72447016511077,214.3263778899011,24049900
2021-06-08,219.02880859375,219.5836894186095,216.29200307704392,217.44880603809304,27770300
2021-06-09,217.571044921875,219.73415582018916,217.23247091735092,219.64010190480533,18700600
2021-06-10,215.95755004882812,218.68903810001297,215.42067770648327,218.21809089310742,29069000
2021-06-11,218.2369384765625,218.33113366925858,216.70166031523004,216.91829201182875,16707200
2021-06-14,217.596435546875,219.79105109478766,216.76756392440714,218.8114729278407,19182800
2021-06-15,216.9748077392578,218.02031116165477,215.20404156059692,217.6906423527615,17039900
2021-06-16,216.51333618164062,217.2762686105586,214.4129149657523,216.35321580279626,24527000
2021-06-17,214.0831756591797,216.82409186124033,211.47413847274544,215.91988126957528,48292500
2021-06-18,209.22299194335938,212.62323104664296,208.28109761416357,210.70175856667004,54023700
2021-06-21,213.69703674316406,214.2810067558879,210.30621066760946,211.0314734839139,26736400
2021-06-22,214.66717529296875,215.13812253495823,211.66252958952873,213.12246891413,21188500
2021-06-23,215.37359619140625,216.59806189521433,214.74252861169677,214.74252861169677,22387500
2021-06-24,218.4158935546875,218.43473546704237,215.43009000792264,216.74873642940085,21732500
2021-06-25,218.78321838378906,219.8475635979718,218.2840155282551,218.79263215330525,27619000
2021-06-28,217.05018615722656,219.07525372589876,215.47722395616958,218.7455992509968,25006000
2021-06-29,216.01405334472656,218.26518033475557,215.477181022437,217.79423314544266,18844300
2021-06-30,216.0423583984375,216.93716976035725,214.52590752740895,215.3641931410725,26039000
2021-07-01,217.94496154785156,218.3782393292163,216.3625857317419,217.39866102881302,18089100
2021-07-02,215.872802734375,218.59487726423384,215.27940460033622,218.51952397958055,21029700
2021-07-06,212.7362823486328,216.12710813816926,210.8619072077267,216.0329129437276,27771300
2021-07-07,210.75830078125,213.4992171297917,208.91219567417548,212.4348717828901,28521500
2021-07-08,208.81797790527344,211.0596910937026,205.19169322229573,206.56685094717184,42297900
2021-07-09,213.22607421875,213.29199935796785,210.36270698823557,211.1350673504694,23976400
2021-07-12,213.40501403808594,213.70641276257544,211.5023833888992,212.4536915274088,16831000
2021-07-13,209.3831329345703,212.6232520465638,209.30777965613228,212.14287669304244,25357500
2021-07-14,206.15248107910156,211.32348797270382,205.85108225931984,210.71126218828425,30594100
2021-07-15,204.98451232910156,206.3314146160222,202.45081372944077,205.17288836173918,45477000
2021-07-16,202.46022033691406,207.10376770545008,202.00811500014711,207.0566701059147,36620200
2021-07-19,199.42730712890625,201.9892611731041,196.90303691098205,198.39123186107994,58571000
2021-07-20,205.61557006835938,206.52920887355256,198.98462480947623,199.87000792973927,40794600
2021-07-21,209.15711975097656,209.30782634146715,206.61400711817672,206.69877418576337,28278700
2021-07-22,205.83221435546875,209.03465006872403,204.9374174096036,208.601386625205,32879000
2021-07-23,206.7929229736328,207.16967499310837,204.30632227745653,207.09432171477962,23660300
2021-07-26,207.39573669433594,209.14766090778167,206.4161584394155,207.5841127057688,22194200
2021-07-27,204.97509765625,206.3502700920023,202.8652629565809,206.28433057155215,35063600
2021-07-28,207.98916625976562,209.65630930401903,204.76787417644786,206.27491124031383,33043700
2021-07-29,209.5903778076172,211.3988136061643,209.23245328205456,209.84467898635572,22634800
2021-07-30,208.20579528808594,211.03147896707694,207.4805324529372,208.7709234005819,28473000
2021-08-02,207.16970825195312,211.5024290323348,206.8777232341593,209.5432865977726,24192600
2021-08-03,208.02685546875,208.2717429067051,204.48533671625844,207.80079557605703,27798600
2021-08-04,205.4366455078125,208.34709656696282,205.2294275321929,206.36912639810086,25588500
2021-08-05,209.12884521484375,209.51502542860857,205.97349273210423,206.35967294586905,23915200
2021-08-06,210.40982055664062,212.1240755167863,209.23245238253074,210.74890316567107,24429200
2021-08-09,209.2512664794922,210.2214165762126,208.35646966055768,209.96710106020615,17225600
2021-08-10,209.6657257080078,210.2496957107763,208.3376509867087,209.70339516501846,22681600
2021-08-11,210.6923828125,210.7300522687111,207.65948137549094,210.06131522273554,25691300
2021-08-12,210.1931610107422,210.8336423140273,208.82741698401045,210.75828903619936,23269500
2021-08-13,208.28115844726562,210.32506801392935,207.876136293889,210.02365484191222,20813700
2021-08-16,206.34080505371094,207.46164727334636,205.00330241040228,207.00012823354572,24074400
2021-08-17,203.82595825195312,204.80553655249747,201.3299436468366,204.07086001317376,35161500
2021-08-18,202.04579162597656,205.37067818635097,201.91392696589998,203.54341486019555,29102300
2021-08-19,199.62510681152344,201.63134653664596,198.43831063737508,200.08662588176483,38119900
2021-08-20,202.99713134765625,203.4680786549211,199.13535767921584,199.7758534906251,31759500
2021-08-23,206.85887145996094,207.16028460729976,204.80554828935223,204.84321774668464,25778800
2021-08-24,208.89334106445312,209.02520570694395,206.9247851972087,207.51818327450144,18677900
2021-08-25,209.6280059814453,210.95608047532065,208.0173746779517,208.8839157625049,21548000
2021-08-26,207.4051513671875,210.19316521389894,206.97188797622334,209.2324288675916,22380300
2021-08-27,213.2543182373047,213.83828817629907,207.7536582956007,207.82899720139437,33998500
2021-08-30,212.37835693359375,214.139709331252,211.9074097077693,214.0455141372196,20733300
2021-08-31,212.7928009033203,213.44271039927898,211.29519211743164,212.15231955042552,20839800
2021-09-01,214.22450256347656,214.9780210913188,211.80382662826113,213.64994630286606,20451500
2021-09-02,215.71267700195312,216.48502299904675,214.3751885701712,215.06276751371232,22810100
2021-09-03,214.71426391601562,215.66557213108644,213.9890011694622,214.987406981197,18213100
2021-09-07,213.23550415039062,215.69384947254088,213.10363948979202,214.4882256121623,19153400
2021-09-08,210.9090118408203,212.8398984139378,209.69397427613487,212.50081582367244,25241500
2021-09-09,210.805419921875,213.14131441475377,210.00481816633715,210.55110436556512,27180500
2021-09-10,208.7426300048828,212.19938068973713,208.64844918923214,212.0769441921745,24366100
2021-09-13,209.92942810058594,210.40037529975476,207.4522412338642,210.2402549766975,34693100
2021-09-14,207.2544403076172,210.76771681598098,206.34081594942458,210.74887490351435,30312600
2021-09-15,209.12884521484375,209.7975966672699,206.7081837014918,207.23564234850218,27572000
2021-09-16,209.27955627441406,210.36272927828495,207.46169228541893,209.34548142061735,22369000
2021-09-17,209.55271911621094,210.07076405162712,207.81963639788398,208.7426891368798,39957600
2021-09-20,204.57008361816406,206.265496715783,201.77265560013547,204.81497103197603,44958500
2021-09-21,204.88087463378906,206.54801737969973,203.27965702258325,206.0582426379357,26711200
2021-09-22,208.06448364257812,209.61861814861334,206.15243900935192,206.161867152284,32100300
2021-09-23,211.74732971191406,212.538517752694,208.68617216092767,209.27014223309789,31057800
2021-09-24,210.72601318359375,211.96363057442898,209.5828619293907,210.6976719010333,28866000
2021-09-27,213.92874145507812,215.10021976013192,211.17952128923835,211.26454515027407,29743200
2021-09-28,209.06324768066406,213.13512306809852,208.6475707312917,212.95561866811292,39938200
2021-09-29,208.6192626953125,210.35759557567155,208.00516783877512,209.98914442803337,23628900
2021-09-30,206.66358947753906,210.3103167073482,206.52188306818053,209.84738507726362,33153600
2021-10-01,209.99856567382812,211.1511592849265,205.70941647690316,207.7973012990487,32647000
2021-10-04,208.09017944335938,210.03637234046084,206.83366293293344,209.86631021233887,32580200
2021-10-05,208.80819702148438,210.73547650650428,207.73118492956243,208.75151445070583,20407600
2021-10-06,207.72174072265625,208.03350929640735,204.7835738295955,206.67306985302466,32893300
2021-10-07,210.9244384765625,212.5210649423341,209.1388652892872,209.2900284327745,24289300
2021-10-08,209.33726501464844,211.7274763178879,209.26168344424156,211.04725659993645,17989600
2021-10-11,208.1374053955078,211.19839374958832,208.08072282860593,209.57342622509347,15929800
2021-10-12,209.2805633544922,210.1780709956921,208.18465230710467,208.64758397773628,18800600
2021-10-13,210.27256774902344,210.39537518544645,207.6839530582095,209.6301316175301,19676200
2021-10-14,213.3902130126953,213.5130348581629,211.92586523539504,212.33209993085006,18160000
2021-10-15,212.719482421875,215.78991370019637,212.62500184702657,215.3836645272022,27555300
2021-10-18,212.59664916992188,213.21072962640807,211.3684738412385,211.51019469591984,19082600
2021-10-19,213.3902130126953,214.3444176600182,212.1998357956194,213.4941358629272,15498400
2021-10-20,214.80735778808594,215.38365467058006,212.68167469267976,213.48471629500654,18130500
2021-10-21,215.35533142089844,216.3567621232122,214.0988146893706,214.6373280381878,17851600
2021-10-22,214.8451385498047,215.77098752069773,213.22017089395408,215.21358968015977,16887000
2021-10-25,216.88575744628906,217.27309308492386,214.72227693063786,215.20409311471954,16387100
2021-10-26,215.25135803222656,217.9722365966972,215.21357445914623,217.32035823931704,25290200
2021-10-27,211.29286193847656,214.89236354445336,211.1511555198475,214.62782087016421,27088500
2021-10-28,215.5064697265625,215.64817616216544,212.3510148243113,212.3793561114319,22890600
2021-10-29,215.4497528076172,216.1866549867047,214.4199810978293,215.21356584212225,20777700
2021-11-01,221.0332489013672,221.24108019936347,216.24336961145787,216.5834794688225,35500800
2021-11-02,221.49615478515625,221.8740626159313,219.79560558594292,221.4300299245892,24949700
2021-11-03,225.4546356201172,226.5599889201944,220.9954244314572,221.2127124094958,47648500
2021-11-04,225.36962890625,227.6275759556758,224.43432323550925,226.24823759015294,26514000
2021-11-05,228.4495086669922,229.95165450811032,226.92846382971555,227.84487053131323,42041700
2021-11-08,229.15806579589844,230.95309559223483,228.56286996047461,230.2728758990962,31324500
2021-11-09,227.8260040283203,229.12976105070572,226.3049589741081,228.62904569891964,29895900
2021-11-10,224.2359161376953,228.21329665838334,223.25337026508268,226.81507382581322,32471600
2021-11-11,226.04039001464844,227.09851752454838,224.5288019394781,225.1428823425614,17987500
2021-11-12,226.26715087890625,226.93792831628255,225.54914757308,226.66394331757687,20526700
2021-11-15,225.36962890625,227.4575138265821,224.42488094555787,227.27802382324685,27390000
2021-11-16,225.78530883789062,226.1443032420218,223.85801502325327,224.62325852599992,21925200
2021-11-17,222.82823181152344,224.97281349950836,222.1385699071032,224.9066742294789,26527800
2021-11-18,221.88351440429688,223.9714138135432,220.17352284200325,223.82969296504456,30637300
2021-11-19,219.86175537109375,221.46782408545218,219.54998680169368,220.38136965342719,33994000
2021-11-22,218.9264373779297,222.71488586550137,218.82251452729457,221.27886495191896,31042100
2021-11-23,218.54855346679688,220.12628087451006,215.98828008023662,218.6052360394784,33843800
2021-11-24,218.78472900390625,219.17207911788822,215.91268720231963,216.7157287151399,24099300
2021-11-26,210.53707885742188,213.6736344425301,207.50443170399805,212.53049753691002,62595400
2021-11-29,210.40481567382812,214.22159092894444,209.0160350777244,213.72087568444002,45982400
2021-11-30,206.1156768798828,209.6017994323976,203.9522102245999,208.46810467456385,64908400
2021-12-01,201.47695922851562,211.82196166598436,201.37303636882427,210.83941564422773,69120100
2021-12-02,207.09820556640625,207.78786753718396,202.0060146653893,202.52561450809142,64315700
2021-12-03,202.8468017578125,208.20351992920143,200.95730620180765,208.11848167324385,64425200
2021-12-06,206.91867065429688,208.4963977768085,201.90206205887858,204.57568569178773,43878300
2021-12-07,211.718017578125,213.55081645917883,209.7151421572315,209.86630528630073,44679200
2021-12-08,213.16348266601562,214.02319233689113,210.73547353667942,212.19039343947102,36546400
2021-12-09,208.33578491210938,213.3334943357161,208.29798692803539,211.57626288465997,34830300
2021-12-10,207.759521484375,210.53708271495898,206.25737573010716,209.9229879088511,32924600
2021-12-13,204.72337341308594,207.57571266681353,203.50095263256145,206.95028135607902,33478400
2021-12-14,202.96078491210938,206.12583953186476,202.13636200664513,203.33984072919134,36543500
2021-12-15,206.1826934814453,206.73231356943427,200.023177458139,202.9892259548637,51261000
2021-12-16,202.01315307617188,208.3811457673743,201.13187547401884,207.95472065473575,52743800
2021-12-17,203.87051391601562,205.96475583194095,199.28404676180557,201.0845149834867,62620900
2021-12-20,201.00869750976562,201.78575110199588,197.8247008952755,200.980270130489,49993000
2021-12-21,206.75125122070312,206.9502573271948,200.95183472781054,202.97973630574688,38545300
2021-12-22,208.74122619628906,208.80756637597457,205.75623621941074,206.45746406466543,32442000
2021-12-23,210.40907287597656,211.12927173652946,208.79812533234787,209.4709404058378,22125400
2021-12-27,212.380126953125,212.49385093778002,209.0445222329556,210.69336818568075,24196700
2021-12-28,211.0818634033203,213.90576037796848,210.70282206989773,212.06737954591898,23120300
2021-12-29,211.30931091308594,211.78311984108197,209.669921611379,211.0534500433078,19444400
2021-12-30,211.2524871826172,213.62153233269996,211.03453907747073,211.26197261730013,23607700
2021-12-31,210.7975616455078,212.38008152321336,210.7407068950931,210.835474452117,23997400
2022-01-03,213.51722717285156,214.81545879522724,211.06288633984764,211.99156209698364,30618800
2022-01-04,213.19503784179688,215.23242468473128,211.67885811397295,214.16161199770298,22013100
2022-01-05,205.97422790527344,214.07636386510228,205.93632955134692,213.09083314899237,40582100
2022-01-06,207.1492462158203,208.87390300422865,204.51487002399372,206.41010552657397,39105900
2022-01-07,204.75180053710938,208.8360312517797,204.6191201539124,207.14927259643326,31583900
2022-01-10,204.0411376953125,204.10746344384555,200.05165910353026,203.5199448446752,45778100
2022-01-11,206.2111053466797,206.41958241469845,201.80468846069147,204.19267485154325,35209900
2022-01-12,204.6759796142578,207.88840346870322,203.3966897642882,207.07345155928192,35284500
2022-01-13,202.79969787597656,206.76074814469646,202.20270844232246,205.45303083949926,34489600
2022-01-14,203.08399963378906,203.16928177862331,199.54938874491313,200.88553351865926,42020900
2022-01-18,196.9434356689453,201.31195489446412,196.65914739870615,201.0845213863724,49434400
2022-01-19,193.740478515625,198.48805349165139,193.6741527809659,197.87209317537858,46209100
2022-01-20,190.2342987060547,198.042675624242,189.83630091214616,194.621774331895,50466000
2022-01-21,186.6712188720703,192.3853525364176,186.6712188720703,189.29610953162367,85821000
2022-01-24,190.9734344482422,191.78838642155253,181.21296717519996,183.90421300349337,85782000
2022-01-25,188.42431640625,191.13450384264084,184.36851345381896,188.08317342616235,61088500
2022-01-26,185.7047119140625,192.88765852617573,183.5725712843542,191.21037051547742,71471700
2022-01-27,181.48777770996094,189.15400277414142,180.61597100854928,187.27772344848375,59829000
2022-01-28,185.02239990234375,185.07925466433758,178.23745208737296,181.65835337585528,65870000
2022-01-31,190.6986083984375,190.6986083984375,183.69571354054042,184.2074207826351,53393800
2022-02-01,192.70758056640625,192.90658669155664,187.59992056190148,191.09663299617227,43429400
2022-02-02,190.79336547851562,193.21926474694112,188.85074608544824,192.95393291817587,42777800
2022-02-03,187.18292236328125,190.69859037816832,186.72806991778998,188.42429923171488,39629400
2022-02-04,187.9884033203125,189.6183069155865,184.7096397271687,186.7185846173675,34291100
2022-02-07,188.91709899902344,190.62281405563655,187.61886714514347,188.03580686164784,33242600
2022-02-08,192.13900756835938,192.48015060382448,188.9171123685794,189.02135091995768,28341900
2022-02-09,195.78733825683594,195.82523661130548,193.5983431837959,193.8542040698466,27329300
2022-02-10,192.78338623046875,198.09952318209932,191.53252367267262,192.27166447155162,44788100
2022-02-11,190.83126831054688,195.26611246760763,189.2297919895529,192.98235020560438,41516600
2022-02-14,190.16795349121094,192.8686702937008,188.80339585932833,191.06820206504202,32262700
2022-02-15,195.26611328125,195.5030177212126,192.01579130552295,192.1579281857007,25847500
2022-02-16,195.67361450195312,196.4127552661156,193.38985201959173,194.54594695010246,30104800
2022-02-17,190.6606903076172,194.29006806141592,190.26269258379193,193.83521558554415,27140200
2022-02-18,189.0213165283203,192.10107426110002,188.3485015537486,190.49959792653465,36255400
2022-02-22,186.35850524902344,189.94997006421315,185.11712834292487,188.08316198940113,31847100
2022-02-23,182.8712921142578,188.4811881575635,182.46382337158667,187.8557713539171,31491500
2022-02-24,187.66624450683594,188.0831987006954,178.07635588607582,178.45541172572158,52221100
2022-02-25,191.8926239013672,192.0063334218238,186.68072547441648,188.28220203185433,33656200
2022-02-28,192.66969299316406,193.88264284047295,189.95950501506704,189.96897598936533,34975900
2022-03-01,189.04026794433594,193.11501265413065,187.4387916520263,192.04421444160047,40638900
2022-03-02,193.54144287109375,194.54591531239976,190.17739716822095,190.31953403840635,29978600
2022-03-03,191.2482452392578,194.36590166571426,189.7983765971202,194.3469452596762,30142700
2022-03-04,188.25375366210938,190.33850990854637,186.66174825571207,189.2392698016887,31610400
2022-03-07,183.5725555419922,189.1350684363291,183.5346427256152,188.7844544121077,39279800
2022-03-08,184.5864715576172,189.1160981077351,183.32615256251918,184.1600464241366,45715800
2022-03-09,189.78890991210938,190.47119594988402,187.26824285363654,187.8368193716159,29048000
2022-03-10,189.44775390625,189.5614634182503,186.26375743473739,187.06923837007412,25661000
2022-03-11,186.42486572265625,191.1913826106769,186.1500628933884,190.26272111582142,24990000
2022-03-14,182.61546325683594,187.09769215463217,181.82893861565773,186.90817145471632,34969500
2022-03-15,185.52462768554688,185.5340986589415,182.77654161296428,183.32616171938108,25464300
2022-03-16,191.36196899414062,191.36196899414062,185.87525302774543,187.19244138511885,31869700
2022-03-17,194.36585998535156,194.4606275357185,189.80782132696578,190.25320278659373,25783100
2022-03-18,196.41275024414062,196.58331451173976,193.31403591391916,193.51304201895192,37092200
2022-03-21,194.6786346435547,197.27509858156955,193.25720771357487,196.34643703597678,26747500
2022-03-22,196.63070678710938,197.8531274695331,195.01975931015136,195.50303921538844,24699900
2022-03-23,193.21926879882812,196.3464105142823,193.0771319088304,195.3514089057968,19775000
2022-03-24,195.4410400390625,195.4980065444064,192.48815544606302,194.05480678262475,19781200
2022-03-25,195.70689392089844,196.1816341172817,194.1117738152528,195.67841066814913,19430400
2022-03-28,195.77337646484375,195.7923701304775,192.77301476327082,195.21318647598352,18999100
2022-03-29,201.01454162597656,201.5272547687228,197.3780292360042,197.49196227040915,29550600
2022-03-30,196.97923278808594,201.04300820790758,196.1721685602002,200.69169056776107,26251500
2022-03-31,194.89987182617188,198.35598036479777,194.7859243111487,196.6659061858387,26771600
2022-04-01,197.08364868164062,197.22606494293092,194.6529667482267,195.76385705005345,25948500
2022-04-04,197.40650939941406,197.90022886604362,195.47906499535674,197.36852206325867,20333900
2022-04-05,192.73504638671875,198.8591925386115,192.27928532847687,197.45396549550475,26509800
2022-04-06,190.0005340576172,191.60515834149345,188.64276947590574,191.10193486036232,34903900
2022-04-07,189.38336181640625,191.06393164747092,186.74379304719034,190.0005182644803,29291200
2022-04-08,187.87371826171875,190.19045320156232,187.52241508225725,189.15552284352654,25249600
2022-04-11,186.6108856201172,189.183984074308,185.98423951932432,187.16158603251026,33702300
2022-04-12,187.19960021972656,191.4912421381708,186.49697935389352,188.6617939819015,33699800
2022-04-13,190.76011657714844,191.2728296344177,187.626828262063,187.69328435841194,22303600
2022-04-14,188.90863037109375,192.14634758618698,188.8231661226394,190.95000747496158,27107000
2022-04-18,187.63633728027344,189.11752458567298,186.60140698200362,188.43391193450043,22246400
2022-04-19,191.37730407714844,192.0229584075981,187.70281885542792,187.86422881605938,22786700
2022-04-20,192.10842895507812,193.57062283696902,191.6621718735819,192.79205620809674,20516200
2022-04-21,187.80723571777344,194.45359886105615,187.06664212655568,193.91238805090063,31547700
2022-04-22,182.9458770751953,187.39894248283025,182.57558029758394,186.9242022813838,35686900
2022-04-25,184.05682373046875,184.30368347567833,179.65123423921045,181.34130858146528,35556500
2022-04-26,178.25547790527344,182.97439724512873,178.00860369798994,182.60410042212644,40513600
2022-04-27,177.51487731933594,180.19240474530775,176.85022939148595,178.18900034843307,37808000
2022-04-28,180.82855224609375,181.73055579317455,175.3785436316498,179.61321840599962,37405200
2022-04-29,175.60643005371094,182.04390721535714,175.18865628120372,180.01201935737328,41193400
2022-05-02,177.44839477539062,178.33141909802336,173.16624330502043,175.55892352754742,38002100
2022-05-03,178.9676055908203,179.93606538277686,176.2995529039379,177.47691407728183,30246300
2022-05-04,183.74346923828125,184.1327452299636,176.30903523240715,179.49929027146513,38834700
2022-05-05,176.2900390625,181.88247851270353,174.1157351370059,181.85399525732447,41468700
2022-05-06,173.35617065429688,176.05269209624817,171.42872618457102,175.61593913104758,45457900
2022-05-09,166.0641326904297,173.42260652269607,165.30455988517897,170.7735623177661,53682200
2022-05-10,166.1116180419922,169.87156736563944,162.55106600699125,168.59926691556737,53650800
2022-05-11,161.98135375976562,169.18790615049178,161.69650675673384,166.2824985929924,64377800
2022-05-12,163.88034057617188,165.53242737875038,160.36725112552253,161.25027552683406,52967400
2022-05-13,169.07398986816406,170.34629018791074,166.1685675353585,166.197050789687,36517000
2022-05-16,168.26695251464844,170.37480059846212,167.2415117316101,168.53280592270386,28225500
2022-05-17,173.41314697265625,173.60304020686291,169.9475483626279,171.29580915979793,31833700
2022-05-18,167.3364715576172,172.2452846794155,166.2540642182177,171.35277056855676,36093800
2022-05-19,167.61178588867188,169.77660019708708,166.05463850037458,166.05463850037458,33627700
2022-05-20,167.1845245361328,169.92852254183293,163.1112451666399,169.48226555752163,42243700
2022-05-23,169.20692443847656,169.9190348057278,166.63382593678952,168.89359413833532,24644100
2022-05-24,166.7003173828125,167.99159710192072,163.6239949957256,167.64979799127983,26861800
2022-05-25,169.70065307617188,170.6976105420407,165.97869109312842,166.0451616852172,27950100
2022-05-26,173.48907470703125,174.51451536541467,170.62163959680663,170.76407036175905,25702700
2022-05-27,178.16053771972656,178.17002730999477,174.13473479362415,174.4765483862925,24952100
2022-05-31,175.94827270507812,178.1985374111513,174.7899050492104,177.46744767642386,29794500
2022-06-01,174.95126342773438,177.49587858092778,172.5870663669857,176.85972841460995,28352100
2022-06-02,179.22393798828125,179.22393798828125,174.86582587253443,175.2646059529371,24876000
2022-06-03,177.60983276367188,178.4643739677784,176.4039883854783,177.82820923773215,18972100
2022-06-06,178.37889099121094,179.74614518399707,177.39143767859997,179.72715151800776,24678700
2022-06-07,181.2557830810547,181.29377040620716,176.5083815913684,176.99262581558494,21661600
2022-06-08,178.45484924316406,181.0659205035368,177.6098122147785,180.36331423665206,21521700
2022-06-09,174.75546264648438,178.0874019331807,174.7173752057333,177.59236688613427,21697200
2022-06-10,170.01461791992188,172.8324936174296,169.1197516945085,171.8424232942083,37153600
2022-06-13,162.02748107910156,166.55892882331437,161.1611731837543,165.2927898669082,39712700
2022-06-14,161.24685668945312,163.01754533754448,159.68560542643425,162.47490815091888,30282400
2022-06-15,163.60772705078125,165.70208582502926,160.56138569495673,162.98894418319708,32150500
2022-06-16,156.02996826171875,160.3329343961796,154.96375222086633,159.78078265327986,43810600
2022-06-17,157.2484588623047,159.4761089023434,155.83952886110828,156.58207403242122,40327300
2022-06-21,160.06634521484375,161.91319368416097,158.80020668148606,159.91402452073285,34665400
2022-06-22,159.7617645263672,161.13260759125765,157.42939498624284,157.99107589234876,29303500
2022-06-23,161.67520141601562,162.05598863312713,158.55269975217746,160.11395058409653,27089800
2022-06-24,166.68263244628906,166.69216156913697,162.693822968321,162.99846437741635,37138500
2022-06-27,167.3014373779297,168.491415699232,165.81633223101827,167.23479161940753,24745400
2022-06-28,164.15989685058594,169.59570985808028,164.07422189503103,168.43428981799264,25909200
2022-06-29,162.49391174316406,164.4073915329963,160.8565005148702,164.26459995394225,21292500
2022-06-30,161.22779846191406,163.0841619116041,158.7526375115914,160.1234949901637,31466300
2022-07-01,163.1793670654297,163.5887126764074,159.6094317441423,160.93268718885534,24598600
2022-07-05,164.53115844726562,164.59778967729085,158.72405863754682,160.5804218468497,25151100
2022-07-06,163.3126220703125,165.36890802464228,161.59905044170435,164.16940062156556,25697600
2022-07-07,167.1776885986328,167.52991756206998,164.55022148062088,164.55973607856922,24822500
2022-07-08,167.1586456298828,168.49143017994686,165.3117967923209,166.66362506447118,20547000
2022-07-11,163.79812622070312,166.56839911337,163.36022235293356,165.89248506602752,22031500
2022-07-12,163.23648071289062,165.03572750077993,162.37017293788,163.30311195075868,23864200
2022-07-13,163.09364318847656,164.0075382220099,160.68511418340518,161.0278284525051,25535600
2022-07-14,161.41819763183594,161.8370723786397,159.00016776542927,160.58044813822838,25102200
2022-07-15,164.7786865234375,165.02621132885326,161.18019298198038,163.303110393218,34935900
2022-07-18,164.3122100830078,167.82501383569235,163.7981313208865,166.7207250090401,23031500
2022-07-19,170.10977172851562,170.30016534173993,166.2732830439448,166.35895799098049,24234600
2022-07-20,172.77536010742188,173.07998704368705,169.83372227507,170.07171797025708,26049300
2022-07-21,173.66067504882812,173.7368354047406,170.26210450708683,171.78526804702847,21709900
2022-07-22,170.89041137695312,174.4508319487143,169.5005247522525,174.09860299367844,25116100
2022-07-25,171.7757568359375,172.23270445431726,169.86226235541076,171.40448417235964,19267200
2022-07-26,170.71905517578125,171.5568045797285,169.96698072648238,171.14744447512598,19391200
2022-07-27,174.6031494140625,175.4028113908551,171.35688494086253,171.81383256672927,21670700
2022-07-28,177.00213623046875,177.20205898871922,173.03237011926615,175.46945803032892,22838500
2022-07-29,178.2587432861328,178.71569087050574,176.1548553316982,177.1068379393678,21760600
2022-08-01,178.192138671875,179.27741304024303,175.3742776372053,176.86888312274652,23905600
2022-08-02,178.02076721191406,179.94377635819663,176.5737494218131,177.51621753644986,17492600
2022-08-03,180.63870239257812,181.01948963065922,178.630018480581,179.2583304969066,19157700
2022-08-04,180.25794982910156,180.91480576222966,179.39164199080588,180.72441210656478,14838900
2022-08-05,181.63827514648438,181.8477124715341,178.18257380926522,178.4681714821604,18540300
2022-08-08,183.56130981445312,185.28439616439695,182.67595835649723,182.92346862725,22188700
2022-08-09,181.05760192871094,182.94252371037902,180.0770608562303,182.81876130426463,18247300
2022-08-10,186.22683715820312,186.5409931687731,183.83736598981616,184.33240102399628,20796400
2022-08-11,186.9218292236328,189.9491275653574,186.6267023527051,187.94044326950888,23727600
2022-08-12,190.7392578125,190.8058890491348,187.14076430332204,187.87379506292598,21726600
2022-08-15,191.4151611328125,191.5008360862675,188.7020047312499,189.25415641924204,17414800
2022-08-16,191.3389892578125,192.2909718640537,189.473096958095,190.8725125513577,18833100
2022-08-17,188.1212921142578,189.75870343492667,186.95035752165123,189.17799343717664,22428000
2022-08-18,189.36839294433594,189.6825489718382,187.44538386361126,188.378337348716,18368100
2022-08-19,185.30345153808594,187.64533568491453,184.75131428118104,187.37878165533795,27416400
2022-08-22,181.48597717285156,183.113873943896,180.88622343729264,182.77115959873416,22937000
2022-08-23,181.7810821533203,183.66600371269882,181.24797419924175,181.77156755631972,20069800
2022-08-24,183.17098999023438,184.01825398997366,181.02902897139995,181.62876817892365,16038300
2022-08-25,186.0174102783203,186.06501231764756,183.71361393069114,184.09441571920604,14795000
2022-08-26,179.9056854248047,186.05550001884617,179.6010585163322,185.9602959390155,24177200
2022-08-29,178.24923706054688,179.91520670220737,177.56380838874693,177.97315395674002,19753300
2022-08-30,175.75503540039062,178.9822560617105,174.72689237650516,178.80139155683761,22548900
2022-08-31,174.68882751464844,176.821274017249,174.39371519833702,176.05968494302712,22412500
2022-09-01,172.78485107421875,173.15612372688784,170.30969037235644,173.0514050542836,30706600
2022-09-02,171.4425506591797,175.11720424150877,170.5381700537212,174.78401903218318,27468200
2022-09-06,169.74801635742188,172.38501224654647,168.97691276980356,172.03278333025213,23837100
2022-09-07,173.44174194335938,173.7082959549544,169.38628607561301,169.42437352075757,24781200
2022-09-08,174.88873291015625,174.9648787365246,170.9951129679108,172.01374134033622,25273200
2022-09-09,178.40158081054688,178.62054732549456,176.21203186991437,176.44049845788683,23208800
2022-09-12,180.5625457763672,180.74342480233457,178.94417819187842,179.54393190406458,23134600
2022-09-13,173.49887084960938,176.98313149532356,172.8229566485032,175.98354661812948,34144700
2022-09-14,174.17474365234375,174.5174579708928,171.8995058093965,173.80347101775743,25278300
2022-09-15,172.9086151123047,175.82167972651783,172.17558439710055,173.18468369210484,25378700
2022-09-16,170.39540100097656,171.05225690945954,168.4152750989252,170.4905905621851,41155900
2022-09-19,171.85194396972656,172.07089595259194,168.46288743032815,168.51047495078637,25412200
2022-09-20,169.51004028320312,170.347789722607,168.224872330776,170.18595440383186,22247500
2022-09-21,166.92063903808594,172.40406855231348,166.91112444071643,170.7571280629096,29357100
2022-09-22,163.16030883789062,167.14911853977483,162.54152591431978,166.59696684937032,33468600
2022-09-23,159.27622985839844,161.0659620574255,157.07715205382155,160.88508301270207,40336900
2022-09-26,157.0954132080078,161.68856951687005,156.53084160828863,158.33939517100572,30597800
2022-09-27,157.6312713623047,160.40631016497767,156.24375926158854,159.14318603384913,42406600
2022-09-28,162.61679077148438,163.62154612116134,157.95665798548606,158.61691160263751,35186500
2022-09-29,158.9709930419922,160.69341426935296,156.74139758069245,160.54988403415447,31464000
2022-09-30,157.8131103515625,162.21488866160294,157.7652620783841,158.6360510060051,40643800
2022-10-03,161.9947967529297,162.96128227002905,158.12889848826305,160.12883082566185,33611600
2022-10-04,168.4156494140625,168.49220373412723,165.09518061262895,165.17173493269365,37537300
2022-10-05,167.17166137695312,167.77451750045128,164.0330073710696,165.93725768734214,25281400
2022-10-06,166.23388671875,168.5783059698065,165.45879437790506,166.35828930227797,22635900
2022-10-07,161.34410095214844,165.03776281026768,160.68383274053298,164.52102481802817,26536100
2022-10-10,160.44461059570312,162.2627428338806,159.41114918269818,161.9947954145888,23386400
2022-10-11,160.49246215820312,162.7794695741912,157.69829514043167,159.76521800878112,28009100
2022-10-12,160.05226135253906,161.20056144636786,158.34896804159985,160.6646812553347,26796700
2022-10-13,164.0138397216797,164.7793681754736,155.49737400147959,156.93273437687787,45376500
2022-10-14,159.62167358398438,166.4252837585413,159.52599163319047,165.29614037096417,29608600
2022-10-17,164.71241760253906,165.1812927191144,162.77946124486618,162.88472160595833,28199200
2022-10-18,166.66448974609375,169.65003490130448,165.24827148031966,168.28166490558021,34523100
2022-10-19,163.8320770263672,165.92769138720837,162.03308693996624,165.05691699120572,27146900
2022-10-20,161.74600219726562,166.07122627739892,161.21013656988055,164.0330095292262,26710700
2022-10-21,165.2578582763672,165.73631184092022,160.94221238054672,162.1000618300684,45402700
2022-10-24,165.96595764160156,166.50182324227444,163.67895042364532,165.85113347038381,27284500
2022-10-25,170.49212646484375,171.19066451938406,166.0807844031023,166.09036281834818,33105700
2022-10-26,171.33419799804688,174.51112158472696,170.64522380310578,171.42987993547428,37084700
2022-10-27,171.37249755859375,174.15710086239554,171.1619768180232,172.80785827998713,28651800
2022-10-28,175.26712036132812,175.50634715328192,171.03759243173437,172.0806177403542,33221600
2022-10-31,175.42979431152344,176.30058334589927,173.72650070650522,174.41547504125919,25699400
2022-11-01,175.6689910888672,177.6019473422666,174.9991591004344,177.25746023375228,27446700
2022-11-02,169.8414306640625,177.02779706129263,169.7840039783505,174.96087441292752,38139600
2022-11-03,168.70272827148438,170.27205536512054,166.60709934130233,167.7362427349427,29093200
2022-11-04,170.9801483154297,172.1858605688232,167.90848479641215,171.20981126875301,25842400
2022-11-07,171.75523376464844,172.80782264922664,170.02321991957427,171.99446050222184,20689900
2022-11-08,171.82225036621094,174.10925793519502,169.71705749705635,172.46337642265266,20265200
2022-11-09,167.1046905517578,170.97058878822318,166.7697672282519,170.32946278718467,27277000
2022-11-10,177.39141845703125,177.45839435216706,173.3436914682014,174.0135380270091,38572800
2022-11-11,178.84593200683594,180.70233412593393,177.68808258698198,177.75505849165637,28765400
2022-11-14,176.84596252441406,179.69754100889622,176.67372629035543,177.7837272016281,26499600
2022-11-15,179.4678955078125,181.39127315779612,178.08994720879824,179.74539208966692,26128800
2022-11-16,176.3101348876953,178.5971422948618,175.793411473223,178.55887243503722,24802000
2022-11-17,174.673828125,175.06616356840968,172.73130774091604,173.7934752820711,20835700
2022-11-18,175.80294799804688,177.32442656134972,174.70251083367498,176.63545238150664,27269100
2022-11-21,174.88433837890625,175.29581602935122,173.61165016891601,174.90348060947767,19038900
2022-11-22,176.7503204345703,176.97040498366616,174.47287681818517,175.82211936072815,16869700
2022-11-23,177.20962524414062,177.77419691947225,175.6402982102357,176.34840010768778,19758800
2022-11-25,177.58282470703125,178.3387749056888,176.70247191063817,177.11393496277284,13393400
2022-11-28,174.00396728515625,176.9512426296476,173.4776655091324,176.1952925158986,17465600
2022-11-29,174.5111846923828,175.69775503526225,174.1188637849463,174.1188637849463,14020600
2022-11-30,179.29568481445312,179.3530969062266,173.0088125441091,174.79822421018787,28030100
2022-12-01,178.90335083007812,181.08509776448514,178.1091162160516,180.04205796941235,21996400
2022-12-02,179.94638061523438,180.72147301943926,176.38668508379885,176.42495494272848,22574800
2022-12-05,174.9896240234375,178.99906773457835,174.3293556851595,178.80768920494964,25449300
2022-12-06,172.3102569580078,175.09484533544997,171.36291373604752,174.99916339260838,18502100
2022-12-07,171.80308532714844,173.67862956963737,171.3916223042577,172.00404223218908,17177800
2022-12-08,173.0470733642578,174.7599452193146,171.77438519187427,172.98009746110253,20971400
2022-12-09,170.9227294921875,173.0183582297996,170.86531740642977,172.02318134043315,22046500
2022-12-12,172.9322509765625,173.28630192849576,170.32946251608243,171.14283938544875,22765400
2022-12-13,174.36460876464844,179.4211577755563,173.1725640691967,178.54635113619926,38445300
2022-12-14,173.2206573486328,175.83545502361753,171.91325851114047,174.2973335670571,32406900
2022-12-15,168.8850555419922,171.6921289167981,168.26980999910847,171.14416829166484,33546700
2022-12-16,167.62574768066406,168.33713139089505,165.99150287087076,167.07780165316382,38502400
2022-12-19,165.3570098876953,168.2794372993266,164.8379024055379,167.85645322643697,25614000
2022-12-20,166.23182678222656,167.2892870297125,164.55912093673393,165.0301740776344,18050800
2022-12-21,169.09657287597656,169.96177167640008,167.46232803332728,167.7026585886761,22997200
2022-12-22,166.885498046875,167.74107400413808,164.06881707769062,167.5872589701425,21297600
2022-12-23,167.64495849609375,167.70263547444983,165.67424528013163,166.77015187473037,11647700
2022-12-27,166.52023315429688,167.81802399561386,165.90498753120582,167.61613987882197,13553800
2022-12-28,163.93426513671875,167.36619225463272,163.75161158116205,166.48176296787275,19648000
2022-12-29,168.0872039794922,168.4717270182224,164.77063042883594,165.07826059471105,22311300
2022-12-30,167.6161346435547,167.96221121252248,165.9338208410804,166.63558192004396,21275600
2023-01-03,166.69325256347656,170.46164824607177,165.25126935905683,169.12539639477558,22503800
2023-01-04,168.7697296142578,169.83679788428424,167.5392383241425,167.86608436432024,22973500
2023-01-05,166.96241760253906,168.0006472451708,165.72231853053,167.83722424613777,17032600
2023-01-06,170.71157836914062,171.1537783157732,167.14506696383654,168.51976517914088,21986900
2023-01-09,170.99998474121094,173.15333691899468,170.77887009047583,172.08626877067806,18366500
2023-01-10,173.5282745361328,173.63402057066335,170.44243831971022,170.78851491739078,18751100
2023-01-11,175.69122314453125,175.72006163427696,173.69167140003174,174.24923998280084,18222700
2023-01-12,178.64247131347656,178.7578252610023,174.8836987247587,176.46988884628647,29650800
2023-01-13,179.81532287597656,180.09409986355786,177.20052528311876,177.36394829909577,22120000
2023-01-17,179.59422302246094,180.57476111913243,179.03665437822522,179.7672539800102,22422600
2023-01-18,176.69102478027344,181.65145089447392,176.59488669201954,180.19984497234907,23507800
2023-01-19,174.9990997314453,176.01811366018245,173.78783895087454,175.6624144453104,24624500
2023-01-20,177.883056640625,177.98880267127586,174.25888244269075,175.64318878262458,36070300
2023-01-23,180.08445739746094,180.84389534594914,177.44082181852337,178.25793674175623,20329900
2023-01-24,179.69993591308594,180.56513461773864,178.69055942724148,179.37308991445798,19263500
2023-01-25,180.19984436035156,180.25752134566292,176.75830910685164,178.23875351670222,18174600
2023-01-26,181.26690673828125,182.50702055686187,179.0847012966217,181.67066029102938,18369100
2023-01-27,182.2474365234375,182.9395895749172,180.52666183456617,180.7093153715692,20019900
2023-01-30,179.7095489501953,182.27627710025726,179.603802936435,180.57473294015395,18395100
2023-01-31,184.0739288330078,184.17006689856112,180.13251751168076,180.17096393673648,21567900
2023-02-01,186.96754455566406,188.60178922730677,182.77617952221877,183.79517862329206,27007300
2023-02-02,190.64939880371094,191.55302922238164,186.8329490355356,188.42873251388514,31020400
2023-02-03,189.37083435058594,191.42806293389867,188.1307207018774,188.52486625959781,24981500
2023-02-06,186.63108825683594,188.78445523017893,185.8908660677786,188.08267947430073,18160100
2023-02-07,188.01539611816406,188.5152877653394,184.23739227498973,185.92932872124086,27074100
2023-02-08,185.26600646972656,187.81350430732033,184.76611484303595,186.84257421364745,17933500
2023-02-09,182.5839080810547,187.57317236392012,182.10324700823315,186.71759624104226,20516600
2023-02-10,182.94921875,183.25684888352504,181.23806647095037,181.959058094211,15248700
2023-02-13,185.150634765625,185.40057322071715,181.98787697137436,183.1414605105381,15754400
2023-02-14,185.06411743164062,186.4484236418244,182.7281117034142,183.8816953223635,21889600
2023-02-15,186.9386749267578,187.02519038275224,183.16067199363425,183.59326394221551,18721200
2023-02-16,185.150634765625,187.33282528210117,183.8528441161842,184.38157418331232,21366300
2023-02-17,185.66014099121094,185.89084890621157,183.58368174453875,184.45848837187904,23892200
2023-02-21,180.18060302734375,183.93937614375022,179.99796414099086,183.37219959731058,26004000
2023-02-22,180.67088317871094,181.83407473978275,179.52690749880895,180.56513715783063,24651700
2023-02-23,181.9590606689453,182.93961339766608,179.47884768960006,182.02636026233577,21311700
2023-02-24,180.2575225830078,180.5170836873033,178.59443926445962,179.4307848944405,24280700
2023-02-27,180.89198303222656,182.8434657782184,180.34403704704545,181.81485872912575,17562900
2023-02-28,180.901611328125,182.67045539049715,180.79587996403453,180.84393434094358,19542600
2023-03-01,181.13229370117188,182.1609153060772,179.94987172082546,180.9111937432297,22532800
2023-03-02,181.56491088867188,181.9782870433821,178.921274959979,179.63265863603667,18104400
2023-03-03,184.09320068359375,184.5065621872756,181.13232655727424,182.3339793032507,22774300
2023-03-06,181.4014892578125,184.32391684829392,180.63242859354833,184.1508712312437,23266700
2023-03-07,179.2961883544922,181.75718537242176,179.01741138605416,181.35341716230732,25865700
2023-03-08,179.3826904296875,180.3536203655361,177.9599233133469,179.5653292874061,22505900
2023-03-09,174.3934783935547,180.02682754298206,174.26850180315645,179.50770529718477,33546900
2023-03-10,169.36573791503906,173.41291082549296,167.5200010538884,173.41291082549296,69274200
2023-03-13,166.6067352294922,169.57721707692855,164.45338305620518,165.8472972045086,74171500
2023-03-14,169.69259643554688,172.32660983813818,167.8564675392181,171.6921483433157,48946200
2023-03-15,166.8951416015625,167.18354118469708,163.79007511676963,165.2801127371761,54405800
2023-03-16,169.17347717285156,170.51933705818834,163.90543560774384,164.8379193181215,52392300
2023-03-17,164.60719299316406,168.0006591195894,164.25150848004685,167.30850597557964,70239900
2023-03-20,166.74131774902344,168.58705444777462,165.8569031643267,166.3567947708462,46103200
2023-03-21,169.8175506591797,171.28837236418343,169.15425070227766,169.72142724606618,34465900
2023-03-22,165.00132751464844,170.4904832548952,164.89558149507275,169.69258413784434,56098200
2023-03-23,164.26898193359375,168.26353984809154,162.78308983786624,166.22766523932964,47720900
2023-03-24,165.75486755371094,166.06363275375227,161.5769970208225,162.8216717669934,47519700
2023-03-27,167.59780883789062,168.59162312429672,166.30488739847237,167.73288996256508,33880600
2023-03-28,167.35658264160156,168.37934177758257,166.6232872496829,167.01888720914351,28555100
2023-03-29,169.25735473632812,169.38279244467,167.47235553479308,169.18016343294354,25564800
2023-03-30,169.02578735351562,171.08096355763013,168.32143692669288,170.6660768489939,26728600
2023-03-31,172.13267517089844,172.36424910031243,170.17399169315806,170.2029365939927,39602900
2023-04-03,172.2098846435547,173.46421779538443,170.2898039795756,172.66337443477573,27609000
2023-04-04,169.18984985351562,172.80810998962386,168.19603558061695,172.6344258472668,33487200
2023-04-05,167.5302734375,168.68811373704307,166.46891124132156,168.12848773567063,28247300
2023-04-06,167.7810821533203,168.3310645906567,166.61358409950466,167.617056177992,26366300
2023-04-10,169.5758056640625,169.7012434037108,166.95135958492756,166.98996260762215,22237800
2023-04-11,170.9169464111328,171.71778969310364,169.93277560738423,170.3669785685366,21876200
2023-04-12,169.66262817382812,172.6923174368344,169.41176743532026,172.53794952538098,27018100
2023-04-13,171.91075134277344,172.41248747174532,169.7494389372099,170.3380097646376,23259900
2023-04-14,170.30906677246094,172.9238689295589,169.1801715116838,172.06513588216075,29600400
2023-04-17,172.49932861328125,172.5765199223706,170.54064515369146,170.75291757300297,22177300
2023-04-18,171.7660369873047,173.31947714992808,170.7239763760973,173.28087413317755,22873100
2023-04-19,171.98794555664062,172.50896847892034,170.37661565952837,170.8590502894208,19306800
2023-04-20,171.1002655029297,172.1616128420157,170.31872376774066,170.92658138247862,20336300
2023-04-21,171.3221893310547,171.70814588194557,169.68191447729515,171.5634066543351,25972800
2023-04-24,171.2064208984375,172.18093364789243,170.29944134808443,171.14853109271078,17781000
2023-04-25,166.98023986816406,169.7590675171746,166.93199346983718,169.45996045937514,28857900
2023-04-26,165.36895751953125,167.30833961533116,164.99265906145848,166.1794442411129,30309800
2023-04-27,167.5784912109375,167.75217533895102,164.93475877903663,165.9864627716211,33424100
2023-04-28,169.0451202392578,169.65299268801033,167.09607987926938,167.2022161048811,31911900
2023-05-01,169.14158630371094,171.1099131403257,168.6205486521675,168.852122577602,27420100
2023-05-02,165.66802978515625,168.3214199424462,163.95056387934736,168.27317354049396,40851100
2023-05-03,166.2759246826172,169.5275294428585,166.1408435724132,166.16978847297568,43261400
2023-05-04,164.41371154785156,165.53296339249871,162.8506281003956,165.30140419894144,42382100
2023-05-05,168.3214569091797,168.94863082682895,167.01889210680915,167.20220491811108,35456800
2023-05-08,167.9355010986328,169.382805018375,167.04782312791934,169.10298468249223,22109900
2023-05-09,167.4337615966797,168.14777014963454,166.1118954210709,166.9030805588576,21465500
2023-05-10,168.28285217285156,169.83629227961794,166.6522207580968,169.7784024793108,27281900
2023-05-11,166.9899444580078,167.67499344761725,166.06366340962444,167.13466897053436,25884600
2023-05-12,166.6522216796875,168.08988219378992,165.61980449271252,167.5495430348833,20406400
2023-05-15,168.6880645751953,169.53715408468244,166.74868300673558,167.2214594377359,24310000
2023-05-16,166.2276611328125,168.66877898010338,166.17941472927117,167.51093890878812,24212900
2023-05-17,169.9327850341797,170.29944009807488,166.11191065688243,167.33728412973812,38231600
2023-05-18,170.96519470214844,171.33184974973946,168.87143007465642,169.39245302194192,30446600
2023-05-19,169.92312622070312,172.605461589681,169.09333806695724,172.238806559059,34316300
2023-05-22,171.99758911132812,172.73089917200778,169.855578174766,170.41520411269758,28207200
2023-05-23,171.18710327148438,174.18784727527853,171.14851497887904,171.65989451163531,32708900
2023-05-24,169.37313842773438,170.53099328377948,168.53370690756412,170.3476657741478,28744200
2023-05-25,168.05128479003906,169.3635076314444,166.6329257363606,169.09334540433778,36202600
2023-05-26,169.9617462158203,170.18367678771762,167.90658431707314,168.17674658284966,29841300
2023-05-30,169.3345489501953,171.31253380555674,168.62054042366765,170.50204719019194,25572600
2023-05-31,167.66534423828125,169.82664207164035,166.3048749767732,168.55302223737334,34598800
2023-06-01,169.4792938232422,170.0485779235976,166.8548480384345,167.75218418120647,27800900
2023-06-02,175.62547302246094,175.6930062018389,171.21601428609796,171.7563386120563,50212400
2023-06-05,173.27122497558594,174.89219827948693,172.1712745985855,174.89219827948693,34465800
2023-06-06,177.83506774902344,178.46224166089326,172.64406592872947,172.64406592872947,58584500
2023-06-07,181.16241455078125,181.67521019140034,178.9564218573804,178.9564218573804,60685600
2023-06-08,180.4851531982422,181.29789913569098,178.90807086956343,180.68834337348164,34185000
2023-06-09,179.02418518066406,180.55290237384696,178.46300939353287,180.27232186203648,30242200
2023-06-12,179.76919555664062,180.6206219517458,178.24047836890412,179.2176898706711,26580500
2023-06-13,181.83004760742188,182.84596902672635,180.22394010906086,180.3884203748896,35758200
2023-06-14,179.8756103515625,183.0975247189111,178.55975356577005,182.20738847609695,37114100
2023-06-15,181.35594177246094,181.48172686449246,178.9080634896702,179.0725437373607,36488400
2023-06-16,179.90463256835938,182.42991596431102,179.0822165539139,181.84938527605436,50684500
2023-06-20,179.12095642089844,179.54667702832836,177.79541457258048,179.1499814838131,33269300
2023-06-21,178.70489501953125,179.87562661859653,177.63092346662387,178.45333956843513,30730200
2023-06-22,177.3793487548828,178.26948498154138,176.5666176040435,178.22110496371576,27063700
2023-06-23,174.7089385986328,176.48921103690682,174.20581299181327,174.90244390479154,50610100
2023-06-26,174.88308715820312,176.8084996290541,174.51541674580236,174.58315172219548,31507900
2023-06-27,177.40838623046875,178.01794201801803,174.54445727873158,175.31849332759376,28818800
2023-06-28,178.27915954589844,178.4339697014152,176.20862169726573,177.0503926906951,23187600
2023-06-29,180.33033752441406,181.00761342652567,178.4436203323431,178.7242155540441,32084100
2023-06-30,181.1914520263672,182.31378864374432,180.8431365896618,182.1493084046762,30287300
2023-07-03,181.5591278076172,182.7105043723819,180.67867640236418,180.84315665968637,14011900
2023-07-05,179.7498016357422,181.13339321861173,179.42084117339812,181.05598815155898,24092100
2023-07-06,176.8472137451172,177.74703491312258,174.85408084768818,177.6696298304493,39080800
2023-07-07,178.714599609375,180.43682232381624,176.99236213142188,177.0407421598412,31706700
2023-07-10,181.77200317382812,181.94616830772094,178.18243274707274,178.5887983748086,29725100
2023-07-11,183.63934326171875,183.91025364695273,181.5978305107357,182.36218164832255,26738800
2023-07-12,185.6421661376953,186.7838726817514,185.15839543132637,186.50327740449163,40127300
2023-07-13,187.14186096191406,187.40310128087978,185.5744485751407,186.26139472046287,23523000
2023-07-14,185.31317138671875,187.2095587015045,184.11341494156795,187.06441865828447,32198600
2023-07-17,187.29664611816406,188.05132714903866,184.93584299039898,185.12934829717298,23283700
2023-07-18,189.60910034179688,190.01546598175642,187.2096016643406,187.4127771025649,28489800
2023-07-19,190.4121551513672,191.24424136635298,189.5703840734969,190.31539510358562,23679000
2023-07-20,188.74798583984375,190.54761350833627,187.96427963580052,190.54761350833627,27278100
2023-07-21,188.1480712890625,190.23794909457672,187.79007100009116,190.01541874876185,28982400
2023-07-24,188.61251831054688,189.88966525059303,187.69335695550816,188.2448478631275,16929800
2023-07-25,188.5931396484375,189.84127613492188,188.10936902094915,188.26417916498733,18961100
2023-07-26,190.08316040039062,190.76043632243767,188.38996321351908,188.44801332633628,20377900
2023-07-27,187.62559509277344,191.4764050860555,186.90960926182336,191.21517958153294,31159300
2023-07-28,190.05410766601562,190.55723321542294,189.15430145147653,189.65742700088387,21612200
2023-07-31,192.26014709472656,192.29884225256916,190.5282398202074,190.53790991879072,24203900
2023-08-01,191.37965393066406,191.51510910926896,189.42521655635886,191.02165364445264,27444300
2023-08-02,188.7769775390625,189.72516384866884,187.79008131114105,189.2413932142869,28079700
2023-08-03,188.24484252929688,189.28978895800464,186.79353050556543,187.99328709338013,24279300
2023-08-04,187.86749267578125,189.93803046973613,187.42243194480972,188.49640337964433,24950400
2023-08-07,187.99327087402344,188.72859692107613,186.42584398443887,188.341586320208,20185000
2023-08-08,186.8128662109375,187.01604160575272,184.33596297456626,185.9033750743151,25578200
2023-08-09,185.35189819335938,186.61937496336898,184.55850722261536,186.60969010150058,22293200
2023-08-10,184.52947998046875,187.81911453184964,183.72641892086799,186.000146906696,29378800
2023-08-11,184.79074096679688,185.46801700753085,183.58131419280392,183.7554645617739,21789000
2023-08-14,184.47145080566406,184.51014596654574,182.51701300215444,183.77481980171035,20354900
2023-08-15,182.03321838378906,183.48453032416057,181.93645834902756,183.36843009325358,25491300
2023-08-16,179.80784606933594,182.92332979320864,179.77882101554573,181.88806842650916,27018400
2023-08-17,177.68894958496094,180.6786633506409,177.66960938915022,180.29163798180278,26715100
2023-08-18,178.65650939941406,179.2370401311537,176.03448053469654,176.29572084033035,33375200
2023-08-21,178.395263671875,179.2660449074458,177.12778697328517,178.70486920053045,22678100
2023-08-22,177.8631134033203,179.5272855684978,177.2729126381875,179.03383007224247,21299200
2023-08-23,179.75949096679688,180.06911126813688,177.47609291669428,178.02759854214048,21231100
2023-08-24,177.2729034423828,180.29162732331787,177.25354848420807,179.2370109371588,26582300
2023-08-25,178.027587890625,178.99512912916103,175.71516492106426,178.08563800277594,29340400
2023-08-28,179.61436462402344,180.68833604729468,178.82098844263402,178.8403286387229,23002000
2023-08-29,182.1202850341797,182.2557402184017,178.5790952856588,179.51759671408496,22986000
2023-08-30,182.8072509765625,183.45550185960252,181.24950893228456,181.63651953712662,19869900
2023-08-31,182.48797607421875,184.0844134090889,182.41057099397827,183.05882193204414,17953400
2023-09-01,184.65528869628906,185.63250023035786,183.6877472617023,183.90060755839224,25094600
2023-09-05,180.7657470703125,183.73609125362603,180.70769695311878,183.49420592297957,27160100
2023-09-06,180.08848571777344,181.98485859643438,179.08223439302628,180.98829213434507,26406200
2023-09-07,178.3468780517578,179.36279930367348,177.63089222125842,179.13058409184748,23894800
2023-09-08,177.9501953125,178.8306614446207,177.4954497173831,178.56942115809403,19399100
2023-09-11,178.3759307861328,179.6917876636444,178.22112062089383,179.24671212945975,17424700
2023-09-12,178.20175170898438,179.3241031738398,177.77604593316806,178.06629651588173,16826300
2023-09-13,177.03103637695312,178.87904384009533,176.4698606401268,178.51137341443112,24415700
2023-09-14,179.52728271484375,180.030408300937,178.25980603368296,178.54038650152833,27952500
2023-09-15,177.65025329589844,179.06287004700147,176.85686236747566,178.79194490878996,39695500
2023-09-18,176.46987915039062,177.79540617257243,176.45052418819157,177.7373560494857,19287800
2023-09-19,175.7828826904297,177.35030951428342,175.19269671608336,176.5666034841103,24085900
2023-09-20,174.02198791503906,177.55350793943862,173.98329275695795,176.47953644969778,27642900
2023-09-21,171.3225555419922,172.95768803752006,171.3225555419922,172.70613259901796,31625600
2023-09-22,170.93551635742188,172.58033358256236,170.82908622596236,171.79662750704597,23164700
2023-09-25,171.6999053955078,172.08691605473697,169.8422128933789,169.98735296322258,22416200
2023-09-26,169.4922637939453,172.07800617071115,169.42421091586286,170.60043697930237,30476000
2023-09-27,171.0767822265625,171.99052719796435,169.58949738195327,170.55184943858285,37293000
2023-09-28,172.62237548828125,173.5847422988133,171.05732240217486,171.17396753091862,31372400
2023-09-29,171.80584716796875,174.15828477483905,171.23230728420768,173.97358674725498,36689000
2023-10-02,169.21038818359375,171.79611605945547,168.31605933490764,171.40728903787027,42139300
2023-10-03,166.3621826171875,168.6562976920747,165.6136750102691,168.12164940141872,42733600
2023-10-04,166.43994140625,166.81905293001344,164.36940125111144,166.23579758600835,42491900
2023-10-05,166.56631469726562,167.1009481174007,165.1956750395972,166.0316664443312,33365100
2023-10-06,168.17022705078125,169.03537964865544,164.77765470283978,165.61364602021916,42160900
2023-10-09,169.14230346679688,169.67695164546402,166.9745643054344,167.04260234664804,26658400
2023-10-10,171.05734252929688,172.0974629928427,169.4145208864624,169.44368217207958,31585000
2023-10-11,170.76571655273438,172.28216275123427,169.5117367602212,171.2031506741785,27427200
2023-10-12,166.90652465820312,170.96983630527993,166.02192622274308,170.96983630527993,38693800
2023-10-13,165.5164794921875,167.87863267709915,164.95266990290966,167.53841272631473,33955600
2023-10-16,168.18968200683594,168.54934770772132,166.24551742639838,166.9454178619798,31140300
2023-10-17,170.06582641601562,171.4947888440938,167.10097189405747,167.13986349951347,39823200
2023-10-18,166.56631469726562,168.81182252679088,166.2260799455439,168.7923767268298,38501400
2023-10-19,163.91250610351562,167.34395529822575,163.65977005546267,166.0899757079655,51397300
2023-10-20,161.7933807373047,164.3110703399114,161.7836504212923,163.95140463462437,54421900
2023-10-23,160.42276000976562,162.78492799493745,160.05336394499622,161.0351766786621,45590900
2023-10-24,161.8225555419922,162.9404443497184,160.79215058889497,161.80310974114127,32666300
2023-10-25,159.1492919921875,161.03513375074397,158.8382185820849,160.40327144877176,36832900
2023-10-26,159.55758666992188,161.14208555093109,158.6438269430282,159.56730215302548,50525600
2023-10-27,157.68148803710938,160.22833910442253,157.1565552500327,159.9269959424488,46017100
2023-10-30,158.5563507080078,160.2088877156677,157.41901615274543,159.217359577952,35156300
2023-10-31,159.92697143554688,160.38385126685043,158.28415010589765,158.83822925979493,31533200
2023-11-01,160.8407745361328,160.97686549075596,158.54665927762738,159.86869205088138,44367100
2023-11-02,165.12765502929688,165.25403050500333,162.65857192347866,163.06684480714299,50458100
2023-11-03,169.61863708496094,170.7462412216532,167.95636991159182,167.97581570976868,57060700
2023-11-06,167.49951171875,169.90055637242313,166.60519771338835,169.61865901001127,35294400
2023-11-07,166.90652465820312,167.69390893245716,165.80808176712705,166.77043373219377,31168900
2023-11-08,165.12765502929688,167.32457104547453,164.57357569889612,166.9065678434929,44938600
2023-11-09,162.571044921875,166.25523021567832,162.3182940375223,166.25523021567832,38577400
2023-11-10,164.38885498046875,164.97211035260662,162.1336166965226,163.52370223923774,36121300
2023-11-13,164.44717407226562,165.0304294320648,162.8432440820178,163.54314458065684,27610300
2023-11-14,173.4778289794922,173.4875444635356,169.35619432666738,169.3659098107108,77611000
2023-11-15,173.7791748046875,176.68569168775392,173.1375968608025,173.3709019766153,59641400
2023-11-16,170.9698486328125,173.64307509794423,170.26994815349948,173.16674940616747,46616700
2023-11-17,173.3125457763672,173.65278051259386,172.16549578849205,172.49600020878165,43418700
2023-11-20,174.32351684570312,174.63457546187922,172.77790958220683,173.5361325730842,26665100
2023-11-21,172.07801818847656,173.52641136700572,171.97108853887784,173.26395981755365,30457000
2023-11-22,173.15704345703125,174.38186194687154,172.46685842341626,173.2056357110151,28940900
2023-11-24,174.32351684570312,174.71234382412285,172.83623214568993,173.07925271540188,13846900
2023-11-27,173.74029541015625,174.10969149461536,172.282171707672,173.51672059562637,30665800
2023-11-28,173.06951904296875,174.21658382281717,172.252973504445,173.5652904885567,28350200
2023-11-29,173.98330688476562,176.67597933370976,173.71112499456194,174.53740098233777,31590200
2023-11-30,174.6443328857422,175.59696951369654,173.76944979930184,175.0234444400261,32216800
2023-12-01,179.74777221679688,180.01022380280847,173.23482266590867,174.19717481355374,64221300
2023-12-04,181.67245483398438,181.76966899409675,178.88258346577953,179.08671243609786,44862600
2023-12-05,179.2422637939453,180.85592405365367,178.8437064708608,180.85592405365367,36873500
2023-12-06,178.9214630126953,182.6737012262927,178.65899664254874,180.51567736686215,43637900
2023-12-07,180.21434020996094,180.37959242396516,178.27017557537144,179.18393532687637,32662300
2023-12-08,181.58499145507812,182.50846674903255,179.69914926562177,179.98104662924155,36087100
2023-12-11,181.96409606933594,182.3820843568753,180.70038605750167,181.46832458165974,29302100
2023-12-12,181.77938842773438,182.42096629970393,180.1657282647074,181.75022714562655,32024000
2023-12-13,187.9326934814453,188.23403665429703,180.48653868568866,181.87662424043089,69484800
2023-12-14,193.1624755859375,194.4553319601251,190.99472143089264,191.37383292521196,83649300
2023-12-15,191.53909301757812,193.97902912372146,190.47952685301337,193.39577380100377,74160700
2023-12-18,191.60716247558594,193.2208228196119,191.18915933048993,192.43343844878487,44451100
2023-12-19,195.32049560546875,195.68017615416375,192.49174729580338,192.93889686159824,52156200
2023-12-20,191.49986267089844,197.24641902541336,191.38278987384578,194.99267835905937,62360300
2023-12-21,194.75852966308594,194.95367085289115,192.709681154775,193.66581045865345,38613400
2023-12-22,196.57322692871094,197.8708383903722,195.31464965876495,195.98784803762206,39173800
2023-12-26,199.1294403076172,199.57822932406404,196.77812886213025,197.2854691690198,26879000
2023-12-27,199.8319091796875,200.48559050211466,198.4464781466939,199.46115877194134,35806400
2023-12-28,199.07090759277344,200.17339291431674,198.32942160365567,198.82699596497605,28930100
2023-12-29,195.8219757080078,199.06111368738206,195.8219757080078,198.52450524416585,41496800
2024-01-02,194.6609649658203,196.70981337951437,193.6072651156997,194.54387727990783,44341500
2024-01-03,189.47052001953125,192.8560140776504,189.0607503350419,192.59258539219937,57532500
2024-01-04,189.09979248046875,190.72912018275318,188.9729536845122,189.33393808877912,43114200
2024-01-05,188.5436553955078,190.6998403594464,187.60702835780148,187.99729582650482,40964900
2024-01-08,191.9389190673828,192.1730795712642,187.57777831018032,188.58269294766532,31545400
2024-01-09,190.22178649902344,191.00230662395168,188.61197583719525,189.61689047361605,28998700
2024-01-10,190.32911682128906,190.62181374228973,188.3778238641963,189.99740059150741,35075200
2024-01-11,188.83636474609375,189.99738635049042,186.6411603339032,189.76322585380433,48939200
2024-01-12,188.52415466308594,192.29991645369893,187.94852684486673,191.1193777282822,42992100
2024-01-16,186.19236755371094,188.5534302093284,185.4801498036438,187.0509412056386,42213000
2024-01-17,184.86549377441406,185.30453171989402,182.96298608587816,183.54837993797418,37787700
2024-01-18,185.95822143554688,186.51433217702353,183.62642698906774,186.06554314175236,41760000
2024-01-19,187.74363708496094,188.1534216900055,184.6215714580293,186.63140074014206,63338300
2024-01-22,191.7535400390625,192.02673473173476,189.3632092974389,189.42174570044622,42379500
2024-01-23,191.1974334716797,193.75362237301272,190.23153813955355,193.39263795518016,42471200
2024-01-24,189.62660217285156,193.62675767735928,189.3924417178783,193.54870419236818,41120100
2024-01-25,191.1974334716797,192.84627833234714,189.67542741173534,192.29991870951412,37659500
2024-01-26,191.20718383789062,193.07067209849717,190.6218049101955,192.0950256651555,33478600
2024-01-29,194.55364990234375,194.55364990234375,190.33885035820575,191.382799139741,29234400
2024-01-30,192.89503479003906,194.08530956913688,192.2998899568997,193.55846712223067,33121200
2024-01-31,188.18264770507812,194.0950614171959,188.0167896341154,192.40719762475888,68126700
2024-02-01,190.6803436279297,190.97304053892034,186.86556245435187,189.5778583809776,59479000
2024-02-02,189.67543029785156,190.7388813575605,187.7046202964874,188.5339257355241,52839300
2024-02-05,187.2655792236328,188.40708376677784,185.4313591608785,187.78267064350578,39751900
2024-02-06,188.9534149169922,189.08025369840158,186.3679582072074,187.03139053757448,34689100
2024-02-07,188.51438903808594,189.42173299822048,187.36311860313998,189.3436943908991,31713900
2024-02-08,191.37301635742188,191.58765973503264,188.01680558070507,188.6509697227125,35370800
2024-02-09,194.48533630371094,194.69022858384957,191.66571899890988,192.12427396605585,46107100
2024-02-12,198.01719665527344,198.59282444893373,194.97316981378225,195.00243801432887,43291000
2024-02-13,189.87054443359375,192.81700069794587,188.35828955261138,191.44133571599002,86247400
2024-02-14,194.28048706054688,194.92440241889202,191.45110335467024,192.8657877640167,43808000
2024-02-15,199.46115112304688,199.78311621945087,195.83174534727047,196.09517404199784,44931900
2024-02-16,196.74884033203125,198.73915227313518,196.19271478415754,197.19762930210837,48346200
2024-02-20,194.0365447998047,194.8560841353192,193.1877223784962,194.29995858731775,30547500
2024-02-21,193.11944580078125,193.51946438735416,191.6071909424759,192.84626600682466,28669100
2024-02-22,194.58290100097656,195.21706514288695,192.9925927636078,193.81213208498832,38184700
2024-02-23,195.02194213867188,196.2415000376048,193.73409673873306,194.73901125647924,37667700
2024-02-26,196.25125122070312,196.72932327666328,194.2999585816221,194.82681593099554,29118200
2024-02-27,199.03184509277344,199.2464884696323,197.60739494518117,198.13425228371875,32268600
2024-02-28,197.39279174804688,198.89528069139627,196.95373894728135,197.50986455508675,30143900
2024-02-29,198.76846313476562,201.02220423423924,197.5879391717959,200.1831476240229,40404100
2024-03-01,200.87583923339844,201.30512603676064,198.1928115995676,199.54895951718024,35156900
2024-03-04,200.69046020507812,202.71005538586888,200.44654860665503,201.98807169515084,24785400
2024-03-05,198.76846313476562,200.89538030878666,198.06599644308753,199.32458880200434,34163500
2024-03-06,200.2514190673828,201.06120734751548,199.10991459168227,201.0124220511832,34255200
2024-03-07,201.91978454589844,203.03202084118672,201.3734100592315,201.66610695529315,28020200
2024-03-08,201.79295349121094,205.28576950724792,200.78803885635813,203.65644175086345,41447800
2024-03-11,200.19287109375,201.80268156937828,199.76358433033406,200.94412292972785,24435800
2024-03-12,199.91969299316406,200.90509042678266,198.43670640359875,200.15383858449752,34958900
2024-03-13,200.70022583007812,201.54903342714107,199.78311583973394,199.8806715466154,25140700
2024-03-14,197.1098175048828,200.28066792690694,195.29511482171407,200.05627345006664,47509100
2024-03-15,197.48057556152344,198.1342568106447,196.23174946063781,196.34882225535165,53217000
2024-03-18,196.3488311767578,198.23182151747508,196.017114985209,197.96840771740037,32405100
2024-03-19,197.17811584472656,197.81227996124673,194.79753657939693,194.91460936714086,29864100
2024-03-20,201.0807342529297,201.9490589761482,196.21225323023813,196.61227183762202,49609600
2024-03-21,203.39105224609375,204.37895184740313,202.31511016547262,202.4716135453782,43067300
2024-03-22,200.5838623046875,203.68451307523412,200.5838623046875,203.30304537601822,28437300
2024-03-25,201.04356384277344,202.48140705536892,201.014221322107,201.21963389175713,20107800
2024-03-26,200.681640625,203.09760739275467,200.50558552045922,202.52051798344866,23434800
2024-03-27,205.0538787841797,205.12235461615904,201.65001204041985,202.2760106935824,35028400
2024-03-28,205.69943237304688,207.24486972483015,205.24948887063533,205.4842439490654,37675100
2024-04-01,203.7627410888672,206.18848374231078,203.4106159516751,206.15914122462675,25684200
2024-04-02,200.0165557861328,201.37614737004324,198.95038942358116,201.24898649079722,36632100
2024-04-03,201.3272247314453,201.8847475397388,198.83300604174963,198.93082439231998,27362800
2024-04-04,199.31228637695312,203.98771684073637,198.7645394493946,203.49865495184704,32265200
2024-04-05,199.97740173339844,201.2000564455432,198.44175517593646,198.69606198306823,27569400
2024-04-08,201.07290649414062,201.9043027268266,200.10455860844098,201.47392588873785,21331000
2024-04-09,201.86520385742188,202.44229334383337,199.9969837319351,201.70870046026388,23289100
2024-04-10,196.53439331054688,198.4906407646308,195.1748019269579,196.77892424230737,57130500
2024-04-11,197.86465454101562,198.47110143866777,195.7225759819201,197.55166268979463,37184000
2024-04-12,194.34339904785156,197.4929585348933,193.3554845654358,196.82782666232774,35388700
2024-04-15,191.49708557128906,195.84973370543352,190.7145835086935,195.00854660001573,41119300
2024-04-16,190.79281616210938,191.94700994734552,189.13000877319465,190.15704169501916,43267500
2024-04-17,188.77789306640625,192.3186964401541,188.76811720141802,192.17198384040725,38589500
2024-04-18,188.62136840820312,191.37968437230057,187.94646067549914,189.46255537686585,40238200
2024-04-19,188.91482543945312,190.13748015906359,187.15419965821718,187.74107989362395,42666500
2024-04-22,191.02755737304688,192.00568105142912,188.68005158993978,189.96140614560613,31553000
2024-04-23,194.22607421875,194.95966715973339,190.86132554144177,190.98847150222133,31838300
2024-04-24,193.35552978515625,194.55863295550645,192.16223233100652,193.83481588005088,28791700
2024-04-25,192.18174743652344,192.5240967140568,189.53104047042,191.16450531825498,31915600
2024-04-26,194.0206298828125,194.53903428228767,192.12306739794835,192.69038097048391,24613600
2024-04-29,195.58563232421875,196.02578502831352,194.5292568794009,194.8911578922146,20494600
2024-04-30,191.61444091796875,194.30428129031125,191.46772832219833,193.77610102055345,30606800
2024-05-01,192.0155029296875,195.93778937192343,190.76350551532903,191.59491681118595,38782100
2024-05-02,195.54647827148438,195.74210001644235,192.24041555925953,194.43141790774322,27201000
2024-05-03,197.48318481445312,199.69375410479307,196.72024946158774,198.96016127126987,30880600
2024-05-06,200.03610229492188,200.3001999122354,198.93083249836042,199.0188600624698,23129800
2024-05-07,200.4860076904297,201.6401864446982,200.0262883764461,200.2903859435177,20116900
2024-05-08,199.32205200195312,199.4981220338999,198.1287398603685,198.28524323876928,18349400
2024-05-09,201.35655212402344,201.48371298521454,198.96015196493582,199.50789886701483,22914300
2024-05-10,199.8404541015625,202.09991749835729,199.22423138426086,201.83583484092813,21520200
2024-05-13,200.2610626220703,202.031464227532,200.12412589360875,201.57174486948588,18585300
2024-05-14,202.33470153808594,203.19545530773962,201.40548685947465,202.59879915831797,33169000
2024-05-15,204.85824584960938,205.18102848639785,203.1758717624003,204.63328156032688,33412300
2024-05-16,203.38128662109375,204.77023563338062,203.38128662109375,204.3300679573113,26731100
2024-05-17,203.52801513671875,203.95839202429408,202.8139888959609,203.45953930233824,35219800
2024-05-20,203.97792053222656,204.89735924646007,203.23455185422145,203.46930692753128,15695900
2024-05-21,203.78228759765625,204.12463686184591,203.04869482437826,203.28344988482115,13466800
2024-05-22,202.06080627441406,203.66492862906927,201.29787094262585,202.9900208528757,20853100
2024-05-23,198.74496459960938,203.07804559250206,197.92334424215102,202.97045138438367,34039800
2024-05-24,200.9457550048828,201.18049516389365,199.4981359660388,200.30996558259753,19946100
2024-05-28,200.671875,202.55964670048775,199.50790533286713,202.44227662480517,18475900
2024-05-29,197.70816040039062,198.56889916026932,197.36581111437,198.09940393442784,25654800
2024-05-30,199.58616638183594,200.45669597558972,198.63738509229717,199.06776195662215,20428200
2024-05-31,201.26853942871094,201.76737719600584,198.6373840066378,200.4664707450372,25784900
2024-06-03,200.13389587402344,203.01935787640377,198.70582866921015,202.99001535866643,23902900
2024-06-04,197.5516357421875,200.02628739468548,197.23862900867852,198.70581449079114,27098900
2024-06-05,200.57406616210938,200.57406616210938,197.3755971232733,198.85257362889018,20707600
2024-06-06,199.1361846923828,200.32949670564923,198.54931947396162,199.71327404757403,17335500
2024-06-07,196.79849243164062,198.72539738294932,196.2898639106141,197.12127505508147,26036000
2024-06-10,197.47341918945312,197.70817428134794,194.65641778665622,195.15527049130955,25075300
2024-06-11,196.798583984375,197.17131336571543,194.62108648633375,195.8177297948662,23768400
2024-06-12,199.8196258544922,203.30166138038078,199.21150101841485,201.9284564720589,43668700
2024-06-13,198.0736846923828,199.64304231473415,196.67105550888624,199.3782224765747,28021100
2024-06-14,194.92514038085938,196.21005691835862,194.1502721902995,195.7392511186089,33453700
2024-06-17,196.56317138671875,197.10264417822856,193.63042697162834,194.326825057048,25538100
2024-06-18,196.90647888183594,197.82848421622018,196.2002626668458,196.62203775171497,25446900
2024-06-20,196.07272338867188,197.99520395886654,195.40574980240044,196.48469527036355,27999700
2024-06-21,196.51414489746094,196.57299375477965,194.66033105868527,196.10217296293538,37511300
2024-06-24,197.36746215820312,198.8093188749289,196.69067043810992,196.84761068527706,22289600
2024-06-25,196.72012329101562,197.3086418196144,195.99430073461141,197.27921738984924,15925400
2024-06-26,196.2002410888672,196.73971382802148,195.003597909887,195.51364622387337,19313500
2024-06-27,198.19140625,198.2796795400099,196.13162131652848,196.788791864349,17432600
2024-06-28,199.00550842285156,200.72200327615954,197.46557510854046,199.97655947071598,35026000
2024-07-01,197.33807373046875,199.9177252597593,196.64166061078078,199.62346598430454,21886200
2024-07-02,198.01483154296875,198.39736404532292,197.05358374390778,197.66172346643827,17219100
2024-07-03,197.96578979492188,199.38802528248468,197.7696219633005,198.37774673132066,15167200
2024-07-05,197.024169921875,197.7696286605852,196.05313388413973,197.3576717102359,17282500
2024-07-08,198.40719604492188,199.80000728078093,197.9756177812321,198.6327883312513,20823800
2024-07-09,197.54400634765625,198.64257309803594,196.69066808469458,198.05405466152376,17864200
2024-07-10,199.47630310058594,199.69209221027336,197.63230748141132,198.41697882575122,19286100
2024-07-11,206.64634704589844,207.1858198267085,202.9779620696834,203.91957368105489,65443600
2024-07-12,209.05926513671875,210.82480570311614,208.58845930789528,208.84347601378977,50810700
2024-07-15,213.03172302246094,214.06162291094753,210.19705502397994,210.67766399639913,48925300
2024-07-16,220.2998504638672,220.55486715763783,214.82668245156137,214.94438016150986,67945700
2024-07-17,217.99485778808594,222.30080736125217,217.4161573706553,218.102752354611,66092100
2024-07-18,213.7771759033203,220.47641207355122,212.82574610525552,217.1709381160021,53180000
2024-07-19,212.68841552734375,214.46375918786381,211.71737947360458,213.46329870623237,37933500
2024-07-22,216.07235717773438,216.4254652754002,211.25637460769204,213.5123272113188,36185900
2024-07-23,218.36758422851562,219.46613618792784,214.84630613245687,215.0130645238979,44884600
2024-07-24,213.6790771484375,219.5740050525371,213.5515613228425,216.83742862872043,42443000
2024-07-25,216.34701538085938,219.7309593353433,214.02238077851968,214.26759432546268,45053100
2024-07-26,219.92713928222656,221.07473694907478,217.4553824023584,219.61325874087595,40822600
2024-07-29,217.48480224609375,221.10415671648744,216.543190575194,220.40775860085392,33869700
2024-07-30,218.30873107910156,220.16254495750695,216.87667733159452,218.4558532255434,26876800
2024-07-31,219.5740203857422,224.2526990800412,217.73000971238173,219.42689824335588,52387700
2024-08-01,212.43341064453125,220.5843068902375,210.9425080262691,219.48575494343794,71508100
2024-08-02,204.92005920410156,207.14660244545317,203.02701776790187,204.85140719224356,66850200
2024-08-05,198.32870483398438,200.82008273994228,192.93400704441845,194.1110290233581,65683100
2024-08-06,200.48658752441406,203.28202791178987,197.34785715553488,199.1232008188706,37072500
2024-08-07,198.11293029785156,203.97844928376605,197.7009733232523,203.87055472137237,30594500
2024-08-08,202.9289093017578,203.0368038541626,199.28013075980058,200.50619841592476,26550300
2024-08-09,202.5071563720703,203.15450874274117,201.01625385884867,203.0858567342269,20954500
2024-08-12,200.68276977539062,203.0171925297285,199.91770471780933,202.6542812750583,20357900
2024-08-13,203.98826599121094,204.39041983836594,200.93780857901916,202.14425515383562,25458300
2024-08-14,202.72291564941406,204.75329079481844,201.80092537901493,204.63559309362827,25345600
2024-08-15,207.98031616210938,209.0200341769919,205.89110691171754,207.2152510901382,42561600
2024-08-16,208.52960205078125,209.88317062495946,207.23486736535784,207.32314064846028,30427400
2024-08-19,211.079833984375,211.0896521056404,208.74541102039964,208.88273001828054,17246200
2024-08-20,208.6178741455078,210.83459916400756,207.99012808038816,210.77575030894116,21703900
2024-08-21,211.33485412597656,211.53102197414032,208.74539961693188,210.17743837850986,19623100
2024-08-22,209.47122192382812,212.2274198491447,209.0494617990675,211.44274845734375,18084300
2024-08-23,216.16064453125,216.84723944979717,210.6776584031846,211.06019092684994,40003100
2024-08-26,216.2292938232422,218.19100211824397,215.86638257799373,217.68095377088247,24865500
2024-08-27,214.5520477294922,215.16997568271603,213.54176912609364,214.7187911433238,19577900
2024-08-28,213.1003875732422,214.92477706497584,212.12935145074795,213.69870926049484,19685000
2024-08-29,214.62069702148438,216.7491487592971,212.9924755188324,214.59127259392474,24599500
2024-08-30,215.8663787841797,216.27833572289242,213.23768193242,215.50346754530935,23010500
2024-09-03,209.26522827148438,215.16995917890532,208.83365007271829,213.95370967326903,31338500
2024-09-04,208.91213989257812,211.2465626938998,207.64682960266413,208.6865326522696,23706300
2024-09-05,207.87240600585938,209.93220563994234,206.88174873485252,209.45158173421737,23910500
2024-09-06,203.91957092285156,209.10829773539683,203.17412716004475,207.87241193304908,34561300
2024-09-09,204.48849487304688,206.23441428360735,203.54688315123704,204.1648111665971,23584100
2024-09-10,204.32171630859375,204.86118905991242,201.8499597722356,204.7238700838173,23025700
2024-09-11,204.92005920410156,205.2437428885256,200.3002442687935,203.49782359676982,27175600
2024-09-12,207.55853271484375,208.70613019381406,204.41980264843198,205.8910837701855,27611700
2024-09-13,212.67861938476562,213.0905763554851,209.84395132673484,209.93222461332172,37388100
2024-09-16,213.44366455078125,214.11063816495042,212.0018078044876,213.46328582374093,23289000
2024-09-17,215.20924377441406,217.5534849333525,214.28723834537865,215.3759872080366,35563500
2024-09-18,215.2484588623047,220.63335400006977,214.07143677371693,215.032669733288,54085200
2024-09-19,219.68190002441406,220.37829807327134,217.25918913336048,220.35869176671636,35369500
2024-09-20,217.327880859375,219.18169477190858,217.05322790321452,219.1718766508666,34587500
2024-09-23,216.53335571289062,218.83836894083876,215.8075332240745,218.4264119958399,20157700
2024-09-24,216.8962860107422,217.68095736839356,215.29748893456627,217.3867130925977,20939800
2024-09-25,214.25074768066406,217.12461319541637,214.10310849964594,216.83920147379607,23242300
2024-09-26,215.39242553710938,217.63640293531932,214.92984979980386,217.00651480630808,24974700
2024-09-27,216.8490447998047,219.08318565254282,216.06168086312377,217.37067021659072,23959600
2024-09-30,217.40017700195312,218.08911475771018,215.1266748990965,215.95340020600497,21938200
2024-10-01,214.44760131835938,216.85889128237594,212.88272499672576,216.69157887858984,30016000
2024-10-02,214.15231323242188,215.29399010994265,212.79412592971866,213.56180158446477,14455400
2024-10-03,212.71542358398438,213.798035961666,211.68200925523237,212.81383469956302,21353000
2024-10-04,215.68768310546875,216.50457188894754,213.8570683055843,215.82547067028938,27901500
2024-10-07,213.994873046875,215.20545141109378,212.45952148200377,215.18576318090535,14891800
2024-10-08,214.1425018310547,214.92001418190748,213.2763999575225,214.1917148952724,18118600
2024-10-09,214.61489868164062,216.1404134557103,213.49290998015587,214.09327327765232,18230700
2024-10-10,213.4240264892578,213.4535513224932,211.20957389029593,212.4890233777441,24571400
2024-10-11,217.7643585205078,218.10883495774277,213.28625494276696,213.3453046136715,19950900
2024-10-14,219.3686065673828,219.58513203447836,216.947464988823,217.95135442556426,19263300
2024-10-15,219.5457763671875,221.93737815610737,218.47298560919705,219.05367575043337,25998800
2024-10-16,223.1577911376953,223.5809904558925,220.84491225211877,221.33701286456323,27656700
2024-10-17,222.54757690429688,223.37431734941183,221.35670182815429,223.3251042844604,18003600
2024-10-18,222.08499145507812,223.4431938964572,221.8291045532796,223.0790442635673,20047400
2024-10-21,218.5911102294922,222.12438921937917,218.03010829155505,222.06533954543204,24243800
2024-10-22,217.7643585205078,218.32536042953865,216.8195337505976,217.97104738639257,15813900
2024-10-23,215.77626037597656,217.31161173045146,213.93579405741008,216.55377265810054,23263500
2024-10-24,216.24867248535156,217.54781016173288,215.07747074323095,216.94744687449952,18381900
2024-10-25,215.43179321289062,218.46313461456856,215.06764358614672,217.81355823898372,23807800
2024-10-28,218.9453887939453,219.44732596113056,216.9966597544129,217.30175970021475,19877700
2024-10-29,218.23678588867188,218.39424667181936,216.49474550866927,217.25258465983498,20282200
2024-10-30,217.94151306152344,220.93347805959087,217.41003601108596,217.57736342832175,19754800
2024-10-31,214.31964111328125,218.26629741154142,214.19170517338446,217.72498376515335,24078400
2024-11-01,215.52037048339844,217.47893624063022,214.89048232805388,216.03215930265284,21222200
2024-11-04,216.6128387451172,218.23677973755784,214.39838604264966,215.0479624396259,20463700
2024-11-05,220.68743896484375,220.74648863617446,215.59912037635374,215.8746955210431,26404600
2024-11-06,233.4722137451172,233.8265267837137,229.07283310659346,232.85216217314363,75554600
2024-11-07,232.64549255371094,234.72215775865172,231.6809645314047,233.147429776791,34970300
2024-11-08,234.35797119140625,234.70244759828742,231.9269931685846,232.2025682870025,26597800
2024-11-11,237.8814239501953,238.56052517221966,236.06066076444893,236.7200737577675,29207700
2024-11-12,233.70843505859375,237.97001324867736,232.82264492438048,236.16893817965413,35314300
2024-11-13,231.39552307128906,236.09016656077483,231.11994796250372,235.17485172124574,25947700
2024-11-14,228.27561950683594,232.6946731049341,227.55715686482824,232.2222607529842,29272100
2024-11-15,224.8702850341797,228.62008918772221,224.21087203505317,228.55120291322285,37930000
2024-11-18,225.3131866455078,226.95681596094013,224.5258376537723,225.5986134200734,29368500
2024-11-19,226.98631286621094,227.17331348493917,222.82313124698467,223.01013186571294,26009400
2024-11-20,227.2815704345703,227.2815704345703,224.4372296357706,226.5926326147036,24222700
2024-11-21,230.7361297607422,231.84828191291624,227.4587379905993,228.4921522453194,28679400
2024-11-22,234.9977264404297,235.46030220921605,231.61207188493728,231.91717185632433,22693100
2024-11-25,238.5703582763672,241.1095991042826,237.57632049823133,237.6747466225972,33534000
2024-11-26,236.8184814453125,237.79284601297633,235.6472796465892,237.36963169936627,22581400
2024-11-27,237.14328002929688,239.83999676794366,236.64134281543596,238.18653091558747,19472800
2024-11-29,238.04872131347656,239.63328572553775,237.72393314007948,238.54082187600838,16782700
2024-12-02,237.9306182861328,238.82624490027274,236.21810294876033,238.41288223629672,25274800
2024-12-03,236.23779296875,238.31445792682672,235.58821662712205,237.72393124939822,21376700
2024-12-04,237.084228515625,237.85190425684,235.4307776938446,236.4838651777293,19903000
2024-12-05,234.31861877441406,237.054696853839,233.98399397741233,236.72007205683727,20227000
2024-12-06,235.15518188476562,236.10002163000584,234.61388324727952,236.00159550443476,20760900
2024-12-09,233.97413635253906,237.5664795786027,233.89539845801988,236.74959081789865,16684300
2024-12-10,232.96041870117188,235.0469354363044,232.1927429742848,233.82652055415966,19946500
2024-12-11,234.01351928710938,235.5094942712352,233.08836777304418,234.93867080117454,23156900
2024-12-12,230.97232055664062,233.89539919739025,230.64754739008433,233.41315024129776,21454500
2024-12-13,229.38775634765625,231.149469699354,228.2165546421417,230.66720575657834,23972900
2024-12-16,230.7361297607422,231.9073315815771,228.6791528745577,229.23030313901685,32293500
2024-12-17,228.09458923339844,230.43406664546058,227.58128089753913,229.67397748344092,33064300
2024-12-18,217.99632263183594,230.0787181704625,216.1010475583409,229.24953814999105,52267500
2024-12-19,217.02894592285156,221.5400919161319,216.5057717388623,220.37529356304105,51871700
2024-12-20,219.06240844726562,221.7671318045284,215.26199264921004,215.78516681118214,53882200
2024-12-23,218.55899047851562,219.53623298169896,216.5551312285387,218.88474300034588,29606800
2024-12-24,220.5134735107422,220.75038852530804,217.6409410911443,219.16111940890602,13399600
2024-12-26,222.77398681640625,223.22807017752072,218.6182060146134,219.55597016957495,20024800
2024-12-27,219.5263671875,222.53709649952296,217.364564582108,221.40189557869732,26956000
2024-12-30,217.83836364746094,218.95381780169035,215.04481795003855,217.82849783684438,25706100
2024-12-31,218.11476135253906,220.40487947489348,217.31517886255148,219.2598128825635,26208300
2025-01-02,218.2924346923828,221.48083856936816,216.7722715162605,220.05937868076757,29363000
2025-01-03,221.54010009765625,221.92509268810392,218.52938574127762,219.21050330544205,24525300
2025-01-06,221.62890625,224.24477671887047,221.25379461208468,222.85292938457874,23541900
2025-01-07,219.85211181640625,223.60318352644038,218.5293701537948,222.67528517549275,28835200
2025-01-08,218.8551025390625,219.4473674520964,216.1898577123409,218.05552005366275,26795900
2025-01-10,214.0379638671875,215.893760637835,212.53753211512557,215.49890224923584,37379400
2025-01-13,214.45254516601562,214.71907268470352,211.21478182257886,211.73795598669898,28603800
2025-01-14,216.89073181152344,217.39415927007508,214.42292357141628,216.35767679676886,25447500
2025-01-15,221.1551055908203,222.67528396329504,220.12850394869875,222.53708729873432,30124700
2025-01-16,221.59933471679688,222.32979638378373,219.842256291758,221.2637013176409,21029800
2025-01-17,222.55682373046875,224.04737447687387,221.77698789598801,224.00788111035772,26754900
2025-01-21,226.8310546875,226.92977304164256,224.0671215191815,224.59029565906366,26086300
2025-01-22,225.3503875732422,226.89031268321324,224.8963192578066,226.39675099807448,21307300
2025-01-23,226.3769989013672,226.39674558574671,223.6327972025842,224.00789383195348,20850700
2025-01-24,225.74522399902344,227.2653872139594,225.1035848333751,225.87355484461426,19074500
2025-01-27,223.58343505859375,226.6632550394627,222.310052585675,223.79073758606305,27461700
2025-01-28,223.83021545410156,224.62978294277778,222.28042459348677,223.82034964321537,16847400
2025-01-29,223.31690979003906,225.28129066610035,221.68816229813226,223.76111228216757,20280500
2025-01-30,225.58729553222656,227.08772722545493,223.99802635341211,225.5774297212637,25575100
2025-01-31,223.56369018554688,227.35425526460043,222.63579183448448,225.804464388399,35330700
2025-02-03,220.94781494140625,222.64566826000538,217.82850162934676,218.65768160476313,34023300
2025-02-04,224.00790405273438,224.20534078092413,220.33581889286518,220.720796413143,17985500
2025-02-05,226.4460906982422,226.54480905826662,223.9684165096215,225.12334902283388,15197300
2025-02-06,225.7057342529297,227.7293400100644,224.37312684869906,227.54178417497934,18809400
2025-02-07,223.0898895263672,226.29804059256494,222.67529950375086,225.9031972554945,28914400
2025-02-10,224.0967559814453,224.59031767593038,222.95168923528612,224.4422401302003,14574700
2025-02-11,222.79373168945312,223.50446168923332,221.91519253171188,222.15210755240747,18215700
2025-02-12,220.74050903320312,221.58943567949154,218.93407157439262,219.39802073354483,25572800
2025-02-13,223.22805786132812,223.42547950480028,220.86883382541703,222.1422162287724,21419400
2025-02-14,223.06027221679688,225.0443847955776,222.70490719617717,224.34353562805182,13574500
2025-02-18,224.28431701660156,224.7383853511252,222.6061951667393,223.23795354778238,15166500
2025-02-19,223.5143280029297,224.2250580043089,222.1817205470737,222.50747305289804,16194800
2025-02-20,221.3722686767578,223.27742450260862,220.13836453592134,223.09973447392886,18507700
2025-02-21,214.99545288085938,223.4452257274262,214.65983458141767,223.0898607449862,45036900
2025-02-24,213.4456787109375,215.97271208830898,212.37958368067632,215.97271208830898,30246200
2025-02-25,212.63623046875,214.47228038161808,210.74095556874195,213.58386038760102,33665100
2025-02-26,212.9027557373047,215.5976133129728,212.0735757427792,213.27786742819774,25464200
2025-02-27,209.65512084960938,213.7023324772139,209.4873116930725,212.8632716322231,29378500
2025-02-28,211.88601684570312,211.8958977188834,208.24354440886015,208.9147810436258,32015400
2025-03-03,206.09161376953125,213.179167322388,204.74912539826158,212.62636558878876,36330000
2025-03-04,203.7620086669922,207.0688780534571,200.57360432987707,203.278312782724,56427100
2025-03-05,205.7855987548828,206.15082956162226,202.18260467879742,203.7916054404408,35778500
2025-03-06,202.63668823242188,205.44011504421317,201.27445313469886,203.13024992727136,39206300
2025-03-07,203.2980499267578,204.4431166221169,199.13238820512598,202.33067326593022,43514000
2025-03-10,198.18475341796875,202.10363420818052,196.19076009166673,200.8203708781385,39442800
2025-03-11,198.16502380371094,200.60321982212105,195.9736086368621,198.53025464408313,51509700
2025-03-12,198.51051330566406,201.12638417926914,196.98046908840328,200.435400841176,36881700
2025-03-13,195.5491485595703,199.42853623204113,194.4633068113353,198.6783278820017,31336900
2025-03-14,200.27743530273438,200.45512531987833,196.77314475779977,197.6615647189087,34089400
2025-03-17,202.8044891357422,203.36715667484629,199.99119662714253,200.0997807980763,26947600
2025-03-18,201.04348754882812,201.7459094451069,200.19265581669472,201.6766635985943,22888000
2025-03-19,204.16976928710938,205.46580022975144,200.7367636883321,201.18197806377356,31595600
2025-03-20,202.87374877929688,205.0898724362503,202.02291707222707,202.1416479566348,25665900
2025-03-21,201.61727905273438,202.24056711616862,199.60892317734283,200.5586947456185,39470200
2025-03-24,206.63320922851562,206.99925958875653,204.48634681178274,204.75347239428285,25774700
2025-03-25,205.48558044433594,207.0388489617127,204.88208342300126,206.46503088436938,17836900
2025-03-26,203.39808654785156,206.59366058282515,202.49778494309655,205.7428289193623,19344600
2025-03-27,202.4285430908203,204.14999744740373,201.5875993606033,203.1408679903647,23960000
2025-03-28,198.31288146972656,202.3988539379929,197.2542972199104,202.35927194773265,26656200
2025-03-31,197.36314392089844,198.50087716391937,193.40578989841512,195.37456386309174,32250800
2025-04-01,197.3828887939453,199.08455196380652,194.56328355382212,196.8684437210888,26054100
2025-04-02,200.49932861328125,201.16218354577023,194.44456719358118,194.68201384991858,36603000
2025-04-03,187.62803649902344,192.98036129333983,187.18283720270645,191.05115427856148,60551500
2025-04-04,179.2582244873047,182.08773287372915,174.7864107578557,180.66308318320694,92612800
2025-04-07,177.63572692871094,188.22164563508983,169.89909277658,172.46149091030415,96706200
2025-04-08,172.95614624023438,183.93779341660897,170.5025761403701,183.71024981164217,61090600
2025-04-09,187.65771484375,190.06181518992145,169.90899526861497,170.87854274798968,123015100
2025-04-10,179.77268981933594,183.50248477027858,175.0931082527236,182.55272834682125,67503000
2025-04-11,182.39443969726562,182.87922097887963,176.67606458709795,179.20876863776098,44954400
2025-04-14,184.54129028320312,185.96593999256433,181.09839688298416,185.80764222572287,35214600
2025-04-15,184.7688446044922,187.03443812250947,183.8586550365221,184.35332426451282,30715500
2025-04-16,182.99795532226562,184.7391857596548,180.61364576085214,183.72016824680492,35063300
2025-04-17,184.4918212890625,185.4316897533257,182.49336858284985,183.0177167291053,42359200
2025-04-21,180.7917022705078,183.31450308041082,178.84270444047755,183.02760159047446,26019000
2025-04-22,185.47128295898438,186.09457102174005,182.58241645711354,183.17601047754604,34477100
2025-04-23,188.22164916992188,193.42556423274127,187.8160167628368,190.86318114700234,44866100
2025-04-24,191.99102783203125,192.2977203531515,187.86548807842095,188.72620774686908,29820100
2025-04-25,192.05038452148438,192.18889130744697,189.5077924300052,190.66531666185844,25029000
2025-04-28,192.8616485595703,194.0587396842588,190.47733916443363,192.42633720655363,22482300
2025-04-29,193.99935913085938,194.76115390966106,190.9521951117583,192.39663578750253,20118200
2025-04-30,192.78248596191406,193.39587095422277,188.68662548917814,191.0808226644386,29046100
2025-05-01,193.97959899902344,195.56253147654894,191.67443857687076,193.6234365497615,33169700
2025-05-02,198.3425750732422,199.06480303586073,196.06709354050142,196.2155033707866,30201800
2025-05-05,196.81900024414062,198.36236586240614,195.96816854482665,196.45294983614636,20834200
2025-05-06,194.672119140625,196.47270715964913,193.5541619296684,194.4940303805292,24642100
2025-05-07,195.31520080566406,196.4430460684169,193.94990887323956,195.98795882168017,23623300
2025-05-08,199.0351104736328,200.5784912011014,196.14624388998868,197.64015467366085,32646300
2025-05-09,198.66905212402344,200.12338085610278,197.82812349751595,199.39126496704912,17203000
2025-05-12,205.65377807617188,207.49394819080115,203.62564633740706,206.61343757711927,38207200
2025-05-13,206.4056854248047,207.375232877817,205.74283047557435,206.7024748825894,28295800
2025-05-14,204.57540893554688,206.31663921935478,204.32807431645503,205.82196998117112,26316100
2025-05-15,205.91102600097656,205.97038389535874,203.20023308736762,204.3775483129719,21563700
2025-05-16,207.61268615722656,207.8896997240591,205.56474825659961,206.1979242802322,28906400
2025-05-19,206.7420654296875,206.86078121771402,204.06095147993213,204.5952027182662,25859600
2025-05-20,206.8508758544922,207.5236187248201,205.74282166990216,206.43535553527093,22053100
2025-05-21,201.04348754882812,205.39657100395706,200.67742203060627,204.4270234800262,36704400
2025-05-22,201.03355407714844,202.19107816031436,199.38136080821388,200.1332525359842,31831300
2025-05-23,200.40040588378906,201.0929398205777,197.52142720073817,197.6500460376088,29114600
2025-05-27,205.48558044433594,205.53505038302353,201.98332918839913,203.4475457776959,31655900
2025-05-28,203.31893920898438,205.81207632724664,203.01224670518715,205.49549587355833,26046700
2025-05-29,203.92242431640625,204.8524048192969,202.2900220097447,204.74357699244575,32749500
2025-05-30,202.88363647460938,204.05104856085077,201.36993480777662,202.95288231384268,37768900
2025-06-02,203.51681518554688,203.64541891616273,200.50921790293182,203.13097380148645,30334300
2025-06-03,206.80142211914062,207.37524025143875,203.35852842145914,204.25883006503588,37702200
2025-06-04,206.21771240234375,207.77096594499687,205.9209078431296,206.94981320615076,27225300
2025-06-05,206.30674743652344,207.59289045112905,204.79306080349053,206.47493316284857,35728700
2025-06-06,209.64080810546875,209.86836681446297,208.35468021828086,209.2450787703504,32144500
2025-06-09,211.0852508544922,211.99544041074435,210.2838891308412,211.5898080259485,33984400
2025-06-10,212.22299194335938,213.13318153356872,211.53045802647262,212.1735370962374,30182200
2025-06-11,211.3523712158203,213.6278375019258,211.02588772611938,213.28157811304752,31113400
2025-06-12,210.51144409179688,210.9962253897133,209.373710859188,209.90794700504682,25367000
2025-06-13,206.6629180908203,209.18573427807948,206.00006310918252,207.60278664400502,60580000
2025-06-16,209.0994415283203,210.27008158388728,207.97839306254846,208.8117315906993,28974000
2025-06-17,206.89703369140625,208.78196821771664,206.71845250148286,207.40298597680172,32843200
2025-06-18,207.98831176757812,209.71452600810034,206.1331381984843,206.78791068328735,42850500
2025-06-20,207.5518035888672,209.5756278432449,206.80774810540004,209.43673809184492,36978100
2025-06-23,210.09152221679688,210.1014375075019,205.1708283522343,206.8275901708797,35516400
2025-06-24,212.77011108398438,213.22645664484415,210.67683434739413,211.599455897294,31772500
2025-06-25,210.28994750976562,213.0280665673084,210.21057976547968,212.95862925221405,27725600
2025-06-26,213.70266723632812,213.84155699293507,211.0141399946212,211.14311446070195,26261200
2025-06-27,213.7720947265625,215.6868053595331,212.43280395033756,214.33758415539003,47717300
2025-06-30,214.07965087890625,214.9923723189228,213.6828273172153,214.96259617083987,25558000
2025-07-01,216.2820587158203,218.78208956648587,212.4526522680119,212.9189282836715,43864800
2025-07-02,219.27810668945312,219.34755913298505,215.63719706413278,216.63918631649156,35735200
2025-07-03,221.31185913085938,221.55987761897387,220.012244675195,220.25033273556272,23515700
2025-07-07,217.98841857910156,221.05393878320933,216.67888875397574,219.8138462672938,41551200
2025-07-08,219.4963836669922,220.52813401882995,218.58367735709953,218.83169586971758,36339300
2025-07-09,221.87734985351562,221.91704129174954,219.36740377883413,220.80592322677228,32425200
2025-07-10,223.0182342529297,224.2583267308287,221.0936083051748,221.61940630477616,33865900
2025-07-11,219.94281005859375,221.76822264598167,219.8138507280582,221.40116009793311,31579600
2025-07-14,221.42100524902344,221.569810298432,219.30788272033183,219.61542324767507,24632200
2025-07-15,217.0856475830078,222.45275660705258,217.05587143514026,222.29403626623335,44215400
2025-07-16,219.26820373535156,219.61542055900344,215.19077891514368,218.47454149324295,48199800
2025-07-17,222.1452178955078,222.42299741652428,218.960668694623,219.32773124642722,43548000
2025-07-18,220.56781005859375,223.57379301062724,220.2205781100318,223.5043405657758,49009900
2025-07-21,219.67494201660156,222.63133348245407,219.49637595995378,221.7682187951121,28191400
2025-07-22,221.5003662109375,222.0360795102659,218.9110524655131,219.86343502828535,30873300
2025-07-23,224.88333129882812,224.91310744621026,222.29403264228537,223.0380881563305,37478100
2025-07-24,221.7781524658203,224.05992576271663,221.70870001754315,223.73253951622797,29446700
2025-07-25,222.60157775878906,222.81983525843995,220.77615002190456,222.64125405970353,24555500
2025-07-28,222.34364318847656,223.65318827100614,221.65910963514057,223.53414422272144,24934900
2025-07-29,220.9249725341797,223.90119468306995,220.29996103880117,223.82182694255772,28685900
2025-07-30,219.80392456054688,223.14720927200207,218.37533550347146,221.88728612509,48924400
2025-07-31,217.651123046875,220.2602826163878,217.14517073606143,218.71264953592416,42913900
2025-08-01,213.21653747558594,214.84353819353697,210.65698479652008,214.50623667419472,63854100
2025-08-04,217.98841857910156,217.99834900745165,214.3673544877674,214.8336304847795,34989600
2025-08-05,219.0995635986328,219.50630246105274,216.5102496800624,218.81185364220892,31337100
2025-08-06,218.8118438720703,219.2384435732149,217.64120379226782,219.19875213513959,23142100
2025-08-07,218.09754943847656,221.07377150550113,216.77808917222055,220.99440376717203,37088000
2025-08-08,218.57376098632812,219.81385354329163,217.99835622335522,219.31781652050623,28318100
2025-08-11,218.52413940429688,219.92295220871526,218.06777871369786,219.0201763933687,25212800
2025-08-12,225.01231384277344,225.18096461546935,219.39717106212598,220.0916350104429,43815500
2025-08-13,229.38735961914062,229.6254628372028,226.02422924548537,226.45081381443396,41705800
2025-08-14,226.4309844970703,226.98654353780185,224.37738396667146,226.62939627763893,55945500
2025-08-15,225.32977294921875,226.96668899760365,224.24840078212628,226.82779924281857,33571400
2025-08-18,226.1531982421875,226.64923524776202,225.14127851221804,225.40914273382572,20144100
2025-08-19,224.4170684814453,227.1651025901236,223.9011857576049,226.21272001763919,25000700
2025-08-20,223.62339782714844,224.58571079172862,221.91702938301742,224.13926539372014,29229700
2025-08-21,224.17897033691406,224.5262023034313,222.0063257836653,222.63133726825694,24539400
2025-08-22,232.96875,233.55407005395904,225.37937446665228,225.56787095741672,58205500
2025-08-25,230.518310546875,232.44293648970114,230.518310546875,232.28420101985316,28453700
2025-08-26,232.423095703125,233.00841573053046,230.7464882196688,230.98459142949292,25121500
2025-08-27,234.0699462890625,234.2485123461812,231.70880528150497,231.88738647647187,25395400
2025-08-28,234.3477325439453,235.0917880790384,233.48463296734892,235.081872788196,25011200
2025-08-29,233.3060302734375,235.1413731460551,232.51236808155295,234.86359364957258,29254800
2025-09-02,232.04611206054688,232.54214908088824,229.63537940785517,230.15126214760778,33108600
2025-09-03,231.8179168701172,233.39531080930158,230.6175158740764,231.42109334732703,33252400
2025-09-04,234.7147979736328,234.79416571489057,231.72866050582223,232.3735025889995,30323800
2025-09-05,235.8854522705078,237.78030221058842,233.08779616954214,235.83584554019342,47542500
2025-09-08,236.36163330078125,236.66917382236983,234.51637503340186,236.6195670942124,31487700
2025-09-09,234.9727325439453,236.07393528753215,233.554058854747,236.0143981318441,35395800
2025-09-10,234.55606079101562,236.38148855101565,233.59376288763102,235.4290908006744,33910200
2025-09-11,238.8914337158203,239.02039304828537,234.36757848032448,234.97274425494072,43629800
2025-09-12,236.450927734375,238.41524527165404,236.31203797154353,238.29618609076363,46097600
2025-09-15,237.45291137695312,238.1374297021976,236.65924917137048,237.33385220651488,33014000
2025-09-16,237.06192016601562,237.70859131754398,235.54968609963942,237.2310493105571,37059300
2025-09-17,237.66880798339844,243.0312540181507,235.80837216954163,237.5991737132261,79955600
2025-09-18,243.58839416503906,243.89680704129447,238.90247980368525,239.56905299641505,49167700
2025-09-19,241.73788452148438,244.31465600587245,241.2702859421236,244.31465600587245,56092000
2025-09-22,243.14068603515625,243.5386351764631,239.877454497923,241.00168283425543,53572900
2025-09-23,242.59349060058594,245.91641293642488,242.19554146580737,243.75750775963897,41854500
2025-09-24,240.36495971679688,243.35956729173796,240.32515569342962,242.65319009444508,36002200
2025-09-25,238.06675720214844,238.76319098879063,236.33566169342092,237.7583443324688,37209500
2025-09-26,240.1062774658203,240.44453575819483,238.10655795771424,238.39506881161327,28942800
2025-09-29,240.3848419189453,241.68814281456875,239.57898504032542,241.5986065348969,26391500
2025-09-30,240.72311401367188,240.89224315679317,238.17618790929274,239.87745311727886,33447700
2025-10-01,241.25039672851562,241.79757298421202,239.32031157844233,239.34021358907427,28520000
2025-10-02,242.7725830078125,242.8422172763844,240.23561547763484,241.7577929595841,28687400
2025-10-03,244.5733184814453,246.82175989286654,243.77740504652553,244.0957764928079,34579600
2025-10-06,245.54830932617188,247.20977049475755,244.8121019084577,246.4636044811587,31507400
2025-10-07,242.911865234375,246.37407133080848,241.9468226300724,246.09550389665787,31766600
2025-10-08,245.4587860107422,245.69756461278692,242.5537146660734,244.02614476004806,25825000
2025-10-09,243.8769073486328,245.9860651117596,242.7626224334829,245.0508679357961,26243100
2025-10-10,236.5744171142578,245.627904226665,236.34559711880976,244.49373248381895,70569400
2025-10-13,243.1605987548828,243.37947534647657,240.16597592479903,240.59378569229128,36298600
2025-10-14,246.63275146484375,248.32407336265314,239.13130194499462,239.99684972553442,45320800
2025-10-15,249.05032348632812,251.47785271931943,245.79703536304635,249.08016891289878,45369000
2025-10-16,243.80726623535156,249.97556918841522,242.75268731773323,249.68705832975604,52740400
2025-10-17,242.1656951904297,243.90674921535603,240.23561001387122,242.07615891253647,55379500
2025-10-20,246.89141845703125,247.06054760131977,244.88174037531994,245.35928238159258,32545000
2025-10-21,245.7274169921875,247.100352245621,244.25497167576947,246.16515500380586,26337900
2025-10-22,242.09605407714844,245.59806425846776,239.53919968652795,244.77230535652328,46578400
2025-10-23,245.16030883789062,245.85672742928668,242.4343101449555,243.0411924561978,28591000
2025-10-24,248.15492248535156,249.82634232666942,247.69728247721022,248.52304139192023,26627000
2025-10-27,249.02047729492188,250.92071707827967,248.22456383364664,250.49290733076975,31798100
2025-10-28,247.6873321533203,249.61740219154274,246.84167125029907,248.27431245124546,28075900
2025-10-29,245.57815551757812,249.85617704503406,243.43915234424338,247.5679315600426,56235300
2025-10-30,243.5983428955078,246.87151787064127,243.37946631203894,244.01619405100655,44538700
2025-10-31,244.97128295898438,245.52841784410376,242.44427396411083,243.73763147930202,37214700
2025-11-03,244.18531799316406,245.00111827533942,241.25040137109733,244.91158199695184,28887900
2025-11-04,239.9669952392578,242.8123756767865,239.7680206649049,240.5539755468743,34468700
2025-11-05,243.42919921875,244.47383470067655,240.4047462457835,240.7231177065099,38229200
2025-11-06,239.121337890625,243.5386278775759,238.77312101682764,243.0113384497933,40601200
2025-11-07,240.37490844726562,240.42465588718122,235.0622097692863,237.19126964290277,54978900
2025-11-10,242.78253173828125,243.98635296879596,241.0116322083444,243.7575177851394,31238000
2025-11-11,242.99147033691406,243.48891437734937,241.28026162335368,242.12590738362127,27357900
2025-11-12,242.39451599121094,245.12051462440985,242.08610313469302,243.58837857612627,34543200
2025-11-13,235.57952880859375,241.43941866981595,234.6343882208069,240.60371637203306,65710000
2025-11-14,236.26600646972656,237.50961651436373,232.07753634062914,232.14717060911974,58344400
2025-11-17,231.57012939453125,236.6241623430809,230.57524137743374,235.25122720242112,55765900
2025-11-18,232.27651977539062,233.87829018123904,229.7793561755495,230.12755789286345,63092500
2025-11-19,232.2366943359375,235.16166743174745,231.2418063540041,232.60481321218722,57280500
2025-11-20,227.9387969970703,237.877733874726,227.72986383137405,236.02724153302157,95483000
2025-11-21,234.3956298828125,235.89790536829736,228.40639959085433,228.784461906465,99504100
2025-11-24,238.67364501953125,239.16114564524418,234.27624151473154,234.75379872469873,36135300
2025-11-25,243.8769073486328,244.29475849901908,238.81291574482913,239.5093495095928,46160800
2025-11-26,246.0358123779297,247.55798984641424,243.5187468813749,243.79731431477165,34636600
2025-11-28,247.47840881347656,247.53809966908852,245.8070041331926,246.74218617242542,18911800
2025-12-01,244.36439514160156,246.42382066793164,244.08582770530379,244.3146628843094,36920000
2025-12-02,243.9167022705078,246.10545295219046,243.86695483167222,246.10545295219046,31918500
2025-12-03,248.35389709472656,248.56281507415667,244.22510277300714,244.71260335965434,32846300
2025-12-04,250.53271484375,251.36841715837824,247.26946808897856,247.6972778424488,40245800
2025-12-05,249.4880828857422,251.3684207106213,249.00058227159312,250.20440350291395,36956600
2025-12-08,249.58755493164062,251.47785129486618,248.90107976283056,251.4082018460714,29100000
2025-12-09,250.1049041748047,251.65692709080093,248.82150528066526,248.97073241459307,30170100
2025-12-10,253.50741577148438,255.2584284149878,249.2592396448948,249.61739994190353,51105200
2025-12-11,256.4821472167969,256.6910955839816,253.01995596326472,253.338312270169,41345200
2025-12-12,252.55233764648438,256.8801067376986,252.1444299024636,256.6313847251182,57657700
2025-12-15,250.6421356201172,254.3829243511421,250.45311964513996,254.243640633335,43120100
2025-12-16,249.4562530517578,251.71224977749893,248.0287995763503,249.89547419240455,43115300
2025-12-17,246.8009796142578,251.71224130661219,246.26192996644315,249.9254112929038,38132400
2025-12-18,248.26837158203125,250.91365987611826,247.7692594335851,249.73574728530446,39068000
2025-12-19,250.34466552734375,250.95358295969004,248.61774175299533,248.83735231755918,43610400
2025-12-22,253.12973022460938,254.66698900784033,251.75217575985428,251.83203553493956,40497300
2025-12-23,251.63238525390625,252.77036035515005,251.01349105741926,251.9717778628382,24973500
2025-12-24,252.2612762451172,252.41100380141046,250.67408798993623,251.52258476011664,12103000
2025-12-26,250.9735565185547,252.30119669096328,249.95536344804316,252.13150038449373,17429900
2025-12-29,249.43629455566406,251.05341305787886,248.90723689181124,249.81560943454147,25218800
2025-12-30,247.58956909179688,249.7057997095627,247.50970932090274,249.5261266488213,22123600
2025-12-31,245.722900390625,247.83913105872463,245.57315760475174,247.73930253480913,35352000
2026-01-02,248.33824157714844,248.64768867487382,245.42342843203028,247.1902897181618,40007700
2026-01-05,252.28123474121094,253.0997860162791,249.12685738341997,249.34645272641694,37428100
2026-01-06,255.62527465820312,255.79498619928023,251.07338935304213,251.79211209377667,40677800
2026-01-07,255.02635192871094,256.34400014638345,253.51903864802088,255.9447165002269,33052000
2026-01-08,257.8113708496094,258.47020252240264,253.90832553599873,254.24771813167035,37957000
2026-01-09,259.7679138183594,261.09553869903476,257.63169924933896,259.11904366947834,36301500
2026-01-12,261.03564453125,261.19536406878757,257.78142368861864,258.8195854509196,28423400
2026-01-13,260.88592529296875,262.4231992352616,259.99749104900724,261.94404060738924,33882400
2026-01-14,262.72265625,262.99216584448385,259.72798334662684,260.6663166267548,37164300
2026-01-15,265.0385437011719,266.5757871898798,263.2617056653059,263.5911062804896,33465200
2026-01-16,265.2881164550781,266.7455154952865,264.2399625959103,265.39790651257925,33844900
2026-01-20,262.1137390136719,264.60929991337446,260.59644895347304,260.67632396176185,47911500
2026-01-21,267.3144836425781,268.11305086679903,262.4531363609282,264.1700833100514,59952800
2026-01-22,269.3109436035156,271.1177271573394,268.94160548504385,269.3508506420506,35110800
2026-01-23,264.33978271484375,268.57224413095685,263.9903981062369,268.56228260274906,42636700
2026-01-26,263.5112609863281,266.2164403024499,263.0221103655134,264.5993218148539,32119300
2026-01-27,264.25994873046875,264.3896923094651,262.1936169710598,263.58113300593817,26975500
2026-01-28,262.83245849609375,266.20646166458965,262.0937822272714,265.50772289941403,37139100
2026-01-29,262.90234375,264.58934534861123,258.9493838302234,263.6011129845145,43922900
2026-01-30,259.1889343261719,262.51303831651757,257.4819792968363,260.6064262411151,59164200
2026-02-02,261.7144470214844,263.3016200475048,257.8912612488776,258.0210352856685,42896200
2026-02-03,262.3133850097656,264.58933523578645,258.090885178703,262.5928866002107,54588000
2026-02-04,260.0574035644531,264.18007511299356,256.68343076157873,263.6909549168584,48826500
2026-02-05,255.375732421875,261.1554445962914,254.59711866224782,258.0409895577826,48279600
2026-02-06,264.5494079589844,265.2481771938009,259.1190650232475,259.2787845758739,43354900
2026-02-09,266.4060974121094,267.1947031132644,262.8723749750453,264.36971137645025,29064800
2026-02-10,265.6873779296875,268.04317260725713,265.4078763499184,266.75548522013577,24661700
2026-02-11,264.47955322265625,268.48241214355653,261.6346077378051,267.993291961257,41829400
2026-02-12,259.07916259765625,266.98508258145665,257.9312106600573,266.5458614197577,47628200
2026-02-13,262.4930725097656,264.6991703070259,258.05099232938085,260.13727761267194,45360300
2026-02-17,262.57293701171875,263.89056997875,258.59999320062315,261.9141052965086,33734800
2026-02-18,263.521240234375,266.4360687825878,261.38505593532153,262.56295337421034,36034700
2026-02-19,264.1301574707031,264.17009497269345,260.61638841687596,262.10376334797866,31006000
2026-02-20,264.14013671875,266.8553082318626,261.6745517622793,262.38328253736444,47126600
2026-02-23,260.0274353027344,263.90055041833654,257.6416950928997,262.932271639436,44001100
2026-02-24,262.8623962402344,263.67098596408636,259.39855663843406,259.93760629987247,34884200
2026-02-25,264.11016845703125,264.8089376433034,261.96399233260627,264.7789921332282,26012100
2026-02-26,265.5176696777344,265.7672257507315,261.65454654188096,264.53942936815383,41206500
2026-02-27,260.9458312988281,262.2934402656055,259.308728740458,261.6346085382168,40631500
2026-03-02,263.341552734375,263.8107193785221,257.33225335612786,257.3522068755043,53495700
2026-03-03,258.7796630859375,260.65632968253124,252.86020017686482,256.34399330696124,59537000
2026-03-04,261.2951965332031,262.49304738774214,258.36041472133206,260.7361933750741,37979700
2026-03-05,256.3040771484375,260.2969742881813,253.70868791492651,258.5300978072766,60414600
2026-03-06,250.4445037841797,252.85022809660097,249.4961937085378,251.04344448021388,64192000
2026-03-09,253.16964721679688,254.1978170480747,243.95604100615924,247.15035578448328,65369500
2026-03-10,252.9101104736328,257.19248603928344,251.9518084390785,252.51082684439007,55879100
2026-03-11,252.40103149414062,253.9283135220525,250.135057968197,251.89192733037353,50418100
2026-03-12,246.97068786621094,249.36642019196987,246.14215983536485,248.49796988942882,61802900
2026-03-13,246.15213012695312,250.16499613725875,245.1039915500912,248.81738721962282,53933300
2026-03-16,248.47799682617188,251.02347189793113,247.86907937945062,249.3165016024684,48755700
2026-03-17,250.0500030517578,251.7100067138672,248.9600067138672,249.8699951171875,40642800
2026-03-18,246.02000427246094,249.22999572753906,245.8800048828125,248.41000366210938,43192600
2026-03-19,247.6300048828125,250.08999633789062,242.52000427246094,243.02999877929688,59219500
2026-03-20,242.22000122070312,247.5,240.3300018310547,246.97000122070312,76749900
2026-03-23,247.4499969482422,251.36000061035156,246.11000061035156,247.1699981689453,78746600
2026-03-24,248.77999877929688,250.16000366210938,244.60000610351562,245.50999450683594,45210800
2026-03-25,251.82000732421875,253.07000732421875,249.52000427246094,251.74000549316406,45671700
2026-03-26,247.44000244140625,251.86000061035156,247.16000366210938,248.88999938964844,46830200
2026-03-27,243.10000610351562,246.74000549316406,242.41000366210938,246.00999450683594,48114400
2026-03-30,239.61000061035156,245.3699951171875,238.69000244140625,245.35000610351562,51290500
2026-03-31,248.0,248.9199981689453,242.24000549316406,243.0399932861328,58660800
2026-04-01,249.55999755859375,252.44000244140625,249.11000061035156,249.9199981689453,51295900
2026-04-02,251.2899932861328,252.3699951171875,244.8699951171875,244.94000244140625,30369200
2026-04-06,252.36000061035156,253.0500030517578,250.25,250.99000549316406,22151400
2026-04-07,252.91000366210938,253.47999572753906,249.52000427246094,251.2100067138672,34881900
2026-04-08,260.4700012207031,262.2699890136719,258.4100036621094,261.5199890136719,46680200
2026-04-09,261.9599914550781,262.8999938964844,258.7799987792969,258.7799987792969,26758400
2026-04-10,261.29998779296875,262.75,260.3399963378906,262.3999938964844,22365900
2026-04-13,265.07000732421875,265.3599853515625,260.0199890136719,260.239990234375,23820000
2026-04-14,268.7200012207031,269.4200134277344,266.2799987792969,267.0899963378906,24270400
2026-04-15,269.3900146484375,269.5899963378906,267.5899963378906,268.7799987792969,21631500
